Date,Adj Close,Close,Open,High,Low,Volume,Ticker,Lineage,PullDate
2005-10-13,26.728038787841797,144.60000610351562,144.0,145.67999267578125,142.1999969482422,466358,DHT,Tanker,2026-09-22
2005-10-14,26.32879066467285,142.44000244140625,144.0,144.1199951171875,142.1999969482422,30700,DHT,Tanker,2026-09-22
2005-10-17,27.171653747558594,147.0,142.1999969482422,148.8000030517578,142.1999969482422,35267,DHT,Tanker,2026-09-22
2005-10-18,27.016395568847656,146.16000366210938,145.8000030517578,149.39999389648438,144.24000549316406,28442,DHT,Tanker,2026-09-22
2005-10-19,26.92766571044922,145.67999267578125,145.1999969482422,145.8000030517578,143.39999389648438,11800,DHT,Tanker,2026-09-22
2005-10-20,26.683683395385742,144.36000061035156,148.1999969482422,148.1999969482422,143.39999389648438,6567,DHT,Tanker,2026-09-22
2005-10-21,26.395341873168945,142.8000030517578,144.0,144.36000061035156,142.8000030517578,9083,DHT,Tanker,2026-09-22
2005-10-24,26.705862045288086,144.47999572753906,143.0399932861328,144.60000610351562,142.9199981689453,5217,DHT,Tanker,2026-09-22
2005-10-25,26.528417587280273,143.52000427246094,144.47999572753906,144.47999572753906,143.39999389648438,6008,DHT,Tanker,2026-09-22
2005-10-26,26.30660629272461,142.32000732421875,143.52000427246094,144.0,142.1999969482422,3792,DHT,Tanker,2026-09-22
2005-10-27,26.28443717956543,142.1999969482422,142.1999969482422,143.63999938964844,141.1199951171875,5975,DHT,Tanker,2026-09-22
2005-10-28,26.08479118347168,141.1199951171875,141.83999633789062,142.67999267578125,141.0,4058,DHT,Tanker,2026-09-22
2005-10-31,26.240060806274414,141.9600067138672,141.1199951171875,142.1999969482422,141.1199951171875,3992,DHT,Tanker,2026-09-22
2005-11-01,26.151334762573242,141.47999572753906,141.60000610351562,141.72000122070312,141.1199951171875,6317,DHT,Tanker,2026-09-22
2005-11-02,26.21788787841797,141.83999633789062,143.8800048828125,143.8800048828125,141.36000061035156,2958,DHT,Tanker,2026-09-22
2005-11-03,26.50623893737793,143.39999389648438,143.0399932861328,144.36000061035156,141.60000610351562,5458,DHT,Tanker,2026-09-22
2005-11-04,26.572782516479492,143.75999450683594,143.39999389648438,144.0,142.32000732421875,5633,DHT,Tanker,2026-09-22
2005-11-07,26.6614990234375,144.24000549316406,144.0,144.24000549316406,143.75999450683594,7600,DHT,Tanker,2026-09-22
2005-11-08,26.50623893737793,143.39999389648438,144.1199951171875,144.36000061035156,143.39999389648438,10750,DHT,Tanker,2026-09-22
2005-11-09,26.728038787841797,144.60000610351562,143.39999389648438,145.0800018310547,143.39999389648438,14100,DHT,Tanker,2026-09-22
2005-11-10,26.617143630981445,144.0,144.1199951171875,144.9600067138672,142.1999969482422,11242,DHT,Tanker,2026-09-22
2005-11-11,26.50623893737793,143.39999389648438,142.8000030517578,145.1999969482422,141.60000610351562,19233,DHT,Tanker,2026-09-22
2005-11-14,26.06260871887207,141.0,142.1999969482422,142.1999969482422,129.47999572753906,25717,DHT,Tanker,2026-09-22
2005-11-15,24.665220260620117,133.44000244140625,140.39999389648438,140.39999389648438,126.0,43767,DHT,Tanker,2026-09-22
2005-11-16,24.731754302978516,133.8000030517578,133.1999969482422,135.0,132.36000061035156,23333,DHT,Tanker,2026-09-22
2005-11-17,24.731754302978516,133.8000030517578,133.1999969482422,135.0,129.0,28408,DHT,Tanker,2026-09-22
2005-11-18,24.731754302978516,133.8000030517578,132.60000610351562,133.8000030517578,129.24000549316406,8917,DHT,Tanker,2026-09-22
2005-11-21,24.953571319580078,135.0,132.0,135.60000610351562,131.39999389648438,7092,DHT,Tanker,2026-09-22
2005-11-22,27.0385799407959,146.27999877929688,138.60000610351562,146.8800048828125,138.60000610351562,47175,DHT,Tanker,2026-09-22
2005-11-23,27.282567977905273,147.60000610351562,146.27999877929688,147.60000610351562,144.0,19883,DHT,Tanker,2026-09-22
2005-11-25,27.393470764160156,148.1999969482422,144.24000549316406,148.32000732421875,144.1199951171875,12317,DHT,Tanker,2026-09-22
2005-11-28,27.460012435913086,148.55999755859375,148.55999755859375,148.8000030517578,146.52000427246094,28167,DHT,Tanker,2026-09-22
2005-11-29,27.83708953857422,150.60000610351562,148.8000030517578,151.1999969482422,148.55999755859375,34100,DHT,Tanker,2026-09-22
2005-11-30,28.391616821289062,153.60000610351562,149.39999389648438,153.60000610351562,149.16000366210938,27942,DHT,Tanker,2026-09-22
2005-12-01,28.83522605895996,156.0,153.0,157.0800018310547,152.39999389648438,33633,DHT,Tanker,2026-09-22
2005-12-02,28.613428115844727,154.8000030517578,157.0800018310547,157.1999969482422,153.36000061035156,14233,DHT,Tanker,2026-09-22
2005-12-05,28.569072723388672,154.55999755859375,154.32000732421875,155.8800048828125,153.72000122070312,10833,DHT,Tanker,2026-09-22
2005-12-06,28.569072723388672,154.55999755859375,154.55999755859375,155.8800048828125,154.1999969482422,11850,DHT,Tanker,2026-09-22
2005-12-07,28.058902740478516,151.8000030517578,155.16000366210938,155.39999389648438,150.60000610351562,17383,DHT,Tanker,2026-09-22
2005-12-08,27.70400047302246,149.8800048828125,153.0,154.0800018310547,148.8000030517578,11525,DHT,Tanker,2026-09-22
2005-12-09,28.1697998046875,152.39999389648438,149.8800048828125,152.39999389648438,148.8000030517578,8067,DHT,Tanker,2026-09-22
2005-12-12,27.7261905670166,150.0,150.0,151.1999969482422,148.9199981689453,10783,DHT,Tanker,2026-09-22
2005-12-13,27.81490135192871,150.47999572753906,148.8000030517578,151.32000732421875,148.8000030517578,10792,DHT,Tanker,2026-09-22
2005-12-14,27.770549774169922,150.24000549316406,149.27999877929688,150.60000610351562,149.27999877929688,11325,DHT,Tanker,2026-09-22
2005-12-15,27.97018051147461,151.32000732421875,150.60000610351562,151.32000732421875,149.63999938964844,6792,DHT,Tanker,2026-09-22
2005-12-16,28.28071403503418,153.0,152.39999389648438,153.0,149.52000427246094,7892,DHT,Tanker,2026-09-22
2005-12-19,28.83522605895996,156.0,153.60000610351562,156.24000549316406,153.1199951171875,13358,DHT,Tanker,2026-09-22
2005-12-20,28.591243743896484,154.67999267578125,156.0,158.39999389648438,154.67999267578125,20200,DHT,Tanker,2026-09-22
2005-12-21,28.724319458007812,155.39999389648438,155.39999389648438,156.0,154.32000732421875,10617,DHT,Tanker,2026-09-22
2005-12-22,28.679969787597656,155.16000366210938,155.39999389648438,156.0,154.67999267578125,8908,DHT,Tanker,2026-09-22
2005-12-23,29.27884864807129,158.39999389648438,155.8800048828125,159.83999633789062,154.9199981689453,8592,DHT,Tanker,2026-09-22
2005-12-27,29.101408004760742,157.44000244140625,158.52000427246094,159.0,156.83999633789062,5933,DHT,Tanker,2026-09-22
2005-12-28,29.30103302001953,158.52000427246094,157.55999755859375,159.36000061035156,157.0800018310547,5525,DHT,Tanker,2026-09-22
2005-12-29,28.923961639404297,156.47999572753906,158.39999389648438,159.0,154.9199981689453,13192,DHT,Tanker,2026-09-22
2005-12-30,29.21230697631836,158.0399932861328,157.67999267578125,158.27999877929688,155.63999938964844,9033,DHT,Tanker,2026-09-22
2006-01-03,29.611557006835938,160.1999969482422,159.0,161.0399932861328,157.8000030517578,11133,DHT,Tanker,2026-09-22
2006-01-04,29.944271087646484,162.0,161.16000366210938,162.47999572753906,159.0,8392,DHT,Tanker,2026-09-22
2006-01-05,29.47847557067871,159.47999572753906,162.83999633789062,163.0800018310547,159.0,11650,DHT,Tanker,2026-09-22
2006-01-06,29.256664276123047,158.27999877929688,159.0,159.60000610351562,157.32000732421875,5683,DHT,Tanker,2026-09-22
2006-01-09,29.27884864807129,158.39999389648438,158.8800048828125,159.0,157.1999969482422,5000,DHT,Tanker,2026-09-22
2006-01-10,29.611557006835938,160.1999969482422,159.0,162.47999572753906,158.39999389648438,4825,DHT,Tanker,2026-09-22
2006-01-11,30.055185317993164,162.60000610351562,159.60000610351562,164.63999938964844,159.60000610351562,7183,DHT,Tanker,2026-09-22
2006-01-12,28.50250816345215,154.1999969482422,156.60000610351562,157.1999969482422,150.83999633789062,39200,DHT,Tanker,2026-09-22
2006-01-13,28.923961639404297,156.47999572753906,153.0,159.0,152.39999389648438,13142,DHT,Tanker,2026-09-22
2006-01-17,28.613428115844727,154.8000030517578,157.67999267578125,158.0399932861328,154.32000732421875,6442,DHT,Tanker,2026-09-22
2006-01-18,28.946144104003906,156.60000610351562,153.83999633789062,157.1999969482422,153.60000610351562,5142,DHT,Tanker,2026-09-22
2006-01-19,29.21230697631836,158.0399932861328,156.24000549316406,158.39999389648438,154.8000030517578,4617,DHT,Tanker,2026-09-22
2006-01-20,29.34539222717285,158.75999450683594,155.27999877929688,158.75999450683594,154.8000030517578,8983,DHT,Tanker,2026-09-22
2006-01-23,29.944271087646484,162.0,159.0,163.1999969482422,159.0,6600,DHT,Tanker,2026-09-22
2006-01-24,30.055185317993164,162.60000610351562,163.1999969482422,163.1999969482422,159.60000610351562,7808,DHT,Tanker,2026-09-22
2006-01-25,30.387893676757812,164.39999389648438,162.0,164.39999389648438,156.24000549316406,14467,DHT,Tanker,2026-09-22
2006-01-26,30.809337615966797,166.67999267578125,163.1999969482422,167.0399932861328,162.1199951171875,8783,DHT,Tanker,2026-09-22
2006-01-27,30.831525802612305,166.8000030517578,166.67999267578125,171.0,162.9600067138672,5758,DHT,Tanker,2026-09-22
2006-01-30,30.587528228759766,165.47999572753906,165.1199951171875,166.44000244140625,159.0,13883,DHT,Tanker,2026-09-22
2006-01-31,30.2104549407959,163.44000244140625,160.67999267578125,165.36000061035156,158.8800048828125,7317,DHT,Tanker,2026-09-22
2006-02-01,30.609712600708008,165.60000610351562,162.83999633789062,166.55999755859375,158.52000427246094,6125,DHT,Tanker,2026-09-22
2006-02-02,30.942420959472656,167.39999389648438,166.1999969482422,167.75999450683594,165.0,8042,DHT,Tanker,2026-09-22
2006-02-03,30.498807907104492,165.0,166.1999969482422,166.1999969482422,163.1999969482422,4475,DHT,Tanker,2026-09-22
2006-02-06,30.188270568847656,163.32000732421875,164.39999389648438,164.39999389648438,162.60000610351562,2533,DHT,Tanker,2026-09-22
2006-02-07,30.698427200317383,166.0800018310547,162.9600067138672,167.8800048828125,162.1199951171875,5050,DHT,Tanker,2026-09-22
2006-02-08,30.720605850219727,166.1999969482422,167.16000366210938,168.36000061035156,165.72000122070312,6167,DHT,Tanker,2026-09-22
2006-02-09,30.7428035736084,166.32000732421875,166.1999969482422,166.9199981689453,164.75999450683594,3042,DHT,Tanker,2026-09-22
2006-02-10,30.7428035736084,166.32000732421875,166.1999969482422,166.67999267578125,160.8000030517578,5567,DHT,Tanker,2026-09-22
2006-02-13,29.833362579345703,161.39999389648438,165.1199951171875,166.8000030517578,159.72000122070312,3458,DHT,Tanker,2026-09-22
2006-02-14,30.476633071899414,164.8800048828125,160.8000030517578,164.8800048828125,159.1199951171875,4567,DHT,Tanker,2026-09-22
2006-02-15,30.654075622558594,165.83999633789062,165.60000610351562,166.8000030517578,162.0,3192,DHT,Tanker,2026-09-22
2006-02-16,30.09954833984375,162.83999633789062,165.60000610351562,165.83999633789062,160.44000244140625,4950,DHT,Tanker,2026-09-22
2006-02-17,29.96646499633789,162.1199951171875,159.60000610351562,163.8000030517578,159.60000610351562,3867,DHT,Tanker,2026-09-22
2006-02-21,30.2104549407959,163.44000244140625,163.32000732421875,164.39999389648438,162.0,1383,DHT,Tanker,2026-09-22
2006-02-22,30.698427200317383,166.0800018310547,164.63999938964844,168.24000549316406,164.63999938964844,5442,DHT,Tanker,2026-09-22
2006-02-23,30.7428035736084,166.32000732421875,166.1999969482422,167.8800048828125,166.1999969482422,2392,DHT,Tanker,2026-09-22
2006-02-24,30.942420959472656,167.39999389648438,167.0399932861328,167.8800048828125,165.83999633789062,2058,DHT,Tanker,2026-09-22
2006-02-27,30.676246643066406,165.9600067138672,168.0,168.0,162.60000610351562,4308,DHT,Tanker,2026-09-22
2006-02-28,29.655912399291992,160.44000244140625,164.75999450683594,164.8800048828125,156.1199951171875,11683,DHT,Tanker,2026-09-22
2006-03-01,30.498807907104492,165.0,158.0399932861328,166.44000244140625,158.0399932861328,11442,DHT,Tanker,2026-09-22
2006-03-02,30.16608238220215,163.1999969482422,165.0,165.0,162.60000610351562,6108,DHT,Tanker,2026-09-22
2006-03-03,30.498807907104492,165.0,163.1999969482422,166.44000244140625,163.1999969482422,12800,DHT,Tanker,2026-09-22
2006-03-06,30.232633590698242,163.55999755859375,165.60000610351562,167.8800048828125,162.83999633789062,7667,DHT,Tanker,2026-09-22
2006-03-07,30.410072326660156,164.52000427246094,162.9600067138672,165.0,161.0399932861328,6617,DHT,Tanker,2026-09-22
2006-03-08,29.997909545898438,157.1999969482422,159.60000610351562,160.32000732421875,154.8000030517578,5317,DHT,Tanker,2026-09-22
2006-03-09,30.181093215942383,158.16000366210938,157.1999969482422,160.32000732421875,157.1999969482422,3450,DHT,Tanker,2026-09-22
2006-03-10,30.4329776763916,159.47999572753906,158.16000366210938,159.47999572753906,157.32000732421875,2717,DHT,Tanker,2026-09-22
2006-03-13,30.29557991027832,158.75999450683594,159.60000610351562,159.72000122070312,157.44000244140625,4408,DHT,Tanker,2026-09-22
2006-03-14,30.226890563964844,158.39999389648438,158.52000427246094,159.0,156.1199951171875,3017,DHT,Tanker,2026-09-22
2006-03-15,30.36428451538086,159.1199951171875,157.1999969482422,159.1199951171875,156.1199951171875,4283,DHT,Tanker,2026-09-22
2006-03-16,30.318483352661133,158.8800048828125,158.39999389648438,159.24000549316406,157.1999969482422,3392,DHT,Tanker,2026-09-22
2006-03-17,30.226890563964844,158.39999389648438,159.0,159.0,157.1999969482422,3208,DHT,Tanker,2026-09-22
2006-03-20,30.272682189941406,158.63999938964844,157.1999969482422,159.0,156.83999633789062,3692,DHT,Tanker,2026-09-22
2006-03-21,30.112382888793945,157.8000030517578,157.8000030517578,158.39999389648438,156.0,3183,DHT,Tanker,2026-09-22
2006-03-22,30.112382888793945,157.8000030517578,157.8000030517578,158.75999450683594,156.9600067138672,1708,DHT,Tanker,2026-09-22
2006-03-23,30.249797821044922,158.52000427246094,157.1999969482422,159.0,157.1999969482422,2508,DHT,Tanker,2026-09-22
2006-03-24,30.34139060974121,159.0,158.16000366210938,159.24000549316406,158.16000366210938,2725,DHT,Tanker,2026-09-22
2006-03-27,30.249797821044922,158.52000427246094,158.16000366210938,158.63999938964844,156.24000549316406,3225,DHT,Tanker,2026-09-22
2006-03-28,30.181093215942383,158.16000366210938,158.8800048828125,158.8800048828125,157.9199981689453,3100,DHT,Tanker,2026-09-22
2006-03-29,30.29557991027832,158.75999450683594,158.8800048828125,159.0,157.1999969482422,3542,DHT,Tanker,2026-09-22
2006-03-30,30.135282516479492,157.9199981689453,158.75999450683594,158.75999450683594,155.8800048828125,3867,DHT,Tanker,2026-09-22
2006-03-31,30.34139060974121,159.0,158.39999389648438,159.0,157.44000244140625,4117,DHT,Tanker,2026-09-22
2006-04-03,29.975004196166992,157.0800018310547,159.0,159.0,153.0,5333,DHT,Tanker,2026-09-22
2006-04-04,29.448320388793945,154.32000732421875,157.0800018310547,157.0800018310547,153.36000061035156,5875,DHT,Tanker,2026-09-22
2006-04-05,29.65440559387207,155.39999389648438,153.60000610351562,156.60000610351562,153.60000610351562,4050,DHT,Tanker,2026-09-22
2006-04-06,29.5399227142334,154.8000030517578,154.8000030517578,155.75999450683594,154.1999969482422,2767,DHT,Tanker,2026-09-22
2006-04-07,29.31092071533203,153.60000610351562,154.8000030517578,155.75999450683594,153.60000610351562,3683,DHT,Tanker,2026-09-22
2006-04-10,29.333820343017578,153.72000122070312,152.75999450683594,153.72000122070312,151.1999969482422,4892,DHT,Tanker,2026-09-22
2006-04-11,29.104825973510742,152.52000427246094,154.55999755859375,154.55999755859375,151.1999969482422,3875,DHT,Tanker,2026-09-22
2006-04-12,28.623952865600586,150.0,151.67999267578125,152.75999450683594,145.1999969482422,9525,DHT,Tanker,2026-09-22
2006-04-13,28.623952865600586,150.0,149.16000366210938,150.83999633789062,147.72000122070312,6733,DHT,Tanker,2026-09-22
2006-04-17,28.6468448638916,150.1199951171875,150.0,150.72000122070312,146.63999938964844,6792,DHT,Tanker,2026-09-22
2006-04-18,28.623952865600586,150.0,149.39999389648438,150.9600067138672,145.32000732421875,10992,DHT,Tanker,2026-09-22
2006-04-19,29.49411392211914,154.55999755859375,149.39999389648438,155.75999450683594,149.39999389648438,5467,DHT,Tanker,2026-09-22
2006-04-20,28.692644119262695,150.36000061035156,153.83999633789062,154.55999755859375,149.52000427246094,2475,DHT,Tanker,2026-09-22
2006-04-21,28.623952865600586,150.0,149.75999450683594,150.60000610351562,148.8000030517578,16542,DHT,Tanker,2026-09-22
2006-04-24,28.28046226501465,148.1999969482422,149.27999877929688,150.60000610351562,147.1199951171875,2975,DHT,Tanker,2026-09-22
2006-04-25,28.578144073486328,149.75999450683594,147.47999572753906,150.1199951171875,145.8000030517578,6108,DHT,Tanker,2026-09-22
2006-04-26,29.081932067871094,152.39999389648438,149.75999450683594,153.0,149.75999450683594,8808,DHT,Tanker,2026-09-22
2006-04-27,28.784236907958984,150.83999633789062,151.8000030517578,152.39999389648438,149.39999389648438,4758,DHT,Tanker,2026-09-22
2006-04-28,29.24222755432129,153.24000549316406,151.1999969482422,154.67999267578125,150.60000610351562,3108,DHT,Tanker,2026-09-22
2006-05-01,29.104825973510742,152.52000427246094,153.0,155.39999389648438,152.39999389648438,4767,DHT,Tanker,2026-09-22
2006-05-02,28.96742057800293,151.8000030517578,151.8000030517578,154.9199981689453,149.8800048828125,10350,DHT,Tanker,2026-09-22
2006-05-03,28.578144073486328,149.75999450683594,150.0,150.9600067138672,147.83999633789062,4742,DHT,Tanker,2026-09-22
2006-05-04,28.623952865600586,150.0,149.39999389648438,150.24000549316406,147.83999633789062,2600,DHT,Tanker,2026-09-22
2006-05-05,28.578144073486328,149.75999450683594,150.0,150.36000061035156,147.60000610351562,4550,DHT,Tanker,2026-09-22
2006-05-08,28.623952865600586,150.0,149.27999877929688,151.8000030517578,147.72000122070312,7542,DHT,Tanker,2026-09-22
2006-05-09,29.01323127746582,152.0399932861328,150.1199951171875,154.8000030517578,149.16000366210938,4150,DHT,Tanker,2026-09-22
2006-05-10,29.28801727294922,153.47999572753906,152.8800048828125,153.9600067138672,150.60000610351562,3133,DHT,Tanker,2026-09-22
2006-05-11,29.081932067871094,152.39999389648438,154.0800018310547,155.39999389648438,151.1999969482422,3625,DHT,Tanker,2026-09-22
2006-05-12,29.150625228881836,152.75999450683594,152.0399932861328,154.55999755859375,150.72000122070312,2025,DHT,Tanker,2026-09-22
2006-05-15,28.623952865600586,150.0,152.16000366210938,153.83999633789062,149.75999450683594,7042,DHT,Tanker,2026-09-22
2006-05-16,29.081932067871094,152.39999389648438,152.39999389648438,152.39999389648438,151.9199981689453,4192,DHT,Tanker,2026-09-22
2006-05-17,28.921648025512695,151.55999755859375,153.0,153.0,150.24000549316406,8650,DHT,Tanker,2026-09-22
2006-05-18,29.952091217041016,156.9600067138672,151.44000244140625,157.67999267578125,151.44000244140625,4050,DHT,Tanker,2026-09-22
2006-05-19,29.76889991760254,156.0,157.9199981689453,157.9199981689453,154.8000030517578,967,DHT,Tanker,2026-09-22
2006-05-22,29.76889991760254,156.0,157.1999969482422,159.9600067138672,154.44000244140625,10683,DHT,Tanker,2026-09-22
2006-05-23,29.56281280517578,154.9199981689453,156.0,156.72000122070312,154.9199981689453,9475,DHT,Tanker,2026-09-22
2006-05-24,29.24222755432129,153.24000549316406,155.39999389648438,155.39999389648438,152.27999877929688,6467,DHT,Tanker,2026-09-22
2006-05-25,29.150625228881836,152.75999450683594,154.1999969482422,154.67999267578125,152.0399932861328,13958,DHT,Tanker,2026-09-22
2006-05-26,29.081932067871094,152.39999389648438,152.39999389648438,152.39999389648438,151.32000732421875,14333,DHT,Tanker,2026-09-22
2006-05-30,30.34843635559082,152.39999389648438,148.8000030517578,152.39999389648438,147.0,22092,DHT,Tanker,2026-09-22
2006-05-31,30.467927932739258,153.0,153.0,153.1199951171875,151.55999755859375,9758,DHT,Tanker,2026-09-22
2006-06-01,30.659099578857422,153.9600067138672,152.8800048828125,153.9600067138672,151.8000030517578,13983,DHT,Tanker,2026-09-22
2006-06-02,31.065324783325195,156.0,153.60000610351562,156.0,153.60000610351562,3017,DHT,Tanker,2026-09-22
2006-06-05,30.706876754760742,154.1999969482422,155.39999389648438,156.0,153.83999633789062,10033,DHT,Tanker,2026-09-22
2006-06-06,30.467927932739258,153.0,154.1999969482422,154.8000030517578,152.39999389648438,7758,DHT,Tanker,2026-09-22
2006-06-07,30.44403076171875,152.8800048828125,153.0,153.83999633789062,151.8000030517578,8775,DHT,Tanker,2026-09-22
2006-06-08,30.467927932739258,153.0,152.8800048828125,153.83999633789062,151.0800018310547,9617,DHT,Tanker,2026-09-22
2006-06-09,30.34843635559082,152.39999389648438,153.0,153.24000549316406,152.0399932861328,5767,DHT,Tanker,2026-09-22
2006-06-12,30.42013931274414,152.75999450683594,152.39999389648438,154.8000030517578,152.39999389648438,12450,DHT,Tanker,2026-09-22
2006-06-13,30.396224975585938,152.63999938964844,152.8800048828125,155.27999877929688,152.16000366210938,11142,DHT,Tanker,2026-09-22
2006-06-14,30.635202407836914,153.83999633789062,152.39999389648438,154.8000030517578,151.9199981689453,10475,DHT,Tanker,2026-09-22
2006-06-15,31.304290771484375,157.1999969482422,155.0399932861328,159.0,154.67999267578125,9558,DHT,Tanker,2026-09-22
2006-06-16,31.567153930664062,158.52000427246094,157.8000030517578,158.8800048828125,156.0,7233,DHT,Tanker,2026-09-22
2006-06-19,31.352088928222656,157.44000244140625,159.72000122070312,161.8800048828125,157.1999969482422,11500,DHT,Tanker,2026-09-22
2006-06-20,31.01752281188965,155.75999450683594,156.0,156.24000549316406,154.44000244140625,6808,DHT,Tanker,2026-09-22
2006-06-21,31.638851165771484,158.8800048828125,156.0,161.39999389648438,155.75999450683594,6692,DHT,Tanker,2026-09-22
2006-06-22,31.66274642944336,159.0,158.27999877929688,161.8800048828125,158.16000366210938,5675,DHT,Tanker,2026-09-22
2006-06-23,31.782222747802734,159.60000610351562,157.8000030517578,161.75999450683594,157.1999969482422,6100,DHT,Tanker,2026-09-22
2006-06-26,31.54326629638672,158.39999389648438,160.1999969482422,160.9199981689453,158.16000366210938,8425,DHT,Tanker,2026-09-22
2006-06-27,31.567153930664062,158.52000427246094,158.8800048828125,159.60000610351562,157.32000732421875,3850,DHT,Tanker,2026-09-22
2006-06-28,31.20870590209961,156.72000122070312,158.52000427246094,158.52000427246094,156.60000610351562,4308,DHT,Tanker,2026-09-22
2006-06-29,31.80611801147461,159.72000122070312,156.60000610351562,162.0,156.60000610351562,8967,DHT,Tanker,2026-09-22
2006-06-30,32.188453674316406,161.63999938964844,159.72000122070312,162.0,159.72000122070312,3350,DHT,Tanker,2026-09-22
2006-07-03,33.02484130859375,165.83999633789062,162.0,166.0800018310547,162.0,3858,DHT,Tanker,2026-09-22
2006-07-05,33.04873275756836,165.9600067138672,164.63999938964844,167.27999877929688,164.52000427246094,5592,DHT,Tanker,2026-09-22
2006-07-06,33.3832893371582,167.63999938964844,166.9199981689453,167.8800048828125,166.9199981689453,6442,DHT,Tanker,2026-09-22
2006-07-07,33.956809997558594,170.52000427246094,167.8800048828125,172.8000030517578,165.60000610351562,11283,DHT,Tanker,2026-09-22
2006-07-10,35.48617935180664,178.1999969482422,174.0,180.0,173.27999877929688,30692,DHT,Tanker,2026-09-22
2006-07-11,35.70123291015625,179.27999877929688,178.1999969482422,181.1999969482422,177.60000610351562,19383,DHT,Tanker,2026-09-22
2006-07-12,35.796810150146484,179.75999450683594,180.0,180.60000610351562,178.55999755859375,11717,DHT,Tanker,2026-09-22
2006-07-13,35.84461212158203,180.0,180.0,180.0,178.55999755859375,8992,DHT,Tanker,2026-09-22
2006-07-14,35.77290725708008,179.63999938964844,180.0,180.60000610351562,176.39999389648438,9833,DHT,Tanker,2026-09-22
2006-07-17,35.342777252197266,177.47999572753906,180.60000610351562,182.8800048828125,175.8000030517578,8817,DHT,Tanker,2026-09-22
2006-07-18,35.82072067260742,179.8800048828125,177.60000610351562,180.0,177.60000610351562,6042,DHT,Tanker,2026-09-22
2006-07-19,35.74903106689453,179.52000427246094,180.0,181.1999969482422,178.1999969482422,10050,DHT,Tanker,2026-09-22
2006-07-20,36.15525436401367,181.55999755859375,180.0,185.8800048828125,178.0800018310547,16000,DHT,Tanker,2026-09-22
2006-07-21,35.82072067260742,179.8800048828125,183.83999633789062,184.0800018310547,177.83999633789062,7800,DHT,Tanker,2026-09-22
2006-07-24,36.442020416259766,183.0,183.60000610351562,184.8000030517578,182.39999389648438,5650,DHT,Tanker,2026-09-22
2006-07-25,35.36669158935547,177.60000610351562,182.0399932861328,182.16000366210938,174.0,21950,DHT,Tanker,2026-09-22
2006-07-26,35.151615142822266,176.52000427246094,177.9600067138672,177.9600067138672,168.0,18650,DHT,Tanker,2026-09-22
2006-07-27,35.29500961303711,177.24000549316406,177.72000122070312,180.60000610351562,177.0,10317,DHT,Tanker,2026-09-22
2006-07-28,35.2472038269043,177.0,176.75999450683594,178.55999755859375,175.55999755859375,6625,DHT,Tanker,2026-09-22
2006-07-31,35.151615142822266,176.52000427246094,177.47999572753906,179.39999389648438,174.0,6400,DHT,Tanker,2026-09-22
2006-08-01,35.84461212158203,180.0,175.1999969482422,180.0,175.1999969482422,7683,DHT,Tanker,2026-09-22
2006-08-02,35.94020462036133,180.47999572753906,178.8000030517578,182.8800048828125,178.8000030517578,8142,DHT,Tanker,2026-09-22
2006-08-03,35.916297912597656,180.36000061035156,180.47999572753906,181.0800018310547,175.8000030517578,7842,DHT,Tanker,2026-09-22
2006-08-04,35.725135803222656,179.39999389648438,179.8800048828125,184.67999267578125,177.0,6267,DHT,Tanker,2026-09-22
2006-08-07,35.6534309387207,179.0399932861328,177.60000610351562,179.0399932861328,168.60000610351562,18850,DHT,Tanker,2026-09-22
2006-08-08,35.36669158935547,177.60000610351562,179.0399932861328,184.0800018310547,176.39999389648438,17133,DHT,Tanker,2026-09-22
2006-08-09,35.079933166503906,176.16000366210938,181.1999969482422,181.1999969482422,175.1999969482422,26150,DHT,Tanker,2026-09-22
2006-08-10,35.48617935180664,178.1999969482422,176.16000366210938,178.67999267578125,173.0399932861328,8750,DHT,Tanker,2026-09-22
2006-08-11,35.43836212158203,177.9600067138672,178.55999755859375,181.8000030517578,175.8000030517578,17750,DHT,Tanker,2026-09-22
2006-08-14,34.291351318359375,172.1999969482422,171.60000610351562,174.0,169.32000732421875,26183,DHT,Tanker,2026-09-22
2006-08-15,34.72148895263672,174.36000061035156,172.1999969482422,175.8000030517578,171.83999633789062,14117,DHT,Tanker,2026-09-22
2006-08-16,35.06454086303711,171.72000122070312,168.60000610351562,173.39999389648438,168.24000549316406,8358,DHT,Tanker,2026-09-22
2006-08-17,34.59895706176758,169.44000244140625,171.0,171.83999633789062,168.36000061035156,6225,DHT,Tanker,2026-09-22
2006-08-18,34.79499053955078,170.39999389648438,169.8000030517578,171.0,167.39999389648438,6433,DHT,Tanker,2026-09-22
2006-08-21,34.64796829223633,169.67999267578125,171.0,171.0,168.83999633789062,5100,DHT,Tanker,2026-09-22
2006-08-22,34.745967864990234,170.16000366210938,170.27999877929688,173.27999877929688,169.8000030517578,6775,DHT,Tanker,2026-09-22
2006-08-23,34.79499053955078,170.39999389648438,171.60000610351562,172.8000030517578,169.8000030517578,8925,DHT,Tanker,2026-09-22
2006-08-24,35.79962921142578,175.32000732421875,171.83999633789062,175.32000732421875,170.39999389648438,5067,DHT,Tanker,2026-09-22
2006-08-25,36.706260681152344,179.75999450683594,176.52000427246094,179.8800048828125,175.32000732421875,10350,DHT,Tanker,2026-09-22
2006-08-28,36.5102424621582,178.8000030517578,179.8800048828125,179.8800048828125,177.60000610351562,4950,DHT,Tanker,2026-09-22
2006-08-29,35.848636627197266,175.55999755859375,178.8000030517578,179.52000427246094,173.0399932861328,5325,DHT,Tanker,2026-09-22
2006-08-30,35.65261459350586,174.60000610351562,175.55999755859375,177.1199951171875,171.60000610351562,5367,DHT,Tanker,2026-09-22
2006-08-31,35.18703842163086,172.32000732421875,175.8000030517578,176.75999450683594,172.32000732421875,3417,DHT,Tanker,2026-09-22
2006-09-01,34.62347412109375,169.55999755859375,172.32000732421875,173.27999877929688,168.60000610351562,7450,DHT,Tanker,2026-09-22
2006-09-05,34.79499053955078,170.39999389648438,168.60000610351562,171.60000610351562,168.0,10050,DHT,Tanker,2026-09-22
2006-09-06,34.08438491821289,166.9199981689453,170.8800048828125,170.8800048828125,166.55999755859375,7758,DHT,Tanker,2026-09-22
2006-09-07,33.0062255859375,161.63999938964844,166.1999969482422,166.55999755859375,159.0,15350,DHT,Tanker,2026-09-22
2006-09-08,32.39363479614258,158.63999938964844,161.63999938964844,163.0800018310547,157.8000030517578,12592,DHT,Tanker,2026-09-22
2006-09-11,32.09959411621094,157.1999969482422,157.67999267578125,158.75999450683594,147.0,30475,DHT,Tanker,2026-09-22
2006-09-12,32.07511520385742,157.0800018310547,157.1999969482422,159.60000610351562,153.60000610351562,9333,DHT,Tanker,2026-09-22
2006-09-13,32.66318893432617,159.9600067138672,157.1999969482422,162.0,157.1999969482422,13542,DHT,Tanker,2026-09-22
2006-09-14,32.5651741027832,159.47999572753906,160.55999755859375,163.0800018310547,157.8000030517578,7675,DHT,Tanker,2026-09-22
2006-09-15,32.516178131103516,159.24000549316406,159.60000610351562,160.0800018310547,156.83999633789062,4608,DHT,Tanker,2026-09-22
2006-09-18,32.761207580566406,160.44000244140625,159.83999633789062,162.24000549316406,159.24000549316406,6450,DHT,Tanker,2026-09-22
2006-09-19,33.44730758666992,163.8000030517578,161.0399932861328,164.27999877929688,160.44000244140625,6192,DHT,Tanker,2026-09-22
2006-09-20,33.05525207519531,161.8800048828125,163.8000030517578,166.32000732421875,161.63999938964844,4733,DHT,Tanker,2026-09-22
2006-09-21,33.61882781982422,164.63999938964844,162.83999633789062,165.72000122070312,162.83999633789062,4292,DHT,Tanker,2026-09-22
2006-09-22,33.5698127746582,164.39999389648438,165.0,165.9600067138672,163.1999969482422,4667,DHT,Tanker,2026-09-22
2006-09-25,32.09959411621094,157.1999969482422,163.9199981689453,164.0399932861328,153.60000610351562,16075,DHT,Tanker,2026-09-22
2006-09-26,32.908233642578125,161.16000366210938,157.0800018310547,162.9600067138672,157.0800018310547,5792,DHT,Tanker,2026-09-22
2006-09-27,33.7658576965332,165.36000061035156,162.0,165.60000610351562,161.8800048828125,5900,DHT,Tanker,2026-09-22
2006-09-28,33.667823791503906,164.8800048828125,166.55999755859375,166.55999755859375,160.0800018310547,5383,DHT,Tanker,2026-09-22
2006-09-29,33.69234085083008,165.0,164.63999938964844,167.8800048828125,164.0399932861328,11358,DHT,Tanker,2026-09-22
2006-10-02,33.86385726928711,165.83999633789062,165.24000549316406,166.1999969482422,164.52000427246094,4358,DHT,Tanker,2026-09-22
2006-10-03,32.467159271240234,159.0,166.0800018310547,166.0800018310547,156.36000061035156,9692,DHT,Tanker,2026-09-22
2006-10-04,32.687686920166016,160.0800018310547,157.67999267578125,163.1999969482422,156.1199951171875,10558,DHT,Tanker,2026-09-22
2006-10-05,33.59431457519531,164.52000427246094,162.0,166.67999267578125,161.0399932861328,7183,DHT,Tanker,2026-09-22
2006-10-06,33.3002815246582,163.0800018310547,164.8800048828125,165.0,161.39999389648438,7450,DHT,Tanker,2026-09-22
2006-10-09,33.52080535888672,164.16000366210938,162.60000610351562,164.8800048828125,161.0399932861328,3767,DHT,Tanker,2026-09-22
2006-10-10,33.32477951049805,163.1999969482422,164.39999389648438,166.1999969482422,162.60000610351562,8633,DHT,Tanker,2026-09-22
2006-10-11,33.226768493652344,162.72000122070312,163.1999969482422,163.32000732421875,160.8000030517578,4300,DHT,Tanker,2026-09-22
2006-10-12,33.52080535888672,164.16000366210938,163.1999969482422,165.72000122070312,162.60000610351562,5075,DHT,Tanker,2026-09-22
2006-10-13,33.5698127746582,164.39999389648438,163.55999755859375,164.75999450683594,162.0,5175,DHT,Tanker,2026-09-22
2006-10-16,33.83935546875,165.72000122070312,165.0,165.83999633789062,162.9600067138672,4383,DHT,Tanker,2026-09-22
2006-10-17,33.961875915527344,166.32000732421875,164.52000427246094,167.8800048828125,164.52000427246094,7542,DHT,Tanker,2026-09-22
2006-10-18,34.182411193847656,167.39999389648438,166.8000030517578,168.60000610351562,166.1999969482422,14350,DHT,Tanker,2026-09-22
2006-10-19,34.08438491821289,166.9199981689453,168.0,168.72000122070312,165.47999572753906,5758,DHT,Tanker,2026-09-22
2006-10-20,34.182411193847656,167.39999389648438,166.1999969482422,168.0,166.1999969482422,6842,DHT,Tanker,2026-09-22
2006-10-23,34.32942581176758,168.1199951171875,166.44000244140625,168.72000122070312,163.8000030517578,10467,DHT,Tanker,2026-09-22
2006-10-24,34.57444381713867,169.32000732421875,168.83999633789062,170.16000366210938,165.60000610351562,14417,DHT,Tanker,2026-09-22
2006-10-25,34.745967864990234,170.16000366210938,169.44000244140625,170.8800048828125,166.9199981689453,5992,DHT,Tanker,2026-09-22
2006-10-26,34.843994140625,170.63999938964844,171.0,172.55999755859375,168.0,6342,DHT,Tanker,2026-09-22
2006-10-27,34.91749954223633,171.0,171.47999572753906,171.47999572753906,170.39999389648438,3667,DHT,Tanker,2026-09-22
2006-10-30,34.50096130371094,168.9600067138672,171.60000610351562,172.1999969482422,168.72000122070312,6200,DHT,Tanker,2026-09-22
2006-10-31,34.52544021606445,169.0800018310547,170.39999389648438,171.1199951171875,168.36000061035156,10967,DHT,Tanker,2026-09-22
2006-11-01,34.37842559814453,168.36000061035156,169.44000244140625,169.44000244140625,168.1199951171875,3217,DHT,Tanker,2026-09-22
2006-11-02,34.32942581176758,168.1199951171875,169.0800018310547,169.0800018310547,167.75999450683594,4050,DHT,Tanker,2026-09-22
2006-11-03,34.01087951660156,166.55999755859375,168.0,168.0,165.83999633789062,4567,DHT,Tanker,2026-09-22
2006-11-06,33.81486892700195,165.60000610351562,166.67999267578125,168.1199951171875,163.8000030517578,11225,DHT,Tanker,2026-09-22
2006-11-07,34.01087951660156,166.55999755859375,165.60000610351562,166.8000030517578,164.39999389648438,7967,DHT,Tanker,2026-09-22
2006-11-08,34.03537368774414,166.67999267578125,166.67999267578125,167.39999389648438,163.44000244140625,6633,DHT,Tanker,2026-09-22
2006-11-09,34.30491256713867,168.0,167.39999389648438,168.9600067138672,166.0800018310547,15842,DHT,Tanker,2026-09-22
2006-11-10,34.2069091796875,167.52000427246094,168.0,168.36000061035156,166.8000030517578,9017,DHT,Tanker,2026-09-22
2006-11-13,34.182411193847656,167.39999389648438,167.39999389648438,168.1199951171875,166.8000030517578,6017,DHT,Tanker,2026-09-22
2006-11-14,34.23141860961914,167.63999938964844,168.0,168.0,167.0399932861328,17200,DHT,Tanker,2026-09-22
2006-11-15,34.91749954223633,171.0,167.75999450683594,172.0800018310547,167.63999938964844,26017,DHT,Tanker,2026-09-22
2006-11-16,34.72148513793945,170.0399932861328,171.1199951171875,171.36000061035156,169.9199981689453,8483,DHT,Tanker,2026-09-22
2006-11-17,34.28041076660156,167.8800048828125,170.27999877929688,170.39999389648438,167.8800048828125,11725,DHT,Tanker,2026-09-22
2006-11-20,34.30491256713867,168.0,167.8800048828125,170.39999389648438,167.75999450683594,17158,DHT,Tanker,2026-09-22
2006-11-21,34.72148513793945,170.0399932861328,168.0,171.0,167.8800048828125,25108,DHT,Tanker,2026-09-22
2006-11-22,35.17600631713867,167.16000366210938,166.9199981689453,167.39999389648438,162.60000610351562,12917,DHT,Tanker,2026-09-22
2006-11-24,35.07499694824219,166.67999267578125,166.9199981689453,166.9199981689453,165.83999633789062,2983,DHT,Tanker,2026-09-22
2006-11-27,35.100257873535156,166.8000030517578,166.67999267578125,167.39999389648438,162.36000061035156,13767,DHT,Tanker,2026-09-22
2006-11-28,34.9739990234375,166.1999969482422,166.67999267578125,166.8000030517578,162.83999633789062,56033,DHT,Tanker,2026-09-22
2006-11-29,35.7315559387207,169.8000030517578,166.1999969482422,169.9199981689453,165.9600067138672,20692,DHT,Tanker,2026-09-22
2006-11-30,35.150753021240234,167.0399932861328,169.8000030517578,170.8800048828125,166.0800018310547,24408,DHT,Tanker,2026-09-22
2006-12-01,35.504295349121094,168.72000122070312,168.0,168.9600067138672,167.75999450683594,23275,DHT,Tanker,2026-09-22
2006-12-04,36.1103401184082,171.60000610351562,168.47999572753906,171.60000610351562,167.8800048828125,22592,DHT,Tanker,2026-09-22
2006-12-05,36.287109375,172.44000244140625,171.9600067138672,175.32000732421875,171.60000610351562,18908,DHT,Tanker,2026-09-22
2006-12-06,36.994163513183594,175.8000030517578,174.1199951171875,178.55999755859375,173.0399932861328,19867,DHT,Tanker,2026-09-22
2006-12-07,37.27193069458008,177.1199951171875,175.8000030517578,177.60000610351562,175.44000244140625,14183,DHT,Tanker,2026-09-22
2006-12-08,37.24667739868164,177.0,176.63999938964844,177.0,176.0399932861328,10242,DHT,Tanker,2026-09-22
2006-12-11,37.62546157836914,178.8000030517578,177.60000610351562,180.0,177.0,14483,DHT,Tanker,2026-09-22
2006-12-12,36.994163513183594,175.8000030517578,178.55999755859375,178.67999267578125,171.9600067138672,16058,DHT,Tanker,2026-09-22
2006-12-13,37.120418548583984,176.39999389648438,175.8000030517578,176.39999389648438,175.0800018310547,9658,DHT,Tanker,2026-09-22
2006-12-14,37.70121383666992,179.16000366210938,177.36000061035156,179.75999450683594,176.8800048828125,9617,DHT,Tanker,2026-09-22
2006-12-15,37.827476501464844,179.75999450683594,179.27999877929688,180.0,178.55999755859375,5983,DHT,Tanker,2026-09-22
2006-12-18,37.170921325683594,176.63999938964844,180.0,180.60000610351562,175.67999267578125,11842,DHT,Tanker,2026-09-22
2006-12-19,38.02949905395508,180.72000122070312,176.39999389648438,181.1999969482422,176.39999389648438,11008,DHT,Tanker,2026-09-22
2006-12-20,38.3072509765625,182.0399932861328,181.1999969482422,182.8800048828125,180.1199951171875,8733,DHT,Tanker,2026-09-22
2006-12-21,38.68602752685547,183.83999633789062,182.39999389648438,185.39999389648438,181.67999267578125,12042,DHT,Tanker,2026-09-22
2006-12-22,38.8880615234375,184.8000030517578,183.60000610351562,185.16000366210938,182.52000427246094,6958,DHT,Tanker,2026-09-22
2006-12-26,39.79712677001953,189.1199951171875,185.27999877929688,189.36000061035156,185.27999877929688,8067,DHT,Tanker,2026-09-22
2006-12-27,40.908226013183594,194.39999389648438,189.60000610351562,195.83999633789062,189.60000610351562,26217,DHT,Tanker,2026-09-22
2006-12-28,41.1102294921875,195.36000061035156,194.16000366210938,197.27999877929688,192.1199951171875,10483,DHT,Tanker,2026-09-22
2006-12-29,40.882965087890625,194.27999877929688,196.1999969482422,196.8000030517578,193.55999755859375,7400,DHT,Tanker,2026-09-22
2007-01-03,40.37793731689453,191.8800048828125,194.16000366210938,197.0399932861328,188.75999450683594,16550,DHT,Tanker,2026-09-22
2007-01-04,39.39309310913086,187.1999969482422,190.1999969482422,191.27999877929688,184.8000030517578,15100,DHT,Tanker,2026-09-22
2007-01-05,38.383033752441406,182.39999389648438,186.60000610351562,187.1999969482422,181.55999755859375,9417,DHT,Tanker,2026-09-22
2007-01-08,37.953731536865234,180.36000061035156,184.8000030517578,184.8000030517578,180.0,15600,DHT,Tanker,2026-09-22
2007-01-09,36.489105224609375,173.39999389648438,180.0,180.0,172.32000732421875,22250,DHT,Tanker,2026-09-22
2007-01-10,37.776973724365234,179.52000427246094,173.39999389648438,179.52000427246094,172.8000030517578,10542,DHT,Tanker,2026-09-22
2007-01-11,37.953731536865234,180.36000061035156,179.52000427246094,182.75999450683594,178.9199981689453,7300,DHT,Tanker,2026-09-22
2007-01-12,39.090057373046875,185.75999450683594,180.1199951171875,185.75999450683594,180.1199951171875,6550,DHT,Tanker,2026-09-22
2007-01-16,39.14057922363281,186.0,185.75999450683594,186.47999572753906,182.0399932861328,10783,DHT,Tanker,2026-09-22
2007-01-17,39.367855072021484,187.0800018310547,187.8000030517578,187.8000030517578,184.44000244140625,9833,DHT,Tanker,2026-09-22
2007-01-18,39.696128845214844,188.63999938964844,187.9199981689453,189.0,185.63999938964844,8008,DHT,Tanker,2026-09-22
2007-01-19,40.4031867980957,192.0,188.39999389648438,194.39999389648438,186.9600067138672,17033,DHT,Tanker,2026-09-22
2007-01-22,40.60519027709961,192.9600067138672,192.0,192.9600067138672,189.9600067138672,6658,DHT,Tanker,2026-09-22
2007-01-23,40.933475494384766,194.52000427246094,192.0,196.0800018310547,190.0800018310547,9708,DHT,Tanker,2026-09-22
2007-01-24,37.87798309326172,180.0,181.1999969482422,183.0,180.0,32242,DHT,Tanker,2026-09-22
2007-01-25,37.928504943847656,180.24000549316406,180.1199951171875,183.0,179.75999450683594,18467,DHT,Tanker,2026-09-22
2007-01-26,38.054744720458984,180.83999633789062,180.0,182.63999938964844,178.9199981689453,9925,DHT,Tanker,2026-09-22
2007-01-29,38.13050079345703,181.1999969482422,180.36000061035156,182.39999389648438,179.39999389648438,12483,DHT,Tanker,2026-09-22
2007-01-30,38.054744720458984,180.83999633789062,180.47999572753906,181.1999969482422,178.9199981689453,6558,DHT,Tanker,2026-09-22
2007-01-31,37.97899627685547,180.47999572753906,180.60000610351562,181.67999267578125,179.39999389648438,5225,DHT,Tanker,2026-09-22
2007-02-01,38.20625305175781,181.55999755859375,180.60000610351562,182.52000427246094,180.0,7825,DHT,Tanker,2026-09-22
2007-02-02,38.408287048339844,182.52000427246094,181.67999267578125,183.0,180.9600067138672,8875,DHT,Tanker,2026-09-22
2007-02-05,38.484031677246094,182.8800048828125,183.0,183.0,181.67999267578125,7258,DHT,Tanker,2026-09-22
2007-02-06,38.054744720458984,180.83999633789062,183.0,183.0,180.0,7608,DHT,Tanker,2026-09-22
2007-02-07,38.00424575805664,180.60000610351562,181.9199981689453,181.9199981689453,179.52000427246094,5592,DHT,Tanker,2026-09-22
2007-02-08,37.80221176147461,179.63999938964844,179.8800048828125,181.1999969482422,179.39999389648438,6100,DHT,Tanker,2026-09-22
2007-02-09,37.2214469909668,176.8800048828125,182.16000366210938,183.0,172.0800018310547,18442,DHT,Tanker,2026-09-22
2007-02-12,37.44868850708008,177.9600067138672,177.60000610351562,179.0399932861328,177.0,14900,DHT,Tanker,2026-09-22
2007-02-13,37.80221176147461,179.63999938964844,177.72000122070312,182.39999389648438,177.24000549316406,14683,DHT,Tanker,2026-09-22
2007-02-14,38.054744720458984,180.83999633789062,180.9600067138672,181.8000030517578,180.1199951171875,23775,DHT,Tanker,2026-09-22
2007-02-15,38.509281158447266,183.0,182.75999450683594,183.83999633789062,181.44000244140625,19575,DHT,Tanker,2026-09-22
2007-02-16,38.989070892333984,185.27999877929688,184.0800018310547,185.39999389648438,182.39999389648438,19408,DHT,Tanker,2026-09-22
2007-02-20,38.96306610107422,179.8800048828125,183.0,183.47999572753906,179.16000366210938,14008,DHT,Tanker,2026-09-22
2007-02-21,38.703147888183594,178.67999267578125,179.8800048828125,180.0,177.47999572753906,11242,DHT,Tanker,2026-09-22
2007-02-22,38.85911178588867,179.39999389648438,180.0,181.8000030517578,178.8000030517578,12908,DHT,Tanker,2026-09-22
2007-02-23,38.62516784667969,178.32000732421875,178.55999755859375,181.8000030517578,178.1999969482422,14358,DHT,Tanker,2026-09-22
2007-02-26,38.313255310058594,176.8800048828125,177.24000549316406,178.8000030517578,175.9199981689453,9067,DHT,Tanker,2026-09-22
2007-02-27,37.81938171386719,174.60000610351562,171.60000610351562,176.0399932861328,171.0,11958,DHT,Tanker,2026-09-22
2007-02-28,37.84537887573242,174.72000122070312,174.9600067138672,176.8800048828125,172.32000732421875,10992,DHT,Tanker,2026-09-22
2007-03-01,37.32554244995117,172.32000732421875,174.24000549316406,174.36000061035156,171.36000061035156,7133,DHT,Tanker,2026-09-22
2007-03-02,37.2215690612793,171.83999633789062,173.0399932861328,173.75999450683594,171.0,6283,DHT,Tanker,2026-09-22
2007-03-05,36.28582000732422,167.52000427246094,171.0,171.1199951171875,166.9199981689453,12908,DHT,Tanker,2026-09-22
2007-03-06,36.75368881225586,169.67999267578125,168.0,170.75999450683594,168.0,14000,DHT,Tanker,2026-09-22
2007-03-07,36.62372589111328,169.0800018310547,170.16000366210938,170.16000366210938,167.27999877929688,16475,DHT,Tanker,2026-09-22
2007-03-08,36.571754455566406,168.83999633789062,169.0800018310547,170.75999450683594,168.0,14408,DHT,Tanker,2026-09-22
2007-03-09,36.493770599365234,168.47999572753906,168.36000061035156,170.0399932861328,167.16000366210938,10108,DHT,Tanker,2026-09-22
2007-03-12,36.545753479003906,168.72000122070312,168.47999572753906,169.32000732421875,167.39999389648438,7092,DHT,Tanker,2026-09-22
2007-03-13,36.51976776123047,168.60000610351562,168.83999633789062,169.44000244140625,167.52000427246094,10017,DHT,Tanker,2026-09-22
2007-03-14,36.62372589111328,169.0800018310547,168.60000610351562,169.1999969482422,167.52000427246094,5625,DHT,Tanker,2026-09-22
2007-03-15,37.11758804321289,171.36000061035156,169.0800018310547,173.52000427246094,169.0800018310547,8200,DHT,Tanker,2026-09-22
2007-03-16,37.06559753417969,171.1199951171875,171.72000122070312,173.52000427246094,170.63999938964844,5992,DHT,Tanker,2026-09-22
2007-03-19,37.16957473754883,171.60000610351562,171.36000061035156,173.52000427246094,171.0,6633,DHT,Tanker,2026-09-22
2007-03-20,36.90963363647461,170.39999389648438,170.52000427246094,173.75999450683594,168.9600067138672,11683,DHT,Tanker,2026-09-22
2007-03-21,36.98761749267578,170.75999450683594,170.39999389648438,171.36000061035156,169.32000732421875,9033,DHT,Tanker,2026-09-22
2007-03-22,37.16957473754883,171.60000610351562,171.47999572753906,173.27999877929688,170.63999938964844,11550,DHT,Tanker,2026-09-22
2007-03-23,37.1955680847168,171.72000122070312,172.44000244140625,172.9199981689453,170.75999450683594,21992,DHT,Tanker,2026-09-22
2007-03-26,38.85911178588867,179.39999389648438,171.72000122070312,179.39999389648438,171.72000122070312,33717,DHT,Tanker,2026-09-22
2007-03-27,39.04105758666992,180.24000549316406,179.39999389648438,182.75999450683594,178.32000732421875,21692,DHT,Tanker,2026-09-22
2007-03-28,39.11904525756836,180.60000610351562,180.60000610351562,181.0800018310547,178.9199981689453,9783,DHT,Tanker,2026-09-22
2007-03-29,38.989070892333984,180.0,182.16000366210938,182.52000427246094,178.44000244140625,8167,DHT,Tanker,2026-09-22
2007-03-30,38.41722106933594,177.36000061035156,180.36000061035156,180.60000610351562,176.0399932861328,14267,DHT,Tanker,2026-09-22
2007-04-02,38.39122772216797,177.24000549316406,177.36000061035156,178.32000732421875,175.55999755859375,6558,DHT,Tanker,2026-09-22
2007-04-03,38.755130767822266,178.9199981689453,177.0,180.83999633789062,176.8800048828125,9942,DHT,Tanker,2026-09-22
2007-04-04,38.937095642089844,179.75999450683594,178.9199981689453,180.0,178.0800018310547,6933,DHT,Tanker,2026-09-22
2007-04-05,38.755130767822266,178.9199981689453,178.8000030517578,179.63999938964844,176.52000427246094,10050,DHT,Tanker,2026-09-22
2007-04-09,38.36524200439453,177.1199951171875,177.72000122070312,179.8800048828125,175.67999267578125,13433,DHT,Tanker,2026-09-22
2007-04-10,38.65116500854492,178.44000244140625,178.8000030517578,178.9199981689453,177.36000061035156,8042,DHT,Tanker,2026-09-22
2007-04-11,38.313255310058594,176.8800048828125,177.60000610351562,177.60000610351562,175.8000030517578,7208,DHT,Tanker,2026-09-22
2007-04-12,38.313255310058594,176.8800048828125,177.1199951171875,177.60000610351562,175.1999969482422,9892,DHT,Tanker,2026-09-22
2007-04-13,38.65116500854492,178.44000244140625,175.8000030517578,181.1999969482422,175.8000030517578,29875,DHT,Tanker,2026-09-22
2007-04-16,38.7291259765625,178.8000030517578,178.1999969482422,180.1199951171875,178.1999969482422,20192,DHT,Tanker,2026-09-22
2007-04-17,39.32698059082031,181.55999755859375,178.9199981689453,181.55999755859375,178.55999755859375,19267,DHT,Tanker,2026-09-22
2007-04-18,39.92481231689453,184.32000732421875,181.55999755859375,184.9199981689453,180.60000610351562,19483,DHT,Tanker,2026-09-22
2007-04-19,40.15873336791992,185.39999389648438,184.32000732421875,185.39999389648438,182.39999389648438,13867,DHT,Tanker,2026-09-22
2007-04-20,40.522640228271484,187.0800018310547,186.0,187.1999969482422,184.55999755859375,18967,DHT,Tanker,2026-09-22
2007-04-23,40.600624084472656,187.44000244140625,187.55999755859375,189.60000610351562,186.47999572753906,18158,DHT,Tanker,2026-09-22
2007-04-24,40.49663543701172,186.9600067138672,189.47999572753906,189.47999572753906,185.75999450683594,10767,DHT,Tanker,2026-09-22
2007-04-25,40.6785888671875,187.8000030517578,188.63999938964844,188.75999450683594,186.36000061035156,11875,DHT,Tanker,2026-09-22
2007-04-26,40.62660217285156,187.55999755859375,187.8000030517578,188.16000366210938,185.75999450683594,12783,DHT,Tanker,2026-09-22
2007-04-27,41.09446334838867,189.72000122070312,189.1199951171875,189.9600067138672,186.47999572753906,13258,DHT,Tanker,2026-09-22
2007-04-30,41.4063835144043,191.16000366210938,189.60000610351562,191.16000366210938,188.8800048828125,15767,DHT,Tanker,2026-09-22
2007-05-01,40.99050521850586,189.24000549316406,190.67999267578125,190.67999267578125,188.39999389648438,11442,DHT,Tanker,2026-09-22
2007-05-02,41.12046813964844,189.83999633789062,189.60000610351562,191.0399932861328,187.8000030517578,10792,DHT,Tanker,2026-09-22
2007-05-03,41.458370208740234,191.39999389648438,190.1999969482422,192.0,189.9600067138672,10008,DHT,Tanker,2026-09-22
2007-05-04,41.328392028808594,190.8000030517578,192.0,192.83999633789062,187.9199981689453,17058,DHT,Tanker,2026-09-22
2007-05-07,41.432373046875,191.27999877929688,191.16000366210938,192.0,190.32000732421875,10308,DHT,Tanker,2026-09-22
2007-05-08,41.432373046875,191.27999877929688,191.27999877929688,191.63999938964844,189.72000122070312,15350,DHT,Tanker,2026-09-22
2007-05-09,41.84825897216797,193.1999969482422,191.39999389648438,193.1999969482422,190.55999755859375,19775,DHT,Tanker,2026-09-22
2007-05-10,42.49807357788086,196.1999969482422,193.8000030517578,197.75999450683594,192.1199951171875,14525,DHT,Tanker,2026-09-22
2007-05-11,41.328392028808594,190.8000030517578,196.1999969482422,196.1999969482422,182.8800048828125,40875,DHT,Tanker,2026-09-22
2007-05-14,40.86054992675781,188.63999938964844,191.75999450683594,191.8800048828125,187.1999969482422,19058,DHT,Tanker,2026-09-22
2007-05-15,41.19845962524414,190.1999969482422,188.8800048828125,190.9199981689453,186.1199951171875,15650,DHT,Tanker,2026-09-22
2007-05-16,40.93852233886719,189.0,190.67999267578125,191.75999450683594,188.16000366210938,10925,DHT,Tanker,2026-09-22
2007-05-17,41.64031982421875,192.24000549316406,190.0800018310547,192.47999572753906,188.52000427246094,10933,DHT,Tanker,2026-09-22
2007-05-18,42.05621337890625,194.16000366210938,192.72000122070312,194.8800048828125,192.1199951171875,13842,DHT,Tanker,2026-09-22
2007-05-21,42.732025146484375,197.27999877929688,196.0800018310547,197.27999877929688,195.1199951171875,13592,DHT,Tanker,2026-09-22
2007-05-22,43.25187683105469,199.67999267578125,198.47999572753906,201.0,198.0,22033,DHT,Tanker,2026-09-22
2007-05-23,43.277862548828125,199.8000030517578,199.8000030517578,201.0,197.63999938964844,18200,DHT,Tanker,2026-09-22
2007-05-24,42.5064582824707,191.75999450683594,193.67999267578125,193.67999267578125,188.0399932861328,23283,DHT,Tanker,2026-09-22
2007-05-25,42.29366683959961,190.8000030517578,192.47999572753906,192.9600067138672,188.8800048828125,12692,DHT,Tanker,2026-09-22
2007-05-29,42.426658630371094,191.39999389648438,190.8000030517578,191.63999938964844,190.44000244140625,12117,DHT,Tanker,2026-09-22
2007-05-30,42.29366683959961,190.8000030517578,191.39999389648438,192.0,190.55999755859375,20392,DHT,Tanker,2026-09-22
2007-05-31,42.29366683959961,190.8000030517578,190.8000030517578,192.0,190.1999969482422,25117,DHT,Tanker,2026-09-22
2007-06-01,42.267066955566406,190.67999267578125,190.44000244140625,191.0399932861328,187.55999755859375,33517,DHT,Tanker,2026-09-22
2007-06-04,41.92127227783203,189.1199951171875,190.67999267578125,190.8000030517578,188.8800048828125,17483,DHT,Tanker,2026-09-22
2007-06-05,41.70846939086914,188.16000366210938,190.0800018310547,190.1999969482422,188.16000366210938,14850,DHT,Tanker,2026-09-22
2007-06-06,40.93707275390625,184.67999267578125,188.52000427246094,189.60000610351562,184.67999267578125,14283,DHT,Tanker,2026-09-22
2007-06-07,40.16569137573242,181.1999969482422,180.24000549316406,181.55999755859375,178.8000030517578,167267,DHT,Tanker,2026-09-22
2007-06-08,40.032676696777344,180.60000610351562,181.44000244140625,181.55999755859375,180.0,28217,DHT,Tanker,2026-09-22
2007-06-11,39.92628860473633,180.1199951171875,180.0,181.8000030517578,179.52000427246094,17250,DHT,Tanker,2026-09-22
2007-06-12,39.44750213623047,177.9600067138672,179.8800048828125,181.0800018310547,177.60000610351562,39450,DHT,Tanker,2026-09-22
2007-06-13,40.05928421020508,180.72000122070312,179.52000427246094,181.67999267578125,177.72000122070312,24650,DHT,Tanker,2026-09-22
2007-06-14,40.245479583740234,181.55999755859375,181.0800018310547,181.67999267578125,179.39999389648438,21567,DHT,Tanker,2026-09-22
2007-06-15,39.952880859375,180.24000549316406,181.55999755859375,181.67999267578125,179.27999877929688,18233,DHT,Tanker,2026-09-22
2007-06-18,39.92628860473633,180.1199951171875,180.1199951171875,181.1999969482422,177.9600067138672,35000,DHT,Tanker,2026-09-22
2007-06-19,39.89967727661133,180.0,180.9600067138672,181.0800018310547,178.32000732421875,21775,DHT,Tanker,2026-09-22
2007-06-20,40.75090026855469,183.83999633789062,185.27999877929688,185.27999877929688,182.39999389648438,62442,DHT,Tanker,2026-09-22
2007-06-21,41.44245910644531,186.9600067138672,183.83999633789062,187.67999267578125,183.0,33425,DHT,Tanker,2026-09-22
2007-06-22,40.697689056396484,183.60000610351562,184.8000030517578,186.83999633789062,181.0800018310547,130883,DHT,Tanker,2026-09-22
2007-06-25,40.351871490478516,182.0399932861328,186.0,187.1999969482422,181.9199981689453,97950,DHT,Tanker,2026-09-22
2007-06-26,40.43168258666992,182.39999389648438,182.39999389648438,184.1999969482422,180.0,83950,DHT,Tanker,2026-09-22
2007-06-27,40.777488708496094,183.9600067138672,182.52000427246094,184.8000030517578,181.1999969482422,38375,DHT,Tanker,2026-09-22
2007-06-28,41.25627517700195,186.1199951171875,187.0800018310547,187.8000030517578,185.0399932861328,57775,DHT,Tanker,2026-09-22
2007-06-29,41.46906280517578,187.0800018310547,188.0399932861328,190.1999969482422,186.0,40725,DHT,Tanker,2026-09-22
2007-07-02,41.6552734375,187.9199981689453,189.36000061035156,189.60000610351562,186.24000549316406,42167,DHT,Tanker,2026-09-22
2007-07-03,41.62866973876953,187.8000030517578,189.0,190.1999969482422,187.8000030517578,18042,DHT,Tanker,2026-09-22
2007-07-05,42.5330696105957,191.8800048828125,191.16000366210938,193.55999755859375,187.8000030517578,55125,DHT,Tanker,2026-09-22
2007-07-06,42.66605758666992,192.47999572753906,195.60000610351562,195.60000610351562,190.8000030517578,42667,DHT,Tanker,2026-09-22
2007-07-09,42.95866775512695,193.8000030517578,192.83999633789062,195.1199951171875,192.72000122070312,33958,DHT,Tanker,2026-09-22
2007-07-10,42.55965042114258,192.0,193.67999267578125,193.67999267578125,190.8000030517578,28250,DHT,Tanker,2026-09-22
2007-07-11,42.45327377319336,191.52000427246094,192.0,192.60000610351562,190.1999969482422,31858,DHT,Tanker,2026-09-22
2007-07-12,42.5330696105957,191.8800048828125,191.63999938964844,193.0800018310547,190.44000244140625,27583,DHT,Tanker,2026-09-22
2007-07-13,42.87885665893555,193.44000244140625,190.55999755859375,193.8000030517578,190.55999755859375,31342,DHT,Tanker,2026-09-22
2007-07-16,43.03845977783203,194.16000366210938,194.39999389648438,194.8800048828125,192.0,48400,DHT,Tanker,2026-09-22
2007-07-17,43.94284439086914,198.24000549316406,194.8800048828125,200.39999389648438,194.16000366210938,41600,DHT,Tanker,2026-09-22
2007-07-18,44.26205825805664,199.67999267578125,199.32000732421875,201.47999572753906,198.0,56108,DHT,Tanker,2026-09-22
2007-07-19,47.799800872802734,215.63999938964844,206.39999389648438,225.47999572753906,202.8000030517578,101325,DHT,Tanker,2026-09-22
2007-07-20,47.241214752197266,213.1199951171875,215.0399932861328,219.9600067138672,211.8000030517578,69742,DHT,Tanker,2026-09-22
2007-07-23,47.61362838745117,214.8000030517578,213.9600067138672,216.60000610351562,213.47999572753906,46017,DHT,Tanker,2026-09-22
2007-07-24,46.815635681152344,211.1999969482422,215.0399932861328,215.0399932861328,207.24000549316406,37225,DHT,Tanker,2026-09-22
2007-07-25,48.35842514038086,218.16000366210938,213.9600067138672,219.24000549316406,210.72000122070312,51017,DHT,Tanker,2026-09-22
2007-07-26,47.21464538574219,213.0,217.32000732421875,217.44000244140625,207.0,53258,DHT,Tanker,2026-09-22
2007-07-27,48.172218322753906,217.32000732421875,213.0,219.9600067138672,213.0,36475,DHT,Tanker,2026-09-22
2007-07-30,48.1988410949707,217.44000244140625,217.55999755859375,220.1999969482422,215.75999450683594,23050,DHT,Tanker,2026-09-22
2007-07-31,47.37422561645508,213.72000122070312,207.24000549316406,217.1999969482422,207.1199951171875,48033,DHT,Tanker,2026-09-22
2007-08-01,47.720008850097656,215.27999877929688,216.9600067138672,216.9600067138672,212.52000427246094,29933,DHT,Tanker,2026-09-22
2007-08-02,47.85301971435547,215.8800048828125,218.39999389648438,219.24000549316406,213.36000061035156,22500,DHT,Tanker,2026-09-22
2007-08-03,44.63444137573242,201.36000061035156,216.0,216.0,201.0,57833,DHT,Tanker,2026-09-22
2007-08-06,42.905460357666016,193.55999755859375,202.1999969482422,202.1999969482422,184.1999969482422,56875,DHT,Tanker,2026-09-22
2007-08-07,43.0916633605957,194.39999389648438,192.0,196.8000030517578,187.0800018310547,29942,DHT,Tanker,2026-09-22
2007-08-08,44.66105651855469,201.47999572753906,195.83999633789062,202.0800018310547,195.0,33733,DHT,Tanker,2026-09-22
2007-08-09,42.001060485839844,189.47999572753906,199.32000732421875,206.39999389648438,189.47999572753906,27275,DHT,Tanker,2026-09-22
2007-08-10,41.44245910644531,186.9600067138672,187.1999969482422,188.16000366210938,177.72000122070312,35475,DHT,Tanker,2026-09-22
2007-08-13,42.63947296142578,192.36000061035156,191.0399932861328,194.8800048828125,189.83999633789062,21158,DHT,Tanker,2026-09-22
2007-08-14,41.17648696899414,185.75999450683594,195.60000610351562,195.60000610351562,185.27999877929688,17175,DHT,Tanker,2026-09-22
2007-08-15,40.05928421020508,180.72000122070312,183.9600067138672,189.47999572753906,180.0,16417,DHT,Tanker,2026-09-22
2007-08-16,38.17070007324219,172.1999969482422,169.8000030517578,175.55999755859375,163.44000244140625,52083,DHT,Tanker,2026-09-22
2007-08-17,39.92628860473633,180.1199951171875,172.1999969482422,185.63999938964844,172.1999969482422,23600,DHT,Tanker,2026-09-22
2007-08-20,41.123268127441406,185.52000427246094,183.1199951171875,187.8000030517578,181.1999969482422,17658,DHT,Tanker,2026-09-22
2007-08-21,40.13909149169922,181.0800018310547,188.8800048828125,192.0,179.8800048828125,22108,DHT,Tanker,2026-09-22
2007-08-22,41.07008361816406,185.27999877929688,184.55999755859375,187.44000244140625,182.52000427246094,20367,DHT,Tanker,2026-09-22
2007-08-23,40.777488708496094,183.9600067138672,187.44000244140625,194.27999877929688,181.67999267578125,13983,DHT,Tanker,2026-09-22
2007-08-24,41.096702575683594,185.39999389648438,184.8000030517578,186.0,181.44000244140625,16075,DHT,Tanker,2026-09-22
2007-08-27,41.73508834838867,188.27999877929688,189.83999633789062,191.0399932861328,186.24000549316406,20650,DHT,Tanker,2026-09-22
2007-08-28,40.617897033691406,183.24000549316406,186.36000061035156,187.55999755859375,182.63999938964844,12275,DHT,Tanker,2026-09-22
2007-08-29,41.22967529296875,186.0,195.1199951171875,195.1199951171875,182.75999450683594,24900,DHT,Tanker,2026-09-22
2007-08-30,41.04348373413086,185.16000366210938,185.16000366210938,186.1199951171875,180.60000610351562,19217,DHT,Tanker,2026-09-22
2007-08-31,41.0168571472168,185.0399932861328,187.55999755859375,187.55999755859375,184.1999969482422,17158,DHT,Tanker,2026-09-22
2007-09-04,41.415870666503906,186.83999633789062,186.47999572753906,188.8800048828125,185.0399932861328,20100,DHT,Tanker,2026-09-22
2007-09-05,40.88387680053711,184.44000244140625,186.0,186.0,184.32000732421875,20017,DHT,Tanker,2026-09-22
2007-09-06,40.85728454589844,184.32000732421875,185.39999389648438,188.52000427246094,183.72000122070312,19050,DHT,Tanker,2026-09-22
2007-09-07,40.96367263793945,184.8000030517578,185.27999877929688,186.36000061035156,182.39999389648438,20533,DHT,Tanker,2026-09-22
2007-09-10,40.14496994018555,176.52000427246094,182.39999389648438,182.39999389648438,175.67999267578125,14358,DHT,Tanker,2026-09-22
2007-09-11,40.96366500854492,180.1199951171875,178.1999969482422,181.67999267578125,177.72000122070312,15633,DHT,Tanker,2026-09-22
2007-09-12,39.76287841796875,174.83999633789062,180.0,180.0,174.1199951171875,16992,DHT,Tanker,2026-09-22
2007-09-13,39.9812126159668,175.8000030517578,174.83999633789062,177.83999633789062,172.9199981689453,16625,DHT,Tanker,2026-09-22
2007-09-14,39.40809631347656,173.27999877929688,175.55999755859375,176.39999389648438,171.9600067138672,12717,DHT,Tanker,2026-09-22
2007-09-17,38.26188278198242,168.24000549316406,172.8000030517578,173.16000366210938,165.60000610351562,29558,DHT,Tanker,2026-09-22
2007-09-18,40.063079833984375,176.16000366210938,168.60000610351562,176.39999389648438,166.55999755859375,39108,DHT,Tanker,2026-09-22
2007-09-19,40.39057922363281,177.60000610351562,180.36000061035156,180.72000122070312,176.63999938964844,22692,DHT,Tanker,2026-09-22
2007-09-20,39.9812126159668,175.8000030517578,179.52000427246094,179.52000427246094,174.0,14958,DHT,Tanker,2026-09-22
2007-09-21,40.25410842895508,177.0,177.36000061035156,180.36000061035156,175.8000030517578,25008,DHT,Tanker,2026-09-22
2007-09-24,41.018272399902344,180.36000061035156,178.8000030517578,180.9600067138672,178.1999969482422,28817,DHT,Tanker,2026-09-22
2007-09-25,41.373046875,181.9199981689453,182.0399932861328,182.0399932861328,180.0,19892,DHT,Tanker,2026-09-22
2007-09-26,41.5640754699707,182.75999450683594,183.72000122070312,185.0399932861328,181.55999755859375,39600,DHT,Tanker,2026-09-22
2007-09-27,40.93639373779297,180.0,184.44000244140625,184.67999267578125,179.39999389648438,33250,DHT,Tanker,2026-09-22
2007-09-28,40.63618850708008,178.67999267578125,180.83999633789062,181.55999755859375,177.72000122070312,16950,DHT,Tanker,2026-09-22
2007-10-01,41.100128173828125,180.72000122070312,179.0399932861328,182.52000427246094,178.9199981689453,16750,DHT,Tanker,2026-09-22
2007-10-02,40.69077682495117,178.9199981689453,181.8000030517578,181.8000030517578,175.67999267578125,20283,DHT,Tanker,2026-09-22
2007-10-03,40.00849914550781,175.9199981689453,177.60000610351562,178.8000030517578,175.55999755859375,10367,DHT,Tanker,2026-09-22
2007-10-04,40.39057922363281,177.60000610351562,176.27999877929688,178.67999267578125,174.72000122070312,14583,DHT,Tanker,2026-09-22
2007-10-05,40.308712005615234,177.24000549316406,180.0,180.47999572753906,176.8800048828125,20058,DHT,Tanker,2026-09-22
2007-10-08,40.25410842895508,177.0,178.9199981689453,179.8800048828125,175.8000030517578,15733,DHT,Tanker,2026-09-22
2007-10-09,40.60890197753906,178.55999755859375,176.52000427246094,180.0,176.52000427246094,17542,DHT,Tanker,2026-09-22
2007-10-10,41.100128173828125,180.72000122070312,180.24000549316406,180.72000122070312,177.1199951171875,17292,DHT,Tanker,2026-09-22
2007-10-11,40.363277435302734,177.47999572753906,181.0800018310547,181.0800018310547,176.16000366210938,21150,DHT,Tanker,2026-09-22
2007-10-12,40.172237396240234,176.63999938964844,177.47999572753906,178.32000732421875,175.67999267578125,11758,DHT,Tanker,2026-09-22
2007-10-15,40.25410842895508,177.0,177.83999633789062,178.0800018310547,175.1999969482422,15650,DHT,Tanker,2026-09-22
2007-10-16,39.9812126159668,175.8000030517578,177.24000549316406,177.47999572753906,175.1999969482422,15267,DHT,Tanker,2026-09-22
2007-10-17,40.14496994018555,176.52000427246094,176.39999389648438,177.36000061035156,174.9600067138672,16367,DHT,Tanker,2026-09-22
2007-10-18,40.60890197753906,178.55999755859375,177.72000122070312,178.8000030517578,176.39999389648438,11775,DHT,Tanker,2026-09-22
2007-10-19,39.899330139160156,175.44000244140625,178.1999969482422,180.0,174.60000610351562,20342,DHT,Tanker,2026-09-22
2007-10-22,39.0260124206543,171.60000610351562,174.24000549316406,174.83999633789062,169.1999969482422,20950,DHT,Tanker,2026-09-22
2007-10-23,39.59912872314453,174.1199951171875,170.75999450683594,174.60000610351562,168.60000610351562,22517,DHT,Tanker,2026-09-22
2007-10-24,40.172237396240234,176.63999938964844,173.63999938964844,177.47999572753906,170.27999877929688,19025,DHT,Tanker,2026-09-22
2007-10-25,40.88181686401367,179.75999450683594,177.47999572753906,180.0,175.44000244140625,20600,DHT,Tanker,2026-09-22
2007-10-26,41.100128173828125,180.72000122070312,180.0,182.16000366210938,177.0,16250,DHT,Tanker,2026-09-22
2007-10-29,42.71031188964844,187.8000030517578,180.9600067138672,188.39999389648438,180.0,28408,DHT,Tanker,2026-09-22
2007-10-30,41.20929718017578,181.1999969482422,187.1999969482422,187.67999267578125,180.60000610351562,15692,DHT,Tanker,2026-09-22
2007-10-31,42.382808685302734,186.36000061035156,182.75999450683594,188.39999389648438,180.60000610351562,22042,DHT,Tanker,2026-09-22
2007-11-01,40.745365142822266,179.16000366210938,186.60000610351562,187.0800018310547,179.16000366210938,16942,DHT,Tanker,2026-09-22
2007-11-02,40.66349411010742,178.8000030517578,182.0399932861328,184.9199981689453,178.55999755859375,15475,DHT,Tanker,2026-09-22
2007-11-05,39.24434280395508,172.55999755859375,179.0399932861328,180.47999572753906,171.83999633789062,16383,DHT,Tanker,2026-09-22
2007-11-06,40.69077682495117,178.9199981689453,171.24000549316406,179.52000427246094,170.39999389648438,15158,DHT,Tanker,2026-09-22
2007-11-07,38.83499526977539,170.75999450683594,177.60000610351562,178.67999267578125,170.39999389648438,14358,DHT,Tanker,2026-09-22
2007-11-08,38.91685485839844,171.1199951171875,169.9199981689453,175.55999755859375,165.9600067138672,24108,DHT,Tanker,2026-09-22
2007-11-09,37.852516174316406,166.44000244140625,171.0,171.0,159.72000122070312,27308,DHT,Tanker,2026-09-22
2007-11-12,36.13319778442383,158.8800048828125,168.0,168.0,149.8800048828125,33175,DHT,Tanker,2026-09-22
2007-11-13,42.02803039550781,184.8000030517578,157.9199981689453,184.8000030517578,157.9199981689453,25492,DHT,Tanker,2026-09-22
2007-11-14,38.91685485839844,171.1199951171875,174.0,184.8000030517578,168.0,34083,DHT,Tanker,2026-09-22
2007-11-15,37.743350982666016,165.9600067138672,169.9199981689453,171.36000061035156,165.1199951171875,28542,DHT,Tanker,2026-09-22
2007-11-16,36.951927185058594,162.47999572753906,166.67999267578125,168.60000610351562,158.63999938964844,24575,DHT,Tanker,2026-09-22
2007-11-19,33.2403450012207,146.16000366210938,160.44000244140625,162.0,145.44000244140625,59742,DHT,Tanker,2026-09-22
2007-11-20,33.9226188659668,149.16000366210938,146.0399932861328,150.60000610351562,146.0399932861328,40925,DHT,Tanker,2026-09-22
2007-11-21,32.09412384033203,141.1199951171875,149.39999389648438,150.1199951171875,139.44000244140625,48075,DHT,Tanker,2026-09-22
2007-11-23,33.59513854980469,147.72000122070312,141.9600067138672,148.44000244140625,141.9600067138672,12783,DHT,Tanker,2026-09-22
2007-11-26,32.96742248535156,144.9600067138672,146.63999938964844,152.63999938964844,144.24000549316406,30958,DHT,Tanker,2026-09-22
2007-11-27,33.158485412597656,145.8000030517578,145.67999267578125,148.32000732421875,141.1199951171875,31142,DHT,Tanker,2026-09-22
2007-11-28,35.696529388427734,156.9600067138672,147.72000122070312,158.16000366210938,147.60000610351562,39158,DHT,Tanker,2026-09-22
2007-11-29,38.252315521240234,163.44000244140625,157.1999969482422,163.8000030517578,157.1999969482422,39717,DHT,Tanker,2026-09-22
2007-11-30,37.241241455078125,159.1199951171875,167.39999389648438,170.52000427246094,158.0399932861328,33408,DHT,Tanker,2026-09-22
2007-12-03,36.06162643432617,154.0800018310547,158.16000366210938,161.63999938964844,152.75999450683594,16883,DHT,Tanker,2026-09-22
2007-12-04,35.72462463378906,152.63999938964844,153.0,154.67999267578125,150.36000061035156,17283,DHT,Tanker,2026-09-22
2007-12-05,35.612281799316406,152.16000366210938,155.27999877929688,156.24000549316406,151.1999969482422,12375,DHT,Tanker,2026-09-22
2007-12-06,38.252315521240234,163.44000244140625,154.1999969482422,163.44000244140625,154.1999969482422,22617,DHT,Tanker,2026-09-22
2007-12-07,37.97145080566406,162.24000549316406,166.8000030517578,169.55999755859375,161.0399932861328,23958,DHT,Tanker,2026-09-22
2007-12-10,38.47698211669922,164.39999389648438,162.60000610351562,169.32000732421875,162.60000610351562,18942,DHT,Tanker,2026-09-22
2007-12-11,37.83101272583008,161.63999938964844,166.1999969482422,170.39999389648438,161.16000366210938,35742,DHT,Tanker,2026-09-22
2007-12-12,37.71869659423828,161.16000366210938,164.0399932861328,168.9600067138672,157.8000030517578,18100,DHT,Tanker,2026-09-22
2007-12-13,39.179115295410156,167.39999389648438,161.27999877929688,168.0,159.36000061035156,21942,DHT,Tanker,2026-09-22
2007-12-14,38.027626037597656,162.47999572753906,165.72000122070312,167.39999389648438,157.32000732421875,21100,DHT,Tanker,2026-09-22
2007-12-17,36.59526824951172,156.36000061035156,162.0,163.55999755859375,156.36000061035156,15933,DHT,Tanker,2026-09-22
2007-12-18,36.482906341552734,155.8800048828125,157.9199981689453,161.8800048828125,152.63999938964844,24758,DHT,Tanker,2026-09-22
2007-12-19,37.2131462097168,159.0,155.0399932861328,162.0,155.0399932861328,16875,DHT,Tanker,2026-09-22
2007-12-20,36.31441116333008,155.16000366210938,160.32000732421875,162.0,153.72000122070312,26008,DHT,Tanker,2026-09-22
2007-12-21,37.269317626953125,159.24000549316406,157.1999969482422,163.0800018310547,157.1999969482422,27925,DHT,Tanker,2026-09-22
2007-12-24,37.550167083740234,160.44000244140625,157.9199981689453,162.0,157.9199981689453,6300,DHT,Tanker,2026-09-22
2007-12-26,37.49399948120117,160.1999969482422,157.9199981689453,161.39999389648438,157.8000030517578,9142,DHT,Tanker,2026-09-22
2007-12-27,36.34247970581055,155.27999877929688,160.9199981689453,161.27999877929688,153.72000122070312,15275,DHT,Tanker,2026-09-22
2007-12-28,35.83696365356445,153.1199951171875,157.67999267578125,158.16000366210938,151.9199981689453,19833,DHT,Tanker,2026-09-22
2007-12-31,34.376522064208984,146.8800048828125,152.63999938964844,152.63999938964844,146.52000427246094,37692,DHT,Tanker,2026-09-22
2008-01-02,34.320350646972656,146.63999938964844,148.55999755859375,150.1199951171875,144.24000549316406,24717,DHT,Tanker,2026-09-22
2008-01-03,34.09566116333008,145.67999267578125,147.24000549316406,151.32000732421875,144.83999633789062,21392,DHT,Tanker,2026-09-22
2008-01-04,30.922016143798828,132.1199951171875,144.0,144.0,126.12000274658203,139142,DHT,Tanker,2026-09-22
2008-01-07,28.731351852416992,122.76000213623047,133.1999969482422,135.9600067138672,120.0,85425,DHT,Tanker,2026-09-22
2008-01-08,30.191789627075195,129.0,126.0,131.39999389648438,124.44000244140625,29317,DHT,Tanker,2026-09-22
2008-01-09,29.82668685913086,127.44000244140625,128.16000366210938,128.39999389648438,123.36000061035156,24683,DHT,Tanker,2026-09-22
2008-01-10,29.293071746826172,125.16000366210938,126.12000274658203,126.4800033569336,122.4000015258789,25342,DHT,Tanker,2026-09-22
2008-01-11,29.321144104003906,125.27999877929688,125.16000366210938,125.87999725341797,122.87999725341797,22658,DHT,Tanker,2026-09-22
2008-01-14,29.06838035583496,124.19999694824219,126.83999633789062,126.83999633789062,122.4000015258789,18217,DHT,Tanker,2026-09-22
2008-01-15,28.871780395507812,123.36000061035156,123.0,123.72000122070312,121.80000305175781,19292,DHT,Tanker,2026-09-22
2008-01-16,28.42241668701172,121.44000244140625,123.4800033569336,123.4800033569336,120.5999984741211,46808,DHT,Tanker,2026-09-22
2008-01-17,26.681135177612305,114.0,123.4800033569336,123.4800033569336,111.83999633789062,48375,DHT,Tanker,2026-09-22
2008-01-18,29.20880889892578,124.80000305175781,118.08000183105469,125.63999938964844,115.68000030517578,65467,DHT,Tanker,2026-09-22
2008-01-22,31.118606567382812,132.9600067138672,117.36000061035156,134.75999450683594,114.83999633789062,56417,DHT,Tanker,2026-09-22
2008-01-23,28.085399627685547,120.0,132.36000061035156,132.36000061035156,120.0,33617,DHT,Tanker,2026-09-22
2008-01-24,29.939027786254883,127.91999816894531,123.0,131.8800048828125,120.83999633789062,25450,DHT,Tanker,2026-09-22
2008-01-25,30.388402938842773,129.83999633789062,131.63999938964844,131.8800048828125,127.91999816894531,30492,DHT,Tanker,2026-09-22
2008-01-28,30.585004806518555,130.67999267578125,127.91999816894531,135.36000061035156,127.91999816894531,21083,DHT,Tanker,2026-09-22
2008-01-29,31.511802673339844,134.63999938964844,132.0,138.47999572753906,131.75999450683594,20158,DHT,Tanker,2026-09-22
2008-01-30,32.382450103759766,138.36000061035156,136.32000732421875,142.8000030517578,135.36000061035156,48958,DHT,Tanker,2026-09-22
2008-01-31,31.511802673339844,134.63999938964844,133.67999267578125,138.9600067138672,133.67999267578125,38500,DHT,Tanker,2026-09-22
2008-02-01,33.00034713745117,141.0,136.55999755859375,142.55999755859375,134.16000366210938,37733,DHT,Tanker,2026-09-22
2008-02-04,32.85990905761719,140.39999389648438,141.9600067138672,142.55999755859375,137.52000427246094,21300,DHT,Tanker,2026-09-22
2008-02-05,32.46671676635742,138.72000122070312,138.24000549316406,141.0,137.8800048828125,19458,DHT,Tanker,2026-09-22
2008-02-06,32.88799285888672,140.52000427246094,140.0399932861328,143.52000427246094,139.1999969482422,22417,DHT,Tanker,2026-09-22
2008-02-07,33.646297454833984,143.75999450683594,140.0399932861328,143.8800048828125,138.60000610351562,32467,DHT,Tanker,2026-09-22
2008-02-08,33.00034713745117,141.0,143.75999450683594,144.0,140.27999877929688,25817,DHT,Tanker,2026-09-22
2008-02-11,34.123748779296875,145.8000030517578,143.75999450683594,148.32000732421875,142.67999267578125,22317,DHT,Tanker,2026-09-22
2008-02-12,33.08458709716797,141.36000061035156,145.55999755859375,146.75999450683594,141.0,20408,DHT,Tanker,2026-09-22
2008-02-13,34.404605865478516,147.0,142.32000732421875,147.9600067138672,142.32000732421875,21067,DHT,Tanker,2026-09-22
2008-02-14,33.562042236328125,143.39999389648438,145.9199981689453,150.36000061035156,143.39999389648438,21808,DHT,Tanker,2026-09-22
2008-02-15,33.75864791870117,144.24000549316406,142.1999969482422,145.55999755859375,141.47999572753906,17458,DHT,Tanker,2026-09-22
2008-02-19,34.82588195800781,148.8000030517578,145.0800018310547,149.0399932861328,145.0800018310547,19533,DHT,Tanker,2026-09-22
2008-02-20,35.27526092529297,150.72000122070312,149.8800048828125,151.9199981689453,146.27999877929688,16458,DHT,Tanker,2026-09-22
2008-02-21,34.9101448059082,149.16000366210938,150.72000122070312,151.1999969482422,148.8000030517578,18083,DHT,Tanker,2026-09-22
2008-02-22,33.69636917114258,139.9199981689453,146.16000366210938,146.16000366210938,136.0800018310547,22117,DHT,Tanker,2026-09-22
2008-02-25,33.7830810546875,140.27999877929688,139.9199981689453,140.75999450683594,137.27999877929688,14233,DHT,Tanker,2026-09-22
2008-02-26,34.072052001953125,141.47999572753906,138.60000610351562,142.44000244140625,138.60000610351562,12825,DHT,Tanker,2026-09-22
2008-02-27,33.58077621459961,139.44000244140625,140.52000427246094,141.83999633789062,137.8800048828125,12550,DHT,Tanker,2026-09-22
2008-02-28,33.40739059448242,138.72000122070312,140.27999877929688,140.27999877929688,136.8000030517578,10792,DHT,Tanker,2026-09-22
2008-02-29,32.51151657104492,135.0,137.39999389648438,138.9600067138672,134.39999389648438,15342,DHT,Tanker,2026-09-22
2008-03-03,32.74270248413086,135.9600067138672,135.60000610351562,137.39999389648438,133.8000030517578,12517,DHT,Tanker,2026-09-22
2008-03-04,33.031700134277344,137.16000366210938,134.39999389648438,138.24000549316406,132.9600067138672,17833,DHT,Tanker,2026-09-22
2008-03-05,32.453712463378906,134.75999450683594,136.1999969482422,136.1999969482422,133.67999267578125,12825,DHT,Tanker,2026-09-22
2008-03-06,32.049129486083984,133.0800018310547,133.9199981689453,137.39999389648438,133.0800018310547,14983,DHT,Tanker,2026-09-22
2008-03-07,31.78904151916504,132.0,132.60000610351562,134.63999938964844,129.1199951171875,13242,DHT,Tanker,2026-09-22
2008-03-10,31.00875473022461,128.75999450683594,132.0,134.52000427246094,127.80000305175781,16942,DHT,Tanker,2026-09-22
2008-03-11,32.3092155456543,134.16000366210938,131.52000427246094,134.52000427246094,129.72000122070312,13642,DHT,Tanker,2026-09-22
2008-03-12,32.338134765625,134.27999877929688,134.52000427246094,138.72000122070312,133.67999267578125,15033,DHT,Tanker,2026-09-22
2008-03-13,31.73123550415039,131.75999450683594,132.47999572753906,134.16000366210938,129.36000061035156,16800,DHT,Tanker,2026-09-22
2008-03-14,31.037668228149414,128.8800048828125,132.0,132.0,126.0,12083,DHT,Tanker,2026-09-22
2008-03-17,28.95693016052246,120.23999786376953,124.19999694824219,124.19999694824219,120.0,24283,DHT,Tanker,2026-09-22
2008-03-18,31.297758102416992,129.9600067138672,118.44000244140625,130.0800018310547,118.44000244140625,19892,DHT,Tanker,2026-09-22
2008-03-19,29.27482032775879,121.55999755859375,133.32000732421875,133.32000732421875,121.55999755859375,14167,DHT,Tanker,2026-09-22
2008-03-20,30.922056198120117,128.39999389648438,123.95999908447266,128.39999389648438,123.36000061035156,43958,DHT,Tanker,2026-09-22
2008-03-24,31.297758102416992,129.9600067138672,131.16000366210938,132.0,126.12000274658203,15575,DHT,Tanker,2026-09-22
2008-03-25,31.06655502319336,129.0,130.55999755859375,131.16000366210938,126.12000274658203,12567,DHT,Tanker,2026-09-22
2008-03-26,30.546369552612305,126.83999633789062,129.47999572753906,129.47999572753906,124.80000305175781,14867,DHT,Tanker,2026-09-22
2008-03-27,31.12434959411621,129.24000549316406,127.19999694824219,129.36000061035156,126.83999633789062,16358,DHT,Tanker,2026-09-22
2008-03-28,30.604183197021484,127.08000183105469,129.60000610351562,129.60000610351562,127.08000183105469,16108,DHT,Tanker,2026-09-22
2008-03-31,30.661968231201172,127.31999969482422,128.16000366210938,129.60000610351562,126.83999633789062,8100,DHT,Tanker,2026-09-22
2008-04-01,31.70234489440918,131.63999938964844,127.68000030517578,132.0,127.68000030517578,29208,DHT,Tanker,2026-09-22
2008-04-02,32.453712463378906,134.75999450683594,132.36000061035156,136.55999755859375,131.52000427246094,18875,DHT,Tanker,2026-09-22
2008-04-03,32.4248161315918,134.63999938964844,133.55999755859375,136.8000030517578,132.9600067138672,15892,DHT,Tanker,2026-09-22
2008-04-04,32.13582992553711,133.44000244140625,135.47999572753906,136.1999969482422,132.9600067138672,9600,DHT,Tanker,2026-09-22
2008-04-07,31.76013946533203,131.8800048828125,136.44000244140625,136.44000244140625,131.8800048828125,12000,DHT,Tanker,2026-09-22
2008-04-08,32.338134765625,134.27999877929688,131.39999389648438,134.39999389648438,131.39999389648438,12500,DHT,Tanker,2026-09-22
2008-04-09,31.875728607177734,132.36000061035156,135.24000549316406,135.60000610351562,131.75999450683594,10067,DHT,Tanker,2026-09-22
2008-04-10,32.482627868652344,134.8800048828125,133.32000732421875,136.8000030517578,132.0,11733,DHT,Tanker,2026-09-22
2008-04-11,31.528945922851562,130.9199981689453,135.83999633789062,135.83999633789062,130.8000030517578,7583,DHT,Tanker,2026-09-22
2008-04-14,31.846832275390625,132.24000549316406,131.0399932861328,135.36000061035156,130.8000030517578,13983,DHT,Tanker,2026-09-22
2008-04-15,32.829402923583984,136.32000732421875,131.39999389648438,136.8000030517578,131.39999389648438,8708,DHT,Tanker,2026-09-22
2008-04-16,33.92756652832031,140.8800048828125,138.0,141.60000610351562,136.1999969482422,15450,DHT,Tanker,2026-09-22
2008-04-17,34.62115478515625,143.75999450683594,142.0800018310547,145.8000030517578,140.27999877929688,25642,DHT,Tanker,2026-09-22
2008-04-18,34.82345199584961,144.60000610351562,146.16000366210938,146.39999389648438,143.8800048828125,27575,DHT,Tanker,2026-09-22
2008-04-21,34.24546432495117,142.1999969482422,143.16000366210938,145.8000030517578,139.1999969482422,16808,DHT,Tanker,2026-09-22
2008-04-22,34.1009635925293,141.60000610351562,144.72000122070312,144.72000122070312,138.0,15875,DHT,Tanker,2026-09-22
2008-04-23,34.1009635925293,141.60000610351562,140.52000427246094,143.39999389648438,139.55999755859375,13575,DHT,Tanker,2026-09-22
2008-04-24,34.27436065673828,142.32000732421875,141.60000610351562,144.60000610351562,141.60000610351562,13225,DHT,Tanker,2026-09-22
2008-04-25,35.02574157714844,145.44000244140625,142.1999969482422,146.27999877929688,141.72000122070312,17267,DHT,Tanker,2026-09-22
2008-04-28,34.53445053100586,143.39999389648438,145.55999755859375,145.55999755859375,142.67999267578125,17617,DHT,Tanker,2026-09-22
2008-04-29,30.344087600708008,126.0,140.39999389648438,140.39999389648438,123.12000274658203,132933,DHT,Tanker,2026-09-22
2008-04-30,29.621606826782227,123.0,126.0,126.5999984741211,120.83999633789062,672133,DHT,Tanker,2026-09-22
2008-05-01,29.910594940185547,124.19999694824219,122.4000015258789,125.5199966430664,122.4000015258789,105408,DHT,Tanker,2026-09-22
2008-05-02,30.25738525390625,125.63999938964844,124.31999969482422,126.36000061035156,124.19999694824219,81375,DHT,Tanker,2026-09-22
2008-05-05,30.25738525390625,125.63999938964844,125.63999938964844,126.5999984741211,124.19999694824219,48750,DHT,Tanker,2026-09-22
2008-05-06,30.25738525390625,125.63999938964844,125.87999725341797,126.4800033569336,124.80000305175781,59325,DHT,Tanker,2026-09-22
2008-05-07,31.23995590209961,129.72000122070312,126.12000274658203,130.1999969482422,126.12000274658203,179500,DHT,Tanker,2026-09-22
2008-05-08,30.661968231201172,127.31999969482422,131.0399932861328,131.0399932861328,126.23999786376953,76483,DHT,Tanker,2026-09-22
2008-05-09,30.63306999206543,127.19999694824219,127.44000244140625,129.1199951171875,126.0,67300,DHT,Tanker,2026-09-22
2008-05-12,30.83536148071289,128.0399932861328,127.55999755859375,129.83999633789062,127.19999694824219,83575,DHT,Tanker,2026-09-22
2008-05-13,30.979856491088867,128.63999938964844,129.47999572753906,129.47999572753906,127.08000183105469,88675,DHT,Tanker,2026-09-22
2008-05-14,32.540428161621094,135.1199951171875,128.52000427246094,137.39999389648438,123.0,239133,DHT,Tanker,2026-09-22
2008-05-15,32.106929779052734,133.32000732421875,135.36000061035156,138.0,132.1199951171875,96950,DHT,Tanker,2026-09-22
2008-05-16,32.251426696777344,133.9199981689453,132.72000122070312,135.47999572753906,130.9199981689453,68933,DHT,Tanker,2026-09-22
2008-05-19,32.74270248413086,135.9600067138672,134.63999938964844,141.0,133.9199981689453,86625,DHT,Tanker,2026-09-22
2008-05-20,33.7830810546875,140.27999877929688,137.52000427246094,140.52000427246094,134.39999389648438,59942,DHT,Tanker,2026-09-22
2008-05-21,33.06059265136719,137.27999877929688,140.63999938964844,141.0,136.0800018310547,59367,DHT,Tanker,2026-09-22
2008-05-22,32.049129486083984,133.0800018310547,137.27999877929688,138.60000610351562,132.36000061035156,47983,DHT,Tanker,2026-09-22
2008-05-23,31.81793785095215,132.1199951171875,132.72000122070312,137.39999389648438,130.32000732421875,41542,DHT,Tanker,2026-09-22
2008-05-27,31.38444709777832,130.32000732421875,135.36000061035156,135.36000061035156,129.0,54442,DHT,Tanker,2026-09-22
2008-05-28,31.591506958007812,128.16000366210938,127.44000244140625,130.67999267578125,125.4000015258789,43850,DHT,Tanker,2026-09-22
2008-05-29,31.414033889770508,127.44000244140625,127.44000244140625,129.60000610351562,126.36000061035156,30467,DHT,Tanker,2026-09-22
2008-05-30,30.408306121826172,123.36000061035156,127.80000305175781,128.16000366210938,123.0,82092,DHT,Tanker,2026-09-22
2008-06-02,30.408306121826172,123.36000061035156,123.23999786376953,123.83999633789062,120.5999984741211,43517,DHT,Tanker,2026-09-22
2008-06-03,30.31956672668457,123.0,124.08000183105469,124.80000305175781,122.4000015258789,50283,DHT,Tanker,2026-09-22
2008-06-04,30.08293342590332,122.04000091552734,123.23999786376953,123.23999786376953,121.44000244140625,33808,DHT,Tanker,2026-09-22
2008-06-05,30.171661376953125,122.4000015258789,122.16000366210938,123.36000061035156,122.04000091552734,56692,DHT,Tanker,2026-09-22
2008-06-06,29.87587547302246,121.19999694824219,121.31999969482422,121.80000305175781,120.23999786376953,54100,DHT,Tanker,2026-09-22
2008-06-09,29.78712272644043,120.83999633789062,120.4800033569336,121.31999969482422,120.0,53958,DHT,Tanker,2026-09-22
2008-06-10,29.75754165649414,120.72000122070312,121.19999694824219,121.55999755859375,120.5999984741211,28950,DHT,Tanker,2026-09-22
2008-06-11,29.580074310302734,120.0,120.5999984741211,121.19999694824219,119.87999725341797,45800,DHT,Tanker,2026-09-22
2008-06-12,29.28426742553711,118.80000305175781,119.5199966430664,121.31999969482422,118.19999694824219,78683,DHT,Tanker,2026-09-22
2008-06-13,30.378721237182617,123.23999786376953,119.76000213623047,123.95999908447266,118.80000305175781,37617,DHT,Tanker,2026-09-22
2008-06-16,29.609651565551758,120.12000274658203,122.63999938964844,122.63999938964844,119.4000015258789,47767,DHT,Tanker,2026-09-22
2008-06-17,32.09437942504883,130.1999969482422,125.4000015258789,131.0399932861328,125.16000366210938,90933,DHT,Tanker,2026-09-22
2008-06-18,31.828157424926758,129.1199951171875,131.52000427246094,132.0,126.23999786376953,57667,DHT,Tanker,2026-09-22
2008-06-19,31.769001007080078,128.8800048828125,129.9600067138672,130.32000732421875,127.31999969482422,41217,DHT,Tanker,2026-09-22
2008-06-20,31.20696258544922,126.5999984741211,127.80000305175781,129.72000122070312,123.72000122070312,55142,DHT,Tanker,2026-09-22
2008-06-23,31.0590763092041,126.0,128.0399932861328,128.63999938964844,125.27999877929688,27775,DHT,Tanker,2026-09-22
2008-06-24,30.08293342590332,122.04000091552734,124.91999816894531,125.87999725341797,121.55999755859375,34533,DHT,Tanker,2026-09-22
2008-06-25,30.023765563964844,121.80000305175781,122.04000091552734,125.16000366210938,120.4800033569336,30608,DHT,Tanker,2026-09-22
2008-06-26,29.580074310302734,120.0,122.27999877929688,122.87999725341797,119.4000015258789,39083,DHT,Tanker,2026-09-22
2008-06-27,29.580074310302734,120.0,120.0,121.19999694824219,118.80000305175781,117900,DHT,Tanker,2026-09-22
2008-06-30,29.66880989074707,120.36000061035156,119.63999938964844,121.08000183105469,119.16000366210938,46083,DHT,Tanker,2026-09-22
2008-07-01,29.10677719116211,118.08000183105469,120.0,120.0,112.91999816894531,54383,DHT,Tanker,2026-09-22
2008-07-02,28.160215377807617,114.23999786376953,118.08000183105469,118.91999816894531,112.55999755859375,48558,DHT,Tanker,2026-09-22
2008-07-03,27.86442756652832,113.04000091552734,114.72000122070312,114.72000122070312,111.12000274658203,20375,DHT,Tanker,2026-09-22
2008-07-07,26.740379333496094,108.4800033569336,113.87999725341797,115.68000030517578,107.63999938964844,45033,DHT,Tanker,2026-09-22
2008-07-08,27.923587799072266,113.27999877929688,108.0,113.76000213623047,107.16000366210938,25900,DHT,Tanker,2026-09-22
2008-07-09,26.681211471557617,108.23999786376953,112.44000244140625,113.04000091552734,107.76000213623047,31967,DHT,Tanker,2026-09-22
2008-07-10,27.598194122314453,111.95999908447266,109.19999694824219,112.19999694824219,106.80000305175781,31142,DHT,Tanker,2026-09-22
2008-07-11,27.775684356689453,112.68000030517578,109.31999969482422,113.04000091552734,108.36000061035156,27375,DHT,Tanker,2026-09-22
2008-07-14,28.160215377807617,114.23999786376953,113.87999725341797,114.95999908447266,111.95999908447266,30183,DHT,Tanker,2026-09-22
2008-07-15,27.33197593688965,110.87999725341797,112.44000244140625,113.76000213623047,109.44000244140625,31992,DHT,Tanker,2026-09-22
2008-07-16,28.54475975036621,115.80000305175781,112.55999755859375,115.91999816894531,111.4800033569336,27175,DHT,Tanker,2026-09-22
2008-07-17,28.633499145507812,116.16000366210938,114.72000122070312,117.5999984741211,114.72000122070312,24000,DHT,Tanker,2026-09-22
2008-07-18,28.4856014251709,115.55999755859375,116.76000213623047,117.83999633789062,114.83999633789062,18067,DHT,Tanker,2026-09-22
2008-07-21,29.225101470947266,118.55999755859375,117.36000061035156,118.80000305175781,117.12000274658203,16450,DHT,Tanker,2026-09-22
2008-07-22,28.456037521362305,115.44000244140625,115.80000305175781,117.5999984741211,114.36000061035156,26683,DHT,Tanker,2026-09-22
2008-07-23,29.3138484954834,118.91999816894531,115.19999694824219,121.80000305175781,115.08000183105469,35392,DHT,Tanker,2026-09-22
2008-07-24,28.81098175048828,116.87999725341797,119.76000213623047,120.0,115.19999694824219,22975,DHT,Tanker,2026-09-22
2008-07-25,28.751829147338867,116.63999938964844,117.5999984741211,118.91999816894531,115.80000305175781,14025,DHT,Tanker,2026-09-22
2008-07-28,27.834842681884766,112.91999816894531,117.83999633789062,117.83999633789062,112.68000030517578,23308,DHT,Tanker,2026-09-22
2008-07-29,28.071475982666016,113.87999725341797,112.31999969482422,114.5999984741211,110.4000015258789,23258,DHT,Tanker,2026-09-22
2008-07-30,28.278539657592773,114.72000122070312,114.4800033569336,116.27999877929688,111.36000061035156,20142,DHT,Tanker,2026-09-22
2008-07-31,27.746089935302734,112.55999755859375,114.72000122070312,115.08000183105469,110.5199966430664,30050,DHT,Tanker,2026-09-22
2008-08-01,27.33197593688965,110.87999725341797,112.31999969482422,112.31999969482422,109.80000305175781,20283,DHT,Tanker,2026-09-22
2008-08-04,25.586755752563477,103.80000305175781,112.31999969482422,112.31999969482422,100.68000030517578,54733,DHT,Tanker,2026-09-22
2008-08-05,26.089616775512695,105.83999633789062,104.87999725341797,107.63999938964844,102.0,49392,DHT,Tanker,2026-09-22
2008-08-06,26.562911987304688,107.76000213623047,105.23999786376953,108.72000122070312,104.87999725341797,21133,DHT,Tanker,2026-09-22
2008-08-07,25.94171905517578,105.23999786376953,107.87999725341797,107.87999725341797,103.91999816894531,22133,DHT,Tanker,2026-09-22
2008-08-08,26.14877700805664,106.08000183105469,106.68000030517578,107.76000213623047,104.5199966430664,15433,DHT,Tanker,2026-09-22
2008-08-11,26.710792541503906,108.36000061035156,106.31999969482422,108.5999984741211,105.12000274658203,20333,DHT,Tanker,2026-09-22
2008-08-12,26.740379333496094,108.4800033569336,106.80000305175781,108.4800033569336,105.95999908447266,16717,DHT,Tanker,2026-09-22
2008-08-13,26.85869789123535,108.95999908447266,108.0,109.80000305175781,105.5999984741211,37425,DHT,Tanker,2026-09-22
2008-08-14,27.539052963256836,111.72000122070312,107.76000213623047,112.19999694824219,107.04000091552734,17400,DHT,Tanker,2026-09-22
2008-08-15,27.15448760986328,110.16000366210938,112.19999694824219,113.76000213623047,108.5999984741211,20883,DHT,Tanker,2026-09-22
2008-08-18,26.977020263671875,109.44000244140625,109.55999755859375,111.4800033569336,108.83999633789062,12417,DHT,Tanker,2026-09-22
2008-08-19,26.5333194732666,107.63999938964844,108.5999984741211,109.44000244140625,106.19999694824219,15867,DHT,Tanker,2026-09-22
2008-08-20,26.562911987304688,107.76000213623047,106.44000244140625,109.68000030517578,105.83999633789062,18858,DHT,Tanker,2026-09-22
2008-08-21,26.91786003112793,109.19999694824219,105.5999984741211,111.72000122070312,105.5999984741211,17008,DHT,Tanker,2026-09-22
2008-08-22,27.598194122314453,111.95999908447266,108.72000122070312,112.68000030517578,108.72000122070312,16283,DHT,Tanker,2026-09-22
2008-08-25,27.1840763092041,110.27999877929688,111.5999984741211,111.72000122070312,109.80000305175781,19242,DHT,Tanker,2026-09-22
2008-08-26,26.326263427734375,106.80000305175781,109.55999755859375,112.31999969482422,106.31999969482422,63767,DHT,Tanker,2026-09-22
2008-08-27,26.20794105529785,106.31999969482422,106.19999694824219,108.0,106.19999694824219,35300,DHT,Tanker,2026-09-22
2008-08-28,26.29667854309082,106.68000030517578,105.72000122070312,107.63999938964844,105.5999984741211,22692,DHT,Tanker,2026-09-22
2008-08-29,26.35584259033203,106.91999816894531,106.80000305175781,106.91999816894531,105.5999984741211,16275,DHT,Tanker,2026-09-22
2008-09-02,26.85869789123535,108.95999908447266,112.19999694824219,112.91999816894531,108.0,51133,DHT,Tanker,2026-09-22
2008-09-03,26.769960403442383,108.5999984741211,109.44000244140625,111.0,107.16000366210938,43467,DHT,Tanker,2026-09-22
2008-09-04,26.4445858001709,107.27999877929688,108.0,109.31999969482422,106.31999969482422,32808,DHT,Tanker,2026-09-22
2008-09-05,26.474153518676758,107.4000015258789,107.4000015258789,109.31999969482422,106.55999755859375,41533,DHT,Tanker,2026-09-22
2008-09-08,26.59248924255371,107.87999725341797,109.55999755859375,109.91999816894531,106.68000030517578,23558,DHT,Tanker,2026-09-22
2008-09-09,25.586755752563477,103.80000305175781,108.4800033569336,108.4800033569336,103.08000183105469,31358,DHT,Tanker,2026-09-22
2008-09-10,25.764240264892578,104.5199966430664,104.5199966430664,106.08000183105469,103.55999755859375,37558,DHT,Tanker,2026-09-22
2008-09-11,25.611970901489258,100.91999816894531,100.80000305175781,102.5999984741211,99.5999984741211,38608,DHT,Tanker,2026-09-22
2008-09-12,25.733776092529297,101.4000015258789,100.44000244140625,103.08000183105469,99.83999633789062,22450,DHT,Tanker,2026-09-22
2008-09-15,23.60198402404785,93.0,99.36000061035156,99.36000061035156,91.19999694824219,38533,DHT,Tanker,2026-09-22
2008-09-16,23.60198402404785,93.0,90.0,94.55999755859375,87.4800033569336,40442,DHT,Tanker,2026-09-22
2008-09-17,22.414268493652344,88.31999969482422,92.16000366210938,92.4000015258789,85.80000305175781,91533,DHT,Tanker,2026-09-22
2008-09-18,22.657913208007812,89.27999877929688,88.91999816894531,91.55999755859375,83.87999725341797,100283,DHT,Tanker,2026-09-22
2008-09-19,23.84561538696289,93.95999908447266,94.80000305175781,96.83999633789062,87.36000061035156,80600,DHT,Tanker,2026-09-22
2008-09-22,22.657913208007812,89.27999877929688,93.23999786376953,93.36000061035156,89.27999877929688,31317,DHT,Tanker,2026-09-22
2008-09-23,21.805194854736328,85.91999816894531,89.5199966430664,89.87999725341797,85.19999694824219,28125,DHT,Tanker,2026-09-22
2008-09-24,21.774734497070312,85.80000305175781,85.80000305175781,86.87999725341797,85.19999694824219,31775,DHT,Tanker,2026-09-22
2008-09-25,21.835651397705078,86.04000091552734,85.31999969482422,87.36000061035156,85.19999694824219,26833,DHT,Tanker,2026-09-22
2008-09-26,21.043842315673828,82.91999816894531,84.95999908447266,85.68000030517578,81.0,44700,DHT,Tanker,2026-09-22
2008-09-29,19.70384407043457,77.63999938964844,81.4800033569336,81.95999908447266,60.2400016784668,53683,DHT,Tanker,2026-09-22
2008-09-30,20.4652042388916,80.63999938964844,76.08000183105469,80.63999938964844,75.0,45733,DHT,Tanker,2026-09-22
2008-10-01,19.82567024230957,78.12000274658203,80.63999938964844,81.23999786376953,76.08000183105469,30933,DHT,Tanker,2026-09-22
2008-10-02,17.90705680847168,70.55999755859375,76.80000305175781,78.5999984741211,70.55999755859375,24308,DHT,Tanker,2026-09-22
2008-10-03,17.115253448486328,67.44000244140625,71.87999725341797,73.19999694824219,66.83999633789062,27283,DHT,Tanker,2026-09-22
2008-10-06,15.866625785827637,62.52000045776367,65.04000091552734,65.4000015258789,58.560001373291016,51525,DHT,Tanker,2026-09-22
2008-10-07,14.465744018554688,57.0,62.52000045776367,63.36000061035156,57.0,39692,DHT,Tanker,2026-09-22
2008-10-08,13.247566223144531,52.20000076293945,55.31999969482422,55.31999969482422,42.599998474121094,71692,DHT,Tanker,2026-09-22
2008-10-09,12.120760917663574,47.7599983215332,52.31999969482422,53.63999938964844,46.79999923706055,68333,DHT,Tanker,2026-09-22
2008-10-10,11.176684379577637,44.040000915527344,45.0,46.20000076293945,39.0,69908,DHT,Tanker,2026-09-22
2008-10-13,14.19164752960205,55.91999816894531,47.880001068115234,55.91999816894531,46.439998626708984,13400,DHT,Tanker,2026-09-22
2008-10-14,14.313465118408203,56.400001525878906,58.79999923706055,63.599998474121094,56.040000915527344,47525,DHT,Tanker,2026-09-22
2008-10-15,12.63848876953125,49.79999923706055,55.68000030517578,58.79999923706055,49.20000076293945,30083,DHT,Tanker,2026-09-22
2008-10-16,13.217114448547363,52.08000183105469,50.040000915527344,52.20000076293945,46.68000030517578,47508,DHT,Tanker,2026-09-22
2008-10-17,12.668938636779785,49.91999816894531,50.63999938964844,55.08000183105469,49.20000076293945,49533,DHT,Tanker,2026-09-22
2008-10-20,13.85665225982666,54.599998474121094,50.400001525878906,55.560001373291016,50.400001525878906,28658,DHT,Tanker,2026-09-22
2008-10-21,13.552114486694336,53.400001525878906,54.47999954223633,55.439998626708984,52.68000030517578,18675,DHT,Tanker,2026-09-22
2008-10-22,11.938037872314453,47.040000915527344,52.31999969482422,63.599998474121094,46.20000076293945,21958,DHT,Tanker,2026-09-22
2008-10-23,13.217114448547363,52.08000183105469,49.20000076293945,55.20000076293945,48.720001220703125,53408,DHT,Tanker,2026-09-22
2008-10-24,12.699394226074219,50.040000915527344,49.79999923706055,52.91999816894531,48.0,34608,DHT,Tanker,2026-09-22
2008-10-27,12.212129592895508,48.119998931884766,50.7599983215332,51.599998474121094,48.119998931884766,33725,DHT,Tanker,2026-09-22
2008-10-28,13.308476448059082,52.439998626708984,50.279998779296875,52.439998626708984,46.79999923706055,28383,DHT,Tanker,2026-09-22
2008-10-29,15.287993431091309,60.2400016784668,54.2400016784668,60.959999084472656,53.52000045776367,55342,DHT,Tanker,2026-09-22
2008-10-30,15.379361152648926,60.599998474121094,61.68000030517578,64.08000183105469,57.599998474121094,35375,DHT,Tanker,2026-09-22
2008-10-31,16.018896102905273,63.119998931884766,60.599998474121094,64.31999969482422,58.79999923706055,34717,DHT,Tanker,2026-09-22
2008-11-03,15.805723190307617,62.279998779296875,66.4800033569336,67.44000244140625,61.68000030517578,27125,DHT,Tanker,2026-09-22
2008-11-04,16.749805450439453,66.0,67.08000183105469,67.08000183105469,63.119998931884766,21800,DHT,Tanker,2026-09-22
2008-11-05,15.683897972106934,61.79999923706055,65.5199966430664,68.27999877929688,61.560001373291016,19058,DHT,Tanker,2026-09-22
2008-11-06,14.587554931640625,57.47999954223633,61.08000183105469,62.400001525878906,56.15999984741211,19267,DHT,Tanker,2026-09-22
2008-11-07,15.40981674194336,60.720001220703125,57.84000015258789,62.63999938964844,57.84000015258789,18600,DHT,Tanker,2026-09-22
2008-11-10,14.587554931640625,57.47999954223633,63.720001220703125,63.720001220703125,57.0,24250,DHT,Tanker,2026-09-22
2008-11-11,13.978464126586914,55.08000183105469,57.47999954223633,57.599998474121094,54.36000061035156,20683,DHT,Tanker,2026-09-22
2008-11-12,12.029399871826172,47.400001525878906,54.47999954223633,55.08000183105469,47.400001525878906,29883,DHT,Tanker,2026-09-22
2008-11-13,14.37437629699707,56.63999938964844,47.52000045776367,56.63999938964844,46.560001373291016,30792,DHT,Tanker,2026-09-22
2008-11-14,14.100287437438965,55.560001373291016,55.91999816894531,59.400001525878906,53.279998779296875,26325,DHT,Tanker,2026-09-22
2008-11-17,14.069828033447266,55.439998626708984,54.0,56.880001068115234,52.439998626708984,35750,DHT,Tanker,2026-09-22
2008-11-18,15.683897972106934,61.79999923706055,61.20000076293945,68.4000015258789,56.7599983215332,89933,DHT,Tanker,2026-09-22
2008-11-19,14.73982048034668,58.08000183105469,60.0,62.279998779296875,58.08000183105469,39942,DHT,Tanker,2026-09-22
2008-11-20,12.851665496826172,50.63999938964844,57.720001220703125,58.439998626708984,50.279998779296875,50758,DHT,Tanker,2026-09-22
2008-11-21,13.52165412902832,53.279998779296875,52.79999923706055,53.279998779296875,48.0,42883,DHT,Tanker,2026-09-22
2008-11-24,14.983451843261719,59.040000915527344,54.119998931884766,59.63999938964844,53.15999984741211,46692,DHT,Tanker,2026-09-22
2008-11-25,15.683897972106934,61.79999923706055,59.7599983215332,62.279998779296875,56.880001068115234,39600,DHT,Tanker,2026-09-22
2008-11-26,17.20661163330078,67.80000305175781,60.36000061035156,67.91999816894531,60.119998931884766,70783,DHT,Tanker,2026-09-22
2008-11-28,17.206613540649414,64.19999694824219,66.72000122070312,66.72000122070312,60.599998474121094,18433,DHT,Tanker,2026-09-22
2008-12-01,15.53419017791748,57.959999084472656,68.04000091552734,68.04000091552734,57.84000015258789,36792,DHT,Tanker,2026-09-22
2008-12-02,16.65985870361328,62.15999984741211,60.599998474121094,64.31999969482422,59.52000045776367,32758,DHT,Tanker,2026-09-22
2008-12-03,16.884994506835938,63.0,59.880001068115234,63.720001220703125,58.79999923706055,30358,DHT,Tanker,2026-09-22
2008-12-04,15.276898384094238,57.0,61.439998626708984,62.400001525878906,56.400001525878906,20567,DHT,Tanker,2026-09-22
2008-12-05,15.1482572555542,56.52000045776367,56.15999984741211,60.599998474121094,56.15999984741211,59608,DHT,Tanker,2026-09-22
2008-12-08,16.177433013916016,60.36000061035156,59.880001068115234,60.599998474121094,57.47999954223633,33875,DHT,Tanker,2026-09-22
2008-12-09,15.952301979064941,59.52000045776367,60.119998931884766,60.959999084472656,58.20000076293945,37533,DHT,Tanker,2026-09-22
2008-12-10,17.528240203857422,65.4000015258789,61.68000030517578,66.0,60.84000015258789,38558,DHT,Tanker,2026-09-22
2008-12-11,17.11013412475586,63.84000015258789,63.84000015258789,69.0,63.0,44567,DHT,Tanker,2026-09-22
2008-12-12,18.171472549438477,67.80000305175781,62.400001525878906,68.63999938964844,62.15999984741211,33375,DHT,Tanker,2026-09-22
2008-12-15,17.97849464416504,67.08000183105469,68.5199966430664,69.95999908447266,66.0,29158,DHT,Tanker,2026-09-22
2008-12-16,18.879026412963867,70.44000244140625,67.55999755859375,70.68000030517578,66.12000274658203,31342,DHT,Tanker,2026-09-22
2008-12-17,19.20064926147461,71.63999938964844,70.19999694824219,73.80000305175781,68.5199966430664,52408,DHT,Tanker,2026-09-22
2008-12-18,18.171472549438477,67.80000305175781,73.19999694824219,73.19999694824219,66.72000122070312,25375,DHT,Tanker,2026-09-22
2008-12-19,17.88201332092285,66.72000122070312,70.44000244140625,71.27999877929688,65.4000015258789,36292,DHT,Tanker,2026-09-22
2008-12-22,17.753366470336914,66.23999786376953,67.31999969482422,67.80000305175781,60.47999954223633,38642,DHT,Tanker,2026-09-22
2008-12-23,17.43174934387207,65.04000091552734,66.95999908447266,69.83999633789062,62.52000045776367,40033,DHT,Tanker,2026-09-22
2008-12-24,17.72119903564453,66.12000274658203,64.91999816894531,66.83999633789062,63.2400016784668,21400,DHT,Tanker,2026-09-22
2008-12-26,17.753366470336914,66.23999786376953,66.36000061035156,66.5999984741211,63.2400016784668,11633,DHT,Tanker,2026-09-22
2008-12-29,16.820667266845703,62.7599983215332,66.23999786376953,66.83999633789062,60.2400016784668,31975,DHT,Tanker,2026-09-22
2008-12-30,17.238773345947266,64.31999969482422,63.47999954223633,64.44000244140625,61.20000076293945,23800,DHT,Tanker,2026-09-22
2008-12-31,17.817686080932617,66.4800033569336,63.84000015258789,67.19999694824219,62.63999938964844,32908,DHT,Tanker,2026-09-22
2009-01-02,18.750375747680664,69.95999908447266,66.12000274658203,71.87999725341797,65.04000091552734,19125,DHT,Tanker,2026-09-22
2009-01-05,19.45794677734375,72.5999984741211,69.72000122070312,73.08000183105469,68.4000015258789,16875,DHT,Tanker,2026-09-22
2009-01-06,20.261985778808594,75.5999984741211,73.44000244140625,77.63999938964844,71.63999938964844,28342,DHT,Tanker,2026-09-22
2009-01-07,19.20064926147461,71.63999938964844,75.0,75.0,69.12000274658203,22083,DHT,Tanker,2026-09-22
2009-01-08,20.229827880859375,75.4800033569336,71.5199966430664,75.4800033569336,69.72000122070312,36108,DHT,Tanker,2026-09-22
2009-01-09,20.712265014648438,77.27999877929688,76.68000030517578,82.55999755859375,74.4000015258789,44425,DHT,Tanker,2026-09-22
2009-01-12,19.586591720581055,73.08000183105469,77.4000015258789,77.76000213623047,72.72000122070312,18208,DHT,Tanker,2026-09-22
2009-01-13,20.101181030273438,75.0,73.31999969482422,75.83999633789062,72.0,21617,DHT,Tanker,2026-09-22
2009-01-14,20.004697799682617,74.63999938964844,74.16000366210938,75.95999908447266,70.19999694824219,34183,DHT,Tanker,2026-09-22
2009-01-15,21.451984405517578,80.04000091552734,75.0,80.04000091552734,71.4000015258789,38300,DHT,Tanker,2026-09-22
2009-01-16,20.776580810546875,77.5199966430664,81.12000274658203,81.83999633789062,74.04000091552734,24175,DHT,Tanker,2026-09-22
2009-01-20,19.908201217651367,74.27999877929688,77.16000366210938,77.16000366210938,73.19999694824219,24442,DHT,Tanker,2026-09-22
2009-01-21,20.937387466430664,78.12000274658203,74.16000366210938,78.12000274658203,74.16000366210938,31308,DHT,Tanker,2026-09-22
2009-01-22,20.840911865234375,77.76000213623047,76.68000030517578,79.68000030517578,76.19999694824219,43242,DHT,Tanker,2026-09-22
2009-01-23,20.165498733520508,75.23999786376953,75.72000122070312,77.87999725341797,74.5199966430664,23667,DHT,Tanker,2026-09-22
2009-01-26,20.744417190551758,77.4000015258789,75.5999984741211,80.16000366210938,75.12000274658203,27233,DHT,Tanker,2026-09-22
2009-01-27,20.96955108642578,78.23999786376953,77.5199966430664,80.04000091552734,76.44000244140625,26217,DHT,Tanker,2026-09-22
2009-01-28,21.677112579345703,80.87999725341797,79.91999816894531,81.36000061035156,79.19999694824219,27458,DHT,Tanker,2026-09-22
2009-01-29,20.487133026123047,76.44000244140625,79.19999694824219,80.04000091552734,76.19999694824219,19942,DHT,Tanker,2026-09-22
2009-01-30,19.972532272338867,74.5199966430664,77.16000366210938,77.76000213623047,74.27999877929688,21925,DHT,Tanker,2026-09-22
2009-02-02,20.90523910522461,78.0,73.80000305175781,78.23999786376953,72.0,25408,DHT,Tanker,2026-09-22
2009-02-03,21.066038131713867,78.5999984741211,78.4800033569336,80.4000015258789,77.76000213623047,23208,DHT,Tanker,2026-09-22
2009-02-04,20.647930145263672,77.04000091552734,78.4800033569336,80.4000015258789,76.80000305175781,18925,DHT,Tanker,2026-09-22
2009-02-05,20.776580810546875,77.5199966430664,75.36000061035156,79.55999755859375,75.12000274658203,16400,DHT,Tanker,2026-09-22
2009-02-06,21.066038131713867,78.5999984741211,77.16000366210938,80.04000091552734,76.91999816894531,25875,DHT,Tanker,2026-09-22
2009-02-09,21.22684669494629,79.19999694824219,78.12000274658203,79.80000305175781,77.87999725341797,24500,DHT,Tanker,2026-09-22
2009-02-10,20.647930145263672,77.04000091552734,84.5999984741211,84.5999984741211,76.80000305175781,36100,DHT,Tanker,2026-09-22
2009-02-11,20.90523910522461,78.0,76.55999755859375,79.55999755859375,75.0,27142,DHT,Tanker,2026-09-22
2009-02-12,21.516307830810547,80.27999877929688,78.23999786376953,80.4000015258789,75.95999908447266,36808,DHT,Tanker,2026-09-22
2009-02-13,21.355497360229492,79.68000030517578,79.55999755859375,81.0,78.0,29683,DHT,Tanker,2026-09-22
2009-02-17,20.422800064086914,76.19999694824219,79.44000244140625,79.44000244140625,75.36000061035156,36542,DHT,Tanker,2026-09-22
2009-02-18,19.45794677734375,72.5999984741211,75.95999908447266,77.04000091552734,72.12000274658203,45033,DHT,Tanker,2026-09-22
2009-02-19,20.390642166137695,76.08000183105469,72.83999633789062,76.80000305175781,72.83999633789062,25733,DHT,Tanker,2026-09-22
2009-02-20,19.618757247924805,73.19999694824219,74.87999725341797,77.76000213623047,71.76000213623047,39050,DHT,Tanker,2026-09-22
2009-02-23,19.52226448059082,72.83999633789062,74.27999877929688,77.63999938964844,72.0,54108,DHT,Tanker,2026-09-22
2009-02-24,20.469633102416992,72.5999984741211,72.5999984741211,73.19999694824219,69.72000122070312,27100,DHT,Tanker,2026-09-22
2009-02-25,19.92827606201172,70.68000030517578,72.23999786376953,72.95999908447266,69.72000122070312,29783,DHT,Tanker,2026-09-22
2009-02-26,18.845579147338867,66.83999633789062,71.63999938964844,71.87999725341797,66.83999633789062,22592,DHT,Tanker,2026-09-22
2009-02-27,18.135074615478516,64.31999969482422,66.0,66.83999633789062,58.439998626708984,35758,DHT,Tanker,2026-09-22
2009-03-02,15.800511360168457,56.040000915527344,62.63999938964844,62.7599983215332,55.79999923706055,100400,DHT,Tanker,2026-09-22
2009-03-03,14.751662254333496,52.31999969482422,56.279998779296875,58.20000076293945,51.599998474121094,41000,DHT,Tanker,2026-09-22
2009-03-04,15.834352493286133,56.15999984741211,53.63999938964844,57.599998474121094,53.63999938964844,28450,DHT,Tanker,2026-09-22
2009-03-05,14.650160789489746,51.959999084472656,54.47999954223633,55.08000183105469,51.119998931884766,27317,DHT,Tanker,2026-09-22
2009-03-06,14.34565258026123,50.880001068115234,52.31999969482422,57.599998474121094,49.20000076293945,35142,DHT,Tanker,2026-09-22
2009-03-09,14.582491874694824,51.720001220703125,50.15999984741211,53.040000915527344,49.560001373291016,28683,DHT,Tanker,2026-09-22
2009-03-10,15.191512107849121,53.880001068115234,52.79999923706055,55.439998626708984,52.68000030517578,19483,DHT,Tanker,2026-09-22
2009-03-11,15.09000015258789,53.52000045776367,54.47999954223633,55.79999923706055,52.79999923706055,13575,DHT,Tanker,2026-09-22
2009-03-12,15.394511222839355,54.599998474121094,53.400001525878906,55.68000030517578,51.599998474121094,23700,DHT,Tanker,2026-09-22
2009-03-13,15.09000015258789,53.52000045776367,55.20000076293945,55.31999969482422,52.79999923706055,15133,DHT,Tanker,2026-09-22
2009-03-16,14.480989456176758,51.36000061035156,53.7599983215332,54.720001220703125,51.0,22642,DHT,Tanker,2026-09-22
2009-03-17,15.191512107849121,53.880001068115234,51.599998474121094,54.119998931884766,50.52000045776367,31167,DHT,Tanker,2026-09-22
2009-03-18,15.191512107849121,53.880001068115234,53.040000915527344,54.36000061035156,52.31999969482422,14267,DHT,Tanker,2026-09-22
2009-03-19,15.191512107849121,53.880001068115234,54.119998931884766,54.119998931884766,51.599998474121094,27083,DHT,Tanker,2026-09-22
2009-03-20,14.480989456176758,51.36000061035156,54.119998931884766,55.68000030517578,51.119998931884766,28392,DHT,Tanker,2026-09-22
2009-03-23,15.766682624816895,55.91999816894531,52.79999923706055,56.7599983215332,52.31999969482422,26892,DHT,Tanker,2026-09-22
2009-03-24,16.172691345214844,57.36000061035156,55.20000076293945,59.040000915527344,55.20000076293945,28167,DHT,Tanker,2026-09-22
2009-03-25,16.81554412841797,59.63999938964844,59.15999984741211,61.20000076293945,57.36000061035156,35775,DHT,Tanker,2026-09-22
2009-03-26,16.138864517211914,57.2400016784668,60.2400016784668,63.0,57.119998931884766,69442,DHT,Tanker,2026-09-22
2009-03-27,14.041145324707031,49.79999923706055,52.20000076293945,52.439998626708984,48.0,538633,DHT,Tanker,2026-09-22
2009-03-30,12.992290496826172,46.08000183105469,48.0,48.47999954223633,45.119998931884766,130500,DHT,Tanker,2026-09-22
2009-03-31,12.992290496826172,46.08000183105469,47.400001525878906,47.400001525878906,42.119998931884766,93117,DHT,Tanker,2026-09-22
2009-04-01,13.195294380187988,46.79999923706055,44.52000045776367,47.7599983215332,44.400001525878906,39667,DHT,Tanker,2026-09-22
2009-04-02,13.770472526550293,48.84000015258789,48.0,50.400001525878906,47.880001068115234,65825,DHT,Tanker,2026-09-22
2009-04-03,13.601301193237305,48.2400016784668,49.20000076293945,49.20000076293945,46.439998626708984,44858,DHT,Tanker,2026-09-22
2009-04-06,13.736640930175781,48.720001220703125,47.63999938964844,48.84000015258789,46.91999816894531,31025,DHT,Tanker,2026-09-22
2009-04-07,12.518614768981934,44.400001525878906,48.0,48.47999954223633,43.79999923706055,77325,DHT,Tanker,2026-09-22
2009-04-08,12.92462158203125,45.84000015258789,44.880001068115234,47.040000915527344,44.880001068115234,39125,DHT,Tanker,2026-09-22
2009-04-09,13.330631256103516,47.279998779296875,47.040000915527344,48.0,45.959999084472656,47233,DHT,Tanker,2026-09-22
2009-04-13,13.296801567077637,47.15999984741211,45.959999084472656,47.7599983215332,45.119998931884766,40892,DHT,Tanker,2026-09-22
2009-04-14,13.432133674621582,47.63999938964844,46.560001373291016,49.31999969482422,45.599998474121094,39642,DHT,Tanker,2026-09-22
2009-04-15,13.668972969055176,48.47999954223633,47.63999938964844,48.47999954223633,45.84000015258789,27100,DHT,Tanker,2026-09-22
2009-04-16,13.804304122924805,48.959999084472656,48.2400016784668,49.439998626708984,46.79999923706055,54725,DHT,Tanker,2026-09-22
2009-04-17,14.311821937561035,50.7599983215332,49.20000076293945,51.0,48.599998474121094,61467,DHT,Tanker,2026-09-22
2009-04-20,13.398297309875488,47.52000045776367,49.91999816894531,49.91999816894531,46.91999816894531,34983,DHT,Tanker,2026-09-22
2009-04-21,14.108808517456055,50.040000915527344,48.0,50.040000915527344,47.040000915527344,46808,DHT,Tanker,2026-09-22
2009-04-22,13.770472526550293,48.84000015258789,48.36000061035156,50.400001525878906,48.0,43675,DHT,Tanker,2026-09-22
2009-04-23,13.059957504272461,46.31999969482422,48.119998931884766,48.720001220703125,45.2400016784668,66600,DHT,Tanker,2026-09-22
2009-04-24,13.465962409973145,47.7599983215332,47.880001068115234,47.880001068115234,46.20000076293945,39833,DHT,Tanker,2026-09-22
2009-04-27,12.789283752441406,45.36000061035156,47.63999938964844,48.2400016784668,44.880001068115234,60283,DHT,Tanker,2026-09-22
2009-04-28,13.229130744934082,46.91999816894531,45.0,47.63999938964844,45.0,31292,DHT,Tanker,2026-09-22
2009-04-29,13.97347640991211,49.560001373291016,47.52000045776367,50.040000915527344,47.15999984741211,41975,DHT,Tanker,2026-09-22
2009-04-30,14.244149208068848,50.52000045776367,49.91999816894531,51.599998474121094,48.36000061035156,100292,DHT,Tanker,2026-09-22
2009-05-01,14.683998107910156,52.08000183105469,50.52000045776367,52.20000076293945,49.91999816894531,63900,DHT,Tanker,2026-09-22
2009-05-04,15.428339004516602,54.720001220703125,52.439998626708984,54.720001220703125,51.720001220703125,181200,DHT,Tanker,2026-09-22
2009-05-05,15.665177345275879,55.560001373291016,53.52000045776367,55.560001373291016,51.959999084472656,88742,DHT,Tanker,2026-09-22
2009-05-06,16.07119369506836,57.0,56.400001525878906,57.0,54.2400016784668,75525,DHT,Tanker,2026-09-22
2009-05-07,15.597517013549805,55.31999969482422,57.599998474121094,57.959999084472656,53.15999984741211,71325,DHT,Tanker,2026-09-22
2009-05-08,16.037357330322266,56.880001068115234,55.68000030517578,56.880001068115234,54.0,47483,DHT,Tanker,2026-09-22
2009-05-11,15.834352493286133,56.15999984741211,55.79999923706055,57.119998931884766,55.20000076293945,35958,DHT,Tanker,2026-09-22
2009-05-12,15.52984619140625,55.08000183105469,55.91999816894531,56.7599983215332,54.0,32450,DHT,Tanker,2026-09-22
2009-05-13,14.413314819335938,51.119998931884766,54.959999084472656,54.959999084472656,51.0,36433,DHT,Tanker,2026-09-22
2009-05-14,15.428339004516602,54.720001220703125,51.2400016784668,54.720001220703125,49.68000030517578,42158,DHT,Tanker,2026-09-22
2009-05-15,14.548659324645996,51.599998474121094,54.599998474121094,54.599998474121094,51.0,41500,DHT,Tanker,2026-09-22
2009-05-18,15.73284912109375,55.79999923706055,52.79999923706055,55.79999923706055,52.560001373291016,52400,DHT,Tanker,2026-09-22
2009-05-19,16.206523895263672,57.47999954223633,58.20000076293945,58.79999923706055,55.91999816894531,79342,DHT,Tanker,2026-09-22
2009-05-20,16.883207321166992,59.880001068115234,58.08000183105469,61.20000076293945,57.959999084472656,85117,DHT,Tanker,2026-09-22
2009-05-21,16.54486846923828,58.68000030517578,59.279998779296875,59.279998779296875,56.63999938964844,55750,DHT,Tanker,2026-09-22
2009-05-22,16.54486846923828,58.68000030517578,59.279998779296875,60.2400016784668,58.439998626708984,32900,DHT,Tanker,2026-09-22
2009-05-26,17.559892654418945,62.279998779296875,58.20000076293945,63.0,58.20000076293945,80442,DHT,Tanker,2026-09-22
2009-05-27,17.661392211914062,62.63999938964844,63.36000061035156,64.31999969482422,62.400001525878906,59867,DHT,Tanker,2026-09-22
2009-05-28,18.47340202331543,65.5199966430664,63.47999954223633,66.0,61.31999969482422,64258,DHT,Tanker,2026-09-22
2009-05-29,19.522266387939453,69.23999786376953,66.0,69.23999786376953,66.0,105075,DHT,Tanker,2026-09-22
2009-06-01,19.911298751831055,67.55999755859375,69.72000122070312,69.83999633789062,66.12000274658203,75042,DHT,Tanker,2026-09-22
2009-06-02,20.017398834228516,67.91999816894531,67.44000244140625,68.5199966430664,65.76000213623047,48333,DHT,Tanker,2026-09-22
2009-06-03,19.593006134033203,66.4800033569336,67.08000183105469,67.55999755859375,65.4000015258789,47008,DHT,Tanker,2026-09-22
2009-06-04,19.133241653442383,64.91999816894531,66.4800033569336,66.4800033569336,63.0,62375,DHT,Tanker,2026-09-22
2009-06-05,18.49665069580078,62.7599983215332,64.31999969482422,65.4000015258789,62.279998779296875,32417,DHT,Tanker,2026-09-22
2009-06-08,18.355173110961914,62.279998779296875,61.91999816894531,63.0,59.7599983215332,37683,DHT,Tanker,2026-09-22
2009-06-09,18.5673770904541,63.0,62.7599983215332,65.4000015258789,61.91999816894531,33283,DHT,Tanker,2026-09-22
2009-06-10,19.203969955444336,65.16000366210938,63.599998474121094,65.4000015258789,63.2400016784668,28850,DHT,Tanker,2026-09-22
2009-06-11,18.744213104248047,63.599998474121094,66.12000274658203,66.12000274658203,63.0,25917,DHT,Tanker,2026-09-22
2009-06-12,18.390544891357422,62.400001525878906,63.720001220703125,64.08000183105469,61.20000076293945,20525,DHT,Tanker,2026-09-22
2009-06-15,17.86005210876465,60.599998474121094,62.15999984741211,62.15999984741211,60.0,32158,DHT,Tanker,2026-09-22
2009-06-16,17.753952026367188,60.2400016784668,60.599998474121094,62.15999984741211,60.0,25242,DHT,Tanker,2026-09-22
2009-06-17,17.753952026367188,60.2400016784668,60.2400016784668,61.08000183105469,59.880001068115234,34475,DHT,Tanker,2026-09-22
2009-06-18,17.895410537719727,60.720001220703125,60.0,60.720001220703125,60.0,23833,DHT,Tanker,2026-09-22
2009-06-19,17.718584060668945,60.119998931884766,60.959999084472656,61.68000030517578,60.0,37225,DHT,Tanker,2026-09-22
2009-06-22,16.551485061645508,56.15999984741211,60.0,60.36000061035156,54.959999084472656,51467,DHT,Tanker,2026-09-22
2009-06-23,16.975879669189453,57.599998474121094,56.7599983215332,58.08000183105469,55.91999816894531,35533,DHT,Tanker,2026-09-22
2009-06-24,17.1527099609375,58.20000076293945,57.959999084472656,60.0,57.84000015258789,17150,DHT,Tanker,2026-09-22
2009-06-25,17.541749954223633,59.52000045776367,58.20000076293945,59.7599983215332,58.20000076293945,22417,DHT,Tanker,2026-09-22
2009-06-26,19.168601989746094,65.04000091552734,59.63999938964844,66.12000274658203,58.91999816894531,146208,DHT,Tanker,2026-09-22
2009-06-29,18.355173110961914,62.279998779296875,64.19999694824219,64.55999755859375,61.20000076293945,29258,DHT,Tanker,2026-09-22
2009-06-30,18.4259090423584,62.52000045776367,62.279998779296875,63.119998931884766,61.439998626708984,18617,DHT,Tanker,2026-09-22
2009-07-01,18.355173110961914,62.279998779296875,63.119998931884766,63.47999954223633,62.15999984741211,20875,DHT,Tanker,2026-09-22
2009-07-02,17.50638198852539,59.400001525878906,62.52000045776367,62.52000045776367,59.400001525878906,24375,DHT,Tanker,2026-09-22
2009-07-06,17.081989288330078,57.959999084472656,59.880001068115234,60.0,57.119998931884766,21975,DHT,Tanker,2026-09-22
2009-07-07,16.303924560546875,55.31999969482422,58.20000076293945,58.31999969482422,55.20000076293945,33958,DHT,Tanker,2026-09-22
2009-07-08,15.77342414855957,53.52000045776367,55.68000030517578,55.68000030517578,52.560001373291016,49625,DHT,Tanker,2026-09-22
2009-07-09,16.799049377441406,57.0,54.119998931884766,57.47999954223633,53.400001525878906,24658,DHT,Tanker,2026-09-22
2009-07-10,16.197818756103516,54.959999084472656,56.15999984741211,56.15999984741211,53.7599983215332,24008,DHT,Tanker,2026-09-22
2009-07-13,16.586856842041016,56.279998779296875,54.720001220703125,56.400001525878906,54.0,22633,DHT,Tanker,2026-09-22
2009-07-14,16.799049377441406,57.0,56.279998779296875,57.36000061035156,55.79999923706055,22783,DHT,Tanker,2026-09-22
2009-07-15,17.68320655822754,60.0,58.08000183105469,60.36000061035156,58.08000183105469,35383,DHT,Tanker,2026-09-22
2009-07-16,17.647846221923828,59.880001068115234,59.880001068115234,60.599998474121094,58.79999923706055,17325,DHT,Tanker,2026-09-22
2009-07-17,17.61248016357422,59.7599983215332,60.2400016784668,60.36000061035156,58.79999923706055,32017,DHT,Tanker,2026-09-22
2009-07-20,18.284439086914062,62.040000915527344,60.119998931884766,62.52000045776367,60.119998931884766,27083,DHT,Tanker,2026-09-22
2009-07-21,17.541749954223633,59.52000045776367,60.84000015258789,60.959999084472656,57.599998474121094,44108,DHT,Tanker,2026-09-22
2009-07-22,17.541749954223633,59.52000045776367,59.15999984741211,59.880001068115234,58.08000183105469,20708,DHT,Tanker,2026-09-22
2009-07-23,17.753952026367188,60.2400016784668,59.400001525878906,62.400001525878906,58.79999923706055,52192,DHT,Tanker,2026-09-22
2009-07-24,17.86005210876465,60.599998474121094,60.0,60.599998474121094,58.79999923706055,16875,DHT,Tanker,2026-09-22
2009-07-27,18.14297866821289,61.560001373291016,60.720001220703125,62.400001525878906,60.720001220703125,23050,DHT,Tanker,2026-09-22
2009-07-28,17.647846221923828,59.880001068115234,61.560001373291016,61.79999923706055,59.400001525878906,27917,DHT,Tanker,2026-09-22
2009-07-29,17.29418182373047,58.68000030517578,59.400001525878906,59.880001068115234,58.68000030517578,16125,DHT,Tanker,2026-09-22
2009-07-30,17.68320655822754,60.0,59.400001525878906,61.79999923706055,59.040000915527344,37142,DHT,Tanker,2026-09-22
2009-07-31,17.7893123626709,60.36000061035156,60.0,61.68000030517578,59.7599983215332,25250,DHT,Tanker,2026-09-22
2009-08-03,18.355173110961914,62.279998779296875,60.599998474121094,62.279998779296875,60.599998474121094,31183,DHT,Tanker,2026-09-22
2009-08-04,18.390544891357422,62.400001525878906,60.84000015258789,62.400001525878906,59.400001525878906,27817,DHT,Tanker,2026-09-22
2009-08-05,18.390544891357422,62.400001525878906,62.400001525878906,63.0,60.959999084472656,28875,DHT,Tanker,2026-09-22
2009-08-06,18.036880493164062,61.20000076293945,62.7599983215332,62.7599983215332,61.08000183105469,18550,DHT,Tanker,2026-09-22
2009-08-07,18.673477172851562,63.36000061035156,62.400001525878906,63.720001220703125,61.20000076293945,38617,DHT,Tanker,2026-09-22
2009-08-10,18.4259090423584,62.52000045776367,63.47999954223633,63.47999954223633,61.08000183105469,36400,DHT,Tanker,2026-09-22
2009-08-11,17.61248016357422,59.7599983215332,63.0,63.36000061035156,59.7599983215332,40200,DHT,Tanker,2026-09-22
2009-08-12,17.966144561767578,60.959999084472656,60.119998931884766,62.040000915527344,58.91999816894531,47300,DHT,Tanker,2026-09-22
2009-08-13,18.178346633911133,61.68000030517578,61.91999816894531,62.040000915527344,59.880001068115234,32992,DHT,Tanker,2026-09-22
2009-08-14,17.7893123626709,60.36000061035156,62.040000915527344,62.040000915527344,59.400001525878906,28500,DHT,Tanker,2026-09-22
2009-08-17,17.435649871826172,59.15999984741211,59.400001525878906,60.0,58.20000076293945,35617,DHT,Tanker,2026-09-22
2009-08-18,17.647846221923828,59.880001068115234,59.400001525878906,60.2400016784668,58.79999923706055,36617,DHT,Tanker,2026-09-22
2009-08-19,17.82468605041504,60.47999954223633,59.7599983215332,61.31999969482422,59.52000045776367,27258,DHT,Tanker,2026-09-22
2009-08-20,18.10761070251465,61.439998626708984,60.84000015258789,61.439998626708984,60.0,16808,DHT,Tanker,2026-09-22
2009-08-21,18.249080657958984,61.91999816894531,61.31999969482422,63.0,61.31999969482422,39725,DHT,Tanker,2026-09-22
2009-08-24,18.673477172851562,63.36000061035156,62.880001068115234,66.0,61.79999923706055,45475,DHT,Tanker,2026-09-22
2009-08-25,18.991769790649414,64.44000244140625,63.84000015258789,65.4000015258789,63.84000015258789,38592,DHT,Tanker,2026-09-22
2009-08-26,19.02713394165039,64.55999755859375,64.55999755859375,64.80000305175781,63.599998474121094,23792,DHT,Tanker,2026-09-22
2009-08-27,18.956411361694336,64.31999969482422,65.04000091552734,65.04000091552734,61.68000030517578,40100,DHT,Tanker,2026-09-22
2009-08-28,18.77957534790039,63.720001220703125,64.80000305175781,65.04000091552734,61.91999816894531,36308,DHT,Tanker,2026-09-22
2009-08-31,18.390544891357422,62.400001525878906,62.880001068115234,63.47999954223633,62.040000915527344,34567,DHT,Tanker,2026-09-22
2009-09-01,17.966144561767578,60.959999084472656,62.040000915527344,63.36000061035156,60.84000015258789,36342,DHT,Tanker,2026-09-22
2009-09-02,14.14657211303711,48.0,50.279998779296875,51.84000015258789,45.84000015258789,472958,DHT,Tanker,2026-09-22
2009-09-03,13.93437385559082,47.279998779296875,49.08000183105469,49.08000183105469,46.08000183105469,160417,DHT,Tanker,2026-09-22
2009-09-04,14.14657211303711,48.0,47.15999984741211,48.0,45.84000015258789,96875,DHT,Tanker,2026-09-22
2009-09-08,13.686809539794922,46.439998626708984,47.400001525878906,48.36000061035156,45.84000015258789,108042,DHT,Tanker,2026-09-22
2009-09-09,13.29777717590332,45.119998931884766,45.84000015258789,46.20000076293945,44.400001525878906,161642,DHT,Tanker,2026-09-22
2009-09-10,12.908744812011719,43.79999923706055,45.119998931884766,45.119998931884766,43.439998626708984,89275,DHT,Tanker,2026-09-22
2009-09-11,13.227043151855469,44.880001068115234,43.560001373291016,44.880001068115234,43.560001373291016,98958,DHT,Tanker,2026-09-22
2009-09-14,13.61607551574707,46.20000076293945,45.2400016784668,46.439998626708984,44.7599983215332,75742,DHT,Tanker,2026-09-22
2009-09-15,13.403873443603516,45.47999954223633,46.439998626708984,46.68000030517578,45.119998931884766,58517,DHT,Tanker,2026-09-22
2009-09-16,13.93437385559082,47.279998779296875,45.47999954223633,47.400001525878906,45.0,93500,DHT,Tanker,2026-09-22
2009-09-17,13.93437385559082,47.279998779296875,47.63999938964844,48.119998931884766,46.31999969482422,77317,DHT,Tanker,2026-09-22
2009-09-18,14.040472030639648,47.63999938964844,47.63999938964844,48.0,46.68000030517578,64850,DHT,Tanker,2026-09-22
2009-09-21,14.075835227966309,47.7599983215332,47.7599983215332,47.7599983215332,46.79999923706055,72100,DHT,Tanker,2026-09-22
2009-09-22,14.00510311126709,47.52000045776367,48.0,48.119998931884766,47.279998779296875,46275,DHT,Tanker,2026-09-22
2009-09-23,13.686809539794922,46.439998626708984,47.400001525878906,47.7599983215332,46.20000076293945,41358,DHT,Tanker,2026-09-22
2009-09-24,13.545340538024902,45.959999084472656,46.68000030517578,46.91999816894531,45.47999954223633,50817,DHT,Tanker,2026-09-22
2009-09-25,13.509979248046875,45.84000015258789,45.720001220703125,45.959999084472656,45.0,32517,DHT,Tanker,2026-09-22
2009-09-28,13.545340538024902,45.959999084472656,46.08000183105469,46.08000183105469,45.599998474121094,36150,DHT,Tanker,2026-09-22
2009-09-29,13.403873443603516,45.47999954223633,45.599998474121094,45.959999084472656,45.119998931884766,36283,DHT,Tanker,2026-09-22
2009-09-30,13.29777717590332,45.119998931884766,45.2400016784668,45.720001220703125,45.0,45475,DHT,Tanker,2026-09-22
2009-10-01,13.227043151855469,44.880001068115234,45.84000015258789,45.84000015258789,44.400001525878906,50000,DHT,Tanker,2026-09-22
2009-10-02,12.97947883605957,44.040000915527344,44.52000045776367,44.52000045776367,43.79999923706055,42033,DHT,Tanker,2026-09-22
2009-10-05,13.368510246276855,45.36000061035156,44.15999984741211,45.47999954223633,43.79999923706055,43525,DHT,Tanker,2026-09-22
2009-10-06,13.403873443603516,45.47999954223633,44.880001068115234,46.08000183105469,44.880001068115234,53042,DHT,Tanker,2026-09-22
2009-10-07,13.439242362976074,45.599998474121094,45.36000061035156,45.84000015258789,45.0,20625,DHT,Tanker,2026-09-22
2009-10-08,13.580709457397461,46.08000183105469,45.36000061035156,47.040000915527344,45.36000061035156,53533,DHT,Tanker,2026-09-22
2009-10-09,13.651439666748047,46.31999969482422,45.959999084472656,46.91999816894531,45.84000015258789,22100,DHT,Tanker,2026-09-22
2009-10-12,13.509979248046875,45.84000015258789,46.91999816894531,47.040000915527344,45.720001220703125,32600,DHT,Tanker,2026-09-22
2009-10-13,13.439242362976074,45.599998474121094,45.720001220703125,45.720001220703125,44.7599983215332,32025,DHT,Tanker,2026-09-22
2009-10-14,13.474615097045898,45.720001220703125,46.20000076293945,46.20000076293945,45.47999954223633,25975,DHT,Tanker,2026-09-22
2009-10-15,13.333146095275879,45.2400016784668,45.36000061035156,45.720001220703125,45.0,27217,DHT,Tanker,2026-09-22
2009-10-16,13.26241683959961,45.0,45.2400016784668,45.959999084472656,44.7599983215332,25408,DHT,Tanker,2026-09-22
2009-10-19,13.403873443603516,45.47999954223633,45.0,45.599998474121094,45.0,17942,DHT,Tanker,2026-09-22
2009-10-20,13.792905807495117,46.79999923706055,44.880001068115234,46.79999923706055,44.880001068115234,45358,DHT,Tanker,2026-09-22
2009-10-21,13.085575103759766,44.400001525878906,46.31999969482422,46.79999923706055,44.279998779296875,45808,DHT,Tanker,2026-09-22
2009-10-22,13.509979248046875,45.84000015258789,44.400001525878906,46.08000183105469,44.400001525878906,27842,DHT,Tanker,2026-09-22
2009-10-23,13.12094497680664,44.52000045776367,45.959999084472656,46.08000183105469,44.279998779296875,36067,DHT,Tanker,2026-09-22
2009-10-26,12.767281532287598,43.31999969482422,44.63999938964844,44.880001068115234,43.20000076293945,32092,DHT,Tanker,2026-09-22
2009-10-27,12.378247261047363,42.0,43.20000076293945,43.20000076293945,42.0,31900,DHT,Tanker,2026-09-22
2009-10-28,11.989216804504395,40.68000030517578,42.0,42.599998474121094,40.560001373291016,37650,DHT,Tanker,2026-09-22
2009-10-29,12.448981285095215,42.2400016784668,41.040000915527344,42.36000061035156,40.68000030517578,35933,DHT,Tanker,2026-09-22
2009-10-30,12.095316886901855,41.040000915527344,42.36000061035156,42.36000061035156,40.79999923706055,30183,DHT,Tanker,2026-09-22
2009-11-02,12.13068675994873,41.15999984741211,41.400001525878906,41.7599983215332,40.20000076293945,41167,DHT,Tanker,2026-09-22
2009-11-03,12.378247261047363,42.0,40.68000030517578,42.119998931884766,40.439998626708984,36850,DHT,Tanker,2026-09-22
2009-11-04,12.519718170166016,42.47999954223633,42.2400016784668,43.31999969482422,42.0,38300,DHT,Tanker,2026-09-22
2009-11-05,13.050214767456055,44.279998779296875,42.959999084472656,44.400001525878906,42.36000061035156,25225,DHT,Tanker,2026-09-22
2009-11-06,12.731916427612305,43.20000076293945,43.91999816894531,44.15999984741211,42.720001220703125,17483,DHT,Tanker,2026-09-22
2009-11-09,13.156311988830566,44.63999938964844,43.68000030517578,45.36000061035156,43.08000183105469,32583,DHT,Tanker,2026-09-22
2009-11-10,12.802648544311523,43.439998626708984,44.040000915527344,44.880001068115234,43.20000076293945,20033,DHT,Tanker,2026-09-22
2009-11-11,13.085575103759766,44.400001525878906,44.040000915527344,44.52000045776367,43.31999969482422,26967,DHT,Tanker,2026-09-22
2009-11-12,12.731916427612305,43.20000076293945,44.400001525878906,44.880001068115234,43.08000183105469,36433,DHT,Tanker,2026-09-22
2009-11-13,12.802648544311523,43.439998626708984,43.31999969482422,44.400001525878906,43.20000076293945,23992,DHT,Tanker,2026-09-22
2009-11-16,13.333146095275879,45.2400016784668,43.68000030517578,45.599998474121094,43.31999969482422,35600,DHT,Tanker,2026-09-22
2009-11-17,13.722177505493164,46.560001373291016,45.119998931884766,46.560001373291016,45.0,24150,DHT,Tanker,2026-09-22
2009-11-18,14.040472030639648,47.63999938964844,46.68000030517578,48.2400016784668,46.439998626708984,64083,DHT,Tanker,2026-09-22
2009-11-19,14.14657211303711,48.0,47.880001068115234,48.0,45.36000061035156,55150,DHT,Tanker,2026-09-22
2009-11-20,14.00510311126709,47.52000045776367,47.400001525878906,47.7599983215332,45.959999084472656,27758,DHT,Tanker,2026-09-22
2009-11-23,14.323397636413574,48.599998474121094,47.7599983215332,49.20000076293945,47.040000915527344,54667,DHT,Tanker,2026-09-22
2009-11-24,14.252674102783203,48.36000061035156,45.0,48.36000061035156,44.400001525878906,75958,DHT,Tanker,2026-09-22
2009-11-25,14.535601615905762,49.31999969482422,48.0,49.439998626708984,47.52000045776367,59358,DHT,Tanker,2026-09-22
2009-11-27,14.252674102783203,48.36000061035156,47.880001068115234,48.959999084472656,47.400001525878906,17733,DHT,Tanker,2026-09-22
2009-11-30,14.217303276062012,48.2400016784668,48.36000061035156,48.47999954223633,47.15999984741211,36333,DHT,Tanker,2026-09-22
2009-12-01,14.959996223449707,50.7599983215332,48.119998931884766,51.0,47.880001068115234,67792,DHT,Tanker,2026-09-22
2009-12-02,14.535601615905762,49.31999969482422,50.7599983215332,50.7599983215332,48.959999084472656,35667,DHT,Tanker,2026-09-22
2009-12-03,14.747798919677734,50.040000915527344,49.560001373291016,51.2400016784668,49.20000076293945,33325,DHT,Tanker,2026-09-22
2009-12-04,14.959996223449707,50.7599983215332,50.52000045776367,51.720001220703125,50.040000915527344,22475,DHT,Tanker,2026-09-22
2009-12-07,14.712434768676758,49.91999816894531,51.0,51.0,49.439998626708984,16983,DHT,Tanker,2026-09-22
2009-12-08,14.570968627929688,49.439998626708984,49.560001373291016,50.040000915527344,49.20000076293945,20408,DHT,Tanker,2026-09-22
2009-12-09,14.14657211303711,48.0,49.08000183105469,49.68000030517578,47.52000045776367,42900,DHT,Tanker,2026-09-22
2009-12-10,13.828274726867676,46.91999816894531,49.08000183105469,49.08000183105469,46.439998626708984,23975,DHT,Tanker,2026-09-22
2009-12-11,13.792905807495117,46.79999923706055,46.79999923706055,47.7599983215332,46.20000076293945,25600,DHT,Tanker,2026-09-22
2009-12-14,13.828274726867676,46.91999816894531,47.040000915527344,47.7599983215332,45.720001220703125,28175,DHT,Tanker,2026-09-22
2009-12-15,13.792905807495117,46.79999923706055,46.91999816894531,47.880001068115234,46.439998626708984,24350,DHT,Tanker,2026-09-22
2009-12-16,13.651439666748047,46.31999969482422,46.68000030517578,47.52000045776367,46.08000183105469,24233,DHT,Tanker,2026-09-22
2009-12-17,13.509979248046875,45.84000015258789,46.08000183105469,46.560001373291016,45.84000015258789,13733,DHT,Tanker,2026-09-22
2009-12-18,13.474615097045898,45.720001220703125,45.959999084472656,46.79999923706055,45.599998474121094,34317,DHT,Tanker,2026-09-22
2009-12-21,13.651439666748047,46.31999969482422,45.599998474121094,46.560001373291016,45.599998474121094,29667,DHT,Tanker,2026-09-22
2009-12-22,13.050214767456055,44.279998779296875,45.720001220703125,46.08000183105469,44.040000915527344,50583,DHT,Tanker,2026-09-22
2009-12-23,12.97947883605957,44.040000915527344,44.400001525878906,44.63999938964844,43.31999969482422,30208,DHT,Tanker,2026-09-22
2009-12-24,13.722177505493164,46.560001373291016,44.040000915527344,46.560001373291016,44.040000915527344,19000,DHT,Tanker,2026-09-22
2009-12-28,13.191679954528809,44.7599983215332,46.68000030517578,46.68000030517578,44.400001525878906,37575,DHT,Tanker,2026-09-22
2009-12-29,13.156311988830566,44.63999938964844,45.2400016784668,45.2400016784668,44.400001525878906,18758,DHT,Tanker,2026-09-22
2009-12-30,13.227043151855469,44.880001068115234,44.400001525878906,45.0,44.279998779296875,27083,DHT,Tanker,2026-09-22
2009-12-31,13.014849662780762,44.15999984741211,44.279998779296875,45.0,43.79999923706055,36158,DHT,Tanker,2026-09-22
2010-01-04,13.580709457397461,46.08000183105469,44.15999984741211,46.31999969482422,44.15999984741211,39033,DHT,Tanker,2026-09-22
2010-01-05,13.792905807495117,46.79999923706055,45.720001220703125,47.7599983215332,45.720001220703125,29792,DHT,Tanker,2026-09-22
2010-01-06,13.969740867614746,47.400001525878906,46.79999923706055,48.599998474121094,46.79999923706055,36200,DHT,Tanker,2026-09-22
2010-01-07,14.00510311126709,47.52000045776367,47.279998779296875,48.119998931884766,46.79999923706055,19583,DHT,Tanker,2026-09-22
2010-01-08,14.14657211303711,48.0,47.279998779296875,48.119998931884766,46.20000076293945,40400,DHT,Tanker,2026-09-22
2010-01-11,14.252674102783203,48.36000061035156,48.36000061035156,49.79999923706055,48.119998931884766,58342,DHT,Tanker,2026-09-22
2010-01-12,14.040472030639648,47.63999938964844,47.880001068115234,48.84000015258789,47.15999984741211,23958,DHT,Tanker,2026-09-22
2010-01-13,14.181938171386719,48.119998931884766,48.0,48.599998474121094,47.279998779296875,16808,DHT,Tanker,2026-09-22
2010-01-14,14.252674102783203,48.36000061035156,48.0,48.599998474121094,47.400001525878906,22375,DHT,Tanker,2026-09-22
2010-01-15,14.00510311126709,47.52000045776367,48.0,48.36000061035156,46.79999923706055,21267,DHT,Tanker,2026-09-22
2010-01-19,13.792905807495117,46.79999923706055,47.52000045776367,47.7599983215332,46.439998626708984,23083,DHT,Tanker,2026-09-22
2010-01-20,13.545340538024902,45.959999084472656,46.31999969482422,46.79999923706055,45.47999954223633,24350,DHT,Tanker,2026-09-22
2010-01-21,13.085575103759766,44.400001525878906,45.84000015258789,46.31999969482422,44.400001525878906,24950,DHT,Tanker,2026-09-22
2010-01-22,13.050214767456055,44.279998779296875,44.400001525878906,45.119998931884766,43.91999816894531,27533,DHT,Tanker,2026-09-22
2010-01-25,13.227043151855469,44.880001068115234,44.63999938964844,45.47999954223633,44.52000045776367,25217,DHT,Tanker,2026-09-22
2010-01-26,13.580709457397461,46.08000183105469,44.7599983215332,46.79999923706055,44.400001525878906,34042,DHT,Tanker,2026-09-22
2010-01-27,13.61607551574707,46.20000076293945,45.599998474121094,46.31999969482422,45.0,18925,DHT,Tanker,2026-09-22
2010-01-28,13.403873443603516,45.47999954223633,46.20000076293945,46.20000076293945,44.7599983215332,41008,DHT,Tanker,2026-09-22
2010-01-29,13.333146095275879,45.2400016784668,45.47999954223633,46.68000030517578,44.63999938964844,43608,DHT,Tanker,2026-09-22
2010-02-01,13.439242362976074,45.599998474121094,45.0,45.599998474121094,44.400001525878906,18358,DHT,Tanker,2026-09-22
2010-02-02,13.439242362976074,45.599998474121094,45.47999954223633,46.31999969482422,44.63999938964844,21150,DHT,Tanker,2026-09-22
2010-02-03,13.368510246276855,45.36000061035156,45.2400016784668,45.84000015258789,44.52000045776367,13675,DHT,Tanker,2026-09-22
2010-02-04,12.590448379516602,42.720001220703125,45.0,45.119998931884766,42.47999954223633,30075,DHT,Tanker,2026-09-22
2010-02-05,12.696552276611328,43.08000183105469,42.720001220703125,44.279998779296875,40.79999923706055,53142,DHT,Tanker,2026-09-22
2010-02-08,12.555085182189941,42.599998474121094,42.959999084472656,44.040000915527344,42.2400016784668,13908,DHT,Tanker,2026-09-22
2010-02-09,12.767281532287598,43.31999969482422,42.36000061035156,43.68000030517578,41.400001525878906,12925,DHT,Tanker,2026-09-22
2010-02-10,12.802648544311523,43.439998626708984,43.20000076293945,43.560001373291016,41.7599983215332,16275,DHT,Tanker,2026-09-22
2010-02-11,12.767281532287598,43.31999969482422,43.08000183105469,43.68000030517578,42.119998931884766,25192,DHT,Tanker,2026-09-22
2010-02-12,12.413615226745605,42.119998931884766,42.84000015258789,42.959999084472656,41.880001068115234,16500,DHT,Tanker,2026-09-22
2010-02-16,12.448981285095215,42.2400016784668,42.2400016784668,44.15999984741211,39.599998474121094,41258,DHT,Tanker,2026-09-22
2010-02-17,12.661178588867188,42.959999084472656,42.0,43.79999923706055,42.0,17533,DHT,Tanker,2026-09-22
2010-02-18,13.12094497680664,44.52000045776367,42.84000015258789,44.52000045776367,42.84000015258789,13808,DHT,Tanker,2026-09-22
2010-02-19,12.873382568359375,43.68000030517578,44.52000045776367,44.7599983215332,43.439998626708984,13917,DHT,Tanker,2026-09-22
2010-02-22,12.731916427612305,43.20000076293945,43.91999816894531,44.040000915527344,42.720001220703125,11217,DHT,Tanker,2026-09-22
2010-02-23,12.519718170166016,42.47999954223633,42.84000015258789,43.31999969482422,42.0,15292,DHT,Tanker,2026-09-22
2010-02-24,12.625818252563477,42.84000015258789,42.47999954223633,43.20000076293945,42.2400016784668,14400,DHT,Tanker,2026-09-22
2010-02-25,12.661178588867188,42.959999084472656,42.2400016784668,42.959999084472656,42.119998931884766,6442,DHT,Tanker,2026-09-22
2010-02-26,12.448981285095215,42.2400016784668,42.84000015258789,43.08000183105469,42.0,12000,DHT,Tanker,2026-09-22
2010-03-01,13.156311988830566,44.63999938964844,42.2400016784668,44.7599983215332,42.0,21392,DHT,Tanker,2026-09-22
2010-03-02,13.969740867614746,47.400001525878906,44.7599983215332,47.63999938964844,44.15999984741211,53908,DHT,Tanker,2026-09-22
2010-03-03,13.93437385559082,47.279998779296875,47.63999938964844,48.0,46.79999923706055,36517,DHT,Tanker,2026-09-22
2010-03-04,14.500234603881836,49.20000076293945,47.400001525878906,50.040000915527344,46.79999923706055,56533,DHT,Tanker,2026-09-22
2010-03-05,14.924633979797363,50.63999938964844,49.439998626708984,51.47999954223633,49.31999969482422,66808,DHT,Tanker,2026-09-22
2010-03-08,14.677069664001465,49.79999923706055,50.52000045776367,51.2400016784668,49.08000183105469,30867,DHT,Tanker,2026-09-22
2010-03-09,14.252674102783203,48.36000061035156,49.439998626708984,50.400001525878906,48.0,24783,DHT,Tanker,2026-09-22
2010-03-10,14.500234603881836,49.20000076293945,48.2400016784668,50.15999984741211,48.0,25383,DHT,Tanker,2026-09-22
2010-03-11,14.464871406555176,49.08000183105469,48.720001220703125,50.400001525878906,48.119998931884766,18817,DHT,Tanker,2026-09-22
2010-03-12,14.677069664001465,49.79999923706055,49.20000076293945,49.91999816894531,48.959999084472656,22758,DHT,Tanker,2026-09-22
2010-03-15,14.181938171386719,48.119998931884766,49.560001373291016,49.560001373291016,47.880001068115234,23750,DHT,Tanker,2026-09-22
2010-03-16,14.217303276062012,48.2400016784668,48.36000061035156,48.36000061035156,47.400001525878906,11417,DHT,Tanker,2026-09-22
2010-03-17,14.323397636413574,48.599998474121094,48.47999954223633,49.20000076293945,47.52000045776367,18417,DHT,Tanker,2026-09-22
2010-03-18,14.252674102783203,48.36000061035156,47.880001068115234,48.84000015258789,47.400001525878906,13508,DHT,Tanker,2026-09-22
2010-03-19,14.429503440856934,48.959999084472656,48.959999084472656,49.439998626708984,47.52000045776367,67100,DHT,Tanker,2026-09-22
2010-03-22,14.712434768676758,49.91999816894531,48.36000061035156,49.91999816894531,48.119998931884766,20567,DHT,Tanker,2026-09-22
2010-03-23,14.606334686279297,49.560001373291016,49.560001373291016,49.79999923706055,49.31999969482422,14008,DHT,Tanker,2026-09-22
2010-03-24,14.500234603881836,49.20000076293945,50.040000915527344,50.880001068115234,49.08000183105469,29750,DHT,Tanker,2026-09-22
2010-03-25,14.217303276062012,48.2400016784668,49.20000076293945,49.68000030517578,48.119998931884766,21558,DHT,Tanker,2026-09-22
2010-03-26,14.181938171386719,48.119998931884766,48.47999954223633,49.31999969482422,47.7599983215332,22367,DHT,Tanker,2026-09-22
2010-03-29,14.111209869384766,47.880001068115234,48.47999954223633,48.84000015258789,47.52000045776367,26000,DHT,Tanker,2026-09-22
2010-03-30,13.509979248046875,45.84000015258789,47.63999938964844,48.47999954223633,45.47999954223633,66800,DHT,Tanker,2026-09-22
2010-03-31,13.863642692565918,47.040000915527344,45.599998474121094,47.63999938964844,45.599998474121094,24325,DHT,Tanker,2026-09-22
2010-04-01,13.93437385559082,47.279998779296875,47.15999984741211,47.52000045776367,46.20000076293945,17283,DHT,Tanker,2026-09-22
2010-04-05,14.040472030639648,47.63999938964844,47.15999984741211,48.36000061035156,47.15999984741211,17183,DHT,Tanker,2026-09-22
2010-04-06,14.252674102783203,48.36000061035156,47.15999984741211,48.84000015258789,47.15999984741211,15467,DHT,Tanker,2026-09-22
2010-04-07,14.00510311126709,47.52000045776367,47.7599983215332,48.119998931884766,46.20000076293945,22917,DHT,Tanker,2026-09-22
2010-04-08,14.252674102783203,48.36000061035156,46.79999923706055,48.47999954223633,46.79999923706055,24667,DHT,Tanker,2026-09-22
2010-04-09,14.712434768676758,49.91999816894531,48.36000061035156,50.040000915527344,48.0,33650,DHT,Tanker,2026-09-22
2010-04-12,15.419766426086426,52.31999969482422,50.279998779296875,53.15999984741211,50.279998779296875,69242,DHT,Tanker,2026-09-22
2010-04-13,16.056360244750977,54.47999954223633,51.599998474121094,55.20000076293945,51.599998474121094,56117,DHT,Tanker,2026-09-22
2010-04-14,16.586856842041016,56.279998779296875,54.47999954223633,56.52000045776367,54.47999954223633,37100,DHT,Tanker,2026-09-22
2010-04-15,15.914896965026855,54.0,55.79999923706055,56.7599983215332,53.7599983215332,29917,DHT,Tanker,2026-09-22
2010-04-16,15.3843994140625,52.20000076293945,53.880001068115234,54.0,51.599998474121094,31400,DHT,Tanker,2026-09-22
2010-04-19,15.207561492919922,51.599998474121094,51.2400016784668,52.439998626708984,51.2400016784668,26433,DHT,Tanker,2026-09-22
2010-04-20,16.056360244750977,54.47999954223633,52.20000076293945,54.720001220703125,51.959999084472656,31875,DHT,Tanker,2026-09-22
2010-04-21,16.020998001098633,54.36000061035156,54.720001220703125,54.720001220703125,53.400001525878906,24025,DHT,Tanker,2026-09-22
2010-04-22,16.233190536499023,55.08000183105469,53.63999938964844,55.20000076293945,53.52000045776367,24800,DHT,Tanker,2026-09-22
2010-04-23,16.692956924438477,56.63999938964844,55.31999969482422,56.63999938964844,54.2400016784668,25750,DHT,Tanker,2026-09-22
2010-04-26,16.303924560546875,55.31999969482422,56.7599983215332,56.7599983215332,54.959999084472656,23292,DHT,Tanker,2026-09-22
2010-04-27,16.127090454101562,54.720001220703125,54.959999084472656,56.63999938964844,54.36000061035156,33083,DHT,Tanker,2026-09-22
2010-04-28,16.268556594848633,55.20000076293945,55.20000076293945,55.91999816894531,54.84000015258789,27925,DHT,Tanker,2026-09-22
2010-04-29,16.516124725341797,56.040000915527344,55.31999969482422,56.52000045776367,55.20000076293945,31508,DHT,Tanker,2026-09-22
2010-04-30,16.692956924438477,56.63999938964844,56.15999984741211,58.08000183105469,55.79999923706055,31658,DHT,Tanker,2026-09-22
2010-05-03,17.29418182373047,58.68000030517578,57.119998931884766,58.68000030517578,57.0,37717,DHT,Tanker,2026-09-22
2010-05-04,16.44538688659668,55.79999923706055,57.720001220703125,58.08000183105469,55.20000076293945,20300,DHT,Tanker,2026-09-22
2010-05-05,15.738066673278809,53.400001525878906,55.31999969482422,55.79999923706055,53.040000915527344,32792,DHT,Tanker,2026-09-22
2010-05-06,14.853899002075195,50.400001525878906,53.63999938964844,54.2400016784668,48.0,60408,DHT,Tanker,2026-09-22
2010-05-07,14.217303276062012,48.2400016784668,49.79999923706055,50.7599983215332,47.040000915527344,34600,DHT,Tanker,2026-09-22
2010-05-10,15.419766426086426,52.31999969482422,51.599998474121094,53.52000045776367,50.15999984741211,24917,DHT,Tanker,2026-09-22
2010-05-11,15.561227798461914,52.79999923706055,51.959999084472656,53.15999984741211,50.52000045776367,14592,DHT,Tanker,2026-09-22
2010-05-12,16.410024642944336,55.68000030517578,52.79999923706055,55.68000030517578,52.79999923706055,20267,DHT,Tanker,2026-09-22
2010-05-13,16.339290618896484,55.439998626708984,55.31999969482422,55.68000030517578,53.63999938964844,21200,DHT,Tanker,2026-09-22
2010-05-14,15.101463317871094,51.2400016784668,54.84000015258789,54.84000015258789,49.79999923706055,26717,DHT,Tanker,2026-09-22
2010-05-17,14.747798919677734,50.040000915527344,51.720001220703125,52.20000076293945,48.599998474121094,21958,DHT,Tanker,2026-09-22
2010-05-18,14.323397636413574,48.599998474121094,50.7599983215332,51.599998474121094,48.599998474121094,18633,DHT,Tanker,2026-09-22
2010-05-19,15.561227798461914,52.79999923706055,50.63999938964844,53.15999984741211,49.20000076293945,53267,DHT,Tanker,2026-09-22
2010-05-20,14.288037300109863,48.47999954223633,51.84000015258789,51.84000015258789,48.47999954223633,47033,DHT,Tanker,2026-09-22
2010-05-21,14.747798919677734,50.040000915527344,48.0,51.47999954223633,47.880001068115234,31558,DHT,Tanker,2026-09-22
2010-05-24,14.323397636413574,48.599998474121094,50.15999984741211,50.279998779296875,48.599998474121094,18058,DHT,Tanker,2026-09-22
2010-05-25,14.288037300109863,48.47999954223633,47.52000045776367,48.720001220703125,47.040000915527344,25633,DHT,Tanker,2026-09-22
2010-05-26,14.832000732421875,49.08000183105469,48.84000015258789,49.79999923706055,48.599998474121094,20808,DHT,Tanker,2026-09-22
2010-05-27,15.230901718139648,50.400001525878906,50.279998779296875,50.63999938964844,49.31999969482422,16175,DHT,Tanker,2026-09-22
2010-05-28,15.04958438873291,49.79999923706055,50.400001525878906,51.0,49.20000076293945,13042,DHT,Tanker,2026-09-22
2010-06-01,14.324302673339844,47.400001525878906,48.720001220703125,49.560001373291016,47.400001525878906,18583,DHT,Tanker,2026-09-22
2010-06-02,15.04958438873291,49.79999923706055,47.400001525878906,49.79999923706055,47.400001525878906,15567,DHT,Tanker,2026-09-22
2010-06-03,15.013318061828613,49.68000030517578,49.68000030517578,51.47999954223633,49.08000183105469,25175,DHT,Tanker,2026-09-22
2010-06-04,14.251771926879883,47.15999984741211,49.08000183105469,49.31999969482422,47.15999984741211,22942,DHT,Tanker,2026-09-22
2010-06-07,13.925397872924805,46.08000183105469,47.63999938964844,48.0,45.84000015258789,16383,DHT,Tanker,2026-09-22
2010-06-08,14.106719970703125,46.68000030517578,46.20000076293945,46.91999816894531,45.0,25792,DHT,Tanker,2026-09-22
2010-06-09,14.28803825378418,47.279998779296875,47.279998779296875,49.68000030517578,46.79999923706055,16600,DHT,Tanker,2026-09-22
2010-06-10,14.686936378479004,48.599998474121094,47.880001068115234,48.720001220703125,47.52000045776367,13717,DHT,Tanker,2026-09-22
2010-06-11,15.085846900939941,49.91999816894531,46.68000030517578,49.91999816894531,46.68000030517578,19092,DHT,Tanker,2026-09-22
2010-06-14,15.194635391235352,50.279998779296875,50.52000045776367,50.7599983215332,49.79999923706055,14675,DHT,Tanker,2026-09-22
2010-06-15,15.44848918914795,51.119998931884766,50.880001068115234,51.47999954223633,49.439998626708984,14817,DHT,Tanker,2026-09-22
2010-06-16,15.339692115783691,50.7599983215332,50.52000045776367,50.880001068115234,49.91999816894531,10433,DHT,Tanker,2026-09-22
2010-06-17,15.230901718139648,50.400001525878906,50.7599983215332,50.7599983215332,49.79999923706055,5625,DHT,Tanker,2026-09-22
2010-06-18,15.557279586791992,51.47999954223633,50.7599983215332,51.720001220703125,50.400001525878906,24133,DHT,Tanker,2026-09-22
2010-06-21,15.30343246459961,50.63999938964844,51.47999954223633,52.439998626708984,50.15999984741211,11008,DHT,Tanker,2026-09-22
2010-06-22,14.650678634643555,48.47999954223633,50.400001525878906,50.400001525878906,48.47999954223633,14692,DHT,Tanker,2026-09-22
2010-06-23,14.759469985961914,48.84000015258789,48.2400016784668,49.20000076293945,48.2400016784668,10275,DHT,Tanker,2026-09-22
2010-06-24,14.61441707611084,48.36000061035156,48.36000061035156,49.20000076293945,48.36000061035156,8367,DHT,Tanker,2026-09-22
2010-06-25,15.122108459472656,50.040000915527344,48.720001220703125,51.599998474121094,48.2400016784668,48500,DHT,Tanker,2026-09-22
2010-06-28,14.723214149475098,48.720001220703125,49.68000030517578,50.040000915527344,48.2400016784668,14300,DHT,Tanker,2026-09-22
2010-06-29,14.034191131591797,46.439998626708984,48.0,48.119998931884766,46.31999969482422,25892,DHT,Tanker,2026-09-22
2010-06-30,13.961661338806152,46.20000076293945,46.31999969482422,47.880001068115234,45.959999084472656,13083,DHT,Tanker,2026-09-22
2010-07-01,13.997922897338867,46.31999969482422,46.20000076293945,46.79999923706055,45.0,12658,DHT,Tanker,2026-09-22
2010-07-02,14.433090209960938,47.7599983215332,46.79999923706055,49.439998626708984,46.79999923706055,17300,DHT,Tanker,2026-09-22
2010-07-06,14.142979621887207,46.79999923706055,47.63999938964844,48.0,46.439998626708984,15742,DHT,Tanker,2026-09-22
2010-07-07,14.723214149475098,48.720001220703125,47.15999984741211,48.720001220703125,47.15999984741211,13358,DHT,Tanker,2026-09-22
2010-07-08,14.57814884185791,48.2400016784668,49.08000183105469,49.20000076293945,47.7599983215332,9483,DHT,Tanker,2026-09-22
2010-07-09,14.759469985961914,48.84000015258789,48.0,48.959999084472656,47.52000045776367,6292,DHT,Tanker,2026-09-22
2010-07-12,14.57814884185791,48.2400016784668,48.47999954223633,49.08000183105469,48.0,12300,DHT,Tanker,2026-09-22
2010-07-13,15.230901718139648,50.400001525878906,48.84000015258789,50.400001525878906,48.36000061035156,18817,DHT,Tanker,2026-09-22
2010-07-14,14.759469985961914,48.84000015258789,50.279998779296875,50.279998779296875,48.84000015258789,12117,DHT,Tanker,2026-09-22
2010-07-15,14.977054595947266,49.560001373291016,49.20000076293945,49.68000030517578,48.36000061035156,8225,DHT,Tanker,2026-09-22
2010-07-16,14.505622863769531,48.0,49.08000183105469,49.08000183105469,47.880001068115234,18908,DHT,Tanker,2026-09-22
2010-07-19,14.723214149475098,48.720001220703125,48.119998931884766,48.84000015258789,48.0,8642,DHT,Tanker,2026-09-22
2010-07-20,14.868261337280273,49.20000076293945,48.119998931884766,49.31999969482422,48.0,9033,DHT,Tanker,2026-09-22
2010-07-21,14.904525756835938,49.31999969482422,49.68000030517578,50.040000915527344,49.08000183105469,10733,DHT,Tanker,2026-09-22
2010-07-22,15.484749794006348,51.2400016784668,50.400001525878906,51.36000061035156,49.79999923706055,23392,DHT,Tanker,2026-09-22
2010-07-23,15.774867057800293,52.20000076293945,50.7599983215332,52.31999969482422,50.7599983215332,18008,DHT,Tanker,2026-09-22
2010-07-26,15.919919967651367,52.68000030517578,52.560001373291016,52.79999923706055,52.31999969482422,17758,DHT,Tanker,2026-09-22
2010-07-27,15.62981128692627,51.720001220703125,52.79999923706055,52.79999923706055,51.720001220703125,15408,DHT,Tanker,2026-09-22
2010-07-28,15.04958438873291,49.79999923706055,51.599998474121094,52.08000183105469,49.68000030517578,14083,DHT,Tanker,2026-09-22
2010-07-29,15.158374786376953,50.15999984741211,50.63999938964844,50.880001068115234,49.79999923706055,11233,DHT,Tanker,2026-09-22
2010-07-30,15.230901718139648,50.400001525878906,49.560001373291016,51.36000061035156,49.560001373291016,14092,DHT,Tanker,2026-09-22
2010-08-02,15.412222862243652,51.0,51.119998931884766,52.08000183105469,50.880001068115234,10950,DHT,Tanker,2026-09-22
2010-08-03,15.339692115783691,50.7599983215332,50.880001068115234,51.599998474121094,50.52000045776367,13317,DHT,Tanker,2026-09-22
2010-08-04,15.30343246459961,50.63999938964844,51.2400016784668,51.36000061035156,50.400001525878906,14308,DHT,Tanker,2026-09-22
2010-08-05,15.122108459472656,50.040000915527344,50.400001525878906,50.880001068115234,50.040000915527344,5217,DHT,Tanker,2026-09-22
2010-08-06,14.832000732421875,49.08000183105469,49.439998626708984,50.040000915527344,48.36000061035156,24383,DHT,Tanker,2026-09-22
2010-08-09,15.194635391235352,50.279998779296875,49.31999969482422,50.279998779296875,49.20000076293945,9508,DHT,Tanker,2026-09-22
2010-08-10,14.759469985961914,48.84000015258789,49.439998626708984,49.68000030517578,48.599998474121094,12100,DHT,Tanker,2026-09-22
2010-08-11,14.251771926879883,47.15999984741211,47.880001068115234,48.959999084472656,47.15999984741211,27025,DHT,Tanker,2026-09-22
2010-08-12,14.433090209960938,47.7599983215332,48.0,48.47999954223633,47.15999984741211,19783,DHT,Tanker,2026-09-22
2010-08-13,14.2155122756958,47.040000915527344,47.7599983215332,48.2400016784668,47.040000915527344,12183,DHT,Tanker,2026-09-22
2010-08-16,14.28803825378418,47.279998779296875,46.91999816894531,48.119998931884766,46.68000030517578,13542,DHT,Tanker,2026-09-22
2010-08-17,14.61441707611084,48.36000061035156,48.0,49.20000076293945,47.63999938964844,18367,DHT,Tanker,2026-09-22
2010-08-18,14.396829605102539,47.63999938964844,48.119998931884766,48.36000061035156,47.279998779296875,12792,DHT,Tanker,2026-09-22
2010-08-19,14.396829605102539,47.63999938964844,47.52000045776367,48.36000061035156,47.52000045776367,20908,DHT,Tanker,2026-09-22
2010-08-20,14.433090209960938,47.7599983215332,47.52000045776367,48.119998931884766,46.79999923706055,24858,DHT,Tanker,2026-09-22
2010-08-23,14.034191131591797,46.439998626708984,48.0,48.720001220703125,46.20000076293945,21292,DHT,Tanker,2026-09-22
2010-08-24,14.2155122756958,47.040000915527344,46.20000076293945,47.52000045776367,45.720001220703125,17750,DHT,Tanker,2026-09-22
2010-08-25,13.997922897338867,46.31999969482422,46.439998626708984,47.15999984741211,45.720001220703125,21325,DHT,Tanker,2026-09-22
2010-08-26,13.852872848510742,45.84000015258789,46.560001373291016,47.52000045776367,45.720001220703125,14883,DHT,Tanker,2026-09-22
2010-08-27,14.469362258911133,47.880001068115234,46.560001373291016,48.0,45.599998474121094,18733,DHT,Tanker,2026-09-22
2010-08-30,14.070456504821777,46.560001373291016,47.52000045776367,47.880001068115234,46.560001373291016,17158,DHT,Tanker,2026-09-22
2010-08-31,14.034191131591797,46.439998626708984,46.439998626708984,47.52000045776367,46.439998626708984,16050,DHT,Tanker,2026-09-22
2010-09-01,14.324302673339844,47.400001525878906,47.279998779296875,47.63999938964844,46.08000183105469,29492,DHT,Tanker,2026-09-22
2010-09-02,14.324302673339844,47.400001525878906,47.52000045776367,47.52000045776367,46.560001373291016,16225,DHT,Tanker,2026-09-22
2010-09-03,14.469362258911133,47.880001068115234,47.63999938964844,48.2400016784668,47.279998779296875,25542,DHT,Tanker,2026-09-22
2010-09-07,14.134592056274414,45.599998474121094,47.279998779296875,47.279998779296875,45.47999954223633,15383,DHT,Tanker,2026-09-22
2010-09-08,14.060197830200195,45.36000061035156,45.720001220703125,46.20000076293945,45.119998931884766,13750,DHT,Tanker,2026-09-22
2010-09-09,14.208982467651367,45.84000015258789,46.31999969482422,46.439998626708984,45.2400016784668,10833,DHT,Tanker,2026-09-22
2010-09-10,14.24618148803711,45.959999084472656,45.959999084472656,46.20000076293945,45.47999954223633,13767,DHT,Tanker,2026-09-22
2010-09-13,14.208982467651367,45.84000015258789,46.560001373291016,47.040000915527344,45.599998474121094,25867,DHT,Tanker,2026-09-22
2010-09-14,14.320574760437012,46.20000076293945,45.84000015258789,46.439998626708984,45.599998474121094,14133,DHT,Tanker,2026-09-22
2010-09-15,14.543756484985352,46.91999816894531,46.31999969482422,47.040000915527344,46.08000183105469,40125,DHT,Tanker,2026-09-22
2010-09-16,14.692537307739258,47.400001525878906,46.91999816894531,47.52000045776367,46.31999969482422,16908,DHT,Tanker,2026-09-22
2010-09-17,14.804126739501953,47.7599983215332,47.7599983215332,47.880001068115234,47.040000915527344,19142,DHT,Tanker,2026-09-22
2010-09-20,15.10169506072998,48.720001220703125,47.880001068115234,48.720001220703125,47.63999938964844,25850,DHT,Tanker,2026-09-22
2010-09-21,14.990108489990234,48.36000061035156,48.720001220703125,49.08000183105469,48.0,14350,DHT,Tanker,2026-09-22
2010-09-22,14.804126739501953,47.7599983215332,48.0,48.2400016784668,47.52000045776367,11508,DHT,Tanker,2026-09-22
2010-09-23,14.692537307739258,47.400001525878906,47.279998779296875,47.7599983215332,46.91999816894531,17650,DHT,Tanker,2026-09-22
2010-09-24,14.766926765441895,47.63999938964844,48.2400016784668,48.2400016784668,46.91999816894531,22358,DHT,Tanker,2026-09-22
2010-09-27,15.064502716064453,48.599998474121094,47.52000045776367,48.599998474121094,47.400001525878906,14958,DHT,Tanker,2026-09-22
2010-09-28,15.250479698181152,49.20000076293945,48.599998474121094,49.20000076293945,47.7599983215332,12408,DHT,Tanker,2026-09-22
2010-09-29,15.324874877929688,49.439998626708984,49.20000076293945,49.439998626708984,47.880001068115234,14567,DHT,Tanker,2026-09-22
2010-09-30,15.362071990966797,49.560001373291016,49.439998626708984,49.68000030517578,48.599998474121094,17875,DHT,Tanker,2026-09-22
2010-10-01,15.362071990966797,49.560001373291016,49.79999923706055,49.79999923706055,48.959999084472656,14142,DHT,Tanker,2026-09-22
2010-10-04,15.138893127441406,48.84000015258789,49.560001373291016,49.91999816894531,48.119998931884766,17850,DHT,Tanker,2026-09-22
2010-10-05,15.436464309692383,49.79999923706055,49.560001373291016,49.79999923706055,48.720001220703125,20242,DHT,Tanker,2026-09-22
2010-10-06,15.399271011352539,49.68000030517578,49.560001373291016,49.79999923706055,48.959999084472656,15550,DHT,Tanker,2026-09-22
2010-10-07,15.138893127441406,48.84000015258789,49.560001373291016,49.560001373291016,48.47999954223633,19508,DHT,Tanker,2026-09-22
2010-10-08,15.287673950195312,49.31999969482422,48.959999084472656,49.68000030517578,48.84000015258789,9383,DHT,Tanker,2026-09-22
2010-10-11,15.399271011352539,49.68000030517578,49.439998626708984,49.68000030517578,48.84000015258789,10033,DHT,Tanker,2026-09-22
2010-10-12,15.362071990966797,49.560001373291016,49.439998626708984,49.79999923706055,48.84000015258789,9017,DHT,Tanker,2026-09-22
2010-10-13,15.436464309692383,49.79999923706055,49.68000030517578,49.79999923706055,49.439998626708984,16075,DHT,Tanker,2026-09-22
2010-10-14,15.362071990966797,49.560001373291016,49.79999923706055,49.79999923706055,49.31999969482422,13042,DHT,Tanker,2026-09-22
2010-10-15,15.176087379455566,48.959999084472656,49.68000030517578,49.79999923706055,48.84000015258789,23583,DHT,Tanker,2026-09-22
2010-10-18,15.436464309692383,49.79999923706055,48.959999084472656,49.79999923706055,48.720001220703125,10467,DHT,Tanker,2026-09-22
2010-10-19,15.324874877929688,49.439998626708984,48.84000015258789,50.15999984741211,48.84000015258789,20692,DHT,Tanker,2026-09-22
2010-10-20,15.473654747009277,49.91999816894531,49.91999816894531,50.279998779296875,49.439998626708984,12900,DHT,Tanker,2026-09-22
2010-10-21,15.287673950195312,49.31999969482422,50.279998779296875,50.279998779296875,48.47999954223633,19900,DHT,Tanker,2026-09-22
2010-10-22,15.362071990966797,49.560001373291016,48.959999084472656,49.560001373291016,48.47999954223633,14050,DHT,Tanker,2026-09-22
2010-10-25,15.287673950195312,49.31999969482422,49.68000030517578,49.68000030517578,48.599998474121094,9817,DHT,Tanker,2026-09-22
2010-10-26,15.324874877929688,49.439998626708984,48.84000015258789,49.68000030517578,48.84000015258789,12100,DHT,Tanker,2026-09-22
2010-10-27,15.585245132446289,50.279998779296875,49.31999969482422,50.400001525878906,49.31999969482422,21500,DHT,Tanker,2026-09-22
2010-10-28,15.845617294311523,51.119998931884766,50.52000045776367,51.47999954223633,50.15999984741211,14942,DHT,Tanker,2026-09-22
2010-10-29,15.994406700134277,51.599998474121094,51.119998931884766,51.720001220703125,50.880001068115234,12492,DHT,Tanker,2026-09-22
2010-11-01,16.068801879882812,51.84000015258789,52.08000183105469,52.08000183105469,51.2400016784668,25975,DHT,Tanker,2026-09-22
2010-11-02,16.84992218017578,54.36000061035156,52.20000076293945,54.36000061035156,52.20000076293945,36683,DHT,Tanker,2026-09-22
2010-11-03,16.738330841064453,54.0,54.36000061035156,54.959999084472656,53.040000915527344,41142,DHT,Tanker,2026-09-22
2010-11-04,17.259082794189453,55.68000030517578,55.20000076293945,55.79999923706055,54.47999954223633,51100,DHT,Tanker,2026-09-22
2010-11-05,17.631044387817383,56.880001068115234,55.560001373291016,57.0,55.560001373291016,34858,DHT,Tanker,2026-09-22
2010-11-08,17.441051483154297,55.08000183105469,54.599998474121094,55.79999923706055,54.0,18700,DHT,Tanker,2026-09-22
2010-11-09,16.71908950805664,52.79999923706055,55.439998626708984,55.439998626708984,52.439998626708984,19225,DHT,Tanker,2026-09-22
2010-11-10,17.36505889892578,54.84000015258789,52.31999969482422,54.959999084472656,51.599998474121094,27692,DHT,Tanker,2026-09-22
2010-11-11,17.327056884765625,54.720001220703125,54.119998931884766,55.439998626708984,54.119998931884766,12392,DHT,Tanker,2026-09-22
2010-11-12,17.06107521057129,53.880001068115234,54.0,54.720001220703125,53.880001068115234,15875,DHT,Tanker,2026-09-22
2010-11-15,17.0230712890625,53.7599983215332,54.0,54.47999954223633,53.63999938964844,10500,DHT,Tanker,2026-09-22
2010-11-16,16.71908950805664,52.79999923706055,53.279998779296875,53.52000045776367,52.20000076293945,21783,DHT,Tanker,2026-09-22
2010-11-17,16.567102432250977,52.31999969482422,52.79999923706055,53.040000915527344,52.20000076293945,11100,DHT,Tanker,2026-09-22
2010-11-18,16.79509162902832,53.040000915527344,53.040000915527344,53.880001068115234,52.79999923706055,20117,DHT,Tanker,2026-09-22
2010-11-19,17.251066207885742,54.47999954223633,53.040000915527344,55.08000183105469,52.560001373291016,28375,DHT,Tanker,2026-09-22
2010-11-22,17.175065994262695,54.2400016784668,54.36000061035156,55.08000183105469,53.040000915527344,15125,DHT,Tanker,2026-09-22
2010-11-23,17.251066207885742,54.47999954223633,53.52000045776367,54.599998474121094,53.040000915527344,22400,DHT,Tanker,2026-09-22
2010-11-24,17.47905158996582,55.20000076293945,55.08000183105469,56.040000915527344,54.47999954223633,34850,DHT,Tanker,2026-09-22
2010-11-26,17.2890625,54.599998474121094,55.08000183105469,55.68000030517578,54.2400016784668,11358,DHT,Tanker,2026-09-22
2010-11-29,16.985074996948242,53.63999938964844,54.599998474121094,54.84000015258789,53.279998779296875,14667,DHT,Tanker,2026-09-22
2010-11-30,16.68109703063965,52.68000030517578,53.279998779296875,53.52000045776367,52.31999969482422,12050,DHT,Tanker,2026-09-22
2010-12-01,16.71908950805664,52.79999923706055,53.7599983215332,53.880001068115234,52.08000183105469,37742,DHT,Tanker,2026-09-22
2010-12-02,16.377113342285156,51.720001220703125,52.560001373291016,52.79999923706055,51.47999954223633,25908,DHT,Tanker,2026-09-22
2010-12-03,16.643102645874023,52.560001373291016,51.47999954223633,52.68000030517578,51.36000061035156,13583,DHT,Tanker,2026-09-22
2010-12-06,16.94707489013672,53.52000045776367,52.68000030517578,53.52000045776367,52.560001373291016,22442,DHT,Tanker,2026-09-22
2010-12-07,16.985074996948242,53.63999938964844,54.2400016784668,54.47999954223633,53.63999938964844,15392,DHT,Tanker,2026-09-22
2010-12-08,16.909082412719727,53.400001525878906,53.63999938964844,54.0,53.15999984741211,9708,DHT,Tanker,2026-09-22
2010-12-09,17.06107521057129,53.880001068115234,53.7599983215332,53.880001068115234,53.400001525878906,6708,DHT,Tanker,2026-09-22
2010-12-10,17.137067794799805,54.119998931884766,54.119998931884766,54.119998931884766,53.040000915527344,8975,DHT,Tanker,2026-09-22
2010-12-13,16.909082412719727,53.400001525878906,54.2400016784668,54.36000061035156,53.400001525878906,16125,DHT,Tanker,2026-09-22
2010-12-14,16.79509162902832,53.040000915527344,53.400001525878906,53.880001068115234,52.91999816894531,17025,DHT,Tanker,2026-09-22
2010-12-15,16.71908950805664,52.79999923706055,52.91999816894531,53.7599983215332,52.68000030517578,16367,DHT,Tanker,2026-09-22
2010-12-16,17.327056884765625,54.720001220703125,53.040000915527344,54.84000015258789,53.040000915527344,16633,DHT,Tanker,2026-09-22
2010-12-17,17.40305519104004,54.959999084472656,54.720001220703125,54.959999084472656,54.0,25800,DHT,Tanker,2026-09-22
2010-12-20,17.441051483154297,55.08000183105469,55.08000183105469,55.31999969482422,54.720001220703125,11983,DHT,Tanker,2026-09-22
2010-12-21,18.049022674560547,57.0,55.20000076293945,57.0,55.20000076293945,15617,DHT,Tanker,2026-09-22
2010-12-22,18.12501335144043,57.2400016784668,57.0,58.08000183105469,56.7599983215332,22767,DHT,Tanker,2026-09-22
2010-12-23,18.31501007080078,57.84000015258789,57.47999954223633,58.68000030517578,57.2400016784668,13858,DHT,Tanker,2026-09-22
2010-12-27,17.85902976989746,56.400001525878906,57.599998474121094,57.599998474121094,56.040000915527344,13767,DHT,Tanker,2026-09-22
2010-12-28,17.175065994262695,54.2400016784668,56.279998779296875,56.400001525878906,53.63999938964844,31017,DHT,Tanker,2026-09-22
2010-12-29,17.555042266845703,55.439998626708984,54.599998474121094,55.560001373291016,54.2400016784668,14033,DHT,Tanker,2026-09-22
2010-12-30,17.593050003051758,55.560001373291016,55.20000076293945,55.91999816894531,54.959999084472656,11317,DHT,Tanker,2026-09-22
2010-12-31,17.669042587280273,55.79999923706055,55.31999969482422,56.400001525878906,55.20000076293945,12733,DHT,Tanker,2026-09-22
2011-01-03,18.31501007080078,57.84000015258789,56.63999938964844,58.20000076293945,56.52000045776367,27783,DHT,Tanker,2026-09-22
2011-01-04,17.78303337097168,56.15999984741211,58.20000076293945,58.31999969482422,56.15999984741211,16892,DHT,Tanker,2026-09-22
2011-01-05,17.85902976989746,56.400001525878906,56.279998779296875,57.84000015258789,56.15999984741211,21983,DHT,Tanker,2026-09-22
2011-01-06,18.31501007080078,57.84000015258789,56.63999938964844,57.84000015258789,56.040000915527344,31067,DHT,Tanker,2026-09-22
2011-01-07,18.23900032043457,57.599998474121094,57.84000015258789,59.7599983215332,56.880001068115234,32258,DHT,Tanker,2026-09-22
2011-01-10,18.580995559692383,58.68000030517578,57.599998474121094,59.040000915527344,57.599998474121094,25333,DHT,Tanker,2026-09-22
2011-01-11,18.69498062133789,59.040000915527344,59.279998779296875,59.279998779296875,58.08000183105469,23225,DHT,Tanker,2026-09-22
2011-01-12,18.84697151184082,59.52000045776367,59.400001525878906,60.47999954223633,59.15999984741211,34292,DHT,Tanker,2026-09-22
2011-01-13,18.9229793548584,59.7599983215332,59.7599983215332,61.31999969482422,59.040000915527344,45133,DHT,Tanker,2026-09-22
2011-01-14,19.150962829589844,60.47999954223633,62.279998779296875,62.279998779296875,59.7599983215332,36400,DHT,Tanker,2026-09-22
2011-01-18,19.41695213317871,61.31999969482422,61.08000183105469,61.79999923706055,59.7599983215332,39842,DHT,Tanker,2026-09-22
2011-01-19,18.770992279052734,59.279998779296875,61.31999969482422,61.439998626708984,59.040000915527344,30633,DHT,Tanker,2026-09-22
2011-01-20,18.61899185180664,58.79999923706055,59.279998779296875,59.279998779296875,58.20000076293945,24150,DHT,Tanker,2026-09-22
2011-01-21,18.9229793548584,59.7599983215332,61.08000183105469,61.20000076293945,59.52000045776367,40492,DHT,Tanker,2026-09-22
2011-01-24,19.11296272277832,60.36000061035156,60.36000061035156,61.31999969482422,60.2400016784668,30750,DHT,Tanker,2026-09-22
2011-01-25,18.998966217041016,60.0,60.36000061035156,61.20000076293945,59.880001068115234,22842,DHT,Tanker,2026-09-22
2011-01-26,19.036968231201172,60.119998931884766,60.720001220703125,61.20000076293945,60.119998931884766,26450,DHT,Tanker,2026-09-22
2011-01-27,19.11296272277832,60.36000061035156,60.36000061035156,61.08000183105469,59.7599983215332,27508,DHT,Tanker,2026-09-22
2011-01-28,19.074968338012695,60.2400016784668,60.47999954223633,60.959999084472656,60.0,27550,DHT,Tanker,2026-09-22
2011-01-31,19.340957641601562,61.08000183105469,60.84000015258789,61.439998626708984,60.599998474121094,33250,DHT,Tanker,2026-09-22
2011-02-01,19.454944610595703,61.439998626708984,61.79999923706055,61.79999923706055,61.20000076293945,33775,DHT,Tanker,2026-09-22
2011-02-02,19.84249496459961,61.439998626708984,60.47999954223633,61.560001373291016,59.279998779296875,23492,DHT,Tanker,2026-09-22
2011-02-03,19.687477111816406,60.959999084472656,61.439998626708984,61.439998626708984,60.36000061035156,15117,DHT,Tanker,2026-09-22
2011-02-04,18.059772491455078,55.91999816894531,55.79999923706055,57.119998931884766,55.439998626708984,563100,DHT,Tanker,2026-09-22
2011-02-07,18.331052780151367,56.7599983215332,55.79999923706055,57.36000061035156,55.439998626708984,135742,DHT,Tanker,2026-09-22
2011-02-08,18.524824142456055,57.36000061035156,57.0,57.36000061035156,55.79999923706055,90942,DHT,Tanker,2026-09-22
2011-02-09,18.137277603149414,56.15999984741211,57.36000061035156,57.36000061035156,56.040000915527344,46592,DHT,Tanker,2026-09-22
2011-02-10,17.788482666015625,55.08000183105469,56.15999984741211,56.15999984741211,54.84000015258789,58425,DHT,Tanker,2026-09-22
2011-02-11,18.021013259887695,55.79999923706055,55.20000076293945,55.79999923706055,54.0,65767,DHT,Tanker,2026-09-22
2011-02-14,18.29229736328125,56.63999938964844,55.79999923706055,56.63999938964844,55.560001373291016,94933,DHT,Tanker,2026-09-22
2011-02-15,18.098522186279297,56.040000915527344,56.400001525878906,56.7599983215332,55.08000183105469,61900,DHT,Tanker,2026-09-22
2011-02-16,18.29229736328125,56.63999938964844,55.91999816894531,56.63999938964844,55.20000076293945,34008,DHT,Tanker,2026-09-22
2011-02-17,18.718597412109375,57.959999084472656,56.400001525878906,57.959999084472656,55.91999816894531,67533,DHT,Tanker,2026-09-22
2011-02-18,18.79610824584961,58.20000076293945,58.20000076293945,58.31999969482422,56.7599983215332,69258,DHT,Tanker,2026-09-22
2011-02-22,18.757360458374023,58.08000183105469,57.47999954223633,58.560001373291016,56.880001068115234,78842,DHT,Tanker,2026-09-22
2011-02-23,18.36981201171875,56.880001068115234,57.84000015258789,58.20000076293945,56.040000915527344,56275,DHT,Tanker,2026-09-22
2011-02-24,18.67984962463379,57.84000015258789,56.7599983215332,58.08000183105469,56.400001525878906,68633,DHT,Tanker,2026-09-22
2011-02-25,18.36981201171875,56.880001068115234,57.84000015258789,57.959999084472656,55.79999923706055,57325,DHT,Tanker,2026-09-22
2011-02-28,18.021013259887695,55.79999923706055,57.119998931884766,57.2400016784668,55.79999923706055,41792,DHT,Tanker,2026-09-22
2011-03-01,18.214786529541016,56.400001525878906,56.040000915527344,56.63999938964844,55.79999923706055,50117,DHT,Tanker,2026-09-22
2011-03-02,18.214786529541016,56.400001525878906,56.52000045776367,56.52000045776367,55.79999923706055,29008,DHT,Tanker,2026-09-22
2011-03-03,18.524824142456055,57.36000061035156,57.0,57.47999954223633,56.15999984741211,53367,DHT,Tanker,2026-09-22
2011-03-04,18.098522186279297,56.040000915527344,57.599998474121094,57.599998474121094,55.79999923706055,43775,DHT,Tanker,2026-09-22
2011-03-07,18.253549575805664,56.52000045776367,57.47999954223633,57.47999954223633,55.91999816894531,61075,DHT,Tanker,2026-09-22
2011-03-08,18.098522186279297,56.040000915527344,56.63999938964844,56.63999938964844,55.79999923706055,37717,DHT,Tanker,2026-09-22
2011-03-09,17.71097755432129,54.84000015258789,55.68000030517578,56.15999984741211,54.119998931884766,45225,DHT,Tanker,2026-09-22
2011-03-10,17.28466796875,53.52000045776367,54.36000061035156,55.08000183105469,53.279998779296875,46683,DHT,Tanker,2026-09-22
2011-03-11,17.63347053527832,54.599998474121094,52.79999923706055,55.20000076293945,52.79999923706055,23708,DHT,Tanker,2026-09-22
2011-03-14,17.36217498779297,53.7599983215332,54.0,54.2400016784668,53.040000915527344,40892,DHT,Tanker,2026-09-22
2011-03-15,16.93587303161621,52.439998626708984,53.279998779296875,53.279998779296875,51.0,43975,DHT,Tanker,2026-09-22
2011-03-16,17.67221450805664,54.720001220703125,52.560001373291016,55.08000183105469,52.560001373291016,49650,DHT,Tanker,2026-09-22
2011-03-17,17.439695358276367,54.0,55.20000076293945,55.439998626708984,53.7599983215332,35267,DHT,Tanker,2026-09-22
2011-03-18,18.021013259887695,55.79999923706055,54.47999954223633,55.79999923706055,53.7599983215332,49983,DHT,Tanker,2026-09-22
2011-03-21,18.021013259887695,55.79999923706055,55.91999816894531,56.63999938964844,55.31999969482422,45825,DHT,Tanker,2026-09-22
2011-03-22,18.331052780151367,56.7599983215332,55.79999923706055,56.880001068115234,55.79999923706055,33725,DHT,Tanker,2026-09-22
2011-03-23,18.214786529541016,56.400001525878906,56.880001068115234,56.880001068115234,55.560001373291016,27292,DHT,Tanker,2026-09-22
2011-03-24,18.4085636138916,57.0,56.400001525878906,57.47999954223633,56.15999984741211,43775,DHT,Tanker,2026-09-22
2011-03-25,18.60232925415039,57.599998474121094,57.36000061035156,57.84000015258789,56.63999938964844,53967,DHT,Tanker,2026-09-22
2011-03-28,18.29229736328125,56.63999938964844,57.599998474121094,57.720001220703125,56.52000045776367,28100,DHT,Tanker,2026-09-22
2011-03-29,18.447311401367188,57.119998931884766,56.63999938964844,57.47999954223633,56.63999938964844,25183,DHT,Tanker,2026-09-22
2011-03-30,18.48607063293457,57.2400016784668,57.119998931884766,57.84000015258789,57.119998931884766,49775,DHT,Tanker,2026-09-22
2011-03-31,18.641090393066406,57.720001220703125,57.599998474121094,57.84000015258789,57.0,101642,DHT,Tanker,2026-09-22
2011-04-01,18.718597412109375,57.959999084472656,57.720001220703125,58.560001373291016,57.599998474121094,57008,DHT,Tanker,2026-09-22
2011-04-04,18.79610824584961,58.20000076293945,57.959999084472656,59.040000915527344,57.599998474121094,49583,DHT,Tanker,2026-09-22
2011-04-05,18.757360458374023,58.08000183105469,57.959999084472656,58.20000076293945,57.599998474121094,32517,DHT,Tanker,2026-09-22
2011-04-06,18.79610824584961,58.20000076293945,58.20000076293945,58.68000030517578,57.84000015258789,60517,DHT,Tanker,2026-09-22
2011-04-07,18.757360458374023,58.08000183105469,57.959999084472656,58.68000030517578,57.84000015258789,17183,DHT,Tanker,2026-09-22
2011-04-08,18.834867477416992,58.31999969482422,58.560001373291016,58.79999923706055,57.959999084472656,37892,DHT,Tanker,2026-09-22
2011-04-11,18.29229736328125,56.63999938964844,57.720001220703125,58.31999969482422,56.400001525878906,48400,DHT,Tanker,2026-09-22
2011-04-12,17.63347053527832,54.599998474121094,56.040000915527344,56.400001525878906,54.0,50025,DHT,Tanker,2026-09-22
2011-04-13,17.594711303710938,54.47999954223633,54.84000015258789,55.20000076293945,54.0,32883,DHT,Tanker,2026-09-22
2011-04-14,17.63347053527832,54.599998474121094,54.119998931884766,54.599998474121094,53.7599983215332,22433,DHT,Tanker,2026-09-22
2011-04-15,17.594711303710938,54.47999954223633,54.119998931884766,54.599998474121094,54.0,25175,DHT,Tanker,2026-09-22
2011-04-18,17.129653930664062,53.040000915527344,53.63999938964844,54.2400016784668,51.2400016784668,49633,DHT,Tanker,2026-09-22
2011-04-19,16.974634170532227,52.560001373291016,53.400001525878906,53.52000045776367,52.31999969482422,31458,DHT,Tanker,2026-09-22
2011-04-20,17.052139282226562,52.79999923706055,53.52000045776367,53.52000045776367,51.720001220703125,39092,DHT,Tanker,2026-09-22
2011-04-21,17.129653930664062,53.040000915527344,53.279998779296875,53.279998779296875,52.79999923706055,26042,DHT,Tanker,2026-09-22
2011-04-25,17.168407440185547,53.15999984741211,53.279998779296875,53.52000045776367,52.79999923706055,31342,DHT,Tanker,2026-09-22
2011-04-26,17.168407440185547,53.15999984741211,53.52000045776367,53.7599983215332,52.79999923706055,40983,DHT,Tanker,2026-09-22
2011-04-27,17.168407440185547,51.959999084472656,52.20000076293945,52.560001373291016,51.599998474121094,44600,DHT,Tanker,2026-09-22
2011-04-28,16.851205825805664,51.0,52.20000076293945,52.439998626708984,50.400001525878906,57575,DHT,Tanker,2026-09-22
2011-04-29,17.168407440185547,51.959999084472656,51.0,52.20000076293945,50.880001068115234,39000,DHT,Tanker,2026-09-22
2011-05-02,16.851205825805664,51.0,52.08000183105469,52.20000076293945,51.0,34858,DHT,Tanker,2026-09-22
2011-05-03,16.77190589904785,50.7599983215332,50.400001525878906,51.36000061035156,50.400001525878906,28267,DHT,Tanker,2026-09-22
2011-05-04,16.53400993347168,50.040000915527344,50.880001068115234,51.36000061035156,49.439998626708984,44183,DHT,Tanker,2026-09-22
2011-05-05,16.4547119140625,49.79999923706055,49.91999816894531,50.63999938964844,49.20000076293945,31275,DHT,Tanker,2026-09-22
2011-05-06,16.494356155395508,49.91999816894531,50.52000045776367,50.880001068115234,49.20000076293945,33000,DHT,Tanker,2026-09-22
2011-05-09,16.375408172607422,49.560001373291016,50.400001525878906,50.400001525878906,49.439998626708984,22333,DHT,Tanker,2026-09-22
2011-05-10,16.851205825805664,51.0,49.68000030517578,51.0,49.560001373291016,24008,DHT,Tanker,2026-09-22
2011-05-11,16.33576011657715,49.439998626708984,50.880001068115234,51.599998474121094,49.439998626708984,25125,DHT,Tanker,2026-09-22
2011-05-12,16.732257843017578,50.63999938964844,49.439998626708984,50.7599983215332,49.20000076293945,21167,DHT,Tanker,2026-09-22
2011-05-13,16.33576011657715,49.439998626708984,50.880001068115234,50.880001068115234,49.20000076293945,19983,DHT,Tanker,2026-09-22
2011-05-16,16.2564640045166,49.20000076293945,49.439998626708984,50.279998779296875,49.20000076293945,20258,DHT,Tanker,2026-09-22
2011-05-17,16.0185604095459,48.47999954223633,49.20000076293945,49.91999816894531,48.2400016784668,31850,DHT,Tanker,2026-09-22
2011-05-18,16.33576011657715,49.439998626708984,48.84000015258789,49.560001373291016,48.47999954223633,17783,DHT,Tanker,2026-09-22
2011-05-19,16.4547119140625,49.79999923706055,49.68000030517578,50.15999984741211,49.31999969482422,27258,DHT,Tanker,2026-09-22
2011-05-20,16.4547119140625,49.79999923706055,49.79999923706055,50.279998779296875,48.720001220703125,28075,DHT,Tanker,2026-09-22
2011-05-23,16.296113967895508,49.31999969482422,49.560001373291016,49.68000030517578,48.959999084472656,30850,DHT,Tanker,2026-09-22
2011-05-24,16.296113967895508,49.31999969482422,49.68000030517578,50.040000915527344,48.84000015258789,31808,DHT,Tanker,2026-09-22
2011-05-25,16.0185604095459,48.47999954223633,49.20000076293945,49.20000076293945,48.119998931884766,42208,DHT,Tanker,2026-09-22
2011-05-26,15.899609565734863,48.119998931884766,48.47999954223633,48.599998474121094,47.63999938964844,36242,DHT,Tanker,2026-09-22
2011-05-27,15.899609565734863,48.119998931884766,48.47999954223633,48.84000015258789,48.0,20808,DHT,Tanker,2026-09-22
2011-05-31,15.859963417053223,48.0,49.20000076293945,49.68000030517578,47.63999938964844,53592,DHT,Tanker,2026-09-22
2011-06-01,15.582411766052246,47.15999984741211,48.2400016784668,49.08000183105469,47.15999984741211,68508,DHT,Tanker,2026-09-22
2011-06-02,15.463459968566895,46.79999923706055,47.15999984741211,47.63999938964844,46.79999923706055,41225,DHT,Tanker,2026-09-22
2011-06-03,15.423810958862305,46.68000030517578,46.79999923706055,47.63999938964844,46.439998626708984,46217,DHT,Tanker,2026-09-22
2011-06-06,15.066961288452148,45.599998474121094,46.91999816894531,47.63999938964844,45.599998474121094,44817,DHT,Tanker,2026-09-22
2011-06-07,14.749760627746582,44.63999938964844,45.84000015258789,46.20000076293945,44.52000045776367,51200,DHT,Tanker,2026-09-22
2011-06-08,14.03605842590332,42.47999954223633,44.63999938964844,45.0,42.0,65775,DHT,Tanker,2026-09-22
2011-06-09,14.432560920715332,43.68000030517578,42.84000015258789,44.040000915527344,42.720001220703125,57892,DHT,Tanker,2026-09-22
2011-06-10,14.155010223388672,42.84000015258789,43.79999923706055,44.040000915527344,42.36000061035156,29867,DHT,Tanker,2026-09-22
2011-06-13,14.472214698791504,43.79999923706055,43.08000183105469,44.040000915527344,42.959999084472656,26283,DHT,Tanker,2026-09-22
2011-06-14,14.948012351989746,45.2400016784668,44.15999984741211,45.36000061035156,43.91999816894531,29967,DHT,Tanker,2026-09-22
2011-06-15,14.630815505981445,44.279998779296875,45.0,45.2400016784668,43.79999923706055,28142,DHT,Tanker,2026-09-22
2011-06-16,14.868715286254883,45.0,44.15999984741211,45.84000015258789,44.15999984741211,18517,DHT,Tanker,2026-09-22
2011-06-17,14.630815505981445,44.279998779296875,45.2400016784668,45.959999084472656,44.279998779296875,33275,DHT,Tanker,2026-09-22
2011-06-20,14.908358573913574,45.119998931884766,44.400001525878906,45.119998931884766,44.279998779296875,14117,DHT,Tanker,2026-09-22
2011-06-21,15.14626407623291,45.84000015258789,45.599998474121094,45.84000015258789,45.0,23625,DHT,Tanker,2026-09-22
2011-06-22,14.829065322875977,44.880001068115234,45.720001220703125,45.959999084472656,44.880001068115234,17425,DHT,Tanker,2026-09-22
2011-06-23,15.106613159179688,45.720001220703125,44.52000045776367,45.84000015258789,44.040000915527344,24833,DHT,Tanker,2026-09-22
2011-06-24,15.1859130859375,45.959999084472656,45.959999084472656,46.08000183105469,44.52000045776367,58292,DHT,Tanker,2026-09-22
2011-06-27,15.304863929748535,46.31999969482422,45.959999084472656,46.560001373291016,45.47999954223633,28292,DHT,Tanker,2026-09-22
2011-06-28,15.066961288452148,45.599998474121094,46.560001373291016,46.560001373291016,45.2400016784668,31142,DHT,Tanker,2026-09-22
2011-06-29,15.1859130859375,45.959999084472656,45.959999084472656,46.560001373291016,45.36000061035156,22700,DHT,Tanker,2026-09-22
2011-06-30,15.1859130859375,45.959999084472656,46.31999969482422,46.91999816894531,45.599998474121094,17900,DHT,Tanker,2026-09-22
2011-07-01,15.463459968566895,46.79999923706055,46.20000076293945,47.279998779296875,46.20000076293945,26075,DHT,Tanker,2026-09-22
2011-07-05,15.14626407623291,45.84000015258789,46.91999816894531,47.15999984741211,45.36000061035156,23383,DHT,Tanker,2026-09-22
2011-07-06,15.066961288452148,45.599998474121094,45.84000015258789,46.439998626708984,45.0,24167,DHT,Tanker,2026-09-22
2011-07-07,15.027312278747559,45.47999954223633,45.84000015258789,46.439998626708984,45.2400016784668,25367,DHT,Tanker,2026-09-22
2011-07-08,15.066961288452148,45.599998474121094,45.2400016784668,45.720001220703125,45.2400016784668,17008,DHT,Tanker,2026-09-22
2011-07-11,14.868715286254883,45.0,45.36000061035156,45.47999954223633,45.0,21350,DHT,Tanker,2026-09-22
2011-07-12,14.749760627746582,44.63999938964844,44.52000045776367,45.2400016784668,44.52000045776367,23192,DHT,Tanker,2026-09-22
2011-07-13,14.868715286254883,45.0,45.0,45.36000061035156,44.400001525878906,26425,DHT,Tanker,2026-09-22
2011-07-14,14.749760627746582,44.63999938964844,45.119998931884766,45.47999954223633,44.400001525878906,23667,DHT,Tanker,2026-09-22
2011-07-15,15.14626407623291,45.84000015258789,45.0,45.959999084472656,44.7599983215332,36242,DHT,Tanker,2026-09-22
2011-07-18,14.868715286254883,45.0,45.84000015258789,46.20000076293945,44.7599983215332,42033,DHT,Tanker,2026-09-22
2011-07-19,15.423810958862305,46.68000030517578,45.720001220703125,46.68000030517578,45.47999954223633,36375,DHT,Tanker,2026-09-22
2011-07-20,15.14626407623291,45.84000015258789,46.79999923706055,46.79999923706055,45.36000061035156,41475,DHT,Tanker,2026-09-22
2011-07-21,15.463459968566895,46.79999923706055,46.20000076293945,47.52000045776367,46.08000183105469,80167,DHT,Tanker,2026-09-22
2011-07-22,15.384164810180664,46.560001373291016,46.91999816894531,47.400001525878906,46.20000076293945,49183,DHT,Tanker,2026-09-22
2011-07-25,15.265212059020996,46.20000076293945,46.560001373291016,46.79999923706055,46.08000183105469,56933,DHT,Tanker,2026-09-22
2011-07-26,14.98026180267334,44.15999984741211,45.119998931884766,45.119998931884766,43.79999923706055,39358,DHT,Tanker,2026-09-22
2011-07-27,14.65460205078125,43.20000076293945,43.91999816894531,44.52000045776367,42.36000061035156,58567,DHT,Tanker,2026-09-22
2011-07-28,14.7360200881958,43.439998626708984,43.08000183105469,44.15999984741211,42.720001220703125,22992,DHT,Tanker,2026-09-22
2011-07-29,14.65460205078125,43.20000076293945,43.08000183105469,44.040000915527344,42.36000061035156,27742,DHT,Tanker,2026-09-22
2011-08-01,14.7360200881958,43.439998626708984,43.08000183105469,44.279998779296875,42.959999084472656,23450,DHT,Tanker,2026-09-22
2011-08-02,13.9625825881958,41.15999984741211,43.439998626708984,43.79999923706055,41.15999984741211,44492,DHT,Tanker,2026-09-22
2011-08-03,13.9625825881958,41.15999984741211,41.040000915527344,42.2400016784668,39.959999084472656,31508,DHT,Tanker,2026-09-22
2011-08-04,12.822778701782227,37.79999923706055,41.040000915527344,41.040000915527344,37.79999923706055,74092,DHT,Tanker,2026-09-22
2011-08-05,13.14843463897705,38.7599983215332,38.15999984741211,40.439998626708984,36.2400016784668,95933,DHT,Tanker,2026-09-22
2011-08-08,12.171466827392578,35.880001068115234,37.560001373291016,38.63999938964844,35.040000915527344,102908,DHT,Tanker,2026-09-22
2011-08-09,12.94489574432373,38.15999984741211,36.119998931884766,38.63999938964844,33.599998474121094,63392,DHT,Tanker,2026-09-22
2011-08-10,12.049342155456543,35.52000045776367,37.08000183105469,37.91999816894531,35.52000045776367,40350,DHT,Tanker,2026-09-22
2011-08-11,12.741363525390625,37.560001373291016,35.7599983215332,38.040000915527344,35.63999938964844,35825,DHT,Tanker,2026-09-22
2011-08-12,12.45641040802002,36.720001220703125,37.560001373291016,38.7599983215332,36.36000061035156,22483,DHT,Tanker,2026-09-22
2011-08-15,12.94489574432373,38.15999984741211,36.959999084472656,38.15999984741211,36.599998474121094,22267,DHT,Tanker,2026-09-22
2011-08-16,12.578535079956055,37.08000183105469,37.560001373291016,37.68000030517578,36.36000061035156,29308,DHT,Tanker,2026-09-22
2011-08-17,12.334291458129883,36.36000061035156,36.84000015258789,37.31999969482422,35.400001525878906,60325,DHT,Tanker,2026-09-22
2011-08-18,11.76439094543457,34.68000030517578,35.52000045776367,35.880001068115234,34.68000030517578,56217,DHT,Tanker,2026-09-22
2011-08-19,11.438732147216797,33.720001220703125,34.79999923706055,35.400001525878906,33.599998474121094,42283,DHT,Tanker,2026-09-22
2011-08-22,10.868831634521484,32.040000915527344,34.08000183105469,34.439998626708984,31.920000076293945,51300,DHT,Tanker,2026-09-22
2011-08-23,10.909537315368652,32.15999984741211,32.279998779296875,33.599998474121094,31.559999465942383,73117,DHT,Tanker,2026-09-22
2011-08-24,10.990955352783203,32.400001525878906,31.799999237060547,32.880001068115234,31.799999237060547,25083,DHT,Tanker,2026-09-22
2011-08-25,10.706002235412598,31.559999465942383,32.7599983215332,33.119998931884766,31.200000762939453,42833,DHT,Tanker,2026-09-22
2011-08-26,10.746707916259766,31.68000030517578,31.31999969482422,32.279998779296875,31.200000762939453,26875,DHT,Tanker,2026-09-22
2011-08-29,11.031664848327637,32.52000045776367,32.040000915527344,32.63999938964844,31.559999465942383,53575,DHT,Tanker,2026-09-22
2011-08-30,11.682976722717285,34.439998626708984,32.279998779296875,34.68000030517578,32.279998779296875,88150,DHT,Tanker,2026-09-22
2011-08-31,12.130752563476562,35.7599983215332,34.91999816894531,36.36000061035156,34.91999816894531,50525,DHT,Tanker,2026-09-22
2011-09-01,11.194488525390625,33.0,35.63999938964844,36.599998474121094,33.0,37250,DHT,Tanker,2026-09-22
2011-09-02,11.357316017150879,33.47999954223633,33.0,33.959999084472656,32.63999938964844,48208,DHT,Tanker,2026-09-22
2011-09-06,11.072362899780273,32.63999938964844,34.20000076293945,34.91999816894531,32.279998779296875,55225,DHT,Tanker,2026-09-22
2011-09-07,11.398022651672363,33.599998474121094,33.36000061035156,34.439998626708984,33.119998931884766,57383,DHT,Tanker,2026-09-22
2011-09-08,10.624588012695312,31.31999969482422,33.599998474121094,33.959999084472656,31.200000762939453,79892,DHT,Tanker,2026-09-22
2011-09-09,10.42105484008789,30.719999313354492,31.079999923706055,32.279998779296875,30.360000610351562,69775,DHT,Tanker,2026-09-22
2011-09-12,10.258224487304688,30.239999771118164,30.360000610351562,30.84000015258789,29.280000686645508,46433,DHT,Tanker,2026-09-22
2011-09-13,9.851151466369629,29.040000915527344,29.760000228881836,30.600000381469727,28.440000534057617,60542,DHT,Tanker,2026-09-22
2011-09-14,10.095391273498535,29.760000228881836,29.520000457763672,30.239999771118164,28.920000076293945,42233,DHT,Tanker,2026-09-22
2011-09-15,10.176807403564453,30.0,30.0,30.0,28.440000534057617,37192,DHT,Tanker,2026-09-22
2011-09-16,9.932564735412598,29.280000686645508,30.1200008392334,30.1200008392334,29.280000686645508,31083,DHT,Tanker,2026-09-22
2011-09-19,9.932564735412598,29.280000686645508,28.559999465942383,29.520000457763672,28.559999465942383,20992,DHT,Tanker,2026-09-22
2011-09-20,9.769731521606445,28.799999237060547,29.639999389648438,30.479999542236328,28.799999237060547,22475,DHT,Tanker,2026-09-22
2011-09-21,8.874174118041992,26.15999984741211,28.920000076293945,29.280000686645508,26.15999984741211,39250,DHT,Tanker,2026-09-22
2011-09-22,8.752055168151855,25.799999237060547,25.079999923706055,26.8799991607666,25.079999923706055,56917,DHT,Tanker,2026-09-22
2011-09-23,9.077712059020996,26.760000228881836,25.799999237060547,27.479999542236328,25.559999465942383,40850,DHT,Tanker,2026-09-22
2011-09-26,8.874174118041992,26.15999984741211,27.0,27.1200008392334,25.440000534057617,33233,DHT,Tanker,2026-09-22
2011-09-27,9.077712059020996,26.760000228881836,26.639999389648438,27.84000015258789,26.399999618530273,34483,DHT,Tanker,2026-09-22
2011-09-28,8.222860336303711,24.239999771118164,27.0,27.0,24.1200008392334,74158,DHT,Tanker,2026-09-22
2011-09-29,8.18215560913086,24.1200008392334,24.84000015258789,25.799999237060547,23.639999389648438,43292,DHT,Tanker,2026-09-22
2011-09-30,8.304274559020996,24.479999542236328,23.760000228881836,24.959999084472656,23.399999618530273,43283,DHT,Tanker,2026-09-22
2011-10-03,6.513157844543457,19.200000762939453,24.0,24.0,18.239999771118164,148850,DHT,Tanker,2026-09-22
2011-10-04,7.5715436935424805,22.31999969482422,18.360000610351562,22.920000076293945,18.1200008392334,108333,DHT,Tanker,2026-09-22
2011-10-05,7.327301025390625,21.600000381469727,22.200000762939453,22.31999969482422,21.0,46850,DHT,Tanker,2026-09-22
2011-10-06,7.327301025390625,21.600000381469727,21.360000610351562,21.84000015258789,20.520000457763672,58992,DHT,Tanker,2026-09-22
2011-10-07,6.920229434967041,20.399999618530273,21.959999084472656,21.959999084472656,20.040000915527344,49875,DHT,Tanker,2026-09-22
2011-10-10,6.920229434967041,20.399999618530273,20.639999389648438,21.479999542236328,19.799999237060547,61500,DHT,Tanker,2026-09-22
2011-10-11,7.245885372161865,21.360000610351562,19.799999237060547,21.479999542236328,19.440000534057617,46942,DHT,Tanker,2026-09-22
2011-10-12,7.775082588195801,22.920000076293945,21.600000381469727,23.15999984741211,21.1200008392334,49167,DHT,Tanker,2026-09-22
2011-10-13,7.5715436935424805,22.31999969482422,22.799999237060547,22.799999237060547,21.360000610351562,32058,DHT,Tanker,2026-09-22
2011-10-14,7.856497287750244,23.15999984741211,22.799999237060547,23.399999618530273,22.440000534057617,31283,DHT,Tanker,2026-09-22
2011-10-17,7.693669319152832,22.68000030517578,22.920000076293945,24.1200008392334,22.440000534057617,46492,DHT,Tanker,2026-09-22
2011-10-18,7.734371185302734,22.799999237060547,22.920000076293945,23.280000686645508,22.079999923706055,58050,DHT,Tanker,2026-09-22
2011-10-19,7.3680100440979,21.719999313354492,22.559999465942383,22.799999237060547,21.600000381469727,32383,DHT,Tanker,2026-09-22
2011-10-20,7.327301025390625,21.600000381469727,21.84000015258789,22.559999465942383,21.1200008392334,38333,DHT,Tanker,2026-09-22
2011-10-21,7.49013090133667,22.079999923706055,21.959999084472656,22.559999465942383,21.84000015258789,36958,DHT,Tanker,2026-09-22
2011-10-24,7.652957439422607,22.559999465942383,21.959999084472656,24.479999542236328,21.959999084472656,105475,DHT,Tanker,2026-09-22
2011-10-25,6.594572067260742,19.440000534057617,21.84000015258789,22.079999923706055,19.440000534057617,81108,DHT,Tanker,2026-09-22
2011-10-26,6.431743144989014,18.959999084472656,19.920000076293945,20.15999984741211,18.0,66192,DHT,Tanker,2026-09-22
2011-10-27,6.350329399108887,18.719999313354492,19.799999237060547,19.920000076293945,18.239999771118164,88742,DHT,Tanker,2026-09-22
2011-10-28,6.63527774810791,19.559999465942383,18.600000381469727,20.040000915527344,18.239999771118164,70767,DHT,Tanker,2026-09-22
2011-10-31,6.513157844543457,19.200000762939453,19.200000762939453,19.920000076293945,19.200000762939453,56433,DHT,Tanker,2026-09-22
2011-11-01,6.187499046325684,18.239999771118164,18.600000381469727,19.440000534057617,18.0,42092,DHT,Tanker,2026-09-22
2011-11-02,6.22820520401001,18.360000610351562,18.479999542236328,18.959999084472656,18.239999771118164,44075,DHT,Tanker,2026-09-22
2011-11-03,6.106085300445557,18.0,18.479999542236328,18.600000381469727,17.520000457763672,44317,DHT,Tanker,2026-09-22
2011-11-04,5.649167537689209,16.31999969482422,17.639999389648438,17.639999389648438,15.960000038146973,6250,DHT,Tanker,2026-09-22
2011-11-07,5.316864490509033,15.359999656677246,15.960000038146973,16.200000762939453,13.5600004196167,90733,DHT,Tanker,2026-09-22
2011-11-08,5.358401298522949,15.479999542236328,15.960000038146973,16.559999465942383,14.520000457763672,45950,DHT,Tanker,2026-09-22
2011-11-09,4.98455810546875,14.399999618530273,15.0,15.119999885559082,14.399999618530273,43375,DHT,Tanker,2026-09-22
2011-11-10,4.901483535766602,14.15999984741211,14.399999618530273,15.239999771118164,13.920000076293945,35275,DHT,Tanker,2026-09-22
2011-11-11,5.192248821258545,15.0,14.399999618530273,15.359999656677246,14.279999732971191,48175,DHT,Tanker,2026-09-22
2011-11-14,4.693792343139648,13.5600004196167,14.760000228881836,15.0,13.4399995803833,63008,DHT,Tanker,2026-09-22
2011-11-15,4.693792343139648,13.5600004196167,13.4399995803833,14.520000457763672,13.319999694824219,53933,DHT,Tanker,2026-09-22
2011-11-16,4.569179058074951,13.199999809265137,13.5600004196167,13.920000076293945,13.199999809265137,49675,DHT,Tanker,2026-09-22
2011-11-17,4.361489295959473,12.600000381469727,13.4399995803833,13.680000305175781,12.479999542236328,49233,DHT,Tanker,2026-09-22
2011-11-18,4.4030280113220215,12.720000267028809,12.600000381469727,13.5600004196167,12.479999542236328,54092,DHT,Tanker,2026-09-22
2011-11-21,4.4030280113220215,12.720000267028809,12.720000267028809,13.199999809265137,12.359999656677246,50433,DHT,Tanker,2026-09-22
2011-11-22,4.236875057220459,12.239999771118164,12.720000267028809,13.079999923706055,11.880000114440918,72767,DHT,Tanker,2026-09-22
2011-11-23,3.9045701026916504,11.279999732971191,12.239999771118164,12.239999771118164,10.920000076293945,63475,DHT,Tanker,2026-09-22
2011-11-25,3.779956579208374,10.920000076293945,10.800000190734863,12.479999542236328,10.5600004196167,24058,DHT,Tanker,2026-09-22
2011-11-28,3.94610857963562,11.399999618530273,11.520000457763672,12.0,11.039999961853027,32550,DHT,Tanker,2026-09-22
2011-11-29,3.5722668170928955,10.319999694824219,11.520000457763672,11.520000457763672,10.199999809265137,36583,DHT,Tanker,2026-09-22
2011-11-30,3.4061150550842285,9.84000015258789,10.5600004196167,11.15999984741211,8.880000114440918,105492,DHT,Tanker,2026-09-22
2011-12-01,3.3230392932891846,9.600000381469727,9.84000015258789,10.319999694824219,9.239999771118164,57975,DHT,Tanker,2026-09-22
2011-12-02,3.3230392932891846,9.600000381469727,9.600000381469727,9.84000015258789,9.479999542236328,33533,DHT,Tanker,2026-09-22
2011-12-05,3.4891915321350098,10.079999923706055,9.600000381469727,10.199999809265137,9.479999542236328,51783,DHT,Tanker,2026-09-22
2011-12-06,4.4030280113220215,12.720000267028809,10.199999809265137,12.720000267028809,9.84000015258789,243092,DHT,Tanker,2026-09-22
2011-12-07,3.987647533416748,11.520000457763672,12.720000267028809,12.960000038146973,11.15999984741211,138375,DHT,Tanker,2026-09-22
2011-12-08,3.530729293823242,10.199999809265137,11.399999618530273,11.520000457763672,10.079999923706055,62808,DHT,Tanker,2026-09-22
2011-12-09,3.5722668170928955,10.319999694824219,11.279999732971191,11.279999732971191,9.84000015258789,53733,DHT,Tanker,2026-09-22
2011-12-12,3.032273530960083,8.760000228881836,10.199999809265137,10.319999694824219,8.640000343322754,155867,DHT,Tanker,2026-09-22
2011-12-13,2.866122007369995,8.279999732971191,9.0,9.119999885559082,8.15999984741211,138942,DHT,Tanker,2026-09-22
2011-12-14,2.7415075302124023,7.920000076293945,8.279999732971191,8.880000114440918,7.920000076293945,79817,DHT,Tanker,2026-09-22
2011-12-15,3.073812484741211,8.880000114440918,8.15999984741211,8.880000114440918,8.039999961853027,61933,DHT,Tanker,2026-09-22
2011-12-16,2.9907350540161133,8.640000343322754,9.0,9.479999542236328,8.640000343322754,59533,DHT,Tanker,2026-09-22
2011-12-19,3.073812484741211,8.880000114440918,8.760000228881836,9.119999885559082,8.760000228881836,41875,DHT,Tanker,2026-09-22
2011-12-20,3.3230392932891846,9.600000381469727,9.0,9.960000038146973,9.0,76225,DHT,Tanker,2026-09-22
2011-12-21,3.364577531814575,9.720000267028809,9.479999542236328,9.84000015258789,9.0,51283,DHT,Tanker,2026-09-22
2011-12-22,3.3230392932891846,9.600000381469727,9.720000267028809,10.079999923706055,9.479999542236328,51208,DHT,Tanker,2026-09-22
2011-12-23,3.281500816345215,9.479999542236328,9.84000015258789,9.84000015258789,9.119999885559082,30550,DHT,Tanker,2026-09-22
2011-12-27,3.032273530960083,8.760000228881836,9.359999656677246,9.600000381469727,8.640000343322754,70475,DHT,Tanker,2026-09-22
2011-12-28,2.866122007369995,8.279999732971191,8.640000343322754,8.640000343322754,8.039999961853027,61175,DHT,Tanker,2026-09-22
2011-12-29,3.032273530960083,8.760000228881836,8.880000114440918,8.880000114440918,8.399999618530273,39600,DHT,Tanker,2026-09-22
2011-12-30,3.073812484741211,8.880000114440918,8.399999618530273,9.239999771118164,8.279999732971191,65417,DHT,Tanker,2026-09-22
2012-01-03,3.1568872928619385,9.119999885559082,9.119999885559082,9.600000381469727,8.760000228881836,37683,DHT,Tanker,2026-09-22
2012-01-04,3.2399637699127197,9.359999656677246,9.239999771118164,9.600000381469727,8.880000114440918,68383,DHT,Tanker,2026-09-22
2012-01-05,3.281500816345215,9.479999542236328,9.359999656677246,10.199999809265137,9.239999771118164,115025,DHT,Tanker,2026-09-22
2012-01-06,3.2399637699127197,9.359999656677246,9.600000381469727,9.720000267028809,9.119999885559082,47367,DHT,Tanker,2026-09-22
2012-01-09,3.3230392932891846,9.600000381469727,9.359999656677246,9.600000381469727,9.119999885559082,48008,DHT,Tanker,2026-09-22
2012-01-10,3.1568872928619385,9.119999885559082,9.359999656677246,9.600000381469727,9.119999885559082,52967,DHT,Tanker,2026-09-22
2012-01-11,3.198425769805908,9.239999771118164,9.119999885559082,9.359999656677246,9.119999885559082,28783,DHT,Tanker,2026-09-22
2012-01-12,3.281500816345215,9.479999542236328,9.239999771118164,10.319999694824219,9.239999771118164,155942,DHT,Tanker,2026-09-22
2012-01-13,3.3230392932891846,9.600000381469727,9.600000381469727,9.84000015258789,9.239999771118164,37233,DHT,Tanker,2026-09-22
2012-01-17,3.073812484741211,8.880000114440918,9.720000267028809,9.84000015258789,8.880000114440918,62817,DHT,Tanker,2026-09-22
2012-01-18,3.198425769805908,9.239999771118164,9.0,9.479999542236328,8.880000114440918,46183,DHT,Tanker,2026-09-22
2012-01-19,3.2399637699127197,9.359999656677246,9.359999656677246,9.479999542236328,9.119999885559082,22708,DHT,Tanker,2026-09-22
2012-01-20,3.2399637699127197,9.359999656677246,9.359999656677246,9.479999542236328,9.119999885559082,26333,DHT,Tanker,2026-09-22
2012-01-23,3.3230392932891846,9.600000381469727,9.600000381469727,9.600000381469727,9.239999771118164,37167,DHT,Tanker,2026-09-22
2012-01-24,3.364577531814575,9.720000267028809,10.920000076293945,11.039999961853027,9.720000267028809,251792,DHT,Tanker,2026-09-22
2012-01-25,3.3230392932891846,9.600000381469727,9.84000015258789,9.960000038146973,9.359999656677246,188525,DHT,Tanker,2026-09-22
2012-01-26,3.198425769805908,9.239999771118164,9.600000381469727,9.84000015258789,9.119999885559082,174458,DHT,Tanker,2026-09-22
2012-01-27,3.613805055618286,10.4399995803833,9.239999771118164,10.800000190734863,9.239999771118164,265483,DHT,Tanker,2026-09-22
2012-01-30,4.5276408195495605,13.079999923706055,10.680000305175781,13.319999694824219,10.079999923706055,458967,DHT,Tanker,2026-09-22
2012-01-31,4.4030280113220215,12.720000267028809,13.4399995803833,13.800000190734863,12.239999771118164,266317,DHT,Tanker,2026-09-22
2012-02-01,4.652254581451416,13.4399995803833,12.720000267028809,13.800000190734863,12.119999885559082,161067,DHT,Tanker,2026-09-22
2012-02-02,4.27841329574585,12.359999656677246,13.5600004196167,13.800000190734863,12.119999885559082,177125,DHT,Tanker,2026-09-22
2012-02-03,4.706254005432129,13.199999809265137,12.359999656677246,13.4399995803833,12.359999656677246,149375,DHT,Tanker,2026-09-22
2012-02-06,5.176879405975342,14.520000457763672,12.84000015258789,15.0,12.84000015258789,351583,DHT,Tanker,2026-09-22
2012-02-07,4.920175552368164,13.800000190734863,14.640000343322754,14.760000228881836,13.800000190734863,130025,DHT,Tanker,2026-09-22
2012-02-08,4.877391338348389,13.680000305175781,14.039999961853027,14.039999961853027,13.319999694824219,101067,DHT,Tanker,2026-09-22
2012-02-09,4.620684623718262,12.960000038146973,13.800000190734863,13.800000190734863,12.600000381469727,112808,DHT,Tanker,2026-09-22
2012-02-10,4.620684623718262,12.960000038146973,12.720000267028809,13.4399995803833,12.600000381469727,71067,DHT,Tanker,2026-09-22
2012-02-13,5.476369857788086,15.359999656677246,13.319999694824219,15.359999656677246,13.319999694824219,182000,DHT,Tanker,2026-09-22
2012-02-14,5.30523157119751,14.880000114440918,15.119999885559082,16.200000762939453,14.279999732971191,282367,DHT,Tanker,2026-09-22
2012-02-15,4.920175552368164,13.800000190734863,15.119999885559082,15.239999771118164,13.680000305175781,173200,DHT,Tanker,2026-09-22
2012-02-16,5.30523157119751,14.880000114440918,14.15999984741211,14.880000114440918,13.920000076293945,106258,DHT,Tanker,2026-09-22
2012-02-17,5.04852819442749,14.15999984741211,14.880000114440918,14.880000114440918,14.15999984741211,63650,DHT,Tanker,2026-09-22
2012-02-21,4.834606170654297,13.5600004196167,14.279999732971191,14.640000343322754,13.5600004196167,69567,DHT,Tanker,2026-09-22
2012-02-22,5.005743503570557,14.039999961853027,13.800000190734863,14.640000343322754,13.800000190734863,64842,DHT,Tanker,2026-09-22
2012-02-23,5.176879405975342,14.520000457763672,14.15999984741211,15.119999885559082,13.800000190734863,156475,DHT,Tanker,2026-09-22
2012-02-24,5.30523157119751,14.880000114440918,14.760000228881836,15.600000381469727,14.520000457763672,119817,DHT,Tanker,2026-09-22
2012-02-27,5.091310501098633,14.279999732971191,14.880000114440918,15.359999656677246,14.039999961853027,136500,DHT,Tanker,2026-09-22
2012-02-28,4.962960243225098,13.920000076293945,14.039999961853027,14.880000114440918,13.920000076293945,72242,DHT,Tanker,2026-09-22
2012-02-29,4.749040126800537,13.319999694824219,13.920000076293945,14.279999732971191,13.319999694824219,107108,DHT,Tanker,2026-09-22
2012-03-01,4.620684623718262,12.960000038146973,13.319999694824219,13.680000305175781,12.960000038146973,74608,DHT,Tanker,2026-09-22
2012-03-02,4.492334842681885,12.600000381469727,13.199999809265137,13.4399995803833,12.600000381469727,65400,DHT,Tanker,2026-09-22
2012-03-05,4.235628128051758,11.880000114440918,12.479999542236328,12.600000381469727,11.880000114440918,87733,DHT,Tanker,2026-09-22
2012-03-06,4.192845344543457,11.760000228881836,12.119999885559082,12.359999656677246,11.640000343322754,71842,DHT,Tanker,2026-09-22
2012-03-07,4.492334842681885,12.600000381469727,11.880000114440918,12.84000015258789,11.760000228881836,46783,DHT,Tanker,2026-09-22
2012-03-08,4.406765460968018,12.359999656677246,12.84000015258789,13.079999923706055,12.0,51417,DHT,Tanker,2026-09-22
2012-03-09,4.406765460968018,12.359999656677246,12.239999771118164,12.600000381469727,12.0,37183,DHT,Tanker,2026-09-22
2012-03-12,4.278413772583008,12.0,12.359999656677246,12.479999542236328,12.0,48717,DHT,Tanker,2026-09-22
2012-03-13,4.920175552368164,13.800000190734863,12.0,13.800000190734863,12.0,77667,DHT,Tanker,2026-09-22
2012-03-14,4.749040126800537,13.319999694824219,13.800000190734863,13.800000190734863,13.199999809265137,56025,DHT,Tanker,2026-09-22
2012-03-15,4.962960243225098,13.920000076293945,13.319999694824219,14.15999984741211,13.319999694824219,119375,DHT,Tanker,2026-09-22
2012-03-16,5.348016262054443,15.0,14.15999984741211,15.359999656677246,13.800000190734863,300050,DHT,Tanker,2026-09-22
2012-03-19,6.332051753997803,17.760000228881836,15.0,18.360000610351562,15.0,466083,DHT,Tanker,2026-09-22
2012-03-20,4.663470268249512,13.079999923706055,13.4399995803833,14.15999984741211,12.600000381469727,653833,DHT,Tanker,2026-09-22
2012-03-21,4.235628128051758,11.880000114440918,12.720000267028809,13.319999694824219,10.920000076293945,607208,DHT,Tanker,2026-09-22
2012-03-22,4.321197032928467,12.119999885559082,12.0,12.239999771118164,11.039999961853027,137075,DHT,Tanker,2026-09-22
2012-03-23,4.406765460968018,12.359999656677246,12.0,12.359999656677246,11.399999618530273,111967,DHT,Tanker,2026-09-22
2012-03-26,4.920175552368164,13.800000190734863,12.359999656677246,14.039999961853027,12.119999885559082,418367,DHT,Tanker,2026-09-22
2012-03-27,4.321197032928467,12.119999885559082,12.119999885559082,13.079999923706055,11.520000457763672,226958,DHT,Tanker,2026-09-22
2012-03-28,4.192845344543457,11.760000228881836,12.239999771118164,12.600000381469727,11.760000228881836,121875,DHT,Tanker,2026-09-22
2012-03-29,4.278413772583008,12.0,11.760000228881836,12.239999771118164,11.399999618530273,92167,DHT,Tanker,2026-09-22
2012-03-30,4.1072773933410645,11.520000457763672,12.0,12.239999771118164,11.520000457763672,93950,DHT,Tanker,2026-09-22
2012-04-02,4.192845344543457,11.760000228881836,11.520000457763672,12.0,11.399999618530273,36133,DHT,Tanker,2026-09-22
2012-04-03,3.936140775680542,11.039999961853027,11.760000228881836,11.760000228881836,10.920000076293945,52867,DHT,Tanker,2026-09-22
2012-04-04,3.679436206817627,10.319999694824219,10.800000190734863,10.800000190734863,9.960000038146973,127450,DHT,Tanker,2026-09-22
2012-04-05,3.5082991123199463,9.84000015258789,10.199999809265137,10.4399995803833,9.84000015258789,68167,DHT,Tanker,2026-09-22
2012-04-09,3.5082991123199463,9.84000015258789,9.84000015258789,9.84000015258789,9.359999656677246,104667,DHT,Tanker,2026-09-22
2012-04-10,3.294376850128174,9.239999771118164,9.720000267028809,9.84000015258789,9.0,85542,DHT,Tanker,2026-09-22
2012-04-11,3.5938668251037598,10.079999923706055,9.479999542236328,10.079999923706055,9.479999542236328,66200,DHT,Tanker,2026-09-22
2012-04-12,3.5938668251037598,10.079999923706055,10.199999809265137,10.5600004196167,9.720000267028809,47792,DHT,Tanker,2026-09-22
2012-04-13,3.46551513671875,9.720000267028809,9.84000015258789,9.960000038146973,9.479999542236328,36858,DHT,Tanker,2026-09-22
2012-04-16,3.46551513671875,9.720000267028809,9.720000267028809,9.960000038146973,9.600000381469727,41642,DHT,Tanker,2026-09-22
2012-04-17,3.679436206817627,10.319999694824219,9.720000267028809,10.5600004196167,9.720000267028809,108067,DHT,Tanker,2026-09-22
2012-04-18,3.46551513671875,9.720000267028809,10.079999923706055,10.319999694824219,9.479999542236328,78592,DHT,Tanker,2026-09-22
2012-04-19,3.337162971496582,9.359999656677246,9.720000267028809,10.079999923706055,9.239999771118164,86458,DHT,Tanker,2026-09-22
2012-04-20,3.46551513671875,9.720000267028809,9.960000038146973,9.960000038146973,9.359999656677246,39658,DHT,Tanker,2026-09-22
2012-04-23,3.294376850128174,9.239999771118164,9.479999542236328,9.600000381469727,9.119999885559082,62000,DHT,Tanker,2026-09-22
2012-04-24,3.337162971496582,9.359999656677246,9.359999656677246,9.600000381469727,9.119999885559082,79800,DHT,Tanker,2026-09-22
2012-04-25,3.422729730606079,9.600000381469727,9.600000381469727,9.720000267028809,9.359999656677246,78000,DHT,Tanker,2026-09-22
2012-04-26,3.337162971496582,9.359999656677246,9.600000381469727,9.600000381469727,9.239999771118164,80108,DHT,Tanker,2026-09-22
2012-04-27,3.379946231842041,9.479999542236328,9.359999656677246,9.479999542236328,9.239999771118164,34050,DHT,Tanker,2026-09-22
2012-04-30,3.422729730606079,9.600000381469727,9.479999542236328,9.84000015258789,9.479999542236328,32533,DHT,Tanker,2026-09-22
2012-05-01,3.294376850128174,9.239999771118164,9.600000381469727,9.84000015258789,9.239999771118164,24958,DHT,Tanker,2026-09-22
2012-05-02,3.251594066619873,9.119999885559082,9.239999771118164,9.479999542236328,9.0,75892,DHT,Tanker,2026-09-22
2012-05-03,3.251594066619873,9.119999885559082,9.479999542236328,9.720000267028809,9.0,64558,DHT,Tanker,2026-09-22
2012-05-04,3.294376850128174,9.239999771118164,9.119999885559082,9.720000267028809,9.119999885559082,120875,DHT,Tanker,2026-09-22
2012-05-07,3.337162971496582,9.359999656677246,9.239999771118164,9.479999542236328,9.119999885559082,42167,DHT,Tanker,2026-09-22
2012-05-08,3.208810329437256,9.0,9.359999656677246,9.479999542236328,8.880000114440918,64350,DHT,Tanker,2026-09-22
2012-05-09,3.0804569721221924,8.640000343322754,8.880000114440918,9.0,8.520000457763672,79583,DHT,Tanker,2026-09-22
2012-05-10,3.123241901397705,8.760000228881836,8.640000343322754,9.0,8.640000343322754,31275,DHT,Tanker,2026-09-22
2012-05-11,2.9948885440826416,8.399999618530273,8.760000228881836,8.760000228881836,8.399999618530273,47942,DHT,Tanker,2026-09-22
2012-05-14,2.9948887825012207,8.15999984741211,8.399999618530273,8.520000457763672,8.15999984741211,7033,DHT,Tanker,2026-09-22
2012-05-15,3.0829739570617676,8.399999618530273,8.520000457763672,8.640000343322754,8.279999732971191,38725,DHT,Tanker,2026-09-22
2012-05-16,2.9508473873138428,8.039999961853027,8.279999732971191,8.520000457763672,7.920000076293945,48933,DHT,Tanker,2026-09-22
2012-05-17,2.6425487995147705,7.199999809265137,8.039999961853027,8.039999961853027,7.199999809265137,189850,DHT,Tanker,2026-09-22
2012-05-18,2.686591625213623,7.320000171661377,7.320000171661377,7.440000057220459,7.199999809265137,66625,DHT,Tanker,2026-09-22
2012-05-21,2.686591625213623,7.320000171661377,7.440000057220459,7.440000057220459,7.199999809265137,40325,DHT,Tanker,2026-09-22
2012-05-22,2.774677038192749,7.559999942779541,7.199999809265137,8.039999961853027,7.199999809265137,54167,DHT,Tanker,2026-09-22
2012-05-23,2.774677038192749,7.559999942779541,7.559999942779541,7.920000076293945,7.320000171661377,28917,DHT,Tanker,2026-09-22
2012-05-24,2.7306337356567383,7.440000057220459,7.559999942779541,7.679999828338623,7.440000057220459,70008,DHT,Tanker,2026-09-22
2012-05-25,2.8187198638916016,7.679999828338623,7.559999942779541,7.920000076293945,7.559999942779541,80150,DHT,Tanker,2026-09-22
2012-05-29,2.9068045616149902,7.920000076293945,7.679999828338623,8.15999984741211,7.679999828338623,43600,DHT,Tanker,2026-09-22
2012-05-30,2.862761974334717,7.800000190734863,7.920000076293945,8.15999984741211,7.679999828338623,30050,DHT,Tanker,2026-09-22
2012-05-31,2.9948887825012207,8.15999984741211,7.679999828338623,8.15999984741211,7.679999828338623,35725,DHT,Tanker,2026-09-22
2012-06-01,2.774677038192749,7.559999942779541,7.679999828338623,8.039999961853027,7.559999942779541,44342,DHT,Tanker,2026-09-22
2012-06-04,2.7306337356567383,7.440000057220459,7.440000057220459,7.800000190734863,7.320000171661377,47592,DHT,Tanker,2026-09-22
2012-06-05,2.862761974334717,7.800000190734863,7.440000057220459,7.800000190734863,7.440000057220459,33608,DHT,Tanker,2026-09-22
2012-06-06,3.127017021179199,8.520000457763672,7.800000190734863,8.640000343322754,7.800000190734863,103483,DHT,Tanker,2026-09-22
2012-06-07,2.9508473873138428,8.039999961853027,8.520000457763672,8.520000457763672,8.039999961853027,43325,DHT,Tanker,2026-09-22
2012-06-08,2.9948887825012207,8.15999984741211,7.920000076293945,8.279999732971191,7.679999828338623,38208,DHT,Tanker,2026-09-22
2012-06-11,2.8187198638916016,7.679999828338623,8.399999618530273,8.399999618530273,7.679999828338623,34567,DHT,Tanker,2026-09-22
2012-06-12,2.8187198638916016,7.679999828338623,7.800000190734863,7.920000076293945,7.559999942779541,53300,DHT,Tanker,2026-09-22
2012-06-13,2.774677038192749,7.559999942779541,7.800000190734863,7.920000076293945,7.440000057220459,52367,DHT,Tanker,2026-09-22
2012-06-14,2.774677038192749,7.559999942779541,7.559999942779541,7.800000190734863,7.440000057220459,43183,DHT,Tanker,2026-09-22
2012-06-15,2.862761974334717,7.800000190734863,7.559999942779541,7.920000076293945,7.440000057220459,62533,DHT,Tanker,2026-09-22
2012-06-18,2.862761974334717,7.800000190734863,7.800000190734863,8.039999961853027,7.320000171661377,61158,DHT,Tanker,2026-09-22
2012-06-19,2.9948887825012207,8.15999984741211,7.800000190734863,8.399999618530273,7.800000190734863,57267,DHT,Tanker,2026-09-22
2012-06-20,2.9068045616149902,7.920000076293945,8.039999961853027,8.279999732971191,7.679999828338623,45667,DHT,Tanker,2026-09-22
2012-06-21,2.8187198638916016,7.679999828338623,7.920000076293945,8.520000457763672,7.679999828338623,90058,DHT,Tanker,2026-09-22
2012-06-22,2.7306337356567383,7.440000057220459,7.920000076293945,8.039999961853027,7.440000057220459,627292,DHT,Tanker,2026-09-22
2012-06-25,2.7306337356567383,7.440000057220459,7.679999828338623,7.679999828338623,7.440000057220459,38692,DHT,Tanker,2026-09-22
2012-06-26,2.686591625213623,7.320000171661377,7.440000057220459,7.800000190734863,7.320000171661377,63075,DHT,Tanker,2026-09-22
2012-06-27,2.774677038192749,7.559999942779541,7.320000171661377,7.559999942779541,7.320000171661377,26483,DHT,Tanker,2026-09-22
2012-06-28,2.7306337356567383,7.440000057220459,7.559999942779541,7.679999828338623,7.440000057220459,11817,DHT,Tanker,2026-09-22
2012-06-29,2.7306337356567383,7.440000057220459,7.920000076293945,7.920000076293945,7.440000057220459,36592,DHT,Tanker,2026-09-22
2012-07-02,2.862761974334717,7.800000190734863,7.559999942779541,7.920000076293945,7.559999942779541,59800,DHT,Tanker,2026-09-22
2012-07-03,2.774677038192749,7.559999942779541,7.800000190734863,7.920000076293945,7.559999942779541,32308,DHT,Tanker,2026-09-22
2012-07-05,2.8187198638916016,7.679999828338623,7.679999828338623,8.15999984741211,7.559999942779541,75267,DHT,Tanker,2026-09-22
2012-07-06,2.9508473873138428,8.039999961853027,7.920000076293945,8.039999961853027,7.679999828338623,44483,DHT,Tanker,2026-09-22
2012-07-09,2.9068045616149902,7.920000076293945,7.800000190734863,7.920000076293945,7.800000190734863,23900,DHT,Tanker,2026-09-22
2012-07-10,2.8187198638916016,7.679999828338623,7.800000190734863,8.039999961853027,7.679999828338623,26483,DHT,Tanker,2026-09-22
2012-07-11,2.8187198638916016,7.679999828338623,7.679999828338623,7.920000076293945,7.679999828338623,35875,DHT,Tanker,2026-09-22
2012-07-12,2.8187198638916016,7.679999828338623,7.679999828338623,7.679999828338623,7.440000057220459,25342,DHT,Tanker,2026-09-22
2012-07-13,2.774677038192749,7.559999942779541,7.559999942779541,7.559999942779541,7.440000057220459,28533,DHT,Tanker,2026-09-22
2012-07-16,2.686591625213623,7.320000171661377,7.559999942779541,7.559999942779541,7.320000171661377,2717,DHT,Tanker,2026-09-22
2012-07-17,2.7893576622009277,7.599999904632568,7.199999809265137,8.010000228881836,7.119999885559082,21200,DHT,Tanker,2026-09-22
2012-07-18,2.561805009841919,6.980000019073486,7.489999771118164,7.630000114440918,6.980000019073486,125200,DHT,Tanker,2026-09-22
2012-07-19,2.4480292797088623,6.670000076293945,7.010000228881836,7.099999904632568,6.639999866485596,172800,DHT,Tanker,2026-09-22
2012-07-20,2.3122313022613525,6.300000190734863,6.619999885559082,6.619999885559082,6.210000038146973,167900,DHT,Tanker,2026-09-22
2012-07-23,2.2314863204956055,6.079999923706055,6.079999923706055,6.28000020980835,6.03000020980835,73300,DHT,Tanker,2026-09-22
2012-07-24,2.2278153896331787,6.070000171661377,6.010000228881836,6.139999866485596,5.809999942779541,104800,DHT,Tanker,2026-09-22
2012-07-25,2.2241454124450684,6.059999942779541,6.070000171661377,6.099999904632568,5.949999809265137,67900,DHT,Tanker,2026-09-22
2012-07-26,2.13973069190979,5.829999923706055,6.139999866485596,6.139999866485596,5.800000190734863,120700,DHT,Tanker,2026-09-22
2012-07-27,2.2168052196502686,6.039999961853027,5.880000114440918,6.139999866485596,5.869999885559082,75300,DHT,Tanker,2026-09-22
2012-07-30,2.374624013900757,6.46999979019165,6.130000114440918,6.550000190734863,6.130000114440918,109400,DHT,Tanker,2026-09-22
2012-07-31,2.42600679397583,6.610000133514404,6.5,6.71999979019165,6.300000190734863,153300,DHT,Tanker,2026-09-22
2012-08-01,2.2975497245788574,6.260000228881836,6.679999828338623,6.78000020980835,6.260000228881836,139200,DHT,Tanker,2026-09-22
2012-08-02,2.3305823802948,6.349999904632568,6.269999980926514,6.460000038146973,6.190000057220459,137000,DHT,Tanker,2026-09-22
2012-08-03,2.337921619415283,6.369999885559082,6.449999809265137,6.619999885559082,6.349999904632568,87500,DHT,Tanker,2026-09-22
2012-08-06,2.4773898124694824,6.75,6.369999885559082,6.900000095367432,6.369999885559082,229400,DHT,Tanker,2026-09-22
2012-08-07,2.4355294704437256,6.400000095367432,6.320000171661377,6.5,6.269999980926514,136900,DHT,Tanker,2026-09-22
2012-08-08,2.424112558364868,6.369999885559082,6.360000133514404,6.5,6.349999904632568,66400,DHT,Tanker,2026-09-22
2012-08-09,2.332779884338379,6.130000114440918,6.380000114440918,6.5,6.070000171661377,115300,DHT,Tanker,2026-09-22
2012-08-10,2.268087148666382,5.960000038146973,6.130000114440918,6.130000114440918,5.900000095367432,81100,DHT,Tanker,2026-09-22
2012-08-13,2.2224209308624268,5.840000152587891,5.980000019073486,5.980000019073486,5.760000228881836,83400,DHT,Tanker,2026-09-22
2012-08-14,2.18817138671875,5.75,5.909999847412109,5.909999847412109,5.670000076293945,92200,DHT,Tanker,2026-09-22
2012-08-15,2.2110037803649902,5.809999942779541,5.730000019073486,5.860000133514404,5.699999809265137,46300,DHT,Tanker,2026-09-22
2012-08-16,2.2033934593200684,5.789999961853027,5.820000171661377,5.869999885559082,5.760000228881836,55600,DHT,Tanker,2026-09-22
2012-08-17,2.18817138671875,5.75,5.769999980926514,5.800000190734863,5.75,31900,DHT,Tanker,2026-09-22
2012-08-20,2.2186155319213867,5.829999923706055,5.75,5.96999979019165,5.710000038146973,140700,DHT,Tanker,2026-09-22
2012-08-21,2.199587106704712,5.78000020980835,5.880000114440918,5.880000114440918,5.78000020980835,39600,DHT,Tanker,2026-09-22
2012-08-22,2.1729483604431152,5.710000038146973,5.75,5.840000152587891,5.670000076293945,36100,DHT,Tanker,2026-09-22
2012-08-23,2.142504930496216,5.630000114440918,5.690000057220459,5.769999980926514,5.630000114440918,62100,DHT,Tanker,2026-09-22
2012-08-24,2.150116205215454,5.650000095367432,5.630000114440918,5.730000019073486,5.630000114440918,37000,DHT,Tanker,2026-09-22
2012-08-27,2.1310877799987793,5.599999904632568,5.670000076293945,5.670000076293945,5.550000190734863,65000,DHT,Tanker,2026-09-22
2012-08-28,2.150116205215454,5.650000095367432,5.570000171661377,5.71999979019165,5.510000228881836,46400,DHT,Tanker,2026-09-22
2012-08-29,2.0854218006134033,5.480000019073486,5.650000095367432,5.650000095367432,5.440000057220459,104700,DHT,Tanker,2026-09-22
2012-08-30,2.0473673343658447,5.380000114440918,5.400000095367432,5.400000095367432,5.360000133514404,60700,DHT,Tanker,2026-09-22
2012-08-31,2.104450225830078,5.53000020980835,5.420000076293945,5.650000095367432,5.380000114440918,41300,DHT,Tanker,2026-09-22
2012-09-04,2.1272830963134766,5.590000152587891,5.519999980926514,5.639999866485596,5.5,20700,DHT,Tanker,2026-09-22
2012-09-05,2.1310877799987793,5.599999904632568,5.539999961853027,5.610000133514404,5.539999961853027,30000,DHT,Tanker,2026-09-22
2012-09-06,2.199587106704712,5.78000020980835,5.650000095367432,5.849999904632568,5.639999866485596,52600,DHT,Tanker,2026-09-22
2012-09-07,2.3365862369537354,6.139999866485596,5.789999961853027,6.190000057220459,5.78000020980835,125500,DHT,Tanker,2026-09-22
2012-09-10,2.3441972732543945,6.159999847412109,6.170000076293945,6.340000152587891,6.0,102800,DHT,Tanker,2026-09-22
2012-09-11,2.401279926300049,6.309999942779541,6.190000057220459,6.360000133514404,6.159999847412109,70200,DHT,Tanker,2026-09-22
2012-09-12,2.3898627758026123,6.28000020980835,6.369999885559082,6.400000095367432,6.25,64000,DHT,Tanker,2026-09-22
2012-09-13,2.420307159423828,6.360000133514404,6.269999980926514,6.449999809265137,6.25,87300,DHT,Tanker,2026-09-22
2012-09-14,2.5344724655151367,6.659999847412109,6.369999885559082,6.710000038146973,6.369999885559082,138800,DHT,Tanker,2026-09-22
2012-09-17,2.583944082260132,6.789999961853027,6.659999847412109,6.989999771118164,6.570000171661377,99900,DHT,Tanker,2026-09-22
2012-09-18,2.572528123855591,6.760000228881836,6.809999942779541,6.809999942779541,6.599999904632568,53500,DHT,Tanker,2026-09-22
2012-09-19,2.587749481201172,6.800000190734863,6.739999771118164,6.949999809265137,6.730000019073486,95000,DHT,Tanker,2026-09-22
2012-09-20,2.5458879470825195,6.690000057220459,6.75,6.829999923706055,6.630000114440918,61700,DHT,Tanker,2026-09-22
2012-09-21,2.5649168491363525,6.739999771118164,6.75,6.75,6.690000057220459,86600,DHT,Tanker,2026-09-22
2012-09-24,2.5116398334503174,6.599999904632568,6.75,6.75,6.599999904632568,42500,DHT,Tanker,2026-09-22
2012-09-25,2.4545557498931885,6.449999809265137,6.659999847412109,6.769999980926514,6.449999809265137,43500,DHT,Tanker,2026-09-22
2012-09-26,2.370835781097412,6.230000019073486,6.449999809265137,6.460000038146973,6.210000038146973,90600,DHT,Tanker,2026-09-22
2012-09-27,2.328974485397339,6.119999885559082,6.260000228881836,6.269999980926514,6.059999942779541,71800,DHT,Tanker,2026-09-22
2012-09-28,2.3822519779205322,6.260000228881836,6.099999904632568,6.269999980926514,6.059999942779541,38100,DHT,Tanker,2026-09-22
2012-10-01,2.3480026721954346,6.170000076293945,6.230000019073486,6.309999942779541,6.139999866485596,43400,DHT,Tanker,2026-09-22
2012-10-02,2.3480026721954346,6.170000076293945,6.239999771118164,6.25,6.099999904632568,38500,DHT,Tanker,2026-09-22
2012-10-03,2.325169563293457,6.110000133514404,6.159999847412109,6.170000076293945,6.050000190734863,35400,DHT,Tanker,2026-09-22
2012-10-04,2.306142568588257,6.059999942779541,6.150000095367432,6.150000095367432,6.050000190734863,41200,DHT,Tanker,2026-09-22
2012-10-05,2.321363925933838,6.099999904632568,6.059999942779541,6.300000190734863,6.059999942779541,47900,DHT,Tanker,2026-09-22
2012-10-08,2.321363925933838,6.099999904632568,6.110000133514404,6.110000133514404,6.050000190734863,15200,DHT,Tanker,2026-09-22
2012-10-09,2.306142568588257,6.059999942779541,6.070000171661377,6.099999904632568,6.039999961853027,30600,DHT,Tanker,2026-09-22
2012-10-10,2.287114381790161,6.010000228881836,6.090000152587891,6.150000095367432,6.0,62700,DHT,Tanker,2026-09-22
2012-10-11,2.3023362159729004,6.050000190734863,6.139999866485596,6.150000095367432,6.039999961853027,50300,DHT,Tanker,2026-09-22
2012-10-12,2.2833094596862793,6.0,6.079999923706055,6.110000133514404,5.949999809265137,60000,DHT,Tanker,2026-09-22
2012-10-15,2.2833094596862793,6.0,6.079999923706055,6.150000095367432,5.96999979019165,40000,DHT,Tanker,2026-09-22
2012-10-16,2.1539206504821777,5.659999847412109,6.039999961853027,6.039999961853027,5.599999904632568,140100,DHT,Tanker,2026-09-22
2012-10-17,2.1310877799987793,5.599999904632568,5.650000095367432,5.650000095367432,5.510000228881836,103400,DHT,Tanker,2026-09-22
2012-10-18,2.138699531555176,5.619999885559082,5.639999866485596,5.75,5.53000020980835,104900,DHT,Tanker,2026-09-22
2012-10-19,2.138699531555176,5.619999885559082,5.650000095367432,5.699999809265137,5.550000190734863,59000,DHT,Tanker,2026-09-22
2012-10-22,2.013117551803589,5.289999961853027,5.659999847412109,5.659999847412109,5.230000019073486,504600,DHT,Tanker,2026-09-22
2012-10-23,2.028339147567749,5.329999923706055,5.239999771118164,5.480000019073486,5.199999809265137,104600,DHT,Tanker,2026-09-22
2012-10-24,1.7200920581817627,4.519999980926514,5.190000057220459,5.190000057220459,4.5,578500,DHT,Tanker,2026-09-22
2012-10-25,1.6706207990646362,4.389999866485596,4.329999923706055,4.539999961853027,4.110000133514404,459200,DHT,Tanker,2026-09-22
2012-10-26,1.6553983688354492,4.349999904632568,4.320000171661377,4.349999904632568,4.260000228881836,97300,DHT,Tanker,2026-09-22
2012-10-31,1.6059266328811646,4.21999979019165,4.300000190734863,4.320000171661377,4.150000095367432,109000,DHT,Tanker,2026-09-22
2012-11-01,1.6211495399475098,4.260000228881836,4.21999979019165,4.300000190734863,4.170000076293945,51000,DHT,Tanker,2026-09-22
2012-11-02,1.6287962198257446,4.260000228881836,4.239999771118164,4.349999904632568,4.179999828338623,105300,DHT,Tanker,2026-09-22
2012-11-05,1.609679102897644,4.210000038146973,4.210000038146973,4.309999942779541,4.199999809265137,56500,DHT,Tanker,2026-09-22
2012-11-06,1.609679102897644,4.210000038146973,4.21999979019165,4.300000190734863,4.199999809265137,52300,DHT,Tanker,2026-09-22
2012-11-07,1.5752674341201782,4.119999885559082,4.130000114440918,4.239999771118164,3.9600000381469727,63900,DHT,Tanker,2026-09-22
2012-11-08,1.5102686882019043,3.950000047683716,4.130000114440918,4.239999771118164,3.950000047683716,89600,DHT,Tanker,2026-09-22
2012-11-09,1.491151213645935,3.9000000953674316,3.9100000858306885,3.990000009536743,3.759999990463257,221300,DHT,Tanker,2026-09-22
2012-11-12,1.4452699422836304,3.7799999713897705,3.869999885559082,4.0,3.7799999713897705,39900,DHT,Tanker,2026-09-22
2012-11-13,1.433799386024475,3.75,3.740000009536743,3.8499999046325684,3.7100000381469727,33200,DHT,Tanker,2026-09-22
2012-11-14,1.4146820306777954,3.700000047683716,3.7300000190734863,3.7799999713897705,3.569999933242798,150000,DHT,Tanker,2026-09-22
2012-11-15,1.407034993171692,3.680000066757202,3.700000047683716,3.759999990463257,3.630000114440918,106700,DHT,Tanker,2026-09-22
2012-11-16,1.4223287105560303,3.7200000286102295,3.6600000858306885,3.759999990463257,3.5399999618530273,85800,DHT,Tanker,2026-09-22
2012-11-19,1.4108587503433228,3.690000057220459,3.759999990463257,3.759999990463257,3.6500000953674316,46900,DHT,Tanker,2026-09-22
2012-11-20,1.433799386024475,3.75,3.7300000190734863,3.9100000858306885,3.700000047683716,92000,DHT,Tanker,2026-09-22
2012-11-21,1.4529165029525757,3.799999952316284,3.759999990463257,3.8399999141693115,3.75,40100,DHT,Tanker,2026-09-22
2012-11-23,1.4529165029525757,3.799999952316284,3.799999952316284,3.9800000190734863,3.7200000286102295,46100,DHT,Tanker,2026-09-22
2012-11-26,1.4223287105560303,3.7200000286102295,3.7799999713897705,3.8499999046325684,3.7200000286102295,69300,DHT,Tanker,2026-09-22
2012-11-27,1.399388074874878,3.6600000858306885,3.680000066757202,3.799999952316284,3.6600000858306885,74700,DHT,Tanker,2026-09-22
2012-11-28,1.426152229309082,3.7300000190734863,3.6700000762939453,3.7699999809265137,3.6500000953674316,71100,DHT,Tanker,2026-09-22
2012-11-29,1.426152229309082,3.7300000190734863,3.75,3.799999952316284,3.680000066757202,90100,DHT,Tanker,2026-09-22
2012-11-30,1.4185054302215576,3.7100000381469727,3.740000009536743,3.75,3.5799999237060547,69600,DHT,Tanker,2026-09-22
2012-12-03,1.3955649137496948,3.6500000953674316,3.6700000762939453,3.740000009536743,3.5799999237060547,229600,DHT,Tanker,2026-09-22
2012-12-04,1.426152229309082,3.7300000190734863,3.6500000953674316,3.7799999713897705,3.630000114440918,102000,DHT,Tanker,2026-09-22
2012-12-05,1.4376230239868164,3.759999990463257,3.700000047683716,3.799999952316284,3.6600000858306885,43500,DHT,Tanker,2026-09-22
2012-12-06,1.3917415142059326,3.640000104904175,3.75,3.7699999809265137,3.630000114440918,35800,DHT,Tanker,2026-09-22
2012-12-07,1.399388074874878,3.6600000858306885,3.6600000858306885,3.75,3.619999885559082,45600,DHT,Tanker,2026-09-22
2012-12-10,1.403212070465088,3.6700000762939453,3.6600000858306885,3.75,3.619999885559082,24000,DHT,Tanker,2026-09-22
2012-12-11,1.3955649137496948,3.6500000953674316,3.630000114440918,3.7200000286102295,3.630000114440918,76400,DHT,Tanker,2026-09-22
2012-12-12,1.3955649137496948,3.6500000953674316,3.690000057220459,3.7200000286102295,3.5899999141693115,96300,DHT,Tanker,2026-09-22
2012-12-13,1.4490934610366821,3.7899999618530273,3.619999885559082,3.8499999046325684,3.619999885559082,136800,DHT,Tanker,2026-09-22
2012-12-14,1.4758576154708862,3.859999895095825,3.7799999713897705,3.9000000953674316,3.7699999809265137,97800,DHT,Tanker,2026-09-22
2012-12-17,1.5408562421798706,4.03000020980835,3.8399999141693115,4.090000152587891,3.8399999141693115,153400,DHT,Tanker,2026-09-22
2012-12-18,1.5485037565231323,4.050000190734863,4.03000020980835,4.070000171661377,3.9100000858306885,70200,DHT,Tanker,2026-09-22
2012-12-19,1.605855107307434,4.199999809265137,4.059999942779541,4.230000019073486,4.050000190734863,116500,DHT,Tanker,2026-09-22
2012-12-20,1.5676202774047852,4.099999904632568,4.199999809265137,4.21999979019165,3.940000057220459,71400,DHT,Tanker,2026-09-22
2012-12-21,1.6402662992477417,4.289999961853027,4.039999961853027,4.329999923706055,3.9700000286102295,100500,DHT,Tanker,2026-09-22
2012-12-24,1.5637977123260498,4.090000152587891,4.230000019073486,4.230000019073486,4.070000171661377,24500,DHT,Tanker,2026-09-22
2012-12-26,1.5523271560668945,4.059999942779541,4.050000190734863,4.110000133514404,4.050000190734863,54200,DHT,Tanker,2026-09-22
2012-12-27,1.5752674341201782,4.119999885559082,4.199999809265137,4.199999809265137,4.0,94100,DHT,Tanker,2026-09-22
2012-12-28,1.5332098007202148,4.010000228881836,4.079999923706055,4.21999979019165,4.0,71000,DHT,Tanker,2026-09-22
2012-12-31,1.5599735975265503,4.079999923706055,3.990000009536743,4.130000114440918,3.950000047683716,52200,DHT,Tanker,2026-09-22
2013-01-02,1.5867383480072021,4.150000095367432,4.179999828338623,4.179999828338623,4.03000020980835,48800,DHT,Tanker,2026-09-22
2013-01-03,1.689972162246704,4.420000076293945,4.150000095367432,4.46999979019165,4.150000095367432,198700,DHT,Tanker,2026-09-22
2013-01-04,1.770264744758606,4.630000114440918,4.460000038146973,4.760000228881836,4.369999885559082,275800,DHT,Tanker,2026-09-22
2013-01-07,1.7167357206344604,4.489999771118164,4.630000114440918,4.630000114440918,4.400000095367432,56600,DHT,Tanker,2026-09-22
2013-01-08,1.7205593585968018,4.5,4.510000228881836,4.550000190734863,4.449999809265137,32200,DHT,Tanker,2026-09-22
2013-01-09,1.7129123210906982,4.480000019073486,4.489999771118164,4.550000190734863,4.400000095367432,31200,DHT,Tanker,2026-09-22
2013-01-10,1.7129123210906982,4.480000019073486,4.46999979019165,4.550000190734863,4.440000057220459,20500,DHT,Tanker,2026-09-22
2013-01-11,1.7205593585968018,4.5,4.5,4.590000152587891,4.449999809265137,27600,DHT,Tanker,2026-09-22
2013-01-14,1.7243831157684326,4.510000228881836,4.5,4.510000228881836,4.440000057220459,24600,DHT,Tanker,2026-09-22
2013-01-15,1.701442003250122,4.449999809265137,4.489999771118164,4.489999771118164,4.420000076293945,17300,DHT,Tanker,2026-09-22
2013-01-16,1.686147928237915,4.409999847412109,4.420000076293945,4.449999809265137,4.409999847412109,18900,DHT,Tanker,2026-09-22
2013-01-17,1.7167357206344604,4.489999771118164,4.420000076293945,4.579999923706055,4.420000076293945,67400,DHT,Tanker,2026-09-22
2013-01-18,1.747323989868164,4.570000171661377,4.5,4.570000171661377,4.5,25400,DHT,Tanker,2026-09-22
2013-01-22,1.8046754598617554,4.71999979019165,4.590000152587891,4.75,4.590000152587891,84100,DHT,Tanker,2026-09-22
2013-01-23,1.816145896911621,4.75,4.739999771118164,4.789999961853027,4.71999979019165,38100,DHT,Tanker,2026-09-22
2013-01-24,1.7511467933654785,4.579999923706055,4.730000019073486,4.769999980926514,4.53000020980835,47100,DHT,Tanker,2026-09-22
2013-01-25,1.7435007095336914,4.559999942779541,4.599999904632568,4.650000095367432,4.53000020980835,25600,DHT,Tanker,2026-09-22
2013-01-28,1.789381504058838,4.679999828338623,4.559999942779541,4.789999961853027,4.559999942779541,71200,DHT,Tanker,2026-09-22
2013-01-29,1.7932056188583374,4.690000057220459,4.679999828338623,4.75,4.650000095367432,43800,DHT,Tanker,2026-09-22
2013-01-30,1.7932056188583374,4.690000057220459,4.679999828338623,4.849999904632568,4.650000095367432,92400,DHT,Tanker,2026-09-22
2013-01-31,1.7435007095336914,4.559999942779541,4.659999847412109,4.78000020980835,4.550000190734863,86700,DHT,Tanker,2026-09-22
2013-02-01,1.728205680847168,4.519999980926514,4.550000190734863,4.599999904632568,4.519999980926514,18300,DHT,Tanker,2026-09-22
2013-02-04,1.732029676437378,4.53000020980835,4.5,4.559999942779541,4.5,12000,DHT,Tanker,2026-09-22
2013-02-05,1.747323989868164,4.570000171661377,4.570000171661377,4.599999904632568,4.539999961853027,16800,DHT,Tanker,2026-09-22
2013-02-06,1.732029676437378,4.53000020980835,4.53000020980835,4.570000171661377,4.519999980926514,13100,DHT,Tanker,2026-09-22
2013-02-07,1.670582890510559,4.349999904632568,4.5,4.519999980926514,4.349999904632568,32100,DHT,Tanker,2026-09-22
2013-02-08,1.6360193490982056,4.260000228881836,4.369999885559082,4.369999885559082,4.239999771118164,18800,DHT,Tanker,2026-09-22
2013-02-11,1.6821045875549316,4.380000114440918,4.260000228881836,4.389999866485596,4.239999771118164,29400,DHT,Tanker,2026-09-22
2013-02-12,1.689785122871399,4.400000095367432,4.349999904632568,4.449999809265137,4.349999904632568,23100,DHT,Tanker,2026-09-22
2013-02-13,1.7089871168136597,4.449999809265137,4.420000076293945,4.510000228881836,4.420000076293945,7600,DHT,Tanker,2026-09-22
2013-02-14,1.6552214622497559,4.309999942779541,4.429999828338623,4.489999771118164,4.309999942779541,11300,DHT,Tanker,2026-09-22
2013-02-15,1.6513806581497192,4.300000190734863,4.300000190734863,4.369999885559082,4.300000190734863,15600,DHT,Tanker,2026-09-22
2013-02-19,1.6475402116775513,4.289999961853027,4.340000152587891,4.340000152587891,4.199999809265137,50100,DHT,Tanker,2026-09-22
2013-02-20,1.6629024744033813,4.329999923706055,4.320000171661377,4.400000095367432,4.309999942779541,31900,DHT,Tanker,2026-09-22
2013-02-21,1.6091357469558716,4.190000057220459,4.320000171661377,4.340000152587891,4.190000057220459,19800,DHT,Tanker,2026-09-22
2013-02-22,1.5937749147415161,4.150000095367432,4.190000057220459,4.25,4.010000228881836,67800,DHT,Tanker,2026-09-22
2013-02-25,1.5937749147415161,4.150000095367432,4.159999847412109,4.25,4.110000133514404,20600,DHT,Tanker,2026-09-22
2013-02-26,1.616817593574524,4.210000038146973,4.159999847412109,4.25,4.150000095367432,27400,DHT,Tanker,2026-09-22
2013-02-27,1.6244980096817017,4.230000019073486,4.21999979019165,4.25,4.190000057220459,8000,DHT,Tanker,2026-09-22
2013-02-28,1.6513806581497192,4.300000190734863,4.25,4.300000190734863,4.199999809265137,20800,DHT,Tanker,2026-09-22
2013-03-01,1.6513806581497192,4.300000190734863,4.300000190734863,4.349999904632568,4.260000228881836,7900,DHT,Tanker,2026-09-22
2013-03-04,1.6513806581497192,4.300000190734863,4.300000190734863,4.300000190734863,4.260000228881836,9600,DHT,Tanker,2026-09-22
2013-03-05,1.6436998844146729,4.28000020980835,4.28000020980835,4.309999942779541,4.25,14100,DHT,Tanker,2026-09-22
2013-03-06,1.6552214622497559,4.309999942779541,4.199999809265137,4.329999923706055,4.199999809265137,14100,DHT,Tanker,2026-09-22
2013-03-07,1.6283385753631592,4.239999771118164,4.300000190734863,4.320000171661377,4.239999771118164,21900,DHT,Tanker,2026-09-22
2013-03-08,1.670582890510559,4.349999904632568,4.239999771118164,4.349999904632568,4.230000019073486,109500,DHT,Tanker,2026-09-22
2013-03-11,1.724348783493042,4.489999771118164,4.340000152587891,4.489999771118164,4.300000190734863,52800,DHT,Tanker,2026-09-22
2013-03-12,1.732029914855957,4.510000228881836,4.510000228881836,4.539999961853027,4.400000095367432,27400,DHT,Tanker,2026-09-22
2013-03-13,1.728189468383789,4.5,4.480000019073486,4.550000190734863,4.400000095367432,19600,DHT,Tanker,2026-09-22
2013-03-14,1.7013063430786133,4.429999828338623,4.480000019073486,4.590000152587891,4.389999866485596,50900,DHT,Tanker,2026-09-22
2013-03-15,1.6974666118621826,4.420000076293945,4.429999828338623,4.5,4.349999904632568,78600,DHT,Tanker,2026-09-22
2013-03-18,1.6513806581497192,4.300000190734863,4.349999904632568,4.360000133514404,4.21999979019165,37800,DHT,Tanker,2026-09-22
2013-03-19,1.6321790218353271,4.25,4.269999980926514,4.320000171661377,4.25,16600,DHT,Tanker,2026-09-22
2013-03-20,1.6513806581497192,4.300000190734863,4.260000228881836,4.360000133514404,4.25,22100,DHT,Tanker,2026-09-22
2013-03-21,1.6590619087219238,4.320000171661377,4.269999980926514,4.5,4.239999771118164,100800,DHT,Tanker,2026-09-22
2013-03-22,1.808837890625,4.710000038146973,4.389999866485596,4.769999980926514,4.389999866485596,171900,DHT,Tanker,2026-09-22
2013-03-25,1.8318800926208496,4.769999980926514,4.75,4.900000095367432,4.71999979019165,76600,DHT,Tanker,2026-09-22
2013-03-26,1.7627531290054321,4.590000152587891,4.800000190734863,4.800000190734863,4.559999942779541,42700,DHT,Tanker,2026-09-22
2013-03-27,1.812678337097168,4.71999979019165,4.579999923706055,4.789999961853027,4.579999923706055,49600,DHT,Tanker,2026-09-22
2013-03-28,1.8357208967208862,4.78000020980835,4.730000019073486,4.820000171661377,4.730000019073486,31400,DHT,Tanker,2026-09-22
2013-04-01,1.7742743492126465,4.619999885559082,4.760000228881836,4.760000228881836,4.579999923706055,35300,DHT,Tanker,2026-09-22
2013-04-02,1.728189468383789,4.5,4.590000152587891,4.599999904632568,4.449999809265137,129400,DHT,Tanker,2026-09-22
2013-04-03,1.7742743492126465,4.619999885559082,4.519999980926514,4.639999866485596,4.420000076293945,71500,DHT,Tanker,2026-09-22
2013-04-04,1.7512325048446655,4.559999942779541,4.630000114440918,4.639999866485596,4.449999809265137,30700,DHT,Tanker,2026-09-22
2013-04-05,1.7589125633239746,4.579999923706055,4.5,4.579999923706055,4.449999809265137,110700,DHT,Tanker,2026-09-22
2013-04-08,1.7358697652816772,4.519999980926514,4.579999923706055,4.619999885559082,4.5,35900,DHT,Tanker,2026-09-22
2013-04-09,1.7435507774353027,4.539999961853027,4.53000020980835,4.599999904632568,4.510000228881836,16800,DHT,Tanker,2026-09-22
2013-04-10,1.8280404806137085,4.760000228881836,4.599999904632568,5.070000171661377,4.550000190734863,269400,DHT,Tanker,2026-09-22
2013-04-11,1.8241996765136719,4.75,4.760000228881836,4.860000133514404,4.730000019073486,58200,DHT,Tanker,2026-09-22
2013-04-12,1.8241996765136719,4.75,4.760000228881836,4.800000190734863,4.75,25800,DHT,Tanker,2026-09-22
2013-04-15,1.712827205657959,4.460000038146973,4.75,4.96999979019165,4.440000057220459,226900,DHT,Tanker,2026-09-22
2013-04-16,1.720508337020874,4.480000019073486,4.510000228881836,4.559999942779541,4.449999809265137,55700,DHT,Tanker,2026-09-22
2013-04-17,1.6398595571517944,4.269999980926514,4.480000019073486,4.5,4.269999980926514,36300,DHT,Tanker,2026-09-22
2013-04-18,1.5784127712249756,4.110000133514404,4.260000228881836,4.309999942779541,4.099999904632568,55900,DHT,Tanker,2026-09-22
2013-04-19,1.5822532176971436,4.119999885559082,4.150000095367432,4.159999847412109,4.099999904632568,23500,DHT,Tanker,2026-09-22
2013-04-22,1.5668915510177612,4.079999923706055,4.139999866485596,4.159999847412109,4.050000190734863,52000,DHT,Tanker,2026-09-22
2013-04-23,1.601454734802246,4.170000076293945,4.079999923706055,4.210000038146973,4.079999923706055,27100,DHT,Tanker,2026-09-22
2013-04-24,1.6052955389022827,4.179999828338623,4.159999847412109,4.199999809265137,4.159999847412109,37700,DHT,Tanker,2026-09-22
2013-04-25,1.616817593574524,4.210000038146973,4.170000076293945,4.25,4.170000076293945,38300,DHT,Tanker,2026-09-22
2013-04-26,1.5976146459579468,4.159999847412109,4.210000038146973,4.260000228881836,4.150000095367432,22700,DHT,Tanker,2026-09-22
2013-04-29,1.616817593574524,4.210000038146973,4.179999828338623,4.21999979019165,4.130000114440918,69000,DHT,Tanker,2026-09-22
2013-04-30,1.6513806581497192,4.300000190734863,4.230000019073486,4.46999979019165,4.230000019073486,290900,DHT,Tanker,2026-09-22
2013-05-01,1.6436998844146729,4.28000020980835,4.309999942779541,4.349999904632568,4.260000228881836,77000,DHT,Tanker,2026-09-22
2013-05-02,1.6552214622497559,4.309999942779541,4.320000171661377,4.400000095367432,4.289999961853027,105400,DHT,Tanker,2026-09-22
2013-05-03,1.670582890510559,4.349999904632568,4.340000152587891,4.389999866485596,4.300000190734863,50400,DHT,Tanker,2026-09-22
2013-05-06,1.6936252117156982,4.409999847412109,4.329999923706055,4.46999979019165,4.309999942779541,17800,DHT,Tanker,2026-09-22
2013-05-07,1.6974666118621826,4.420000076293945,4.429999828338623,4.559999942779541,4.389999866485596,38200,DHT,Tanker,2026-09-22
2013-05-08,1.716667652130127,4.46999979019165,4.420000076293945,4.550000190734863,4.389999866485596,16000,DHT,Tanker,2026-09-22
2013-05-09,1.724348783493042,4.489999771118164,4.440000057220459,4.539999961853027,4.429999828338623,50900,DHT,Tanker,2026-09-22
2013-05-10,1.7397794723510742,4.510000228881836,4.449999809265137,4.550000190734863,4.449999809265137,4000,DHT,Tanker,2026-09-22
2013-05-13,1.7860705852508545,4.630000114440918,4.550000190734863,4.630000114440918,4.550000190734863,23400,DHT,Tanker,2026-09-22
2013-05-14,1.7976434230804443,4.659999847412109,4.659999847412109,4.690000057220459,4.570000171661377,51600,DHT,Tanker,2026-09-22
2013-05-15,1.7899285554885864,4.639999866485596,4.650000095367432,4.679999828338623,4.619999885559082,9200,DHT,Tanker,2026-09-22
2013-05-16,1.7590677738189697,4.559999942779541,4.650000095367432,4.650000095367432,4.550000190734863,92200,DHT,Tanker,2026-09-22
2013-05-17,1.7204906940460205,4.460000038146973,4.579999923706055,4.579999923706055,4.460000038146973,19900,DHT,Tanker,2026-09-22
2013-05-20,1.7474945783615112,4.53000020980835,4.449999809265137,4.590000152587891,4.449999809265137,17600,DHT,Tanker,2026-09-22
2013-05-21,1.8169310092926025,4.710000038146973,4.53000020980835,4.849999904632568,4.53000020980835,64100,DHT,Tanker,2026-09-22
2013-05-22,1.8015012741088867,4.670000076293945,4.760000228881836,4.889999866485596,4.670000076293945,37900,DHT,Tanker,2026-09-22
2013-05-23,1.7474945783615112,4.53000020980835,4.630000114440918,4.730000019073486,4.519999980926514,11900,DHT,Tanker,2026-09-22
2013-05-24,1.732063889503479,4.489999771118164,4.519999980926514,4.519999980926514,4.400000095367432,19500,DHT,Tanker,2026-09-22
2013-05-28,1.7204906940460205,4.460000038146973,4.480000019073486,4.510000228881836,4.369999885559082,14700,DHT,Tanker,2026-09-22
2013-05-29,1.678057312965393,4.349999904632568,4.46999979019165,4.46999979019165,4.300000190734863,27900,DHT,Tanker,2026-09-22
2013-05-30,1.7243484258651733,4.46999979019165,4.380000114440918,4.480000019073486,4.369999885559082,14900,DHT,Tanker,2026-09-22
2013-05-31,1.7860705852508545,4.630000114440918,4.449999809265137,4.690000057220459,4.449999809265137,59300,DHT,Tanker,2026-09-22
2013-06-03,1.7359217405319214,4.5,4.599999904632568,4.599999904632568,4.480000019073486,16400,DHT,Tanker,2026-09-22
2013-06-04,1.705061435699463,4.420000076293945,4.510000228881836,4.519999980926514,4.400000095367432,28000,DHT,Tanker,2026-09-22
2013-06-05,1.6896306276321411,4.380000114440918,4.429999828338623,4.440000057220459,4.349999904632568,28500,DHT,Tanker,2026-09-22
2013-06-06,1.705061435699463,4.420000076293945,4.349999904632568,4.429999828338623,4.349999904632568,20700,DHT,Tanker,2026-09-22
2013-06-07,1.708918571472168,4.429999828338623,4.409999847412109,4.449999809265137,4.369999885559082,12300,DHT,Tanker,2026-09-22
2013-06-10,1.708918571472168,4.429999828338623,4.400000095367432,4.429999828338623,4.369999885559082,14600,DHT,Tanker,2026-09-22
2013-06-11,1.6973456144332886,4.400000095367432,4.369999885559082,4.429999828338623,4.360000133514404,21500,DHT,Tanker,2026-09-22
2013-06-12,1.681915283203125,4.360000133514404,4.389999866485596,4.389999866485596,4.349999904632568,33200,DHT,Tanker,2026-09-22
2013-06-13,1.6857727766036987,4.369999885559082,4.349999904632568,4.400000095367432,4.349999904632568,9600,DHT,Tanker,2026-09-22
2013-06-14,1.705061435699463,4.420000076293945,4.369999885559082,4.420000076293945,4.369999885559082,9500,DHT,Tanker,2026-09-22
2013-06-17,1.7282063961029053,4.480000019073486,4.440000057220459,4.480000019073486,4.369999885559082,45200,DHT,Tanker,2026-09-22
2013-06-18,1.7166335582733154,4.449999809265137,4.480000019073486,4.5,4.389999866485596,13200,DHT,Tanker,2026-09-22
2013-06-19,1.7127759456634521,4.440000057220459,4.449999809265137,4.460000038146973,4.409999847412109,9700,DHT,Tanker,2026-09-22
2013-06-20,1.7204906940460205,4.460000038146973,4.400000095367432,4.460000038146973,4.349999904632568,32200,DHT,Tanker,2026-09-22
2013-06-21,1.7127759456634521,4.440000057220459,4.400000095367432,4.519999980926514,4.389999866485596,20400,DHT,Tanker,2026-09-22
2013-06-24,1.6703426837921143,4.329999923706055,4.360000133514404,4.369999885559082,4.300000190734863,20000,DHT,Tanker,2026-09-22
2013-06-25,1.6973456144332886,4.400000095367432,4.329999923706055,4.409999847412109,4.28000020980835,17700,DHT,Tanker,2026-09-22
2013-06-26,1.678057312965393,4.349999904632568,4.349999904632568,4.400000095367432,4.329999923706055,5800,DHT,Tanker,2026-09-22
2013-06-27,1.6896306276321411,4.380000114440918,4.340000152587891,4.400000095367432,4.320000171661377,5900,DHT,Tanker,2026-09-22
2013-06-28,1.7282063961029053,4.480000019073486,4.369999885559082,4.480000019073486,4.360000133514404,31300,DHT,Tanker,2026-09-22
2013-07-01,1.751352071762085,4.539999961853027,4.449999809265137,4.71999979019165,4.449999809265137,51500,DHT,Tanker,2026-09-22
2013-07-02,1.7436364889144897,4.519999980926514,4.489999771118164,4.650000095367432,4.489999771118164,33600,DHT,Tanker,2026-09-22
2013-07-03,1.6741999387741089,4.340000152587891,4.550000190734863,4.550000190734863,4.25,35000,DHT,Tanker,2026-09-22
2013-07-05,1.6934884786605835,4.389999866485596,4.340000152587891,4.389999866485596,4.340000152587891,11100,DHT,Tanker,2026-09-22
2013-07-08,1.631766438484192,4.230000019073486,4.380000114440918,4.389999866485596,4.199999809265137,37300,DHT,Tanker,2026-09-22
2013-07-09,1.678057312965393,4.349999904632568,4.25,4.349999904632568,4.150000095367432,60900,DHT,Tanker,2026-09-22
2013-07-10,1.708918571472168,4.429999828338623,4.349999904632568,4.440000057220459,4.150000095367432,31100,DHT,Tanker,2026-09-22
2013-07-11,1.6857727766036987,4.369999885559082,4.400000095367432,4.550000190734863,4.340000152587891,18500,DHT,Tanker,2026-09-22
2013-07-12,1.6857727766036987,4.369999885559082,4.360000133514404,4.440000057220459,4.320000171661377,21400,DHT,Tanker,2026-09-22
2013-07-15,1.732063889503479,4.489999771118164,4.369999885559082,4.489999771118164,4.369999885559082,31200,DHT,Tanker,2026-09-22
2013-07-16,1.708918571472168,4.429999828338623,4.449999809265137,4.489999771118164,4.340000152587891,27400,DHT,Tanker,2026-09-22
2013-07-17,1.678057312965393,4.349999904632568,4.409999847412109,4.46999979019165,4.340000152587891,13900,DHT,Tanker,2026-09-22
2013-07-18,1.7166335582733154,4.449999809265137,4.360000133514404,4.650000095367432,4.360000133514404,73800,DHT,Tanker,2026-09-22
2013-07-19,1.6934884786605835,4.389999866485596,4.449999809265137,4.460000038146973,4.309999942779541,18900,DHT,Tanker,2026-09-22
2013-07-22,1.7127759456634521,4.440000057220459,4.400000095367432,4.550000190734863,4.380000114440918,54900,DHT,Tanker,2026-09-22
2013-07-23,1.666485071182251,4.320000171661377,4.449999809265137,4.489999771118164,4.300000190734863,90100,DHT,Tanker,2026-09-22
2013-07-24,1.7822128534317017,4.619999885559082,4.300000190734863,4.630000114440918,4.269999980926514,197800,DHT,Tanker,2026-09-22
2013-07-25,1.8130732774734497,4.699999809265137,4.550000190734863,4.789999961853027,4.409999847412109,118300,DHT,Tanker,2026-09-22
2013-07-26,1.8207887411117554,4.71999979019165,4.71999979019165,4.78000020980835,4.579999923706055,59100,DHT,Tanker,2026-09-22
2013-07-29,1.7937856912612915,4.650000095367432,4.670000076293945,4.75,4.579999923706055,35700,DHT,Tanker,2026-09-22
2013-07-30,1.7899285554885864,4.639999866485596,4.619999885559082,4.650000095367432,4.409999847412109,28000,DHT,Tanker,2026-09-22
2013-07-31,1.7937856912612915,4.650000095367432,4.699999809265137,4.699999809265137,4.579999923706055,27200,DHT,Tanker,2026-09-22
2013-08-01,1.7359217405319214,4.5,4.650000095367432,4.659999847412109,4.5,26500,DHT,Tanker,2026-09-22
2013-08-02,1.732063889503479,4.489999771118164,4.5,4.539999961853027,4.449999809265137,20300,DHT,Tanker,2026-09-22
2013-08-05,1.6703426837921143,4.329999923706055,4.5,4.5,4.25,51100,DHT,Tanker,2026-09-22
2013-08-06,1.6857727766036987,4.369999885559082,4.349999904632568,4.409999847412109,4.300000190734863,43400,DHT,Tanker,2026-09-22
2013-08-07,1.639481782913208,4.25,4.380000114440918,4.380000114440918,4.190000057220459,64800,DHT,Tanker,2026-09-22
2013-08-08,1.5700446367263794,4.070000171661377,4.239999771118164,4.239999771118164,4.050000190734863,65800,DHT,Tanker,2026-09-22
2013-08-09,1.6124780178070068,4.179999828338623,4.070000171661377,4.239999771118164,4.070000171661377,33500,DHT,Tanker,2026-09-22
2013-08-12,1.6279079914093018,4.21999979019165,4.170000076293945,4.230000019073486,4.130000114440918,19900,DHT,Tanker,2026-09-22
2013-08-13,1.608620285987854,4.170000076293945,4.190000057220459,4.260000228881836,4.159999847412109,37100,DHT,Tanker,2026-09-22
2013-08-14,1.6356242895126343,4.239999771118164,4.170000076293945,4.309999942779541,4.170000076293945,30800,DHT,Tanker,2026-09-22
2013-08-15,1.6162443161010742,4.170000076293945,4.230000019073486,4.230000019073486,4.159999847412109,12800,DHT,Tanker,2026-09-22
2013-08-16,1.662754774093628,4.289999961853027,4.159999847412109,4.349999904632568,4.159999847412109,79000,DHT,Tanker,2026-09-22
2013-08-19,1.6433758735656738,4.239999771118164,4.25,4.28000020980835,4.199999809265137,52400,DHT,Tanker,2026-09-22
2013-08-20,1.639499545097351,4.230000019073486,4.21999979019165,4.260000228881836,4.199999809265137,68700,DHT,Tanker,2026-09-22
2013-08-21,1.6201202869415283,4.179999828338623,4.210000038146973,4.28000020980835,4.159999847412109,29800,DHT,Tanker,2026-09-22
2013-08-22,1.635623574256897,4.21999979019165,4.21999979019165,4.300000190734863,4.170000076293945,36000,DHT,Tanker,2026-09-22
2013-08-23,1.6511273384094238,4.260000228881836,4.230000019073486,4.349999904632568,4.199999809265137,85100,DHT,Tanker,2026-09-22
2013-08-26,1.635623574256897,4.21999979019165,4.25,4.309999942779541,4.210000038146973,52000,DHT,Tanker,2026-09-22
2013-08-27,1.639499545097351,4.230000019073486,4.239999771118164,4.369999885559082,4.210000038146973,206600,DHT,Tanker,2026-09-22
2013-08-28,1.6084929704666138,4.150000095367432,4.199999809265137,4.25,4.130000114440918,66200,DHT,Tanker,2026-09-22
2013-08-29,1.5697340965270996,4.050000190734863,4.150000095367432,4.179999828338623,4.039999961853027,38800,DHT,Tanker,2026-09-22
2013-08-30,1.5697340965270996,4.050000190734863,4.050000190734863,4.090000152587891,4.019999980926514,37600,DHT,Tanker,2026-09-22
2013-09-03,1.5542304515838623,4.010000228881836,4.110000133514404,4.130000114440918,4.0,44300,DHT,Tanker,2026-09-22
2013-09-04,1.6007411479949951,4.130000114440918,4.010000228881836,4.130000114440918,3.990000009536743,95000,DHT,Tanker,2026-09-22
2013-09-05,1.6472517251968384,4.25,4.110000133514404,4.300000190734863,4.110000133514404,134900,DHT,Tanker,2026-09-22
2013-09-06,1.6433758735656738,4.239999771118164,4.239999771118164,4.380000114440918,4.210000038146973,98500,DHT,Tanker,2026-09-22
2013-09-09,1.6162443161010742,4.170000076293945,4.239999771118164,4.300000190734863,4.119999885559082,95500,DHT,Tanker,2026-09-22
2013-09-10,1.5891129970550537,4.099999904632568,4.150000095367432,4.199999809265137,4.099999904632568,23200,DHT,Tanker,2026-09-22
2013-09-11,1.639499545097351,4.230000019073486,4.099999904632568,4.239999771118164,4.099999904632568,196300,DHT,Tanker,2026-09-22
2013-09-12,1.6472517251968384,4.25,4.21999979019165,4.260000228881836,4.139999866485596,60100,DHT,Tanker,2026-09-22
2013-09-13,1.6007411479949951,4.130000114440918,4.199999809265137,4.199999809265137,4.130000114440918,13500,DHT,Tanker,2026-09-22
2013-09-16,1.5891129970550537,4.099999904632568,4.130000114440918,4.139999866485596,4.099999904632568,97200,DHT,Tanker,2026-09-22
2013-09-17,1.5697340965270996,4.050000190734863,4.099999904632568,4.139999866485596,4.050000190734863,32400,DHT,Tanker,2026-09-22
2013-09-18,1.639499545097351,4.230000019073486,4.050000190734863,4.269999980926514,4.050000190734863,107600,DHT,Tanker,2026-09-22
2013-09-19,1.728644609451294,4.460000038146973,4.21999979019165,4.539999961853027,4.190000057220459,199400,DHT,Tanker,2026-09-22
2013-09-20,1.658879041671753,4.28000020980835,4.46999979019165,4.480000019073486,4.179999828338623,96700,DHT,Tanker,2026-09-22
2013-09-23,1.639499545097351,4.230000019073486,4.260000228881836,4.260000228881836,4.119999885559082,46700,DHT,Tanker,2026-09-22
2013-09-24,1.6007411479949951,4.130000114440918,4.170000076293945,4.199999809265137,4.110000133514404,39900,DHT,Tanker,2026-09-22
2013-09-25,1.6511273384094238,4.260000228881836,4.170000076293945,4.329999923706055,4.159999847412109,63100,DHT,Tanker,2026-09-22
2013-09-26,1.728644609451294,4.460000038146973,4.25,4.53000020980835,4.25,134300,DHT,Tanker,2026-09-22
2013-09-27,1.7170175313949585,4.429999828338623,4.46999979019165,4.510000228881836,4.409999847412109,69800,DHT,Tanker,2026-09-22
2013-09-30,1.6937625408172607,4.369999885559082,4.380000114440918,4.380000114440918,4.28000020980835,52900,DHT,Tanker,2026-09-22
2013-10-01,1.713141918182373,4.420000076293945,4.360000133514404,4.5,4.360000133514404,19700,DHT,Tanker,2026-09-22
2013-10-02,1.736397385597229,4.480000019073486,4.409999847412109,4.480000019073486,4.400000095367432,20200,DHT,Tanker,2026-09-22
2013-10-03,1.7945352792739868,4.630000114440918,4.46999979019165,4.630000114440918,4.460000038146973,150500,DHT,Tanker,2026-09-22
2013-10-04,1.8177905082702637,4.690000057220459,4.599999904632568,4.789999961853027,4.599999904632568,164000,DHT,Tanker,2026-09-22
2013-10-07,1.802286982536316,4.650000095367432,4.650000095367432,4.789999961853027,4.550000190734863,43600,DHT,Tanker,2026-09-22
2013-10-08,1.7402725219726562,4.489999771118164,4.590000152587891,4.630000114440918,4.46999979019165,27800,DHT,Tanker,2026-09-22
2013-10-09,1.7480249404907227,4.510000228881836,4.5,4.550000190734863,4.400000095367432,33300,DHT,Tanker,2026-09-22
2013-10-10,1.8449218273162842,4.760000228881836,4.460000038146973,4.78000020980835,4.460000038146973,105500,DHT,Tanker,2026-09-22
2013-10-11,1.8449218273162842,4.760000228881836,4.75,4.889999866485596,4.699999809265137,90400,DHT,Tanker,2026-09-22
2013-10-14,1.8836804628372192,4.860000133514404,4.75,4.900000095367432,4.710000038146973,82900,DHT,Tanker,2026-09-22
2013-10-15,1.8449218273162842,4.760000228881836,4.860000133514404,4.989999771118164,4.730000019073486,142300,DHT,Tanker,2026-09-22
2013-10-16,1.864301323890686,4.809999942779541,4.760000228881836,4.869999885559082,4.760000228881836,15900,DHT,Tanker,2026-09-22
2013-10-17,2.0154612064361572,5.199999809265137,4.849999904632568,5.199999809265137,4.849999904632568,212900,DHT,Tanker,2026-09-22
2013-10-18,2.1084821224212646,5.440000057220459,5.170000076293945,5.449999809265137,5.099999904632568,218000,DHT,Tanker,2026-09-22
2013-10-21,2.0154612064361572,5.199999809265137,5.5,5.5,5.110000133514404,81500,DHT,Tanker,2026-09-22
2013-10-22,2.023211717605591,5.21999979019165,5.0,5.230000019073486,5.0,112000,DHT,Tanker,2026-09-22
2013-10-23,1.980578064918518,5.110000133514404,5.199999809265137,5.21999979019165,5.039999961853027,29200,DHT,Tanker,2026-09-22
2013-10-24,1.9611982107162476,5.059999942779541,5.150000095367432,5.150000095367432,4.929999828338623,110400,DHT,Tanker,2026-09-22
2013-10-25,1.934066891670227,4.989999771118164,5.059999942779541,5.099999904632568,4.909999847412109,95700,DHT,Tanker,2026-09-22
2013-10-28,1.9108119010925293,4.929999828338623,4.949999809265137,4.980000019073486,4.78000020980835,77700,DHT,Tanker,2026-09-22
2013-10-29,1.934066891670227,4.989999771118164,4.929999828338623,4.989999771118164,4.820000171661377,64600,DHT,Tanker,2026-09-22
2013-10-30,1.8953083753585815,4.889999866485596,4.940000057220459,5.0,4.760000228881836,140800,DHT,Tanker,2026-09-22
2013-10-31,1.9883296489715576,5.130000114440918,4.920000076293945,5.150000095367432,4.880000114440918,171000,DHT,Tanker,2026-09-22
2013-11-01,2.1007301807403564,5.420000076293945,5.150000095367432,5.429999828338623,5.090000152587891,285700,DHT,Tanker,2026-09-22
2013-11-04,2.1511166095733643,5.550000190734863,5.5,5.739999771118164,5.400000095367432,334000,DHT,Tanker,2026-09-22
2013-11-05,2.1394894123077393,5.519999980926514,5.590000152587891,5.690000057220459,5.519999980926514,44700,DHT,Tanker,2026-09-22
2013-11-06,2.127861499786377,5.489999771118164,5.5,5.619999885559082,5.480000019073486,41800,DHT,Tanker,2026-09-22
2013-11-07,2.0929787158966064,5.400000095367432,5.550000190734863,5.590000152587891,5.329999923706055,48800,DHT,Tanker,2026-09-22
2013-11-08,2.1163206100463867,5.440000057220459,5.360000133514404,5.510000228881836,5.300000190734863,31500,DHT,Tanker,2026-09-22
2013-11-11,2.1396617889404297,5.5,5.489999771118164,5.590000152587891,5.440000057220459,112900,DHT,Tanker,2026-09-22
2013-11-12,2.1124300956726074,5.429999828338623,5.489999771118164,5.539999961853027,5.360000133514404,172400,DHT,Tanker,2026-09-22
2013-11-13,2.13188099861145,5.480000019073486,5.389999866485596,5.53000020980835,5.340000152587891,81300,DHT,Tanker,2026-09-22
2013-11-14,2.1357717514038086,5.489999771118164,5.489999771118164,5.53000020980835,5.420000076293945,59000,DHT,Tanker,2026-09-22
2013-11-15,2.1591134071350098,5.550000190734863,5.510000228881836,5.550000190734863,5.349999904632568,75300,DHT,Tanker,2026-09-22
2013-11-18,2.0696370601654053,5.320000171661377,5.420000076293945,5.449999809265137,5.210000038146973,134800,DHT,Tanker,2026-09-22
2013-11-19,2.0035014152526855,5.150000095367432,5.269999980926514,5.289999961853027,5.099999904632568,52000,DHT,Tanker,2026-09-22
2013-11-20,2.030733346939087,5.21999979019165,5.170000076293945,5.239999771118164,5.070000171661377,28000,DHT,Tanker,2026-09-22
2013-11-21,1.9996116161346436,5.139999866485596,5.21999979019165,5.21999979019165,5.119999885559082,10300,DHT,Tanker,2026-09-22
2013-11-22,1.9957211017608643,5.130000114440918,5.139999866485596,5.179999828338623,5.059999942779541,13000,DHT,Tanker,2026-09-22
2013-11-25,2.0774178504943848,5.340000152587891,5.110000133514404,5.5,4.96999979019165,167300,DHT,Tanker,2026-09-22
2013-11-26,2.0540757179260254,5.28000020980835,5.349999904632568,5.369999885559082,5.150000095367432,104900,DHT,Tanker,2026-09-22
2013-11-27,2.1124300956726074,5.429999828338623,5.300000190734863,5.449999809265137,5.199999809265137,514600,DHT,Tanker,2026-09-22
2013-11-29,2.1668941974639893,5.570000171661377,5.409999847412109,5.599999904632568,5.409999847412109,96500,DHT,Tanker,2026-09-22
2013-12-02,2.217467784881592,5.699999809265137,5.599999904632568,5.789999961853027,5.550000190734863,254500,DHT,Tanker,2026-09-22
2013-12-03,2.205796957015991,5.670000076293945,5.809999942779541,5.940000057220459,5.610000133514404,140100,DHT,Tanker,2026-09-22
2013-12-04,2.2408103942871094,5.760000228881836,5.769999980926514,5.929999828338623,5.730000019073486,291200,DHT,Tanker,2026-09-22
2013-12-05,2.2797129154205322,5.860000133514404,5.800000190734863,5.900000095367432,5.75,270100,DHT,Tanker,2026-09-22
2013-12-06,2.349738121032715,6.039999961853027,5.860000133514404,6.050000190734863,5.78000020980835,236600,DHT,Tanker,2026-09-22
2013-12-09,2.4547760486602783,6.309999942779541,6.050000190734863,6.309999942779541,6.050000190734863,224400,DHT,Tanker,2026-09-22
2013-12-10,2.4314346313476562,6.25,6.300000190734863,6.369999885559082,6.139999866485596,129000,DHT,Tanker,2026-09-22
2013-12-11,2.4431049823760986,6.28000020980835,6.25,6.400000095367432,6.25,103400,DHT,Tanker,2026-09-22
2013-12-12,2.322504997253418,5.96999979019165,6.230000019073486,6.25,5.929999828338623,93900,DHT,Tanker,2026-09-22
2013-12-13,2.330286741256714,5.989999771118164,5.929999828338623,6.059999942779541,5.829999923706055,368900,DHT,Tanker,2026-09-22
2013-12-16,2.4392149448394775,6.269999980926514,5.989999771118164,6.349999904632568,5.989999771118164,241900,DHT,Tanker,2026-09-22
2013-12-17,2.4236538410186768,6.230000019073486,6.28000020980835,6.329999923706055,6.170000076293945,118700,DHT,Tanker,2026-09-22
2013-12-18,2.4275434017181396,6.239999771118164,6.230000019073486,6.28000020980835,6.150000095367432,96700,DHT,Tanker,2026-09-22
2013-12-19,2.4664463996887207,6.340000152587891,6.25,6.400000095367432,6.190000057220459,118100,DHT,Tanker,2026-09-22
2013-12-20,2.485898017883301,6.389999866485596,6.320000171661377,6.420000076293945,6.110000133514404,221400,DHT,Tanker,2026-09-22
2013-12-23,2.5598137378692627,6.579999923706055,6.429999828338623,6.599999904632568,6.360000133514404,132100,DHT,Tanker,2026-09-22
2013-12-24,2.5675954818725586,6.599999904632568,6.539999961853027,6.690000057220459,6.539999961853027,42300,DHT,Tanker,2026-09-22
2013-12-26,2.5987167358398438,6.679999828338623,6.570000171661377,6.710000038146973,6.570000171661377,68700,DHT,Tanker,2026-09-22
2013-12-27,2.6064977645874023,6.699999809265137,6.730000019073486,6.789999961853027,6.610000133514404,131700,DHT,Tanker,2026-09-22
2013-12-30,2.5286903381347656,6.5,6.599999904632568,6.75,6.300000190734863,268100,DHT,Tanker,2026-09-22
2013-12-31,2.660961866378784,6.840000152587891,6.570000171661377,6.949999809265137,6.570000171661377,131600,DHT,Tanker,2026-09-22
2014-01-02,2.59482741355896,6.670000076293945,6.880000114440918,6.900000095367432,6.599999904632568,156700,DHT,Tanker,2026-09-22
2014-01-03,2.6026062965393066,6.690000057220459,6.670000076293945,6.739999771118164,6.619999885559082,78300,DHT,Tanker,2026-09-22
2014-01-06,2.7115352153778076,6.96999979019165,6.650000095367432,6.980000019073486,6.630000114440918,210100,DHT,Tanker,2026-09-22
2014-01-07,2.8010122776031494,7.199999809265137,6.960000038146973,7.210000038146973,6.789999961853027,198900,DHT,Tanker,2026-09-22
2014-01-08,2.773780584335327,7.130000114440918,7.159999847412109,7.199999809265137,7.039999961853027,85300,DHT,Tanker,2026-09-22
2014-01-09,2.804901599884033,7.210000038146973,7.360000133514404,7.360000133514404,6.929999828338623,171800,DHT,Tanker,2026-09-22
2014-01-10,2.758218765258789,7.090000152587891,7.150000095367432,7.449999809265137,6.96999979019165,253100,DHT,Tanker,2026-09-22
2014-01-13,2.797122001647949,7.190000057220459,7.159999847412109,7.320000171661377,7.0,184800,DHT,Tanker,2026-09-22
2014-01-14,2.871037483215332,7.380000114440918,7.269999980926514,7.510000228881836,7.210000038146973,126000,DHT,Tanker,2026-09-22
2014-01-15,3.065551996231079,7.880000114440918,7.400000095367432,7.980000019073486,7.389999866485596,389400,DHT,Tanker,2026-09-22
2014-01-16,3.217273473739624,8.270000457763672,7.800000190734863,8.289999961853027,7.800000190734863,204400,DHT,Tanker,2026-09-22
2014-01-17,3.213383913040161,8.260000228881836,8.34000015258789,8.569999694824219,8.020000457763672,182600,DHT,Tanker,2026-09-22
2014-01-21,3.213383913040161,8.260000228881836,8.300000190734863,8.5,8.020000457763672,249700,DHT,Tanker,2026-09-22
2014-01-22,2.999417781829834,7.710000038146973,8.300000190734863,8.300000190734863,7.599999904632568,259500,DHT,Tanker,2026-09-22
2014-01-23,3.213383913040161,8.260000228881836,8.300000190734863,8.5,7.820000171661377,791200,DHT,Tanker,2026-09-22
2014-01-24,3.147249221801758,8.09000015258789,8.130000114440918,8.34000015258789,7.760000228881836,369400,DHT,Tanker,2026-09-22
2014-01-27,3.077223062515259,7.909999847412109,8.09000015258789,8.09000015258789,7.380000114440918,286700,DHT,Tanker,2026-09-22
2014-01-28,3.1200170516967773,8.020000457763672,7.989999771118164,8.020000457763672,7.800000190734863,169400,DHT,Tanker,2026-09-22
2014-01-29,3.1783699989318848,8.170000076293945,7.949999809265137,8.430000305175781,7.880000114440918,197500,DHT,Tanker,2026-09-22
2014-01-30,3.2717373371124268,8.40999984741211,8.289999961853027,8.470000267028809,8.180000305175781,243100,DHT,Tanker,2026-09-22
2014-01-31,3.193931818008423,8.210000038146973,8.079999923706055,8.359999656677246,8.020000457763672,250000,DHT,Tanker,2026-09-22
2014-02-03,3.1277968883514404,8.039999961853027,8.199999809265137,8.199999809265137,7.96999979019165,303500,DHT,Tanker,2026-09-22
2014-02-04,3.0653960704803467,7.860000133514404,8.020000457763672,8.020000457763672,7.789999961853027,253700,DHT,Tanker,2026-09-22
2014-02-05,2.9990973472595215,7.690000057220459,7.840000152587891,7.900000095367432,7.510000228881836,336200,DHT,Tanker,2026-09-22
2014-02-06,3.0029962062835693,7.699999809265137,7.789999961853027,7.860000133514404,7.630000114440918,567700,DHT,Tanker,2026-09-22
2014-02-07,3.0029962062835693,7.699999809265137,7.75,7.789999961853027,7.679999828338623,283100,DHT,Tanker,2026-09-22
2014-02-10,2.995197057723999,7.679999828338623,7.71999979019165,7.800000190734863,7.519999980926514,361000,DHT,Tanker,2026-09-22
2014-02-11,3.0107972621917725,7.71999979019165,7.610000133514404,7.800000190734863,7.599999904632568,481600,DHT,Tanker,2026-09-22
2014-02-12,3.088797092437744,7.920000076293945,7.730000019073486,7.989999771118164,7.659999847412109,537700,DHT,Tanker,2026-09-22
2014-02-13,3.077096939086914,7.889999866485596,7.889999866485596,7.989999771118164,7.769999980926514,680500,DHT,Tanker,2026-09-22
2014-02-14,3.0965960025787354,7.940000057220459,7.929999828338623,8.15999984741211,7.769999980926514,1075700,DHT,Tanker,2026-09-22
2014-02-18,3.0965960025787354,7.940000057220459,7.880000114440918,7.96999979019165,7.710000038146973,521700,DHT,Tanker,2026-09-22
2014-02-19,2.9678969383239746,7.610000133514404,7.949999809265137,8.010000228881836,7.610000133514404,293900,DHT,Tanker,2026-09-22
2014-02-20,2.9561972618103027,7.579999923706055,7.650000095367432,7.679999828338623,7.570000171661377,278300,DHT,Tanker,2026-09-22
2014-02-21,2.9405972957611084,7.539999961853027,7.619999885559082,7.840000152587891,7.53000020980835,244900,DHT,Tanker,2026-09-22
2014-02-24,2.8937973976135254,7.420000076293945,7.5,7.71999979019165,7.420000076293945,326200,DHT,Tanker,2026-09-22
2014-02-25,2.936697006225586,7.53000020980835,7.46999979019165,7.550000190734863,7.400000095367432,385500,DHT,Tanker,2026-09-22
2014-02-26,2.952298402786255,7.570000171661377,7.619999885559082,7.650000095367432,7.489999771118164,424600,DHT,Tanker,2026-09-22
2014-02-27,2.960096836090088,7.590000152587891,7.619999885559082,7.619999885559082,7.53000020980835,196600,DHT,Tanker,2026-09-22
2014-02-28,3.0575976371765137,7.840000152587891,7.610000133514404,7.949999809265137,7.610000133514404,318600,DHT,Tanker,2026-09-22
2014-03-03,3.1433966159820557,8.0600004196167,7.78000020980835,8.1899995803833,7.579999923706055,513700,DHT,Tanker,2026-09-22
2014-03-04,3.1316967010498047,8.029999732971191,8.1899995803833,8.25,7.860000133514404,599000,DHT,Tanker,2026-09-22
2014-03-05,3.205796480178833,8.220000267028809,8.0600004196167,8.289999961853027,8.0600004196167,322200,DHT,Tanker,2026-09-22
2014-03-06,3.213596820831299,8.239999771118164,8.270000457763672,8.359999656677246,8.069999694824219,396200,DHT,Tanker,2026-09-22
2014-03-07,3.1862964630126953,8.170000076293945,8.229999542236328,8.300000190734863,8.050000190734863,242700,DHT,Tanker,2026-09-22
2014-03-10,3.1433966159820557,8.0600004196167,8.170000076293945,8.170000076293945,7.809999942779541,412300,DHT,Tanker,2026-09-22
2014-03-11,3.080995559692383,7.900000095367432,8.029999732971191,8.199999809265137,7.820000171661377,447300,DHT,Tanker,2026-09-22
2014-03-12,3.1433966159820557,8.0600004196167,7.900000095367432,8.079999923706055,7.71999979019165,517700,DHT,Tanker,2026-09-22
2014-03-13,3.0263967514038086,7.760000228881836,8.079999923706055,8.079999923706055,7.639999866485596,291300,DHT,Tanker,2026-09-22
2014-03-14,3.1394968032836914,8.050000190734863,8.029999732971191,8.1899995803833,7.96999979019165,955100,DHT,Tanker,2026-09-22
2014-03-17,3.1316967010498047,8.029999732971191,8.15999984741211,8.199999809265137,7.980000019073486,541700,DHT,Tanker,2026-09-22
2014-03-18,3.123896360397339,8.010000228881836,8.020000457763672,8.09000015258789,7.690000057220459,620300,DHT,Tanker,2026-09-22
2014-03-19,3.1199967861175537,8.0,8.020000457763672,8.140000343322754,7.949999809265137,809500,DHT,Tanker,2026-09-22
2014-03-20,3.1394968032836914,8.050000190734863,7.989999771118164,8.09000015258789,7.96999979019165,677300,DHT,Tanker,2026-09-22
2014-03-21,3.1160976886749268,7.989999771118164,8.0600004196167,8.119999885559082,7.960000038146973,1030200,DHT,Tanker,2026-09-22
2014-03-24,3.09269642829895,7.929999828338623,7.949999809265137,7.989999771118164,7.769999980926514,387900,DHT,Tanker,2026-09-22
2014-03-25,3.0263967514038086,7.760000228881836,7.900000095367432,7.980000019073486,7.679999828338623,279500,DHT,Tanker,2026-09-22
2014-03-26,3.0146965980529785,7.730000019073486,7.769999980926514,7.989999771118164,7.650000095367432,587500,DHT,Tanker,2026-09-22
2014-03-27,2.936697006225586,7.53000020980835,7.710000038146973,7.769999980926514,7.480000019073486,346100,DHT,Tanker,2026-09-22
2014-03-28,3.0185964107513428,7.739999771118164,7.550000190734863,7.789999961853027,7.550000190734863,214300,DHT,Tanker,2026-09-22
2014-03-31,3.034196615219116,7.78000020980835,7.739999771118164,7.889999866485596,7.699999809265137,299600,DHT,Tanker,2026-09-22
2014-04-01,3.1160976886749268,7.989999771118164,7.769999980926514,8.010000228881836,7.75,425600,DHT,Tanker,2026-09-22
2014-04-02,3.1394968032836914,8.050000190734863,8.0,8.119999885559082,7.949999809265137,376300,DHT,Tanker,2026-09-22
2014-04-03,3.1160976886749268,7.989999771118164,8.050000190734863,8.100000381469727,7.909999847412109,398300,DHT,Tanker,2026-09-22
2014-04-04,3.1043970584869385,7.960000038146973,8.010000228881836,8.020000457763672,7.78000020980835,421500,DHT,Tanker,2026-09-22
2014-04-07,3.1082966327667236,7.96999979019165,7.889999866485596,8.0600004196167,7.840000152587891,409700,DHT,Tanker,2026-09-22
2014-04-08,3.123896360397339,8.010000228881836,7.949999809265137,8.020000457763672,7.849999904632568,502100,DHT,Tanker,2026-09-22
2014-04-09,3.123896360397339,8.010000228881836,8.020000457763672,8.0600004196167,7.980000019073486,772200,DHT,Tanker,2026-09-22
2014-04-10,3.1043970584869385,7.960000038146973,8.010000228881836,8.079999923706055,7.900000095367432,594000,DHT,Tanker,2026-09-22
2014-04-11,3.030297040939331,7.769999980926514,7.920000076293945,7.960000038146973,7.71999979019165,582500,DHT,Tanker,2026-09-22
2014-04-14,3.0224967002868652,7.75,7.760000228881836,7.800000190734863,7.699999809265137,553700,DHT,Tanker,2026-09-22
2014-04-15,2.987396478652954,7.659999847412109,7.730000019073486,7.739999771118164,7.059999942779541,960000,DHT,Tanker,2026-09-22
2014-04-16,3.0263967514038086,7.760000228881836,7.730000019073486,7.78000020980835,7.659999847412109,1087400,DHT,Tanker,2026-09-22
2014-04-17,3.0185964107513428,7.739999771118164,7.739999771118164,7.809999942779541,7.650000095367432,478500,DHT,Tanker,2026-09-22
2014-04-21,3.0692975521087646,7.869999885559082,7.75,7.900000095367432,7.730000019073486,256100,DHT,Tanker,2026-09-22
2014-04-22,3.080995559692383,7.900000095367432,7.860000133514404,7.980000019073486,7.690000057220459,259200,DHT,Tanker,2026-09-22
2014-04-23,3.080995559692383,7.900000095367432,7.869999885559082,7.980000019073486,7.739999771118164,356600,DHT,Tanker,2026-09-22
2014-04-24,3.0692975521087646,7.869999885559082,7.980000019073486,7.980000019073486,7.809999942779541,230400,DHT,Tanker,2026-09-22
2014-04-25,3.0380964279174805,7.789999961853027,7.869999885559082,7.900000095367432,7.699999809265137,310600,DHT,Tanker,2026-09-22
2014-04-28,3.1043970584869385,7.960000038146973,7.820000171661377,7.980000019073486,7.78000020980835,339700,DHT,Tanker,2026-09-22
2014-04-29,3.061497926712036,7.849999904632568,8.0,8.020000457763672,7.739999771118164,442600,DHT,Tanker,2026-09-22
2014-04-30,3.0458967685699463,7.809999942779541,7.869999885559082,7.940000057220459,7.550000190734863,583500,DHT,Tanker,2026-09-22
2014-05-01,3.0185964107513428,7.739999771118164,7.820000171661377,7.889999866485596,7.590000152587891,629800,DHT,Tanker,2026-09-22
2014-05-02,2.9795970916748047,7.639999866485596,7.739999771118164,7.75,7.599999904632568,547600,DHT,Tanker,2026-09-22
2014-05-05,3.0146965980529785,7.730000019073486,7.619999885559082,8.0,7.559999942779541,385200,DHT,Tanker,2026-09-22
2014-05-06,3.0029962062835693,7.699999809265137,7.71999979019165,7.800000190734863,7.590000152587891,408000,DHT,Tanker,2026-09-22
2014-05-07,2.9678969383239746,7.610000133514404,7.670000076293945,7.699999809265137,7.449999809265137,470100,DHT,Tanker,2026-09-22
2014-05-08,2.8937973976135254,7.420000076293945,7.619999885559082,7.699999809265137,7.369999885559082,628100,DHT,Tanker,2026-09-22
2014-05-09,2.8547980785369873,7.320000171661377,7.400000095367432,7.429999828338623,7.309999942779541,239600,DHT,Tanker,2026-09-22
2014-05-12,2.9760279655456543,7.610000133514404,7.389999866485596,7.730000019073486,7.389999866485596,407200,DHT,Tanker,2026-09-22
2014-05-13,2.8978142738342285,7.409999847412109,7.619999885559082,7.670000076293945,7.389999866485596,396600,DHT,Tanker,2026-09-22
2014-05-14,2.874350070953369,7.349999904632568,7.420000076293945,7.519999980926514,7.300000190734863,389200,DHT,Tanker,2026-09-22
2014-05-15,2.8274219036102295,7.230000019073486,7.329999923706055,7.340000152587891,7.190000057220459,234300,DHT,Tanker,2026-09-22
2014-05-16,2.854797124862671,7.300000190734863,7.210000038146973,7.340000152587891,7.199999809265137,187600,DHT,Tanker,2026-09-22
2014-05-19,2.882171869277954,7.369999885559082,7.349999904632568,7.440000057220459,7.309999942779541,284400,DHT,Tanker,2026-09-22
2014-05-20,2.8352434635162354,7.25,7.420000076293945,7.460000038146973,7.239999771118164,292600,DHT,Tanker,2026-09-22
2014-05-21,2.8352434635162354,7.25,7.239999771118164,7.409999847412109,7.170000076293945,289600,DHT,Tanker,2026-09-22
2014-05-22,2.917367696762085,7.460000038146973,7.21999979019165,7.550000190734863,7.21999979019165,408200,DHT,Tanker,2026-09-22
2014-05-23,2.9017257690429688,7.420000076293945,7.440000057220459,7.489999771118164,7.409999847412109,167600,DHT,Tanker,2026-09-22
2014-05-27,2.921278715133667,7.46999979019165,7.409999847412109,7.489999771118164,7.380000114440918,205100,DHT,Tanker,2026-09-22
2014-05-28,2.88999342918396,7.389999866485596,7.420000076293945,7.480000019073486,7.349999904632568,175500,DHT,Tanker,2026-09-22
2014-05-29,2.8939034938812256,7.400000095367432,7.380000114440918,7.400000095367432,7.309999942779541,369800,DHT,Tanker,2026-09-22
2014-05-30,2.8587071895599365,7.309999942779541,7.369999885559082,7.449999809265137,7.289999961853027,250300,DHT,Tanker,2026-09-22
2014-06-02,2.7335667610168457,6.989999771118164,7.340000152587891,7.369999885559082,6.920000076293945,546200,DHT,Tanker,2026-09-22
2014-06-03,2.7061915397644043,6.920000076293945,7.039999961853027,7.090000152587891,6.829999923706055,513000,DHT,Tanker,2026-09-22
2014-06-04,2.788316488265991,7.130000114440918,6.929999828338623,7.139999866485596,6.909999847412109,284300,DHT,Tanker,2026-09-22
2014-06-05,2.7687621116638184,7.079999923706055,7.119999885559082,7.179999828338623,6.920000076293945,514100,DHT,Tanker,2026-09-22
2014-06-06,2.819600820541382,7.210000038146973,7.150000095367432,7.269999980926514,7.110000133514404,404400,DHT,Tanker,2026-09-22
2014-06-09,2.843065023422241,7.269999980926514,7.170000076293945,7.409999847412109,7.150000095367432,419000,DHT,Tanker,2026-09-22
2014-06-10,2.819600820541382,7.210000038146973,7.239999771118164,7.309999942779541,7.110000133514404,278000,DHT,Tanker,2026-09-22
2014-06-11,2.7961361408233643,7.150000095367432,7.110000133514404,7.21999979019165,7.099999904632568,1150200,DHT,Tanker,2026-09-22
2014-06-12,2.7452986240386963,7.019999980926514,7.150000095367432,7.150000095367432,7.019999980926514,252700,DHT,Tanker,2026-09-22
2014-06-13,2.725745439529419,6.96999979019165,7.010000228881836,7.050000190734863,6.940000057220459,301800,DHT,Tanker,2026-09-22
2014-06-16,2.7335667610168457,6.989999771118164,6.96999979019165,7.090000152587891,6.960000038146973,444100,DHT,Tanker,2026-09-22
2014-06-17,2.6983697414398193,6.900000095367432,6.96999979019165,6.989999771118164,6.849999904632568,688600,DHT,Tanker,2026-09-22
2014-06-18,2.7570292949676514,7.050000190734863,6.900000095367432,7.099999904632568,6.730000019073486,540400,DHT,Tanker,2026-09-22
2014-06-19,2.807868719100952,7.179999828338623,7.110000133514404,7.199999809265137,7.0,436200,DHT,Tanker,2026-09-22
2014-06-20,2.846975803375244,7.28000020980835,7.099999904632568,7.309999942779541,7.050000190734863,807500,DHT,Tanker,2026-09-22
2014-06-23,2.815690517425537,7.199999809265137,7.28000020980835,7.340000152587891,7.170000076293945,628700,DHT,Tanker,2026-09-22
2014-06-24,2.7648510932922363,7.070000171661377,7.199999809265137,7.289999961853027,7.019999980926514,564500,DHT,Tanker,2026-09-22
2014-06-25,2.776583194732666,7.099999904632568,7.099999904632568,7.239999771118164,7.070000171661377,672900,DHT,Tanker,2026-09-22
2014-06-26,2.7648510932922363,7.070000171661377,7.070000171661377,7.150000095367432,7.0,623000,DHT,Tanker,2026-09-22
2014-06-27,2.7452986240386963,7.019999980926514,7.059999942779541,7.25,7.010000228881836,7056800,DHT,Tanker,2026-09-22
2014-06-30,2.815690517425537,7.199999809265137,7.039999961853027,7.260000228881836,6.989999771118164,1108800,DHT,Tanker,2026-09-22
2014-07-01,2.784404993057251,7.119999885559082,7.21999979019165,7.320000171661377,7.090000152587891,770200,DHT,Tanker,2026-09-22
2014-07-02,2.7492082118988037,7.03000020980835,7.119999885559082,7.139999866485596,7.010000228881836,455300,DHT,Tanker,2026-09-22
2014-07-03,2.7492082118988037,7.03000020980835,7.03000020980835,7.090000152587891,6.980000019073486,182000,DHT,Tanker,2026-09-22
2014-07-07,2.6357991695404053,6.739999771118164,7.0,7.019999980926514,6.730000019073486,560900,DHT,Tanker,2026-09-22
2014-07-08,2.5966923236846924,6.639999866485596,6.710000038146973,6.710000038146973,6.53000020980835,573900,DHT,Tanker,2026-09-22
2014-07-09,2.6279778480529785,6.71999979019165,6.860000133514404,6.989999771118164,6.710000038146973,336800,DHT,Tanker,2026-09-22
2014-07-10,2.577138662338257,6.590000152587891,6.559999942779541,6.679999828338623,6.5,422400,DHT,Tanker,2026-09-22
2014-07-11,2.600602626800537,6.650000095367432,6.579999923706055,6.699999809265137,6.53000020980835,438200,DHT,Tanker,2026-09-22
2014-07-14,2.6670849323272705,6.820000171661377,6.739999771118164,6.849999904632568,6.690000057220459,307100,DHT,Tanker,2026-09-22
2014-07-15,2.6357991695404053,6.739999771118164,6.820000171661377,6.829999923706055,6.699999809265137,358200,DHT,Tanker,2026-09-22
2014-07-16,2.686638116836548,6.869999885559082,6.739999771118164,6.880000114440918,6.639999866485596,431300,DHT,Tanker,2026-09-22
2014-07-17,2.6397087574005127,6.75,6.800000190734863,6.880000114440918,6.730000019073486,375300,DHT,Tanker,2026-09-22
2014-07-18,2.6788156032562256,6.849999904632568,6.710000038146973,6.929999828338623,6.699999809265137,364500,DHT,Tanker,2026-09-22
2014-07-21,2.6592626571655273,6.800000190734863,6.789999961853027,6.840000152587891,6.71999979019165,260700,DHT,Tanker,2026-09-22
2014-07-22,2.686638116836548,6.869999885559082,6.849999904632568,6.920000076293945,6.800000190734863,187400,DHT,Tanker,2026-09-22
2014-07-23,2.7061915397644043,6.920000076293945,6.880000114440918,7.019999980926514,6.840000152587891,385700,DHT,Tanker,2026-09-22
2014-07-24,2.65535306930542,6.789999961853027,6.920000076293945,7.010000228881836,6.78000020980835,208900,DHT,Tanker,2026-09-22
2014-07-25,2.5614962577819824,6.550000190734863,6.699999809265137,6.78000020980835,6.510000228881836,362300,DHT,Tanker,2026-09-22
2014-07-28,2.714012622833252,6.940000057220459,6.75,6.960000038146973,6.690000057220459,423000,DHT,Tanker,2026-09-22
2014-07-29,2.6788156032562256,6.849999904632568,6.949999809265137,6.949999809265137,6.800000190734863,264700,DHT,Tanker,2026-09-22
2014-07-30,2.6631734371185303,6.809999942779541,6.880000114440918,6.900000095367432,6.75,188200,DHT,Tanker,2026-09-22
2014-07-31,2.5888712406158447,6.619999885559082,6.75,6.75,6.610000133514404,316000,DHT,Tanker,2026-09-22
2014-08-01,2.522388458251953,6.449999809265137,6.619999885559082,6.639999866485596,6.409999847412109,306000,DHT,Tanker,2026-09-22
2014-08-04,2.541942834854126,6.5,6.550000190734863,6.550000190734863,6.380000114440918,250400,DHT,Tanker,2026-09-22
2014-08-05,2.553675413131714,6.53000020980835,6.5,6.539999961853027,6.420000076293945,274300,DHT,Tanker,2026-09-22
2014-08-06,2.569317579269409,6.570000171661377,6.5,6.599999904632568,6.340000152587891,337600,DHT,Tanker,2026-09-22
2014-08-07,2.522388458251953,6.449999809265137,6.570000171661377,6.619999885559082,6.420000076293945,267200,DHT,Tanker,2026-09-22
2014-08-08,2.538032054901123,6.489999771118164,6.429999828338623,6.5,6.340000152587891,118400,DHT,Tanker,2026-09-22
2014-08-11,2.577138662338257,6.590000152587891,6.46999979019165,6.659999847412109,6.389999866485596,269700,DHT,Tanker,2026-09-22
2014-08-12,2.6240668296813965,6.710000038146973,6.599999904632568,6.739999771118164,6.579999923706055,545100,DHT,Tanker,2026-09-22
2014-08-13,2.690548896789551,6.880000114440918,6.730000019073486,6.909999847412109,6.710000038146973,286400,DHT,Tanker,2026-09-22
2014-08-14,2.850886583328247,7.289999961853027,6.900000095367432,7.380000114440918,6.860000133514404,609100,DHT,Tanker,2026-09-22
2014-08-15,2.8274219036102295,7.230000019073486,7.369999885559082,7.380000114440918,7.079999923706055,293300,DHT,Tanker,2026-09-22
2014-08-18,2.9017257690429688,7.420000076293945,7.260000228881836,7.429999828338623,7.190000057220459,320400,DHT,Tanker,2026-09-22
2014-08-19,2.8235113620758057,7.21999979019165,7.400000095367432,7.400000095367432,7.199999809265137,211700,DHT,Tanker,2026-09-22
2014-08-20,2.8352434635162354,7.25,7.210000038146973,7.340000152587891,7.210000038146973,223100,DHT,Tanker,2026-09-22
2014-08-21,2.843065023422241,7.269999980926514,7.25,7.309999942779541,7.099999904632568,182900,DHT,Tanker,2026-09-22
2014-08-22,2.8587071895599365,7.309999942779541,7.260000228881836,7.320000171661377,7.190000057220459,267600,DHT,Tanker,2026-09-22
2014-08-25,2.8274219036102295,7.230000019073486,7.360000133514404,7.389999866485596,7.210000038146973,91200,DHT,Tanker,2026-09-22
2014-08-26,2.8978142738342285,7.409999847412109,7.260000228881836,7.440000057220459,7.210000038146973,264300,DHT,Tanker,2026-09-22
2014-08-27,2.8274219036102295,7.230000019073486,7.400000095367432,7.400000095367432,7.199999809265137,210800,DHT,Tanker,2026-09-22
2014-08-28,2.788316488265991,7.130000114440918,7.199999809265137,7.340000152587891,7.099999904632568,378000,DHT,Tanker,2026-09-22
2014-08-29,2.737476348876953,7.0,7.119999885559082,7.119999885559082,6.869999885559082,511400,DHT,Tanker,2026-09-22
2014-09-02,2.6475319862365723,6.769999980926514,6.989999771118164,6.989999771118164,6.760000228881836,436200,DHT,Tanker,2026-09-22
2014-09-03,2.5497632026672363,6.519999980926514,6.78000020980835,6.809999942779541,6.5,413800,DHT,Tanker,2026-09-22
2014-09-04,2.495014190673828,6.380000114440918,6.550000190734863,6.570000171661377,6.340000152587891,2469300,DHT,Tanker,2026-09-22
2014-09-05,2.459707260131836,6.269999980926514,6.300000190734863,6.380000114440918,6.210000038146973,1135700,DHT,Tanker,2026-09-22
2014-09-08,2.5342440605163574,6.460000038146973,6.269999980926514,6.46999979019165,6.25,395500,DHT,Tanker,2026-09-22
2014-09-09,2.5067837238311768,6.389999866485596,6.460000038146973,6.46999979019165,6.329999923706055,337900,DHT,Tanker,2026-09-22
2014-09-10,2.73431658744812,6.96999979019165,6.440000057220459,7.099999904632568,6.409999847412109,1714300,DHT,Tanker,2026-09-22
2014-09-11,2.710777521133423,6.909999847412109,6.909999847412109,6.949999809265137,6.650000095367432,1271100,DHT,Tanker,2026-09-22
2014-09-12,2.679394006729126,6.829999923706055,6.960000038146973,7.019999980926514,6.800000190734863,573700,DHT,Tanker,2026-09-22
2014-09-15,2.73431658744812,6.96999979019165,6.809999942779541,6.989999771118164,6.710000038146973,1047700,DHT,Tanker,2026-09-22
2014-09-16,2.7029333114624023,6.889999866485596,6.940000057220459,6.940000057220459,6.78000020980835,1033300,DHT,Tanker,2026-09-22
2014-09-17,2.687239646911621,6.849999904632568,6.909999847412109,6.980000019073486,6.800000190734863,1068000,DHT,Tanker,2026-09-22
2014-09-18,2.683316946029663,6.840000152587891,6.880000114440918,6.909999847412109,6.760000228881836,870100,DHT,Tanker,2026-09-22
2014-09-19,2.640164375305176,6.730000019073486,6.849999904632568,6.920000076293945,6.559999942779541,1613900,DHT,Tanker,2026-09-22
2014-09-22,2.4793224334716797,6.320000171661377,6.670000076293945,6.690000057220459,6.300000190734863,656400,DHT,Tanker,2026-09-22
2014-09-23,2.4675538539886475,6.289999961853027,6.300000190734863,6.349999904632568,6.210000038146973,852400,DHT,Tanker,2026-09-22
2014-09-24,2.4871695041656494,6.340000152587891,6.309999942779541,6.349999904632568,6.110000133514404,1092200,DHT,Tanker,2026-09-22
2014-09-25,2.3930165767669678,6.099999904632568,6.349999904632568,6.380000114440918,6.090000152587891,2002000,DHT,Tanker,2026-09-22
2014-09-26,2.436169385910034,6.210000038146973,6.139999866485596,6.25,6.010000228881836,1130200,DHT,Tanker,2026-09-22
2014-09-29,2.396939277648926,6.110000133514404,6.119999885559082,6.239999771118164,6.059999942779541,662800,DHT,Tanker,2026-09-22
2014-09-30,2.416555404663086,6.159999847412109,6.119999885559082,6.199999809265137,6.050000190734863,1899700,DHT,Tanker,2026-09-22
2014-10-01,2.526398181915283,6.440000057220459,6.179999828338623,6.550000190734863,6.139999866485596,1969900,DHT,Tanker,2026-09-22
2014-10-02,2.483245611190796,6.329999923706055,6.420000076293945,6.429999828338623,6.170000076293945,1254700,DHT,Tanker,2026-09-22
2014-10-03,2.455785036087036,6.260000228881836,6.389999866485596,6.389999866485596,6.210000038146973,611300,DHT,Tanker,2026-09-22
2014-10-06,2.416555404663086,6.159999847412109,6.25,6.329999923706055,6.079999923706055,518600,DHT,Tanker,2026-09-22
2014-10-07,2.318480968475342,5.909999847412109,6.130000114440918,6.130000114440918,5.900000095367432,501400,DHT,Tanker,2026-09-22
2014-10-08,2.2870969772338867,5.829999923706055,5.889999866485596,5.889999866485596,5.480000019073486,1345500,DHT,Tanker,2026-09-22
2014-10-09,2.1850996017456055,5.570000171661377,5.820000171661377,5.860000133514404,5.519999980926514,960100,DHT,Tanker,2026-09-22
2014-10-10,2.169407606124878,5.53000020980835,5.519999980926514,5.699999809265137,5.409999847412109,1414500,DHT,Tanker,2026-09-22
2014-10-13,2.079178810119629,5.300000190734863,5.590000152587891,5.650000095367432,5.28000020980835,1349900,DHT,Tanker,2026-09-22
2014-10-14,2.177253007888794,5.550000190734863,5.320000171661377,5.559999942779541,5.199999809265137,1338800,DHT,Tanker,2026-09-22
2014-10-15,2.342017889022827,5.96999979019165,5.46999979019165,5.989999771118164,5.440000057220459,1449500,DHT,Tanker,2026-09-22
2014-10-16,2.369479179382324,6.039999961853027,5.849999904632568,6.159999847412109,5.800000190734863,1615900,DHT,Tanker,2026-09-22
2014-10-17,2.416555404663086,6.159999847412109,6.289999961853027,6.360000133514404,6.03000020980835,1595200,DHT,Tanker,2026-09-22
2014-10-20,2.396939277648926,6.110000133514404,6.159999847412109,6.309999942779541,6.090000152587891,444800,DHT,Tanker,2026-09-22
2014-10-21,2.4793224334716797,6.320000171661377,6.159999847412109,6.400000095367432,6.159999847412109,510000,DHT,Tanker,2026-09-22
2014-10-22,2.357710123062134,6.010000228881836,6.340000152587891,6.349999904632568,6.010000228881836,616400,DHT,Tanker,2026-09-22
2014-10-23,2.3734021186828613,6.050000190734863,6.090000152587891,6.170000076293945,5.960000038146973,816400,DHT,Tanker,2026-09-22
2014-10-24,2.4008629322052,6.119999885559082,6.070000171661377,6.130000114440918,6.0,313900,DHT,Tanker,2026-09-22
2014-10-27,2.3459413051605225,5.980000019073486,6.050000190734863,6.099999904632568,5.929999828338623,341500,DHT,Tanker,2026-09-22
2014-10-28,2.4714770317077637,6.300000190734863,6.050000190734863,6.320000171661377,6.039999961853027,2128500,DHT,Tanker,2026-09-22
2014-10-29,2.600935697555542,6.630000114440918,6.340000152587891,6.760000228881836,6.340000152587891,1399700,DHT,Tanker,2026-09-22
2014-10-30,2.5617055892944336,6.53000020980835,6.550000190734863,6.650000095367432,6.5,571700,DHT,Tanker,2026-09-22
2014-10-31,2.612703561782837,6.659999847412109,6.739999771118164,6.739999771118164,6.489999771118164,479300,DHT,Tanker,2026-09-22
2014-11-03,2.5852432250976562,6.590000152587891,6.650000095367432,6.739999771118164,6.559999942779541,352600,DHT,Tanker,2026-09-22
2014-11-04,2.4989376068115234,6.369999885559082,6.610000133514404,6.699999809265137,6.300000190734863,378600,DHT,Tanker,2026-09-22
2014-11-05,2.459707260131836,6.269999980926514,6.400000095367432,6.460000038146973,6.210000038146973,607200,DHT,Tanker,2026-09-22
2014-11-06,2.510706663131714,6.400000095367432,6.269999980926514,6.400000095367432,6.25,248200,DHT,Tanker,2026-09-22
2014-11-07,2.5420901775360107,6.480000019073486,6.409999847412109,6.480000019073486,6.329999923706055,312400,DHT,Tanker,2026-09-22
2014-11-10,2.526398181915283,6.440000057220459,6.519999980926514,6.53000020980835,6.320000171661377,275100,DHT,Tanker,2026-09-22
2014-11-11,2.5067837238311768,6.389999866485596,6.429999828338623,6.599999904632568,6.210000038146973,457400,DHT,Tanker,2026-09-22
2014-11-12,2.522475242614746,6.429999828338623,6.329999923706055,6.5,6.329999923706055,341900,DHT,Tanker,2026-09-22
2014-11-13,2.4479386806488037,6.239999771118164,6.400000095367432,6.46999979019165,6.130000114440918,695800,DHT,Tanker,2026-09-22
2014-11-14,2.459707260131836,6.269999980926514,6.369999885559082,6.429999828338623,6.179999828338623,473700,DHT,Tanker,2026-09-22
2014-11-17,2.42440128326416,6.179999828338623,6.230000019073486,6.329999923706055,6.070000171661377,325000,DHT,Tanker,2026-09-22
2014-11-18,2.420464515686035,6.150000095367432,6.170000076293945,6.300000190734863,6.079999923706055,732400,DHT,Tanker,2026-09-22
2014-11-19,2.3220717906951904,5.900000095367432,6.179999828338623,6.239999771118164,5.900000095367432,889800,DHT,Tanker,2026-09-22
2014-11-20,2.3063294887542725,5.860000133514404,5.889999866485596,6.070000171661377,5.840000152587891,2230700,DHT,Tanker,2026-09-22
2014-11-21,2.302393913269043,5.849999904632568,5.96999979019165,6.070000171661377,5.829999923706055,838300,DHT,Tanker,2026-09-22
2014-11-24,2.3929150104522705,6.079999923706055,5.880000114440918,6.119999885559082,5.849999904632568,370400,DHT,Tanker,2026-09-22
2014-11-25,2.4873721599578857,6.320000171661377,6.099999904632568,6.389999866485596,6.099999904632568,935900,DHT,Tanker,2026-09-22
2014-11-26,2.4795010089874268,6.300000190734863,6.300000190734863,6.349999904632568,6.150000095367432,566800,DHT,Tanker,2026-09-22
2014-11-28,2.467693567276001,6.269999980926514,6.329999923706055,6.5,6.239999771118164,1533900,DHT,Tanker,2026-09-22
2014-12-01,2.381107807159424,6.050000190734863,6.300000190734863,6.599999904632568,5.96999979019165,2448300,DHT,Tanker,2026-09-22
2014-12-02,2.3850438594818115,6.059999942779541,6.039999961853027,6.199999809265137,6.039999961853027,2797600,DHT,Tanker,2026-09-22
2014-12-03,2.412593364715576,6.130000114440918,6.079999923706055,6.300000190734863,6.010000228881836,1276800,DHT,Tanker,2026-09-22
2014-12-04,2.4283363819122314,6.170000076293945,6.139999866485596,6.25,6.099999904632568,1187600,DHT,Tanker,2026-09-22
2014-12-05,2.412593364715576,6.130000114440918,6.210000038146973,6.309999942779541,6.119999885559082,927200,DHT,Tanker,2026-09-22
2014-12-08,2.294522523880005,5.829999923706055,6.130000114440918,6.150000095367432,5.739999771118164,1372600,DHT,Tanker,2026-09-22
2014-12-09,2.388979434967041,6.070000171661377,5.75,6.090000152587891,5.710000038146973,1692300,DHT,Tanker,2026-09-22
2014-12-10,2.4007861614227295,6.099999904632568,6.019999980926514,6.289999961853027,5.980000019073486,2024100,DHT,Tanker,2026-09-22
2014-12-11,2.4480152130126953,6.21999979019165,6.099999904632568,6.400000095367432,6.079999923706055,1783000,DHT,Tanker,2026-09-22
2014-12-12,2.6133153438568115,6.639999866485596,6.449999809265137,6.929999828338623,6.429999828338623,4920800,DHT,Tanker,2026-09-22
2014-12-15,2.7628729343414307,7.019999980926514,6.730000019073486,7.329999923706055,6.71999979019165,2619000,DHT,Tanker,2026-09-22
2014-12-16,2.6999011039733887,6.860000133514404,7.03000020980835,7.170000076293945,6.800000190734863,2022500,DHT,Tanker,2026-09-22
2014-12-17,2.7589364051818848,7.010000228881836,6.840000152587891,7.099999904632568,6.809999942779541,2115200,DHT,Tanker,2026-09-22
2014-12-18,2.8179714679718018,7.159999847412109,7.130000114440918,7.230000019073486,6.849999904632568,1294100,DHT,Tanker,2026-09-22
2014-12-19,2.751065731048584,6.989999771118164,7.159999847412109,7.21999979019165,6.820000171661377,1537400,DHT,Tanker,2026-09-22
2014-12-22,2.8258440494537354,7.179999828338623,7.0,7.190000057220459,6.860000133514404,2482500,DHT,Tanker,2026-09-22
2014-12-23,2.8219077587127686,7.170000076293945,7.170000076293945,7.239999771118164,7.079999923706055,1705500,DHT,Tanker,2026-09-22
2014-12-24,2.8061654567718506,7.130000114440918,7.099999904632568,7.159999847412109,6.989999771118164,336200,DHT,Tanker,2026-09-22
2014-12-26,2.853393793106079,7.25,7.150000095367432,7.440000057220459,7.119999885559082,541800,DHT,Tanker,2026-09-22
2014-12-29,2.8140358924865723,7.150000095367432,7.21999979019165,7.300000190734863,7.090000152587891,538000,DHT,Tanker,2026-09-22
2014-12-30,2.8691368103027344,7.289999961853027,7.099999904632568,7.309999942779541,7.0,1102300,DHT,Tanker,2026-09-22
2014-12-31,2.8770079612731934,7.309999942779541,7.289999961853027,7.409999847412109,7.25,740100,DHT,Tanker,2026-09-22
2015-01-02,3.034435272216797,7.710000038146973,7.400000095367432,7.760000228881836,7.239999771118164,1273500,DHT,Tanker,2026-09-22
2015-01-05,2.9203014373779297,7.420000076293945,7.739999771118164,7.739999771118164,7.309999942779541,1377400,DHT,Tanker,2026-09-22
2015-01-06,2.9793379306793213,7.570000171661377,7.460000038146973,7.739999771118164,7.349999904632568,2819200,DHT,Tanker,2026-09-22
2015-01-07,3.1839940547943115,8.09000015258789,7.71999979019165,8.140000343322754,7.710000038146973,7114400,DHT,Tanker,2026-09-22
2015-01-08,3.3650362491607666,8.550000190734863,8.199999809265137,8.5600004196167,8.199999809265137,4189200,DHT,Tanker,2026-09-22
2015-01-09,3.4831087589263916,8.850000381469727,8.609999656677246,9.039999961853027,8.609999656677246,4646200,DHT,Tanker,2026-09-22
2015-01-12,3.5618226528167725,9.050000190734863,8.949999809265137,9.220000267028809,8.859999656677246,3662600,DHT,Tanker,2026-09-22
2015-01-13,3.4673655033111572,8.8100004196167,9.170000076293945,9.3100004196167,8.729999542236328,3606600,DHT,Tanker,2026-09-22
2015-01-14,3.337486743927002,8.479999542236328,8.699999809265137,8.710000038146973,8.420000076293945,3073500,DHT,Tanker,2026-09-22
2015-01-15,3.2863221168518066,8.350000381469727,8.510000228881836,8.529999732971191,7.96999979019165,2829900,DHT,Tanker,2026-09-22
2015-01-16,3.2548375129699707,8.270000457763672,8.210000038146973,8.270000457763672,7.96999979019165,2348500,DHT,Tanker,2026-09-22
2015-01-20,3.2981300354003906,8.380000114440918,8.369999885559082,8.539999961853027,8.100000381469727,2979900,DHT,Tanker,2026-09-22
2015-01-21,3.0698585510253906,7.800000190734863,8.300000190734863,8.3100004196167,7.630000114440918,3505600,DHT,Tanker,2026-09-22
2015-01-22,3.1407008171081543,7.980000019073486,7.860000133514404,8.050000190734863,7.730000019073486,1847700,DHT,Tanker,2026-09-22
2015-01-23,3.168250799179077,8.050000190734863,8.180000305175781,8.289999961853027,7.840000152587891,2220300,DHT,Tanker,2026-09-22
2015-01-26,3.172187089920044,8.0600004196167,8.020000457763672,8.239999771118164,7.949999809265137,1875800,DHT,Tanker,2026-09-22
2015-01-27,3.1170876026153564,7.920000076293945,7.949999809265137,8.029999732971191,7.800000190734863,3300200,DHT,Tanker,2026-09-22
2015-01-28,3.0974087715148926,7.869999885559082,7.989999771118164,7.989999771118164,7.590000152587891,4132400,DHT,Tanker,2026-09-22
2015-01-29,3.0698585510253906,7.800000190734863,7.840000152587891,7.940000057220459,7.440000057220459,4732100,DHT,Tanker,2026-09-22
2015-01-30,2.8927505016326904,7.349999904632568,7.710000038146973,7.78000020980835,7.25,5802000,DHT,Tanker,2026-09-22
2015-02-02,2.865200996398926,7.28000020980835,7.420000076293945,7.559999942779541,7.230000019073486,4226800,DHT,Tanker,2026-09-22
2015-02-03,2.782550573348999,7.070000171661377,7.309999942779541,7.429999828338623,7.059999942779541,3359300,DHT,Tanker,2026-09-22
2015-02-04,2.782550573348999,7.070000171661377,6.929999828338623,7.199999809265137,6.909999847412109,1952000,DHT,Tanker,2026-09-22
2015-02-05,2.900622606277466,7.369999885559082,7.059999942779541,7.400000095367432,7.03000020980835,3310600,DHT,Tanker,2026-09-22
2015-02-06,2.8015573024749756,7.070000171661377,7.300000190734863,7.329999923706055,7.059999942779541,2375600,DHT,Tanker,2026-09-22
2015-02-09,2.7223052978515625,6.869999885559082,7.039999961853027,7.159999847412109,6.860000133514404,2095000,DHT,Tanker,2026-09-22
2015-02-10,2.7579686641693115,6.960000038146973,7.050000190734863,7.199999809265137,6.849999904632568,2563400,DHT,Tanker,2026-09-22
2015-02-11,2.825333833694458,7.130000114440918,6.949999809265137,7.260000228881836,6.929999828338623,1410100,DHT,Tanker,2026-09-22
2015-02-12,2.7500438690185547,6.940000057220459,7.130000114440918,7.179999828338623,6.900000095367432,1295300,DHT,Tanker,2026-09-22
2015-02-13,2.7698569297790527,6.989999771118164,6.929999828338623,7.110000133514404,6.909999847412109,1468700,DHT,Tanker,2026-09-22
2015-02-17,2.7857062816619873,7.03000020980835,7.300000190734863,7.380000114440918,6.960000038146973,1787700,DHT,Tanker,2026-09-22
2015-02-18,2.8926970958709717,7.300000190734863,7.039999961853027,7.349999904632568,7.019999980926514,2651400,DHT,Tanker,2026-09-22
2015-02-19,2.9125094413757324,7.349999904632568,7.309999942779541,7.5,7.269999980926514,1881800,DHT,Tanker,2026-09-22
2015-02-20,2.8768465518951416,7.260000228881836,7.5,7.5,7.230000019073486,1098300,DHT,Tanker,2026-09-22
2015-02-23,2.8570337295532227,7.210000038146973,7.21999979019165,7.329999923706055,7.139999866485596,1335400,DHT,Tanker,2026-09-22
2015-02-24,2.7936322689056396,7.050000190734863,7.199999809265137,7.210000038146973,6.989999771118164,1015400,DHT,Tanker,2026-09-22
2015-02-25,2.742119073867798,6.920000076293945,7.019999980926514,7.070000171661377,6.900000095367432,1188800,DHT,Tanker,2026-09-22
2015-02-26,2.7896695137023926,7.039999961853027,7.03000020980835,7.059999942779541,6.920000076293945,1325600,DHT,Tanker,2026-09-22
2015-02-27,2.7341928482055664,6.900000095367432,7.039999961853027,7.059999942779541,6.900000095367432,1172200,DHT,Tanker,2026-09-22
2015-03-02,2.6945667266845703,6.800000190734863,6.909999847412109,6.929999828338623,6.610000133514404,1861100,DHT,Tanker,2026-09-22
2015-03-03,2.742119073867798,6.920000076293945,6.78000020980835,7.039999961853027,6.769999980926514,1156400,DHT,Tanker,2026-09-22
2015-03-04,2.7540059089660645,6.949999809265137,6.96999979019165,7.050000190734863,6.800000190734863,1242000,DHT,Tanker,2026-09-22
2015-03-05,2.7262682914733887,6.880000114440918,7.010000228881836,7.019999980926514,6.670000076293945,892900,DHT,Tanker,2026-09-22
2015-03-06,2.674753427505493,6.75,6.860000133514404,7.019999980926514,6.739999771118164,860100,DHT,Tanker,2026-09-22
2015-03-09,2.654940366744995,6.699999809265137,6.78000020980835,6.820000171661377,6.599999904632568,1078600,DHT,Tanker,2026-09-22
2015-03-10,2.5756895542144775,6.5,6.639999866485596,6.650000095367432,6.380000114440918,1197800,DHT,Tanker,2026-09-22
2015-03-11,2.6192781925201416,6.610000133514404,6.489999771118164,6.630000114440918,6.400000095367432,776700,DHT,Tanker,2026-09-22
2015-03-12,2.6470160484313965,6.679999828338623,6.739999771118164,6.78000020980835,6.619999885559082,1161400,DHT,Tanker,2026-09-22
2015-03-13,2.682680368423462,6.769999980926514,6.690000057220459,6.769999980926514,6.559999942779541,760600,DHT,Tanker,2026-09-22
2015-03-16,2.7223052978515625,6.869999885559082,6.78000020980835,7.090000152587891,6.769999980926514,2720700,DHT,Tanker,2026-09-22
2015-03-17,2.7262682914733887,6.880000114440918,6.860000133514404,6.909999847412109,6.739999771118164,1501400,DHT,Tanker,2026-09-22
2015-03-18,2.7500438690185547,6.940000057220459,6.860000133514404,7.0,6.829999923706055,1292500,DHT,Tanker,2026-09-22
2015-03-19,2.7381556034088135,6.909999847412109,6.920000076293945,6.980000019073486,6.800000190734863,1383400,DHT,Tanker,2026-09-22
2015-03-20,2.730231523513794,6.889999866485596,6.960000038146973,6.96999979019165,6.820000171661377,1488600,DHT,Tanker,2026-09-22
2015-03-23,2.742119073867798,6.920000076293945,6.880000114440918,6.989999771118164,6.849999904632568,1365500,DHT,Tanker,2026-09-22
2015-03-24,2.7936322689056396,7.050000190734863,6.900000095367432,7.050000190734863,6.789999961853027,2171900,DHT,Tanker,2026-09-22
2015-03-25,2.7460811138153076,6.929999828338623,7.090000152587891,7.099999904632568,6.909999847412109,836900,DHT,Tanker,2026-09-22
2015-03-26,2.8134448528289795,7.099999904632568,6.929999828338623,7.150000095367432,6.920000076293945,2146200,DHT,Tanker,2026-09-22
2015-03-27,2.7975940704345703,7.059999942779541,7.079999923706055,7.110000133514404,6.989999771118164,914800,DHT,Tanker,2026-09-22
2015-03-30,2.7381556034088135,6.909999847412109,7.050000190734863,7.099999904632568,6.880000114440918,1212400,DHT,Tanker,2026-09-22
2015-03-31,2.7658941745758057,6.980000019073486,6.820000171661377,7.0,6.760000228881836,1041100,DHT,Tanker,2026-09-22
2015-04-01,2.761932134628296,6.96999979019165,6.96999979019165,7.059999942779541,6.900000095367432,806000,DHT,Tanker,2026-09-22
2015-04-02,2.8411829471588135,7.170000076293945,6.989999771118164,7.199999809265137,6.880000114440918,1238800,DHT,Tanker,2026-09-22
2015-04-06,2.8689217567443848,7.239999771118164,7.110000133514404,7.28000020980835,7.079999923706055,1108600,DHT,Tanker,2026-09-22
2015-04-07,2.9164721965789795,7.360000133514404,7.300000190734863,7.489999771118164,7.260000228881836,1483600,DHT,Tanker,2026-09-22
2015-04-08,2.8926970958709717,7.300000190734863,7.360000133514404,7.489999771118164,7.150000095367432,1246000,DHT,Tanker,2026-09-22
2015-04-09,2.9600608348846436,7.46999979019165,7.320000171661377,7.650000095367432,7.309999942779541,993300,DHT,Tanker,2026-09-22
2015-04-10,3.1463022232055664,7.940000057220459,7.579999923706055,8.0,7.5,2606600,DHT,Tanker,2026-09-22
2015-04-13,3.082902193069458,7.78000020980835,7.989999771118164,8.0,7.78000020980835,1165800,DHT,Tanker,2026-09-22
2015-04-14,3.209705352783203,8.100000381469727,7.789999961853027,8.119999885559082,7.78000020980835,1129700,DHT,Tanker,2026-09-22
2015-04-15,3.138378620147705,7.920000076293945,8.140000343322754,8.25,7.820000171661377,2283600,DHT,Tanker,2026-09-22
2015-04-16,3.082902193069458,7.78000020980835,7.900000095367432,7.909999847412109,7.670000076293945,1607700,DHT,Tanker,2026-09-22
2015-04-17,3.0512008666992188,7.699999809265137,7.710000038146973,7.800000190734863,7.619999885559082,881500,DHT,Tanker,2026-09-22
2015-04-20,3.118565797805786,7.869999885559082,7.710000038146973,7.900000095367432,7.659999847412109,833900,DHT,Tanker,2026-09-22
2015-04-21,3.0591259002685547,7.71999979019165,7.880000114440918,7.900000095367432,7.679999828338623,1033700,DHT,Tanker,2026-09-22
2015-04-22,3.043276309967041,7.679999828338623,7.730000019073486,7.800000190734863,7.670000076293945,1079300,DHT,Tanker,2026-09-22
2015-04-23,3.110640048980713,7.849999904632568,7.699999809265137,8.0,7.579999923706055,1144200,DHT,Tanker,2026-09-22
2015-04-24,3.122528553009033,7.880000114440918,7.869999885559082,7.909999847412109,7.590000152587891,1214000,DHT,Tanker,2026-09-22
2015-04-27,3.0591259002685547,7.71999979019165,7.880000114440918,7.949999809265137,7.710000038146973,1380000,DHT,Tanker,2026-09-22
2015-04-28,3.170079231262207,8.0,7.820000171661377,8.010000228881836,7.639999866485596,1462500,DHT,Tanker,2026-09-22
2015-04-29,3.170079231262207,8.0,8.100000381469727,8.430000305175781,7.829999923706055,1635200,DHT,Tanker,2026-09-22
2015-04-30,3.170079231262207,8.0,8.0,8.25,7.920000076293945,2248800,DHT,Tanker,2026-09-22
2015-05-01,3.257256269454956,8.220000267028809,8.029999732971191,8.239999771118164,8.020000457763672,1314800,DHT,Tanker,2026-09-22
2015-05-04,3.2414064407348633,8.180000305175781,8.25,8.300000190734863,8.069999694824219,876200,DHT,Tanker,2026-09-22
2015-05-05,3.098752021789551,7.820000171661377,8.1899995803833,8.210000038146973,7.78000020980835,1255800,DHT,Tanker,2026-09-22
2015-05-06,2.9996883869171143,7.570000171661377,7.800000190734863,7.960000038146973,7.570000171661377,1719000,DHT,Tanker,2026-09-22
2015-05-07,3.007612705230713,7.590000152587891,7.570000171661377,7.739999771118164,7.550000190734863,2014000,DHT,Tanker,2026-09-22
2015-05-08,2.991762161254883,7.550000190734863,7.650000095367432,7.699999809265137,7.420000076293945,2401800,DHT,Tanker,2026-09-22
2015-05-11,2.9836766719818115,7.380000114440918,7.360000133514404,7.5,7.28000020980835,1147700,DHT,Tanker,2026-09-22
2015-05-12,2.886645793914795,7.139999866485596,7.409999847412109,7.420000076293945,7.130000114440918,2157900,DHT,Tanker,2026-09-22
2015-05-13,3.036234140396118,7.510000228881836,7.210000038146973,7.559999942779541,7.170000076293945,1791200,DHT,Tanker,2026-09-22
2015-05-14,3.149435520172119,7.789999961853027,7.550000190734863,7.829999923706055,7.550000190734863,1272200,DHT,Tanker,2026-09-22
2015-05-15,3.234337568283081,8.0,7.800000190734863,8.010000228881836,7.75,1293000,DHT,Tanker,2026-09-22
2015-05-18,3.1939072608947754,7.900000095367432,7.980000019073486,8.180000305175781,7.820000171661377,1983300,DHT,Tanker,2026-09-22
2015-05-19,3.2181646823883057,7.960000038146973,7.900000095367432,8.050000190734863,7.849999904632568,950000,DHT,Tanker,2026-09-22
2015-05-20,3.238379955291748,8.010000228881836,7.940000057220459,8.109999656677246,7.889999866485596,1433800,DHT,Tanker,2026-09-22
2015-05-21,3.242424249649048,8.020000457763672,8.0,8.149999618530273,8.0,747100,DHT,Tanker,2026-09-22
2015-05-22,3.270723342895508,8.09000015258789,8.020000457763672,8.199999809265137,8.010000228881836,1282600,DHT,Tanker,2026-09-22
2015-05-26,3.234337568283081,8.0,8.050000190734863,8.09000015258789,7.949999809265137,1314700,DHT,Tanker,2026-09-22
2015-05-27,3.270723342895508,8.09000015258789,8.0,8.109999656677246,7.96999979019165,1311600,DHT,Tanker,2026-09-22
2015-05-28,3.2262520790100098,7.980000019073486,8.069999694824219,8.140000343322754,7.960000038146973,1031500,DHT,Tanker,2026-09-22
2015-05-29,3.1898646354675293,7.889999866485596,7.96999979019165,8.029999732971191,7.849999904632568,788300,DHT,Tanker,2026-09-22
2015-06-01,3.1939072608947754,7.900000095367432,7.909999847412109,7.940000057220459,7.78000020980835,840700,DHT,Tanker,2026-09-22
2015-06-02,3.2505083084106445,8.039999961853027,7.889999866485596,8.050000190734863,7.840000152587891,1020700,DHT,Tanker,2026-09-22
2015-06-03,3.2505083084106445,8.039999961853027,8.029999732971191,8.050000190734863,7.880000114440918,694900,DHT,Tanker,2026-09-22
2015-06-04,3.214123010635376,7.949999809265137,7.96999979019165,8.09000015258789,7.800000190734863,718700,DHT,Tanker,2026-09-22
2015-06-05,3.2949812412261963,8.149999618530273,7.940000057220459,8.1899995803833,7.869999885559082,1132700,DHT,Tanker,2026-09-22
2015-06-08,3.286895275115967,8.130000114440918,8.15999984741211,8.210000038146973,8.020000457763672,996000,DHT,Tanker,2026-09-22
2015-06-09,3.3111531734466553,8.1899995803833,8.119999885559082,8.319999694824219,8.0600004196167,1184600,DHT,Tanker,2026-09-22
2015-06-10,3.3111531734466553,8.1899995803833,8.239999771118164,8.380000114440918,8.149999618530273,1022500,DHT,Tanker,2026-09-22
2015-06-11,3.3111531734466553,8.1899995803833,8.170000076293945,8.25,8.09000015258789,1583900,DHT,Tanker,2026-09-22
2015-06-12,3.3111531734466553,8.1899995803833,8.170000076293945,8.260000228881836,8.079999923706055,967200,DHT,Tanker,2026-09-22
2015-06-15,3.270723342895508,8.09000015258789,8.180000305175781,8.199999809265137,8.050000190734863,1023300,DHT,Tanker,2026-09-22
2015-06-16,3.2464659214019775,8.029999732971191,8.0600004196167,8.130000114440918,8.010000228881836,889000,DHT,Tanker,2026-09-22
2015-06-17,3.2585949897766113,8.0600004196167,8.0600004196167,8.180000305175781,8.029999732971191,693900,DHT,Tanker,2026-09-22
2015-06-18,3.274766206741333,8.100000381469727,8.09000015258789,8.15999984741211,8.029999732971191,1844600,DHT,Tanker,2026-09-22
2015-06-19,3.242424249649048,8.020000457763672,8.140000343322754,8.140000343322754,7.920000076293945,1900800,DHT,Tanker,2026-09-22
2015-06-22,3.2585949897766113,8.0600004196167,8.039999961853027,8.1899995803833,8.010000228881836,1533900,DHT,Tanker,2026-09-22
2015-06-23,3.4243533611297607,8.470000267028809,8.09000015258789,8.550000190734863,8.029999732971191,3628200,DHT,Tanker,2026-09-22
2015-06-24,3.363710880279541,8.319999694824219,8.460000038146973,8.5600004196167,8.300000190734863,1076900,DHT,Tanker,2026-09-22
2015-06-25,3.214123010635376,7.949999809265137,8.369999885559082,8.369999885559082,7.920000076293945,1336300,DHT,Tanker,2026-09-22
2015-06-26,3.266680955886841,8.079999923706055,8.050000190734863,8.289999961853027,8.010000228881836,1815400,DHT,Tanker,2026-09-22
2015-06-29,3.2060365676879883,7.929999828338623,8.029999732971191,8.149999618530273,7.900000095367432,1465800,DHT,Tanker,2026-09-22
2015-06-30,3.141350030899048,7.769999980926514,8.010000228881836,8.029999732971191,7.679999828338623,1274300,DHT,Tanker,2026-09-22
2015-07-01,3.1777360439300537,7.860000133514404,7.900000095367432,8.180000305175781,7.800000190734863,1770100,DHT,Tanker,2026-09-22
2015-07-02,3.2585949897766113,8.0600004196167,7.880000114440918,8.100000381469727,7.860000133514404,766400,DHT,Tanker,2026-09-22
2015-07-06,3.2302937507629395,7.989999771118164,8.0,8.100000381469727,7.880000114440918,756900,DHT,Tanker,2026-09-22
2015-07-07,3.2302937507629395,7.989999771118164,8.0,8.029999732971191,7.760000228881836,888700,DHT,Tanker,2026-09-22
2015-07-08,3.1130483150482178,7.699999809265137,7.900000095367432,7.929999828338623,7.650000095367432,716200,DHT,Tanker,2026-09-22
2015-07-09,3.1453945636749268,7.78000020980835,7.78000020980835,7.920000076293945,7.760000228881836,561900,DHT,Tanker,2026-09-22
2015-07-10,3.238379955291748,8.010000228881836,7.840000152587891,8.020000457763672,7.820000171661377,541200,DHT,Tanker,2026-09-22
2015-07-13,3.2949812412261963,8.149999618530273,8.029999732971191,8.220000267028809,8.0,611100,DHT,Tanker,2026-09-22
2015-07-14,3.2949812412261963,8.149999618530273,8.170000076293945,8.210000038146973,8.109999656677246,1036900,DHT,Tanker,2026-09-22
2015-07-15,3.270723342895508,8.09000015258789,8.15999984741211,8.210000038146973,8.010000228881836,685000,DHT,Tanker,2026-09-22
2015-07-16,3.351581573486328,8.289999961853027,8.130000114440918,8.369999885559082,7.96999979019165,1724800,DHT,Tanker,2026-09-22
2015-07-17,3.4081833362579346,8.430000305175781,8.300000190734863,8.569999694824219,8.229999542236328,2373500,DHT,Tanker,2026-09-22
2015-07-20,3.432440996170044,8.489999771118164,8.65999984741211,8.680000305175781,8.390000343322754,2526100,DHT,Tanker,2026-09-22
2015-07-21,3.525428056716919,8.720000267028809,8.510000228881836,8.8100004196167,8.510000228881836,2839800,DHT,Tanker,2026-09-22
2015-07-22,3.598200798034668,8.899999618530273,8.739999771118164,8.930000305175781,8.600000381469727,2408800,DHT,Tanker,2026-09-22
2015-07-23,3.4041404724121094,8.420000076293945,8.949999809265137,8.989999771118164,8.329999923706055,1963100,DHT,Tanker,2026-09-22
2015-07-24,3.3879687786102295,8.380000114440918,8.430000305175781,8.489999771118164,8.3100004196167,1196900,DHT,Tanker,2026-09-22
2015-07-27,3.4647841453552246,8.569999694824219,8.369999885559082,8.630000114440918,8.210000038146973,1839200,DHT,Tanker,2026-09-22
2015-07-28,3.4769136905670166,8.600000381469727,8.569999694824219,8.779999732971191,8.489999771118164,2096200,DHT,Tanker,2026-09-22
2015-07-29,3.456698417663574,8.550000190734863,8.75,8.789999961853027,8.350000381469727,2135900,DHT,Tanker,2026-09-22
2015-07-30,3.323282480239868,8.220000267028809,8.529999732971191,8.529999732971191,8.170000076293945,2283000,DHT,Tanker,2026-09-22
2015-07-31,3.214123010635376,7.949999809265137,8.25,8.260000228881836,7.929999828338623,1358200,DHT,Tanker,2026-09-22
2015-08-03,3.1939072608947754,7.900000095367432,7.929999828338623,8.010000228881836,7.860000133514404,1230000,DHT,Tanker,2026-09-22
2015-08-04,3.1332650184631348,7.75,7.920000076293945,7.96999979019165,7.699999809265137,1409300,DHT,Tanker,2026-09-22
2015-08-05,3.0524070262908936,7.550000190734863,7.78000020980835,7.849999904632568,7.429999828338623,2165600,DHT,Tanker,2026-09-22
2015-08-06,3.104964017868042,7.679999828338623,7.599999904632568,7.699999809265137,7.449999809265137,1257900,DHT,Tanker,2026-09-22
2015-08-07,3.084749460220337,7.630000114440918,7.610000133514404,7.71999979019165,7.510000228881836,1072300,DHT,Tanker,2026-09-22
2015-08-10,3.092996597290039,7.5,7.380000114440918,7.650000095367432,7.380000114440918,1861200,DHT,Tanker,2026-09-22
2015-08-11,3.097121000289917,7.510000228881836,7.489999771118164,7.53000020980835,7.389999866485596,1353600,DHT,Tanker,2026-09-22
2015-08-12,2.9734013080596924,7.210000038146973,7.449999809265137,7.449999809265137,6.889999866485596,2275000,DHT,Tanker,2026-09-22
2015-08-13,3.068253993988037,7.440000057220459,7.239999771118164,7.46999979019165,7.139999866485596,1708400,DHT,Tanker,2026-09-22
2015-08-14,3.080625295639038,7.46999979019165,7.440000057220459,7.46999979019165,7.260000228881836,1330200,DHT,Tanker,2026-09-22
2015-08-17,3.097121000289917,7.510000228881836,7.429999828338623,7.570000171661377,7.360000133514404,1382800,DHT,Tanker,2026-09-22
2015-08-18,3.018765926361084,7.320000171661377,7.550000190734863,7.579999923706055,7.21999979019165,1733900,DHT,Tanker,2026-09-22
2015-08-19,2.944532871246338,7.139999866485596,7.300000190734863,7.320000171661377,7.079999923706055,1228200,DHT,Tanker,2026-09-22
2015-08-20,2.895045757293701,7.019999980926514,7.090000152587891,7.099999904632568,6.960000038146973,1819400,DHT,Tanker,2026-09-22
2015-08-21,2.9032928943634033,7.039999961853027,6.900000095367432,7.289999961853027,6.840000152587891,2338400,DHT,Tanker,2026-09-22
2015-08-24,2.725961685180664,6.610000133514404,6.650000095367432,7.0,6.050000190734863,2844600,DHT,Tanker,2026-09-22
2015-08-25,2.808441400527954,6.809999942779541,6.809999942779541,7.079999923706055,6.78000020980835,1880300,DHT,Tanker,2026-09-22
2015-08-26,2.8867976665496826,7.0,6.949999809265137,7.0,6.75,1369100,DHT,Tanker,2026-09-22
2015-08-27,2.9321610927581787,7.110000133514404,7.03000020980835,7.25,7.0,1669200,DHT,Tanker,2026-09-22
2015-08-28,2.985774040222168,7.239999771118164,7.199999809265137,7.289999961853027,7.099999904632568,934000,DHT,Tanker,2026-09-22
2015-08-31,2.9486570358276367,7.150000095367432,7.179999828338623,7.289999961853027,7.110000133514404,944600,DHT,Tanker,2026-09-22
2015-09-01,2.9156649112701416,7.070000171661377,7.050000190734863,7.119999885559082,6.929999828338623,1551000,DHT,Tanker,2026-09-22
2015-09-02,2.944532871246338,7.139999866485596,7.119999885559082,7.170000076293945,6.989999771118164,1327400,DHT,Tanker,2026-09-22
2015-09-03,3.064128875732422,7.429999828338623,7.25,7.570000171661377,7.25,2283700,DHT,Tanker,2026-09-22
2015-09-04,3.060004949569702,7.420000076293945,7.320000171661377,7.46999979019165,7.320000171661377,956400,DHT,Tanker,2026-09-22
2015-09-08,3.092996597290039,7.5,7.510000228881836,7.579999923706055,7.440000057220459,888300,DHT,Tanker,2026-09-22
2015-09-09,3.064128875732422,7.429999828338623,7.550000190734863,7.570000171661377,7.409999847412109,762600,DHT,Tanker,2026-09-22
2015-09-10,3.0888731479644775,7.489999771118164,7.420000076293945,7.510000228881836,7.369999885559082,777900,DHT,Tanker,2026-09-22
2015-09-11,3.0558810234069824,7.409999847412109,7.449999809265137,7.480000019073486,7.320000171661377,590400,DHT,Tanker,2026-09-22
2015-09-14,3.060004949569702,7.420000076293945,7.599999904632568,7.650000095367432,7.289999961853027,680100,DHT,Tanker,2026-09-22
2015-09-15,3.130112886428833,7.590000152587891,7.449999809265137,7.610000133514404,7.389999866485596,1347600,DHT,Tanker,2026-09-22
2015-09-16,3.2043445110321045,7.769999980926514,7.659999847412109,7.809999942779541,7.630000114440918,1491500,DHT,Tanker,2026-09-22
2015-09-17,3.2868247032165527,7.96999979019165,7.78000020980835,8.0,7.760000228881836,2178500,DHT,Tanker,2026-09-22
2015-09-18,3.2414603233337402,7.860000133514404,7.869999885559082,8.0,7.840000152587891,1889400,DHT,Tanker,2026-09-22
2015-09-21,3.3156933784484863,8.039999961853027,8.020000457763672,8.1899995803833,7.940000057220459,1870500,DHT,Tanker,2026-09-22
2015-09-22,3.2950727939605713,7.989999771118164,7.96999979019165,8.039999961853027,7.869999885559082,1517900,DHT,Tanker,2026-09-22
2015-09-23,3.1919729709625244,7.739999771118164,7.96999979019165,8.039999961853027,7.619999885559082,1412200,DHT,Tanker,2026-09-22
2015-09-24,3.1754770278930664,7.699999809265137,7.730000019073486,7.860000133514404,7.650000095367432,2387300,DHT,Tanker,2026-09-22
2015-09-25,3.03938627243042,7.369999885559082,7.75,7.760000228881836,7.340000152587891,1557600,DHT,Tanker,2026-09-22
2015-09-28,2.977525234222412,7.21999979019165,7.360000133514404,7.429999828338623,7.210000038146973,1422400,DHT,Tanker,2026-09-22
2015-09-29,3.002270221710205,7.28000020980835,7.320000171661377,7.449999809265137,7.21999979019165,1438600,DHT,Tanker,2026-09-22
2015-09-30,3.060004949569702,7.420000076293945,7.360000133514404,7.460000038146973,7.199999809265137,1569500,DHT,Tanker,2026-09-22
2015-10-01,3.150733232498169,7.639999866485596,7.5,7.739999771118164,7.460000038146973,1732500,DHT,Tanker,2026-09-22
2015-10-02,3.2579572200775146,7.900000095367432,7.630000114440918,7.929999828338623,7.550000190734863,2393800,DHT,Tanker,2026-09-22
2015-10-05,3.4394123554229736,8.34000015258789,8.140000343322754,8.399999618530273,7.96999979019165,3218900,DHT,Tanker,2026-09-22
2015-10-06,3.402297019958496,8.25,8.350000381469727,8.399999618530273,8.180000305175781,1773400,DHT,Tanker,2026-09-22
2015-10-07,3.402297019958496,8.25,8.270000457763672,8.390000343322754,8.140000343322754,2049100,DHT,Tanker,2026-09-22
2015-10-08,3.4641566276550293,8.399999618530273,8.25,8.489999771118164,8.229999542236328,2010900,DHT,Tanker,2026-09-22
2015-10-09,3.435289144515991,8.329999923706055,8.449999809265137,8.520000457763672,8.1899995803833,1897300,DHT,Tanker,2026-09-22
2015-10-12,3.4559099674224854,8.380000114440918,8.390000343322754,8.399999618530273,8.180000305175781,822800,DHT,Tanker,2026-09-22
2015-10-13,3.3610570430755615,8.149999618530273,8.300000190734863,8.479999542236328,8.140000343322754,1455000,DHT,Tanker,2026-09-22
2015-10-14,3.3280653953552246,8.069999694824219,8.130000114440918,8.25,8.039999961853027,1445200,DHT,Tanker,2026-09-22
2015-10-15,3.4146695137023926,8.279999732971191,8.079999923706055,8.279999732971191,8.079999923706055,1073000,DHT,Tanker,2026-09-22
2015-10-16,3.422916889190674,8.300000190734863,8.3100004196167,8.470000267028809,8.119999885559082,1058800,DHT,Tanker,2026-09-22
2015-10-19,3.282701015472412,7.960000038146973,8.210000038146973,8.229999542236328,7.909999847412109,1335900,DHT,Tanker,2026-09-22
2015-10-20,3.3074464797973633,8.020000457763672,7.949999809265137,8.020000457763672,7.920000076293945,1106200,DHT,Tanker,2026-09-22
2015-10-21,3.3528096675872803,8.130000114440918,8.069999694824219,8.399999618530273,8.050000190734863,1586000,DHT,Tanker,2026-09-22
2015-10-22,3.3074464797973633,8.020000457763672,8.220000267028809,8.239999771118164,7.960000038146973,1546900,DHT,Tanker,2026-09-22
2015-10-23,3.340437173843384,8.100000381469727,8.050000190734863,8.180000305175781,7.929999828338623,1049400,DHT,Tanker,2026-09-22
2015-10-26,3.2084693908691406,7.78000020980835,8.09000015258789,8.140000343322754,7.75,945000,DHT,Tanker,2026-09-22
2015-10-27,3.16310453414917,7.670000076293945,7.769999980926514,7.789999961853027,7.480000019073486,1610500,DHT,Tanker,2026-09-22
2015-10-28,3.200221061706543,7.760000228881836,7.71999979019165,7.840000152587891,7.489999771118164,1896800,DHT,Tanker,2026-09-22
2015-10-29,3.1919729709625244,7.739999771118164,7.75,8.0,7.679999828338623,1373900,DHT,Tanker,2026-09-22
2015-10-30,3.2414603233337402,7.860000133514404,7.78000020980835,7.980000019073486,7.699999809265137,1542100,DHT,Tanker,2026-09-22
2015-11-02,3.336312770843506,8.09000015258789,7.900000095367432,8.100000381469727,7.869999885559082,1962700,DHT,Tanker,2026-09-22
2015-11-03,3.340437173843384,8.100000381469727,8.069999694824219,8.130000114440918,7.960000038146973,1324200,DHT,Tanker,2026-09-22
2015-11-04,3.1548562049865723,7.650000095367432,8.069999694824219,8.100000381469727,7.5,2922300,DHT,Tanker,2026-09-22
2015-11-05,3.03938627243042,7.369999885559082,7.630000114440918,7.730000019073486,7.340000152587891,1874000,DHT,Tanker,2026-09-22
2015-11-06,3.1548562049865723,7.650000095367432,7.429999828338623,7.659999847412109,7.400000095367432,1048300,DHT,Tanker,2026-09-22
2015-11-09,3.1342360973358154,7.599999904632568,7.650000095367432,7.659999847412109,7.53000020980835,752300,DHT,Tanker,2026-09-22
2015-11-10,3.080625295639038,7.46999979019165,7.579999923706055,7.670000076293945,7.420000076293945,789800,DHT,Tanker,2026-09-22
2015-11-11,2.9981448650360107,7.269999980926514,7.519999980926514,7.519999980926514,7.210000038146973,910900,DHT,Tanker,2026-09-22
2015-11-12,2.9981448650360107,7.269999980926514,7.199999809265137,7.329999923706055,7.150000095367432,1884200,DHT,Tanker,2026-09-22
2015-11-13,3.057346820831299,7.230000019073486,7.21999979019165,7.400000095367432,7.070000171661377,989200,DHT,Tanker,2026-09-22
2015-11-16,3.163064956665039,7.480000019073486,7.25,7.519999980926514,7.239999771118164,813400,DHT,Tanker,2026-09-22
2015-11-17,3.023517608642578,7.150000095367432,7.46999979019165,7.489999771118164,7.150000095367432,820500,DHT,Tanker,2026-09-22
2015-11-18,3.0362038612365723,7.179999828338623,7.199999809265137,7.25,7.099999904632568,1535100,DHT,Tanker,2026-09-22
2015-11-19,2.964315891265869,7.010000228881836,7.119999885559082,7.199999809265137,7.010000228881836,1409700,DHT,Tanker,2026-09-22
2015-11-20,3.0066018104553223,7.110000133514404,7.059999942779541,7.190000057220459,7.010000228881836,947100,DHT,Tanker,2026-09-22
2015-11-23,3.0742621421813965,7.269999980926514,7.150000095367432,7.28000020980835,7.110000133514404,1854400,DHT,Tanker,2026-09-22
2015-11-24,3.0996346473693848,7.329999923706055,7.320000171661377,7.429999828338623,7.170000076293945,1209600,DHT,Tanker,2026-09-22
2015-11-25,3.1546072959899902,7.460000038146973,7.320000171661377,7.460000038146973,7.260000228881836,1386300,DHT,Tanker,2026-09-22
2015-11-27,3.285696268081665,7.769999980926514,7.5,7.840000152587891,7.460000038146973,1353700,DHT,Tanker,2026-09-22
2015-11-30,3.1715211868286133,7.5,7.760000228881836,7.760000228881836,7.449999809265137,1468300,DHT,Tanker,2026-09-22
2015-12-01,3.256096363067627,7.699999809265137,7.619999885559082,7.789999961853027,7.5,2960900,DHT,Tanker,2026-09-22
2015-12-02,3.2645535469055176,7.71999979019165,7.789999961853027,8.050000190734863,7.639999866485596,2984100,DHT,Tanker,2026-09-22
2015-12-03,3.298384189605713,7.800000190734863,7.820000171661377,7.929999828338623,7.679999828338623,1730300,DHT,Tanker,2026-09-22
2015-12-04,3.399871349334717,8.039999961853027,7.849999904632568,8.050000190734863,7.800000190734863,3703100,DHT,Tanker,2026-09-22
2015-12-07,3.3914146423339844,8.020000457763672,8.039999961853027,8.050000190734863,7.909999847412109,1539900,DHT,Tanker,2026-09-22
2015-12-08,3.399871349334717,8.039999961853027,7.920000076293945,8.149999618530273,7.920000076293945,3126600,DHT,Tanker,2026-09-22
2015-12-09,3.4802162647247314,8.229999542236328,8.069999694824219,8.239999771118164,8.0,2182500,DHT,Tanker,2026-09-22
2015-12-10,3.4125590324401855,8.069999694824219,8.210000038146973,8.239999771118164,8.029999732971191,1402500,DHT,Tanker,2026-09-22
2015-12-11,3.306840419769287,7.820000171661377,8.039999961853027,8.09000015258789,7.800000190734863,1485800,DHT,Tanker,2026-09-22
2015-12-14,3.3110692501068115,7.829999923706055,7.789999961853027,7.909999847412109,7.510000228881836,2401900,DHT,Tanker,2026-09-22
2015-12-15,3.370270013809204,7.96999979019165,7.820000171661377,8.0,7.769999980926514,2834300,DHT,Tanker,2026-09-22
2015-12-16,3.4040989875793457,8.050000190734863,8.0,8.0600004196167,7.820000171661377,1730800,DHT,Tanker,2026-09-22
2015-12-17,3.209580659866333,7.590000152587891,8.039999961853027,8.039999961853027,7.559999942779541,2057300,DHT,Tanker,2026-09-22
2015-12-18,3.2772397994995117,7.75,7.579999923706055,8.0,7.550000190734863,3737400,DHT,Tanker,2026-09-22
2015-12-21,3.298384189605713,7.800000190734863,7.820000171661377,7.880000114440918,7.699999809265137,1619400,DHT,Tanker,2026-09-22
2015-12-22,3.4294724464416504,8.109999656677246,7.840000152587891,8.170000076293945,7.820000171661377,2193500,DHT,Tanker,2026-09-22
2015-12-23,3.425243377685547,8.100000381469727,8.15999984741211,8.220000267028809,8.029999732971191,2513800,DHT,Tanker,2026-09-22
2015-12-24,3.425243377685547,8.100000381469727,8.100000381469727,8.220000267028809,8.069999694824219,771500,DHT,Tanker,2026-09-22
2015-12-28,3.3956429958343506,8.029999732971191,8.100000381469727,8.100000381469727,7.949999809265137,1106800,DHT,Tanker,2026-09-22
2015-12-29,3.382955551147461,8.0,8.069999694824219,8.130000114440918,7.929999828338623,1306700,DHT,Tanker,2026-09-22
2015-12-30,3.454843521118164,8.170000076293945,7.960000038146973,8.1899995803833,7.920000076293945,1205000,DHT,Tanker,2026-09-22
2015-12-31,3.4210145473480225,8.09000015258789,8.149999618530273,8.149999618530273,8.020000457763672,1358200,DHT,Tanker,2026-09-22
2016-01-04,3.3110692501068115,7.829999923706055,8.050000190734863,8.0600004196167,7.809999942779541,1605300,DHT,Tanker,2026-09-22
2016-01-05,3.167292594909668,7.489999771118164,7.880000114440918,7.929999828338623,7.480000019073486,1708000,DHT,Tanker,2026-09-22
2016-01-06,3.1250061988830566,7.389999866485596,7.460000038146973,7.630000114440918,7.320000171661377,1991300,DHT,Tanker,2026-09-22
2016-01-07,3.0404322147369385,7.190000057220459,7.25,7.389999866485596,7.090000152587891,1690900,DHT,Tanker,2026-09-22
2016-01-08,3.002373695373535,7.099999904632568,7.21999979019165,7.300000190734863,6.980000019073486,1982000,DHT,Tanker,2026-09-22
2016-01-11,2.812082529067993,6.650000095367432,7.059999942779541,7.070000171661377,6.630000114440918,1938300,DHT,Tanker,2026-09-22
2016-01-12,2.693678855895996,6.369999885559082,6.539999961853027,6.559999942779541,5.840000152587891,5128200,DHT,Tanker,2026-09-22
2016-01-13,2.452643394470215,5.800000190734863,6.369999885559082,6.510000228881836,5.760000228881836,2736800,DHT,Tanker,2026-09-22
2016-01-14,2.452643394470215,5.800000190734863,5.769999980926514,5.869999885559082,5.420000076293945,3102100,DHT,Tanker,2026-09-22
2016-01-15,2.330012083053589,5.510000228881836,5.559999942779541,5.670000076293945,5.230000019073486,2540700,DHT,Tanker,2026-09-22
2016-01-19,2.397670269012451,5.670000076293945,5.610000133514404,5.849999904632568,5.610000133514404,2676400,DHT,Tanker,2026-09-22
2016-01-20,2.2665812969207764,5.360000133514404,5.599999904632568,5.599999904632568,5.150000095367432,3504700,DHT,Tanker,2026-09-22
2016-01-21,2.418814182281494,5.71999979019165,5.440000057220459,5.769999980926514,5.369999885559082,6855100,DHT,Tanker,2026-09-22
2016-01-22,2.465329885482788,5.829999923706055,5.849999904632568,6.059999942779541,5.71999979019165,2435800,DHT,Tanker,2026-09-22
2016-01-25,2.351154327392578,5.559999942779541,5.789999961853027,5.849999904632568,5.550000190734863,1688800,DHT,Tanker,2026-09-22
2016-01-26,2.4357287883758545,5.760000228881836,5.800000190734863,5.800000190734863,5.519999980926514,2852400,DHT,Tanker,2026-09-22
2016-01-27,2.410356283187866,5.699999809265137,5.820000171661377,5.860000133514404,5.590000152587891,3058200,DHT,Tanker,2026-09-22
2016-01-28,2.380756139755249,5.630000114440918,5.900000095367432,6.0,5.599999904632568,1723500,DHT,Tanker,2026-09-22
2016-01-29,2.444185972213745,5.78000020980835,5.699999809265137,5.800000190734863,5.610000133514404,2386900,DHT,Tanker,2026-09-22
2016-02-01,2.499159336090088,5.909999847412109,5.789999961853027,5.940000057220459,5.670000076293945,2401500,DHT,Tanker,2026-09-22
2016-02-02,2.410356283187866,5.699999809265137,5.800000190734863,5.829999923706055,5.650000095367432,2568300,DHT,Tanker,2026-09-22
2016-02-03,2.503387451171875,5.920000076293945,5.730000019073486,5.920000076293945,5.519999980926514,3246700,DHT,Tanker,2026-09-22
2016-02-04,2.444185972213745,5.78000020980835,5.760000228881836,6.039999961853027,5.659999847412109,3414700,DHT,Tanker,2026-09-22
2016-02-05,2.465329885482788,5.829999923706055,5.809999942779541,6.0,5.769999980926514,2972300,DHT,Tanker,2026-09-22
2016-02-08,2.300410747528076,5.440000057220459,5.769999980926514,5.769999980926514,5.239999771118164,3152700,DHT,Tanker,2026-09-22
2016-02-09,2.220065116882324,5.25,5.420000076293945,5.510000228881836,5.239999771118164,2059800,DHT,Tanker,2026-09-22
2016-02-10,2.1820068359375,5.159999847412109,5.300000190734863,5.300000190734863,4.940000057220459,4246100,DHT,Tanker,2026-09-22
2016-02-11,2.1996397972106934,4.989999771118164,4.880000114440918,5.179999828338623,4.880000114440918,2848400,DHT,Tanker,2026-09-22
2016-02-12,2.464125156402588,5.590000152587891,5.190000057220459,5.670000076293945,5.150000095367432,3821300,DHT,Tanker,2026-09-22
2016-02-16,2.508206605911255,5.690000057220459,5.710000038146973,5.789999961853027,5.460000038146973,2030200,DHT,Tanker,2026-09-22
2016-02-17,2.525838851928711,5.730000019073486,5.75,5.989999771118164,5.710000038146973,2463300,DHT,Tanker,2026-09-22
2016-02-18,2.5214297771453857,5.71999979019165,5.789999961853027,5.840000152587891,5.659999847412109,1922800,DHT,Tanker,2026-09-22
2016-02-19,2.6713054180145264,6.059999942779541,5.690000057220459,6.070000171661377,5.570000171661377,2094100,DHT,Tanker,2026-09-22
2016-02-22,2.6492655277252197,6.010000228881836,6.110000133514404,6.230000019073486,5.980000019073486,1605300,DHT,Tanker,2026-09-22
2016-02-23,2.565511465072632,5.820000171661377,5.960000038146973,6.039999961853027,5.820000171661377,1355700,DHT,Tanker,2026-09-22
2016-02-24,2.547879457473755,5.78000020980835,5.75,5.809999942779541,5.539999961853027,1645100,DHT,Tanker,2026-09-22
2016-02-25,2.547879457473755,5.78000020980835,5.800000190734863,5.849999904632568,5.639999866485596,2178500,DHT,Tanker,2026-09-22
2016-02-26,2.5346555709838867,5.75,5.840000152587891,5.860000133514404,5.659999847412109,1637400,DHT,Tanker,2026-09-22
2016-02-29,2.569920063018799,5.829999923706055,5.730000019073486,5.920000076293945,5.710000038146973,2566000,DHT,Tanker,2026-09-22
2016-03-01,2.5919599533081055,5.880000114440918,5.869999885559082,5.980000019073486,5.829999923706055,1701400,DHT,Tanker,2026-09-22
2016-03-02,2.503798007965088,5.679999828338623,5.840000152587891,5.840000152587891,5.550000190734863,2302400,DHT,Tanker,2026-09-22
2016-03-03,2.565511465072632,5.820000171661377,5.679999828338623,5.829999923706055,5.610000133514404,1521700,DHT,Tanker,2026-09-22
2016-03-04,2.618408203125,5.940000057220459,5.949999809265137,6.190000057220459,5.860000133514404,2548500,DHT,Tanker,2026-09-22
2016-03-07,2.781507968902588,6.309999942779541,6.050000190734863,6.429999828338623,6.03000020980835,2449200,DHT,Tanker,2026-09-22
2016-03-08,2.6492655277252197,6.010000228881836,6.25,6.329999923706055,5.949999809265137,1793900,DHT,Tanker,2026-09-22
2016-03-09,2.6845293045043945,6.090000152587891,6.039999961853027,6.159999847412109,5.960000038146973,1140800,DHT,Tanker,2026-09-22
2016-03-10,2.702162265777588,6.130000114440918,6.110000133514404,6.159999847412109,5.96999979019165,1588300,DHT,Tanker,2026-09-22
2016-03-11,2.8344056606292725,6.429999828338623,6.159999847412109,6.429999828338623,6.159999847412109,1515500,DHT,Tanker,2026-09-22
2016-03-14,2.8079569339752197,6.369999885559082,6.429999828338623,6.449999809265137,6.309999942779541,1186600,DHT,Tanker,2026-09-22
2016-03-15,2.7506511211395264,6.239999771118164,6.320000171661377,6.340000152587891,6.139999866485596,1620100,DHT,Tanker,2026-09-22
2016-03-16,2.7859156131744385,6.320000171661377,6.21999979019165,6.480000019073486,6.210000038146973,2132700,DHT,Tanker,2026-09-22
2016-03-17,2.777099370956421,6.300000190734863,6.340000152587891,6.440000057220459,6.25,1713600,DHT,Tanker,2026-09-22
2016-03-18,2.697753667831421,6.119999885559082,6.340000152587891,6.340000152587891,5.960000038146973,2577000,DHT,Tanker,2026-09-22
2016-03-21,2.556694507598877,5.800000190734863,6.079999923706055,6.159999847412109,5.710000038146973,2238100,DHT,Tanker,2026-09-22
2016-03-22,2.517022132873535,5.710000038146973,5.760000228881836,5.789999961853027,5.659999847412109,1840700,DHT,Tanker,2026-09-22
2016-03-23,2.428860664367676,5.510000228881836,5.730000019073486,5.769999980926514,5.389999866485596,2566300,DHT,Tanker,2026-09-22
2016-03-24,2.525838851928711,5.730000019073486,5.489999771118164,5.730000019073486,5.389999866485596,1713500,DHT,Tanker,2026-09-22
2016-03-28,2.464125156402588,5.590000152587891,5.730000019073486,5.75,5.5,1722200,DHT,Tanker,2026-09-22
2016-03-29,2.4685325622558594,5.599999904632568,5.519999980926514,5.670000076293945,5.420000076293945,1864900,DHT,Tanker,2026-09-22
2016-03-30,2.569920063018799,5.829999923706055,5.659999847412109,5.929999828338623,5.610000133514404,2469900,DHT,Tanker,2026-09-22
2016-03-31,2.539062261581421,5.760000228881836,5.840000152587891,5.96999979019165,5.710000038146973,2595100,DHT,Tanker,2026-09-22
2016-04-01,2.503798007965088,5.679999828338623,5.71999979019165,5.769999980926514,5.610000133514404,1210500,DHT,Tanker,2026-09-22
2016-04-04,2.4464924335479736,5.550000190734863,5.699999809265137,5.739999771118164,5.550000190734863,1372700,DHT,Tanker,2026-09-22
2016-04-05,2.4685325622558594,5.599999904632568,5.519999980926514,5.630000114440918,5.489999771118164,1674300,DHT,Tanker,2026-09-22
2016-04-06,2.4773495197296143,5.619999885559082,5.630000114440918,5.650000095367432,5.489999771118164,1531300,DHT,Tanker,2026-09-22
2016-04-07,2.4376766681671143,5.53000020980835,5.539999961853027,5.610000133514404,5.489999771118164,1453700,DHT,Tanker,2026-09-22
2016-04-08,2.4376766681671143,5.53000020980835,5.579999923706055,5.590000152587891,5.449999809265137,1717100,DHT,Tanker,2026-09-22
2016-04-11,2.517022132873535,5.710000038146973,5.559999942779541,5.789999961853027,5.550000190734863,1644800,DHT,Tanker,2026-09-22
2016-04-12,2.565511465072632,5.820000171661377,5.739999771118164,5.929999828338623,5.730000019073486,1489700,DHT,Tanker,2026-09-22
2016-04-13,2.605184316635132,5.909999847412109,5.840000152587891,5.980000019073486,5.789999961853027,1827800,DHT,Tanker,2026-09-22
2016-04-14,2.596367359161377,5.889999866485596,5.920000076293945,6.0,5.809999942779541,1648300,DHT,Tanker,2026-09-22
2016-04-15,2.5126142501831055,5.699999809265137,5.880000114440918,5.909999847412109,5.679999828338623,3166100,DHT,Tanker,2026-09-22
2016-04-18,2.640448570251465,5.989999771118164,5.679999828338623,6.019999980926514,5.670000076293945,1695200,DHT,Tanker,2026-09-22
2016-04-19,2.6095926761627197,5.920000076293945,6.0,6.099999904632568,5.860000133514404,2453200,DHT,Tanker,2026-09-22
2016-04-20,2.622816801071167,5.949999809265137,5.940000057220459,6.010000228881836,5.880000114440918,1429200,DHT,Tanker,2026-09-22
2016-04-21,2.605184316635132,5.909999847412109,5.949999809265137,5.960000038146973,5.75,1091400,DHT,Tanker,2026-09-22
2016-04-22,2.618408203125,5.940000057220459,5.929999828338623,6.0,5.889999866485596,1007000,DHT,Tanker,2026-09-22
2016-04-25,2.5743274688720703,5.840000152587891,5.980000019073486,6.079999923706055,5.71999979019165,2528600,DHT,Tanker,2026-09-22
2016-04-26,2.605184316635132,5.909999847412109,5.909999847412109,5.940000057220459,5.789999961853027,1683100,DHT,Tanker,2026-09-22
2016-04-27,2.622816801071167,5.949999809265137,5.96999979019165,6.019999980926514,5.920000076293945,2089100,DHT,Tanker,2026-09-22
2016-04-28,2.596367359161377,5.889999866485596,5.940000057220459,5.96999979019165,5.820000171661377,2353400,DHT,Tanker,2026-09-22
2016-04-29,2.5302464962005615,5.739999771118164,5.929999828338623,5.96999979019165,5.630000114440918,3391500,DHT,Tanker,2026-09-22
2016-05-02,2.5522868633270264,5.789999961853027,5.75,5.800000190734863,5.559999942779541,2369800,DHT,Tanker,2026-09-22
2016-05-03,2.4729413986206055,5.610000133514404,5.920000076293945,5.949999809265137,5.599999904632568,3668100,DHT,Tanker,2026-09-22
2016-05-04,2.433267593383789,5.519999980926514,5.690000057220459,5.710000038146973,5.5,5096700,DHT,Tanker,2026-09-22
2016-05-05,2.494981288909912,5.659999847412109,5.599999904632568,5.789999961853027,5.590000152587891,2641600,DHT,Tanker,2026-09-22
2016-05-06,2.517022132873535,5.710000038146973,5.690000057220459,5.849999904632568,5.650000095367432,1996400,DHT,Tanker,2026-09-22
2016-05-09,2.622816801071167,5.949999809265137,5.789999961853027,6.0,5.75,3019900,DHT,Tanker,2026-09-22
2016-05-10,2.569920063018799,5.829999923706055,5.980000019073486,6.0,5.820000171661377,2536900,DHT,Tanker,2026-09-22
2016-05-11,2.600776433944702,5.900000095367432,5.900000095367432,5.940000057220459,5.760000228881836,4232700,DHT,Tanker,2026-09-22
2016-05-12,2.5823633670806885,5.610000133514404,5.730000019073486,5.809999942779541,5.579999923706055,2224200,DHT,Tanker,2026-09-22
2016-05-13,2.568553924560547,5.579999923706055,5.619999885559082,5.699999809265137,5.519999980926514,1411800,DHT,Tanker,2026-09-22
2016-05-16,2.5823633670806885,5.610000133514404,5.650000095367432,5.679999828338623,5.53000020980835,1535300,DHT,Tanker,2026-09-22
2016-05-17,2.550140857696533,5.539999961853027,5.599999904632568,5.679999828338623,5.539999961853027,1672500,DHT,Tanker,2026-09-22
2016-05-18,2.490300178527832,5.409999847412109,5.539999961853027,5.570000171661377,5.369999885559082,2448900,DHT,Tanker,2026-09-22
2016-05-19,2.4534757137298584,5.329999923706055,5.389999866485596,5.409999847412109,5.21999979019165,1912500,DHT,Tanker,2026-09-22
2016-05-20,2.4626824855804443,5.349999904632568,5.340000152587891,5.369999885559082,5.289999961853027,977400,DHT,Tanker,2026-09-22
2016-05-23,2.4074442386627197,5.230000019073486,5.320000171661377,5.360000133514404,5.21999979019165,1374700,DHT,Tanker,2026-09-22
2016-05-24,2.4166505336761475,5.25,5.25,5.260000228881836,5.119999885559082,1686200,DHT,Tanker,2026-09-22
2016-05-25,2.4534757137298584,5.329999923706055,5.239999771118164,5.460000038146973,5.239999771118164,2306700,DHT,Tanker,2026-09-22
2016-05-26,2.4120471477508545,5.239999771118164,5.380000114440918,5.449999809265137,5.230000019073486,1830200,DHT,Tanker,2026-09-22
2016-05-27,2.4856977462768555,5.400000095367432,5.25,5.449999809265137,5.25,2259400,DHT,Tanker,2026-09-22
2016-05-31,2.5133168697357178,5.460000038146973,5.429999828338623,5.619999885559082,5.409999847412109,3184600,DHT,Tanker,2026-09-22
2016-06-01,2.494903564453125,5.420000076293945,5.46999979019165,5.510000228881836,5.369999885559082,2632400,DHT,Tanker,2026-09-22
2016-06-02,2.494903564453125,5.420000076293945,5.420000076293945,5.449999809265137,5.329999923706055,1762900,DHT,Tanker,2026-09-22
2016-06-03,2.591569662094116,5.630000114440918,5.460000038146973,5.690000057220459,5.449999809265137,3410400,DHT,Tanker,2026-09-22
2016-06-06,2.59617280960083,5.639999866485596,5.679999828338623,5.869999885559082,5.610000133514404,3648600,DHT,Tanker,2026-09-22
2016-06-07,2.591569662094116,5.630000114440918,5.659999847412109,5.760000228881836,5.630000114440918,2852100,DHT,Tanker,2026-09-22
2016-06-08,2.679029703140259,5.820000171661377,5.639999866485596,5.869999885559082,5.639999866485596,5303700,DHT,Tanker,2026-09-22
2016-06-09,2.6007766723632812,5.650000095367432,5.75,5.769999980926514,5.650000095367432,2097100,DHT,Tanker,2026-09-22
2016-06-10,2.550140857696533,5.539999961853027,5.650000095367432,5.699999809265137,5.5,2269700,DHT,Tanker,2026-09-22
2016-06-13,2.5409343242645264,5.519999980926514,5.610000133514404,5.650000095367432,5.449999809265137,2715100,DHT,Tanker,2026-09-22
2016-06-14,2.4212534427642822,5.260000228881836,5.539999961853027,5.570000171661377,5.25,3263300,DHT,Tanker,2026-09-22
2016-06-15,2.3660166263580322,5.139999866485596,5.300000190734863,5.360000133514404,5.139999866485596,2724100,DHT,Tanker,2026-09-22
2016-06-16,2.3107776641845703,5.019999980926514,5.139999866485596,5.210000038146973,4.949999809265137,3581300,DHT,Tanker,2026-09-22
2016-06-17,2.329190254211426,5.059999942779541,5.059999942779541,5.190000057220459,5.050000190734863,2957900,DHT,Tanker,2026-09-22
2016-06-20,2.4074442386627197,5.230000019073486,5.190000057220459,5.300000190734863,5.139999866485596,1825900,DHT,Tanker,2026-09-22
2016-06-21,2.370619535446167,5.150000095367432,5.210000038146973,5.21999979019165,5.079999923706055,2473700,DHT,Tanker,2026-09-22
2016-06-22,2.3752217292785645,5.159999847412109,5.150000095367432,5.199999809265137,5.119999885559082,1130400,DHT,Tanker,2026-09-22
2016-06-23,2.4120471477508545,5.239999771118164,5.199999809265137,5.300000190734863,5.199999809265137,1468000,DHT,Tanker,2026-09-22
2016-06-24,2.3660166263580322,5.139999866485596,4.96999979019165,5.25,4.96999979019165,2805400,DHT,Tanker,2026-09-22
2016-06-27,2.2877626419067383,4.96999979019165,5.139999866485596,5.150000095367432,4.949999809265137,3440500,DHT,Tanker,2026-09-22
2016-06-28,2.3107776641845703,5.019999980926514,5.099999904632568,5.150000095367432,5.0,2569300,DHT,Tanker,2026-09-22
2016-06-29,2.3245880603790283,5.050000190734863,5.050000190734863,5.119999885559082,5.019999980926514,2800500,DHT,Tanker,2026-09-22
2016-06-30,2.315380811691284,5.03000020980835,5.050000190734863,5.079999923706055,4.989999771118164,2273100,DHT,Tanker,2026-09-22
2016-07-01,2.3476037979125977,5.099999904632568,5.019999980926514,5.150000095367432,5.019999980926514,2133200,DHT,Tanker,2026-09-22
2016-07-05,2.255540370941162,4.900000095367432,5.070000171661377,5.099999904632568,4.900000095367432,2511600,DHT,Tanker,2026-09-22
2016-07-06,2.2877626419067383,4.96999979019165,4.920000076293945,5.0,4.78000020980835,2308600,DHT,Tanker,2026-09-22
2016-07-07,2.1036362648010254,4.570000171661377,4.960000038146973,4.980000019073486,4.559999942779541,4833700,DHT,Tanker,2026-09-22
2016-07-08,2.186493396759033,4.75,4.599999904632568,4.829999923706055,4.599999904632568,2638600,DHT,Tanker,2026-09-22
2016-07-11,2.2049062252044678,4.789999961853027,4.75,4.889999866485596,4.75,2274000,DHT,Tanker,2026-09-22
2016-07-12,2.2785558700561523,4.949999809265137,4.880000114440918,5.0,4.829999923706055,2504700,DHT,Tanker,2026-09-22
2016-07-13,2.26474666595459,4.920000076293945,5.019999980926514,5.079999923706055,4.889999866485596,2140700,DHT,Tanker,2026-09-22
2016-07-14,2.2463345527648926,4.880000114440918,5.0,5.010000228881836,4.880000114440918,1624300,DHT,Tanker,2026-09-22
2016-07-15,2.223318099975586,4.829999923706055,4.900000095367432,4.940000057220459,4.820000171661377,1498000,DHT,Tanker,2026-09-22
2016-07-18,2.2877626419067383,4.96999979019165,4.849999904632568,4.989999771118164,4.820000171661377,1498700,DHT,Tanker,2026-09-22
2016-07-19,2.26474666595459,4.920000076293945,4.949999809265137,4.96999979019165,4.880000114440918,1237200,DHT,Tanker,2026-09-22
2016-07-20,2.3061749935150146,5.010000228881836,4.900000095367432,5.03000020980835,4.849999904632568,1499800,DHT,Tanker,2026-09-22
2016-07-21,2.329190254211426,5.059999942779541,5.019999980926514,5.139999866485596,5.010000228881836,1871600,DHT,Tanker,2026-09-22
2016-07-22,2.2831592559814453,4.960000038146973,5.059999942779541,5.099999904632568,4.960000038146973,1548400,DHT,Tanker,2026-09-22
2016-07-25,2.260143756866455,4.909999847412109,4.96999979019165,4.989999771118164,4.900000095367432,1538100,DHT,Tanker,2026-09-22
2016-07-26,2.2095093727111816,4.800000190734863,4.840000152587891,4.889999866485596,4.760000228881836,2616400,DHT,Tanker,2026-09-22
2016-07-27,2.1680805683135986,4.710000038146973,4.789999961853027,4.869999885559082,4.710000038146973,1958700,DHT,Tanker,2026-09-22
2016-07-28,2.1496682167053223,4.670000076293945,4.71999979019165,4.739999771118164,4.599999904632568,1771800,DHT,Tanker,2026-09-22
2016-07-29,2.1450648307800293,4.659999847412109,4.670000076293945,4.739999771118164,4.639999866485596,1949200,DHT,Tanker,2026-09-22
2016-08-01,2.1082396507263184,4.579999923706055,4.650000095367432,4.670000076293945,4.550000190734863,2251400,DHT,Tanker,2026-09-22
2016-08-02,2.089827537536621,4.539999961853027,4.579999923706055,4.679999828338623,4.489999771118164,2631100,DHT,Tanker,2026-09-22
2016-08-03,2.1818902492523193,4.739999771118164,4.550000190734863,4.739999771118164,4.53000020980835,2307500,DHT,Tanker,2026-09-22
2016-08-04,2.191096782684326,4.760000228881836,4.800000190734863,4.829999923706055,4.679999828338623,2776300,DHT,Tanker,2026-09-22
2016-08-05,2.2463345527648926,4.880000114440918,4.769999980926514,4.909999847412109,4.75,2094100,DHT,Tanker,2026-09-22
2016-08-08,2.2417311668395996,4.869999885559082,4.880000114440918,4.96999979019165,4.849999904632568,2317300,DHT,Tanker,2026-09-22
2016-08-09,2.2095093727111816,4.800000190734863,4.920000076293945,4.929999828338623,4.789999961853027,2089400,DHT,Tanker,2026-09-22
2016-08-10,2.3660166263580322,5.139999866485596,5.179999828338623,5.199999809265137,5.03000020980835,5746300,DHT,Tanker,2026-09-22
2016-08-11,2.3798253536224365,5.170000076293945,5.190000057220459,5.190000057220459,5.110000133514404,2536500,DHT,Tanker,2026-09-22
2016-08-12,2.3660166263580322,5.139999866485596,5.130000114440918,5.170000076293945,5.070000171661377,2168900,DHT,Tanker,2026-09-22
2016-08-15,2.4626824855804443,5.349999904632568,5.25,5.400000095367432,5.199999809265137,4106500,DHT,Tanker,2026-09-22
2016-08-16,2.4764914512634277,5.380000114440918,5.420000076293945,5.460000038146973,5.300000190734863,3083400,DHT,Tanker,2026-09-22
2016-08-17,2.4488728046417236,5.320000171661377,5.400000095367432,5.420000076293945,5.25,2337600,DHT,Tanker,2026-09-22
2016-08-18,2.4856977462768555,5.400000095367432,5.360000133514404,5.400000095367432,5.320000171661377,2494400,DHT,Tanker,2026-09-22
2016-08-19,2.494903564453125,5.420000076293945,5.400000095367432,5.46999979019165,5.349999904632568,3685000,DHT,Tanker,2026-09-22
2016-08-22,2.4227969646453857,5.039999961853027,5.130000114440918,5.190000057220459,5.039999961853027,2503800,DHT,Tanker,2026-09-22
2016-08-23,2.4420251846313477,5.079999923706055,5.03000020980835,5.150000095367432,5.03000020980835,1993900,DHT,Tanker,2026-09-22
2016-08-24,2.268967866897583,4.71999979019165,5.050000190734863,5.059999942779541,4.699999809265137,4996300,DHT,Tanker,2026-09-22
2016-08-25,2.1680190563201904,4.510000228881836,4.619999885559082,4.639999866485596,4.420000076293945,4114900,DHT,Tanker,2026-09-22
2016-08-26,2.134368419647217,4.440000057220459,4.510000228881836,4.590000152587891,4.409999847412109,2730800,DHT,Tanker,2026-09-22
2016-08-29,2.134368419647217,4.440000057220459,4.449999809265137,4.489999771118164,4.420000076293945,1763800,DHT,Tanker,2026-09-22
2016-08-30,2.1535966396331787,4.480000019073486,4.440000057220459,4.519999980926514,4.420000076293945,1990900,DHT,Tanker,2026-09-22
2016-08-31,2.071876287460327,4.309999942779541,4.489999771118164,4.519999980926514,4.300000190734863,2627800,DHT,Tanker,2026-09-22
2016-09-01,1.961312174797058,4.079999923706055,4.300000190734863,4.340000152587891,4.039999961853027,4624700,DHT,Tanker,2026-09-22
2016-09-02,2.0093834400177,4.179999828338623,4.090000152587891,4.28000020980835,4.090000152587891,1942000,DHT,Tanker,2026-09-22
2016-09-06,2.0189971923828125,4.199999809265137,4.199999809265137,4.320000171661377,4.159999847412109,2092300,DHT,Tanker,2026-09-22
2016-09-07,2.1247544288635254,4.420000076293945,4.230000019073486,4.519999980926514,4.230000019073486,3786400,DHT,Tanker,2026-09-22
2016-09-08,2.1680190563201904,4.510000228881836,4.449999809265137,4.570000171661377,4.440000057220459,1963800,DHT,Tanker,2026-09-22
2016-09-09,2.047839879989624,4.260000228881836,4.5,4.5,4.260000228881836,2631700,DHT,Tanker,2026-09-22
2016-09-12,2.0622613430023193,4.289999961853027,4.25,4.389999866485596,4.239999771118164,2731300,DHT,Tanker,2026-09-22
2016-09-13,2.0189971923828125,4.199999809265137,4.269999980926514,4.289999961853027,4.099999904632568,3956400,DHT,Tanker,2026-09-22
2016-09-14,1.961312174797058,4.079999923706055,4.210000038146973,4.21999979019165,4.079999923706055,3021400,DHT,Tanker,2026-09-22
2016-09-15,1.9372761249542236,4.03000020980835,4.090000152587891,4.139999866485596,4.03000020980835,3084100,DHT,Tanker,2026-09-22
2016-09-16,1.9997682571411133,4.159999847412109,4.03000020980835,4.190000057220459,4.019999980926514,1999300,DHT,Tanker,2026-09-22
2016-09-19,2.0238046646118164,4.210000038146973,4.21999979019165,4.289999961853027,4.179999828338623,1700000,DHT,Tanker,2026-09-22
2016-09-20,1.9757333993911743,4.110000133514404,4.210000038146973,4.25,4.099999904632568,1188200,DHT,Tanker,2026-09-22
2016-09-21,1.9901542663574219,4.139999866485596,4.170000076293945,4.239999771118164,4.119999885559082,1499300,DHT,Tanker,2026-09-22
2016-09-22,2.028611421585083,4.21999979019165,4.210000038146973,4.239999771118164,4.170000076293945,934200,DHT,Tanker,2026-09-22
2016-09-23,2.0045759677886963,4.170000076293945,4.230000019073486,4.260000228881836,4.119999885559082,1261700,DHT,Tanker,2026-09-22
2016-09-26,1.961312174797058,4.079999923706055,4.199999809265137,4.25,4.070000171661377,1303000,DHT,Tanker,2026-09-22
2016-09-27,1.9853476285934448,4.130000114440918,4.099999904632568,4.159999847412109,4.019999980926514,1737200,DHT,Tanker,2026-09-22
2016-09-28,1.9997682571411133,4.159999847412109,4.179999828338623,4.300000190734863,4.110000133514404,2117800,DHT,Tanker,2026-09-22
2016-09-29,1.9468905925750732,4.050000190734863,4.170000076293945,4.190000057220459,4.0,3171700,DHT,Tanker,2026-09-22
2016-09-30,2.014190196990967,4.190000057220459,4.099999904632568,4.21999979019165,4.050000190734863,3473000,DHT,Tanker,2026-09-22
2016-10-03,1.966119408607483,4.090000152587891,4.150000095367432,4.150000095367432,4.010000228881836,2192800,DHT,Tanker,2026-09-22
2016-10-04,1.9805402755737305,4.119999885559082,4.110000133514404,4.190000057220459,4.090000152587891,1343500,DHT,Tanker,2026-09-22
2016-10-05,2.0045759677886963,4.170000076293945,4.179999828338623,4.269999980926514,4.159999847412109,2388900,DHT,Tanker,2026-09-22
2016-10-06,2.1199469566345215,4.409999847412109,4.21999979019165,4.429999828338623,4.21999979019165,2866000,DHT,Tanker,2026-09-22
2016-10-07,2.1055257320404053,4.380000114440918,4.409999847412109,4.46999979019165,4.349999904632568,1423200,DHT,Tanker,2026-09-22
2016-10-10,2.1151394844055176,4.400000095367432,4.409999847412109,4.46999979019165,4.349999904632568,1569600,DHT,Tanker,2026-09-22
2016-10-11,2.0814900398254395,4.329999923706055,4.400000095367432,4.429999828338623,4.269999980926514,1446500,DHT,Tanker,2026-09-22
2016-10-12,2.0238046646118164,4.210000038146973,4.340000152587891,4.340000152587891,4.170000076293945,1099800,DHT,Tanker,2026-09-22
2016-10-13,2.0045759677886963,4.170000076293945,4.170000076293945,4.289999961853027,4.159999847412109,1491100,DHT,Tanker,2026-09-22
2016-10-14,2.0189971923828125,4.199999809265137,4.239999771118164,4.309999942779541,4.159999847412109,1622000,DHT,Tanker,2026-09-22
2016-10-17,2.0189971923828125,4.199999809265137,4.230000019073486,4.260000228881836,4.170000076293945,1595700,DHT,Tanker,2026-09-22
2016-10-18,2.1055257320404053,4.380000114440918,4.260000228881836,4.400000095367432,4.230000019073486,1440000,DHT,Tanker,2026-09-22
2016-10-19,2.1247544288635254,4.420000076293945,4.429999828338623,4.619999885559082,4.380000114440918,3131900,DHT,Tanker,2026-09-22
2016-10-20,2.1007187366485596,4.369999885559082,4.449999809265137,4.5,4.360000133514404,1089900,DHT,Tanker,2026-09-22
2016-10-21,2.1055257320404053,4.380000114440918,4.329999923706055,4.449999809265137,4.320000171661377,760600,DHT,Tanker,2026-09-22
2016-10-24,2.095911741256714,4.360000133514404,4.409999847412109,4.489999771118164,4.320000171661377,1338500,DHT,Tanker,2026-09-22
2016-10-25,2.1007187366485596,4.369999885559082,4.360000133514404,4.420000076293945,4.329999923706055,933200,DHT,Tanker,2026-09-22
2016-10-26,2.052647113800049,4.269999980926514,4.349999904632568,4.360000133514404,4.199999809265137,1696600,DHT,Tanker,2026-09-22
2016-10-27,2.0189971923828125,4.199999809265137,4.300000190734863,4.300000190734863,4.199999809265137,948300,DHT,Tanker,2026-09-22
2016-10-28,1.9805402755737305,4.119999885559082,4.179999828338623,4.199999809265137,4.059999942779541,1719100,DHT,Tanker,2026-09-22
2016-10-31,1.9565045833587646,4.070000171661377,4.099999904632568,4.130000114440918,4.039999961853027,1534900,DHT,Tanker,2026-09-22
2016-11-01,1.91323983669281,3.9800000190734863,4.139999866485596,4.400000095367432,3.9100000858306885,3761500,DHT,Tanker,2026-09-22
2016-11-02,1.6248118877410889,3.380000114440918,3.450000047683716,3.6500000953674316,3.2899999618530273,11900900,DHT,Tanker,2026-09-22
2016-11-03,1.735376238822937,3.609999895095825,3.549999952316284,3.6500000953674316,3.430000066757202,4571700,DHT,Tanker,2026-09-22
2016-11-04,1.764218807220459,3.6700000762939453,3.569999933242798,3.7200000286102295,3.5,3608200,DHT,Tanker,2026-09-22
2016-11-07,1.725761890411377,3.5899999141693115,3.7200000286102295,3.740000009536743,3.559999942779541,2660900,DHT,Tanker,2026-09-22
2016-11-08,1.6824979782104492,3.5,3.549999952316284,3.569999933242798,3.450000047683716,2386500,DHT,Tanker,2026-09-22
2016-11-09,1.716147780418396,3.569999933242798,3.319999933242798,3.5999999046325684,3.299999952316284,2847200,DHT,Tanker,2026-09-22
2016-11-10,1.7738337516784668,3.690000057220459,3.5799999237060547,3.7899999618530273,3.5799999237060547,1962500,DHT,Tanker,2026-09-22
2016-11-11,1.7738337516784668,3.690000057220459,3.7200000286102295,3.759999990463257,3.619999885559082,1827900,DHT,Tanker,2026-09-22
2016-11-14,1.78350031375885,3.690000057220459,3.740000009536743,3.7799999713897705,3.6600000858306885,1176100,DHT,Tanker,2026-09-22
2016-11-15,1.78350031375885,3.690000057220459,3.690000057220459,3.7200000286102295,3.5999999046325684,1481300,DHT,Tanker,2026-09-22
2016-11-16,1.8994996547698975,3.930000066757202,3.6600000858306885,3.9600000381469727,3.640000104904175,3289200,DHT,Tanker,2026-09-22
2016-11-17,1.8318332433700562,3.7899999618530273,3.990000009536743,4.03000020980835,3.7200000286102295,2038100,DHT,Tanker,2026-09-22
2016-11-18,1.8270001411437988,3.7799999713897705,3.7899999618530273,3.799999952316284,3.7100000381469727,1318000,DHT,Tanker,2026-09-22
2016-11-21,1.972000241279602,4.079999923706055,3.75,4.079999923706055,3.75,2981400,DHT,Tanker,2026-09-22
2016-11-22,1.9285001754760742,3.990000009536743,4.079999923706055,4.079999923706055,3.930000066757202,2065300,DHT,Tanker,2026-09-22
2016-11-23,1.8849998712539673,3.9000000953674316,3.880000114440918,3.9700000286102295,3.859999895095825,1537000,DHT,Tanker,2026-09-22
2016-11-25,1.8560000658035278,3.8399999141693115,3.8299999237060547,3.9200000762939453,3.7899999618530273,1077700,DHT,Tanker,2026-09-22
2016-11-28,1.8704994916915894,3.869999885559082,3.7899999618530273,3.869999885559082,3.7699999809265137,1719900,DHT,Tanker,2026-09-22
2016-11-29,1.836666464805603,3.799999952316284,3.8499999046325684,3.890000104904175,3.75,1971200,DHT,Tanker,2026-09-22
2016-11-30,1.7158334255218506,3.549999952316284,3.819999933242798,3.9200000762939453,3.5,4878000,DHT,Tanker,2026-09-22
2016-12-01,1.7206666469573975,3.559999942779541,3.5,3.630000114440918,3.440000057220459,4797600,DHT,Tanker,2026-09-22
2016-12-02,1.7254997491836548,3.569999933242798,3.549999952316284,3.619999885559082,3.5399999618530273,1569800,DHT,Tanker,2026-09-22
2016-12-05,1.7303332090377808,3.5799999237060547,3.5299999713897705,3.6700000762939453,3.509999990463257,1193600,DHT,Tanker,2026-09-22
2016-12-06,1.7158334255218506,3.549999952316284,3.569999933242798,3.630000114440918,3.5299999713897705,3030700,DHT,Tanker,2026-09-22
2016-12-07,1.739999771118164,3.5999999046325684,3.549999952316284,3.6500000953674316,3.5399999618530273,2343200,DHT,Tanker,2026-09-22
2016-12-08,1.9043328762054443,3.940000057220459,3.630000114440918,4.010000228881836,3.630000114440918,4456600,DHT,Tanker,2026-09-22
2016-12-09,1.943000078201294,4.019999980926514,3.940000057220459,4.099999904632568,3.8399999141693115,3900600,DHT,Tanker,2026-09-22
2016-12-12,1.8076667785644531,3.740000009536743,4.019999980926514,4.019999980926514,3.7100000381469727,2620600,DHT,Tanker,2026-09-22
2016-12-13,1.8656665086746216,3.859999895095825,3.75,3.9000000953674316,3.740000009536743,1687600,DHT,Tanker,2026-09-22
2016-12-14,1.812499761581421,3.75,3.819999933242798,3.940000057220459,3.7300000190734863,1898200,DHT,Tanker,2026-09-22
2016-12-15,1.8801672458648682,3.890000104904175,3.7100000381469727,3.9000000953674316,3.690000057220459,1886900,DHT,Tanker,2026-09-22
2016-12-16,1.8801672458648682,3.890000104904175,3.940000057220459,3.990000009536743,3.8499999046325684,1563000,DHT,Tanker,2026-09-22
2016-12-19,1.8414993286132812,3.809999942779541,3.8399999141693115,3.9100000858306885,3.7799999713897705,1156100,DHT,Tanker,2026-09-22
2016-12-20,1.9139999151229858,3.9600000381469727,3.880000114440918,3.9800000190734863,3.819999933242798,2424900,DHT,Tanker,2026-09-22
2016-12-21,1.9526668787002563,4.039999961853027,3.950000047683716,4.059999942779541,3.950000047683716,2070400,DHT,Tanker,2026-09-22
2016-12-22,2.010666847229004,4.159999847412109,4.050000190734863,4.190000057220459,4.039999961853027,2406800,DHT,Tanker,2026-09-22
2016-12-23,2.005833148956299,4.150000095367432,4.159999847412109,4.179999828338623,4.090000152587891,1849200,DHT,Tanker,2026-09-22
2016-12-27,1.996166467666626,4.130000114440918,4.139999866485596,4.139999866485596,4.059999942779541,1117000,DHT,Tanker,2026-09-22
2016-12-28,2.010666847229004,4.159999847412109,4.110000133514404,4.179999828338623,4.090000152587891,1561700,DHT,Tanker,2026-09-22
2016-12-29,2.0154998302459717,4.170000076293945,4.139999866485596,4.179999828338623,4.059999942779541,1926700,DHT,Tanker,2026-09-22
2016-12-30,2.000999927520752,4.139999866485596,4.099999904632568,4.199999809265137,4.099999904632568,1893400,DHT,Tanker,2026-09-22
2017-01-03,2.13633394241333,4.420000076293945,4.190000057220459,4.429999828338623,4.170000076293945,2625800,DHT,Tanker,2026-09-22
2017-01-04,2.0976665019989014,4.340000152587891,4.449999809265137,4.449999809265137,4.260000228881836,3432700,DHT,Tanker,2026-09-22
2017-01-05,2.0203332901000977,4.179999828338623,4.340000152587891,4.389999866485596,4.170000076293945,1456000,DHT,Tanker,2026-09-22
2017-01-06,1.9865000247955322,4.110000133514404,4.170000076293945,4.190000057220459,4.059999942779541,1441500,DHT,Tanker,2026-09-22
2017-01-09,1.94783353805542,4.03000020980835,4.099999904632568,4.150000095367432,3.990000009536743,1635500,DHT,Tanker,2026-09-22
2017-01-10,1.9043328762054443,3.940000057220459,4.059999942779541,4.079999923706055,3.940000057220459,1359600,DHT,Tanker,2026-09-22
2017-01-11,1.9381663799285889,4.010000228881836,3.940000057220459,4.070000171661377,3.940000057220459,1078100,DHT,Tanker,2026-09-22
2017-01-12,1.9381663799285889,4.010000228881836,4.03000020980835,4.070000171661377,3.9200000762939453,841600,DHT,Tanker,2026-09-22
2017-01-13,1.9285001754760742,3.990000009536743,3.9700000286102295,4.050000190734863,3.9700000286102295,746500,DHT,Tanker,2026-09-22
2017-01-17,1.9768338203430176,4.090000152587891,3.9700000286102295,4.110000133514404,3.9600000381469727,1279000,DHT,Tanker,2026-09-22
2017-01-18,2.044499635696411,4.230000019073486,4.079999923706055,4.239999771118164,4.050000190734863,8172900,DHT,Tanker,2026-09-22
2017-01-19,2.068666696548462,4.28000020980835,4.230000019073486,4.320000171661377,4.230000019073486,1765100,DHT,Tanker,2026-09-22
2017-01-20,2.126666307449341,4.400000095367432,4.28000020980835,4.400000095367432,4.28000020980835,2772700,DHT,Tanker,2026-09-22
2017-01-23,2.1121666431427,4.369999885559082,4.349999904632568,4.400000095367432,4.300000190734863,2013700,DHT,Tanker,2026-09-22
2017-01-24,2.1314992904663086,4.409999847412109,4.369999885559082,4.420000076293945,4.309999942779541,1244400,DHT,Tanker,2026-09-22
2017-01-25,2.126666307449341,4.400000095367432,4.329999923706055,4.409999847412109,4.320000171661377,2140300,DHT,Tanker,2026-09-22
2017-01-26,2.126666307449341,4.400000095367432,4.349999904632568,4.409999847412109,4.340000152587891,2783700,DHT,Tanker,2026-09-22
2017-01-27,2.0638325214385986,4.269999980926514,4.360000133514404,4.389999866485596,4.269999980926514,1384400,DHT,Tanker,2026-09-22
2017-01-30,2.2281665802001953,4.610000133514404,4.769999980926514,4.860000133514404,4.510000228881836,7885300,DHT,Tanker,2026-09-22
2017-01-31,2.2668328285217285,4.690000057220459,4.78000020980835,4.809999942779541,4.610000133514404,5845300,DHT,Tanker,2026-09-22
2017-02-01,2.3538331985473633,4.869999885559082,4.71999979019165,4.869999885559082,4.710000038146973,3041300,DHT,Tanker,2026-09-22
2017-02-02,2.310333728790283,4.78000020980835,4.809999942779541,4.920000076293945,4.739999771118164,2349300,DHT,Tanker,2026-09-22
2017-02-03,2.373166561126709,4.909999847412109,4.800000190734863,4.929999828338623,4.800000190734863,2170700,DHT,Tanker,2026-09-22
2017-02-06,2.3345000743865967,4.829999923706055,4.900000095367432,5.019999980926514,4.769999980926514,2366500,DHT,Tanker,2026-09-22
2017-02-07,2.3779995441436768,4.920000076293945,4.800000190734863,4.980000019073486,4.800000190734863,1885200,DHT,Tanker,2026-09-22
2017-02-08,2.368332624435425,4.900000095367432,4.920000076293945,4.949999809265137,4.829999923706055,1123800,DHT,Tanker,2026-09-22
2017-02-09,2.368332624435425,4.900000095367432,4.900000095367432,4.909999847412109,4.800000190734863,1686600,DHT,Tanker,2026-09-22
2017-02-10,2.417468547821045,4.920000076293945,4.889999866485596,4.980000019073486,4.869999885559082,1633900,DHT,Tanker,2026-09-22
2017-02-13,2.407641649246216,4.900000095367432,4.960000038146973,4.989999771118164,4.840000152587891,957200,DHT,Tanker,2026-09-22
2017-02-14,2.3929009437561035,4.869999885559082,4.829999923706055,4.889999866485596,4.769999980926514,1382600,DHT,Tanker,2026-09-22
2017-02-15,2.35359263420105,4.789999961853027,4.849999904632568,4.860000133514404,4.730000019073486,1227200,DHT,Tanker,2026-09-22
2017-02-16,2.3388521671295166,4.760000228881836,4.75,4.800000190734863,4.71999979019165,762000,DHT,Tanker,2026-09-22
2017-02-17,2.35359263420105,4.789999961853027,4.75,4.800000190734863,4.639999866485596,784600,DHT,Tanker,2026-09-22
2017-02-21,2.3879873752593994,4.860000133514404,4.789999961853027,4.920000076293945,4.78000020980835,994000,DHT,Tanker,2026-09-22
2017-02-22,2.3929009437561035,4.869999885559082,4.849999904632568,4.880000114440918,4.739999771118164,1114900,DHT,Tanker,2026-09-22
2017-02-23,2.35359263420105,4.789999961853027,4.880000114440918,4.900000095367432,4.78000020980835,1647100,DHT,Tanker,2026-09-22
2017-02-24,2.3339381217956543,4.75,4.75,4.769999980926514,4.650000095367432,1081000,DHT,Tanker,2026-09-22
2017-02-27,2.294630527496338,4.670000076293945,4.739999771118164,4.760000228881836,4.659999847412109,1414800,DHT,Tanker,2026-09-22
2017-02-28,2.2749760150909424,4.630000114440918,4.699999809265137,4.730000019073486,4.619999885559082,2079400,DHT,Tanker,2026-09-22
2017-03-01,2.427295684814453,4.940000057220459,4.690000057220459,4.949999809265137,4.570000171661377,3114500,DHT,Tanker,2026-09-22
2017-03-02,2.456777334213257,5.0,4.909999847412109,5.039999961853027,4.849999904632568,2690400,DHT,Tanker,2026-09-22
2017-03-03,2.461690902709961,5.010000228881836,4.980000019073486,5.070000171661377,4.960000038146973,1339200,DHT,Tanker,2026-09-22
2017-03-06,2.466603994369507,5.019999980926514,4.980000019073486,5.039999961853027,4.929999828338623,1226800,DHT,Tanker,2026-09-22
2017-03-07,2.4322094917297363,4.949999809265137,4.960000038146973,5.0,4.940000057220459,575500,DHT,Tanker,2026-09-22
2017-03-08,2.4518637657165527,4.989999771118164,5.0,5.039999961853027,4.949999809265137,1755900,DHT,Tanker,2026-09-22
2017-03-09,2.4518637657165527,4.989999771118164,4.989999771118164,5.019999980926514,4.960000038146973,1044200,DHT,Tanker,2026-09-22
2017-03-10,2.466603994369507,5.019999980926514,4.989999771118164,5.070000171661377,4.989999771118164,936200,DHT,Tanker,2026-09-22
2017-03-13,2.4322094917297363,4.949999809265137,5.019999980926514,5.090000152587891,4.949999809265137,1186100,DHT,Tanker,2026-09-22
2017-03-14,2.4518637657165527,4.989999771118164,4.940000057220459,5.099999904632568,4.920000076293945,1032400,DHT,Tanker,2026-09-22
2017-03-15,2.5059127807617188,5.099999904632568,5.0,5.130000114440918,4.96999979019165,1131300,DHT,Tanker,2026-09-22
2017-03-16,2.52065372467041,5.130000114440918,5.090000152587891,5.150000095367432,5.059999942779541,927000,DHT,Tanker,2026-09-22
2017-03-17,2.3044564723968506,4.690000057220459,5.079999923706055,5.199999809265137,4.599999904632568,3791500,DHT,Tanker,2026-09-22
2017-03-20,2.4027280807495117,4.889999866485596,4.800000190734863,4.889999866485596,4.730000019073486,1037000,DHT,Tanker,2026-09-22
2017-03-21,2.3388521671295166,4.760000228881836,4.889999866485596,4.900000095367432,4.739999771118164,751000,DHT,Tanker,2026-09-22
2017-03-22,2.3879873752593994,4.860000133514404,4.730000019073486,4.889999866485596,4.71999979019165,703000,DHT,Tanker,2026-09-22
2017-03-23,2.2061855792999268,4.489999771118164,4.980000019073486,5.0,4.489999771118164,3904800,DHT,Tanker,2026-09-22
2017-03-24,2.201272487640381,4.480000019073486,4.53000020980835,4.630000114440918,4.480000019073486,1961000,DHT,Tanker,2026-09-22
2017-03-27,2.1521365642547607,4.380000114440918,4.46999979019165,4.489999771118164,4.369999885559082,1321800,DHT,Tanker,2026-09-22
2017-03-28,2.2258400917053223,4.53000020980835,4.400000095367432,4.639999866485596,4.400000095367432,1614300,DHT,Tanker,2026-09-22
2017-03-29,2.2258400917053223,4.53000020980835,4.53000020980835,4.739999771118164,4.510000228881836,1398000,DHT,Tanker,2026-09-22
2017-03-30,2.1963584423065186,4.46999979019165,4.53000020980835,4.559999942779541,4.429999828338623,1318900,DHT,Tanker,2026-09-22
2017-03-31,2.1963584423065186,4.46999979019165,4.449999809265137,4.510000228881836,4.409999847412109,2040300,DHT,Tanker,2026-09-22
2017-04-03,2.2209270000457764,4.519999980926514,4.5,4.550000190734863,4.460000038146973,865300,DHT,Tanker,2026-09-22
2017-04-04,2.2258400917053223,4.53000020980835,4.539999961853027,4.619999885559082,4.5,648800,DHT,Tanker,2026-09-22
2017-04-05,2.1423096656799316,4.360000133514404,4.550000190734863,4.590000152587891,4.349999904632568,1136600,DHT,Tanker,2026-09-22
2017-04-06,2.21109938621521,4.5,4.380000114440918,4.519999980926514,4.380000114440918,681500,DHT,Tanker,2026-09-22
2017-04-07,2.21109938621521,4.5,4.46999979019165,4.53000020980835,4.420000076293945,866600,DHT,Tanker,2026-09-22
2017-04-10,2.2798893451690674,4.639999866485596,4.480000019073486,4.659999847412109,4.46999979019165,946900,DHT,Tanker,2026-09-22
2017-04-11,2.265148162841797,4.610000133514404,4.630000114440918,4.659999847412109,4.5,657900,DHT,Tanker,2026-09-22
2017-04-12,2.201272487640381,4.480000019073486,4.599999904632568,4.639999866485596,4.460000038146973,516900,DHT,Tanker,2026-09-22
2017-04-13,2.21109938621521,4.5,4.460000038146973,4.599999904632568,4.449999809265137,722600,DHT,Tanker,2026-09-22
2017-04-17,2.270061731338501,4.619999885559082,4.510000228881836,4.619999885559082,4.460000038146973,537500,DHT,Tanker,2026-09-22
2017-04-18,2.2454943656921387,4.570000171661377,4.559999942779541,4.619999885559082,4.53000020980835,714000,DHT,Tanker,2026-09-22
2017-04-19,2.255321741104126,4.590000152587891,4.570000171661377,4.650000095367432,4.53000020980835,933800,DHT,Tanker,2026-09-22
2017-04-20,2.2848026752471924,4.650000095367432,4.619999885559082,4.71999979019165,4.599999904632568,899500,DHT,Tanker,2026-09-22
2017-04-21,2.2602345943450928,4.599999904632568,4.659999847412109,4.659999847412109,4.550000190734863,1052600,DHT,Tanker,2026-09-22
2017-04-24,2.2749760150909424,4.630000114440918,4.659999847412109,4.679999828338623,4.550000190734863,831200,DHT,Tanker,2026-09-22
2017-04-25,2.294630527496338,4.670000076293945,4.630000114440918,4.690000057220459,4.599999904632568,1265900,DHT,Tanker,2026-09-22
2017-04-26,2.368332862854004,4.820000171661377,4.800000190734863,4.840000152587891,4.769999980926514,2460000,DHT,Tanker,2026-09-22
2017-04-27,2.41255521774292,4.909999847412109,4.809999942779541,4.929999828338623,4.809999942779541,1576600,DHT,Tanker,2026-09-22
2017-04-28,2.35359263420105,4.789999961853027,4.929999828338623,4.949999809265137,4.699999809265137,961800,DHT,Tanker,2026-09-22
2017-05-01,2.3290252685546875,4.739999771118164,4.789999961853027,4.909999847412109,4.739999771118164,965900,DHT,Tanker,2026-09-22
2017-05-02,2.343766212463379,4.769999980926514,4.739999771118164,4.860000133514404,4.71999979019165,847900,DHT,Tanker,2026-09-22
2017-05-03,2.324110746383667,4.730000019073486,4.739999771118164,4.769999980926514,4.670000076293945,958900,DHT,Tanker,2026-09-22
2017-05-04,2.2454943656921387,4.570000171661377,4.71999979019165,4.730000019073486,4.539999961853027,847500,DHT,Tanker,2026-09-22
2017-05-05,2.2504069805145264,4.579999923706055,4.579999923706055,4.690000057220459,4.53000020980835,1071200,DHT,Tanker,2026-09-22
2017-05-08,2.2209270000457764,4.519999980926514,4.579999923706055,4.579999923706055,4.480000019073486,1631800,DHT,Tanker,2026-09-22
2017-05-09,2.2602345943450928,4.599999904632568,4.46999979019165,4.610000133514404,4.409999847412109,1040000,DHT,Tanker,2026-09-22
2017-05-10,2.2405807971954346,4.559999942779541,4.559999942779541,4.610000133514404,4.539999961853027,1112200,DHT,Tanker,2026-09-22
2017-05-11,2.2356672286987305,4.550000190734863,4.559999942779541,4.590000152587891,4.5,839300,DHT,Tanker,2026-09-22
2017-05-12,2.2307538986206055,4.539999961853027,4.550000190734863,4.570000171661377,4.519999980926514,706700,DHT,Tanker,2026-09-22
2017-05-15,2.2258400917053223,4.53000020980835,4.53000020980835,4.610000133514404,4.5,3775300,DHT,Tanker,2026-09-22
2017-05-16,2.098087787628174,4.269999980926514,4.539999961853027,4.579999923706055,4.25,3373700,DHT,Tanker,2026-09-22
2017-05-17,2.147223472595215,4.369999885559082,4.320000171661377,4.46999979019165,4.260000228881836,945900,DHT,Tanker,2026-09-22
2017-05-18,2.152228832244873,4.300000190734863,4.309999942779541,4.329999923706055,4.239999771118164,825600,DHT,Tanker,2026-09-22
2017-05-19,2.237316370010376,4.46999979019165,4.300000190734863,4.510000228881836,4.300000190734863,875700,DHT,Tanker,2026-09-22
2017-05-22,2.2473270893096924,4.489999771118164,4.46999979019165,4.590000152587891,4.46999979019165,846900,DHT,Tanker,2026-09-22
2017-05-23,2.207284688949585,4.409999847412109,4.489999771118164,4.5,4.389999866485596,402200,DHT,Tanker,2026-09-22
2017-05-24,2.127202033996582,4.25,4.400000095367432,4.420000076293945,4.210000038146973,911500,DHT,Tanker,2026-09-22
2017-05-25,2.1372125148773193,4.269999980926514,4.25,4.329999923706055,4.199999809265137,533300,DHT,Tanker,2026-09-22
2017-05-26,2.1372125148773193,4.269999980926514,4.289999961853027,4.300000190734863,4.25,665300,DHT,Tanker,2026-09-22
2017-05-30,2.1021764278411865,4.199999809265137,4.25,4.28000020980835,3.9700000286102295,1258900,DHT,Tanker,2026-09-22
2017-05-31,2.1121866703033447,4.21999979019165,4.179999828338623,4.289999961853027,4.090000152587891,883000,DHT,Tanker,2026-09-22
2017-06-01,2.2172954082489014,4.429999828338623,4.21999979019165,4.460000038146973,4.21999979019165,961500,DHT,Tanker,2026-09-22
2017-06-02,2.122196912765503,4.239999771118164,4.400000095367432,4.440000057220459,4.239999771118164,702400,DHT,Tanker,2026-09-22
2017-06-05,2.067140579223633,4.130000114440918,4.230000019073486,4.239999771118164,4.119999885559082,540000,DHT,Tanker,2026-09-22
2017-06-06,2.0220932960510254,4.039999961853027,4.099999904632568,4.119999885559082,4.0,805900,DHT,Tanker,2026-09-22
2017-06-07,1.9870576858520508,3.9700000286102295,4.039999961853027,4.050000190734863,3.930000066757202,854100,DHT,Tanker,2026-09-22
2017-06-08,2.0220932960510254,4.039999961853027,4.0,4.059999942779541,3.9700000286102295,776500,DHT,Tanker,2026-09-22
2017-06-09,2.0120832920074463,4.019999980926514,4.03000020980835,4.079999923706055,4.0,780300,DHT,Tanker,2026-09-22
2017-06-12,2.002072334289551,4.0,4.010000228881836,4.039999961853027,3.9700000286102295,742300,DHT,Tanker,2026-09-22
2017-06-13,2.0220932960510254,4.039999961853027,4.0,4.050000190734863,3.9700000286102295,1033900,DHT,Tanker,2026-09-22
2017-06-14,1.9970684051513672,3.990000009536743,4.03000020980835,4.039999961853027,3.930000066757202,735000,DHT,Tanker,2026-09-22
2017-06-15,1.9470160007476807,3.890000104904175,3.940000057220459,3.990000009536743,3.869999885559082,664200,DHT,Tanker,2026-09-22
2017-06-16,1.9520210027694702,3.9000000953674316,3.8399999141693115,3.9000000953674316,3.7699999809265137,1445300,DHT,Tanker,2026-09-22
2017-06-19,1.9420112371444702,3.880000114440918,3.940000057220459,3.950000047683716,3.809999942779541,926000,DHT,Tanker,2026-09-22
2017-06-20,1.8969640731811523,3.7899999618530273,3.859999895095825,3.859999895095825,3.7799999713897705,578000,DHT,Tanker,2026-09-22
2017-06-21,1.9520210027694702,3.9000000953674316,3.7799999713897705,3.9200000762939453,3.7699999809265137,1038100,DHT,Tanker,2026-09-22
2017-06-22,1.9970684051513672,3.990000009536743,3.9000000953674316,4.039999961853027,3.9000000953674316,659900,DHT,Tanker,2026-09-22
2017-06-23,2.037109375,4.070000171661377,3.9800000190734863,4.079999923706055,3.950000047683716,2322600,DHT,Tanker,2026-09-22
2017-06-26,1.9970684051513672,3.990000009536743,4.079999923706055,4.150000095367432,3.9800000190734863,1241100,DHT,Tanker,2026-09-22
2017-06-27,2.0120832920074463,4.019999980926514,3.9700000286102295,4.099999904632568,3.9700000286102295,567600,DHT,Tanker,2026-09-22
2017-06-28,2.0571305751800537,4.110000133514404,4.039999961853027,4.159999847412109,4.010000228881836,680500,DHT,Tanker,2026-09-22
2017-06-29,2.072145938873291,4.139999866485596,4.110000133514404,4.179999828338623,4.070000171661377,472000,DHT,Tanker,2026-09-22
2017-06-30,2.077150821685791,4.150000095367432,4.119999885559082,4.190000057220459,4.079999923706055,612500,DHT,Tanker,2026-09-22
2017-07-03,2.197274923324585,4.389999866485596,4.139999866485596,4.389999866485596,4.130000114440918,1018900,DHT,Tanker,2026-09-22
2017-07-05,2.167243480682373,4.329999923706055,4.380000114440918,4.380000114440918,4.239999771118164,1234300,DHT,Tanker,2026-09-22
2017-07-06,2.1772541999816895,4.349999904632568,4.309999942779541,4.380000114440918,4.25,625100,DHT,Tanker,2026-09-22
2017-07-07,2.1872646808624268,4.369999885559082,4.340000152587891,4.389999866485596,4.230000019073486,1776000,DHT,Tanker,2026-09-22
2017-07-10,2.147223472595215,4.289999961853027,4.329999923706055,4.360000133514404,4.239999771118164,564300,DHT,Tanker,2026-09-22
2017-07-11,2.147223472595215,4.289999961853027,4.260000228881836,4.300000190734863,4.170000076293945,840600,DHT,Tanker,2026-09-22
2017-07-12,2.1772541999816895,4.349999904632568,4.289999961853027,4.380000114440918,4.269999980926514,615200,DHT,Tanker,2026-09-22
2017-07-13,2.197274923324585,4.389999866485596,4.349999904632568,4.420000076293945,4.309999942779541,973800,DHT,Tanker,2026-09-22
2017-07-14,2.1822590827941895,4.360000133514404,4.409999847412109,4.440000057220459,4.320000171661377,986600,DHT,Tanker,2026-09-22
2017-07-17,2.1722488403320312,4.340000152587891,4.360000133514404,4.389999866485596,4.269999980926514,388800,DHT,Tanker,2026-09-22
2017-07-18,2.1121866703033447,4.21999979019165,4.309999942779541,4.320000171661377,4.210000038146973,553200,DHT,Tanker,2026-09-22
2017-07-19,2.0971717834472656,4.190000057220459,4.230000019073486,4.239999771118164,4.139999866485596,1006400,DHT,Tanker,2026-09-22
2017-07-20,2.077150821685791,4.150000095367432,4.199999809265137,4.21999979019165,4.099999904632568,912900,DHT,Tanker,2026-09-22
2017-07-21,2.032104015350342,4.059999942779541,4.179999828338623,4.199999809265137,4.010000228881836,1572200,DHT,Tanker,2026-09-22
2017-07-24,2.047119617462158,4.090000152587891,4.039999961853027,4.119999885559082,4.019999980926514,692200,DHT,Tanker,2026-09-22
2017-07-25,2.0621349811553955,4.119999885559082,4.099999904632568,4.199999809265137,4.070000171661377,403000,DHT,Tanker,2026-09-22
2017-07-26,2.052124500274658,4.099999904632568,4.110000133514404,4.119999885559082,4.039999961853027,613400,DHT,Tanker,2026-09-22
2017-07-27,2.0571305751800537,4.110000133514404,4.110000133514404,4.119999885559082,4.03000020980835,693800,DHT,Tanker,2026-09-22
2017-07-28,2.082155704498291,4.159999847412109,4.099999904632568,4.179999828338623,4.099999904632568,574000,DHT,Tanker,2026-09-22
2017-07-31,2.082155704498291,4.159999847412109,4.170000076293945,4.21999979019165,4.130000114440918,986800,DHT,Tanker,2026-09-22
2017-08-01,2.0170888900756836,4.03000020980835,4.150000095367432,4.179999828338623,4.03000020980835,615700,DHT,Tanker,2026-09-22
2017-08-02,2.032104015350342,4.059999942779541,4.010000228881836,4.139999866485596,4.010000228881836,338100,DHT,Tanker,2026-09-22
2017-08-03,1.977047324180603,3.950000047683716,4.059999942779541,4.099999904632568,3.940000057220459,894300,DHT,Tanker,2026-09-22
2017-08-04,2.052124500274658,4.099999904632568,3.9600000381469727,4.099999904632568,3.9600000381469727,379000,DHT,Tanker,2026-09-22
2017-08-07,2.027099132537842,4.050000190734863,4.099999904632568,4.119999885559082,4.03000020980835,425900,DHT,Tanker,2026-09-22
2017-08-08,1.9870576858520508,3.9700000286102295,4.03000020980835,4.099999904632568,3.9700000286102295,357200,DHT,Tanker,2026-09-22
2017-08-09,1.8769434690475464,3.75,4.079999923706055,4.099999904632568,3.7200000286102295,1487100,DHT,Tanker,2026-09-22
2017-08-10,1.9870576858520508,3.9700000286102295,3.799999952316284,4.090000152587891,3.799999952316284,1582000,DHT,Tanker,2026-09-22
2017-08-11,1.962031602859497,3.9200000762939453,3.880000114440918,4.0,3.880000114440918,741700,DHT,Tanker,2026-09-22
2017-08-14,1.937005639076233,3.869999885559082,3.9200000762939453,3.950000047683716,3.859999895095825,409000,DHT,Tanker,2026-09-22
2017-08-15,1.916985273361206,3.8299999237060547,3.859999895095825,3.880000114440918,3.7899999618530273,325300,DHT,Tanker,2026-09-22
2017-08-16,1.8769434690475464,3.75,3.809999942779541,3.8299999237060547,3.7300000190734863,676400,DHT,Tanker,2026-09-22
2017-08-17,1.881948471069336,3.759999990463257,3.7300000190734863,3.8499999046325684,3.700000047683716,574700,DHT,Tanker,2026-09-22
2017-08-18,1.9269952774047852,3.8499999046325684,3.75,3.869999885559082,3.690000057220459,680200,DHT,Tanker,2026-09-22
2017-08-21,1.9019694328308105,3.799999952316284,3.8399999141693115,3.8499999046325684,3.7699999809265137,476000,DHT,Tanker,2026-09-22
2017-08-22,1.9371912479400635,3.8499999046325684,3.7699999809265137,3.8499999046325684,3.740000009536743,507400,DHT,Tanker,2026-09-22
2017-08-23,1.9422224760055542,3.859999895095825,3.809999942779541,3.930000066757202,3.7699999809265137,672200,DHT,Tanker,2026-09-22
2017-08-24,1.952285885810852,3.880000114440918,3.8499999046325684,3.890000104904175,3.809999942779541,899200,DHT,Tanker,2026-09-22
2017-08-25,1.9623489379882812,3.9000000953674316,3.890000104904175,3.930000066757202,3.869999885559082,612700,DHT,Tanker,2026-09-22
2017-08-28,1.952285885810852,3.880000114440918,3.9100000858306885,3.9700000286102295,3.869999885559082,581800,DHT,Tanker,2026-09-22
2017-08-29,1.9422224760055542,3.859999895095825,3.859999895095825,3.930000066757202,3.799999952316284,558500,DHT,Tanker,2026-09-22
2017-08-30,1.8466211557388306,3.6700000762939453,3.859999895095825,3.9000000953674316,3.640000104904175,818500,DHT,Tanker,2026-09-22
2017-08-31,1.8868743181228638,3.75,3.680000066757202,3.7799999713897705,3.6700000762939453,674000,DHT,Tanker,2026-09-22
2017-09-01,1.8969377279281616,3.7699999809265137,3.7699999809265137,3.809999942779541,3.740000009536743,347700,DHT,Tanker,2026-09-22
2017-09-05,1.9070011377334595,3.7899999618530273,3.759999990463257,3.8299999237060547,3.740000009536743,531700,DHT,Tanker,2026-09-22
2017-09-06,1.9774444103240967,3.930000066757202,3.7799999713897705,3.940000057220459,3.75,539700,DHT,Tanker,2026-09-22
2017-09-07,1.9673808813095093,3.9100000858306885,3.9100000858306885,3.950000047683716,3.859999895095825,401900,DHT,Tanker,2026-09-22
2017-09-08,1.947253942489624,3.869999885559082,3.880000114440918,3.950000047683716,3.8399999141693115,336700,DHT,Tanker,2026-09-22
2017-09-11,1.927127718925476,3.8299999237060547,3.869999885559082,3.930000066757202,3.8299999237060547,418500,DHT,Tanker,2026-09-22
2017-09-12,1.9422224760055542,3.859999895095825,3.8399999141693115,3.9100000858306885,3.8299999237060547,581000,DHT,Tanker,2026-09-22
2017-09-13,1.9321601390838623,3.8399999141693115,3.859999895095825,3.9100000858306885,3.809999942779541,361100,DHT,Tanker,2026-09-22
2017-09-14,1.9724125862121582,3.9200000762939453,3.8299999237060547,3.930000066757202,3.8299999237060547,358500,DHT,Tanker,2026-09-22
2017-09-15,1.947253942489624,3.869999885559082,3.9200000762939453,3.950000047683716,3.8399999141693115,1158600,DHT,Tanker,2026-09-22
2017-09-18,1.9573180675506592,3.890000104904175,3.8499999046325684,3.930000066757202,3.819999933242798,434300,DHT,Tanker,2026-09-22
2017-09-19,2.083109140396118,4.139999866485596,3.9200000762939453,4.150000095367432,3.890000104904175,2534400,DHT,Tanker,2026-09-22
2017-09-20,2.0176970958709717,4.010000228881836,4.139999866485596,4.139999866485596,3.8499999046325684,1263000,DHT,Tanker,2026-09-22
2017-09-21,1.9724125862121582,3.9200000762939453,4.0,4.050000190734863,3.9100000858306885,428500,DHT,Tanker,2026-09-22
2017-09-22,2.0478875637054443,4.070000171661377,4.0,4.110000133514404,3.9800000190734863,714800,DHT,Tanker,2026-09-22
2017-09-25,1.997571349143982,3.9700000286102295,4.050000190734863,4.119999885559082,3.9600000381469727,417900,DHT,Tanker,2026-09-22
2017-09-26,1.9875075817108154,3.950000047683716,3.9700000286102295,4.019999980926514,3.880000114440918,678700,DHT,Tanker,2026-09-22
2017-09-27,2.0176970958709717,4.010000228881836,3.950000047683716,4.090000152587891,3.940000057220459,654700,DHT,Tanker,2026-09-22
2017-09-28,2.0126655101776123,4.0,4.0,4.079999923706055,3.950000047683716,330200,DHT,Tanker,2026-09-22
2017-09-29,2.0026028156280518,3.9800000190734863,4.019999980926514,4.03000020980835,3.9600000381469727,382600,DHT,Tanker,2026-09-22
2017-10-02,2.0126655101776123,4.0,3.9800000190734863,4.079999923706055,3.950000047683716,541000,DHT,Tanker,2026-09-22
2017-10-03,2.0529191493988037,4.079999923706055,4.019999980926514,4.090000152587891,3.990000009536743,469900,DHT,Tanker,2026-09-22
2017-10-04,2.0227293968200684,4.019999980926514,4.070000171661377,4.079999923706055,3.990000009536743,396400,DHT,Tanker,2026-09-22
2017-10-05,2.0227293968200684,4.019999980926514,4.019999980926514,4.070000171661377,4.010000228881836,200400,DHT,Tanker,2026-09-22
2017-10-06,1.9824758768081665,3.940000057220459,4.0,4.050000190734863,3.9000000953674316,344900,DHT,Tanker,2026-09-22
2017-10-09,2.007633924484253,3.990000009536743,3.9100000858306885,4.039999961853027,3.9100000858306885,426000,DHT,Tanker,2026-09-22
2017-10-10,2.027761459350586,4.03000020980835,4.010000228881836,4.050000190734863,3.9800000190734863,300600,DHT,Tanker,2026-09-22
2017-10-11,2.042856216430664,4.059999942779541,4.010000228881836,4.099999904632568,3.9800000190734863,324800,DHT,Tanker,2026-09-22
2017-10-12,2.0227293968200684,4.019999980926514,4.079999923706055,4.110000133514404,4.010000228881836,581800,DHT,Tanker,2026-09-22
2017-10-13,2.0378243923187256,4.050000190734863,4.050000190734863,4.099999904632568,4.019999980926514,288900,DHT,Tanker,2026-09-22
2017-10-16,2.0529191493988037,4.079999923706055,4.070000171661377,4.150000095367432,4.050000190734863,503700,DHT,Tanker,2026-09-22
2017-10-17,2.0529191493988037,4.079999923706055,4.059999942779541,4.130000114440918,4.010000228881836,427400,DHT,Tanker,2026-09-22
2017-10-18,2.0881409645080566,4.150000095367432,4.099999904632568,4.150000095367432,4.070000171661377,373200,DHT,Tanker,2026-09-22
2017-10-19,2.093172550201416,4.159999847412109,4.110000133514404,4.320000171661377,4.039999961853027,1167300,DHT,Tanker,2026-09-22
2017-10-20,2.042856216430664,4.059999942779541,4.190000057220459,4.239999771118164,4.0,786600,DHT,Tanker,2026-09-22
2017-10-23,1.9724125862121582,3.9200000762939453,4.059999942779541,4.079999923706055,3.9200000762939453,450800,DHT,Tanker,2026-09-22
2017-10-24,1.997571349143982,3.9700000286102295,3.9200000762939453,4.039999961853027,3.9200000762939453,448000,DHT,Tanker,2026-09-22
2017-10-25,1.9774444103240967,3.930000066757202,4.0,4.0,3.8399999141693115,393200,DHT,Tanker,2026-09-22
2017-10-26,1.9573180675506592,3.890000104904175,3.930000066757202,3.9700000286102295,3.880000114440918,279000,DHT,Tanker,2026-09-22
2017-10-27,2.0227293968200684,4.019999980926514,3.890000104904175,4.070000171661377,3.890000104904175,576800,DHT,Tanker,2026-09-22
2017-10-30,2.0478875637054443,4.070000171661377,3.990000009536743,4.090000152587891,3.990000009536743,430900,DHT,Tanker,2026-09-22
2017-10-31,1.9824758768081665,3.940000057220459,4.039999961853027,4.070000171661377,3.940000057220459,584700,DHT,Tanker,2026-09-22
2017-11-01,2.0529191493988037,4.079999923706055,3.950000047683716,4.130000114440918,3.950000047683716,749300,DHT,Tanker,2026-09-22
2017-11-02,2.0478875637054443,4.070000171661377,4.050000190734863,4.110000133514404,4.039999961853027,309400,DHT,Tanker,2026-09-22
2017-11-03,2.0176970958709717,4.010000228881836,4.050000190734863,4.070000171661377,3.9700000286102295,780600,DHT,Tanker,2026-09-22
2017-11-06,2.027761459350586,4.03000020980835,4.0,4.059999942779541,3.9700000286102295,490700,DHT,Tanker,2026-09-22
2017-11-07,2.027761459350586,4.03000020980835,4.059999942779541,4.099999904632568,4.03000020980835,317000,DHT,Tanker,2026-09-22
2017-11-08,2.0378243923187256,4.050000190734863,4.010000228881836,4.110000133514404,4.010000228881836,409600,DHT,Tanker,2026-09-22
2017-11-09,2.0227293968200684,4.019999980926514,4.050000190734863,4.099999904632568,3.990000009536743,446900,DHT,Tanker,2026-09-22
2017-11-10,1.997571349143982,3.9700000286102295,3.9800000190734863,4.079999923706055,3.9700000286102295,466900,DHT,Tanker,2026-09-22
2017-11-13,1.947253942489624,3.869999885559082,3.9600000381469727,3.990000009536743,3.7200000286102295,1193300,DHT,Tanker,2026-09-22
2017-11-14,1.8969377279281616,3.7699999809265137,4.0,4.019999980926514,3.7100000381469727,984600,DHT,Tanker,2026-09-22
2017-11-15,1.891905426979065,3.759999990463257,3.7699999809265137,3.890000104904175,3.700000047683716,509400,DHT,Tanker,2026-09-22
2017-11-16,1.947253942489624,3.869999885559082,3.7899999618530273,3.9200000762939453,3.7799999713897705,811100,DHT,Tanker,2026-09-22
2017-11-17,1.9724125862121582,3.9200000762939453,3.859999895095825,3.9200000762939453,3.8299999237060547,338900,DHT,Tanker,2026-09-22
2017-11-20,1.9925395250320435,3.9600000381469727,3.880000114440918,3.9700000286102295,3.8299999237060547,400200,DHT,Tanker,2026-09-22
2017-11-21,1.9875075817108154,3.950000047683716,3.9600000381469727,3.990000009536743,3.9200000762939453,385000,DHT,Tanker,2026-09-22
2017-11-22,1.9573180675506592,3.890000104904175,3.950000047683716,3.9800000190734863,3.890000104904175,462500,DHT,Tanker,2026-09-22
2017-11-24,1.9422224760055542,3.859999895095825,3.9800000190734863,3.9800000190734863,3.859999895095825,168500,DHT,Tanker,2026-09-22
2017-11-27,1.9624543190002441,3.880000114440918,3.869999885559082,3.9100000858306885,3.809999942779541,511100,DHT,Tanker,2026-09-22
2017-11-28,1.9877434968948364,3.930000066757202,3.8399999141693115,3.950000047683716,3.8299999237060547,625700,DHT,Tanker,2026-09-22
2017-11-29,1.9675123691558838,3.890000104904175,3.880000114440918,3.9200000762939453,3.8399999141693115,487500,DHT,Tanker,2026-09-22
2017-11-30,1.957396149635315,3.869999885559082,3.890000104904175,3.9200000762939453,3.8299999237060547,504100,DHT,Tanker,2026-09-22
2017-12-01,1.916933536529541,3.7899999618530273,3.9000000953674316,3.9000000953674316,3.75,447200,DHT,Tanker,2026-09-22
2017-12-04,1.8663549423217773,3.690000057220459,3.7899999618530273,3.799999952316284,3.6500000953674316,471100,DHT,Tanker,2026-09-22
2017-12-05,1.846123218536377,3.6500000953674316,3.680000066757202,3.700000047683716,3.6500000953674316,374000,DHT,Tanker,2026-09-22
2017-12-06,1.810718059539795,3.5799999237060547,3.640000104904175,3.6600000858306885,3.5799999237060547,464400,DHT,Tanker,2026-09-22
2017-12-07,1.8360073566436768,3.630000114440918,3.5799999237060547,3.6600000858306885,3.549999952316284,597300,DHT,Tanker,2026-09-22
2017-12-08,1.846123218536377,3.6500000953674316,3.6500000953674316,3.680000066757202,3.609999895095825,498800,DHT,Tanker,2026-09-22
2017-12-11,1.8612964153289795,3.680000066757202,3.640000104904175,3.740000009536743,3.630000114440918,860500,DHT,Tanker,2026-09-22
2017-12-12,1.901759147644043,3.759999990463257,3.680000066757202,3.7899999618530273,3.6700000762939453,496000,DHT,Tanker,2026-09-22
2017-12-13,1.8612964153289795,3.680000066757202,3.7699999809265137,3.7799999713897705,3.6700000762939453,409400,DHT,Tanker,2026-09-22
2017-12-14,1.8309496641159058,3.619999885559082,3.6500000953674316,3.700000047683716,3.5899999141693115,552700,DHT,Tanker,2026-09-22
2017-12-15,1.810718059539795,3.5799999237060547,3.6500000953674316,3.6500000953674316,3.5799999237060547,628400,DHT,Tanker,2026-09-22
2017-12-18,1.805660367012024,3.569999933242798,3.640000104904175,3.6700000762939453,3.559999942779541,728800,DHT,Tanker,2026-09-22
2017-12-19,1.805660367012024,3.569999933242798,3.569999933242798,3.5999999046325684,3.5199999809265137,525000,DHT,Tanker,2026-09-22
2017-12-20,1.7955442667007446,3.549999952316284,3.559999942779541,3.5899999141693115,3.5199999809265137,415100,DHT,Tanker,2026-09-22
2017-12-21,1.8208345174789429,3.5999999046325684,3.569999933242798,3.6500000953674316,3.569999933242798,616800,DHT,Tanker,2026-09-22
2017-12-22,1.846123218536377,3.6500000953674316,3.5999999046325684,3.690000057220459,3.5899999141693115,496400,DHT,Tanker,2026-09-22
2017-12-26,1.8208345174789429,3.5999999046325684,3.609999895095825,3.6700000762939453,3.5899999141693115,480500,DHT,Tanker,2026-09-22
2017-12-27,1.8208345174789429,3.5999999046325684,3.569999933242798,3.6500000953674316,3.569999933242798,494500,DHT,Tanker,2026-09-22
2017-12-28,1.8612964153289795,3.680000066757202,3.5799999237060547,3.700000047683716,3.5799999237060547,577600,DHT,Tanker,2026-09-22
2017-12-29,1.815775752067566,3.5899999141693115,3.6600000858306885,3.7300000190734863,3.5899999141693115,823400,DHT,Tanker,2026-09-22
2018-01-02,1.8865865468978882,3.7300000190734863,3.5899999141693115,3.759999990463257,3.5899999141693115,789200,DHT,Tanker,2026-09-22
2018-01-03,1.9321072101593018,3.819999933242798,3.7300000190734863,3.859999895095825,3.7300000190734863,618600,DHT,Tanker,2026-09-22
2018-01-04,1.9523379802703857,3.859999895095825,3.8499999046325684,3.9200000762939453,3.8299999237060547,976900,DHT,Tanker,2026-09-22
2018-01-05,1.9422234296798706,3.8399999141693115,3.869999885559082,3.9100000858306885,3.809999942779541,805500,DHT,Tanker,2026-09-22
2018-01-08,1.916933536529541,3.7899999618530273,3.809999942779541,3.8299999237060547,3.7300000190734863,1245600,DHT,Tanker,2026-09-22
2018-01-09,1.916933536529541,3.7899999618530273,3.7899999618530273,3.819999933242798,3.75,956500,DHT,Tanker,2026-09-22
2018-01-10,1.9321072101593018,3.819999933242798,3.799999952316284,3.819999933242798,3.7699999809265137,745500,DHT,Tanker,2026-09-22
2018-01-11,1.9321072101593018,3.819999933242798,3.819999933242798,3.9100000858306885,3.799999952316284,472500,DHT,Tanker,2026-09-22
2018-01-12,1.916933536529541,3.7899999618530273,3.8399999141693115,3.8499999046325684,3.7699999809265137,839600,DHT,Tanker,2026-09-22
2018-01-16,1.9371651411056519,3.8299999237060547,3.8399999141693115,3.9600000381469727,3.7799999713897705,1620500,DHT,Tanker,2026-09-22
2018-01-17,1.9725700616836548,3.9000000953674316,3.8499999046325684,3.9200000762939453,3.8499999046325684,1091800,DHT,Tanker,2026-09-22
2018-01-18,1.9675123691558838,3.890000104904175,3.880000114440918,3.930000066757202,3.880000114440918,829600,DHT,Tanker,2026-09-22
2018-01-19,1.9826855659484863,3.9200000762939453,3.8499999046325684,3.940000057220459,3.819999933242798,1184400,DHT,Tanker,2026-09-22
2018-01-22,1.9472804069519043,3.8499999046325684,3.9000000953674316,3.9200000762939453,3.819999933242798,1090400,DHT,Tanker,2026-09-22
2018-01-23,1.927048921585083,3.809999942779541,3.8299999237060547,3.869999885559082,3.799999952316284,598600,DHT,Tanker,2026-09-22
2018-01-24,1.927048921585083,3.809999942779541,3.8399999141693115,3.869999885559082,3.799999952316284,805700,DHT,Tanker,2026-09-22
2018-01-25,1.9422234296798706,3.8399999141693115,3.8499999046325684,3.869999885559082,3.7899999618530273,922200,DHT,Tanker,2026-09-22
2018-01-26,1.9321072101593018,3.819999933242798,3.869999885559082,3.9000000953674316,3.799999952316284,805200,DHT,Tanker,2026-09-22
2018-01-29,1.9118751287460327,3.7799999713897705,3.7899999618530273,3.8499999046325684,3.7699999809265137,608800,DHT,Tanker,2026-09-22
2018-01-30,1.8309496641159058,3.619999885559082,3.75,3.7799999713897705,3.549999952316284,787300,DHT,Tanker,2026-09-22
2018-01-31,1.750023603439331,3.4600000381469727,3.619999885559082,3.640000104904175,3.430000066757202,3027600,DHT,Tanker,2026-09-22
2018-02-01,1.8360073566436768,3.630000114440918,3.450000047683716,3.6500000953674316,3.450000047683716,1715200,DHT,Tanker,2026-09-22
2018-02-02,1.7904865741729736,3.5399999618530273,3.609999895095825,3.609999895095825,3.4800000190734863,1633200,DHT,Tanker,2026-09-22
2018-02-05,1.7095602750778198,3.380000114440918,3.5,3.5399999618530273,3.380000114440918,1658600,DHT,Tanker,2026-09-22
2018-02-06,1.7196766138076782,3.4000000953674316,3.309999942779541,3.5,3.2699999809265137,1277500,DHT,Tanker,2026-09-22
2018-02-07,1.805660367012024,3.569999933242798,3.4000000953674316,3.619999885559082,3.4000000953674316,1002000,DHT,Tanker,2026-09-22
2018-02-08,1.770255446434021,3.5,3.569999933242798,3.569999933242798,3.490000009536743,1004200,DHT,Tanker,2026-09-22
2018-02-09,1.8258916139602661,3.609999895095825,3.5199999809265137,3.630000114440918,3.440000057220459,1349600,DHT,Tanker,2026-09-22
2018-02-12,1.896701693534851,3.75,3.7799999713897705,3.809999942779541,3.740000009536743,1734500,DHT,Tanker,2026-09-22
2018-02-13,1.927048921585083,3.809999942779541,3.7100000381469727,3.859999895095825,3.700000047683716,1047300,DHT,Tanker,2026-09-22
2018-02-14,1.9624543190002441,3.880000114440918,3.7799999713897705,3.9100000858306885,3.7799999713897705,1254300,DHT,Tanker,2026-09-22
2018-02-15,1.9776275157928467,3.9100000858306885,3.9100000858306885,3.9700000286102295,3.869999885559082,1361800,DHT,Tanker,2026-09-22
2018-02-16,1.9572925567626953,3.8499999046325684,3.880000114440918,3.9600000381469727,3.8399999141693115,650700,DHT,Tanker,2026-09-22
2018-02-20,1.9013698101043701,3.740000009536743,3.859999895095825,3.859999895095825,3.740000009536743,664200,DHT,Tanker,2026-09-22
2018-02-21,1.9064537286758423,3.75,3.75,3.799999952316284,3.7300000190734863,494300,DHT,Tanker,2026-09-22
2018-02-22,1.881034255027771,3.700000047683716,3.75,3.7899999618530273,3.700000047683716,327400,DHT,Tanker,2026-09-22
2018-02-23,1.916621208190918,3.7699999809265137,3.7100000381469727,3.7699999809265137,3.6700000762939453,288400,DHT,Tanker,2026-09-22
2018-02-26,1.9064537286758423,3.75,3.7699999809265137,3.7899999618530273,3.700000047683716,304500,DHT,Tanker,2026-09-22
2018-02-27,1.8606986999511719,3.6600000858306885,3.75,3.7699999809265137,3.6600000858306885,274100,DHT,Tanker,2026-09-22
2018-02-28,1.9115372896194458,3.759999990463257,3.6700000762939453,3.9100000858306885,3.6700000762939453,967700,DHT,Tanker,2026-09-22
2018-03-01,1.8606986999511719,3.6600000858306885,3.740000009536743,3.740000009536743,3.630000114440918,281400,DHT,Tanker,2026-09-22
2018-03-02,1.8657829761505127,3.6700000762939453,3.6600000858306885,3.690000057220459,3.619999885559082,791700,DHT,Tanker,2026-09-22
2018-03-05,1.8454468250274658,3.630000114440918,3.640000104904175,3.7300000190734863,3.630000114440918,360100,DHT,Tanker,2026-09-22
2018-03-06,1.886117696762085,3.7100000381469727,3.809999942779541,3.8499999046325684,3.680000066757202,1139400,DHT,Tanker,2026-09-22
2018-03-07,1.8606986999511719,3.6600000858306885,3.740000009536743,3.740000009536743,3.6500000953674316,724400,DHT,Tanker,2026-09-22
2018-03-08,1.8200275897979736,3.5799999237060547,3.6600000858306885,3.700000047683716,3.5399999618530273,762000,DHT,Tanker,2026-09-22
2018-03-09,1.8301951885223389,3.5999999046325684,3.5999999046325684,3.640000104904175,3.5799999237060547,586500,DHT,Tanker,2026-09-22
2018-03-12,1.8657829761505127,3.6700000762939453,3.619999885559082,3.740000009536743,3.5899999141693115,810600,DHT,Tanker,2026-09-22
2018-03-13,1.8505306243896484,3.640000104904175,3.690000057220459,3.7100000381469727,3.630000114440918,329700,DHT,Tanker,2026-09-22
2018-03-14,1.8606986999511719,3.6600000858306885,3.6500000953674316,3.680000066757202,3.5999999046325684,502000,DHT,Tanker,2026-09-22
2018-03-15,1.8352794647216797,3.609999895095825,3.6700000762939453,3.6700000762939453,3.5799999237060547,412400,DHT,Tanker,2026-09-22
2018-03-16,1.9623754024505615,3.859999895095825,3.619999885559082,3.890000104904175,3.619999885559082,1121500,DHT,Tanker,2026-09-22
2018-03-19,1.9064537286758423,3.75,3.819999933242798,3.8299999237060547,3.700000047683716,527500,DHT,Tanker,2026-09-22
2018-03-20,1.8708664178848267,3.680000066757202,3.7699999809265137,3.7899999618530273,3.6600000858306885,427700,DHT,Tanker,2026-09-22
2018-03-21,1.916621208190918,3.7699999809265137,3.680000066757202,3.809999942779541,3.680000066757202,710900,DHT,Tanker,2026-09-22
2018-03-22,1.8708664178848267,3.680000066757202,3.7300000190734863,3.7799999713897705,3.640000104904175,600100,DHT,Tanker,2026-09-22
2018-03-23,1.8962860107421875,3.7300000190734863,3.7300000190734863,3.9100000858306885,3.7300000190734863,933800,DHT,Tanker,2026-09-22
2018-03-26,1.875950574874878,3.690000057220459,3.7699999809265137,3.799999952316284,3.6600000858306885,526000,DHT,Tanker,2026-09-22
2018-03-27,1.8505306243896484,3.640000104904175,3.680000066757202,3.7100000381469727,3.609999895095825,684100,DHT,Tanker,2026-09-22
2018-03-28,1.7386858463287354,3.4200000762939453,3.630000114440918,3.6500000953674316,3.390000104904175,1652200,DHT,Tanker,2026-09-22
2018-03-29,1.7285181283950806,3.4000000953674316,3.450000047683716,3.4800000190734863,3.4000000953674316,1014300,DHT,Tanker,2026-09-22
2018-04-02,1.6929304599761963,3.3299999237060547,3.4000000953674316,3.4600000381469727,3.319999933242798,805300,DHT,Tanker,2026-09-22
2018-04-03,1.698014497756958,3.3399999141693115,3.3399999141693115,3.4100000858306885,3.2799999713897705,924000,DHT,Tanker,2026-09-22
2018-04-04,1.8047757148742676,3.549999952316284,3.319999933242798,3.559999942779541,3.309999942779541,710800,DHT,Tanker,2026-09-22
2018-04-05,1.8454468250274658,3.630000114440918,3.569999933242798,3.6500000953674316,3.4600000381469727,788500,DHT,Tanker,2026-09-22
2018-04-06,1.7590211629867554,3.4600000381469727,3.640000104904175,3.640000104904175,3.450000047683716,774300,DHT,Tanker,2026-09-22
2018-04-09,1.7488536834716797,3.440000057220459,3.4800000190734863,3.509999990463257,3.440000057220459,394400,DHT,Tanker,2026-09-22
2018-04-10,1.8200275897979736,3.5799999237060547,3.4800000190734863,3.609999895095825,3.4600000381469727,297700,DHT,Tanker,2026-09-22
2018-04-11,1.8606986999511719,3.6600000858306885,3.5799999237060547,3.680000066757202,3.549999952316284,366400,DHT,Tanker,2026-09-22
2018-04-12,1.8912018537521362,3.7200000286102295,3.680000066757202,3.740000009536743,3.6700000762939453,536300,DHT,Tanker,2026-09-22
2018-04-13,1.8962860107421875,3.7300000190734863,3.7200000286102295,3.740000009536743,3.690000057220459,514700,DHT,Tanker,2026-09-22
2018-04-16,1.9115372896194458,3.759999990463257,3.7300000190734863,3.7799999713897705,3.680000066757202,267500,DHT,Tanker,2026-09-22
2018-04-17,1.9217051267623901,3.7799999713897705,3.7699999809265137,3.799999952316284,3.740000009536743,194100,DHT,Tanker,2026-09-22
2018-04-18,1.9267892837524414,3.7899999618530273,3.799999952316284,3.8399999141693115,3.75,547700,DHT,Tanker,2026-09-22
2018-04-19,1.967459797859192,3.869999885559082,3.7899999618530273,3.880000114440918,3.7899999618530273,884900,DHT,Tanker,2026-09-22
2018-04-20,1.9572925567626953,3.8499999046325684,3.7899999618530273,3.859999895095825,3.7699999809265137,793400,DHT,Tanker,2026-09-22
2018-04-23,1.9623754024505615,3.859999895095825,3.8299999237060547,3.859999895095825,3.7899999618530273,326800,DHT,Tanker,2026-09-22
2018-04-24,1.9420406818389893,3.819999933242798,3.890000104904175,3.890000104904175,3.7799999713897705,999400,DHT,Tanker,2026-09-22
2018-04-25,1.9318732023239136,3.799999952316284,3.809999942779541,3.8299999237060547,3.7300000190734863,505000,DHT,Tanker,2026-09-22
2018-04-26,1.9217051267623901,3.7799999713897705,3.8299999237060547,3.8299999237060547,3.7699999809265137,335300,DHT,Tanker,2026-09-22
2018-04-27,1.8301951885223389,3.5999999046325684,3.759999990463257,3.7899999618530273,3.5999999046325684,710300,DHT,Tanker,2026-09-22
2018-04-30,1.8454468250274658,3.630000114440918,3.619999885559082,3.6600000858306885,3.5899999141693115,423000,DHT,Tanker,2026-09-22
2018-05-01,1.8556146621704102,3.6500000953674316,3.6500000953674316,3.6700000762939453,3.609999895095825,279900,DHT,Tanker,2026-09-22
2018-05-02,1.8505306243896484,3.640000104904175,3.6500000953674316,3.690000057220459,3.630000114440918,382500,DHT,Tanker,2026-09-22
2018-05-03,1.8352794647216797,3.609999895095825,3.640000104904175,3.6600000858306885,3.5799999237060547,122500,DHT,Tanker,2026-09-22
2018-05-04,1.8454468250274658,3.630000114440918,3.5899999141693115,3.6700000762939453,3.5899999141693115,328300,DHT,Tanker,2026-09-22
2018-05-07,1.8556146621704102,3.6500000953674316,3.640000104904175,3.700000047683716,3.630000114440918,359600,DHT,Tanker,2026-09-22
2018-05-08,1.8556146621704102,3.6500000953674316,3.569999933242798,3.680000066757202,3.569999933242798,676900,DHT,Tanker,2026-09-22
2018-05-09,1.9776279926300049,3.890000104904175,3.6700000762939453,3.9100000858306885,3.6700000762939453,884900,DHT,Tanker,2026-09-22
2018-05-10,1.9776279926300049,3.890000104904175,3.9000000953674316,3.9100000858306885,3.859999895095825,544000,DHT,Tanker,2026-09-22
2018-05-11,1.9471243619918823,3.8299999237060547,3.9000000953674316,3.9000000953674316,3.809999942779541,410400,DHT,Tanker,2026-09-22
2018-05-14,1.9420406818389893,3.819999933242798,3.859999895095825,3.9000000953674316,3.799999952316284,418800,DHT,Tanker,2026-09-22
2018-05-15,1.8962860107421875,3.7300000190734863,3.819999933242798,3.8499999046325684,3.7300000190734863,230900,DHT,Tanker,2026-09-22
2018-05-16,1.916621208190918,3.7699999809265137,3.75,3.7899999618530273,3.75,347900,DHT,Tanker,2026-09-22
2018-05-17,1.9013698101043701,3.740000009536743,3.759999990463257,3.799999952316284,3.7200000286102295,329000,DHT,Tanker,2026-09-22
2018-05-18,1.9013698101043701,3.7200000286102295,3.75,3.7899999618530273,3.7100000381469727,339200,DHT,Tanker,2026-09-22
2018-05-21,1.9218146800994873,3.759999990463257,3.7200000286102295,3.7799999713897705,3.7100000381469727,438900,DHT,Tanker,2026-09-22
2018-05-22,1.9218146800994873,3.759999990463257,3.759999990463257,3.799999952316284,3.75,234600,DHT,Tanker,2026-09-22
2018-05-23,1.9167031049728394,3.75,3.75,3.7799999713897705,3.7200000286102295,541900,DHT,Tanker,2026-09-22
2018-05-24,1.9167031049728394,3.75,3.7300000190734863,3.7899999618530273,3.7200000286102295,402600,DHT,Tanker,2026-09-22
2018-05-25,1.9933717250823975,3.9000000953674316,3.75,3.9600000381469727,3.690000057220459,1147600,DHT,Tanker,2026-09-22
2018-05-29,2.039372205734253,3.990000009536743,3.9100000858306885,4.039999961853027,3.9000000953674316,1281500,DHT,Tanker,2026-09-22
2018-05-30,2.105818271636963,4.119999885559082,4.0,4.199999809265137,3.990000009536743,1187000,DHT,Tanker,2026-09-22
2018-05-31,2.1160407066345215,4.139999866485596,4.130000114440918,4.199999809265137,4.059999942779541,1513200,DHT,Tanker,2026-09-22
2018-06-01,2.1313743591308594,4.170000076293945,4.150000095367432,4.369999885559082,4.099999904632568,1245700,DHT,Tanker,2026-09-22
2018-06-04,2.167152166366577,4.239999771118164,4.210000038146973,4.360000133514404,4.190000057220459,1727400,DHT,Tanker,2026-09-22
2018-06-05,2.177374839782715,4.260000228881836,4.21999979019165,4.260000228881836,4.190000057220459,1139600,DHT,Tanker,2026-09-22
2018-06-06,2.182486057281494,4.269999980926514,4.260000228881836,4.349999904632568,4.239999771118164,767400,DHT,Tanker,2026-09-22
2018-06-07,2.1927084922790527,4.289999961853027,4.28000020980835,4.360000133514404,4.239999771118164,664900,DHT,Tanker,2026-09-22
2018-06-08,2.197819948196411,4.300000190734863,4.289999961853027,4.349999904632568,4.239999771118164,791100,DHT,Tanker,2026-09-22
2018-06-11,2.1875972747802734,4.28000020980835,4.28000020980835,4.320000171661377,4.239999771118164,719500,DHT,Tanker,2026-09-22
2018-06-12,2.1211514472961426,4.150000095367432,4.260000228881836,4.269999980926514,4.090000152587891,513300,DHT,Tanker,2026-09-22
2018-06-13,2.1313743591308594,4.170000076293945,4.159999847412109,4.190000057220459,4.099999904632568,489500,DHT,Tanker,2026-09-22
2018-06-14,2.1722638607025146,4.25,4.179999828338623,4.25,4.150000095367432,532000,DHT,Tanker,2026-09-22
2018-06-15,2.0853731632232666,4.079999923706055,4.25,4.260000228881836,4.039999961853027,1271000,DHT,Tanker,2026-09-22
2018-06-18,2.248931884765625,4.400000095367432,4.300000190734863,4.440000057220459,4.25,3302700,DHT,Tanker,2026-09-22
2018-06-19,2.3204891681671143,4.539999961853027,4.389999866485596,4.590000152587891,4.380000114440918,1499900,DHT,Tanker,2026-09-22
2018-06-20,2.412490129470825,4.71999979019165,4.550000190734863,4.739999771118164,4.539999961853027,2227800,DHT,Tanker,2026-09-22
2018-06-21,2.407379150390625,4.710000038146973,4.71999979019165,4.809999942779541,4.690000057220459,1632600,DHT,Tanker,2026-09-22
2018-06-22,2.4993813037872314,4.889999866485596,4.730000019073486,4.989999771118164,4.71999979019165,1832300,DHT,Tanker,2026-09-22
2018-06-25,2.3511557579040527,4.599999904632568,4.889999866485596,4.889999866485596,4.5,1933700,DHT,Tanker,2026-09-22
2018-06-26,2.412490129470825,4.71999979019165,4.579999923706055,4.739999771118164,4.53000020980835,1333200,DHT,Tanker,2026-09-22
2018-06-27,2.412490129470825,4.71999979019165,4.71999979019165,4.849999904632568,4.690000057220459,713500,DHT,Tanker,2026-09-22
2018-06-28,2.3971569538116455,4.690000057220459,4.739999771118164,4.739999771118164,4.650000095367432,746000,DHT,Tanker,2026-09-22
2018-06-29,2.3971569538116455,4.690000057220459,4.699999809265137,4.71999979019165,4.650000095367432,538500,DHT,Tanker,2026-09-22
2018-07-02,2.402269124984741,4.699999809265137,4.659999847412109,4.71999979019165,4.610000133514404,756000,DHT,Tanker,2026-09-22
2018-07-03,2.453380823135376,4.800000190734863,4.739999771118164,4.849999904632568,4.710000038146973,830700,DHT,Tanker,2026-09-22
2018-07-05,2.4584908485412598,4.809999942779541,4.829999923706055,4.900000095367432,4.769999980926514,743600,DHT,Tanker,2026-09-22
2018-07-06,2.4584908485412598,4.809999942779541,4.829999923706055,4.849999904632568,4.730000019073486,608700,DHT,Tanker,2026-09-22
2018-07-09,2.4176013469696045,4.730000019073486,4.849999904632568,4.860000133514404,4.670000076293945,571000,DHT,Tanker,2026-09-22
2018-07-10,2.4993813037872314,4.889999866485596,4.730000019073486,4.900000095367432,4.730000019073486,1083100,DHT,Tanker,2026-09-22
2018-07-11,2.4431583881378174,4.78000020980835,4.860000133514404,4.860000133514404,4.78000020980835,576400,DHT,Tanker,2026-09-22
2018-07-12,2.412490129470825,4.71999979019165,4.800000190734863,4.800000190734863,4.639999866485596,475800,DHT,Tanker,2026-09-22
2018-07-13,2.3818230628967285,4.659999847412109,4.75,4.75,4.650000095367432,266800,DHT,Tanker,2026-09-22
2018-07-16,2.335822820663452,4.570000171661377,4.619999885559082,4.619999885559082,4.449999809265137,635700,DHT,Tanker,2026-09-22
2018-07-17,2.2949326038360596,4.489999771118164,4.570000171661377,4.599999904632568,4.480000019073486,572200,DHT,Tanker,2026-09-22
2018-07-18,2.3613784313201904,4.619999885559082,4.489999771118164,4.670000076293945,4.46999979019165,567100,DHT,Tanker,2026-09-22
2018-07-19,2.3664891719818115,4.630000114440918,4.639999866485596,4.739999771118164,4.619999885559082,297000,DHT,Tanker,2026-09-22
2018-07-20,2.305155038833618,4.510000228881836,4.630000114440918,4.630000114440918,4.480000019073486,394600,DHT,Tanker,2026-09-22
2018-07-23,2.264265298843384,4.429999828338623,4.53000020980835,4.579999923706055,4.420000076293945,366400,DHT,Tanker,2026-09-22
2018-07-24,2.1875972747802734,4.28000020980835,4.309999942779541,4.369999885559082,4.239999771118164,664600,DHT,Tanker,2026-09-22
2018-07-25,2.182486057281494,4.269999980926514,4.269999980926514,4.320000171661377,4.239999771118164,806100,DHT,Tanker,2026-09-22
2018-07-26,2.248931884765625,4.400000095367432,4.25,4.409999847412109,4.25,414100,DHT,Tanker,2026-09-22
2018-07-27,2.2438201904296875,4.389999866485596,4.320000171661377,4.420000076293945,4.320000171661377,644400,DHT,Tanker,2026-09-22
2018-07-30,2.2080421447753906,4.320000171661377,4.389999866485596,4.389999866485596,4.309999942779541,348000,DHT,Tanker,2026-09-22
2018-07-31,2.1722638607025146,4.25,4.340000152587891,4.380000114440918,4.25,815500,DHT,Tanker,2026-09-22
2018-08-01,2.1722638607025146,4.25,4.230000019073486,4.28000020980835,4.210000038146973,854100,DHT,Tanker,2026-09-22
2018-08-02,2.233597755432129,4.369999885559082,4.25,4.46999979019165,4.210000038146973,592100,DHT,Tanker,2026-09-22
2018-08-03,2.2898216247558594,4.480000019073486,4.25,4.489999771118164,4.25,900600,DHT,Tanker,2026-09-22
2018-08-06,2.2438201904296875,4.389999866485596,4.480000019073486,4.539999961853027,4.329999923706055,585400,DHT,Tanker,2026-09-22
2018-08-07,2.2744879722595215,4.449999809265137,4.460000038146973,4.519999980926514,4.380000114440918,1010900,DHT,Tanker,2026-09-22
2018-08-08,2.2898216247558594,4.480000019073486,4.349999904632568,4.599999904632568,4.349999904632568,1302100,DHT,Tanker,2026-09-22
2018-08-09,2.233597755432129,4.369999885559082,4.510000228881836,4.53000020980835,4.349999904632568,419100,DHT,Tanker,2026-09-22
2018-08-10,2.21315336227417,4.329999923706055,4.349999904632568,4.420000076293945,4.300000190734863,407600,DHT,Tanker,2026-09-22
2018-08-13,2.2029311656951904,4.309999942779541,4.289999961853027,4.349999904632568,4.239999771118164,502500,DHT,Tanker,2026-09-22
2018-08-14,2.1722638607025146,4.25,4.28000020980835,4.300000190734863,4.190000057220459,765100,DHT,Tanker,2026-09-22
2018-08-15,2.146707773208618,4.199999809265137,4.190000057220459,4.309999942779541,4.130000114440918,887500,DHT,Tanker,2026-09-22
2018-08-16,2.110929489135742,4.130000114440918,4.25,4.289999961853027,4.119999885559082,1629400,DHT,Tanker,2026-09-22
2018-08-17,2.1313743591308594,4.170000076293945,4.119999885559082,4.380000114440918,4.099999904632568,2874700,DHT,Tanker,2026-09-22
2018-08-20,2.162041425704956,4.230000019073486,4.190000057220459,4.269999980926514,4.130000114440918,1629900,DHT,Tanker,2026-09-22
2018-08-21,2.233597755432129,4.369999885559082,4.269999980926514,4.460000038146973,4.269999980926514,1347600,DHT,Tanker,2026-09-22
2018-08-22,2.3102667331695557,4.519999980926514,4.400000095367432,4.519999980926514,4.389999866485596,977700,DHT,Tanker,2026-09-22
2018-08-23,2.3102664947509766,4.5,4.5,4.590000152587891,4.440000057220459,1135500,DHT,Tanker,2026-09-22
2018-08-24,2.3256680965423584,4.53000020980835,4.550000190734863,4.559999942779541,4.480000019073486,439400,DHT,Tanker,2026-09-22
2018-08-27,2.356471538543701,4.590000152587891,4.559999942779541,4.639999866485596,4.53000020980835,778100,DHT,Tanker,2026-09-22
2018-08-28,2.387274742126465,4.650000095367432,4.590000152587891,4.730000019073486,4.590000152587891,1166400,DHT,Tanker,2026-09-22
2018-08-29,2.392409086227417,4.659999847412109,4.710000038146973,4.809999942779541,4.619999885559082,2175900,DHT,Tanker,2026-09-22
2018-08-30,2.392409086227417,4.659999847412109,4.650000095367432,4.690000057220459,4.610000133514404,725500,DHT,Tanker,2026-09-22
2018-08-31,2.402676820755005,4.679999828338623,4.619999885559082,4.710000038146973,4.619999885559082,632700,DHT,Tanker,2026-09-22
2018-09-04,2.356471538543701,4.590000152587891,4.679999828338623,4.679999828338623,4.5,470900,DHT,Tanker,2026-09-22
2018-09-05,2.3205344676971436,4.519999980926514,4.590000152587891,4.590000152587891,4.5,214400,DHT,Tanker,2026-09-22
2018-09-06,2.2897307872772217,4.460000038146973,4.5,4.53000020980835,4.440000057220459,363200,DHT,Tanker,2026-09-22
2018-09-07,2.3359360694885254,4.550000190734863,4.449999809265137,4.559999942779541,4.429999828338623,314700,DHT,Tanker,2026-09-22
2018-09-10,2.3410699367523193,4.559999942779541,4.570000171661377,4.619999885559082,4.559999942779541,341900,DHT,Tanker,2026-09-22
2018-09-11,2.3513376712799072,4.579999923706055,4.550000190734863,4.610000133514404,4.550000190734863,307300,DHT,Tanker,2026-09-22
2018-09-12,2.3154001235961914,4.510000228881836,4.599999904632568,4.619999885559082,4.5,463700,DHT,Tanker,2026-09-22
2018-09-13,2.2948641777038574,4.46999979019165,4.5,4.510000228881836,4.369999885559082,339200,DHT,Tanker,2026-09-22
2018-09-14,2.3205344676971436,4.519999980926514,4.46999979019165,4.550000190734863,4.46999979019165,227400,DHT,Tanker,2026-09-22
2018-09-17,2.2845966815948486,4.449999809265137,4.53000020980835,4.590000152587891,4.400000095367432,405100,DHT,Tanker,2026-09-22
2018-09-18,2.3256680965423584,4.53000020980835,4.5,4.619999885559082,4.46999979019165,601400,DHT,Tanker,2026-09-22
2018-09-19,2.3205344676971436,4.519999980926514,4.519999980926514,4.610000133514404,4.5,518500,DHT,Tanker,2026-09-22
2018-09-20,2.361605167388916,4.599999904632568,4.550000190734863,4.639999866485596,4.550000190734863,723200,DHT,Tanker,2026-09-22
2018-09-21,2.361605167388916,4.599999904632568,4.610000133514404,4.639999866485596,4.579999923706055,548100,DHT,Tanker,2026-09-22
2018-09-24,2.407810926437378,4.690000057220459,4.610000133514404,4.710000038146973,4.570000171661377,573100,DHT,Tanker,2026-09-22
2018-09-25,2.392409086227417,4.659999847412109,4.71999979019165,4.800000190734863,4.650000095367432,393800,DHT,Tanker,2026-09-22
2018-09-26,2.3462042808532715,4.570000171661377,4.650000095367432,4.659999847412109,4.550000190734863,263700,DHT,Tanker,2026-09-22
2018-09-27,2.4232122898101807,4.71999979019165,4.53000020980835,4.820000171661377,4.5,1248100,DHT,Tanker,2026-09-22
2018-09-28,2.412945508956909,4.699999809265137,4.71999979019165,4.800000190734863,4.630000114440918,1545700,DHT,Tanker,2026-09-22
2018-10-01,2.5053555965423584,4.880000114440918,4.710000038146973,4.889999866485596,4.710000038146973,1282100,DHT,Tanker,2026-09-22
2018-10-02,2.5104897022247314,4.889999866485596,4.880000114440918,4.96999979019165,4.860000133514404,1191000,DHT,Tanker,2026-09-22
2018-10-03,2.5310256481170654,4.929999828338623,4.920000076293945,4.989999771118164,4.889999866485596,1822400,DHT,Tanker,2026-09-22
2018-10-04,2.546427011489868,4.960000038146973,4.909999847412109,5.0,4.909999847412109,1188200,DHT,Tanker,2026-09-22
2018-10-05,2.5772299766540527,5.019999980926514,5.0,5.070000171661377,4.980000019073486,827600,DHT,Tanker,2026-09-22
2018-10-08,2.5361595153808594,4.940000057220459,5.0,5.039999961853027,4.909999847412109,461800,DHT,Tanker,2026-09-22
2018-10-09,2.556694746017456,4.980000019073486,4.949999809265137,5.010000228881836,4.920000076293945,549800,DHT,Tanker,2026-09-22
2018-10-10,2.402676820755005,4.679999828338623,4.960000038146973,5.0,4.670000076293945,922700,DHT,Tanker,2026-09-22
2018-10-11,2.407810926437378,4.690000057220459,4.619999885559082,4.769999980926514,4.579999923706055,1062000,DHT,Tanker,2026-09-22
2018-10-12,2.443748712539673,4.760000228881836,4.71999979019165,4.920000076293945,4.71999979019165,600100,DHT,Tanker,2026-09-22
2018-10-15,2.4694173336029053,4.809999942779541,4.760000228881836,4.860000133514404,4.75,437100,DHT,Tanker,2026-09-22
2018-10-16,2.566962957382202,5.0,4.849999904632568,5.010000228881836,4.840000152587891,934000,DHT,Tanker,2026-09-22
2018-10-17,2.546427011489868,4.960000038146973,4.989999771118164,4.989999771118164,4.920000076293945,352200,DHT,Tanker,2026-09-22
2018-10-18,2.45401668548584,4.78000020980835,4.900000095367432,4.960000038146973,4.730000019073486,730200,DHT,Tanker,2026-09-22
2018-10-19,2.4848203659057617,4.840000152587891,4.96999979019165,5.010000228881836,4.760000228881836,883700,DHT,Tanker,2026-09-22
2018-10-22,2.4745519161224365,4.820000171661377,4.860000133514404,4.949999809265137,4.800000190734863,624500,DHT,Tanker,2026-09-22
2018-10-23,2.4232122898101807,4.71999979019165,4.75,4.789999961853027,4.619999885559082,744400,DHT,Tanker,2026-09-22
2018-10-24,2.361605167388916,4.599999904632568,4.690000057220459,4.860000133514404,4.599999904632568,1030000,DHT,Tanker,2026-09-22
2018-10-25,2.443748712539673,4.760000228881836,4.679999828338623,4.800000190734863,4.679999828338623,883300,DHT,Tanker,2026-09-22
2018-10-26,2.572097063064575,5.010000228881836,4.739999771118164,5.190000057220459,4.71999979019165,2630100,DHT,Tanker,2026-09-22
2018-10-29,2.561828374862671,4.989999771118164,5.110000133514404,5.199999809265137,4.909999847412109,1907700,DHT,Tanker,2026-09-22
2018-10-30,2.613168239593506,5.090000152587891,4.96999979019165,5.150000095367432,4.940000057220459,1221000,DHT,Tanker,2026-09-22
2018-10-31,2.582364797592163,5.03000020980835,5.139999866485596,5.170000076293945,4.96999979019165,1907200,DHT,Tanker,2026-09-22
2018-11-01,2.6337039470672607,5.130000114440918,5.099999904632568,5.199999809265137,4.980000019073486,2453200,DHT,Tanker,2026-09-22
2018-11-02,2.8133904933929443,5.480000019073486,5.179999828338623,5.599999904632568,5.150000095367432,3895700,DHT,Tanker,2026-09-22
2018-11-05,2.715846300125122,5.289999961853027,5.5,5.5,5.260000228881836,1267300,DHT,Tanker,2026-09-22
2018-11-06,2.8031227588653564,5.460000038146973,5.340000152587891,5.5,5.230000019073486,1509200,DHT,Tanker,2026-09-22
2018-11-07,2.6901769638061523,5.239999771118164,5.460000038146973,5.46999979019165,5.159999847412109,1241800,DHT,Tanker,2026-09-22
2018-11-08,2.6747751235961914,5.210000038146973,5.25,5.309999942779541,5.199999809265137,1095000,DHT,Tanker,2026-09-22
2018-11-09,2.6029000282287598,5.070000171661377,5.159999847412109,5.159999847412109,5.0,815100,DHT,Tanker,2026-09-22
2018-11-12,2.4796855449676514,4.829999923706055,5.050000190734863,5.050000190734863,4.78000020980835,1621800,DHT,Tanker,2026-09-22
2018-11-13,2.366739273071289,4.610000133514404,4.809999942779541,4.880000114440918,4.590000152587891,1347700,DHT,Tanker,2026-09-22
2018-11-14,2.366739273071289,4.610000133514404,4.670000076293945,4.71999979019165,4.570000171661377,921300,DHT,Tanker,2026-09-22
2018-11-15,2.3718955516815186,4.599999904632568,4.559999942779541,4.679999828338623,4.559999942779541,812500,DHT,Tanker,2026-09-22
2018-11-16,2.3512706756591797,4.559999942779541,4.579999923706055,4.610000133514404,4.510000228881836,757500,DHT,Tanker,2026-09-22
2018-11-19,2.315176486968994,4.489999771118164,4.510000228881836,4.53000020980835,4.449999809265137,734300,DHT,Tanker,2026-09-22
2018-11-20,2.1192376613616943,4.110000133514404,4.420000076293945,4.420000076293945,4.079999923706055,2487600,DHT,Tanker,2026-09-22
2018-11-21,2.2429885864257812,4.349999904632568,4.21999979019165,4.489999771118164,4.21999979019165,1177500,DHT,Tanker,2026-09-22
2018-11-23,2.2068941593170166,4.28000020980835,4.269999980926514,4.389999866485596,4.269999980926514,620400,DHT,Tanker,2026-09-22
2018-11-26,2.1965818405151367,4.260000228881836,4.309999942779541,4.409999847412109,4.179999828338623,900700,DHT,Tanker,2026-09-22
2018-11-27,2.428614854812622,4.710000038146973,4.389999866485596,4.840000152587891,4.389999866485596,1339900,DHT,Tanker,2026-09-22
2018-11-28,2.511115312576294,4.869999885559082,4.730000019073486,4.920000076293945,4.5,1076300,DHT,Tanker,2026-09-22
2018-11-29,2.4956469535827637,4.840000152587891,4.869999885559082,4.980000019073486,4.78000020980835,972600,DHT,Tanker,2026-09-22
2018-11-30,2.33064603805542,4.519999980926514,4.710000038146973,4.849999904632568,4.449999809265137,1573000,DHT,Tanker,2026-09-22
2018-12-03,2.366739511489868,4.590000152587891,4.559999942779541,4.650000095367432,4.53000020980835,668500,DHT,Tanker,2026-09-22
2018-12-04,2.2481443881988525,4.360000133514404,4.579999923706055,4.579999923706055,4.340000152587891,664500,DHT,Tanker,2026-09-22
2018-12-06,2.212050199508667,4.289999961853027,4.269999980926514,4.380000114440918,4.139999866485596,1577300,DHT,Tanker,2026-09-22
2018-12-07,2.2481443881988525,4.360000133514404,4.360000133514404,4.429999828338623,4.300000190734863,901500,DHT,Tanker,2026-09-22
2018-12-10,2.2275195121765137,4.320000171661377,4.309999942779541,4.369999885559082,4.130000114440918,1677600,DHT,Tanker,2026-09-22
2018-12-11,2.212050199508667,4.289999961853027,4.380000114440918,4.429999828338623,4.260000228881836,1270500,DHT,Tanker,2026-09-22
2018-12-12,2.2378315925598145,4.340000152587891,4.349999904632568,4.440000057220459,4.320000171661377,394100,DHT,Tanker,2026-09-22
2018-12-13,2.2172067165374756,4.300000190734863,4.340000152587891,4.360000133514404,4.239999771118164,519200,DHT,Tanker,2026-09-22
2018-12-14,2.1604878902435303,4.190000057220459,4.28000020980835,4.28000020980835,4.03000020980835,1252200,DHT,Tanker,2026-09-22
2018-12-17,2.083143472671509,4.039999961853027,4.170000076293945,4.210000038146973,4.019999980926514,1155100,DHT,Tanker,2026-09-22
2018-12-18,2.07283091545105,4.019999980926514,4.03000020980835,4.070000171661377,3.9200000762939453,963300,DHT,Tanker,2026-09-22
2018-12-19,2.124393939971924,4.119999885559082,4.019999980926514,4.139999866485596,4.019999980926514,1290800,DHT,Tanker,2026-09-22
2018-12-20,2.077986717224121,4.03000020980835,4.099999904632568,4.119999885559082,3.9800000190734863,935300,DHT,Tanker,2026-09-22
2018-12-21,2.108924388885498,4.090000152587891,4.019999980926514,4.190000057220459,4.019999980926514,975300,DHT,Tanker,2026-09-22
2018-12-24,2.077986717224121,4.03000020980835,4.050000190734863,4.119999885559082,4.0,591700,DHT,Tanker,2026-09-22
2018-12-26,2.150174856185913,4.170000076293945,4.039999961853027,4.21999979019165,3.990000009536743,773100,DHT,Tanker,2026-09-22
2018-12-27,2.0986123085021973,4.070000171661377,4.099999904632568,4.099999904632568,3.940000057220459,548600,DHT,Tanker,2026-09-22
2018-12-28,2.026423931121826,3.930000066757202,4.070000171661377,4.079999923706055,3.859999895095825,618700,DHT,Tanker,2026-09-22
2018-12-31,2.021267890930176,3.9200000762939453,3.950000047683716,3.990000009536743,3.9000000953674316,408100,DHT,Tanker,2026-09-22
2019-01-02,2.088299512863159,4.050000190734863,3.990000009536743,4.150000095367432,3.9200000762939453,667900,DHT,Tanker,2026-09-22
2019-01-03,2.1192376613616943,4.110000133514404,4.099999904632568,4.179999828338623,4.03000020980835,724500,DHT,Tanker,2026-09-22
2019-01-04,2.1965818405151367,4.260000228881836,4.190000057220459,4.340000152587891,4.170000076293945,1267100,DHT,Tanker,2026-09-22
2019-01-07,2.2481443881988525,4.360000133514404,4.25,4.389999866485596,4.199999809265137,898900,DHT,Tanker,2026-09-22
2019-01-08,2.273926258087158,4.409999847412109,4.409999847412109,4.46999979019165,4.360000133514404,1006600,DHT,Tanker,2026-09-22
2019-01-09,2.284238576889038,4.429999828338623,4.5,4.519999980926514,4.389999866485596,325000,DHT,Tanker,2026-09-22
2019-01-10,2.191425323486328,4.25,4.260000228881836,4.309999942779541,4.110000133514404,663800,DHT,Tanker,2026-09-22
2019-01-11,2.2068941593170166,4.28000020980835,4.300000190734863,4.300000190734863,4.170000076293945,517700,DHT,Tanker,2026-09-22
2019-01-14,2.1862690448760986,4.239999771118164,4.260000228881836,4.269999980926514,4.179999828338623,589400,DHT,Tanker,2026-09-22
2019-01-15,2.222362995147705,4.309999942779541,4.25,4.349999904632568,4.25,274900,DHT,Tanker,2026-09-22
2019-01-16,2.2636139392852783,4.389999866485596,4.289999961853027,4.46999979019165,4.28000020980835,566300,DHT,Tanker,2026-09-22
2019-01-17,2.2481443881988525,4.360000133514404,4.300000190734863,4.380000114440918,4.300000190734863,417500,DHT,Tanker,2026-09-22
2019-01-18,2.253300905227661,4.369999885559082,4.389999866485596,4.440000057220459,4.349999904632568,515200,DHT,Tanker,2026-09-22
2019-01-22,2.2275195121765137,4.320000171661377,4.340000152587891,4.389999866485596,4.230000019073486,913600,DHT,Tanker,2026-09-22
2019-01-23,2.2275195121765137,4.320000171661377,4.329999923706055,4.340000152587891,4.230000019073486,406400,DHT,Tanker,2026-09-22
2019-01-24,2.18111252784729,4.230000019073486,4.300000190734863,4.300000190734863,4.230000019073486,387000,DHT,Tanker,2026-09-22
2019-01-25,2.1295504570007324,4.130000114440918,4.269999980926514,4.300000190734863,4.130000114440918,1204700,DHT,Tanker,2026-09-22
2019-01-28,2.077986717224121,4.03000020980835,4.099999904632568,4.099999904632568,4.0,715300,DHT,Tanker,2026-09-22
2019-01-29,2.057361602783203,3.990000009536743,4.03000020980835,4.090000152587891,3.950000047683716,720800,DHT,Tanker,2026-09-22
2019-01-30,2.077986717224121,4.03000020980835,4.010000228881836,4.099999904632568,3.990000009536743,598400,DHT,Tanker,2026-09-22
2019-01-31,2.088299512863159,4.050000190734863,4.019999980926514,4.110000133514404,3.990000009536743,663900,DHT,Tanker,2026-09-22
2019-02-01,2.057361602783203,3.990000009536743,4.059999942779541,4.079999923706055,3.9700000286102295,1602400,DHT,Tanker,2026-09-22
2019-02-04,2.0934560298919678,4.059999942779541,4.03000020980835,4.070000171661377,3.990000009536743,932500,DHT,Tanker,2026-09-22
2019-02-05,2.088299512863159,4.050000190734863,4.059999942779541,4.159999847412109,4.03000020980835,763700,DHT,Tanker,2026-09-22
2019-02-06,2.067674398422241,4.010000228881836,4.059999942779541,4.099999904632568,3.990000009536743,1032700,DHT,Tanker,2026-09-22
2019-02-07,1.9542360305786133,3.7899999618530273,3.9800000190734863,3.9800000190734863,3.5999999046325684,1670600,DHT,Tanker,2026-09-22
2019-02-08,2.0109548568725586,3.9000000953674316,3.8499999046325684,3.940000057220459,3.8299999237060547,1522100,DHT,Tanker,2026-09-22
2019-02-11,2.0315802097320557,3.940000057220459,3.9000000953674316,3.940000057220459,3.700000047683716,1112500,DHT,Tanker,2026-09-22
2019-02-12,2.088299512863159,4.050000190734863,4.099999904632568,4.199999809265137,4.03000020980835,1062200,DHT,Tanker,2026-09-22
2019-02-13,2.0986123085021973,4.070000171661377,4.059999942779541,4.119999885559082,3.990000009536743,905700,DHT,Tanker,2026-09-22
2019-02-14,2.0934560298919678,4.059999942779541,4.050000190734863,4.130000114440918,4.010000228881836,2264200,DHT,Tanker,2026-09-22
2019-02-15,2.213529109954834,4.239999771118164,4.090000152587891,4.360000133514404,4.090000152587891,1581300,DHT,Tanker,2026-09-22
2019-02-19,2.1926472187042236,4.199999809265137,4.199999809265137,4.329999923706055,4.190000057220459,1010300,DHT,Tanker,2026-09-22
2019-02-20,2.1613237857818604,4.139999866485596,4.21999979019165,4.239999771118164,4.110000133514404,749300,DHT,Tanker,2026-09-22
2019-02-21,2.21875,4.25,4.119999885559082,4.269999980926514,4.119999885559082,2655500,DHT,Tanker,2026-09-22
2019-02-22,2.234412431716919,4.28000020980835,4.260000228881836,4.349999904632568,4.260000228881836,1061800,DHT,Tanker,2026-09-22
2019-02-25,2.21875,4.25,4.320000171661377,4.389999866485596,4.239999771118164,684700,DHT,Tanker,2026-09-22
2019-02-26,2.229191303253174,4.269999980926514,4.239999771118164,4.309999942779541,4.230000019073486,534100,DHT,Tanker,2026-09-22
2019-02-27,2.25529408454895,4.320000171661377,4.289999961853027,4.360000133514404,4.260000228881836,1212800,DHT,Tanker,2026-09-22
2019-02-28,2.25529408454895,4.320000171661377,4.340000152587891,4.340000152587891,4.21999979019165,739100,DHT,Tanker,2026-09-22
2019-03-01,2.307499647140503,4.420000076293945,4.329999923706055,4.420000076293945,4.329999923706055,385000,DHT,Tanker,2026-09-22
2019-03-04,2.3127200603485107,4.429999828338623,4.440000057220459,4.440000057220459,4.360000133514404,968200,DHT,Tanker,2026-09-22
2019-03-05,2.3388235569000244,4.480000019073486,4.440000057220459,4.489999771118164,4.360000133514404,848400,DHT,Tanker,2026-09-22
2019-03-06,2.2866177558898926,4.380000114440918,4.46999979019165,4.480000019073486,4.349999904632568,836000,DHT,Tanker,2026-09-22
2019-03-07,2.25529408454895,4.320000171661377,4.380000114440918,4.400000095367432,4.269999980926514,1477800,DHT,Tanker,2026-09-22
2019-03-08,2.2761762142181396,4.360000133514404,4.289999961853027,4.420000076293945,4.25,688700,DHT,Tanker,2026-09-22
2019-03-11,2.2866177558898926,4.380000114440918,4.400000095367432,4.429999828338623,4.349999904632568,719800,DHT,Tanker,2026-09-22
2019-03-12,2.328382968902588,4.460000038146973,4.380000114440918,4.510000228881836,4.380000114440918,786300,DHT,Tanker,2026-09-22
2019-03-13,2.401470184326172,4.599999904632568,4.489999771118164,4.630000114440918,4.489999771118164,887800,DHT,Tanker,2026-09-22
2019-03-14,2.3492648601531982,4.5,4.590000152587891,4.599999904632568,4.480000019073486,664000,DHT,Tanker,2026-09-22
2019-03-15,2.3805885314941406,4.559999942779541,4.489999771118164,4.579999923706055,4.46999979019165,785700,DHT,Tanker,2026-09-22
2019-03-18,2.4223530292510986,4.639999866485596,4.590000152587891,4.679999828338623,4.559999942779541,320600,DHT,Tanker,2026-09-22
2019-03-19,2.3910293579101562,4.579999923706055,4.679999828338623,4.679999828338623,4.550000190734863,304400,DHT,Tanker,2026-09-22
2019-03-20,2.406691074371338,4.610000133514404,4.559999942779541,4.630000114440918,4.519999980926514,426100,DHT,Tanker,2026-09-22
2019-03-21,2.4327938556671143,4.659999847412109,4.619999885559082,4.699999809265137,4.550000190734863,799600,DHT,Tanker,2026-09-22
2019-03-22,2.36492657661438,4.53000020980835,4.610000133514404,4.630000114440918,4.510000228881836,851900,DHT,Tanker,2026-09-22
2019-03-25,2.3805885314941406,4.559999942779541,4.510000228881836,4.579999923706055,4.449999809265137,743500,DHT,Tanker,2026-09-22
2019-03-26,2.3753676414489746,4.550000190734863,4.599999904632568,4.650000095367432,4.5,1220900,DHT,Tanker,2026-09-22
2019-03-27,2.359706401824951,4.519999980926514,4.519999980926514,4.610000133514404,4.519999980926514,836700,DHT,Tanker,2026-09-22
2019-03-28,2.3127200603485107,4.429999828338623,4.5,4.579999923706055,4.420000076293945,1080900,DHT,Tanker,2026-09-22
2019-03-29,2.328382968902588,4.460000038146973,4.46999979019165,4.5,4.409999847412109,1388300,DHT,Tanker,2026-09-22
2019-04-01,2.3962502479553223,4.590000152587891,4.5,4.639999866485596,4.5,938600,DHT,Tanker,2026-09-22
2019-04-02,2.4327938556671143,4.659999847412109,4.619999885559082,4.670000076293945,4.619999885559082,658100,DHT,Tanker,2026-09-22
2019-04-03,2.359706401824951,4.519999980926514,4.659999847412109,4.710000038146973,4.480000019073486,872400,DHT,Tanker,2026-09-22
2019-04-04,2.354485511779785,4.510000228881836,4.5,4.559999942779541,4.489999771118164,514400,DHT,Tanker,2026-09-22
2019-04-05,2.417132616043091,4.630000114440918,4.510000228881836,4.679999828338623,4.510000228881836,1350800,DHT,Tanker,2026-09-22
2019-04-08,2.552867889404297,4.889999866485596,4.699999809265137,4.940000057220459,4.699999809265137,2594000,DHT,Tanker,2026-09-22
2019-04-09,2.5894112586975098,4.960000038146973,4.900000095367432,5.0,4.860000133514404,756700,DHT,Tanker,2026-09-22
2019-04-10,2.6886026859283447,5.150000095367432,4.980000019073486,5.190000057220459,4.960000038146973,2531700,DHT,Tanker,2026-09-22
2019-04-11,2.7042644023895264,5.179999828338623,5.150000095367432,5.199999809265137,5.070000171661377,1259300,DHT,Tanker,2026-09-22
2019-04-12,2.6416172981262207,5.059999942779541,5.230000019073486,5.239999771118164,5.010000228881836,1174300,DHT,Tanker,2026-09-22
2019-04-15,2.646838426589966,5.070000171661377,5.099999904632568,5.159999847412109,5.039999961853027,767800,DHT,Tanker,2026-09-22
2019-04-16,2.636396884918213,5.050000190734863,5.070000171661377,5.099999904632568,5.039999961853027,450700,DHT,Tanker,2026-09-22
2019-04-17,2.578970432281494,4.940000057220459,5.059999942779541,5.090000152587891,4.929999828338623,817500,DHT,Tanker,2026-09-22
2019-04-18,2.5633089542388916,4.909999847412109,4.909999847412109,5.019999980926514,4.909999847412109,754900,DHT,Tanker,2026-09-22
2019-04-22,2.6572797298431396,5.090000152587891,4.909999847412109,5.159999847412109,4.909999847412109,1182900,DHT,Tanker,2026-09-22
2019-04-23,2.6990444660186768,5.170000076293945,5.130000114440918,5.210000038146973,5.119999885559082,855700,DHT,Tanker,2026-09-22
2019-04-24,2.719926118850708,5.210000038146973,5.320000171661377,5.400000095367432,5.110000133514404,1383700,DHT,Tanker,2026-09-22
2019-04-25,2.6938235759735107,5.159999847412109,5.21999979019165,5.25,5.119999885559082,873900,DHT,Tanker,2026-09-22
2019-04-26,2.7147057056427,5.199999809265137,5.110000133514404,5.199999809265137,5.0,1273900,DHT,Tanker,2026-09-22
2019-04-29,2.798236131668091,5.360000133514404,5.190000057220459,5.400000095367432,5.179999828338623,1320000,DHT,Tanker,2026-09-22
2019-04-30,2.7825734615325928,5.329999923706055,5.389999866485596,5.400000095367432,5.25,1091100,DHT,Tanker,2026-09-22
2019-05-01,2.8295586109161377,5.420000076293945,5.340000152587891,5.46999979019165,5.269999980926514,1080000,DHT,Tanker,2026-09-22
2019-05-02,2.8399999141693115,5.440000057220459,5.369999885559082,5.550000190734863,5.369999885559082,1144800,DHT,Tanker,2026-09-22
2019-05-03,2.9757351875305176,5.699999809265137,5.510000228881836,5.78000020980835,5.510000228881836,2332700,DHT,Tanker,2026-09-22
2019-05-06,2.9287497997283936,5.610000133514404,5.590000152587891,5.619999885559082,5.409999847412109,1696200,DHT,Tanker,2026-09-22
2019-05-07,2.871324300765991,5.5,5.570000171661377,5.579999923706055,5.449999809265137,813000,DHT,Tanker,2026-09-22
2019-05-08,2.9600729942321777,5.670000076293945,5.480000019073486,5.71999979019165,5.480000019073486,1222600,DHT,Tanker,2026-09-22
2019-05-09,3.069706916809082,5.880000114440918,5.699999809265137,5.96999979019165,5.619999885559082,3294300,DHT,Tanker,2026-09-22
2019-05-10,3.0279412269592285,5.800000190734863,5.949999809265137,5.949999809265137,5.75,1981100,DHT,Tanker,2026-09-22
2019-05-13,3.0227203369140625,5.789999961853027,5.699999809265137,5.809999942779541,5.610000133514404,2302000,DHT,Tanker,2026-09-22
2019-05-14,3.0801467895507812,5.900000095367432,5.849999904632568,6.0,5.820000171661377,1677400,DHT,Tanker,2026-09-22
2019-05-15,3.0801467895507812,5.900000095367432,5.900000095367432,6.059999942779541,5.880000114440918,1960100,DHT,Tanker,2026-09-22
2019-05-16,3.1688971519470215,6.070000171661377,5.940000057220459,6.119999885559082,5.940000057220459,2374200,DHT,Tanker,2026-09-22
2019-05-17,3.148014783859253,6.03000020980835,6.039999961853027,6.150000095367432,6.010000228881836,1845700,DHT,Tanker,2026-09-22
2019-05-20,3.1638875007629395,5.980000019073486,5.96999979019165,6.079999923706055,5.960000038146973,1217100,DHT,Tanker,2026-09-22
2019-05-21,3.1215603351593018,5.900000095367432,6.0,6.010000228881836,5.860000133514404,876000,DHT,Tanker,2026-09-22
2019-05-22,3.068652391433716,5.800000190734863,5.840000152587891,5.920000076293945,5.769999980926514,861900,DHT,Tanker,2026-09-22
2019-05-23,2.968127727508545,5.610000133514404,5.710000038146973,5.739999771118164,5.380000114440918,2999400,DHT,Tanker,2026-09-22
2019-05-24,3.021035671234131,5.710000038146973,5.650000095367432,5.71999979019165,5.610000133514404,550400,DHT,Tanker,2026-09-22
2019-05-28,2.968127727508545,5.610000133514404,5.699999809265137,5.71999979019165,5.590000152587891,791700,DHT,Tanker,2026-09-22
2019-05-29,3.0157454013824463,5.699999809265137,5.550000190734863,5.71999979019165,5.480000019073486,1357900,DHT,Tanker,2026-09-22
2019-05-30,2.9575464725494385,5.590000152587891,5.699999809265137,5.760000228881836,5.590000152587891,987000,DHT,Tanker,2026-09-22
2019-05-31,2.9416744709014893,5.559999942779541,5.489999771118164,5.619999885559082,5.460000038146973,962600,DHT,Tanker,2026-09-22
2019-06-03,2.968127727508545,5.610000133514404,5.550000190734863,5.619999885559082,5.510000228881836,1307400,DHT,Tanker,2026-09-22
2019-06-04,3.0369083881378174,5.739999771118164,5.590000152587891,5.739999771118164,5.579999923706055,985100,DHT,Tanker,2026-09-22
2019-06-05,2.978710412979126,5.630000114440918,5.71999979019165,5.71999979019165,5.570000171661377,657600,DHT,Tanker,2026-09-22
2019-06-06,3.0157454013824463,5.699999809265137,5.599999904632568,5.71999979019165,5.579999923706055,629400,DHT,Tanker,2026-09-22
2019-06-07,3.0316174030303955,5.730000019073486,5.679999828338623,5.820000171661377,5.650000095367432,590700,DHT,Tanker,2026-09-22
2019-06-10,2.9998724460601807,5.670000076293945,5.730000019073486,5.75,5.639999866485596,529100,DHT,Tanker,2026-09-22
2019-06-11,2.9522547721862793,5.579999923706055,5.699999809265137,5.699999809265137,5.440000057220459,932500,DHT,Tanker,2026-09-22
2019-06-12,2.772368907928467,5.239999771118164,5.519999980926514,5.519999980926514,5.230000019073486,1576100,DHT,Tanker,2026-09-22
2019-06-13,2.9522547721862793,5.579999923706055,5.599999904632568,5.619999885559082,5.420000076293945,1820900,DHT,Tanker,2026-09-22
2019-06-14,2.8781845569610596,5.440000057220459,5.610000133514404,5.639999866485596,5.429999828338623,648100,DHT,Tanker,2026-09-22
2019-06-17,2.946965217590332,5.570000171661377,5.429999828338623,5.599999904632568,5.400000095367432,614200,DHT,Tanker,2026-09-22
2019-06-18,2.9628379344940186,5.599999904632568,5.599999904632568,5.670000076293945,5.53000020980835,648300,DHT,Tanker,2026-09-22
2019-06-19,2.9575464725494385,5.590000152587891,5.579999923706055,5.690000057220459,5.559999942779541,750000,DHT,Tanker,2026-09-22
2019-06-20,2.9998724460601807,5.670000076293945,5.659999847412109,5.75,5.619999885559082,698000,DHT,Tanker,2026-09-22
2019-06-21,2.9310925006866455,5.539999961853027,5.639999866485596,5.679999828338623,5.539999961853027,837700,DHT,Tanker,2026-09-22
2019-06-24,2.9099299907684326,5.5,5.550000190734863,5.570000171661377,5.420000076293945,472400,DHT,Tanker,2026-09-22
2019-06-25,2.989290475845337,5.650000095367432,5.5,5.670000076293945,5.5,512000,DHT,Tanker,2026-09-22
2019-06-26,2.9998724460601807,5.670000076293945,5.699999809265137,5.730000019073486,5.639999866485596,694600,DHT,Tanker,2026-09-22
2019-06-27,2.9839999675750732,5.639999866485596,5.679999828338623,5.71999979019165,5.630000114440918,638600,DHT,Tanker,2026-09-22
2019-06-28,3.1268515586853027,5.909999847412109,5.670000076293945,5.949999809265137,5.639999866485596,1952000,DHT,Tanker,2026-09-22
2019-07-01,3.116269826889038,5.889999866485596,5.929999828338623,6.0,5.849999904632568,1021400,DHT,Tanker,2026-09-22
2019-07-02,3.13743257522583,5.929999828338623,5.889999866485596,5.960000038146973,5.849999904632568,742200,DHT,Tanker,2026-09-22
2019-07-03,3.1003975868225098,5.860000133514404,5.940000057220459,5.960000038146973,5.789999961853027,396500,DHT,Tanker,2026-09-22
2019-07-05,3.195631265640259,6.039999961853027,5.860000133514404,6.110000133514404,5.840000152587891,812600,DHT,Tanker,2026-09-22
2019-07-08,3.1638875007629395,5.980000019073486,6.050000190734863,6.059999942779541,5.929999828338623,643900,DHT,Tanker,2026-09-22
2019-07-09,3.1691782474517822,5.989999771118164,5.960000038146973,6.0,5.909999847412109,764800,DHT,Tanker,2026-09-22
2019-07-10,3.1585958003997803,5.96999979019165,6.0,6.050000190734863,5.949999809265137,863300,DHT,Tanker,2026-09-22
2019-07-11,3.1744682788848877,6.0,5.989999771118164,6.010000228881836,5.940000057220459,1080200,DHT,Tanker,2026-09-22
2019-07-12,3.1638875007629395,5.980000019073486,5.980000019073486,6.050000190734863,5.980000019073486,732000,DHT,Tanker,2026-09-22
2019-07-15,3.1003975868225098,5.860000133514404,5.960000038146973,6.03000020980835,5.809999942779541,959700,DHT,Tanker,2026-09-22
2019-07-16,3.1533050537109375,5.960000038146973,5.860000133514404,5.980000019073486,5.809999942779541,1486800,DHT,Tanker,2026-09-22
2019-07-17,3.1109793186187744,5.880000114440918,5.980000019073486,5.989999771118164,5.820000171661377,1255100,DHT,Tanker,2026-09-22
2019-07-18,3.1056880950927734,5.869999885559082,5.860000133514404,5.900000095367432,5.809999942779541,471100,DHT,Tanker,2026-09-22
2019-07-19,3.089816093444824,5.840000152587891,5.829999923706055,5.909999847412109,5.739999771118164,767600,DHT,Tanker,2026-09-22
2019-07-22,3.1056880950927734,5.869999885559082,5.840000152587891,5.889999866485596,5.820000171661377,1437400,DHT,Tanker,2026-09-22
2019-07-23,3.195631265640259,6.039999961853027,5.900000095367432,6.050000190734863,5.880000114440918,786600,DHT,Tanker,2026-09-22
2019-07-24,3.2802841663360596,6.199999809265137,6.010000228881836,6.239999771118164,6.010000228881836,1707700,DHT,Tanker,2026-09-22
2019-07-25,3.1215603351593018,5.900000095367432,6.179999828338623,6.239999771118164,5.880000114440918,1455100,DHT,Tanker,2026-09-22
2019-07-26,3.1268515586853027,5.909999847412109,5.909999847412109,5.949999809265137,5.840000152587891,740400,DHT,Tanker,2026-09-22
2019-07-29,2.9839999675750732,5.639999866485596,5.929999828338623,5.989999771118164,5.619999885559082,1121200,DHT,Tanker,2026-09-22
2019-07-30,2.989290475845337,5.650000095367432,5.599999904632568,5.679999828338623,5.53000020980835,1612000,DHT,Tanker,2026-09-22
2019-07-31,2.989290475845337,5.650000095367432,5.670000076293945,5.730000019073486,5.579999923706055,1100600,DHT,Tanker,2026-09-22
2019-08-01,2.968127727508545,5.610000133514404,5.630000114440918,5.730000019073486,5.579999923706055,571300,DHT,Tanker,2026-09-22
2019-08-02,2.915220022201538,5.510000228881836,5.590000152587891,5.650000095367432,5.420000076293945,848400,DHT,Tanker,2026-09-22
2019-08-05,2.8094053268432617,5.309999942779541,5.400000095367432,5.400000095367432,5.119999885559082,1671400,DHT,Tanker,2026-09-22
2019-08-06,2.9046390056610107,5.489999771118164,5.380000114440918,5.630000114440918,5.380000114440918,1037300,DHT,Tanker,2026-09-22
2019-08-07,2.888766288757324,5.460000038146973,5.300000190734863,5.559999942779541,5.25,1324900,DHT,Tanker,2026-09-22
2019-08-08,2.8993473052978516,5.480000019073486,5.510000228881836,5.53000020980835,5.369999885559082,1194500,DHT,Tanker,2026-09-22
2019-08-09,2.793532609939575,5.28000020980835,5.46999979019165,5.46999979019165,5.269999980926514,788600,DHT,Tanker,2026-09-22
2019-08-12,2.772368907928467,5.239999771118164,5.210000038146973,5.369999885559082,5.170000076293945,933300,DHT,Tanker,2026-09-22
2019-08-13,2.788241147994995,5.269999980926514,5.210000038146973,5.420000076293945,5.150000095367432,1058400,DHT,Tanker,2026-09-22
2019-08-14,2.7459146976470947,5.190000057220459,5.159999847412109,5.25,5.099999904632568,1018000,DHT,Tanker,2026-09-22
2019-08-15,2.740624189376831,5.179999828338623,5.199999809265137,5.199999809265137,5.090000152587891,688500,DHT,Tanker,2026-09-22
2019-08-16,2.8146958351135254,5.320000171661377,5.190000057220459,5.429999828338623,5.139999866485596,1300000,DHT,Tanker,2026-09-22
2019-08-19,2.989290475845337,5.650000095367432,5.389999866485596,5.679999828338623,5.090000152587891,1429800,DHT,Tanker,2026-09-22
2019-08-20,2.9099299907684326,5.5,5.659999847412109,5.739999771118164,5.489999771118164,1178000,DHT,Tanker,2026-09-22
2019-08-21,3.0214412212371826,5.690000057220459,5.559999942779541,5.739999771118164,5.539999961853027,1270200,DHT,Tanker,2026-09-22
2019-08-22,3.0161314010620117,5.679999828338623,5.690000057220459,5.71999979019165,5.630000114440918,902800,DHT,Tanker,2026-09-22
2019-08-23,2.9152398109436035,5.489999771118164,5.630000114440918,5.650000095367432,5.380000114440918,1392200,DHT,Tanker,2026-09-22
2019-08-26,2.8621387481689453,5.389999866485596,5.550000190734863,5.559999942779541,5.289999961853027,1009500,DHT,Tanker,2026-09-22
2019-08-27,2.9471001625061035,5.550000190734863,5.46999979019165,5.639999866485596,5.449999809265137,1001100,DHT,Tanker,2026-09-22
2019-08-28,3.0108211040496826,5.670000076293945,5.570000171661377,5.75,5.519999980926514,867100,DHT,Tanker,2026-09-22
2019-08-29,3.0214412212371826,5.690000057220459,5.730000019073486,5.820000171661377,5.679999828338623,589600,DHT,Tanker,2026-09-22
2019-08-30,2.9842708110809326,5.619999885559082,5.710000038146973,5.730000019073486,5.599999904632568,370500,DHT,Tanker,2026-09-22
2019-09-03,2.9471001625061035,5.550000190734863,5.539999961853027,5.570000171661377,5.409999847412109,646000,DHT,Tanker,2026-09-22
2019-09-04,2.9789602756500244,5.610000133514404,5.630000114440918,5.670000076293945,5.550000190734863,832800,DHT,Tanker,2026-09-22
2019-09-05,3.0533010959625244,5.75,5.659999847412109,5.800000190734863,5.619999885559082,839400,DHT,Tanker,2026-09-22
2019-09-06,3.0426812171936035,5.730000019073486,5.78000020980835,5.860000133514404,5.710000038146973,635100,DHT,Tanker,2026-09-22
2019-09-09,3.0798521041870117,5.800000190734863,5.800000190734863,5.900000095367432,5.71999979019165,958200,DHT,Tanker,2026-09-22
2019-09-10,3.111713171005249,5.860000133514404,5.769999980926514,5.940000057220459,5.730000019073486,988000,DHT,Tanker,2026-09-22
2019-09-11,3.090473175048828,5.820000171661377,5.900000095367432,5.900000095367432,5.699999809265137,2083800,DHT,Tanker,2026-09-22
2019-09-12,3.13295316696167,5.900000095367432,5.78000020980835,5.929999828338623,5.75,1590600,DHT,Tanker,2026-09-22
2019-09-13,3.223224401473999,6.070000171661377,5.929999828338623,6.110000133514404,5.880000114440918,1611100,DHT,Tanker,2026-09-22
2019-09-16,3.143573760986328,5.920000076293945,6.190000057220459,6.360000133514404,5.880000114440918,2407300,DHT,Tanker,2026-09-22
2019-09-17,3.159503698348999,5.949999809265137,5.880000114440918,6.010000228881836,5.78000020980835,1267900,DHT,Tanker,2026-09-22
2019-09-18,3.111713171005249,5.860000133514404,5.920000076293945,5.980000019073486,5.809999942779541,1040500,DHT,Tanker,2026-09-22
2019-09-19,3.095782995223999,5.829999923706055,5.880000114440918,5.980000019073486,5.820000171661377,1376700,DHT,Tanker,2026-09-22
2019-09-20,3.1913645267486572,6.010000228881836,5.840000152587891,6.039999961853027,5.840000152587891,1590400,DHT,Tanker,2026-09-22
2019-09-23,3.180744171142578,5.989999771118164,5.96999979019165,6.079999923706055,5.96999979019165,632900,DHT,Tanker,2026-09-22
2019-09-24,3.154193162918091,5.940000057220459,5.96999979019165,6.010000228881836,5.909999847412109,891500,DHT,Tanker,2026-09-22
2019-09-25,3.1913645267486572,6.010000228881836,5.900000095367432,6.019999980926514,5.869999885559082,700200,DHT,Tanker,2026-09-22
2019-09-26,3.223224401473999,6.070000171661377,6.300000190734863,6.360000133514404,6.050000190734863,3350900,DHT,Tanker,2026-09-22
2019-09-27,3.2019851207733154,6.03000020980835,6.070000171661377,6.159999847412109,5.980000019073486,1833200,DHT,Tanker,2026-09-22
2019-09-30,3.2657058238983154,6.150000095367432,6.039999961853027,6.179999828338623,6.010000228881836,2088700,DHT,Tanker,2026-09-22
2019-10-01,3.2922565937042236,6.199999809265137,6.190000057220459,6.53000020980835,6.190000057220459,2914000,DHT,Tanker,2026-09-22
2019-10-02,3.4037671089172363,6.409999847412109,6.150000095367432,6.429999828338623,6.150000095367432,2665400,DHT,Tanker,2026-09-22
2019-10-03,3.446249008178711,6.489999771118164,6.400000095367432,6.599999904632568,6.400000095367432,4150600,DHT,Tanker,2026-09-22
2019-10-04,3.653341770172119,6.880000114440918,6.510000228881836,6.880000114440918,6.510000228881836,6390000,DHT,Tanker,2026-09-22
2019-10-07,3.860436201095581,7.269999980926514,7.010000228881836,7.340000152587891,6.949999809265137,4350300,DHT,Tanker,2026-09-22
2019-10-08,3.865745782852173,7.28000020980835,7.269999980926514,7.349999904632568,7.039999961853027,2938000,DHT,Tanker,2026-09-22
2019-10-09,3.8073348999023438,7.170000076293945,7.369999885559082,7.599999904632568,7.119999885559082,3346600,DHT,Tanker,2026-09-22
2019-10-10,3.8710553646087646,7.289999961853027,7.050000190734863,7.440000057220459,6.900000095367432,3182200,DHT,Tanker,2026-09-22
2019-10-11,3.966636896133423,7.46999979019165,7.630000114440918,7.880000114440918,7.429999828338623,4280100,DHT,Tanker,2026-09-22
2019-10-14,4.072839260101318,7.670000076293945,7.5,7.769999980926514,7.449999809265137,2761400,DHT,Tanker,2026-09-22
2019-10-15,3.8179547786712646,7.190000057220459,7.550000190734863,7.550000190734863,7.070000171661377,3192600,DHT,Tanker,2026-09-22
2019-10-16,3.8338840007781982,7.21999979019165,7.190000057220459,7.420000076293945,7.179999828338623,3124000,DHT,Tanker,2026-09-22
2019-10-17,3.929466485977173,7.400000095367432,7.300000190734863,7.489999771118164,7.21999979019165,1793200,DHT,Tanker,2026-09-22
2019-10-18,3.8179547786712646,7.190000057220459,7.360000133514404,7.429999828338623,7.150000095367432,1968500,DHT,Tanker,2026-09-22
2019-10-21,3.8232641220092773,7.199999809265137,7.25,7.329999923706055,7.159999847412109,1600600,DHT,Tanker,2026-09-22
2019-10-22,3.929466485977173,7.400000095367432,7.190000057220459,7.429999828338623,7.170000076293945,2332500,DHT,Tanker,2026-09-22
2019-10-23,4.083459854125977,7.690000057220459,7.420000076293945,7.889999866485596,7.389999866485596,4139800,DHT,Tanker,2026-09-22
2019-10-24,3.9135360717773438,7.369999885559082,7.900000095367432,7.989999771118164,7.190000057220459,5520400,DHT,Tanker,2026-09-22
2019-10-25,4.120630264282227,7.760000228881836,7.420000076293945,7.840000152587891,7.309999942779541,2635000,DHT,Tanker,2026-09-22
2019-10-28,4.04628849029541,7.619999885559082,7.739999771118164,7.760000228881836,7.539999961853027,2007500,DHT,Tanker,2026-09-22
2019-10-29,4.06221866607666,7.650000095367432,7.579999923706055,7.679999828338623,7.5,2303300,DHT,Tanker,2026-09-22
2019-10-30,4.226831912994385,7.960000038146973,7.679999828338623,7.989999771118164,7.590000152587891,2155700,DHT,Tanker,2026-09-22
2019-10-31,4.104700565338135,7.730000019073486,7.949999809265137,7.989999771118164,7.550000190734863,2442600,DHT,Tanker,2026-09-22
2019-11-01,4.136560440063477,7.789999961853027,7.730000019073486,7.889999866485596,7.619999885559082,1745300,DHT,Tanker,2026-09-22
2019-11-04,4.152490139007568,7.820000171661377,7.800000190734863,7.829999923706055,7.71999979019165,1761100,DHT,Tanker,2026-09-22
2019-11-05,4.05690860748291,7.639999866485596,7.809999942779541,7.940000057220459,7.389999866485596,2502800,DHT,Tanker,2026-09-22
2019-11-06,3.9019012451171875,7.300000190734863,7.610000133514404,7.619999885559082,7.159999847412109,2243600,DHT,Tanker,2026-09-22
2019-11-07,3.7629306316375732,7.039999961853027,7.300000190734863,7.320000171661377,6.949999809265137,2150500,DHT,Tanker,2026-09-22
2019-11-08,3.8537960052490234,7.210000038146973,7.010000228881836,7.28000020980835,6.949999809265137,1081800,DHT,Tanker,2026-09-22
2019-11-11,3.83241605758667,7.170000076293945,7.099999904632568,7.199999809265137,7.010000228881836,1074300,DHT,Tanker,2026-09-22
2019-11-12,3.9767324924468994,7.440000057220459,7.239999771118164,7.570000171661377,7.210000038146973,1615400,DHT,Tanker,2026-09-22
2019-11-13,3.966042995452881,7.420000076293945,7.400000095367432,7.519999980926514,7.349999904632568,1746900,DHT,Tanker,2026-09-22
2019-11-14,3.9927680492401123,7.46999979019165,7.46999979019165,7.659999847412109,7.440000057220459,1310000,DHT,Tanker,2026-09-22
2019-11-15,4.126394271850586,7.71999979019165,7.519999980926514,7.739999771118164,7.510000228881836,1354200,DHT,Tanker,2026-09-22
2019-11-18,4.019493579864502,7.519999980926514,7.730000019073486,7.730000019073486,7.409999847412109,1493800,DHT,Tanker,2026-09-22
2019-11-19,3.7468955516815186,7.010000228881836,6.980000019073486,7.150000095367432,6.900000095367432,7947100,DHT,Tanker,2026-09-22
2019-11-20,3.9019012451171875,7.300000190734863,7.150000095367432,7.389999866485596,7.119999885559082,5424900,DHT,Tanker,2026-09-22
2019-11-21,3.9820780754089355,7.449999809265137,7.320000171661377,7.489999771118164,7.230000019073486,2054700,DHT,Tanker,2026-09-22
2019-11-22,3.9767324924468994,7.440000057220459,7.510000228881836,7.610000133514404,7.380000114440918,1892000,DHT,Tanker,2026-09-22
2019-11-25,4.056909084320068,7.590000152587891,7.519999980926514,7.639999866485596,7.400000095367432,2157100,DHT,Tanker,2026-09-22
2019-11-26,3.933971881866455,7.360000133514404,7.579999923706055,7.579999923706055,7.349999904632568,2179300,DHT,Tanker,2026-09-22
2019-11-27,3.9446632862091064,7.380000114440918,7.409999847412109,7.449999809265137,7.110000133514404,2293900,DHT,Tanker,2026-09-22
2019-11-29,3.9232828617095947,7.340000152587891,7.380000114440918,7.400000095367432,7.21999979019165,1256900,DHT,Tanker,2026-09-22
2019-12-02,3.83241605758667,7.170000076293945,7.380000114440918,7.409999847412109,7.139999866485596,1866500,DHT,Tanker,2026-09-22
2019-12-03,3.8217251300811768,7.150000095367432,7.130000114440918,7.179999828338623,6.960000038146973,1341900,DHT,Tanker,2026-09-22
2019-12-04,3.8377602100372314,7.179999828338623,7.150000095367432,7.300000190734863,7.130000114440918,767700,DHT,Tanker,2026-09-22
2019-12-05,3.827070951461792,7.159999847412109,7.239999771118164,7.239999771118164,7.159999847412109,843300,DHT,Tanker,2026-09-22
2019-12-06,3.933971881866455,7.360000133514404,7.239999771118164,7.400000095367432,7.21999979019165,4874800,DHT,Tanker,2026-09-22
2019-12-09,4.00880241394043,7.5,7.369999885559082,7.610000133514404,7.360000133514404,2308000,DHT,Tanker,2026-09-22
2019-12-10,4.0408735275268555,7.559999942779541,7.489999771118164,7.75,7.460000038146973,1913800,DHT,Tanker,2026-09-22
2019-12-11,3.9874234199523926,7.460000038146973,7.579999923706055,7.579999923706055,7.369999885559082,2686100,DHT,Tanker,2026-09-22
2019-12-12,3.8537960052490234,7.210000038146973,7.449999809265137,7.480000019073486,7.199999809265137,1827900,DHT,Tanker,2026-09-22
2019-12-13,3.8537960052490234,7.210000038146973,7.230000019073486,7.300000190734863,7.159999847412109,1535600,DHT,Tanker,2026-09-22
2019-12-16,3.9500064849853516,7.389999866485596,7.28000020980835,7.46999979019165,7.260000228881836,1108100,DHT,Tanker,2026-09-22
2019-12-17,3.880521297454834,7.260000228881836,7.420000076293945,7.460000038146973,7.25,1382600,DHT,Tanker,2026-09-22
2019-12-18,3.933971881866455,7.360000133514404,7.289999961853027,7.429999828338623,7.289999961853027,1132200,DHT,Tanker,2026-09-22
2019-12-19,4.195880889892578,7.849999904632568,7.449999809265137,7.889999866485596,7.449999809265137,3025900,DHT,Tanker,2026-09-22
2019-12-20,4.056909084320068,7.590000152587891,7.849999904632568,7.869999885559082,7.550000190734863,2654600,DHT,Tanker,2026-09-22
2019-12-23,4.206570148468018,7.869999885559082,7.599999904632568,7.96999979019165,7.599999904632568,2290100,DHT,Tanker,2026-09-22
2019-12-24,4.217260360717773,7.889999866485596,7.849999904632568,8.0,7.800000190734863,1090900,DHT,Tanker,2026-09-22
2019-12-26,4.313471794128418,8.069999694824219,7.900000095367432,8.430000305175781,7.900000095367432,2405200,DHT,Tanker,2026-09-22
2019-12-27,4.233295917510986,7.920000076293945,8.119999885559082,8.149999618530273,7.840000152587891,1767400,DHT,Tanker,2026-09-22
2019-12-30,4.308126926422119,8.0600004196167,7.940000057220459,8.289999961853027,7.929999828338623,2518300,DHT,Tanker,2026-09-22
2019-12-31,4.425719738006592,8.279999732971191,8.050000190734863,8.329999923706055,8.029999732971191,2257800,DHT,Tanker,2026-09-22
2020-01-02,4.489860534667969,8.399999618530273,8.430000305175781,8.550000190734863,8.329999923706055,3647000,DHT,Tanker,2026-09-22
2020-01-03,4.591416835784912,8.59000015258789,8.420000076293945,8.829999923706055,8.390000343322754,3395900,DHT,Tanker,2026-09-22
2020-01-06,4.489860534667969,8.399999618530273,8.619999885559082,8.670000076293945,8.369999885559082,2678000,DHT,Tanker,2026-09-22
2020-01-07,4.521931171417236,8.460000038146973,8.460000038146973,8.520000457763672,8.380000114440918,2914800,DHT,Tanker,2026-09-22
2020-01-08,4.2974371910095215,8.039999961853027,8.489999771118164,8.630000114440918,7.949999809265137,4196400,DHT,Tanker,2026-09-22
2020-01-09,4.39364767074585,8.220000267028809,8.079999923706055,8.270000457763672,8.0600004196167,3741400,DHT,Tanker,2026-09-22
2020-01-10,4.217260360717773,7.889999866485596,8.279999732971191,8.300000190734863,7.860000133514404,4013300,DHT,Tanker,2026-09-22
2020-01-13,4.169155120849609,7.800000190734863,7.929999828338623,8.010000228881836,7.639999866485596,4002200,DHT,Tanker,2026-09-22
2020-01-14,4.110360145568848,7.690000057220459,7.849999904632568,7.980000019073486,7.639999866485596,3479100,DHT,Tanker,2026-09-22
2020-01-15,3.891212224960327,7.28000020980835,7.630000114440918,7.639999866485596,7.150000095367432,6556000,DHT,Tanker,2026-09-22
2020-01-16,3.8644864559173584,7.230000019073486,7.300000190734863,7.389999866485596,7.139999866485596,2850800,DHT,Tanker,2026-09-22
2020-01-17,4.014147758483887,7.510000228881836,7.289999961853027,7.619999885559082,7.289999961853027,6043100,DHT,Tanker,2026-09-22
2020-01-21,3.88586688041687,7.269999980926514,7.449999809265137,7.550000190734863,7.269999980926514,3108400,DHT,Tanker,2026-09-22
2020-01-22,3.8377602100372314,7.179999828338623,7.260000228881836,7.309999942779541,7.099999904632568,3384700,DHT,Tanker,2026-09-22
2020-01-23,3.7308597564697266,6.980000019073486,6.96999979019165,7.059999942779541,6.75,4854900,DHT,Tanker,2026-09-22
2020-01-24,3.586542844772339,6.710000038146973,6.909999847412109,6.920000076293945,6.510000228881836,6261600,DHT,Tanker,2026-09-22
2020-01-27,3.4582607746124268,6.46999979019165,6.349999904632568,6.570000171661377,6.190000057220459,4622000,DHT,Tanker,2026-09-22
2020-01-28,3.3620495796203613,6.289999961853027,6.460000038146973,6.559999942779541,6.28000020980835,4289000,DHT,Tanker,2026-09-22
2020-01-29,3.3513596057891846,6.269999980926514,6.309999942779541,6.340000152587891,6.210000038146973,2942900,DHT,Tanker,2026-09-22
2020-01-30,3.2337682247161865,6.050000190734863,6.159999847412109,6.210000038146973,5.889999866485596,5856000,DHT,Tanker,2026-09-22
2020-01-31,3.009275197982788,5.630000114440918,5.989999771118164,6.059999942779541,5.619999885559082,6837500,DHT,Tanker,2026-09-22
2020-02-03,3.014620304107666,5.639999866485596,5.659999847412109,5.789999961853027,5.420000076293945,5184700,DHT,Tanker,2026-09-22
2020-02-04,3.0253100395202637,5.659999847412109,5.800000190734863,5.889999866485596,5.650000095367432,3180500,DHT,Tanker,2026-09-22
2020-02-05,3.089451313018799,5.78000020980835,5.75,5.909999847412109,5.739999771118164,3745200,DHT,Tanker,2026-09-22
2020-02-06,3.0253100395202637,5.659999847412109,5.650000095367432,5.880000114440918,5.550000190734863,5769400,DHT,Tanker,2026-09-22
2020-02-07,2.8596129417419434,5.349999904632568,5.53000020980835,5.53000020980835,5.159999847412109,8899200,DHT,Tanker,2026-09-22
2020-02-10,3.06272554397583,5.730000019073486,5.309999942779541,5.920000076293945,5.260000228881836,8488700,DHT,Tanker,2026-09-22
2020-02-11,3.100141763687134,5.800000190734863,5.829999923706055,6.090000152587891,5.789999961853027,4195200,DHT,Tanker,2026-09-22
2020-02-12,3.142902374267578,5.880000114440918,5.909999847412109,6.150000095367432,5.869999885559082,3769300,DHT,Tanker,2026-09-22
2020-02-13,3.153592348098755,5.900000095367432,5.889999866485596,6.010000228881836,5.78000020980835,3113600,DHT,Tanker,2026-09-22
2020-02-14,3.1592440605163574,5.590000152587891,5.610000133514404,5.690000057220459,5.510000228881836,2117300,DHT,Tanker,2026-09-22
2020-02-18,3.1535918712615967,5.579999923706055,5.570000171661377,5.610000133514404,5.360000133514404,3643000,DHT,Tanker,2026-09-22
2020-02-19,3.1931519508361816,5.650000095367432,5.610000133514404,5.71999979019165,5.449999809265137,2939000,DHT,Tanker,2026-09-22
2020-02-20,3.170546293258667,5.610000133514404,5.670000076293945,5.820000171661377,5.510000228881836,1653500,DHT,Tanker,2026-09-22
2020-02-21,3.114030361175537,5.510000228881836,5.559999942779541,5.559999942779541,5.309999942779541,1803800,DHT,Tanker,2026-09-22
2020-02-24,2.8936190605163574,5.119999885559082,5.199999809265137,5.25,5.090000152587891,2723700,DHT,Tanker,2026-09-22
2020-02-25,2.8257994651794434,5.0,5.190000057220459,5.260000228881836,4.980000019073486,3884500,DHT,Tanker,2026-09-22
2020-02-26,2.9331796169281006,5.190000057220459,5.039999961853027,5.369999885559082,5.010000228881836,3084500,DHT,Tanker,2026-09-22
2020-02-27,2.950134754180908,5.21999979019165,5.039999961853027,5.429999828338623,4.860000133514404,3778000,DHT,Tanker,2026-09-22
2020-02-28,3.1366374492645264,5.550000190734863,5.199999809265137,5.570000171661377,5.170000076293945,4403200,DHT,Tanker,2026-09-22
2020-03-02,3.249669075012207,5.75,5.570000171661377,5.760000228881836,5.369999885559082,5064000,DHT,Tanker,2026-09-22
2020-03-03,3.0914242267608643,5.46999979019165,5.760000228881836,5.769999980926514,5.389999866485596,2827600,DHT,Tanker,2026-09-22
2020-03-04,3.0801212787628174,5.449999809265137,5.590000152587891,5.610000133514404,5.309999942779541,1752700,DHT,Tanker,2026-09-22
2020-03-05,2.7749345302581787,4.909999847412109,5.300000190734863,5.360000133514404,4.829999923706055,3571500,DHT,Tanker,2026-09-22
2020-03-06,2.9105730056762695,5.150000095367432,4.800000190734863,5.21999979019165,4.769999980926514,2404000,DHT,Tanker,2026-09-22
2020-03-09,3.017953872680664,5.340000152587891,5.650000095367432,5.71999979019165,5.260000228881836,6992900,DHT,Tanker,2026-09-22
2020-03-10,3.458778142929077,6.119999885559082,5.599999904632568,6.409999847412109,5.599999904632568,12043600,DHT,Tanker,2026-09-22
2020-03-11,3.419217824935913,6.050000190734863,6.340000152587891,6.53000020980835,5.690000057220459,9516400,DHT,Tanker,2026-09-22
2020-03-12,3.6791908740997314,6.510000228881836,5.820000171661377,6.590000152587891,5.449999809265137,5731900,DHT,Tanker,2026-09-22
2020-03-13,3.730055093765259,6.599999904632568,6.909999847412109,6.949999809265137,6.369999885559082,6337800,DHT,Tanker,2026-09-22
2020-03-16,3.2835793495178223,5.809999942779541,6.079999923706055,6.190000057220459,5.480000019073486,4844000,DHT,Tanker,2026-09-22
2020-03-17,3.277927875518799,5.800000190734863,5.869999885559082,6.300000190734863,5.5,3710400,DHT,Tanker,2026-09-22
2020-03-18,3.017953872680664,5.340000152587891,5.519999980926514,6.070000171661377,5.110000133514404,4142400,DHT,Tanker,2026-09-22
2020-03-19,3.1648952960968018,5.599999904632568,5.389999866485596,5.739999771118164,4.860000133514404,3652700,DHT,Tanker,2026-09-22
2020-03-20,3.1253342628479004,5.53000020980835,5.840000152587891,6.090000152587891,5.230000019073486,6328400,DHT,Tanker,2026-09-22
2020-03-23,3.323139190673828,5.880000114440918,5.75,6.039999961853027,5.489999771118164,5576500,DHT,Tanker,2026-09-22
2020-03-24,3.628326416015625,6.420000076293945,6.210000038146973,6.570000171661377,6.019999980926514,5711900,DHT,Tanker,2026-09-22
2020-03-25,3.4870362281799316,6.170000076293945,6.519999980926514,6.650000095367432,6.150000095367432,4572500,DHT,Tanker,2026-09-22
2020-03-26,3.7752678394317627,6.679999828338623,6.179999828338623,6.800000190734863,5.909999847412109,5924800,DHT,Tanker,2026-09-22
2020-03-27,3.8996028900146484,6.900000095367432,6.599999904632568,7.349999904632568,6.269999980926514,9364100,DHT,Tanker,2026-09-22
2020-03-30,4.493021011352539,7.949999809265137,7.550000190734863,8.0,7.349999904632568,14381700,DHT,Tanker,2026-09-22
2020-03-31,4.334776401519775,7.670000076293945,7.880000114440918,7.940000057220459,7.420000076293945,6140700,DHT,Tanker,2026-09-22
2020-04-01,4.385640621185303,7.760000228881836,7.670000076293945,8.220000267028809,7.409999847412109,5648500,DHT,Tanker,2026-09-22
2020-04-02,3.684842109680176,6.519999980926514,7.599999904632568,7.699999809265137,6.0,12579600,DHT,Tanker,2026-09-22
2020-04-03,3.4248690605163574,6.059999942779541,6.159999847412109,6.5,5.610000133514404,7269200,DHT,Tanker,2026-09-22
2020-04-06,3.470081329345703,6.139999866485596,6.400000095367432,6.690000057220459,6.070000171661377,5349500,DHT,Tanker,2026-09-22
2020-04-07,3.470081329345703,6.139999866485596,6.170000076293945,6.409999847412109,5.940000057220459,7750700,DHT,Tanker,2026-09-22
2020-04-08,3.4757330417633057,6.150000095367432,6.300000190734863,6.46999979019165,6.099999904632568,4202000,DHT,Tanker,2026-09-22
2020-04-09,3.684842109680176,6.519999980926514,6.260000228881836,6.650000095367432,5.510000228881836,9017300,DHT,Tanker,2026-09-22
2020-04-13,3.707448959350586,6.559999942779541,6.869999885559082,7.070000171661377,6.46999979019165,4799100,DHT,Tanker,2026-09-22
2020-04-14,3.90525484085083,6.909999847412109,6.579999923706055,6.989999771118164,6.539999961853027,3962700,DHT,Tanker,2026-09-22
2020-04-15,3.9674229621887207,7.019999980926514,6.920000076293945,7.199999809265137,6.730000019073486,4913800,DHT,Tanker,2026-09-22
2020-04-16,4.153925895690918,7.349999904632568,7.119999885559082,7.389999866485596,7.059999942779541,3715500,DHT,Tanker,2026-09-22
2020-04-17,4.28391170501709,7.579999923706055,7.400000095367432,7.599999904632568,7.329999923706055,4446100,DHT,Tanker,2026-09-22
2020-04-20,4.606052875518799,8.149999618530273,8.100000381469727,8.5,7.480000019073486,11830400,DHT,Tanker,2026-09-22
2020-04-21,4.781252384185791,8.460000038146973,8.5,8.680000305175781,8.199999809265137,9889400,DHT,Tanker,2026-09-22
2020-04-22,4.719085693359375,8.350000381469727,8.640000343322754,8.680000305175781,8.130000114440918,7857000,DHT,Tanker,2026-09-22
2020-04-23,4.493021011352539,7.949999809265137,8.449999809265137,8.5,7.599999904632568,7522800,DHT,Tanker,2026-09-22
2020-04-24,4.363033771514893,7.71999979019165,7.800000190734863,7.829999923706055,7.650000095367432,4828700,DHT,Tanker,2026-09-22
2020-04-27,4.7416911125183105,8.390000343322754,8.239999771118164,8.649999618530273,8.100000381469727,12054100,DHT,Tanker,2026-09-22
2020-04-28,4.566491603851318,8.079999923706055,8.550000190734863,8.640000343322754,7.840000152587891,8908800,DHT,Tanker,2026-09-22
2020-04-29,4.1143646240234375,7.28000020980835,7.949999809265137,7.949999809265137,7.170000076293945,11307000,DHT,Tanker,2026-09-22
2020-04-30,4.103060245513916,7.260000228881836,7.269999980926514,7.590000152587891,7.119999885559082,5389900,DHT,Tanker,2026-09-22
2020-05-01,4.012635231018066,7.099999904632568,7.21999979019165,7.519999980926514,7.050000190734863,9552400,DHT,Tanker,2026-09-22
2020-05-04,4.1765313148498535,7.389999866485596,7.260000228881836,7.53000020980835,7.099999904632568,6768900,DHT,Tanker,2026-09-22
2020-05-05,3.8600423336029053,6.829999923706055,7.5,7.519999980926514,6.800000190734863,10175100,DHT,Tanker,2026-09-22
2020-05-06,3.5661580562591553,6.309999942779541,7.139999866485596,7.139999866485596,6.25,10990300,DHT,Tanker,2026-09-22
2020-05-07,3.741358757019043,6.619999885559082,6.349999904632568,6.619999885559082,6.25,6008900,DHT,Tanker,2026-09-22
2020-05-08,3.7978742122650146,6.71999979019165,6.699999809265137,6.739999771118164,6.519999980926514,3513500,DHT,Tanker,2026-09-22
2020-05-11,3.707448959350586,6.559999942779541,6.730000019073486,6.739999771118164,6.429999828338623,3501800,DHT,Tanker,2026-09-22
2020-05-12,3.617022752761841,6.400000095367432,6.489999771118164,6.559999942779541,6.28000020980835,4224700,DHT,Tanker,2026-09-22
2020-05-13,3.667886734008789,6.489999771118164,6.400000095367432,6.519999980926514,6.199999809265137,4810200,DHT,Tanker,2026-09-22
2020-05-14,3.549204111099243,6.28000020980835,6.400000095367432,6.409999847412109,6.099999904632568,4471800,DHT,Tanker,2026-09-22
2020-05-15,3.571810722351074,6.320000171661377,6.309999942779541,6.480000019073486,6.210000038146973,4408700,DHT,Tanker,2026-09-22
2020-05-18,3.6017251014709473,6.019999980926514,6.03000020980835,6.099999904632568,5.699999809265137,8363000,DHT,Tanker,2026-09-22
2020-05-19,3.4641177654266357,5.789999961853027,6.0,6.090000152587891,5.769999980926514,3886600,DHT,Tanker,2026-09-22
2020-05-20,3.4342026710510254,5.739999771118164,5.829999923706055,5.920000076293945,5.670000076293945,4611600,DHT,Tanker,2026-09-22
2020-05-21,3.3743736743927,5.639999866485596,5.800000190734863,5.800000190734863,5.570000171661377,4022900,DHT,Tanker,2026-09-22
2020-05-22,3.404287576675415,5.690000057220459,5.599999904632568,5.730000019073486,5.440000057220459,3253000,DHT,Tanker,2026-09-22
2020-05-26,3.458134412765503,5.78000020980835,5.699999809265137,5.949999809265137,5.579999923706055,5193200,DHT,Tanker,2026-09-22
2020-05-27,3.703434705734253,6.190000057220459,5.929999828338623,6.21999979019165,5.900000095367432,5005400,DHT,Tanker,2026-09-22
2020-05-28,3.589759349822998,6.0,6.329999923706055,6.340000152587891,5.940000057220459,3854500,DHT,Tanker,2026-09-22
2020-05-29,3.553861618041992,5.940000057220459,5.940000057220459,6.039999961853027,5.860000133514404,2437600,DHT,Tanker,2026-09-22
2020-06-01,3.619673013687134,6.050000190734863,5.980000019073486,6.239999771118164,5.940000057220459,3011500,DHT,Tanker,2026-09-22
2020-06-02,3.5299291610717773,5.900000095367432,5.96999979019165,5.980000019073486,5.679999828338623,4148200,DHT,Tanker,2026-09-22
2020-06-03,3.410271644592285,5.699999809265137,5.869999885559082,6.03000020980835,5.659999847412109,4581100,DHT,Tanker,2026-09-22
2020-06-04,3.3863396644592285,5.659999847412109,5.650000095367432,5.690000057220459,5.570000171661377,2728500,DHT,Tanker,2026-09-22
2020-06-05,3.523946762084961,5.889999866485596,5.800000190734863,5.949999809265137,5.699999809265137,4571700,DHT,Tanker,2026-09-22
2020-06-08,3.733349323272705,6.239999771118164,6.010000228881836,6.25,5.989999771118164,4860300,DHT,Tanker,2026-09-22
2020-06-09,3.6914689540863037,6.170000076293945,6.159999847412109,6.340000152587891,6.0,3941500,DHT,Tanker,2026-09-22
2020-06-10,3.5837759971618652,5.989999771118164,6.170000076293945,6.190000057220459,5.880000114440918,3492700,DHT,Tanker,2026-09-22
2020-06-11,3.452151298522949,5.769999980926514,5.840000152587891,6.019999980926514,5.710000038146973,4992000,DHT,Tanker,2026-09-22
2020-06-12,3.535912275314331,5.909999847412109,5.980000019073486,6.019999980926514,5.78000020980835,3216100,DHT,Tanker,2026-09-22
2020-06-15,3.500014305114746,5.849999904632568,5.739999771118164,5.96999979019165,5.690000057220459,2691900,DHT,Tanker,2026-09-22
2020-06-16,3.4162538051605225,5.710000038146973,5.989999771118164,5.989999771118164,5.710000038146973,2519000,DHT,Tanker,2026-09-22
2020-06-17,3.3205268383026123,5.550000190734863,5.679999828338623,5.699999809265137,5.539999961853027,3373400,DHT,Tanker,2026-09-22
2020-06-18,3.2427494525909424,5.420000076293945,5.480000019073486,5.570000171661377,5.289999961853027,5262700,DHT,Tanker,2026-09-22
2020-06-19,3.182920217514038,5.320000171661377,5.420000076293945,5.440000057220459,5.25,3656300,DHT,Tanker,2026-09-22
2020-06-22,3.1530063152313232,5.269999980926514,5.300000190734863,5.300000190734863,5.139999866485596,2781200,DHT,Tanker,2026-09-22
2020-06-23,3.1410393714904785,5.25,5.309999942779541,5.329999923706055,5.199999809265137,2502300,DHT,Tanker,2026-09-22
2020-06-24,3.099158763885498,5.179999828338623,5.190000057220459,5.210000038146973,5.050000190734863,3407000,DHT,Tanker,2026-09-22
2020-06-25,3.11112380027771,5.199999809265137,5.179999828338623,5.320000171661377,5.110000133514404,3179600,DHT,Tanker,2026-09-22
2020-06-26,3.015397548675537,5.039999961853027,5.099999904632568,5.179999828338623,5.010000228881836,3623100,DHT,Tanker,2026-09-22
2020-06-29,3.105142116546631,5.190000057220459,5.150000095367432,5.269999980926514,5.050000190734863,2247900,DHT,Tanker,2026-09-22
2020-06-30,3.069244861602783,5.130000114440918,5.139999866485596,5.159999847412109,5.03000020980835,4027000,DHT,Tanker,2026-09-22
2020-07-01,3.218817710876465,5.380000114440918,5.139999866485596,5.420000076293945,5.139999866485596,2623400,DHT,Tanker,2026-09-22
2020-07-02,3.051295518875122,5.099999904632568,5.409999847412109,5.409999847412109,5.050000190734863,3091000,DHT,Tanker,2026-09-22
2020-07-06,3.206851005554199,5.360000133514404,5.170000076293945,5.389999866485596,5.170000076293945,2516400,DHT,Tanker,2026-09-22
2020-07-07,3.105142116546631,5.190000057220459,5.320000171661377,5.409999847412109,5.170000076293945,1533200,DHT,Tanker,2026-09-22
2020-07-08,3.182920217514038,5.320000171661377,5.170000076293945,5.360000133514404,5.150000095367432,1665100,DHT,Tanker,2026-09-22
2020-07-09,3.069244861602783,5.130000114440918,5.340000152587891,5.380000114440918,5.079999923706055,2615100,DHT,Tanker,2026-09-22
2020-07-10,3.2547147274017334,5.440000057220459,5.190000057220459,5.550000190734863,5.150000095367432,3724000,DHT,Tanker,2026-09-22
2020-07-13,3.1470229625701904,5.260000228881836,5.46999979019165,5.559999942779541,5.25,2995900,DHT,Tanker,2026-09-22
2020-07-14,3.2008681297302246,5.349999904632568,5.199999809265137,5.400000095367432,5.199999809265137,1651100,DHT,Tanker,2026-09-22
2020-07-15,3.278646945953369,5.480000019073486,5.420000076293945,5.550000190734863,5.369999885559082,1921100,DHT,Tanker,2026-09-22
2020-07-16,3.1769373416900635,5.309999942779541,5.480000019073486,5.489999771118164,5.309999942779541,1758500,DHT,Tanker,2026-09-22
2020-07-17,3.218817710876465,5.380000114440918,5.309999942779541,5.480000019073486,5.309999942779541,2070800,DHT,Tanker,2026-09-22
2020-07-20,3.218817710876465,5.380000114440918,5.389999866485596,5.429999828338623,5.260000228881836,2113200,DHT,Tanker,2026-09-22
2020-07-21,3.1948862075805664,5.340000152587891,5.420000076293945,5.46999979019165,5.320000171661377,4682400,DHT,Tanker,2026-09-22
2020-07-22,3.2846286296844482,5.489999771118164,5.300000190734863,5.53000020980835,5.25,2669200,DHT,Tanker,2026-09-22
2020-07-23,3.3145439624786377,5.539999961853027,5.420000076293945,5.550000190734863,5.400000095367432,2079900,DHT,Tanker,2026-09-22
2020-07-24,3.296595573425293,5.510000228881836,5.519999980926514,5.639999866485596,5.5,2231300,DHT,Tanker,2026-09-22
2020-07-27,3.3743736743927,5.639999866485596,5.570000171661377,5.670000076293945,5.480000019073486,2202400,DHT,Tanker,2026-09-22
2020-07-28,3.3564248085021973,5.610000133514404,5.630000114440918,5.670000076293945,5.550000190734863,1596600,DHT,Tanker,2026-09-22
2020-07-29,3.452151298522949,5.769999980926514,5.630000114440918,5.820000171661377,5.599999904632568,2252300,DHT,Tanker,2026-09-22
2020-07-30,3.404287576675415,5.690000057220459,5.769999980926514,5.769999980926514,5.590000152587891,1756900,DHT,Tanker,2026-09-22
2020-07-31,3.3983051776885986,5.679999828338623,5.699999809265137,5.71999979019165,5.550000190734863,2018000,DHT,Tanker,2026-09-22
2020-08-03,3.3683907985687256,5.630000114440918,5.690000057220459,5.710000038146973,5.579999923706055,1782600,DHT,Tanker,2026-09-22
2020-08-04,3.3743736743927,5.639999866485596,5.639999866485596,5.699999809265137,5.599999904632568,1677300,DHT,Tanker,2026-09-22
2020-08-05,3.410271644592285,5.699999809265137,5.690000057220459,5.739999771118164,5.619999885559082,1809800,DHT,Tanker,2026-09-22
2020-08-06,3.3983051776885986,5.679999828338623,5.71999979019165,5.789999961853027,5.650000095367432,1688700,DHT,Tanker,2026-09-22
2020-08-07,3.428220748901367,5.730000019073486,5.710000038146973,5.739999771118164,5.539999961853027,2150200,DHT,Tanker,2026-09-22
2020-08-10,3.3564248085021973,5.610000133514404,5.769999980926514,5.78000020980835,5.510000228881836,3681800,DHT,Tanker,2026-09-22
2020-08-11,3.4162538051605225,5.710000038146973,5.829999923706055,5.949999809265137,5.710000038146973,5809500,DHT,Tanker,2026-09-22
2020-08-12,3.619673013687134,6.050000190734863,5.829999923706055,6.139999866485596,5.800000190734863,7314800,DHT,Tanker,2026-09-22
2020-08-13,3.619673013687134,6.050000190734863,6.059999942779541,6.150000095367432,5.949999809265137,3675700,DHT,Tanker,2026-09-22
2020-08-14,3.7094180583953857,6.199999809265137,6.059999942779541,6.269999980926514,5.940000057220459,3536200,DHT,Tanker,2026-09-22
2020-08-17,3.739332437515259,6.25,6.25,6.329999923706055,6.079999923706055,3806900,DHT,Tanker,2026-09-22
2020-08-18,3.7213830947875977,6.21999979019165,6.300000190734863,6.389999866485596,6.159999847412109,4477100,DHT,Tanker,2026-09-22
2020-08-19,3.6615545749664307,6.119999885559082,6.199999809265137,6.28000020980835,6.099999904632568,3658800,DHT,Tanker,2026-09-22
2020-08-20,3.7273662090301514,6.230000019073486,6.150000095367432,6.239999771118164,6.059999942779541,3040700,DHT,Tanker,2026-09-22
2020-08-21,3.715399980545044,6.210000038146973,6.260000228881836,6.269999980926514,6.170000076293945,3903600,DHT,Tanker,2026-09-22
2020-08-24,3.733349323272705,6.239999771118164,6.199999809265137,6.269999980926514,6.079999923706055,6036200,DHT,Tanker,2026-09-22
2020-08-25,3.649090051651001,5.630000114440918,5.710000038146973,5.829999923706055,5.510000228881836,5183700,DHT,Tanker,2026-09-22
2020-08-26,3.5259406566619873,5.440000057220459,5.630000114440918,5.690000057220459,5.340000152587891,4138600,DHT,Tanker,2026-09-22
2020-08-27,3.299088716506958,5.090000152587891,5.360000133514404,5.420000076293945,5.070000171661377,5606600,DHT,Tanker,2026-09-22
2020-08-28,3.4222376346588135,5.28000020980835,5.139999866485596,5.28000020980835,5.079999923706055,3396600,DHT,Tanker,2026-09-22
2020-08-31,3.428718090057373,5.289999961853027,5.289999961853027,5.309999942779541,5.159999847412109,2103500,DHT,Tanker,2026-09-22
2020-09-01,3.3768670558929443,5.210000038146973,5.289999961853027,5.289999961853027,5.179999828338623,1849000,DHT,Tanker,2026-09-22
2020-09-02,3.292607307434082,5.079999923706055,5.199999809265137,5.199999809265137,5.0,3176900,DHT,Tanker,2026-09-22
2020-09-03,3.370384454727173,5.199999809265137,5.090000152587891,5.289999961853027,5.090000152587891,3149900,DHT,Tanker,2026-09-22
2020-09-04,3.4027926921844482,5.25,5.139999866485596,5.25,5.039999961853027,2577700,DHT,Tanker,2026-09-22
2020-09-08,3.4027926921844482,5.25,5.199999809265137,5.28000020980835,5.150000095367432,3051600,DHT,Tanker,2026-09-22
2020-09-09,3.467606782913208,5.349999904632568,5.289999961853027,5.440000057220459,5.269999980926514,3711900,DHT,Tanker,2026-09-22
2020-09-10,3.480570077896118,5.369999885559082,5.360000133514404,5.389999866485596,5.269999980926514,2734000,DHT,Tanker,2026-09-22
2020-09-11,3.746312141418457,5.78000020980835,5.5,5.920000076293945,5.460000038146973,7048100,DHT,Tanker,2026-09-22
2020-09-14,3.8240904808044434,5.900000095367432,5.800000190734863,5.909999847412109,5.659999847412109,3505600,DHT,Tanker,2026-09-22
2020-09-15,3.6296451091766357,5.599999904632568,5.949999809265137,5.949999809265137,5.570000171661377,2951900,DHT,Tanker,2026-09-22
2020-09-16,3.707423448562622,5.71999979019165,5.639999866485596,5.820000171661377,5.579999923706055,2434500,DHT,Tanker,2026-09-22
2020-09-17,3.700941801071167,5.710000038146973,5.670000076293945,5.800000190734863,5.619999885559082,1911300,DHT,Tanker,2026-09-22
2020-09-18,3.655571699142456,5.639999866485596,5.710000038146973,5.71999979019165,5.610000133514404,1893300,DHT,Tanker,2026-09-22
2020-09-21,3.5129785537719727,5.420000076293945,5.539999961853027,5.570000171661377,5.320000171661377,2679400,DHT,Tanker,2026-09-22
2020-09-22,3.357422351837158,5.179999828338623,5.449999809265137,5.489999771118164,5.179999828338623,2456000,DHT,Tanker,2026-09-22
2020-09-23,3.253718614578247,5.019999980926514,5.230000019073486,5.230000019073486,4.980000019073486,3886700,DHT,Tanker,2026-09-22
2020-09-24,3.253718614578247,5.019999980926514,5.010000228881836,5.090000152587891,4.880000114440918,2943900,DHT,Tanker,2026-09-22
2020-09-25,3.3250153064727783,5.130000114440918,5.050000190734863,5.230000019073486,5.019999980926514,1808300,DHT,Tanker,2026-09-22
2020-09-28,3.312051296234131,5.110000133514404,5.210000038146973,5.21999979019165,5.019999980926514,2083600,DHT,Tanker,2026-09-22
2020-09-29,3.331495761871338,5.139999866485596,5.079999923706055,5.159999847412109,5.050000190734863,1223700,DHT,Tanker,2026-09-22
2020-09-30,3.3444583415985107,5.159999847412109,5.150000095367432,5.289999961853027,5.139999866485596,1838100,DHT,Tanker,2026-09-22
2020-10-01,3.363903760910034,5.190000057220459,5.170000076293945,5.239999771118164,5.090000152587891,1120500,DHT,Tanker,2026-09-22
2020-10-02,3.357422351837158,5.179999828338623,5.070000171661377,5.199999809265137,5.03000020980835,1904500,DHT,Tanker,2026-09-22
2020-10-05,3.4611260890960693,5.340000152587891,5.25,5.400000095367432,5.210000038146973,1633800,DHT,Tanker,2026-09-22
2020-10-06,3.428718090057373,5.289999961853027,5.400000095367432,5.449999809265137,5.269999980926514,1819200,DHT,Tanker,2026-09-22
2020-10-07,3.3898301124572754,5.230000019073486,5.300000190734863,5.340000152587891,5.170000076293945,2074200,DHT,Tanker,2026-09-22
2020-10-08,3.4870526790618896,5.380000114440918,5.289999961853027,5.429999828338623,5.269999980926514,1670700,DHT,Tanker,2026-09-22
2020-10-09,3.4740889072418213,5.360000133514404,5.429999828338623,5.489999771118164,5.360000133514404,1408100,DHT,Tanker,2026-09-22
2020-10-12,3.363903760910034,5.190000057220459,5.360000133514404,5.369999885559082,5.019999980926514,2914700,DHT,Tanker,2026-09-22
2020-10-13,3.331495761871338,5.139999866485596,5.179999828338623,5.190000057220459,5.070000171661377,2209400,DHT,Tanker,2026-09-22
2020-10-14,3.4222376346588135,5.28000020980835,5.199999809265137,5.360000133514404,5.199999809265137,1926900,DHT,Tanker,2026-09-22
2020-10-15,3.3898301124572754,5.230000019073486,5.210000038146973,5.28000020980835,5.139999866485596,2032900,DHT,Tanker,2026-09-22
2020-10-16,3.3509418964385986,5.170000076293945,5.230000019073486,5.260000228881836,5.139999866485596,1944800,DHT,Tanker,2026-09-22
2020-10-19,3.286125659942627,5.070000171661377,5.210000038146973,5.239999771118164,5.059999942779541,1986700,DHT,Tanker,2026-09-22
2020-10-20,3.305570363998413,5.099999904632568,5.090000152587891,5.110000133514404,5.0,2851700,DHT,Tanker,2026-09-22
2020-10-21,3.253718614578247,5.019999980926514,5.059999942779541,5.119999885559082,4.920000076293945,2905700,DHT,Tanker,2026-09-22
2020-10-22,3.3250153064727783,5.130000114440918,5.050000190734863,5.139999866485596,5.0,1735900,DHT,Tanker,2026-09-22
2020-10-23,3.2666807174682617,5.039999961853027,5.139999866485596,5.159999847412109,5.010000228881836,2672400,DHT,Tanker,2026-09-22
2020-10-26,3.2213101387023926,4.96999979019165,5.019999980926514,5.039999961853027,4.920000076293945,2912100,DHT,Tanker,2026-09-22
2020-10-27,3.2342729568481445,4.989999771118164,4.980000019073486,5.059999942779541,4.929999828338623,1733600,DHT,Tanker,2026-09-22
2020-10-28,3.0851986408233643,4.760000228881836,4.909999847412109,4.940000057220459,4.71999979019165,3333100,DHT,Tanker,2026-09-22
2020-10-29,3.2018659114837646,4.940000057220459,4.730000019073486,4.949999809265137,4.519999980926514,2579600,DHT,Tanker,2026-09-22
2020-10-30,3.1176061630249023,4.809999942779541,4.860000133514404,4.889999866485596,4.710000038146973,2259500,DHT,Tanker,2026-09-22
2020-11-02,3.1759395599365234,4.900000095367432,4.860000133514404,4.980000019073486,4.829999923706055,1778000,DHT,Tanker,2026-09-22
2020-11-03,3.1824207305908203,4.909999847412109,4.900000095367432,4.96999979019165,4.860000133514404,1578400,DHT,Tanker,2026-09-22
2020-11-04,3.1305689811706543,4.829999923706055,4.909999847412109,4.920000076293945,4.730000019073486,1800600,DHT,Tanker,2026-09-22
2020-11-05,3.2602005004882812,5.03000020980835,4.829999923706055,5.130000114440918,4.820000171661377,2261300,DHT,Tanker,2026-09-22
2020-11-06,3.2407546043395996,5.0,4.989999771118164,5.150000095367432,4.960000038146973,1326300,DHT,Tanker,2026-09-22
2020-11-09,3.337977409362793,5.150000095367432,5.190000057220459,5.28000020980835,5.079999923706055,4003900,DHT,Tanker,2026-09-22
2020-11-10,3.6296451091766357,5.599999904632568,5.269999980926514,5.639999866485596,5.210000038146973,4973800,DHT,Tanker,2026-09-22
2020-11-11,3.506495952606201,5.409999847412109,5.579999923706055,5.579999923706055,5.369999885559082,3971700,DHT,Tanker,2026-09-22
2020-11-12,3.3250153064727783,5.130000114440918,5.400000095367432,5.420000076293945,5.090000152587891,3770900,DHT,Tanker,2026-09-22
2020-11-13,3.428718090057373,5.289999961853027,5.190000057220459,5.329999923706055,5.139999866485596,2864700,DHT,Tanker,2026-09-22
2020-11-16,3.5713119506835938,5.510000228881836,5.480000019073486,5.559999942779541,5.340000152587891,6821800,DHT,Tanker,2026-09-22
2020-11-17,3.5175065994262695,5.230000019073486,5.179999828338623,5.260000228881836,5.070000171661377,4532700,DHT,Tanker,2026-09-22
2020-11-18,3.3897202014923096,5.039999961853027,5.25,5.25,5.039999961853027,3016900,DHT,Tanker,2026-09-22
2020-11-19,3.4906041622161865,5.190000057220459,5.019999980926514,5.210000038146973,4.949999809265137,2746600,DHT,Tanker,2026-09-22
2020-11-20,3.4435248374938965,5.119999885559082,5.150000095367432,5.179999828338623,5.070000171661377,1634400,DHT,Tanker,2026-09-22
2020-11-23,3.5645859241485596,5.300000190734863,5.170000076293945,5.349999904632568,5.150000095367432,3262100,DHT,Tanker,2026-09-22
2020-11-24,3.6251165866851807,5.389999866485596,5.349999904632568,5.429999828338623,5.28000020980835,2929600,DHT,Tanker,2026-09-22
2020-11-25,3.598214626312256,5.349999904632568,5.369999885559082,5.400000095367432,5.260000228881836,2580000,DHT,Tanker,2026-09-22
2020-11-27,3.5511343479156494,5.28000020980835,5.360000133514404,5.400000095367432,5.269999980926514,1915400,DHT,Tanker,2026-09-22
2020-11-30,3.4367990493774414,5.110000133514404,5.28000020980835,5.28000020980835,5.079999923706055,2481900,DHT,Tanker,2026-09-22
2020-12-01,3.4233486652374268,5.090000152587891,5.179999828338623,5.230000019073486,5.050000190734863,2943700,DHT,Tanker,2026-09-22
2020-12-02,3.4771535396575928,5.170000076293945,5.099999904632568,5.239999771118164,5.070000171661377,2235100,DHT,Tanker,2026-09-22
2020-12-03,3.5242316722869873,5.239999771118164,5.199999809265137,5.309999942779541,5.190000057220459,2498100,DHT,Tanker,2026-09-22
2020-12-04,3.719276189804077,5.53000020980835,5.300000190734863,5.539999961853027,5.28000020980835,3427100,DHT,Tanker,2026-09-22
2020-12-07,3.598214626312256,5.349999904632568,5.53000020980835,5.53000020980835,5.349999904632568,2050400,DHT,Tanker,2026-09-22
2020-12-08,3.598214626312256,5.349999904632568,5.349999904632568,5.429999828338623,5.329999923706055,1465700,DHT,Tanker,2026-09-22
2020-12-09,3.5914883613586426,5.340000152587891,5.400000095367432,5.429999828338623,5.309999942779541,1873500,DHT,Tanker,2026-09-22
2020-12-10,3.799983263015747,5.650000095367432,5.349999904632568,5.670000076293945,5.329999923706055,2873200,DHT,Tanker,2026-09-22
2020-12-11,3.73272705078125,5.550000190734863,5.659999847412109,5.659999847412109,5.46999979019165,1746800,DHT,Tanker,2026-09-22
2020-12-14,3.6318418979644775,5.400000095367432,5.599999904632568,5.610000133514404,5.360000133514404,1824700,DHT,Tanker,2026-09-22
2020-12-15,3.678922176361084,5.46999979019165,5.409999847412109,5.53000020980835,5.389999866485596,1456800,DHT,Tanker,2026-09-22
2020-12-16,3.6385676860809326,5.409999847412109,5.53000020980835,5.539999961853027,5.389999866485596,1373700,DHT,Tanker,2026-09-22
2020-12-17,3.6251165866851807,5.389999866485596,5.409999847412109,5.440000057220459,5.340000152587891,1419800,DHT,Tanker,2026-09-22
2020-12-18,3.5847625732421875,5.329999923706055,5.380000114440918,5.409999847412109,5.320000171661377,2063900,DHT,Tanker,2026-09-22
2020-12-21,3.5511343479156494,5.28000020980835,5.300000190734863,5.300000190734863,5.179999828338623,1925300,DHT,Tanker,2026-09-22
2020-12-22,3.4838783740997314,5.179999828338623,5.289999961853027,5.289999961853027,5.130000114440918,1654000,DHT,Tanker,2026-09-22
2020-12-23,3.6116650104522705,5.369999885559082,5.210000038146973,5.449999809265137,5.190000057220459,2455500,DHT,Tanker,2026-09-22
2020-12-24,3.6049399375915527,5.360000133514404,5.340000152587891,5.380000114440918,5.260000228881836,602600,DHT,Tanker,2026-09-22
2020-12-28,3.5376837253570557,5.260000228881836,5.380000114440918,5.429999828338623,5.260000228881836,1619800,DHT,Tanker,2026-09-22
2020-12-29,3.530958890914917,5.25,5.28000020980835,5.300000190734863,5.159999847412109,1676700,DHT,Tanker,2026-09-22
2020-12-30,3.5175065994262695,5.230000019073486,5.25,5.369999885559082,5.230000019073486,1239000,DHT,Tanker,2026-09-22
2020-12-31,3.5175065994262695,5.230000019073486,5.25,5.269999980926514,5.199999809265137,1687000,DHT,Tanker,2026-09-22
2021-01-04,3.6318418979644775,5.400000095367432,5.28000020980835,5.449999809265137,5.239999771118164,2549800,DHT,Tanker,2026-09-22
2021-01-05,3.598214626312256,5.349999904632568,5.420000076293945,5.489999771118164,5.300000190734863,2173300,DHT,Tanker,2026-09-22
2021-01-06,3.5847625732421875,5.329999923706055,5.360000133514404,5.449999809265137,5.289999961853027,2354600,DHT,Tanker,2026-09-22
2021-01-07,3.6520180702209473,5.429999828338623,5.329999923706055,5.519999980926514,5.28000020980835,2602800,DHT,Tanker,2026-09-22
2021-01-08,3.853787899017334,5.730000019073486,5.599999904632568,5.739999771118164,5.519999980926514,3221500,DHT,Tanker,2026-09-22
2021-01-11,3.719276189804077,5.53000020980835,5.619999885559082,5.659999847412109,5.46999979019165,2731800,DHT,Tanker,2026-09-22
2021-01-12,3.887416124343872,5.78000020980835,5.659999847412109,5.920000076293945,5.650000095367432,3094000,DHT,Tanker,2026-09-22
2021-01-13,3.9008679389953613,5.800000190734863,5.889999866485596,5.889999866485596,5.739999771118164,1929000,DHT,Tanker,2026-09-22
2021-01-14,3.9143190383911133,5.820000171661377,5.800000190734863,5.869999885559082,5.769999980926514,1916000,DHT,Tanker,2026-09-22
2021-01-15,3.82688570022583,5.690000057220459,5.800000190734863,5.800000190734863,5.650000095367432,2038200,DHT,Tanker,2026-09-22
2021-01-19,3.7125492095947266,5.519999980926514,5.699999809265137,5.699999809265137,5.480000019073486,3760700,DHT,Tanker,2026-09-22
2021-01-20,3.68564772605896,5.480000019073486,5.550000190734863,5.550000190734863,5.360000133514404,2132800,DHT,Tanker,2026-09-22
2021-01-21,3.699099063873291,5.5,5.550000190734863,5.599999904632568,5.449999809265137,1883100,DHT,Tanker,2026-09-22
2021-01-22,3.705824613571167,5.510000228881836,5.429999828338623,5.510000228881836,5.309999942779541,2175000,DHT,Tanker,2026-09-22
2021-01-25,3.618391275405884,5.380000114440918,5.539999961853027,5.559999942779541,5.199999809265137,3744800,DHT,Tanker,2026-09-22
2021-01-26,3.645294189453125,5.420000076293945,5.400000095367432,5.46999979019165,5.349999904632568,2145300,DHT,Tanker,2026-09-22
2021-01-27,3.5780370235443115,5.320000171661377,5.320000171661377,5.409999847412109,5.25,1904100,DHT,Tanker,2026-09-22
2021-01-28,3.5645859241485596,5.300000190734863,5.329999923706055,5.360000133514404,5.25,1834400,DHT,Tanker,2026-09-22
2021-01-29,3.6116650104522705,5.369999885559082,5.309999942779541,5.440000057220459,5.230000019073486,3438400,DHT,Tanker,2026-09-22
2021-02-01,3.618391275405884,5.380000114440918,5.380000114440918,5.429999828338623,5.289999961853027,1854000,DHT,Tanker,2026-09-22
2021-02-02,3.645294189453125,5.420000076293945,5.449999809265137,5.449999809265137,5.320000171661377,1715400,DHT,Tanker,2026-09-22
2021-02-03,3.719276189804077,5.53000020980835,5.429999828338623,5.590000152587891,5.409999847412109,1979000,DHT,Tanker,2026-09-22
2021-02-04,3.773080587387085,5.610000133514404,5.559999942779541,5.679999828338623,5.449999809265137,2387700,DHT,Tanker,2026-09-22
2021-02-05,4.01520299911499,5.96999979019165,5.699999809265137,5.980000019073486,5.699999809265137,4775500,DHT,Tanker,2026-09-22
2021-02-08,4.136264324188232,6.150000095367432,6.070000171661377,6.179999828338623,5.989999771118164,5797300,DHT,Tanker,2026-09-22
2021-02-09,4.001751899719238,5.949999809265137,5.579999923706055,5.960000038146973,5.5,7055500,DHT,Tanker,2026-09-22
2021-02-10,4.0353803634643555,6.0,5.900000095367432,6.090000152587891,5.869999885559082,4171500,DHT,Tanker,2026-09-22
2021-02-11,3.9143190383911133,5.820000171661377,5.960000038146973,5.960000038146973,5.699999809265137,3610600,DHT,Tanker,2026-09-22
2021-02-12,4.001751899719238,5.949999809265137,5.789999961853027,5.989999771118164,5.710000038146973,4071200,DHT,Tanker,2026-09-22
2021-02-16,4.190070152282715,6.230000019073486,6.119999885559082,6.289999961853027,6.070000171661377,7034400,DHT,Tanker,2026-09-22
2021-02-17,4.040908336639404,5.960000038146973,6.190000057220459,6.269999980926514,5.960000038146973,4160600,DHT,Tanker,2026-09-22
2021-02-18,3.837507486343384,5.659999847412109,5.900000095367432,5.929999828338623,5.650000095367432,3549600,DHT,Tanker,2026-09-22
2021-02-19,3.952768087387085,5.829999923706055,5.679999828338623,5.840000152587891,5.659999847412109,2344200,DHT,Tanker,2026-09-22
2021-02-22,3.878188133239746,5.71999979019165,5.800000190734863,5.880000114440918,5.710000038146973,2631100,DHT,Tanker,2026-09-22
2021-02-23,3.796828031539917,5.599999904632568,5.650000095367432,5.699999809265137,5.429999828338623,3138800,DHT,Tanker,2026-09-22
2021-02-24,3.878188133239746,5.71999979019165,5.650000095367432,5.820000171661377,5.639999866485596,1914100,DHT,Tanker,2026-09-22
2021-02-25,3.9256489276885986,5.789999961853027,5.760000228881836,5.880000114440918,5.730000019073486,2451200,DHT,Tanker,2026-09-22
2021-02-26,3.7832672595977783,5.579999923706055,5.75,5.75,5.550000190734863,2874800,DHT,Tanker,2026-09-22
2021-03-01,3.878188133239746,5.71999979019165,5.730000019073486,5.800000190734863,5.630000114440918,2784300,DHT,Tanker,2026-09-22
2021-03-02,3.8917479515075684,5.739999771118164,5.71999979019165,5.96999979019165,5.71999979019165,3047400,DHT,Tanker,2026-09-22
2021-03-03,3.986668586730957,5.880000114440918,5.800000190734863,6.050000190734863,5.800000190734863,2742200,DHT,Tanker,2026-09-22
2021-03-04,3.8646273612976074,5.699999809265137,5.900000095367432,5.960000038146973,5.699999809265137,3683800,DHT,Tanker,2026-09-22
2021-03-05,3.871408462524414,5.710000038146973,5.730000019073486,5.760000228881836,5.53000020980835,4091400,DHT,Tanker,2026-09-22
2021-03-08,3.871408462524414,5.710000038146973,5.710000038146973,5.75,5.559999942779541,2635400,DHT,Tanker,2026-09-22
2021-03-09,3.8646273612976074,5.699999809265137,5.75,5.789999961853027,5.690000057220459,2707600,DHT,Tanker,2026-09-22
2021-03-10,4.1426100730896,6.110000133514404,5.75,6.130000114440918,5.71999979019165,4166500,DHT,Tanker,2026-09-22
2021-03-11,4.196849822998047,6.190000057220459,6.150000095367432,6.380000114440918,6.119999885559082,3022800,DHT,Tanker,2026-09-22
2021-03-12,4.23753023147583,6.25,6.170000076293945,6.269999980926514,6.119999885559082,2019600,DHT,Tanker,2026-09-22
2021-03-15,4.481611728668213,6.610000133514404,6.269999980926514,6.619999885559082,6.260000228881836,3571300,DHT,Tanker,2026-09-22
2021-03-16,4.298551082611084,6.340000152587891,6.610000133514404,6.610000133514404,6.320000171661377,2361500,DHT,Tanker,2026-09-22
2021-03-17,4.2849907875061035,6.320000171661377,6.289999961853027,6.329999923706055,6.159999847412109,2195600,DHT,Tanker,2026-09-22
2021-03-18,4.264650344848633,6.289999961853027,6.329999923706055,6.579999923706055,6.239999771118164,2969700,DHT,Tanker,2026-09-22
2021-03-19,4.37313175201416,6.449999809265137,6.28000020980835,6.449999809265137,6.190000057220459,3068900,DHT,Tanker,2026-09-22
2021-03-22,4.2917704582214355,6.329999923706055,6.429999828338623,6.460000038146973,6.309999942779541,1386000,DHT,Tanker,2026-09-22
2021-03-23,4.088369846343994,6.03000020980835,6.269999980926514,6.289999961853027,5.940000057220459,3475200,DHT,Tanker,2026-09-22
2021-03-24,4.149389743804932,6.119999885559082,6.039999961853027,6.329999923706055,6.039999961853027,2669400,DHT,Tanker,2026-09-22
2021-03-25,4.135828971862793,6.099999904632568,6.090000152587891,6.159999847412109,5.880000114440918,2986600,DHT,Tanker,2026-09-22
2021-03-26,4.413811683654785,6.510000228881836,6.28000020980835,6.599999904632568,6.239999771118164,5307900,DHT,Tanker,2026-09-22
2021-03-29,4.156169414520264,6.130000114440918,6.46999979019165,6.480000019073486,6.039999961853027,5024800,DHT,Tanker,2026-09-22
2021-03-30,3.986668586730957,5.880000114440918,6.099999904632568,6.130000114440918,5.840000152587891,3524600,DHT,Tanker,2026-09-22
2021-03-31,4.02056884765625,5.929999828338623,5.900000095367432,6.019999980926514,5.889999866485596,2385900,DHT,Tanker,2026-09-22
2021-04-01,4.101930141448975,6.050000190734863,5.949999809265137,6.099999904632568,5.860000133514404,2296700,DHT,Tanker,2026-09-22
2021-04-05,4.122270107269287,6.079999923706055,6.099999904632568,6.110000133514404,5.989999771118164,2133200,DHT,Tanker,2026-09-22
2021-04-06,4.176509857177734,6.159999847412109,6.119999885559082,6.25,6.119999885559082,1996200,DHT,Tanker,2026-09-22
2021-04-07,4.24431037902832,6.260000228881836,6.190000057220459,6.360000133514404,6.170000076293945,2101300,DHT,Tanker,2026-09-22
2021-04-08,4.230751037597656,6.239999771118164,6.21999979019165,6.269999980926514,6.150000095367432,1428600,DHT,Tanker,2026-09-22
2021-04-09,4.115489959716797,6.070000171661377,6.25,6.25,6.050000190734863,2320800,DHT,Tanker,2026-09-22
2021-04-12,3.851067304611206,5.679999828338623,6.0,6.019999980926514,5.679999828338623,4840900,DHT,Tanker,2026-09-22
2021-04-13,3.837507486343384,5.659999847412109,5.679999828338623,5.699999809265137,5.539999961853027,2841300,DHT,Tanker,2026-09-22
2021-04-14,3.91886830329895,5.78000020980835,5.690000057220459,5.889999866485596,5.690000057220459,2655100,DHT,Tanker,2026-09-22
2021-04-15,3.8985276222229004,5.75,5.829999923706055,5.849999904632568,5.630000114440918,2705300,DHT,Tanker,2026-09-22
2021-04-16,3.9595487117767334,5.840000152587891,5.75,5.849999904632568,5.690000057220459,1993700,DHT,Tanker,2026-09-22
2021-04-19,4.108709812164307,6.059999942779541,5.880000114440918,6.070000171661377,5.849999904632568,3001300,DHT,Tanker,2026-09-22
2021-04-20,4.027347564697266,5.940000057220459,6.039999961853027,6.050000190734863,5.869999885559082,1845100,DHT,Tanker,2026-09-22
2021-04-21,4.061249256134033,5.989999771118164,5.940000057220459,6.0,5.869999885559082,1818900,DHT,Tanker,2026-09-22
2021-04-22,3.9663283824920654,5.849999904632568,6.0,6.019999980926514,5.820000171661377,2177600,DHT,Tanker,2026-09-22
2021-04-23,3.952768087387085,5.829999923706055,5.860000133514404,5.940000057220459,5.800000190734863,1523400,DHT,Tanker,2026-09-22
2021-04-26,3.912088394165039,5.769999980926514,5.840000152587891,5.869999885559082,5.75,2415000,DHT,Tanker,2026-09-22
2021-04-27,3.905308246612549,5.760000228881836,5.829999923706055,5.869999885559082,5.679999828338623,2510000,DHT,Tanker,2026-09-22
2021-04-28,4.068028926849365,6.0,5.789999961853027,6.03000020980835,5.78000020980835,3126700,DHT,Tanker,2026-09-22
2021-04-29,4.047689437866211,5.96999979019165,6.099999904632568,6.099999904632568,5.929999828338623,2211400,DHT,Tanker,2026-09-22
2021-04-30,4.000229358673096,5.900000095367432,5.900000095367432,6.039999961853027,5.860000133514404,1915600,DHT,Tanker,2026-09-22
2021-05-03,4.156169414520264,6.130000114440918,5.989999771118164,6.170000076293945,5.960000038146973,2515400,DHT,Tanker,2026-09-22
2021-05-04,4.088369846343994,6.03000020980835,6.179999828338623,6.260000228881836,6.019999980926514,2295100,DHT,Tanker,2026-09-22
2021-05-05,3.986668586730957,5.880000114440918,6.090000152587891,6.130000114440918,5.789999961853027,2368600,DHT,Tanker,2026-09-22
2021-05-06,3.9459879398345947,5.820000171661377,5.809999942779541,5.920000076293945,5.710000038146973,2446800,DHT,Tanker,2026-09-22
2021-05-07,3.9934487342834473,5.889999866485596,5.75,5.96999979019165,5.75,3117300,DHT,Tanker,2026-09-22
2021-05-10,3.9459879398345947,5.820000171661377,5.940000057220459,6.019999980926514,5.820000171661377,1791500,DHT,Tanker,2026-09-22
2021-05-11,3.979888916015625,5.869999885559082,5.769999980926514,5.900000095367432,5.710000038146973,2527200,DHT,Tanker,2026-09-22
2021-05-12,3.9256489276885986,5.789999961853027,5.860000133514404,5.880000114440918,5.739999771118164,2354100,DHT,Tanker,2026-09-22
2021-05-13,3.91886830329895,5.78000020980835,5.75,5.840000152587891,5.710000038146973,1535300,DHT,Tanker,2026-09-22
2021-05-14,3.9459879398345947,5.820000171661377,5.820000171661377,5.860000133514404,5.760000228881836,1871600,DHT,Tanker,2026-09-22
2021-05-17,3.9934487342834473,5.889999866485596,5.800000190734863,5.940000057220459,5.769999980926514,2778700,DHT,Tanker,2026-09-22
2021-05-18,4.09584379196167,6.0,5.860000133514404,6.03000020980835,5.860000133514404,3862300,DHT,Tanker,2026-09-22
2021-05-19,4.034407138824463,5.909999847412109,5.889999866485596,6.039999961853027,5.809999942779541,3981400,DHT,Tanker,2026-09-22
2021-05-20,4.143629550933838,6.070000171661377,5.869999885559082,6.090000152587891,5.849999904632568,3556600,DHT,Tanker,2026-09-22
2021-05-21,4.293810844421387,6.289999961853027,6.119999885559082,6.369999885559082,6.119999885559082,4758800,DHT,Tanker,2026-09-22
2021-05-24,4.239199638366699,6.210000038146973,6.300000190734863,6.300000190734863,6.159999847412109,2290500,DHT,Tanker,2026-09-22
2021-05-25,4.259679317474365,6.239999771118164,6.400000095367432,6.400000095367432,6.179999828338623,4197000,DHT,Tanker,2026-09-22
2021-05-26,4.232373237609863,6.199999809265137,6.210000038146973,6.239999771118164,6.139999866485596,1685700,DHT,Tanker,2026-09-22
2021-05-27,4.205066680908203,6.159999847412109,6.179999828338623,6.210000038146973,6.099999904632568,2211000,DHT,Tanker,2026-09-22
2021-05-28,4.368901252746582,6.400000095367432,6.179999828338623,6.400000095367432,6.159999847412109,4157600,DHT,Tanker,2026-09-22
2021-06-01,4.478124618530273,6.559999942779541,6.440000057220459,6.610000133514404,6.420000076293945,3882100,DHT,Tanker,2026-09-22
2021-06-02,4.334768772125244,6.349999904632568,6.550000190734863,6.579999923706055,6.320000171661377,2640900,DHT,Tanker,2026-09-22
2021-06-03,4.259679317474365,6.239999771118164,6.309999942779541,6.320000171661377,6.199999809265137,2076900,DHT,Tanker,2026-09-22
2021-06-04,4.198241233825684,6.150000095367432,6.260000228881836,6.260000228881836,6.130000114440918,1390500,DHT,Tanker,2026-09-22
2021-06-07,4.280158996582031,6.269999980926514,6.150000095367432,6.289999961853027,6.119999885559082,1714000,DHT,Tanker,2026-09-22
2021-06-08,4.327942848205566,6.340000152587891,6.269999980926514,6.360000133514404,6.21999979019165,1607400,DHT,Tanker,2026-09-22
2021-06-09,4.348421573638916,6.369999885559082,6.349999904632568,6.389999866485596,6.309999942779541,1245700,DHT,Tanker,2026-09-22
2021-06-10,4.423511981964111,6.480000019073486,6.369999885559082,6.5,6.360000133514404,2016700,DHT,Tanker,2026-09-22
2021-06-11,4.4371657371521,6.5,6.510000228881836,6.599999904632568,6.460000038146973,1882500,DHT,Tanker,2026-09-22
2021-06-14,4.389381408691406,6.429999828338623,6.5,6.519999980926514,6.389999866485596,1746400,DHT,Tanker,2026-09-22
2021-06-15,4.368901252746582,6.400000095367432,6.449999809265137,6.480000019073486,6.300000190734863,1619200,DHT,Tanker,2026-09-22
2021-06-16,4.450817584991455,6.519999980926514,6.389999866485596,6.559999942779541,6.380000114440918,1587100,DHT,Tanker,2026-09-22
2021-06-17,4.348421573638916,6.369999885559082,6.460000038146973,6.579999923706055,6.289999961853027,2095800,DHT,Tanker,2026-09-22
2021-06-18,4.327942848205566,6.340000152587891,6.260000228881836,6.380000114440918,6.170000076293945,2017100,DHT,Tanker,2026-09-22
2021-06-21,4.409859657287598,6.460000038146973,6.400000095367432,6.5,6.349999904632568,1671500,DHT,Tanker,2026-09-22
2021-06-22,4.4371657371521,6.5,6.460000038146973,6.5,6.389999866485596,1060100,DHT,Tanker,2026-09-22
2021-06-23,4.553214073181152,6.670000076293945,6.559999942779541,6.730000019073486,6.539999961853027,2417800,DHT,Tanker,2026-09-22
2021-06-24,4.614651679992676,6.760000228881836,6.710000038146973,6.820000171661377,6.670000076293945,2518000,DHT,Tanker,2026-09-22
2021-06-25,4.553214073181152,6.670000076293945,6.760000228881836,6.840000152587891,6.659999847412109,6288000,DHT,Tanker,2026-09-22
2021-06-28,4.4371657371521,6.5,6.679999828338623,6.699999809265137,6.429999828338623,2115900,DHT,Tanker,2026-09-22
2021-06-29,4.389381408691406,6.429999828338623,6.519999980926514,6.599999904632568,6.429999828338623,2276800,DHT,Tanker,2026-09-22
2021-06-30,4.430338382720947,6.489999771118164,6.440000057220459,6.590000152587891,6.429999828338623,1863800,DHT,Tanker,2026-09-22
2021-07-01,4.286984443664551,6.28000020980835,6.559999942779541,6.570000171661377,6.239999771118164,2295200,DHT,Tanker,2026-09-22
2021-07-02,4.484950542449951,6.570000171661377,6.389999866485596,6.570000171661377,6.309999942779541,2710300,DHT,Tanker,2026-09-22
2021-07-06,4.430338382720947,6.489999771118164,6.619999885559082,6.690000057220459,6.429999828338623,1622200,DHT,Tanker,2026-09-22
2021-07-07,4.3074631690979,6.309999942779541,6.570000171661377,6.570000171661377,6.260000228881836,2113900,DHT,Tanker,2026-09-22
2021-07-08,4.252851486206055,6.230000019073486,6.139999866485596,6.260000228881836,6.050000190734863,2241800,DHT,Tanker,2026-09-22
2021-07-09,4.3006367683410645,6.300000190734863,6.28000020980835,6.309999942779541,6.199999809265137,1483500,DHT,Tanker,2026-09-22
2021-07-12,4.218720436096191,6.179999828338623,6.21999979019165,6.269999980926514,6.130000114440918,1677000,DHT,Tanker,2026-09-22
2021-07-13,4.068538665771484,5.960000038146973,6.150000095367432,6.21999979019165,5.889999866485596,3179200,DHT,Tanker,2026-09-22
2021-07-14,4.034407138824463,5.909999847412109,6.050000190734863,6.199999809265137,5.900000095367432,2338800,DHT,Tanker,2026-09-22
2021-07-15,4.013927936553955,5.880000114440918,5.869999885559082,6.0,5.829999923706055,1608200,DHT,Tanker,2026-09-22
2021-07-16,3.9524905681610107,5.789999961853027,5.889999866485596,5.940000057220459,5.739999771118164,1688400,DHT,Tanker,2026-09-22
2021-07-19,3.891052484512329,5.699999809265137,5.630000114440918,5.760000228881836,5.610000133514404,2350800,DHT,Tanker,2026-09-22
2021-07-20,3.9183578491210938,5.739999771118164,5.690000057220459,5.75,5.579999923706055,2455700,DHT,Tanker,2026-09-22
2021-07-21,4.048059463500977,5.929999828338623,5.789999961853027,5.960000038146973,5.789999961853027,1578600,DHT,Tanker,2026-09-22
2021-07-22,3.9866225719451904,5.840000152587891,5.900000095367432,5.909999847412109,5.78000020980835,1267800,DHT,Tanker,2026-09-22
2021-07-23,3.9456634521484375,5.78000020980835,5.869999885559082,5.880000114440918,5.699999809265137,1404400,DHT,Tanker,2026-09-22
2021-07-26,3.9797959327697754,5.829999923706055,5.809999942779541,5.949999809265137,5.800000190734863,947500,DHT,Tanker,2026-09-22
2021-07-27,3.8978796005249023,5.710000038146973,5.75,5.769999980926514,5.610000133514404,1434900,DHT,Tanker,2026-09-22
2021-07-28,3.9183578491210938,5.739999771118164,5.75,5.789999961853027,5.679999828338623,1081400,DHT,Tanker,2026-09-22
2021-07-29,3.9524905681610107,5.789999961853027,5.769999980926514,5.840000152587891,5.75,1003000,DHT,Tanker,2026-09-22
2021-07-30,3.959315776824951,5.800000190734863,5.730000019073486,5.809999942779541,5.679999828338623,1814600,DHT,Tanker,2026-09-22
2021-08-02,3.9388372898101807,5.769999980926514,5.849999904632568,5.929999828338623,5.730000019073486,1202400,DHT,Tanker,2026-09-22
2021-08-03,3.904705286026001,5.71999979019165,5.739999771118164,5.75,5.599999904632568,1533300,DHT,Tanker,2026-09-22
2021-08-04,3.761352062225342,5.510000228881836,5.619999885559082,5.639999866485596,5.480000019073486,1853200,DHT,Tanker,2026-09-22
2021-08-05,3.713566303253174,5.440000057220459,5.559999942779541,5.599999904632568,5.420000076293945,2061500,DHT,Tanker,2026-09-22
2021-08-06,3.7408714294433594,5.480000019073486,5.489999771118164,5.559999942779541,5.429999828338623,1282800,DHT,Tanker,2026-09-22
2021-08-09,3.631648540496826,5.320000171661377,5.46999979019165,5.46999979019165,5.289999961853027,2701600,DHT,Tanker,2026-09-22
2021-08-10,3.713566303253174,5.440000057220459,5.340000152587891,5.449999809265137,5.21999979019165,2552300,DHT,Tanker,2026-09-22
2021-08-11,3.9388372898101807,5.769999980926514,5.730000019073486,5.860000133514404,5.639999866485596,3060500,DHT,Tanker,2026-09-22
2021-08-12,3.795483112335205,5.559999942779541,5.860000133514404,5.860000133514404,5.510000228881836,2751900,DHT,Tanker,2026-09-22
2021-08-13,3.686260461807251,5.400000095367432,5.510000228881836,5.519999980926514,5.360000133514404,2093700,DHT,Tanker,2026-09-22
2021-08-16,3.6999127864837646,5.420000076293945,5.329999923706055,5.460000038146973,5.25,1721500,DHT,Tanker,2026-09-22
2021-08-17,3.78865647315979,5.550000190734863,5.360000133514404,5.590000152587891,5.360000133514404,2183200,DHT,Tanker,2026-09-22
2021-08-18,3.74069881439209,5.460000038146973,5.5,5.590000152587891,5.420000076293945,2486800,DHT,Tanker,2026-09-22
2021-08-19,3.6790390014648438,5.369999885559082,5.489999771118164,5.5,5.289999961853027,2257300,DHT,Tanker,2026-09-22
2021-08-20,3.6447830200195312,5.320000171661377,5.309999942779541,5.380000114440918,5.28000020980835,1239400,DHT,Tanker,2026-09-22
2021-08-23,3.733847141265869,5.449999809265137,5.380000114440918,5.46999979019165,5.320000171661377,1617700,DHT,Tanker,2026-09-22
2021-08-24,3.726996660232544,5.440000057220459,5.519999980926514,5.519999980926514,5.420000076293945,1518700,DHT,Tanker,2026-09-22
2021-08-25,3.74069881439209,5.460000038146973,5.409999847412109,5.5,5.349999904632568,2127900,DHT,Tanker,2026-09-22
2021-08-26,3.7201452255249023,5.429999828338623,5.489999771118164,5.519999980926514,5.409999847412109,1352100,DHT,Tanker,2026-09-22
2021-08-27,3.761251926422119,5.489999771118164,5.429999828338623,5.590000152587891,5.409999847412109,1848000,DHT,Tanker,2026-09-22
2021-08-30,3.7064437866210938,5.409999847412109,5.53000020980835,5.559999942779541,5.380000114440918,870600,DHT,Tanker,2026-09-22
2021-08-31,3.788656711578369,5.53000020980835,5.409999847412109,5.550000190734863,5.389999866485596,1326500,DHT,Tanker,2026-09-22
2021-09-01,3.95308256149292,5.769999980926514,5.639999866485596,5.809999942779541,5.619999885559082,2375200,DHT,Tanker,2026-09-22
2021-09-02,3.987337827682495,5.820000171661377,5.800000190734863,5.900000095367432,5.769999980926514,1684400,DHT,Tanker,2026-09-22
2021-09-03,3.9941892623901367,5.829999923706055,5.730000019073486,5.860000133514404,5.679999828338623,1302700,DHT,Tanker,2026-09-22
2021-09-07,4.055849552154541,5.920000076293945,5.829999923706055,6.03000020980835,5.829999923706055,2101000,DHT,Tanker,2026-09-22
2021-09-08,4.028444766998291,5.880000114440918,5.929999828338623,5.949999809265137,5.849999904632568,1444900,DHT,Tanker,2026-09-22
2021-09-09,4.083252906799316,5.960000038146973,5.900000095367432,6.019999980926514,5.820000171661377,1757800,DHT,Tanker,2026-09-22
2021-09-10,3.9804868698120117,5.809999942779541,6.010000228881836,6.019999980926514,5.809999942779541,1576000,DHT,Tanker,2026-09-22
2021-09-13,3.946232318878174,5.760000228881836,5.849999904632568,5.900000095367432,5.75,1960100,DHT,Tanker,2026-09-22
2021-09-14,3.8434648513793945,5.610000133514404,5.78000020980835,5.809999942779541,5.599999904632568,1926600,DHT,Tanker,2026-09-22
2021-09-15,3.939379930496216,5.75,5.679999828338623,5.769999980926514,5.639999866485596,1607300,DHT,Tanker,2026-09-22
2021-09-16,3.8845715522766113,5.670000076293945,5.699999809265137,5.760000228881836,5.579999923706055,1972400,DHT,Tanker,2026-09-22
2021-09-17,3.973635196685791,5.800000190734863,5.730000019073486,5.829999923706055,5.679999828338623,2738200,DHT,Tanker,2026-09-22
2021-09-20,3.829763174057007,5.590000152587891,5.579999923706055,5.699999809265137,5.519999980926514,2551000,DHT,Tanker,2026-09-22
2021-09-21,3.877720832824707,5.659999847412109,5.710000038146973,5.789999961853027,5.650000095367432,1682900,DHT,Tanker,2026-09-22
2021-09-22,3.9804868698120117,5.809999942779541,5.78000020980835,5.929999828338623,5.75,2412500,DHT,Tanker,2026-09-22
2021-09-23,4.0352959632873535,5.889999866485596,5.820000171661377,5.909999847412109,5.78000020980835,1655300,DHT,Tanker,2026-09-22
2021-09-24,4.158615589141846,6.070000171661377,5.860000133514404,6.25,5.860000133514404,2846400,DHT,Tanker,2026-09-22
2021-09-27,4.295638561248779,6.269999980926514,6.170000076293945,6.449999809265137,6.150000095367432,2908500,DHT,Tanker,2026-09-22
2021-09-28,4.364148139953613,6.369999885559082,6.300000190734863,6.409999847412109,6.230000019073486,3686500,DHT,Tanker,2026-09-22
2021-09-29,4.316190719604492,6.300000190734863,6.400000095367432,6.400000095367432,6.190000057220459,2253700,DHT,Tanker,2026-09-22
2021-09-30,4.473766326904297,6.53000020980835,6.329999923706055,6.539999961853027,6.239999771118164,2457400,DHT,Tanker,2026-09-22
2021-10-01,4.597085952758789,6.710000038146973,6.550000190734863,6.800000190734863,6.550000190734863,2560200,DHT,Tanker,2026-09-22
2021-10-04,4.535426139831543,6.619999885559082,6.71999979019165,6.71999979019165,6.510000228881836,2301300,DHT,Tanker,2026-09-22
2021-10-05,4.54912805557251,6.639999866485596,6.650000095367432,6.730000019073486,6.53000020980835,1361700,DHT,Tanker,2026-09-22
2021-10-06,4.412105560302734,6.440000057220459,6.53000020980835,6.539999961853027,6.369999885559082,1954600,DHT,Tanker,2026-09-22
2021-10-07,4.425808429718018,6.460000038146973,6.440000057220459,6.550000190734863,6.380000114440918,1691900,DHT,Tanker,2026-09-22
2021-10-08,4.4052557945251465,6.429999828338623,6.510000228881836,6.570000171661377,6.389999866485596,841500,DHT,Tanker,2026-09-22
2021-10-11,4.542276859283447,6.630000114440918,6.5,6.71999979019165,6.489999771118164,1866600,DHT,Tanker,2026-09-22
2021-10-12,4.418957233428955,6.449999809265137,6.630000114440918,6.630000114440918,6.429999828338623,1944700,DHT,Tanker,2026-09-22
2021-10-13,4.418957233428955,6.449999809265137,6.380000114440918,6.449999809265137,6.300000190734863,1659600,DHT,Tanker,2026-09-22
2021-10-14,4.453212738037109,6.5,6.550000190734863,6.699999809265137,6.489999771118164,1957600,DHT,Tanker,2026-09-22
2021-10-15,4.562829971313477,6.659999847412109,6.610000133514404,6.75,6.590000152587891,1821300,DHT,Tanker,2026-09-22
2021-10-18,4.631341457366943,6.760000228881836,6.650000095367432,6.78000020980835,6.650000095367432,1797400,DHT,Tanker,2026-09-22
2021-10-19,4.850574970245361,7.079999923706055,6.840000152587891,7.190000057220459,6.820000171661377,5701400,DHT,Tanker,2026-09-22
2021-10-20,4.7204060554504395,6.889999866485596,7.03000020980835,7.03000020980835,6.78000020980835,2203000,DHT,Tanker,2026-09-22
2021-10-21,4.555979251861572,6.650000095367432,6.889999866485596,6.900000095367432,6.630000114440918,1876100,DHT,Tanker,2026-09-22
2021-10-22,4.603937149047852,6.71999979019165,6.699999809265137,6.730000019073486,6.590000152587891,1176300,DHT,Tanker,2026-09-22
2021-10-25,4.638192653656006,6.769999980926514,6.710000038146973,6.789999961853027,6.619999885559082,1419200,DHT,Tanker,2026-09-22
2021-10-26,4.521722793579102,6.599999904632568,6.78000020980835,6.820000171661377,6.570000171661377,1670500,DHT,Tanker,2026-09-22
2021-10-27,4.453212738037109,6.5,6.550000190734863,6.650000095367432,6.46999979019165,2986600,DHT,Tanker,2026-09-22
2021-10-28,4.487468242645264,6.550000190734863,6.46999979019165,6.590000152587891,6.460000038146973,1653600,DHT,Tanker,2026-09-22
2021-10-29,4.460063934326172,6.510000228881836,6.690000057220459,6.690000057220459,6.489999771118164,1720900,DHT,Tanker,2026-09-22
2021-11-01,4.528574466705322,6.610000133514404,6.5,6.650000095367432,6.420000076293945,1596500,DHT,Tanker,2026-09-22
2021-11-02,4.384701728820801,6.400000095367432,6.579999923706055,6.599999904632568,6.389999866485596,1809900,DHT,Tanker,2026-09-22
2021-11-03,4.412105560302734,6.440000057220459,6.349999904632568,6.480000019073486,6.239999771118164,2042500,DHT,Tanker,2026-09-22
2021-11-04,4.3504462242126465,6.349999904632568,6.449999809265137,6.550000190734863,6.300000190734863,1878700,DHT,Tanker,2026-09-22
2021-11-05,4.295638561248779,6.269999980926514,6.389999866485596,6.389999866485596,6.190000057220459,2037800,DHT,Tanker,2026-09-22
2021-11-08,4.247679710388184,6.199999809265137,6.409999847412109,6.409999847412109,6.190000057220459,1893400,DHT,Tanker,2026-09-22
2021-11-09,4.268232345581055,6.230000019073486,6.179999828338623,6.269999980926514,6.119999885559082,1273700,DHT,Tanker,2026-09-22
2021-11-10,4.240828514099121,6.190000057220459,6.239999771118164,6.260000228881836,6.139999866485596,1369200,DHT,Tanker,2026-09-22
2021-11-11,4.302488803863525,6.28000020980835,6.170000076293945,6.320000171661377,6.159999847412109,1608800,DHT,Tanker,2026-09-22
2021-11-12,4.316190719604492,6.300000190734863,6.150000095367432,6.329999923706055,6.090000152587891,1261500,DHT,Tanker,2026-09-22
2021-11-15,4.178732872009277,6.079999923706055,6.269999980926514,6.269999980926514,6.010000228881836,1640600,DHT,Tanker,2026-09-22
2021-11-16,4.048147678375244,5.889999866485596,6.059999942779541,6.070000171661377,5.829999923706055,1608200,DHT,Tanker,2026-09-22
2021-11-17,4.020655632019043,5.849999904632568,5.880000114440918,6.019999980926514,5.829999923706055,1544600,DHT,Tanker,2026-09-22
2021-11-18,3.951925754547119,5.75,5.809999942779541,5.909999847412109,5.710000038146973,2487900,DHT,Tanker,2026-09-22
2021-11-19,3.9175615310668945,5.699999809265137,5.670000076293945,5.829999923706055,5.639999866485596,2538200,DHT,Tanker,2026-09-22
2021-11-22,3.8763234615325928,5.639999866485596,5.659999847412109,5.769999980926514,5.599999904632568,1461400,DHT,Tanker,2026-09-22
2021-11-23,3.8144679069519043,5.550000190734863,5.630000114440918,5.679999828338623,5.519999980926514,1673100,DHT,Tanker,2026-09-22
2021-11-24,3.965672016143799,5.769999980926514,5.579999923706055,5.789999961853027,5.579999923706055,1531300,DHT,Tanker,2026-09-22
2021-11-26,3.8419594764709473,5.590000152587891,5.559999942779541,5.670000076293945,5.449999809265137,1659000,DHT,Tanker,2026-09-22
2021-11-29,3.7801032066345215,5.5,5.639999866485596,5.679999828338623,5.489999771118164,1219900,DHT,Tanker,2026-09-22
2021-11-30,3.8144679069519043,5.550000190734863,5.480000019073486,5.590000152587891,5.409999847412109,2779200,DHT,Tanker,2026-09-22
2021-12-01,3.57391619682312,5.199999809265137,5.610000133514404,5.650000095367432,5.190000057220459,2699000,DHT,Tanker,2026-09-22
2021-12-02,3.656390428543091,5.320000171661377,5.25,5.420000076293945,5.21999979019165,2585900,DHT,Tanker,2026-09-22
2021-12-03,3.594533920288086,5.230000019073486,5.320000171661377,5.329999923706055,5.179999828338623,1665700,DHT,Tanker,2026-09-22
2021-12-06,3.7251195907592773,5.420000076293945,5.28000020980835,5.440000057220459,5.159999847412109,2064100,DHT,Tanker,2026-09-22
2021-12-07,3.8625781536102295,5.619999885559082,5.519999980926514,5.659999847412109,5.480000019073486,2391800,DHT,Tanker,2026-09-22
2021-12-08,3.896942377090454,5.670000076293945,5.619999885559082,5.710000038146973,5.550000190734863,1219300,DHT,Tanker,2026-09-22
2021-12-09,3.7526118755340576,5.460000038146973,5.539999961853027,5.559999942779541,5.409999847412109,2291400,DHT,Tanker,2026-09-22
2021-12-10,3.766357421875,5.480000019073486,5.480000019073486,5.539999961853027,5.440000057220459,625900,DHT,Tanker,2026-09-22
2021-12-13,3.718247890472412,5.409999847412109,5.440000057220459,5.460000038146973,5.340000152587891,1271000,DHT,Tanker,2026-09-22
2021-12-14,3.670137405395508,5.340000152587891,5.349999904632568,5.409999847412109,5.320000171661377,1258600,DHT,Tanker,2026-09-22
2021-12-15,3.6426451206207275,5.300000190734863,5.340000152587891,5.340000152587891,5.139999866485596,1746000,DHT,Tanker,2026-09-22
2021-12-16,3.6426451206207275,5.300000190734863,5.360000133514404,5.409999847412109,5.260000228881836,1122700,DHT,Tanker,2026-09-22
2021-12-17,3.608280897140503,5.25,5.269999980926514,5.329999923706055,5.159999847412109,2277500,DHT,Tanker,2026-09-22
2021-12-20,3.608280897140503,5.25,5.159999847412109,5.260000228881836,5.110000133514404,1419700,DHT,Tanker,2026-09-22
2021-12-21,3.6220264434814453,5.269999980926514,5.28000020980835,5.329999923706055,5.260000228881836,696000,DHT,Tanker,2026-09-22
2021-12-22,3.656390428543091,5.320000171661377,5.309999942779541,5.320000171661377,5.199999809265137,1395400,DHT,Tanker,2026-09-22
2021-12-23,3.608280897140503,5.25,5.340000152587891,5.340000152587891,5.190000057220459,951900,DHT,Tanker,2026-09-22
2021-12-27,3.6151533126831055,5.260000228881836,5.25,5.289999961853027,5.199999809265137,1181000,DHT,Tanker,2026-09-22
2021-12-28,3.594533920288086,5.230000019073486,5.260000228881836,5.340000152587891,5.21999979019165,1245700,DHT,Tanker,2026-09-22
2021-12-29,3.5120604038238525,5.110000133514404,5.25,5.28000020980835,5.110000133514404,1673600,DHT,Tanker,2026-09-22
2021-12-30,3.553297281265259,5.170000076293945,5.139999866485596,5.239999771118164,5.130000114440918,1328400,DHT,Tanker,2026-09-22
2021-12-31,3.567042589187622,5.190000057220459,5.150000095367432,5.199999809265137,5.099999904632568,1169500,DHT,Tanker,2026-09-22
2022-01-03,3.6976282596588135,5.380000114440918,5.239999771118164,5.389999866485596,5.21999979019165,1706700,DHT,Tanker,2026-09-22
2022-01-04,3.7526118755340576,5.460000038146973,5.460000038146973,5.550000190734863,5.389999866485596,2349500,DHT,Tanker,2026-09-22
2022-01-05,3.6426451206207275,5.300000190734863,5.460000038146973,5.579999923706055,5.300000190734863,1613000,DHT,Tanker,2026-09-22
2022-01-06,3.6151533126831055,5.260000228881836,5.309999942779541,5.400000095367432,5.25,854200,DHT,Tanker,2026-09-22
2022-01-07,3.670137405395508,5.340000152587891,5.300000190734863,5.349999904632568,5.239999771118164,1206400,DHT,Tanker,2026-09-22
2022-01-10,3.690755844116211,5.369999885559082,5.300000190734863,5.369999885559082,5.199999809265137,1253500,DHT,Tanker,2026-09-22
2022-01-11,3.7801032066345215,5.5,5.400000095367432,5.570000171661377,5.389999866485596,2105400,DHT,Tanker,2026-09-22
2022-01-12,3.8763234615325928,5.639999866485596,5.550000190734863,5.659999847412109,5.53000020980835,1666200,DHT,Tanker,2026-09-22
2022-01-13,3.828214406967163,5.570000171661377,5.639999866485596,5.679999828338623,5.510000228881836,1789600,DHT,Tanker,2026-09-22
2022-01-14,3.8488330841064453,5.599999904632568,5.539999961853027,5.630000114440918,5.53000020980835,982800,DHT,Tanker,2026-09-22
2022-01-18,3.6632633209228516,5.329999923706055,5.539999961853027,5.550000190734863,5.320000171661377,1593900,DHT,Tanker,2026-09-22
2022-01-19,3.6288998126983643,5.28000020980835,5.349999904632568,5.369999885559082,5.269999980926514,1313000,DHT,Tanker,2026-09-22
2022-01-20,3.5326781272888184,5.139999866485596,5.300000190734863,5.360000133514404,5.130000114440918,1200300,DHT,Tanker,2026-09-22
2022-01-21,3.3883469104766846,4.929999828338623,5.130000114440918,5.130000114440918,4.909999847412109,2804300,DHT,Tanker,2026-09-22
2022-01-24,3.278380870819092,4.769999980926514,4.880000114440918,4.880000114440918,4.550000190734863,5023600,DHT,Tanker,2026-09-22
2022-01-25,3.326490879058838,4.840000152587891,4.710000038146973,4.900000095367432,4.630000114440918,2422300,DHT,Tanker,2026-09-22
2022-01-26,3.3539822101593018,4.880000114440918,4.900000095367432,5.019999980926514,4.820000171661377,1916900,DHT,Tanker,2026-09-22
2022-01-27,3.4158384799957275,4.96999979019165,4.909999847412109,5.079999923706055,4.900000095367432,1727000,DHT,Tanker,2026-09-22
2022-01-28,3.3814749717712402,4.920000076293945,4.929999828338623,4.980000019073486,4.789999961853027,1315000,DHT,Tanker,2026-09-22
2022-01-31,3.3539822101593018,4.880000114440918,4.849999904632568,4.929999828338623,4.730000019073486,2060600,DHT,Tanker,2026-09-22
2022-02-01,3.463949203491211,5.039999961853027,4.880000114440918,5.070000171661377,4.860000133514404,2121200,DHT,Tanker,2026-09-22
2022-02-02,3.4227120876312256,4.980000019073486,5.139999866485596,5.190000057220459,4.949999809265137,1666800,DHT,Tanker,2026-09-22
2022-02-03,3.3539822101593018,4.880000114440918,4.909999847412109,4.949999809265137,4.809999942779541,2004700,DHT,Tanker,2026-09-22
2022-02-04,3.4227120876312256,4.980000019073486,4.860000133514404,5.010000228881836,4.820000171661377,1736900,DHT,Tanker,2026-09-22
2022-02-07,3.470823049545288,5.050000190734863,4.96999979019165,5.139999866485596,4.96999979019165,2176800,DHT,Tanker,2026-09-22
2022-02-08,3.7457385063171387,5.449999809265137,5.239999771118164,5.489999771118164,5.21999979019165,3651500,DHT,Tanker,2026-09-22
2022-02-09,3.7457385063171387,5.449999809265137,5.449999809265137,5.46999979019165,5.289999961853027,1957300,DHT,Tanker,2026-09-22
2022-02-10,3.8075947761535645,5.539999961853027,5.429999828338623,5.619999885559082,5.420000076293945,3955200,DHT,Tanker,2026-09-22
2022-02-11,3.9038150310516357,5.679999828338623,5.570000171661377,5.880000114440918,5.550000190734863,3082000,DHT,Tanker,2026-09-22
2022-02-14,3.800722360610962,5.53000020980835,5.659999847412109,5.710000038146973,5.440000057220459,2410500,DHT,Tanker,2026-09-22
2022-02-15,3.8075947761535645,5.539999961853027,5.489999771118164,5.579999923706055,5.460000038146973,1154700,DHT,Tanker,2026-09-22
2022-02-16,3.9041640758514404,5.659999847412109,5.53000020980835,5.659999847412109,5.53000020980835,2290600,DHT,Tanker,2026-09-22
2022-02-17,3.890368938446045,5.639999866485596,5.659999847412109,5.78000020980835,5.610000133514404,2082000,DHT,Tanker,2026-09-22
2022-02-18,3.773106575012207,5.46999979019165,5.599999904632568,5.639999866485596,5.460000038146973,2273700,DHT,Tanker,2026-09-22
2022-02-22,3.890368938446045,5.639999866485596,5.53000020980835,5.690000057220459,5.480000019073486,2262800,DHT,Tanker,2026-09-22
2022-02-23,3.8834714889526367,5.630000114440918,5.639999866485596,5.699999809265137,5.570000171661377,1832800,DHT,Tanker,2026-09-22
2022-02-24,4.104201316833496,5.949999809265137,5.579999923706055,6.0,5.550000190734863,5239600,DHT,Tanker,2026-09-22
2022-02-25,4.104201316833496,5.949999809265137,5.940000057220459,6.019999980926514,5.869999885559082,2612500,DHT,Tanker,2026-09-22
2022-02-28,4.338726997375488,6.289999961853027,6.050000190734863,6.420000076293945,6.050000190734863,4517200,DHT,Tanker,2026-09-22
2022-03-01,4.318033218383789,6.260000228881836,6.449999809265137,6.5,6.070000171661377,4696200,DHT,Tanker,2026-09-22
2022-03-02,4.255953788757324,6.170000076293945,6.25,6.260000228881836,6.079999923706055,2479700,DHT,Tanker,2026-09-22
2022-03-03,4.269749164581299,6.190000057220459,6.28000020980835,6.309999942779541,6.039999961853027,3169900,DHT,Tanker,2026-09-22
2022-03-04,4.221463680267334,6.119999885559082,6.150000095367432,6.179999828338623,5.800000190734863,3504500,DHT,Tanker,2026-09-22
2022-03-07,4.269749164581299,6.190000057220459,6.150000095367432,6.389999866485596,6.070000171661377,4996600,DHT,Tanker,2026-09-22
2022-03-08,4.221463680267334,6.119999885559082,6.199999809265137,6.28000020980835,5.880000114440918,2947900,DHT,Tanker,2026-09-22
2022-03-09,3.973144054412842,5.760000228881836,6.0,6.010000228881836,5.699999809265137,4477700,DHT,Tanker,2026-09-22
2022-03-10,4.0697126388549805,5.900000095367432,5.739999771118164,5.949999809265137,5.739999771118164,3950300,DHT,Tanker,2026-09-22
2022-03-11,3.800697088241577,5.510000228881836,5.820000171661377,5.849999904632568,5.510000228881836,2259900,DHT,Tanker,2026-09-22
2022-03-14,3.6558432579040527,5.300000190734863,5.46999979019165,5.46999979019165,5.260000228881836,2195100,DHT,Tanker,2026-09-22
2022-03-15,3.6903316974639893,5.349999904632568,5.210000038146973,5.420000076293945,5.139999866485596,2091000,DHT,Tanker,2026-09-22
2022-03-16,3.8627779483795166,5.599999904632568,5.429999828338623,5.659999847412109,5.420000076293945,2416600,DHT,Tanker,2026-09-22
2022-03-17,3.973144054412842,5.760000228881836,5.610000133514404,5.789999961853027,5.610000133514404,1887300,DHT,Tanker,2026-09-22
2022-03-18,4.000733852386475,5.800000190734863,5.760000228881836,5.829999923706055,5.670000076293945,2338000,DHT,Tanker,2026-09-22
2022-03-21,3.931755542755127,5.699999809265137,5.78000020980835,5.78000020980835,5.659999847412109,2175100,DHT,Tanker,2026-09-22
2022-03-22,3.9869391918182373,5.78000020980835,5.710000038146973,5.789999961853027,5.659999847412109,1873700,DHT,Tanker,2026-09-22
2022-03-23,3.876573324203491,5.619999885559082,5.769999980926514,5.789999961853027,5.590000152587891,2214300,DHT,Tanker,2026-09-22
2022-03-24,3.738616943359375,5.420000076293945,5.630000114440918,5.630000114440918,5.380000114440918,3802300,DHT,Tanker,2026-09-22
2022-03-25,3.9041640758514404,5.659999847412109,5.389999866485596,5.690000057220459,5.389999866485596,2038000,DHT,Tanker,2026-09-22
2022-03-28,3.780003070831299,5.480000019073486,5.570000171661377,5.619999885559082,5.429999828338623,2105600,DHT,Tanker,2026-09-22
2022-03-29,3.821390151977539,5.539999961853027,5.369999885559082,5.610000133514404,5.25,2180200,DHT,Tanker,2026-09-22
2022-03-30,3.9455525875091553,5.71999979019165,5.599999904632568,5.849999904632568,5.599999904632568,1933800,DHT,Tanker,2026-09-22
2022-03-31,4.000733852386475,5.800000190734863,5.699999809265137,5.920000076293945,5.659999847412109,1705500,DHT,Tanker,2026-09-22
2022-04-01,4.042121410369873,5.860000133514404,5.909999847412109,6.039999961853027,5.789999961853027,3805200,DHT,Tanker,2026-09-22
2022-04-04,4.111098766326904,5.960000038146973,5.920000076293945,6.150000095367432,5.889999866485596,2607600,DHT,Tanker,2026-09-22
2022-04-05,4.138690948486328,6.0,5.96999979019165,6.170000076293945,5.940000057220459,3526100,DHT,Tanker,2026-09-22
2022-04-06,4.193873405456543,6.079999923706055,6.059999942779541,6.210000038146973,6.0,3194100,DHT,Tanker,2026-09-22
2022-04-07,4.311135768890381,6.25,6.110000133514404,6.28000020980835,6.070000171661377,5004700,DHT,Tanker,2026-09-22
2022-04-08,4.552559852600098,6.599999904632568,6.28000020980835,6.670000076293945,6.269999980926514,5975200,DHT,Tanker,2026-09-22
2022-04-11,4.3594207763671875,6.320000171661377,6.550000190734863,6.550000190734863,6.28000020980835,2054700,DHT,Tanker,2026-09-22
2022-04-12,4.276646614074707,6.199999809265137,6.369999885559082,6.369999885559082,6.159999847412109,1751900,DHT,Tanker,2026-09-22
2022-04-13,4.311135768890381,6.25,6.199999809265137,6.28000020980835,6.119999885559082,3045600,DHT,Tanker,2026-09-22
2022-04-14,4.352521896362305,6.309999942779541,6.28000020980835,6.329999923706055,6.190000057220459,1302100,DHT,Tanker,2026-09-22
2022-04-18,4.276646614074707,6.199999809265137,6.309999942779541,6.309999942779541,6.119999885559082,2004000,DHT,Tanker,2026-09-22
2022-04-19,4.242157459259033,6.150000095367432,6.139999866485596,6.21999979019165,6.03000020980835,1612300,DHT,Tanker,2026-09-22
2022-04-20,4.186975955963135,6.070000171661377,6.170000076293945,6.199999809265137,6.0,2768800,DHT,Tanker,2026-09-22
2022-04-21,4.1662821769714355,6.039999961853027,6.110000133514404,6.239999771118164,6.0,2053500,DHT,Tanker,2026-09-22
2022-04-22,4.062814712524414,5.889999866485596,6.039999961853027,6.099999904632568,5.809999942779541,1571000,DHT,Tanker,2026-09-22
2022-04-25,3.85588002204895,5.590000152587891,5.739999771118164,5.78000020980835,5.449999809265137,2945100,DHT,Tanker,2026-09-22
2022-04-26,3.7869012355804443,5.489999771118164,5.539999961853027,5.610000133514404,5.429999828338623,1994900,DHT,Tanker,2026-09-22
2022-04-27,3.9179601669311523,5.679999828338623,5.519999980926514,5.739999771118164,5.510000228881836,2398100,DHT,Tanker,2026-09-22
2022-04-28,3.9938361644744873,5.789999961853027,5.710000038146973,5.840000152587891,5.579999923706055,2286800,DHT,Tanker,2026-09-22
2022-04-29,3.876573324203491,5.619999885559082,5.769999980926514,5.840000152587891,5.570000171661377,2132000,DHT,Tanker,2026-09-22
2022-05-02,3.8489818572998047,5.579999923706055,5.570000171661377,5.679999828338623,5.5,1193100,DHT,Tanker,2026-09-22
2022-05-03,3.9041640758514404,5.659999847412109,5.590000152587891,5.789999961853027,5.53000020980835,2681000,DHT,Tanker,2026-09-22
2022-05-04,3.9938361644744873,5.789999961853027,5.829999923706055,5.889999866485596,5.650000095367432,1982500,DHT,Tanker,2026-09-22
2022-05-05,3.931755542755127,5.699999809265137,5.789999961853027,5.869999885559082,5.590000152587891,1783800,DHT,Tanker,2026-09-22
2022-05-06,3.85588002204895,5.590000152587891,5.699999809265137,5.730000019073486,5.480000019073486,3246500,DHT,Tanker,2026-09-22
2022-05-09,3.46960186958313,5.03000020980835,5.46999979019165,5.46999979019165,4.980000019073486,5780200,DHT,Tanker,2026-09-22
2022-05-10,3.780003070831299,5.480000019073486,5.260000228881836,5.659999847412109,5.25,3419200,DHT,Tanker,2026-09-22
2022-05-11,3.621354818344116,5.25,5.480000019073486,5.570000171661377,5.21999979019165,2778100,DHT,Tanker,2026-09-22
2022-05-12,3.5799665451049805,5.190000057220459,5.25,5.269999980926514,4.980000019073486,2814600,DHT,Tanker,2026-09-22
2022-05-13,3.759310007095337,5.449999809265137,5.28000020980835,5.550000190734863,5.269999980926514,2338000,DHT,Tanker,2026-09-22
2022-05-16,3.966244697570801,5.75,5.510000228881836,5.769999980926514,5.510000228881836,2782900,DHT,Tanker,2026-09-22
2022-05-17,3.8972668647766113,5.650000095367432,5.860000133514404,5.880000114440918,5.630000114440918,2575800,DHT,Tanker,2026-09-22
2022-05-18,3.9595680236816406,5.71999979019165,5.760000228881836,5.860000133514404,5.650000095367432,2678800,DHT,Tanker,2026-09-22
2022-05-19,3.987257719039917,5.760000228881836,5.679999828338623,5.840000152587891,5.659999847412109,2087700,DHT,Tanker,2026-09-22
2022-05-20,3.966489553451538,5.730000019073486,5.769999980926514,5.829999923706055,5.670000076293945,2628700,DHT,Tanker,2026-09-22
2022-05-23,4.07724666595459,5.889999866485596,5.809999942779541,5.909999847412109,5.639999866485596,2557800,DHT,Tanker,2026-09-22
2022-05-24,3.9180328845977783,5.659999847412109,5.760000228881836,5.889999866485596,5.639999866485596,2222400,DHT,Tanker,2026-09-22
2022-05-25,4.222615718841553,6.099999904632568,5.730000019073486,6.099999904632568,5.730000019073486,3685900,DHT,Tanker,2026-09-22
2022-05-26,4.174160003662109,6.03000020980835,6.059999942779541,6.21999979019165,5.989999771118164,2376200,DHT,Tanker,2026-09-22
2022-05-27,4.229538440704346,6.110000133514404,6.019999980926514,6.119999885559082,5.929999828338623,1981700,DHT,Tanker,2026-09-22
2022-05-31,4.125702381134033,5.960000038146973,6.150000095367432,6.179999828338623,5.860000133514404,2546200,DHT,Tanker,2026-09-22
2022-06-01,4.243383407592773,6.130000114440918,5.96999979019165,6.150000095367432,5.920000076293945,2613200,DHT,Tanker,2026-09-22
2022-06-02,4.236460208892822,6.119999885559082,6.179999828338623,6.269999980926514,6.03000020980835,2691500,DHT,Tanker,2026-09-22
2022-06-03,4.21569299697876,6.090000152587891,6.079999923706055,6.110000133514404,5.940000057220459,1760400,DHT,Tanker,2026-09-22
2022-06-06,4.208771705627441,6.079999923706055,6.130000114440918,6.25,6.039999961853027,2102800,DHT,Tanker,2026-09-22
2022-06-07,4.25030517578125,6.139999866485596,6.019999980926514,6.210000038146973,6.010000228881836,2271100,DHT,Tanker,2026-09-22
2022-06-08,4.06340217590332,5.869999885559082,6.099999904632568,6.110000133514404,5.78000020980835,2094400,DHT,Tanker,2026-09-22
2022-06-09,3.9526453018188477,5.710000038146973,5.75,5.769999980926514,5.590000152587891,3315800,DHT,Tanker,2026-09-22
2022-06-10,3.987257719039917,5.760000228881836,5.610000133514404,5.769999980926514,5.559999942779541,2926200,DHT,Tanker,2026-09-22
2022-06-13,3.869577407836914,5.590000152587891,5.590000152587891,5.769999980926514,5.539999961853027,2961800,DHT,Tanker,2026-09-22
2022-06-14,3.9249556064605713,5.670000076293945,5.710000038146973,5.820000171661377,5.559999942779541,2937200,DHT,Tanker,2026-09-22
2022-06-15,3.987257719039917,5.760000228881836,5.71999979019165,5.789999961853027,5.590000152587891,2436300,DHT,Tanker,2026-09-22
2022-06-16,3.938800811767578,5.690000057220459,5.630000114440918,5.730000019073486,5.510000228881836,3160500,DHT,Tanker,2026-09-22
2022-06-17,3.703441619873047,5.349999904632568,5.590000152587891,5.659999847412109,5.340000152587891,6087100,DHT,Tanker,2026-09-22
2022-06-21,4.07724666595459,5.889999866485596,5.5,5.960000038146973,5.480000019073486,3433500,DHT,Tanker,2026-09-22
2022-06-22,3.973412036895752,5.739999771118164,5.760000228881836,5.880000114440918,5.699999809265137,2629000,DHT,Tanker,2026-09-22
2022-06-23,4.07724666595459,5.889999866485596,5.71999979019165,5.909999847412109,5.699999809265137,3731100,DHT,Tanker,2026-09-22
2022-06-24,4.298762321472168,6.210000038146973,5.949999809265137,6.320000171661377,5.900000095367432,5443500,DHT,Tanker,2026-09-22
2022-06-27,4.395673751831055,6.349999904632568,6.28000020980835,6.449999809265137,6.230000019073486,3119900,DHT,Tanker,2026-09-22
2022-06-28,4.416440963745117,6.380000114440918,6.400000095367432,6.449999809265137,6.210000038146973,1702400,DHT,Tanker,2026-09-22
2022-06-29,4.333372592926025,6.260000228881836,6.400000095367432,6.440000057220459,6.170000076293945,1792000,DHT,Tanker,2026-09-22
2022-06-30,4.243383407592773,6.130000114440918,6.110000133514404,6.260000228881836,6.070000171661377,1929400,DHT,Tanker,2026-09-22
2022-07-01,4.208771705627441,6.079999923706055,6.090000152587891,6.130000114440918,5.900000095367432,2098900,DHT,Tanker,2026-09-22
2022-07-05,4.181082248687744,6.039999961853027,6.059999942779541,6.099999904632568,5.920000076293945,2756500,DHT,Tanker,2026-09-22
2022-07-06,3.9803342819213867,5.75,5.909999847412109,6.050000190734863,5.550000190734863,3654700,DHT,Tanker,2026-09-22
2022-07-07,4.167236804962158,6.019999980926514,5.900000095367432,6.119999885559082,5.900000095367432,2066700,DHT,Tanker,2026-09-22
2022-07-08,4.229538440704346,6.110000133514404,6.090000152587891,6.190000057220459,5.989999771118164,1986600,DHT,Tanker,2026-09-22
2022-07-11,4.167236804962158,6.019999980926514,6.099999904632568,6.110000133514404,5.920000076293945,1204200,DHT,Tanker,2026-09-22
2022-07-12,4.21569299697876,6.090000152587891,6.03000020980835,6.179999828338623,5.949999809265137,2124600,DHT,Tanker,2026-09-22
2022-07-13,4.361062526702881,6.300000190734863,6.050000190734863,6.340000152587891,6.039999961853027,1627000,DHT,Tanker,2026-09-22
2022-07-14,4.305683612823486,6.21999979019165,6.190000057220459,6.25,6.099999904632568,1755700,DHT,Tanker,2026-09-22
2022-07-15,4.4302849769592285,6.400000095367432,6.300000190734863,6.409999847412109,6.130000114440918,1736800,DHT,Tanker,2026-09-22
2022-07-18,4.582575798034668,6.619999885559082,6.5,6.710000038146973,6.480000019073486,1778300,DHT,Tanker,2026-09-22
2022-07-19,4.741790294647217,6.849999904632568,6.670000076293945,6.869999885559082,6.639999866485596,2271500,DHT,Tanker,2026-09-22
2022-07-20,4.721022129058838,6.820000171661377,6.860000133514404,6.900000095367432,6.760000228881836,1797700,DHT,Tanker,2026-09-22
2022-07-21,4.755634307861328,6.869999885559082,6.800000190734863,6.889999866485596,6.679999828338623,1668700,DHT,Tanker,2026-09-22
2022-07-22,4.568731784820557,6.599999904632568,6.800000190734863,6.860000133514404,6.539999961853027,2384900,DHT,Tanker,2026-09-22
2022-07-25,4.707178115844727,6.800000190734863,6.690000057220459,6.849999904632568,6.590000152587891,2552100,DHT,Tanker,2026-09-22
2022-07-26,4.66564416885376,6.739999771118164,6.769999980926514,6.820000171661377,6.630000114440918,2018400,DHT,Tanker,2026-09-22
2022-07-27,4.769478797912598,6.889999866485596,6.829999923706055,6.909999847412109,6.739999771118164,2461900,DHT,Tanker,2026-09-22
2022-07-28,4.693334579467773,6.78000020980835,6.949999809265137,6.960000038146973,6.679999828338623,1688600,DHT,Tanker,2026-09-22
2022-07-29,4.547965049743652,6.570000171661377,6.820000171661377,6.840000152587891,6.559999942779541,2602400,DHT,Tanker,2026-09-22
2022-08-01,4.776401519775391,6.900000095367432,6.670000076293945,6.909999847412109,6.619999885559082,4721500,DHT,Tanker,2026-09-22
2022-08-02,4.8940815925598145,7.070000171661377,6.949999809265137,7.210000038146973,6.940000057220459,3569000,DHT,Tanker,2026-09-22
2022-08-03,4.942537307739258,7.139999866485596,7.119999885559082,7.25,6.989999771118164,2904200,DHT,Tanker,2026-09-22
2022-08-04,4.873313903808594,7.039999961853027,7.050000190734863,7.150000095367432,6.949999809265137,2522700,DHT,Tanker,2026-09-22
2022-08-05,4.984071254730225,7.199999809265137,6.96999979019165,7.28000020980835,6.949999809265137,2188000,DHT,Tanker,2026-09-22
2022-08-08,5.074060916900635,7.329999923706055,7.210000038146973,7.429999828338623,7.190000057220459,1885800,DHT,Tanker,2026-09-22
2022-08-09,5.198662757873535,7.510000228881836,7.400000095367432,7.550000190734863,7.320000171661377,2581400,DHT,Tanker,2026-09-22
2022-08-10,5.122518062591553,7.400000095367432,7.550000190734863,7.619999885559082,7.25,2349800,DHT,Tanker,2026-09-22
2022-08-11,5.357876300811768,7.739999771118164,7.550000190734863,7.840000152587891,7.440000057220459,4541200,DHT,Tanker,2026-09-22
2022-08-12,5.420177459716797,7.829999923706055,7.659999847412109,7.860000133514404,7.630000114440918,1693400,DHT,Tanker,2026-09-22
2022-08-15,5.558623313903809,8.029999732971191,7.690000057220459,8.069999694824219,7.510000228881836,4301400,DHT,Tanker,2026-09-22
2022-08-16,5.524012088775635,7.980000019073486,8.029999732971191,8.050000190734863,7.889999866485596,2049100,DHT,Tanker,2026-09-22
2022-08-17,5.600158214569092,8.09000015258789,8.0,8.1899995803833,8.0,2804600,DHT,Tanker,2026-09-22
2022-08-18,5.5378570556640625,8.0,8.109999656677246,8.170000076293945,7.889999866485596,1573700,DHT,Tanker,2026-09-22
2022-08-19,5.447866439819336,7.869999885559082,7.840000152587891,7.929999828338623,7.78000020980835,1240700,DHT,Tanker,2026-09-22
2022-08-22,5.461781978607178,7.849999904632568,7.880000114440918,8.149999618530273,7.840000152587891,3037500,DHT,Tanker,2026-09-22
2022-08-23,5.399162769317627,7.760000228881836,7.920000076293945,7.96999979019165,7.75,1190900,DHT,Tanker,2026-09-22
2022-08-24,5.517443656921387,7.929999828338623,7.840000152587891,8.050000190734863,7.78000020980835,1450800,DHT,Tanker,2026-09-22
2022-08-25,5.454824447631836,7.840000152587891,7.989999771118164,8.020000457763672,7.789999961853027,1348800,DHT,Tanker,2026-09-22
2022-08-26,5.385247707366943,7.739999771118164,7.820000171661377,7.829999923706055,7.639999866485596,1389500,DHT,Tanker,2026-09-22
2022-08-29,5.517443656921387,7.929999828338623,7.690000057220459,8.0,7.659999847412109,1254100,DHT,Tanker,2026-09-22
2022-08-30,5.329586029052734,7.659999847412109,7.829999923706055,7.920000076293945,7.579999923706055,2690400,DHT,Tanker,2026-09-22
2022-08-31,5.4339518547058105,7.809999942779541,7.559999942779541,7.820000171661377,7.480000019073486,1776400,DHT,Tanker,2026-09-22
2022-09-01,5.273924350738525,7.579999923706055,7.710000038146973,7.78000020980835,7.510000228881836,1634900,DHT,Tanker,2026-09-22
2022-09-02,5.357417106628418,7.699999809265137,7.679999828338623,7.760000228881836,7.53000020980835,1166300,DHT,Tanker,2026-09-22
2022-09-06,5.6287665367126465,8.09000015258789,7.920000076293945,8.270000457763672,7.889999866485596,4461900,DHT,Tanker,2026-09-22
2022-09-07,5.4339518547058105,7.809999942779541,7.860000133514404,7.929999828338623,7.670000076293945,1868000,DHT,Tanker,2026-09-22
2022-09-08,5.496570587158203,7.900000095367432,7.75,7.940000057220459,7.730000019073486,2156100,DHT,Tanker,2026-09-22
2022-09-09,5.907073974609375,8.489999771118164,8.270000457763672,8.680000305175781,8.229999542236328,4206700,DHT,Tanker,2026-09-22
2022-09-12,5.976650714874268,8.59000015258789,8.4399995803833,8.630000114440918,8.380000114440918,2932800,DHT,Tanker,2026-09-22
2022-09-13,5.9140305519104,8.5,8.550000190734863,8.680000305175781,8.40999984741211,2645900,DHT,Tanker,2026-09-22
2022-09-14,6.150592803955078,8.84000015258789,8.600000381469727,8.920000076293945,8.600000381469727,2917000,DHT,Tanker,2026-09-22
2022-09-15,6.115805625915527,8.789999961853027,8.710000038146973,8.850000381469727,8.609999656677246,2874800,DHT,Tanker,2026-09-22
2022-09-16,6.0601420402526855,8.710000038146973,8.6899995803833,8.770000457763672,8.430000305175781,3270600,DHT,Tanker,2026-09-22
2022-09-19,6.442816257476807,9.260000228881836,8.59000015258789,9.3100004196167,8.529999732971191,5580500,DHT,Tanker,2026-09-22
2022-09-20,6.3941121101379395,9.1899995803833,9.260000228881836,9.300000190734863,9.039999961853027,3163300,DHT,Tanker,2026-09-22
2022-09-21,6.164507865905762,8.859999656677246,9.25,9.289999961853027,8.819999694824219,2438600,DHT,Tanker,2026-09-22
2022-09-22,6.108846187591553,8.779999732971191,8.970000267028809,9.130000114440918,8.760000228881836,2431500,DHT,Tanker,2026-09-22
2022-09-23,5.816623210906982,8.359999656677246,8.550000190734863,8.579999923706055,8.289999961853027,2989500,DHT,Tanker,2026-09-22
2022-09-26,5.767919540405273,8.289999961853027,8.300000190734863,8.550000190734863,8.220000267028809,3104100,DHT,Tanker,2026-09-22
2022-09-27,5.712258338928223,8.210000038146973,8.329999923706055,8.399999618530273,8.020000457763672,2791900,DHT,Tanker,2026-09-22
2022-09-28,5.656597137451172,8.130000114440918,8.270000457763672,8.270000457763672,7.889999866485596,4166600,DHT,Tanker,2026-09-22
2022-09-29,5.24609375,7.539999961853027,8.100000381469727,8.130000114440918,7.519999980926514,3424600,DHT,Tanker,2026-09-22
2022-09-30,5.260009288787842,7.559999942779541,7.630000114440918,7.800000190734863,7.539999961853027,2266400,DHT,Tanker,2026-09-22
2022-10-03,5.24609375,7.539999961853027,7.599999904632568,7.699999809265137,7.46999979019165,2535100,DHT,Tanker,2026-09-22
2022-10-04,5.155642986297607,7.409999847412109,7.590000152587891,7.650000095367432,7.289999961853027,5722600,DHT,Tanker,2026-09-22
2022-10-05,5.086067199707031,7.309999942779541,7.230000019073486,7.420000076293945,6.960000038146973,4535600,DHT,Tanker,2026-09-22
2022-10-06,5.14172887802124,7.389999866485596,7.400000095367432,7.710000038146973,7.309999942779541,2540800,DHT,Tanker,2026-09-22
2022-10-07,5.2391357421875,7.53000020980835,7.389999866485596,7.650000095367432,7.360000133514404,2719000,DHT,Tanker,2026-09-22
2022-10-10,5.176516532897949,7.440000057220459,7.570000171661377,7.75,7.429999828338623,1798300,DHT,Tanker,2026-09-22
2022-10-11,5.13477087020874,7.380000114440918,7.360000133514404,7.480000019073486,7.110000133514404,1852000,DHT,Tanker,2026-09-22
2022-10-12,5.280882358551025,7.590000152587891,7.340000152587891,7.610000133514404,7.230000019073486,1872100,DHT,Tanker,2026-09-22
2022-10-13,5.385247707366943,7.739999771118164,7.53000020980835,7.78000020980835,7.480000019073486,2029200,DHT,Tanker,2026-09-22
2022-10-14,5.5800628662109375,8.020000457763672,7.840000152587891,8.029999732971191,7.670000076293945,2391200,DHT,Tanker,2026-09-22
2022-10-17,5.754004955291748,8.270000457763672,8.25,8.359999656677246,8.079999923706055,3276800,DHT,Tanker,2026-09-22
2022-10-18,5.9140305519104,8.5,8.3100004196167,8.5,8.210000038146973,2504500,DHT,Tanker,2026-09-22
2022-10-19,6.039269924163818,8.680000305175781,8.4399995803833,8.75,8.359999656677246,3815400,DHT,Tanker,2026-09-22
2022-10-20,6.046226978302002,8.6899995803833,8.670000076293945,8.800000190734863,8.550000190734863,2447900,DHT,Tanker,2026-09-22
2022-10-21,6.094931602478027,8.760000228881836,8.6899995803833,8.760000228881836,8.5,1892500,DHT,Tanker,2026-09-22
2022-10-24,6.1714653968811035,8.869999885559082,8.800000190734863,8.90999984741211,8.579999923706055,3059600,DHT,Tanker,2026-09-22
2022-10-25,6.185381889343262,8.890000343322754,8.84000015258789,8.960000038146973,8.739999771118164,1980700,DHT,Tanker,2026-09-22
2022-10-26,6.2340850830078125,8.960000038146973,8.970000267028809,9.15999984741211,8.949999809265137,1896200,DHT,Tanker,2026-09-22
2022-10-27,6.129720211029053,8.8100004196167,9.0600004196167,9.100000381469727,8.800000190734863,1735300,DHT,Tanker,2026-09-22
2022-10-28,6.164507865905762,8.859999656677246,8.880000114440918,8.930000305175781,8.720000267028809,1827300,DHT,Tanker,2026-09-22
2022-10-31,6.199295997619629,8.90999984741211,8.850000381469727,8.930000305175781,8.720000267028809,1332800,DHT,Tanker,2026-09-22
2022-11-01,6.338448524475098,9.109999656677246,9.09000015258789,9.25,9.020000457763672,1983000,DHT,Tanker,2026-09-22
2022-11-02,6.303662300109863,9.0600004196167,9.119999885559082,9.279999732971191,9.050000190734863,1570200,DHT,Tanker,2026-09-22
2022-11-03,6.414984703063965,9.220000267028809,9.09000015258789,9.329999923706055,9.0600004196167,1513400,DHT,Tanker,2026-09-22
2022-11-04,6.575010776519775,9.449999809265137,9.300000190734863,9.460000038146973,9.199999809265137,2077600,DHT,Tanker,2026-09-22
2022-11-07,6.477603912353516,9.3100004196167,9.460000038146973,9.489999771118164,9.239999771118164,2289200,DHT,Tanker,2026-09-22
2022-11-08,6.874192237854004,9.880000114440918,9.289999961853027,10.140000343322754,9.289999961853027,6166000,DHT,Tanker,2026-09-22
2022-11-09,6.623715877532959,9.520000457763672,9.800000190734863,10.010000228881836,9.420000076293945,3959700,DHT,Tanker,2026-09-22
2022-11-10,6.735038757324219,9.680000305175781,9.6899995803833,9.720000267028809,9.40999984741211,2379300,DHT,Tanker,2026-09-22
2022-11-11,6.672420024871826,9.59000015258789,9.789999961853027,9.90999984741211,9.470000267028809,2035200,DHT,Tanker,2026-09-22
2022-11-14,6.728081226348877,9.670000076293945,9.600000381469727,9.819999694824219,9.5600004196167,1955600,DHT,Tanker,2026-09-22
2022-11-15,7.0342183113098145,10.109999656677246,9.8100004196167,10.149999618530273,9.65999984741211,2509200,DHT,Tanker,2026-09-22
2022-11-16,6.9159369468688965,9.9399995803833,10.170000076293945,10.210000038146973,9.899999618530273,1635600,DHT,Tanker,2026-09-22
2022-11-17,7.201202392578125,10.350000381469727,9.819999694824219,10.359999656677246,9.739999771118164,2836700,DHT,Tanker,2026-09-22
2022-11-18,7.277736186981201,10.460000038146973,10.279999732971191,10.510000228881836,10.170000076293945,2832100,DHT,Tanker,2026-09-22
2022-11-21,7.389487266540527,10.579999923706055,10.449999809265137,10.579999923706055,10.210000038146973,2534400,DHT,Tanker,2026-09-22
2022-11-22,7.159002780914307,10.25,10.600000381469727,10.640000343322754,10.180000305175781,2458300,DHT,Tanker,2026-09-22
2022-11-23,7.082174777984619,10.140000343322754,10.270000457763672,10.539999961853027,10.020000457763672,2854100,DHT,Tanker,2026-09-22
2022-11-25,7.1520185470581055,10.239999771118164,9.970000267028809,10.279999732971191,9.649999618530273,1114800,DHT,Tanker,2026-09-22
2022-11-28,6.788830757141113,9.720000267028809,10.100000381469727,10.100000381469727,9.680000305175781,2620300,DHT,Tanker,2026-09-22
2022-11-29,6.893595218658447,9.869999885559082,9.869999885559082,10.25,9.800000190734863,2170400,DHT,Tanker,2026-09-22
2022-11-30,7.07519006729126,10.130000114440918,10.0,10.140000343322754,9.869999885559082,2667700,DHT,Tanker,2026-09-22
2022-12-01,6.823752403259277,9.770000457763672,10.079999923706055,10.149999618530273,9.75,2072300,DHT,Tanker,2026-09-22
2022-12-02,7.1380510330200195,10.220000267028809,9.6899995803833,10.229999542236328,9.609999656677246,2696000,DHT,Tanker,2026-09-22
2022-12-05,6.865658760070801,9.829999923706055,10.329999923706055,10.420000076293945,9.75,2693200,DHT,Tanker,2026-09-22
2022-12-06,6.649142742156982,9.520000457763672,9.869999885559082,9.869999885559082,9.4399995803833,2373800,DHT,Tanker,2026-09-22
2022-12-07,6.181187629699707,8.850000381469727,9.520000457763672,9.520000457763672,8.84000015258789,4088600,DHT,Tanker,2026-09-22
2022-12-08,6.495485305786133,9.300000190734863,9.0,9.350000381469727,8.970000267028809,3589100,DHT,Tanker,2026-09-22
2022-12-09,6.411673069000244,9.180000305175781,9.289999961853027,9.40999984741211,9.180000305175781,1783200,DHT,Tanker,2026-09-22
2022-12-12,6.7958149909973145,9.729999542236328,9.369999885559082,9.819999694824219,9.300000190734863,3142000,DHT,Tanker,2026-09-22
2022-12-13,6.691049098968506,9.579999923706055,9.729999542236328,9.739999771118164,9.5,1571600,DHT,Tanker,2026-09-22
2022-12-14,6.593266487121582,9.4399995803833,9.630000114440918,9.6899995803833,9.369999885559082,1090900,DHT,Tanker,2026-09-22
2022-12-15,6.6700944900512695,9.550000190734863,9.489999771118164,9.630000114440918,9.380000114440918,1737500,DHT,Tanker,2026-09-22
2022-12-16,6.586282730102539,9.430000305175781,9.390000343322754,9.489999771118164,9.319999694824219,1767600,DHT,Tanker,2026-09-22
2022-12-19,6.320875644683838,9.050000190734863,9.420000076293945,9.430000305175781,9.039999961853027,1895900,DHT,Tanker,2026-09-22
2022-12-20,6.432625770568848,9.210000038146973,9.069999694824219,9.319999694824219,8.979999542236328,4798800,DHT,Tanker,2026-09-22
2022-12-21,6.334843635559082,9.069999694824219,9.260000228881836,9.270000457763672,9.039999961853027,1230500,DHT,Tanker,2026-09-22
2022-12-22,6.25103235244751,8.949999809265137,9.069999694824219,9.130000114440918,8.880000114440918,1091900,DHT,Tanker,2026-09-22
2022-12-23,6.292938709259033,9.010000228881836,9.0,9.039999961853027,8.8100004196167,1107800,DHT,Tanker,2026-09-22
2022-12-27,6.306907653808594,9.029999732971191,9.050000190734863,9.100000381469727,8.960000038146973,953700,DHT,Tanker,2026-09-22
2022-12-28,6.153251647949219,8.8100004196167,8.989999771118164,8.989999771118164,8.670000076293945,1036800,DHT,Tanker,2026-09-22
2022-12-29,6.174204349517822,8.84000015258789,8.800000190734863,8.880000114440918,8.710000038146973,1517700,DHT,Tanker,2026-09-22
2022-12-30,6.202141761779785,8.880000114440918,8.8100004196167,8.90999984741211,8.770000457763672,994700,DHT,Tanker,2026-09-22
2023-01-03,5.901811599731445,8.449999809265137,8.829999923706055,8.880000114440918,8.399999618530273,3719700,DHT,Tanker,2026-09-22
2023-01-04,5.762124538421631,8.25,8.289999961853027,8.40999984741211,8.069999694824219,3204800,DHT,Tanker,2026-09-22
2023-01-05,5.797045707702637,8.300000190734863,8.260000228881836,8.4399995803833,8.199999809265137,1655700,DHT,Tanker,2026-09-22
2023-01-06,5.929750442504883,8.489999771118164,8.390000343322754,8.550000190734863,8.270000457763672,1527500,DHT,Tanker,2026-09-22
2023-01-09,5.797045707702637,8.300000190734863,8.520000457763672,8.569999694824219,8.239999771118164,1699800,DHT,Tanker,2026-09-22
2023-01-10,6.146265506744385,8.800000190734863,8.359999656677246,8.970000267028809,8.34000015258789,5261300,DHT,Tanker,2026-09-22
2023-01-11,5.978641510009766,8.5600004196167,8.800000190734863,9.010000228881836,8.5,4276800,DHT,Tanker,2026-09-22
2023-01-12,6.062453746795654,8.680000305175781,8.600000381469727,8.729999542236328,8.479999542236328,3417400,DHT,Tanker,2026-09-22
2023-01-13,6.090391635894775,8.720000267028809,8.6899995803833,8.819999694824219,8.420000076293945,2191700,DHT,Tanker,2026-09-22
2023-01-17,6.195157051086426,8.869999885559082,8.800000190734863,8.970000267028809,8.75,3794800,DHT,Tanker,2026-09-22
2023-01-18,6.034515857696533,8.640000343322754,8.920000076293945,9.0,8.630000114440918,2074200,DHT,Tanker,2026-09-22
2023-01-19,5.971656799316406,8.550000190734863,8.619999885559082,8.670000076293945,8.479999542236328,1420300,DHT,Tanker,2026-09-22
2023-01-20,5.971656799316406,8.550000190734863,8.640000343322754,8.729999542236328,8.520000457763672,1286600,DHT,Tanker,2026-09-22
2023-01-23,5.76910924911499,8.260000228881836,8.5600004196167,8.579999923706055,8.220000267028809,2558400,DHT,Tanker,2026-09-22
2023-01-24,5.734187126159668,8.210000038146973,8.279999732971191,8.359999656677246,8.15999984741211,1252800,DHT,Tanker,2026-09-22
2023-01-25,5.741171836853027,8.220000267028809,8.210000038146973,8.239999771118164,8.039999961853027,1210500,DHT,Tanker,2026-09-22
2023-01-26,5.734187126159668,8.210000038146973,8.270000457763672,8.34000015258789,8.069999694824219,1159300,DHT,Tanker,2026-09-22
2023-01-27,5.901811599731445,8.449999809265137,8.199999809265137,8.510000228881836,8.199999809265137,1379000,DHT,Tanker,2026-09-22
2023-01-30,5.880858898162842,8.420000076293945,8.420000076293945,8.640000343322754,8.40999984741211,1330900,DHT,Tanker,2026-09-22
2023-01-31,5.985623836517334,8.569999694824219,8.4399995803833,8.6899995803833,8.350000381469727,1719700,DHT,Tanker,2026-09-22
2023-02-01,6.006577968597412,8.600000381469727,8.609999656677246,8.800000190734863,8.529999732971191,1994200,DHT,Tanker,2026-09-22
2023-02-02,5.999593734741211,8.59000015258789,8.65999984741211,8.770000457763672,8.4399995803833,2454600,DHT,Tanker,2026-09-22
2023-02-03,5.915780544281006,8.470000267028809,8.520000457763672,8.84000015258789,8.430000305175781,2374000,DHT,Tanker,2026-09-22
2023-02-06,6.034515857696533,8.640000343322754,8.489999771118164,8.899999618530273,8.489999771118164,3501600,DHT,Tanker,2026-09-22
2023-02-07,6.299923419952393,9.020000457763672,8.699999809265137,9.100000381469727,8.6899995803833,3927800,DHT,Tanker,2026-09-22
2023-02-08,6.3697662353515625,9.119999885559082,9.010000228881836,9.210000038146973,8.979999542236328,4042000,DHT,Tanker,2026-09-22
2023-02-09,7.256783485412598,10.390000343322754,9.5,10.59000015258789,9.5,7483200,DHT,Tanker,2026-09-22
2023-02-10,7.249801158905029,10.380000114440918,10.390000343322754,10.619999885559082,10.09000015258789,3094500,DHT,Tanker,2026-09-22
2023-02-13,7.808551788330078,11.180000305175781,10.460000038146973,11.25,10.460000038146973,5619400,DHT,Tanker,2026-09-22
2023-02-14,7.899348258972168,11.3100004196167,11.029999732971191,11.489999771118164,10.880000114440918,4869900,DHT,Tanker,2026-09-22
2023-02-15,7.948238849639893,11.380000114440918,11.239999771118164,11.40999984741211,10.930000305175781,3555400,DHT,Tanker,2026-09-22
2023-02-16,8.006044387817383,11.079999923706055,10.84000015258789,11.119999885559082,10.760000228881836,3338800,DHT,Tanker,2026-09-22
2023-02-17,7.919335842132568,10.960000038146973,11.140000343322754,11.140000343322754,10.90999984741211,1748600,DHT,Tanker,2026-09-22
2023-02-21,7.8904337882995605,10.920000076293945,10.989999771118164,11.149999618530273,10.829999923706055,2159700,DHT,Tanker,2026-09-22
2023-02-22,7.82540225982666,10.829999923706055,10.859999656677246,10.930000305175781,10.59000015258789,2350200,DHT,Tanker,2026-09-22
2023-02-23,8.128881454467773,11.25,11.0,11.319999694824219,10.90999984741211,2028600,DHT,Tanker,2026-09-22
2023-02-24,8.280620574951172,11.460000038146973,11.180000305175781,11.5,11.119999885559082,3310400,DHT,Tanker,2026-09-22
2023-02-27,8.323973655700684,11.520000457763672,11.510000228881836,11.6899995803833,11.369999885559082,2253900,DHT,Tanker,2026-09-22
2023-02-28,8.360102653503418,11.569999694824219,11.579999923706055,11.649999618530273,11.489999771118164,2344300,DHT,Tanker,2026-09-22
2023-03-01,8.338424682617188,11.539999961853027,11.579999923706055,11.710000038146973,11.5,1647800,DHT,Tanker,2026-09-22
2023-03-02,8.41068172454834,11.640000343322754,11.460000038146973,11.729999542236328,11.319999694824219,1680600,DHT,Tanker,2026-09-22
2023-03-03,8.706934928894043,12.050000190734863,11.640000343322754,12.069999694824219,11.600000381469727,2101600,DHT,Tanker,2026-09-22
2023-03-06,8.519067764282227,11.789999961853027,11.90999984741211,11.920000076293945,11.649999618530273,1564400,DHT,Tanker,2026-09-22
2023-03-07,8.562418937683105,11.850000381469727,11.800000190734863,11.890000343322754,11.569999694824219,997400,DHT,Tanker,2026-09-22
2023-03-08,8.519067764282227,11.789999961853027,11.960000038146973,12.100000381469727,11.770000457763672,2440000,DHT,Tanker,2026-09-22
2023-03-09,8.42513370513916,11.65999984741211,11.989999771118164,12.130000114440918,11.649999618530273,1909200,DHT,Tanker,2026-09-22
2023-03-10,8.323973655700684,11.520000457763672,11.699999809265137,11.90999984741211,11.489999771118164,1921200,DHT,Tanker,2026-09-22
2023-03-13,8.092752456665039,11.199999809265137,11.0600004196167,11.390000343322754,10.800000190734863,2204900,DHT,Tanker,2026-09-22
2023-03-14,8.287846565246582,11.470000267028809,11.359999656677246,11.819999694824219,11.279999732971191,1909100,DHT,Tanker,2026-09-22
2023-03-15,7.875981330871582,10.899999618530273,11.119999885559082,11.1899995803833,10.699999809265137,2564900,DHT,Tanker,2026-09-22
2023-03-16,7.630311489105225,10.5600004196167,10.869999885559082,10.869999885559082,10.460000038146973,2600700,DHT,Tanker,2026-09-22
2023-03-17,7.4568915367126465,10.319999694824219,10.600000381469727,10.699999809265137,10.270000457763672,3430700,DHT,Tanker,2026-09-22
2023-03-20,7.7892746925354,10.779999732971191,10.510000228881836,10.90999984741211,10.479999542236328,2667100,DHT,Tanker,2026-09-22
2023-03-21,8.157783508300781,11.289999961853027,11.210000038146973,11.460000038146973,11.1899995803833,2425900,DHT,Tanker,2026-09-22
2023-03-22,8.049399375915527,11.140000343322754,11.180000305175781,11.5,10.859999656677246,2495300,DHT,Tanker,2026-09-22
2023-03-23,7.875981330871582,10.899999618530273,11.229999542236328,11.449999809265137,10.779999732971191,2122500,DHT,Tanker,2026-09-22
2023-03-24,7.738694190979004,10.710000038146973,10.819999694824219,10.829999923706055,10.569999694824219,1659000,DHT,Tanker,2026-09-22
2023-03-27,7.8687567710876465,10.890000343322754,10.8100004196167,10.970000267028809,10.699999809265137,1295300,DHT,Tanker,2026-09-22
2023-03-28,7.861531734466553,10.880000114440918,10.880000114440918,11.010000228881836,10.850000381469727,1103400,DHT,Tanker,2026-09-22
2023-03-29,7.76037073135376,10.739999771118164,10.90999984741211,11.0,10.65999984741211,1172700,DHT,Tanker,2026-09-22
2023-03-30,7.630311489105225,10.5600004196167,10.850000381469727,10.850000381469727,10.5,1147000,DHT,Tanker,2026-09-22
2023-03-31,7.810950756072998,10.8100004196167,10.65999984741211,10.869999885559082,10.630000114440918,3150800,DHT,Tanker,2026-09-22
2023-04-03,6.936645030975342,9.600000381469727,10.59000015258789,10.600000381469727,9.489999771118164,6603700,DHT,Tanker,2026-09-22
2023-04-04,6.821033954620361,9.4399995803833,9.619999885559082,9.619999885559082,9.289999961853027,3107500,DHT,Tanker,2026-09-22
2023-04-05,6.99445104598999,9.680000305175781,9.359999656677246,9.729999542236328,9.229999542236328,1929000,DHT,Tanker,2026-09-22
2023-04-06,6.813808917999268,9.430000305175781,9.630000114440918,9.65999984741211,9.369999885559082,1054200,DHT,Tanker,2026-09-22
2023-04-10,6.835485458374023,9.460000038146973,9.479999542236328,9.619999885559082,9.430000305175781,1404000,DHT,Tanker,2026-09-22
2023-04-11,6.878840446472168,9.520000457763672,9.449999809265137,9.630000114440918,9.449999809265137,1877700,DHT,Tanker,2026-09-22
2023-04-12,6.893291473388672,9.539999961853027,9.5,9.569999694824219,9.380000114440918,2271600,DHT,Tanker,2026-09-22
2023-04-13,6.958322048187256,9.630000114440918,9.630000114440918,9.899999618530273,9.600000381469727,2527500,DHT,Tanker,2026-09-22
2023-04-14,7.276250839233398,10.069999694824219,9.800000190734863,10.079999923706055,9.800000190734863,1766200,DHT,Tanker,2026-09-22
2023-04-17,7.57250452041626,10.479999542236328,10.140000343322754,10.569999694824219,10.0600004196167,2110100,DHT,Tanker,2026-09-22
2023-04-18,7.666438579559326,10.609999656677246,10.479999542236328,10.649999618530273,10.479999542236328,1131200,DHT,Tanker,2026-09-22
2023-04-19,7.427990436553955,10.279999732971191,10.430000305175781,10.479999542236328,10.140000343322754,1379200,DHT,Tanker,2026-09-22
2023-04-20,7.073934078216553,9.789999961853027,10.079999923706055,10.1899995803833,9.640000343322754,2468200,DHT,Tanker,2026-09-22
2023-04-21,6.972773551940918,9.649999618530273,9.800000190734863,9.8100004196167,9.609999656677246,1964500,DHT,Tanker,2026-09-22
2023-04-24,7.406313896179199,10.25,9.859999656677246,10.510000228881836,9.859999656677246,3361900,DHT,Tanker,2026-09-22
2023-04-25,7.081159591674805,9.800000190734863,10.149999618530273,10.1899995803833,9.75,2846800,DHT,Tanker,2026-09-22
2023-04-26,6.7993574142456055,9.40999984741211,9.789999961853027,9.8100004196167,9.390000343322754,2348200,DHT,Tanker,2026-09-22
2023-04-27,6.900515079498291,9.550000190734863,9.390000343322754,9.649999618530273,9.350000381469727,2168700,DHT,Tanker,2026-09-22
2023-04-28,6.857161998748779,9.489999771118164,9.5,9.619999885559082,9.359999656677246,2506700,DHT,Tanker,2026-09-22
2023-05-01,6.864388942718506,9.5,9.520000457763672,9.5600004196167,9.380000114440918,1446200,DHT,Tanker,2026-09-22
2023-05-02,6.662069797515869,9.220000267028809,9.449999809265137,9.449999809265137,9.130000114440918,1515900,DHT,Tanker,2026-09-22
2023-05-03,6.524782180786133,9.029999732971191,9.239999771118164,9.279999732971191,9.010000228881836,2070300,DHT,Tanker,2026-09-22
2023-05-04,5.968405723571777,8.260000228881836,8.069999694824219,8.5,7.300000190734863,6661500,DHT,Tanker,2026-09-22
2023-05-05,6.105691909790039,8.449999809265137,8.399999618530273,8.619999885559082,8.079999923706055,3308100,DHT,Tanker,2026-09-22
2023-05-08,5.917825222015381,8.1899995803833,8.399999618530273,8.420000076293945,8.0600004196167,3531100,DHT,Tanker,2026-09-22
2023-05-09,5.9828572273254395,8.279999732971191,8.15999984741211,8.350000381469727,8.029999732971191,2304100,DHT,Tanker,2026-09-22
2023-05-10,6.076789855957031,8.40999984741211,8.300000190734863,8.479999542236328,8.279999732971191,5149900,DHT,Tanker,2026-09-22
2023-05-11,6.185176372528076,8.5600004196167,8.380000114440918,8.800000190734863,8.359999656677246,2492000,DHT,Tanker,2026-09-22
2023-05-12,6.033436298370361,8.350000381469727,8.670000076293945,8.850000381469727,8.3100004196167,1350600,DHT,Tanker,2026-09-22
2023-05-15,5.975631237030029,8.270000457763672,8.4399995803833,8.479999542236328,8.210000038146973,2475400,DHT,Tanker,2026-09-22
2023-05-16,5.953953266143799,8.239999771118164,8.300000190734863,8.460000038146973,8.229999542236328,1859800,DHT,Tanker,2026-09-22
2023-05-17,6.050585746765137,8.140000343322754,8.050000190734863,8.1899995803833,8.0,1990200,DHT,Tanker,2026-09-22
2023-05-18,5.879622459411621,7.909999847412109,8.079999923706055,8.079999923706055,7.789999961853027,3665200,DHT,Tanker,2026-09-22
2023-05-19,6.058017253875732,8.149999618530273,8.0,8.369999885559082,7.949999809265137,3154000,DHT,Tanker,2026-09-22
2023-05-22,6.087750434875488,8.1899995803833,8.149999618530273,8.420000076293945,8.119999885559082,1789400,DHT,Tanker,2026-09-22
2023-05-23,5.9613871574401855,8.020000457763672,8.210000038146973,8.260000228881836,8.0,1449800,DHT,Tanker,2026-09-22
2023-05-24,5.946520805358887,8.0,8.029999732971191,8.0600004196167,7.940000057220459,1347100,DHT,Tanker,2026-09-22
2023-05-25,5.968820571899414,8.029999732971191,8.15999984741211,8.199999809265137,7.980000019073486,2593900,DHT,Tanker,2026-09-22
2023-05-26,6.110049724578857,8.220000267028809,8.100000381469727,8.289999961853027,8.020000457763672,3081700,DHT,Tanker,2026-09-22
2023-05-30,5.9613871574401855,8.020000457763672,8.119999885559082,8.149999618530273,7.909999847412109,2655400,DHT,Tanker,2026-09-22
2023-05-31,5.716093063354492,7.690000057220459,7.900000095367432,7.960000038146973,7.670000076293945,2526100,DHT,Tanker,2026-09-22
2023-06-01,5.976253032684326,8.039999961853027,7.900000095367432,8.359999656677246,7.860000133514404,3017100,DHT,Tanker,2026-09-22
2023-06-02,6.028285026550293,8.109999656677246,8.149999618530273,8.25,8.050000190734863,2301100,DHT,Tanker,2026-09-22
2023-06-05,5.708659648895264,7.679999828338623,8.0,8.010000228881836,7.670000076293945,2645400,DHT,Tanker,2026-09-22
2023-06-06,5.812723636627197,7.820000171661377,7.650000095367432,7.909999847412109,7.599999904632568,2271200,DHT,Tanker,2026-09-22
2023-06-07,5.835022926330566,7.849999904632568,7.880000114440918,7.96999979019165,7.75,2282500,DHT,Tanker,2026-09-22
2023-06-08,5.946520805358887,8.0,7.880000114440918,8.319999694824219,7.800000190734863,3973200,DHT,Tanker,2026-09-22
2023-06-09,6.043152332305908,8.130000114440918,8.010000228881836,8.3100004196167,7.960000038146973,2602500,DHT,Tanker,2026-09-22
2023-06-12,6.154648780822754,8.279999732971191,8.180000305175781,8.319999694824219,8.109999656677246,2214600,DHT,Tanker,2026-09-22
2023-06-13,6.325610637664795,8.510000228881836,8.569999694824219,8.729999542236328,8.390000343322754,4067800,DHT,Tanker,2026-09-22
2023-06-14,6.5857720375061035,8.859999656677246,8.619999885559082,8.9399995803833,8.609999656677246,3441300,DHT,Tanker,2026-09-22
2023-06-15,6.5857720375061035,8.859999656677246,8.880000114440918,9.0,8.699999809265137,2959500,DHT,Tanker,2026-09-22
2023-06-16,6.4965739250183105,8.739999771118164,8.90999984741211,8.90999984741211,8.65999984741211,2987500,DHT,Tanker,2026-09-22
2023-06-20,6.48170804977417,8.720000267028809,8.65999984741211,8.789999961853027,8.520000457763672,2781100,DHT,Tanker,2026-09-22
2023-06-21,6.451975345611572,8.680000305175781,8.670000076293945,8.8100004196167,8.670000076293945,1842600,DHT,Tanker,2026-09-22
2023-06-22,6.281013011932373,8.449999809265137,8.569999694824219,8.579999923706055,8.329999923706055,1650900,DHT,Tanker,2026-09-22
2023-06-23,6.206681251525879,8.350000381469727,8.329999923706055,8.399999618530273,8.220000267028809,2187800,DHT,Tanker,2026-09-22
2023-06-26,5.998552322387695,8.069999694824219,8.289999961853027,8.289999961853027,8.050000190734863,1770900,DHT,Tanker,2026-09-22
2023-06-27,5.946520805358887,8.0,8.020000457763672,8.079999923706055,7.909999847412109,1681000,DHT,Tanker,2026-09-22
2023-06-28,6.191814422607422,8.329999923706055,8.079999923706055,8.34000015258789,7.929999828338623,4422100,DHT,Tanker,2026-09-22
2023-06-29,6.228980541229248,8.380000114440918,8.329999923706055,8.449999809265137,8.1899995803833,2447100,DHT,Tanker,2026-09-22
2023-06-30,6.34047794342041,8.529999732971191,8.489999771118164,8.569999694824219,8.399999618530273,1226300,DHT,Tanker,2026-09-22
2023-07-03,6.288445472717285,8.460000038146973,8.5600004196167,8.699999809265137,8.449999809265137,977900,DHT,Tanker,2026-09-22
2023-07-05,6.414808750152588,8.630000114440918,8.510000228881836,8.84000015258789,8.479999542236328,2833900,DHT,Tanker,2026-09-22
2023-07-06,6.273578643798828,8.4399995803833,8.510000228881836,8.539999961853027,8.3100004196167,1815400,DHT,Tanker,2026-09-22
2023-07-07,6.4296746253967285,8.649999618530273,8.520000457763672,8.739999771118164,8.479999542236328,2058500,DHT,Tanker,2026-09-22
2023-07-10,6.34047794342041,8.529999732971191,8.619999885559082,8.779999732971191,8.489999771118164,1450800,DHT,Tanker,2026-09-22
2023-07-11,6.600638389587402,8.880000114440918,8.649999618530273,8.90999984741211,8.569999694824219,2420900,DHT,Tanker,2026-09-22
2023-07-12,6.556037902832031,8.819999694824219,8.930000305175781,8.970000267028809,8.739999771118164,1936700,DHT,Tanker,2026-09-22
2023-07-13,6.608071327209473,8.890000343322754,8.890000343322754,9.050000190734863,8.880000114440918,2236400,DHT,Tanker,2026-09-22
2023-07-14,6.4296746253967285,8.649999618530273,8.829999923706055,8.829999923706055,8.640000343322754,1974700,DHT,Tanker,2026-09-22
2023-07-17,6.541172504425049,8.800000190734863,8.670000076293945,8.869999885559082,8.609999656677246,1498100,DHT,Tanker,2026-09-22
2023-07-18,6.533740043640137,8.789999961853027,8.829999923706055,8.979999542236328,8.760000228881836,1808700,DHT,Tanker,2026-09-22
2023-07-19,6.563471794128418,8.829999923706055,8.829999923706055,8.880000114440918,8.75,1363600,DHT,Tanker,2026-09-22
2023-07-20,6.504006862640381,8.75,8.850000381469727,8.880000114440918,8.680000305175781,1748800,DHT,Tanker,2026-09-22
2023-07-21,6.4965739250183105,8.739999771118164,8.760000228881836,8.789999961853027,8.649999618530273,1293000,DHT,Tanker,2026-09-22
2023-07-24,6.712134838104248,9.029999732971191,8.800000190734863,9.039999961853027,8.800000190734863,1683900,DHT,Tanker,2026-09-22
2023-07-25,6.9351301193237305,9.329999923706055,9.100000381469727,9.550000190734863,9.100000381469727,3166500,DHT,Tanker,2026-09-22
2023-07-26,6.9871625900268555,9.399999618530273,9.199999809265137,9.40999984741211,9.170000076293945,1741100,DHT,Tanker,2026-09-22
2023-07-27,6.927694797515869,9.319999694824219,9.420000076293945,9.479999542236328,9.279999732971191,1427900,DHT,Tanker,2026-09-22
2023-07-28,7.1729912757873535,9.649999618530273,9.399999618530273,9.649999618530273,9.399999618530273,1331600,DHT,Tanker,2026-09-22
2023-07-31,7.321653366088867,9.850000381469727,9.829999923706055,10.020000457763672,9.739999771118164,2453300,DHT,Tanker,2026-09-22
2023-08-01,7.2696213722229,9.779999732971191,9.819999694824219,9.869999885559082,9.6899995803833,1192000,DHT,Tanker,2026-09-22
2023-08-02,7.165556907653809,9.640000343322754,9.65999984741211,9.819999694824219,9.5600004196167,1953000,DHT,Tanker,2026-09-22
2023-08-03,7.373683929443359,9.920000076293945,9.720000267028809,10.0,9.649999618530273,2426800,DHT,Tanker,2026-09-22
2023-08-04,7.321653366088867,9.850000381469727,9.949999809265137,10.010000228881836,9.84000015258789,1609900,DHT,Tanker,2026-09-22
2023-08-07,7.299353122711182,9.819999694824219,9.84000015258789,9.890000343322754,9.710000038146973,1508100,DHT,Tanker,2026-09-22
2023-08-08,7.284487247467041,9.800000190734863,9.699999809265137,9.84000015258789,9.630000114440918,2989300,DHT,Tanker,2026-09-22
2023-08-09,7.239889144897461,9.739999771118164,9.859999656677246,10.050000190734863,9.670000076293945,3736400,DHT,Tanker,2026-09-22
2023-08-10,7.217589855194092,9.710000038146973,9.819999694824219,9.9399995803833,9.630000114440918,2668100,DHT,Tanker,2026-09-22
2023-08-11,7.1209588050842285,9.579999923706055,9.699999809265137,9.75,9.550000190734863,1807400,DHT,Tanker,2026-09-22
2023-08-14,7.165556907653809,9.640000343322754,9.600000381469727,9.670000076293945,9.510000228881836,1688400,DHT,Tanker,2026-09-22
2023-08-15,7.150691986083984,9.619999885559082,9.5600004196167,9.649999618530273,9.470000267028809,3241300,DHT,Tanker,2026-09-22
2023-08-16,7.381120681762695,9.930000305175781,9.920000076293945,10.149999618530273,9.869999885559082,5253500,DHT,Tanker,2026-09-22
2023-08-17,7.448019027709961,10.020000457763672,10.039999961853027,10.130000114440918,9.899999618530273,2290700,DHT,Tanker,2026-09-22
2023-08-18,7.455450057983398,10.029999732971191,9.850000381469727,10.130000114440918,9.699999809265137,2358400,DHT,Tanker,2026-09-22
2023-08-21,7.500049591064453,10.09000015258789,10.100000381469727,10.199999809265137,10.050000190734863,2368900,DHT,Tanker,2026-09-22
2023-08-22,7.4692487716674805,9.699999809265137,9.770000457763672,9.770000457763672,9.670000076293945,2578600,DHT,Tanker,2026-09-22
2023-08-23,7.38454532623291,9.59000015258789,9.649999618530273,9.649999618530273,9.40999984741211,2484200,DHT,Tanker,2026-09-22
2023-08-24,7.4307475090026855,9.649999618530273,9.649999618530273,9.829999923706055,9.600000381469727,2341400,DHT,Tanker,2026-09-22
2023-08-25,7.369143486022949,9.569999694824219,9.640000343322754,9.670000076293945,9.489999771118164,2325400,DHT,Tanker,2026-09-22
2023-08-28,7.2767415046691895,9.449999809265137,9.600000381469727,9.729999542236328,9.420000076293945,1932300,DHT,Tanker,2026-09-22
2023-08-29,7.315242290496826,9.5,9.489999771118164,9.59000015258789,9.4399995803833,1571000,DHT,Tanker,2026-09-22
2023-08-30,7.176636695861816,9.319999694824219,9.449999809265137,9.489999771118164,9.119999885559082,3027600,DHT,Tanker,2026-09-22
2023-08-31,7.122735977172852,9.25,9.319999694824219,9.34000015258789,9.149999618530273,3533300,DHT,Tanker,2026-09-22
2023-09-01,7.0534348487854,9.15999984741211,9.300000190734863,9.319999694824219,9.100000381469727,2184500,DHT,Tanker,2026-09-22
2023-09-05,6.822427272796631,8.859999656677246,8.989999771118164,9.0,8.699999809265137,4047000,DHT,Tanker,2026-09-22
2023-09-06,6.783926010131836,8.8100004196167,8.899999618530273,8.90999984741211,8.760000228881836,4363500,DHT,Tanker,2026-09-22
2023-09-07,6.699222087860107,8.699999809265137,8.8100004196167,8.8100004196167,8.630000114440918,2286600,DHT,Tanker,2026-09-22
2023-09-08,6.961031436920166,9.039999961853027,8.729999542236328,9.079999923706055,8.710000038146973,2216400,DHT,Tanker,2026-09-22
2023-09-11,6.791624546051025,8.819999694824219,9.020000457763672,9.039999961853027,8.789999961853027,1694900,DHT,Tanker,2026-09-22
2023-09-12,6.81472635269165,8.850000381469727,8.819999694824219,8.920000076293945,8.800000190734863,2304200,DHT,Tanker,2026-09-22
2023-09-13,6.722322940826416,8.729999542236328,8.890000343322754,8.90999984741211,8.600000381469727,2686500,DHT,Tanker,2026-09-22
2023-09-14,6.8070268630981445,8.84000015258789,8.84000015258789,9.010000228881836,8.75,1707000,DHT,Tanker,2026-09-22
2023-09-15,6.930230617523193,9.0,8.859999656677246,9.050000190734863,8.859999656677246,2134400,DHT,Tanker,2026-09-22
2023-09-18,7.2767415046691895,9.449999809265137,9.050000190734863,9.529999732971191,9.050000190734863,2585200,DHT,Tanker,2026-09-22
2023-09-19,7.315242290496826,9.5,9.539999961853027,9.670000076293945,9.5,2857800,DHT,Tanker,2026-09-22
2023-09-20,7.4769487380981445,9.710000038146973,9.510000228881836,9.869999885559082,9.449999809265137,2655800,DHT,Tanker,2026-09-22
2023-09-21,7.654053688049316,9.9399995803833,9.75,10.0,9.75,3417500,DHT,Tanker,2026-09-22
2023-09-22,7.70025634765625,10.0,10.0,10.15999984741211,9.979999542236328,2284700,DHT,Tanker,2026-09-22
2023-09-25,7.7849578857421875,10.109999656677246,9.949999809265137,10.15999984741211,9.850000381469727,2610800,DHT,Tanker,2026-09-22
2023-09-26,7.707955360412598,10.010000228881836,10.069999694824219,10.279999732971191,10.010000228881836,2652300,DHT,Tanker,2026-09-22
2023-09-27,7.684856414794922,9.979999542236328,10.109999656677246,10.199999809265137,9.9399995803833,1453900,DHT,Tanker,2026-09-22
2023-09-28,7.754156589508057,10.069999694824219,9.979999542236328,10.140000343322754,9.84000015258789,3020700,DHT,Tanker,2026-09-22
2023-09-29,7.931264400482178,10.300000190734863,10.170000076293945,10.369999885559082,10.100000381469727,2847000,DHT,Tanker,2026-09-22
2023-10-02,7.530849933624268,9.779999732971191,10.3100004196167,10.34000015258789,9.760000228881836,2601900,DHT,Tanker,2026-09-22
2023-10-03,7.577052593231201,9.84000015258789,9.8100004196167,9.930000305175781,9.699999809265137,3006100,DHT,Tanker,2026-09-22
2023-10-04,7.322945594787598,9.510000228881836,9.699999809265137,9.800000190734863,9.40999984741211,2465900,DHT,Tanker,2026-09-22
2023-10-05,7.415346145629883,9.630000114440918,9.479999542236328,9.739999771118164,9.40999984741211,2934300,DHT,Tanker,2026-09-22
2023-10-06,7.4769487380981445,9.710000038146973,9.470000267028809,9.789999961853027,9.430000305175781,1738800,DHT,Tanker,2026-09-22
2023-10-09,7.761857986450195,10.079999923706055,9.890000343322754,10.180000305175781,9.869999885559082,3684200,DHT,Tanker,2026-09-22
2023-10-10,7.846560478210449,10.1899995803833,10.079999923706055,10.300000190734863,10.079999923706055,3682800,DHT,Tanker,2026-09-22
2023-10-11,7.800357818603516,10.130000114440918,10.020000457763672,10.289999961853027,9.680000305175781,5386200,DHT,Tanker,2026-09-22
2023-10-12,7.985165596008301,10.369999885559082,10.220000267028809,10.460000038146973,10.220000267028809,3846900,DHT,Tanker,2026-09-22
2023-10-13,8.239274024963379,10.699999809265137,10.479999542236328,10.90999984741211,10.4399995803833,4942300,DHT,Tanker,2026-09-22
2023-10-16,8.347078323364258,10.84000015258789,10.760000228881836,10.880000114440918,10.579999923706055,2633200,DHT,Tanker,2026-09-22
2023-10-17,8.531882286071777,11.079999923706055,10.90999984741211,11.149999618530273,10.829999923706055,3791000,DHT,Tanker,2026-09-22
2023-10-18,8.439480781555176,10.960000038146973,11.079999923706055,11.100000381469727,10.890000343322754,2558000,DHT,Tanker,2026-09-22
2023-10-19,8.20847225189209,10.65999984741211,10.720000267028809,10.729999542236328,10.199999809265137,4228500,DHT,Tanker,2026-09-22
2023-10-20,8.069868087768555,10.479999542236328,10.6899995803833,10.6899995803833,10.479999542236328,2052400,DHT,Tanker,2026-09-22
2023-10-23,8.139168739318848,10.569999694824219,10.40999984741211,10.680000305175781,10.329999923706055,1408600,DHT,Tanker,2026-09-22
2023-10-24,8.385578155517578,10.890000343322754,10.6899995803833,10.979999542236328,10.670000076293945,5723100,DHT,Tanker,2026-09-22
2023-10-25,8.262374877929688,10.729999542236328,10.869999885559082,10.890000343322754,10.600000381469727,3448100,DHT,Tanker,2026-09-22
2023-10-26,8.20847225189209,10.65999984741211,10.720000267028809,10.75,10.489999771118164,2217100,DHT,Tanker,2026-09-22
2023-10-27,8.539586067199707,11.09000015258789,10.779999732971191,11.1899995803833,10.699999809265137,4184200,DHT,Tanker,2026-09-22
2023-10-30,8.524182319641113,11.069999694824219,11.199999809265137,11.40999984741211,10.869999885559082,2951600,DHT,Tanker,2026-09-22
2023-10-31,8.562684059143066,11.119999885559082,11.050000190734863,11.319999694824219,10.970000267028809,2299500,DHT,Tanker,2026-09-22
2023-11-01,8.80909252166748,11.4399995803833,11.140000343322754,11.460000038146973,11.140000343322754,1767400,DHT,Tanker,2026-09-22
2023-11-02,8.670488357543945,11.260000228881836,11.399999618530273,11.5,11.1899995803833,2694400,DHT,Tanker,2026-09-22
2023-11-03,8.68588924407959,11.279999732971191,11.229999542236328,11.380000114440918,11.0600004196167,1835900,DHT,Tanker,2026-09-22
2023-11-06,8.647387504577637,11.229999542236328,11.34000015258789,11.34000015258789,11.029999732971191,2338600,DHT,Tanker,2026-09-22
2023-11-07,8.077569007873535,10.489999771118164,10.75,10.979999542236328,10.109999656677246,6714800,DHT,Tanker,2026-09-22
2023-11-08,7.854260444641113,10.199999809265137,10.420000076293945,10.449999809265137,10.119999885559082,3420400,DHT,Tanker,2026-09-22
2023-11-09,7.77725887298584,10.100000381469727,10.260000228881836,10.399999618530273,10.09000015258789,2090500,DHT,Tanker,2026-09-22
2023-11-10,7.7849578857421875,10.109999656677246,10.119999885559082,10.180000305175781,10.0600004196167,1470300,DHT,Tanker,2026-09-22
2023-11-13,7.900463581085205,10.260000228881836,10.199999809265137,10.3100004196167,10.140000343322754,1856900,DHT,Tanker,2026-09-22
2023-11-14,8.039068222045898,10.4399995803833,10.300000190734863,10.449999809265137,10.180000305175781,2361200,DHT,Tanker,2026-09-22
2023-11-15,7.954363822937012,10.329999923706055,10.5,10.609999656677246,10.289999961853027,2579500,DHT,Tanker,2026-09-22
2023-11-16,7.823460102081299,10.15999984741211,10.300000190734863,10.40999984741211,10.130000114440918,2575100,DHT,Tanker,2026-09-22
2023-11-17,7.977463722229004,10.359999656677246,10.180000305175781,10.5,10.170000076293945,1593800,DHT,Tanker,2026-09-22
2023-11-20,8.008842468261719,10.210000038146973,10.229999542236328,10.3100004196167,10.199999809265137,1378300,DHT,Tanker,2026-09-22
2023-11-21,7.938243389129639,10.119999885559082,10.130000114440918,10.149999618530273,10.020000457763672,2556800,DHT,Tanker,2026-09-22
2023-11-22,8.040217399597168,10.25,10.0,10.279999732971191,9.949999809265137,1101600,DHT,Tanker,2026-09-22
2023-11-24,8.181412696838379,10.430000305175781,10.300000190734863,10.550000190734863,10.289999961853027,993000,DHT,Tanker,2026-09-22
2023-11-27,8.000997543334961,10.199999809265137,10.430000305175781,10.460000038146973,10.1899995803833,1310000,DHT,Tanker,2026-09-22
2023-11-28,7.812737941741943,9.960000038146973,10.180000305175781,10.239999771118164,9.949999809265137,2119500,DHT,Tanker,2026-09-22
2023-11-29,7.608791828155518,9.699999809265137,9.9399995803833,10.0,9.609999656677246,3355400,DHT,Tanker,2026-09-22
2023-11-30,7.812737941741943,9.960000038146973,9.6899995803833,10.010000228881836,9.539999961853027,3867200,DHT,Tanker,2026-09-22
2023-12-01,8.03237247467041,10.239999771118164,9.949999809265137,10.279999732971191,9.949999809265137,2045600,DHT,Tanker,2026-09-22
2023-12-04,7.9539337158203125,10.140000343322754,10.229999542236328,10.329999923706055,10.0,1944000,DHT,Tanker,2026-09-22
2023-12-05,7.77351713180542,9.90999984741211,10.119999885559082,10.119999885559082,9.859999656677246,1858900,DHT,Tanker,2026-09-22
2023-12-06,7.781362533569336,9.920000076293945,9.930000305175781,10.15999984741211,9.869999885559082,1962500,DHT,Tanker,2026-09-22
2023-12-07,7.679388999938965,9.789999961853027,9.960000038146973,9.960000038146973,9.630000114440918,1742900,DHT,Tanker,2026-09-22
2023-12-08,7.679388999938965,9.789999961853027,9.859999656677246,9.920000076293945,9.680000305175781,1575100,DHT,Tanker,2026-09-22
2023-12-11,7.553882122039795,9.630000114440918,9.670000076293945,9.6899995803833,9.520000457763672,1521600,DHT,Tanker,2026-09-22
2023-12-12,7.428377151489258,9.470000267028809,9.550000190734863,9.600000381469727,9.399999618530273,2144600,DHT,Tanker,2026-09-22
2023-12-13,7.514662265777588,9.579999923706055,9.430000305175781,9.59000015258789,9.279999732971191,2808700,DHT,Tanker,2026-09-22
2023-12-14,7.475440502166748,9.529999732971191,9.699999809265137,9.770000457763672,9.479999542236328,2827200,DHT,Tanker,2026-09-22
2023-12-15,7.9303998947143555,10.109999656677246,9.529999732971191,10.25,9.420000076293945,5794800,DHT,Tanker,2026-09-22
2023-12-18,8.040217399597168,10.25,10.5,10.59000015258789,10.15999984741211,2525700,DHT,Tanker,2026-09-22
2023-12-19,8.173568725585938,10.420000076293945,10.279999732971191,10.5,10.180000305175781,1980000,DHT,Tanker,2026-09-22
2023-12-20,7.985308647155762,10.180000305175781,10.470000267028809,10.5,10.170000076293945,2546200,DHT,Tanker,2026-09-22
2023-12-21,8.095125198364258,10.319999694824219,10.25,10.390000343322754,10.239999771118164,1343400,DHT,Tanker,2026-09-22
2023-12-22,8.228476524353027,10.489999771118164,10.399999618530273,10.520000457763672,10.399999618530273,1534400,DHT,Tanker,2026-09-22
2023-12-26,7.969621181488037,10.15999984741211,10.40999984741211,10.420000076293945,10.039999961853027,1672500,DHT,Tanker,2026-09-22
2023-12-27,7.851959228515625,10.010000228881836,10.09000015258789,10.180000305175781,9.970000267028809,1303500,DHT,Tanker,2026-09-22
2023-12-28,7.718609809875488,9.84000015258789,9.949999809265137,9.949999809265137,9.779999732971191,1909200,DHT,Tanker,2026-09-22
2023-12-29,7.695078372955322,9.8100004196167,9.880000114440918,9.899999618530273,9.770000457763672,1153100,DHT,Tanker,2026-09-22
2024-01-02,7.851959228515625,10.010000228881836,10.0,10.100000381469727,9.84000015258789,2299600,DHT,Tanker,2026-09-22
2024-01-03,8.063751220703125,10.279999732971191,10.010000228881836,10.3100004196167,10.0,2470200,DHT,Tanker,2026-09-22
2024-01-04,8.087284088134766,10.3100004196167,10.399999618530273,10.699999809265137,10.300000190734863,2863000,DHT,Tanker,2026-09-22
2024-01-05,8.581460952758789,10.9399995803833,10.399999618530273,10.989999771118164,10.380000114440918,4396900,DHT,Tanker,2026-09-22
2024-01-08,8.369669914245605,10.670000076293945,10.729999542236328,10.819999694824219,10.5,3489600,DHT,Tanker,2026-09-22
2024-01-09,8.385358810424805,10.6899995803833,10.670000076293945,10.739999771118164,10.5,1984900,DHT,Tanker,2026-09-22
2024-01-10,8.306918144226074,10.59000015258789,10.699999809265137,10.729999542236328,10.529999732971191,1629300,DHT,Tanker,2026-09-22
2024-01-11,8.401046752929688,10.710000038146973,10.529999732971191,10.729999542236328,10.289999961853027,2885500,DHT,Tanker,2026-09-22
2024-01-12,8.597149848937988,10.960000038146973,11.010000228881836,11.359999656677246,10.890000343322754,3965100,DHT,Tanker,2026-09-22
2024-01-16,8.64421558380127,11.020000457763672,11.149999618530273,11.229999542236328,10.960000038146973,2362500,DHT,Tanker,2026-09-22
2024-01-17,8.675592422485352,11.0600004196167,10.949999809265137,11.220000267028809,10.90999984741211,1518100,DHT,Tanker,2026-09-22
2024-01-18,8.636370658874512,11.010000228881836,11.140000343322754,11.140000343322754,10.890000343322754,1367200,DHT,Tanker,2026-09-22
2024-01-19,8.612838745117188,10.979999542236328,11.109999656677246,11.170000076293945,10.890000343322754,1870700,DHT,Tanker,2026-09-22
2024-01-22,8.5108642578125,10.850000381469727,10.9399995803833,11.109999656677246,10.829999923706055,1627000,DHT,Tanker,2026-09-22
2024-01-23,8.455955505371094,10.779999732971191,10.800000190734863,10.829999923706055,10.630000114440918,1758100,DHT,Tanker,2026-09-22
2024-01-24,8.64421558380127,11.020000457763672,10.970000267028809,11.109999656677246,10.949999809265137,1731700,DHT,Tanker,2026-09-22
2024-01-25,8.471644401550293,10.800000190734863,11.100000381469727,11.130000114440918,10.760000228881836,1808800,DHT,Tanker,2026-09-22
2024-01-26,8.754032135009766,11.15999984741211,10.800000190734863,11.180000305175781,10.800000190734863,1819600,DHT,Tanker,2026-09-22
2024-01-29,8.612838745117188,10.979999542236328,11.220000267028809,11.289999961853027,10.960000038146973,2187700,DHT,Tanker,2026-09-22
2024-01-30,8.80109691619873,11.220000267028809,10.949999809265137,11.300000190734863,10.949999809265137,1600900,DHT,Tanker,2026-09-22
2024-01-31,8.722657203674316,11.119999885559082,11.180000305175781,11.229999542236328,10.979999542236328,2139900,DHT,Tanker,2026-09-22
2024-02-01,8.503021240234375,10.84000015258789,11.25,11.359999656677246,10.539999961853027,2709700,DHT,Tanker,2026-09-22
2024-02-02,8.299074172973633,10.579999923706055,10.800000190734863,10.800000190734863,10.550000190734863,1853200,DHT,Tanker,2026-09-22
2024-02-05,8.236321449279785,10.5,10.579999923706055,10.649999618530273,10.390000343322754,1571200,DHT,Tanker,2026-09-22
2024-02-06,8.244163513183594,10.510000228881836,10.510000228881836,10.640000343322754,10.4399995803833,2166900,DHT,Tanker,2026-09-22
2024-02-07,8.628524780273438,11.0,10.609999656677246,11.140000343322754,10.199999809265137,4257300,DHT,Tanker,2026-09-22
2024-02-08,8.620680809020996,10.989999771118164,10.960000038146973,11.100000381469727,10.899999618530273,2046800,DHT,Tanker,2026-09-22
2024-02-09,8.667747497558594,11.050000190734863,11.029999732971191,11.130000114440918,10.930000305175781,1821000,DHT,Tanker,2026-09-22
2024-02-12,8.9187593460083,11.369999885559082,11.130000114440918,11.390000343322754,11.069999694824219,2035300,DHT,Tanker,2026-09-22
2024-02-13,8.863850593566895,11.300000190734863,11.369999885559082,11.369999885559082,11.130000114440918,2440700,DHT,Tanker,2026-09-22
2024-02-14,8.863850593566895,11.300000190734863,11.390000343322754,11.460000038146973,11.149999618530273,1641500,DHT,Tanker,2026-09-22
2024-02-15,9.16192626953125,11.680000305175781,11.300000190734863,11.710000038146973,11.1899995803833,2346600,DHT,Tanker,2026-09-22
2024-02-16,9.04426383972168,11.529999732971191,11.729999542236328,11.899999618530273,11.520000457763672,2623400,DHT,Tanker,2026-09-22
2024-02-20,8.820356369018555,11.029999732971191,11.3100004196167,11.3100004196167,11.0,1862600,DHT,Tanker,2026-09-22
2024-02-21,8.660423278808594,10.829999923706055,11.010000228881836,11.180000305175781,10.789999961853027,1658900,DHT,Tanker,2026-09-22
2024-02-22,8.74039077758789,10.930000305175781,10.6899995803833,10.9399995803833,10.640000343322754,1855300,DHT,Tanker,2026-09-22
2024-02-23,8.596450805664062,10.75,10.819999694824219,10.84000015258789,10.630000114440918,938100,DHT,Tanker,2026-09-22
2024-02-26,8.644430160522461,10.8100004196167,10.720000267028809,10.869999885559082,10.680000305175781,1586100,DHT,Tanker,2026-09-22
2024-02-27,8.548468589782715,10.6899995803833,10.789999961853027,10.800000190734863,10.649999618530273,1113400,DHT,Tanker,2026-09-22
2024-02-28,8.604446411132812,10.760000228881836,10.710000038146973,10.880000114440918,10.680000305175781,1113300,DHT,Tanker,2026-09-22
2024-02-29,8.652425765991211,10.819999694824219,10.770000457763672,10.869999885559082,10.630000114440918,1749800,DHT,Tanker,2026-09-22
2024-03-01,8.804363250732422,11.010000228881836,10.819999694824219,11.119999885559082,10.8100004196167,1696400,DHT,Tanker,2026-09-22
2024-03-04,8.772377014160156,10.970000267028809,11.050000190734863,11.130000114440918,10.850000381469727,2485500,DHT,Tanker,2026-09-22
2024-03-05,8.964296340942383,11.210000038146973,11.119999885559082,11.34000015258789,11.119999885559082,1985000,DHT,Tanker,2026-09-22
2024-03-06,8.884330749511719,11.109999656677246,11.199999809265137,11.279999732971191,11.069999694824219,1359600,DHT,Tanker,2026-09-22
2024-03-07,8.868337631225586,11.09000015258789,11.149999618530273,11.199999809265137,11.050000190734863,835100,DHT,Tanker,2026-09-22
2024-03-08,8.876333236694336,11.100000381469727,11.100000381469727,11.180000305175781,11.069999694824219,727800,DHT,Tanker,2026-09-22
2024-03-11,8.684412002563477,10.859999656677246,11.039999961853027,11.09000015258789,10.819999694824219,1574100,DHT,Tanker,2026-09-22
2024-03-12,8.652425765991211,10.819999694824219,10.84000015258789,10.890000343322754,10.710000038146973,1491900,DHT,Tanker,2026-09-22
2024-03-13,8.644430160522461,10.8100004196167,10.850000381469727,10.9399995803833,10.779999732971191,1328400,DHT,Tanker,2026-09-22
2024-03-14,8.932311058044434,11.170000076293945,10.789999961853027,11.180000305175781,10.739999771118164,1550600,DHT,Tanker,2026-09-22
2024-03-15,8.972294807434082,11.220000267028809,11.199999809265137,11.420000076293945,11.149999618530273,2796400,DHT,Tanker,2026-09-22
2024-03-18,8.868337631225586,11.09000015258789,11.170000076293945,11.170000076293945,10.949999809265137,1439500,DHT,Tanker,2026-09-22
2024-03-19,8.884330749511719,11.109999656677246,11.010000228881836,11.239999771118164,11.010000228881836,1660800,DHT,Tanker,2026-09-22
2024-03-20,8.74039077758789,10.930000305175781,10.899999618530273,10.989999771118164,10.779999732971191,2138400,DHT,Tanker,2026-09-22
2024-03-21,9.14822006225586,11.4399995803833,11.430000305175781,11.529999732971191,11.15999984741211,3509500,DHT,Tanker,2026-09-22
2024-03-22,8.9163179397583,11.149999618530273,11.449999809265137,11.460000038146973,11.119999885559082,2064400,DHT,Tanker,2026-09-22
2024-03-25,9.092244148254395,11.369999885559082,11.220000267028809,11.479999542236328,11.180000305175781,1395100,DHT,Tanker,2026-09-22
2024-03-26,9.068255424499512,11.34000015258789,11.359999656677246,11.539999961853027,11.3100004196167,1261800,DHT,Tanker,2026-09-22
2024-03-27,9.13222885131836,11.420000076293945,11.300000190734863,11.420000076293945,11.300000190734863,1330900,DHT,Tanker,2026-09-22
2024-03-28,9.196203231811523,11.5,11.430000305175781,11.510000228881836,11.380000114440918,1463400,DHT,Tanker,2026-09-22
2024-04-01,9.404114723205566,11.760000228881836,11.5600004196167,11.84000015258789,11.5600004196167,2323800,DHT,Tanker,2026-09-22
2024-04-02,9.260174751281738,11.579999923706055,11.720000267028809,11.720000267028809,11.510000228881836,1251400,DHT,Tanker,2026-09-22
2024-04-03,9.500076293945312,11.880000114440918,11.619999885559082,11.899999618530273,11.619999885559082,1437200,DHT,Tanker,2026-09-22
2024-04-04,9.444099426269531,11.8100004196167,11.829999923706055,11.960000038146973,11.800000190734863,1165700,DHT,Tanker,2026-09-22
2024-04-05,9.308156967163086,11.640000343322754,11.869999885559082,11.920000076293945,11.640000343322754,947500,DHT,Tanker,2026-09-22
2024-04-08,9.204197883605957,11.510000228881836,11.630000114440918,11.65999984741211,11.420000076293945,796800,DHT,Tanker,2026-09-22
2024-04-09,9.092244148254395,11.369999885559082,11.670000076293945,11.739999771118164,11.3100004196167,1180400,DHT,Tanker,2026-09-22
2024-04-10,9.108238220214844,11.390000343322754,11.329999923706055,11.539999961853027,11.279999732971191,1941000,DHT,Tanker,2026-09-22
2024-04-11,9.244183540344238,11.5600004196167,11.670000076293945,11.75,11.529999732971191,1271400,DHT,Tanker,2026-09-22
2024-04-12,9.092244148254395,11.369999885559082,11.609999656677246,11.710000038146973,11.329999923706055,1999800,DHT,Tanker,2026-09-22
2024-04-15,9.028270721435547,11.289999961853027,11.390000343322754,11.5600004196167,11.229999542236328,812100,DHT,Tanker,2026-09-22
2024-04-16,8.996285438537598,11.25,11.199999809265137,11.289999961853027,11.020000457763672,1127100,DHT,Tanker,2026-09-22
2024-04-17,9.02027416229248,11.279999732971191,11.300000190734863,11.40999984741211,11.229999542236328,1007100,DHT,Tanker,2026-09-22
2024-04-18,8.844348907470703,11.0600004196167,11.279999732971191,11.300000190734863,11.020000457763672,1042100,DHT,Tanker,2026-09-22
2024-04-19,9.004281044006348,11.260000228881836,11.069999694824219,11.300000190734863,11.039999961853027,1286000,DHT,Tanker,2026-09-22
2024-04-22,8.94830322265625,11.1899995803833,11.220000267028809,11.300000190734863,11.029999732971191,999100,DHT,Tanker,2026-09-22
2024-04-23,9.060256958007812,11.329999923706055,11.119999885559082,11.369999885559082,11.079999923706055,1209300,DHT,Tanker,2026-09-22
2024-04-24,9.02027416229248,11.279999732971191,11.300000190734863,11.369999885559082,11.229999542236328,1165600,DHT,Tanker,2026-09-22
2024-04-25,9.180208206176758,11.479999542236328,11.199999809265137,11.479999542236328,11.199999809265137,1020100,DHT,Tanker,2026-09-22
2024-04-26,9.204197883605957,11.510000228881836,11.5,11.579999923706055,11.40999984741211,1513000,DHT,Tanker,2026-09-22
2024-04-29,9.196203231811523,11.5,11.510000228881836,11.5600004196167,11.430000305175781,998000,DHT,Tanker,2026-09-22
2024-04-30,9.13222885131836,11.420000076293945,11.470000267028809,11.5600004196167,11.350000381469727,1179100,DHT,Tanker,2026-09-22
2024-05-01,9.108238220214844,11.390000343322754,11.449999809265137,11.5,11.300000190734863,1303600,DHT,Tanker,2026-09-22
2024-05-02,9.412113189697266,11.770000457763672,11.430000305175781,11.779999732971191,11.380000114440918,1467300,DHT,Tanker,2026-09-22
2024-05-03,9.300158500671387,11.630000114440918,11.779999732971191,11.8100004196167,11.529999732971191,1682500,DHT,Tanker,2026-09-22
2024-05-06,9.292160987854004,11.619999885559082,11.699999809265137,11.800000190734863,11.5600004196167,2200500,DHT,Tanker,2026-09-22
2024-05-07,9.308156967163086,11.640000343322754,11.5600004196167,11.6899995803833,11.479999542236328,1228700,DHT,Tanker,2026-09-22
2024-05-08,9.644018173217773,12.0600004196167,11.630000114440918,12.079999923706055,11.550000190734863,2265400,DHT,Tanker,2026-09-22
2024-05-09,9.676002502441406,12.100000381469727,12.039999961853027,12.270000457763672,12.039999961853027,2372000,DHT,Tanker,2026-09-22
2024-05-10,9.676002502441406,12.100000381469727,12.359999656677246,12.390000343322754,12.0600004196167,1624200,DHT,Tanker,2026-09-22
2024-05-13,9.715987205505371,12.149999618530273,12.289999961853027,12.34000015258789,12.119999885559082,1792800,DHT,Tanker,2026-09-22
2024-05-14,9.771963119506836,12.220000267028809,12.149999618530273,12.229999542236328,12.079999923706055,1901800,DHT,Tanker,2026-09-22
2024-05-15,9.819944381713867,12.279999732971191,11.960000038146973,12.449999809265137,11.880000114440918,3440100,DHT,Tanker,2026-09-22
2024-05-16,10.10782527923584,12.640000343322754,12.319999694824219,12.670000076293945,12.319999694824219,2876300,DHT,Tanker,2026-09-22
2024-05-17,9.987873077392578,12.489999771118164,12.65999984741211,12.670000076293945,12.40999984741211,1411900,DHT,Tanker,2026-09-22
2024-05-20,10.083833694458008,12.609999656677246,12.539999961853027,12.800000190734863,12.539999961853027,2143600,DHT,Tanker,2026-09-22
2024-05-21,10.163801193237305,12.710000038146973,12.680000305175781,12.789999961853027,12.65999984741211,1520500,DHT,Tanker,2026-09-22
2024-05-22,9.899911880493164,12.380000114440918,12.600000381469727,12.640000343322754,12.270000457763672,1898300,DHT,Tanker,2026-09-22
2024-05-23,9.932663917541504,12.130000114440918,12.25,12.300000190734863,12.039999961853027,1526200,DHT,Tanker,2026-09-22
2024-05-24,9.99817180633545,12.210000038146973,12.25,12.319999694824219,12.170000076293945,1216000,DHT,Tanker,2026-09-22
2024-05-28,9.981796264648438,12.1899995803833,12.289999961853027,12.3100004196167,12.050000190734863,1449300,DHT,Tanker,2026-09-22
2024-05-29,9.834403991699219,12.010000228881836,12.149999618530273,12.170000076293945,11.9399995803833,1611800,DHT,Tanker,2026-09-22
2024-05-30,9.99817180633545,12.210000038146973,12.0,12.210000038146973,11.970000267028809,1740600,DHT,Tanker,2026-09-22
2024-05-31,9.908098220825195,12.100000381469727,12.279999732971191,12.3100004196167,12.079999923706055,1530000,DHT,Tanker,2026-09-22
2024-06-03,9.826214790344238,12.0,12.15999984741211,12.1899995803833,11.930000305175781,1622700,DHT,Tanker,2026-09-22
2024-06-04,9.56418228149414,11.680000305175781,11.859999656677246,11.989999771118164,11.640000343322754,2178200,DHT,Tanker,2026-09-22
2024-06-05,9.703386306762695,11.850000381469727,11.699999809265137,11.890000343322754,11.699999809265137,1278600,DHT,Tanker,2026-09-22
2024-06-06,9.629688262939453,11.760000228881836,11.8100004196167,11.869999885559082,11.649999618530273,1209400,DHT,Tanker,2026-09-22
2024-06-07,9.48229694366455,11.579999923706055,11.710000038146973,11.720000267028809,11.529999732971191,1048000,DHT,Tanker,2026-09-22
2024-06-10,9.605125427246094,11.729999542236328,11.600000381469727,11.779999732971191,11.579999923706055,880000,DHT,Tanker,2026-09-22
2024-06-11,9.474106788635254,11.569999694824219,11.489999771118164,11.670000076293945,11.460000038146973,1578800,DHT,Tanker,2026-09-22
2024-06-12,9.629688262939453,11.760000228881836,11.609999656677246,11.869999885559082,11.579999923706055,1232800,DHT,Tanker,2026-09-22
2024-06-13,9.30215072631836,11.359999656677246,11.699999809265137,11.720000267028809,11.270000457763672,2013300,DHT,Tanker,2026-09-22
2024-06-14,9.179320335388184,11.210000038146973,11.270000457763672,11.359999656677246,11.140000343322754,1312100,DHT,Tanker,2026-09-22
2024-06-17,9.171133995056152,11.199999809265137,11.1899995803833,11.300000190734863,11.09000015258789,1114100,DHT,Tanker,2026-09-22
2024-06-18,9.310338020324707,11.369999885559082,11.239999771118164,11.40999984741211,11.220000267028809,1189000,DHT,Tanker,2026-09-22
2024-06-20,9.531429290771484,11.640000343322754,11.420000076293945,11.930000305175781,11.399999618530273,2017600,DHT,Tanker,2026-09-22
2024-06-21,9.56418228149414,11.680000305175781,11.760000228881836,11.859999656677246,11.600000381469727,1765200,DHT,Tanker,2026-09-22
2024-06-24,9.580559730529785,11.699999809265137,11.739999771118164,11.800000190734863,11.65999984741211,1238500,DHT,Tanker,2026-09-22
2024-06-25,9.55599308013916,11.670000076293945,11.6899995803833,11.779999732971191,11.5600004196167,1986300,DHT,Tanker,2026-09-22
2024-06-26,9.736140251159668,11.890000343322754,11.670000076293945,11.930000305175781,11.649999618530273,3220700,DHT,Tanker,2026-09-22
2024-06-27,9.67881965637207,11.819999694824219,11.890000343322754,11.90999984741211,11.699999809265137,1195800,DHT,Tanker,2026-09-22
2024-06-28,9.474106788635254,11.569999694824219,11.829999923706055,11.899999618530273,11.460000038146973,3516100,DHT,Tanker,2026-09-22
2024-07-01,9.3349027633667,11.399999618530273,11.539999961853027,11.539999961853027,11.260000228881836,1447500,DHT,Tanker,2026-09-22
2024-07-02,9.30215072631836,11.359999656677246,11.430000305175781,11.460000038146973,11.149999618530273,2166900,DHT,Tanker,2026-09-22
2024-07-03,9.3349027633667,11.399999618530273,11.420000076293945,11.569999694824219,11.369999885559082,799300,DHT,Tanker,2026-09-22
2024-07-05,8.96642017364502,10.949999809265137,11.329999923706055,11.350000381469727,10.850000381469727,3466000,DHT,Tanker,2026-09-22
2024-07-08,8.819026947021484,10.770000457763672,10.859999656677246,10.930000305175781,10.670000076293945,3527800,DHT,Tanker,2026-09-22
2024-07-09,8.819026947021484,10.770000457763672,10.800000190734863,10.84000015258789,10.75,2417600,DHT,Tanker,2026-09-22
2024-07-10,8.876346588134766,10.84000015258789,10.8100004196167,10.869999885559082,10.760000228881836,1807500,DHT,Tanker,2026-09-22
2024-07-11,8.876346588134766,10.84000015258789,10.84000015258789,10.869999885559082,10.729999542236328,1971700,DHT,Tanker,2026-09-22
2024-07-12,8.933667182922363,10.90999984741211,10.869999885559082,11.0,10.850000381469727,1993000,DHT,Tanker,2026-09-22
2024-07-15,9.015551567077637,11.010000228881836,10.979999542236328,11.180000305175781,10.960000038146973,1247100,DHT,Tanker,2026-09-22
2024-07-16,9.081059455871582,11.09000015258789,11.050000190734863,11.130000114440918,10.989999771118164,1049400,DHT,Tanker,2026-09-22
2024-07-17,9.122002601623535,11.140000343322754,11.079999923706055,11.180000305175781,10.949999809265137,1947400,DHT,Tanker,2026-09-22
2024-07-18,9.14656925201416,11.170000076293945,11.15999984741211,11.180000305175781,11.0,1937400,DHT,Tanker,2026-09-22
2024-07-19,9.203886985778809,11.239999771118164,11.199999809265137,11.260000228881836,11.09000015258789,1378400,DHT,Tanker,2026-09-22
2024-07-22,9.842591285705566,12.020000457763672,11.3100004196167,12.029999732971191,11.289999961853027,2945800,DHT,Tanker,2026-09-22
2024-07-23,9.867156982421875,12.050000190734863,11.880000114440918,12.079999923706055,11.770000457763672,2198100,DHT,Tanker,2026-09-22
2024-07-24,9.498673439025879,11.600000381469727,11.960000038146973,11.970000267028809,11.59000015258789,2334400,DHT,Tanker,2026-09-22
2024-07-25,9.277583122253418,11.329999923706055,11.640000343322754,11.640000343322754,11.329999923706055,1934200,DHT,Tanker,2026-09-22
2024-07-26,9.449542999267578,11.539999961853027,11.399999618530273,11.569999694824219,11.25,1545600,DHT,Tanker,2026-09-22
2024-07-29,9.580559730529785,11.699999809265137,11.6899995803833,11.779999732971191,11.5,1785900,DHT,Tanker,2026-09-22
2024-07-30,9.55599308013916,11.670000076293945,11.609999656677246,11.699999809265137,11.529999732971191,3026800,DHT,Tanker,2026-09-22
2024-07-31,9.621501922607422,11.75,11.760000228881836,11.819999694824219,11.600000381469727,2060500,DHT,Tanker,2026-09-22
2024-08-01,9.449542999267578,11.539999961853027,11.720000267028809,11.729999542236328,11.460000038146973,2923600,DHT,Tanker,2026-09-22
2024-08-02,9.212076187133789,11.25,11.220000267028809,11.279999732971191,11.100000381469727,3501100,DHT,Tanker,2026-09-22
2024-08-05,8.974609375,10.960000038146973,10.729999542236328,11.029999732971191,10.520000457763672,3348300,DHT,Tanker,2026-09-22
2024-08-06,9.089247703552246,11.100000381469727,11.0,11.140000343322754,10.850000381469727,1485100,DHT,Tanker,2026-09-22
2024-08-07,8.96642017364502,10.949999809265137,11.25,11.25,10.899999618530273,1550600,DHT,Tanker,2026-09-22
2024-08-08,8.974609375,10.960000038146973,11.0,11.020000457763672,10.760000228881836,1707500,DHT,Tanker,2026-09-22
2024-08-09,8.941855430603027,10.920000076293945,10.949999809265137,10.949999809265137,10.8100004196167,1562400,DHT,Tanker,2026-09-22
2024-08-12,9.113814353942871,11.130000114440918,11.0,11.270000457763672,11.0,1974500,DHT,Tanker,2026-09-22
2024-08-13,8.802650451660156,10.75,10.8100004196167,10.890000343322754,10.569999694824219,4495500,DHT,Tanker,2026-09-22
2024-08-14,8.933667182922363,10.90999984741211,10.84000015258789,11.010000228881836,10.800000190734863,2725000,DHT,Tanker,2026-09-22
2024-08-15,9.293959617614746,11.350000381469727,11.130000114440918,11.479999542236328,11.100000381469727,3096100,DHT,Tanker,2026-09-22
2024-08-16,9.293959617614746,11.350000381469727,11.359999656677246,11.529999732971191,11.300000190734863,2394300,DHT,Tanker,2026-09-22
2024-08-19,9.253018379211426,11.300000190734863,11.170000076293945,11.369999885559082,11.15999984741211,2222200,DHT,Tanker,2026-09-22
2024-08-20,9.09743595123291,11.109999656677246,11.220000267028809,11.239999771118164,11.100000381469727,1577400,DHT,Tanker,2026-09-22
2024-08-21,9.07287311553955,11.079999923706055,11.229999542236328,11.270000457763672,11.050000190734863,2057800,DHT,Tanker,2026-09-22
2024-08-22,8.876346588134766,10.84000015258789,11.0600004196167,11.0600004196167,10.819999694824219,1905300,DHT,Tanker,2026-09-22
2024-08-23,8.96032428741455,10.670000076293945,10.609999656677246,10.960000038146973,10.520000457763672,1761400,DHT,Tanker,2026-09-22
2024-08-26,9.044300079345703,10.770000457763672,10.75,10.90999984741211,10.699999809265137,1753600,DHT,Tanker,2026-09-22
2024-08-27,9.035903930664062,10.760000228881836,10.729999542236328,10.779999732971191,10.600000381469727,1062400,DHT,Tanker,2026-09-22
2024-08-28,8.859551429748535,10.550000190734863,10.680000305175781,10.710000038146973,10.430000305175781,1449000,DHT,Tanker,2026-09-22
2024-08-29,8.935132026672363,10.640000343322754,10.600000381469727,10.670000076293945,10.479999542236328,1472500,DHT,Tanker,2026-09-22
2024-08-30,9.094687461853027,10.829999923706055,10.75,11.079999923706055,10.720000267028809,2265600,DHT,Tanker,2026-09-22
2024-09-03,8.758780479431152,10.430000305175781,10.630000114440918,10.680000305175781,10.420000076293945,1507400,DHT,Tanker,2026-09-22
2024-09-04,8.68320083618164,10.34000015258789,10.380000114440918,10.489999771118164,10.279999732971191,1302200,DHT,Tanker,2026-09-22
2024-09-05,8.758780479431152,10.430000305175781,10.350000381469727,10.479999542236328,10.329999923706055,2849300,DHT,Tanker,2026-09-22
2024-09-06,8.82596206665039,10.510000228881836,10.470000267028809,10.609999656677246,10.350000381469727,2471000,DHT,Tanker,2026-09-22
2024-09-09,8.658007621765137,10.3100004196167,10.300000190734863,10.420000076293945,10.289999961853027,2080700,DHT,Tanker,2026-09-22
2024-09-10,8.607621192932129,10.25,10.399999618530273,10.399999618530273,10.140000343322754,2575700,DHT,Tanker,2026-09-22
2024-09-11,8.926732063293457,10.630000114440918,10.289999961853027,10.65999984741211,10.289999961853027,2218200,DHT,Tanker,2026-09-22
2024-09-12,9.17866325378418,10.930000305175781,10.899999618530273,11.029999732971191,10.670000076293945,3583300,DHT,Tanker,2026-09-22
2024-09-13,9.19545841217041,10.949999809265137,11.0,11.199999809265137,10.899999618530273,2043500,DHT,Tanker,2026-09-22
2024-09-16,9.380208015441895,11.170000076293945,11.069999694824219,11.170000076293945,11.029999732971191,1352300,DHT,Tanker,2026-09-22
2024-09-17,9.397002220153809,11.1899995803833,11.199999809265137,11.25,11.069999694824219,1686300,DHT,Tanker,2026-09-22
2024-09-18,9.413798332214355,11.210000038146973,11.229999542236328,11.380000114440918,11.140000343322754,1821100,DHT,Tanker,2026-09-22
2024-09-19,9.497775077819824,11.3100004196167,11.34000015258789,11.369999885559082,11.210000038146973,1549100,DHT,Tanker,2026-09-22
2024-09-20,9.06109619140625,10.789999961853027,11.020000457763672,11.039999961853027,10.670000076293945,3795600,DHT,Tanker,2026-09-22
2024-09-23,9.027504920959473,10.75,10.789999961853027,10.859999656677246,10.680000305175781,992700,DHT,Tanker,2026-09-22
2024-09-24,9.21225357055664,10.970000267028809,10.899999618530273,10.979999542236328,10.789999961853027,1804400,DHT,Tanker,2026-09-22
2024-09-25,8.859551429748535,10.550000190734863,10.800000190734863,10.819999694824219,10.539999961853027,1674000,DHT,Tanker,2026-09-22
2024-09-26,9.296231269836426,11.069999694824219,10.75,11.140000343322754,10.75,2328200,DHT,Tanker,2026-09-22
2024-09-27,9.296231269836426,11.069999694824219,11.100000381469727,11.170000076293945,11.010000228881836,1142800,DHT,Tanker,2026-09-22
2024-09-30,9.262639999389648,11.029999732971191,11.100000381469727,11.130000114440918,10.899999618530273,1007300,DHT,Tanker,2026-09-22
2024-10-01,9.422196388244629,11.220000267028809,10.829999923706055,11.390000343322754,10.829999923706055,2191600,DHT,Tanker,2026-09-22
2024-10-02,9.640535354614258,11.479999542236328,11.420000076293945,11.5,11.350000381469727,1614200,DHT,Tanker,2026-09-22
2024-10-03,10.11080551147461,12.039999961853027,11.470000267028809,12.069999694824219,11.4399995803833,2822900,DHT,Tanker,2026-09-22
2024-10-04,9.99323844909668,11.899999618530273,12.09000015258789,12.09000015258789,11.829999923706055,1727600,DHT,Tanker,2026-09-22
2024-10-07,10.127601623535156,12.0600004196167,11.970000267028809,12.119999885559082,11.9399995803833,1286800,DHT,Tanker,2026-09-22
2024-10-08,9.99323844909668,11.899999618530273,11.880000114440918,12.020000457763672,11.609999656677246,2550600,DHT,Tanker,2026-09-22
2024-10-09,9.732911109924316,11.59000015258789,11.779999732971191,11.789999961853027,11.539999961853027,1172200,DHT,Tanker,2026-09-22
2024-10-10,9.900864601135254,11.789999961853027,11.649999618530273,11.789999961853027,11.619999885559082,1014400,DHT,Tanker,2026-09-22
2024-10-11,9.842080116271973,11.720000267028809,11.75,11.760000228881836,11.550000190734863,1844400,DHT,Tanker,2026-09-22
2024-10-14,9.522969245910645,11.34000015258789,11.569999694824219,11.600000381469727,11.329999923706055,884200,DHT,Tanker,2026-09-22
2024-10-15,9.262639999389648,11.029999732971191,11.199999809265137,11.359999656677246,11.029999732971191,1459800,DHT,Tanker,2026-09-22
2024-10-16,9.405401229858398,11.199999809265137,11.149999618530273,11.260000228881836,11.119999885559082,1168300,DHT,Tanker,2026-09-22
2024-10-17,9.514570236206055,11.329999923706055,11.239999771118164,11.359999656677246,11.079999923706055,1240000,DHT,Tanker,2026-09-22
2024-10-18,9.564956665039062,11.390000343322754,11.40999984741211,11.470000267028809,11.300000190734863,848700,DHT,Tanker,2026-09-22
2024-10-21,9.388607025146484,11.180000305175781,11.489999771118164,11.550000190734863,11.140000343322754,827000,DHT,Tanker,2026-09-22
2024-10-22,9.128278732299805,10.869999885559082,11.15999984741211,11.15999984741211,10.869999885559082,917200,DHT,Tanker,2026-09-22
2024-10-23,8.708394050598145,10.369999885559082,10.600000381469727,10.729999542236328,10.350000381469727,2627400,DHT,Tanker,2026-09-22
2024-10-24,8.8175630569458,10.5,10.420000076293945,10.529999732971191,10.34000015258789,2127700,DHT,Tanker,2026-09-22
2024-10-25,8.867950439453125,10.5600004196167,10.520000457763672,10.6899995803833,10.510000228881836,1088300,DHT,Tanker,2026-09-22
2024-10-28,8.901540756225586,10.600000381469727,10.449999809265137,10.710000038146973,10.369999885559082,1392200,DHT,Tanker,2026-09-22
2024-10-29,8.893141746520996,10.59000015258789,10.699999809265137,10.75,10.529999732971191,1456900,DHT,Tanker,2026-09-22
2024-10-30,8.641212463378906,10.289999961853027,10.510000228881836,10.550000190734863,10.270000457763672,1574700,DHT,Tanker,2026-09-22
2024-10-31,8.666403770446777,10.319999694824219,10.279999732971191,10.4399995803833,10.149999618530273,2168000,DHT,Tanker,2026-09-22
2024-11-01,8.649609565734863,10.300000190734863,10.350000381469727,10.380000114440918,10.260000228881836,1040100,DHT,Tanker,2026-09-22
2024-11-04,8.490053176879883,10.109999656677246,10.239999771118164,10.300000190734863,10.09000015258789,957700,DHT,Tanker,2026-09-22
2024-11-05,8.422872543334961,10.029999732971191,10.149999618530273,10.199999809265137,9.970000267028809,1158700,DHT,Tanker,2026-09-22
2024-11-06,8.750382423400879,10.420000076293945,10.0600004196167,10.460000038146973,9.949999809265137,1909300,DHT,Tanker,2026-09-22
2024-11-07,8.884743690490723,10.579999923706055,10.569999694824219,10.6899995803833,10.539999961853027,1054700,DHT,Tanker,2026-09-22
2024-11-08,8.783971786499023,10.460000038146973,10.550000190734863,10.609999656677246,10.369999885559082,1286500,DHT,Tanker,2026-09-22
2024-11-11,8.658007621765137,10.3100004196167,10.430000305175781,10.4399995803833,10.260000228881836,1146600,DHT,Tanker,2026-09-22
2024-11-12,8.523645401000977,10.149999618530273,10.25,10.260000228881836,10.050000190734863,1607100,DHT,Tanker,2026-09-22
2024-11-13,8.985516548156738,10.699999809265137,10.489999771118164,10.8100004196167,10.279999732971191,2508800,DHT,Tanker,2026-09-22
2024-11-14,9.069494247436523,10.800000190734863,10.8100004196167,11.050000190734863,10.680000305175781,1868300,DHT,Tanker,2026-09-22
2024-11-15,8.775574684143066,10.449999809265137,10.819999694824219,10.850000381469727,10.420000076293945,1410900,DHT,Tanker,2026-09-22
2024-11-18,9.0191068649292,10.739999771118164,10.539999961853027,10.770000457763672,10.539999961853027,1366600,DHT,Tanker,2026-09-22
2024-11-19,8.926732063293457,10.630000114440918,10.770000457763672,10.779999732971191,10.609999656677246,1259500,DHT,Tanker,2026-09-22
2024-11-20,8.851153373718262,10.539999961853027,10.65999984741211,10.680000305175781,10.399999618530273,1518100,DHT,Tanker,2026-09-22
2024-11-21,8.708394050598145,10.369999885559082,10.4399995803833,10.479999542236328,10.210000038146973,1950300,DHT,Tanker,2026-09-22
2024-11-22,8.777029991149902,10.229999542236328,10.069999694824219,10.270000457763672,10.029999732971191,932900,DHT,Tanker,2026-09-22
2024-11-25,8.588278770446777,10.010000228881836,10.210000038146973,10.210000038146973,9.9399995803833,1365300,DHT,Tanker,2026-09-22
2024-11-26,8.373785018920898,9.760000228881836,9.9399995803833,10.020000457763672,9.720000267028809,1822400,DHT,Tanker,2026-09-22
2024-11-27,8.262248039245605,9.630000114440918,9.479999542236328,9.720000267028809,9.3100004196167,2675700,DHT,Tanker,2026-09-22
2024-11-29,8.082075119018555,9.420000076293945,9.520000457763672,9.640000343322754,9.369999885559082,1674500,DHT,Tanker,2026-09-22
2024-12-02,8.04775619506836,9.380000114440918,9.329999923706055,9.449999809265137,9.229999542236328,2148800,DHT,Tanker,2026-09-22
2024-12-03,8.493901252746582,9.899999618530273,9.479999542236328,10.0,9.34000015258789,4088700,DHT,Tanker,2026-09-22
2024-12-04,8.330885887145996,9.710000038146973,9.789999961853027,9.800000190734863,9.579999923706055,2553200,DHT,Tanker,2026-09-22
2024-12-05,8.227930068969727,9.59000015258789,9.729999542236328,9.829999923706055,9.5600004196167,1641000,DHT,Tanker,2026-09-22
2024-12-06,8.082075119018555,9.420000076293945,9.600000381469727,9.630000114440918,9.260000228881836,1869200,DHT,Tanker,2026-09-22
2024-12-09,8.16787338256836,9.520000457763672,9.550000190734863,9.710000038146973,9.489999771118164,1495600,DHT,Tanker,2026-09-22
2024-12-10,8.030596733093262,9.359999656677246,9.5,9.640000343322754,9.34000015258789,2615600,DHT,Tanker,2026-09-22
2024-12-11,7.79894495010376,9.09000015258789,9.449999809265137,9.470000267028809,9.0600004196167,1908700,DHT,Tanker,2026-09-22
2024-12-12,7.661670684814453,8.930000305175781,8.90999984741211,8.930000305175781,8.6899995803833,2775900,DHT,Tanker,2026-09-22
2024-12-13,7.824684143066406,9.119999885559082,9.029999732971191,9.130000114440918,8.84000015258789,1470500,DHT,Tanker,2026-09-22
2024-12-16,7.670249938964844,8.9399995803833,9.0,9.050000190734863,8.880000114440918,1361800,DHT,Tanker,2026-09-22
2024-12-17,7.721728324890137,9.0,8.789999961853027,9.109999656677246,8.670000076293945,2099200,DHT,Tanker,2026-09-22
2024-12-18,7.71314811706543,8.989999771118164,9.029999732971191,9.1899995803833,8.949999809265137,2300000,DHT,Tanker,2026-09-22
2024-12-19,7.6273512840271,8.890000343322754,9.029999732971191,9.0600004196167,8.819999694824219,1578800,DHT,Tanker,2026-09-22
2024-12-20,7.678829193115234,8.949999809265137,8.850000381469727,9.069999694824219,8.760000228881836,2031400,DHT,Tanker,2026-09-22
2024-12-23,7.9619598388671875,9.279999732971191,8.930000305175781,9.319999694824219,8.930000305175781,1172400,DHT,Tanker,2026-09-22
2024-12-24,8.107813835144043,9.449999809265137,9.359999656677246,9.489999771118164,9.229999542236328,666000,DHT,Tanker,2026-09-22
2024-12-26,7.996278762817383,9.319999694824219,9.399999618530273,9.40999984741211,9.25,691200,DHT,Tanker,2026-09-22
2024-12-27,7.927639484405518,9.239999771118164,9.329999923706055,9.34000015258789,9.15999984741211,1732000,DHT,Tanker,2026-09-22
2024-12-30,7.876163005828857,9.180000305175781,9.220000267028809,9.239999771118164,9.0600004196167,1018300,DHT,Tanker,2026-09-22
2024-12-31,7.9705400466918945,9.289999961853027,9.180000305175781,9.380000114440918,9.170000076293945,802600,DHT,Tanker,2026-09-22
2025-01-02,8.270828247070312,9.640000343322754,9.449999809265137,9.710000038146973,9.420000076293945,1897900,DHT,Tanker,2026-09-22
2025-01-03,8.022017478942871,9.350000381469727,9.670000076293945,9.670000076293945,9.34000015258789,853100,DHT,Tanker,2026-09-22
2025-01-06,8.004858016967773,9.329999923706055,9.399999618530273,9.600000381469727,9.289999961853027,1051300,DHT,Tanker,2026-09-22
2025-01-07,8.588278770446777,10.010000228881836,9.800000190734863,10.270000457763672,9.800000190734863,3331100,DHT,Tanker,2026-09-22
2025-01-08,8.62259578704834,10.050000190734863,9.760000228881836,10.140000343322754,9.760000228881836,1588900,DHT,Tanker,2026-09-22
2025-01-10,9.18885612487793,10.710000038146973,10.59000015258789,10.880000114440918,10.510000228881836,2775900,DHT,Tanker,2026-09-22
2025-01-13,9.514884948730469,11.09000015258789,11.0,11.260000228881836,10.8100004196167,3005300,DHT,Tanker,2026-09-22
2025-01-14,9.592103004455566,11.180000305175781,10.850000381469727,11.199999809265137,10.789999961853027,2279400,DHT,Tanker,2026-09-22
2025-01-15,9.772275924682617,11.390000343322754,11.239999771118164,11.40999984741211,10.989999771118164,2525100,DHT,Tanker,2026-09-22
2025-01-16,9.3518705368042,10.899999618530273,11.180000305175781,11.229999542236328,10.880000114440918,1853100,DHT,Tanker,2026-09-22
2025-01-17,9.231756210327148,10.760000228881836,10.680000305175781,10.970000267028809,10.569999694824219,1610300,DHT,Tanker,2026-09-22
2025-01-21,8.84566879272461,10.3100004196167,10.6899995803833,10.6899995803833,10.289999961853027,2785800,DHT,Tanker,2026-09-22
2025-01-22,9.180276870727539,10.699999809265137,10.319999694824219,10.800000190734863,10.279999732971191,3391300,DHT,Tanker,2026-09-22
2025-01-23,9.386189460754395,10.9399995803833,10.670000076293945,10.960000038146973,10.609999656677246,3422400,DHT,Tanker,2026-09-22
2025-01-24,9.266073226928711,10.800000190734863,11.0,11.0,10.470000267028809,2133000,DHT,Tanker,2026-09-22
2025-01-27,9.308972358703613,10.850000381469727,10.819999694824219,10.989999771118164,10.65999984741211,1940100,DHT,Tanker,2026-09-22
2025-01-28,9.471986770629883,11.039999961853027,11.0,11.09000015258789,10.859999656677246,1675700,DHT,Tanker,2026-09-22
2025-01-29,9.58352279663086,11.170000076293945,11.050000190734863,11.25,10.949999809265137,2085700,DHT,Tanker,2026-09-22
2025-01-30,9.892391204833984,11.529999732971191,11.369999885559082,11.59000015258789,11.100000381469727,1646700,DHT,Tanker,2026-09-22
2025-01-31,9.712217330932617,11.319999694824219,11.59000015258789,11.59000015258789,11.319999694824219,1579600,DHT,Tanker,2026-09-22
2025-02-03,9.82375431060791,11.449999809265137,11.319999694824219,11.489999771118164,11.109999656677246,1362600,DHT,Tanker,2026-09-22
2025-02-04,10.16694164276123,11.850000381469727,11.3100004196167,12.119999885559082,11.09000015258789,4022400,DHT,Tanker,2026-09-22
2025-02-05,10.124042510986328,11.800000190734863,11.609999656677246,11.859999656677246,11.609999656677246,2646300,DHT,Tanker,2026-09-22
2025-02-06,9.875232696533203,11.510000228881836,12.0,12.319999694824219,11.34000015258789,3767300,DHT,Tanker,2026-09-22
2025-02-07,9.746536254882812,11.359999656677246,11.529999732971191,11.649999618530273,11.279999732971191,1763000,DHT,Tanker,2026-09-22
2025-02-10,9.695058822631836,11.300000190734863,11.380000114440918,11.5,11.020000457763672,1560300,DHT,Tanker,2026-09-22
2025-02-11,9.497724533081055,11.069999694824219,11.34000015258789,11.34000015258789,11.029999732971191,1384600,DHT,Tanker,2026-09-22
2025-02-12,9.65216064453125,11.25,11.220000267028809,11.470000267028809,11.170000076293945,2716700,DHT,Tanker,2026-09-22
2025-02-13,9.53204345703125,11.109999656677246,11.279999732971191,11.40999984741211,11.050000190734863,1732400,DHT,Tanker,2026-09-22
2025-02-14,9.60068130493164,11.1899995803833,11.550000190734863,11.680000305175781,11.130000114440918,2154700,DHT,Tanker,2026-09-22
2025-02-18,9.609394073486328,11.029999732971191,11.010000228881836,11.25,10.949999809265137,1606300,DHT,Tanker,2026-09-22
2025-02-19,9.6529541015625,11.079999923706055,11.039999961853027,11.279999732971191,10.979999542236328,1515300,DHT,Tanker,2026-09-22
2025-02-20,9.548408508300781,10.960000038146973,10.970000267028809,11.050000190734863,10.8100004196167,1925200,DHT,Tanker,2026-09-22
2025-02-21,9.443864822387695,10.84000015258789,11.0,11.069999694824219,10.800000190734863,1201400,DHT,Tanker,2026-09-22
2025-02-24,9.34803295135498,10.729999542236328,10.770000457763672,10.84000015258789,10.649999618530273,2541900,DHT,Tanker,2026-09-22
2025-02-25,9.217350959777832,10.579999923706055,10.729999542236328,10.850000381469727,10.579999923706055,1577100,DHT,Tanker,2026-09-22
2025-02-26,9.287047386169434,10.65999984741211,10.600000381469727,10.720000267028809,10.550000190734863,1274700,DHT,Tanker,2026-09-22
2025-02-27,8.877581596374512,10.1899995803833,10.5600004196167,10.630000114440918,10.1899995803833,2195600,DHT,Tanker,2026-09-22
2025-02-28,9.008262634277344,10.34000015258789,10.180000305175781,10.539999961853027,10.170000076293945,1174000,DHT,Tanker,2026-09-22
2025-03-03,9.069246292114258,10.40999984741211,10.520000457763672,10.800000190734863,10.270000457763672,2687300,DHT,Tanker,2026-09-22
2025-03-04,9.165080070495605,10.520000457763672,10.220000267028809,10.630000114440918,10.069999694824219,1943100,DHT,Tanker,2026-09-22
2025-03-05,9.016974449157715,10.350000381469727,10.520000457763672,10.640000343322754,10.319999694824219,1496100,DHT,Tanker,2026-09-22
2025-03-06,9.23477554321289,10.600000381469727,10.550000190734863,10.619999885559082,10.4399995803833,1203100,DHT,Tanker,2026-09-22
2025-03-07,9.365456581115723,10.75,10.600000381469727,10.850000381469727,10.5600004196167,1799200,DHT,Tanker,2026-09-22
2025-03-10,8.912429809570312,10.229999542236328,10.520000457763672,10.520000457763672,10.149999618530273,2048200,DHT,Tanker,2026-09-22
2025-03-11,8.886293411254883,10.199999809265137,10.470000267028809,10.510000228881836,10.079999923706055,1324400,DHT,Tanker,2026-09-22
2025-03-12,8.938567161560059,10.260000228881836,10.220000267028809,10.380000114440918,10.170000076293945,887600,DHT,Tanker,2026-09-22
2025-03-13,8.964701652526855,10.289999961853027,10.270000457763672,10.479999542236328,10.239999771118164,1170000,DHT,Tanker,2026-09-22
2025-03-14,9.165080070495605,10.520000457763672,10.319999694824219,10.529999732971191,10.229999542236328,1132000,DHT,Tanker,2026-09-22
2025-03-17,9.295761108398438,10.670000076293945,10.59000015258789,10.84000015258789,10.569999694824219,1541200,DHT,Tanker,2026-09-22
2025-03-18,9.260910987854004,10.630000114440918,10.710000038146973,10.739999771118164,10.5,1102200,DHT,Tanker,2026-09-22
2025-03-19,9.635530471801758,11.0600004196167,10.779999732971191,11.140000343322754,10.779999732971191,1872700,DHT,Tanker,2026-09-22
2025-03-20,9.696514129638672,11.130000114440918,10.890000343322754,11.1899995803833,10.84000015258789,1904100,DHT,Tanker,2026-09-22
2025-03-21,9.295761108398438,10.670000076293945,11.020000457763672,11.020000457763672,10.649999618530273,2974300,DHT,Tanker,2026-09-22
2025-03-24,9.496137619018555,10.899999618530273,10.739999771118164,10.930000305175781,10.720000267028809,1295000,DHT,Tanker,2026-09-22
2025-03-25,9.470001220703125,10.869999885559082,10.989999771118164,11.09000015258789,10.8100004196167,1671600,DHT,Tanker,2026-09-22
2025-03-26,9.478713989257812,10.880000114440918,10.949999809265137,10.949999809265137,10.6899995803833,1410500,DHT,Tanker,2026-09-22
2025-03-27,9.173789978027344,10.529999732971191,10.8100004196167,10.84000015258789,10.520000457763672,1862900,DHT,Tanker,2026-09-22
2025-03-28,9.330608367919922,10.710000038146973,10.550000190734863,10.8100004196167,10.529999732971191,1042300,DHT,Tanker,2026-09-22
2025-03-31,9.147655487060547,10.5,10.609999656677246,10.65999984741211,10.4399995803833,2093100,DHT,Tanker,2026-09-22
2025-04-01,9.199928283691406,10.5600004196167,10.579999923706055,10.729999542236328,10.520000457763672,1582700,DHT,Tanker,2026-09-22
2025-04-02,9.034398078918457,10.369999885559082,10.489999771118164,10.539999961853027,10.239999771118164,2955400,DHT,Tanker,2026-09-22
2025-04-03,8.712053298950195,10.0,10.0600004196167,10.3100004196167,9.899999618530273,2681900,DHT,Tanker,2026-09-22
2025-04-04,8.232889175415039,9.449999809265137,9.399999618530273,9.489999771118164,8.989999771118164,4530500,DHT,Tanker,2026-09-22
2025-04-07,8.886293411254883,10.199999809265137,9.609999656677246,10.279999732971191,9.470000267028809,3611400,DHT,Tanker,2026-09-22
2025-04-08,8.450690269470215,9.699999809265137,10.170000076293945,10.3100004196167,9.609999656677246,2676600,DHT,Tanker,2026-09-22
2025-04-09,8.799173355102539,10.100000381469727,9.649999618530273,10.390000343322754,9.5,3691000,DHT,Tanker,2026-09-22
2025-04-10,8.572660446166992,9.84000015258789,10.039999961853027,10.100000381469727,9.720000267028809,2891600,DHT,Tanker,2026-09-22
2025-04-11,9.23477554321289,10.600000381469727,10.220000267028809,10.640000343322754,10.199999809265137,2795500,DHT,Tanker,2026-09-22
2025-04-14,8.877581596374512,10.1899995803833,10.569999694824219,10.640000343322754,10.180000305175781,2001000,DHT,Tanker,2026-09-22
2025-04-15,8.607507705688477,9.880000114440918,10.199999809265137,10.279999732971191,9.859999656677246,1594200,DHT,Tanker,2026-09-22
2025-04-16,8.78174877166748,10.079999923706055,9.949999809265137,10.140000343322754,9.880000114440918,1573200,DHT,Tanker,2026-09-22
2025-04-17,9.077959060668945,10.420000076293945,10.109999656677246,10.449999809265137,10.109999656677246,1501300,DHT,Tanker,2026-09-22
2025-04-21,8.764325141906738,10.0600004196167,10.350000381469727,10.359999656677246,10.039999961853027,1139000,DHT,Tanker,2026-09-22
2025-04-22,8.685916900634766,9.970000267028809,10.199999809265137,10.25,9.90999984741211,1257500,DHT,Tanker,2026-09-22
2025-04-23,8.947277069091797,10.270000457763672,10.140000343322754,10.420000076293945,9.9399995803833,2180400,DHT,Tanker,2026-09-22
2025-04-24,9.095381736755371,10.4399995803833,10.390000343322754,10.449999809265137,10.199999809265137,1280000,DHT,Tanker,2026-09-22
2025-04-25,9.22606372833252,10.59000015258789,10.399999618530273,10.649999618530273,10.260000228881836,1442200,DHT,Tanker,2026-09-22
2025-04-28,9.13894271850586,10.489999771118164,10.460000038146973,10.539999961853027,10.350000381469727,971000,DHT,Tanker,2026-09-22
2025-04-29,9.304471969604492,10.680000305175781,10.449999809265137,10.6899995803833,10.449999809265137,982400,DHT,Tanker,2026-09-22
2025-04-30,9.313183784484863,10.6899995803833,10.5600004196167,10.779999732971191,10.5,1741600,DHT,Tanker,2026-09-22
2025-05-01,9.330608367919922,10.710000038146973,10.75,10.8100004196167,10.579999923706055,1274300,DHT,Tanker,2026-09-22
2025-05-02,9.50484848022461,10.90999984741211,10.84000015258789,10.949999809265137,10.720000267028809,1078100,DHT,Tanker,2026-09-22
2025-05-05,9.792346954345703,11.239999771118164,11.109999656677246,11.350000381469727,11.020000457763672,2034400,DHT,Tanker,2026-09-22
2025-05-06,9.783635139465332,11.229999542236328,11.170000076293945,11.430000305175781,11.170000076293945,2066400,DHT,Tanker,2026-09-22
2025-05-07,9.696514129638672,11.130000114440918,11.069999694824219,11.279999732971191,10.979999542236328,2122300,DHT,Tanker,2026-09-22
2025-05-08,9.609394073486328,11.029999732971191,11.069999694824219,11.140000343322754,10.800000190734863,2380700,DHT,Tanker,2026-09-22
2025-05-09,9.6529541015625,11.079999923706055,11.100000381469727,11.180000305175781,10.970000267028809,1279500,DHT,Tanker,2026-09-22
2025-05-12,9.757497787475586,11.199999809265137,11.260000228881836,11.380000114440918,11.09000015258789,1877800,DHT,Tanker,2026-09-22
2025-05-13,9.862042427062988,11.319999694824219,11.199999809265137,11.390000343322754,11.09000015258789,1179800,DHT,Tanker,2026-09-22
2025-05-14,9.914316177368164,11.380000114440918,11.350000381469727,11.470000267028809,11.300000190734863,1600200,DHT,Tanker,2026-09-22
2025-05-15,10.088556289672852,11.579999923706055,11.289999961853027,11.609999656677246,11.210000038146973,1507000,DHT,Tanker,2026-09-22
2025-05-16,10.254085540771484,11.770000457763672,11.699999809265137,11.8100004196167,11.609999656677246,993000,DHT,Tanker,2026-09-22
2025-05-19,10.306358337402344,11.829999923706055,11.710000038146973,11.869999885559082,11.710000038146973,1281300,DHT,Tanker,2026-09-22
2025-05-20,10.201813697814941,11.710000038146973,11.800000190734863,11.819999694824219,11.65999984741211,1025400,DHT,Tanker,2026-09-22
2025-05-21,10.192989349365234,11.550000190734863,11.520000457763672,11.649999618530273,11.479999542236328,1189500,DHT,Tanker,2026-09-22
2025-05-22,9.998836517333984,11.329999923706055,11.5600004196167,11.5600004196167,11.289999961853027,1086300,DHT,Tanker,2026-09-22
2025-05-23,10.316539764404297,11.6899995803833,11.25,11.699999809265137,11.25,1463000,DHT,Tanker,2026-09-22
2025-05-27,10.378316879272461,11.760000228881836,11.800000190734863,11.890000343322754,11.6899995803833,1597200,DHT,Tanker,2026-09-22
2025-05-28,9.990010261535645,11.319999694824219,11.579999923706055,11.609999656677246,11.220000267028809,1661200,DHT,Tanker,2026-09-22
2025-05-29,10.051787376403809,11.390000343322754,11.390000343322754,11.430000305175781,11.1899995803833,1099300,DHT,Tanker,2026-09-22
2025-05-30,10.219463348388672,11.579999923706055,11.420000076293945,11.649999618530273,11.420000076293945,1339700,DHT,Tanker,2026-09-22
2025-06-02,10.219463348388672,11.579999923706055,11.59000015258789,11.619999885559082,11.40999984741211,1945100,DHT,Tanker,2026-09-22
2025-06-03,10.095911979675293,11.4399995803833,11.420000076293945,11.479999542236328,11.109999656677246,1554500,DHT,Tanker,2026-09-22
2025-06-04,10.148863792419434,11.5,11.479999542236328,11.649999618530273,11.279999732971191,2370900,DHT,Tanker,2026-09-22
2025-06-05,10.210638046264648,11.569999694824219,11.59000015258789,11.609999656677246,11.390000343322754,1933700,DHT,Tanker,2026-09-22
2025-06-06,10.042962074279785,11.380000114440918,11.680000305175781,11.6899995803833,11.279999732971191,1127100,DHT,Tanker,2026-09-22
2025-06-09,9.963536262512207,11.289999961853027,11.380000114440918,11.479999542236328,11.210000038146973,1207500,DHT,Tanker,2026-09-22
2025-06-10,9.94588565826416,11.270000457763672,11.329999923706055,11.390000343322754,11.229999542236328,1602700,DHT,Tanker,2026-09-22
2025-06-11,10.069436073303223,11.40999984741211,11.270000457763672,11.489999771118164,11.15999984741211,1807100,DHT,Tanker,2026-09-22
2025-06-12,10.28123950958252,11.649999618530273,11.449999809265137,11.739999771118164,11.390000343322754,1470700,DHT,Tanker,2026-09-22
2025-06-13,10.722494125366211,12.149999618530273,12.020000457763672,12.1899995803833,11.760000228881836,3317400,DHT,Tanker,2026-09-22
2025-06-16,10.519516944885254,11.920000076293945,12.0,12.170000076293945,11.739999771118164,2834100,DHT,Tanker,2026-09-22
2025-06-17,10.704843521118164,12.130000114440918,12.100000381469727,12.3100004196167,12.0,4725000,DHT,Tanker,2026-09-22
2025-06-18,10.572466850280762,11.979999542236328,12.079999923706055,12.229999542236328,11.930000305175781,3068000,DHT,Tanker,2026-09-22
2025-06-20,10.360665321350098,11.739999771118164,11.920000076293945,11.949999809265137,11.65999984741211,1897800,DHT,Tanker,2026-09-22
2025-06-23,10.28123950958252,11.649999618530273,12.109999656677246,12.170000076293945,11.609999656677246,2277800,DHT,Tanker,2026-09-22
2025-06-24,9.857635498046875,11.170000076293945,11.390000343322754,11.420000076293945,11.140000343322754,1496700,DHT,Tanker,2026-09-22
2025-06-25,9.954710960388184,11.279999732971191,11.149999618530273,11.34000015258789,11.0600004196167,1031200,DHT,Tanker,2026-09-22
2025-06-26,9.839983940124512,11.149999618530273,11.279999732971191,11.279999732971191,11.130000114440918,915300,DHT,Tanker,2026-09-22
2025-06-27,9.74290943145752,11.039999961853027,11.199999809265137,11.199999809265137,10.90999984741211,2791700,DHT,Tanker,2026-09-22
2025-06-30,9.539932250976562,10.8100004196167,10.960000038146973,10.960000038146973,10.779999732971191,1354300,DHT,Tanker,2026-09-22
2025-07-01,9.5222806930542,10.789999961853027,10.850000381469727,10.930000305175781,10.710000038146973,1449200,DHT,Tanker,2026-09-22
2025-07-02,9.663482666015625,10.949999809265137,10.800000190734863,10.970000267028809,10.760000228881836,985700,DHT,Tanker,2026-09-22
2025-07-03,9.751733779907227,11.050000190734863,11.020000457763672,11.130000114440918,10.949999809265137,831100,DHT,Tanker,2026-09-22
2025-07-07,10.042962074279785,11.380000114440918,11.199999809265137,11.430000305175781,11.180000305175781,1482200,DHT,Tanker,2026-09-22
2025-07-08,9.831160545349121,11.140000343322754,11.40999984741211,11.449999809265137,11.079999923706055,1647100,DHT,Tanker,2026-09-22
2025-07-09,9.59288215637207,10.869999885559082,11.010000228881836,11.069999694824219,10.789999961853027,1178700,DHT,Tanker,2026-09-22
2025-07-10,9.73408317565918,11.029999732971191,10.869999885559082,11.100000381469727,10.869999885559082,912800,DHT,Tanker,2026-09-22
2025-07-11,9.892934799194336,11.210000038146973,11.09000015258789,11.25,11.0600004196167,1095800,DHT,Tanker,2026-09-22
2025-07-14,9.831160545349121,11.140000343322754,11.130000114440918,11.220000267028809,11.020000457763672,826700,DHT,Tanker,2026-09-22
2025-07-15,9.71643352508545,11.010000228881836,11.069999694824219,11.140000343322754,11.0,719500,DHT,Tanker,2026-09-22
2025-07-16,9.663482666015625,10.949999809265137,11.039999961853027,11.069999694824219,10.90999984741211,817100,DHT,Tanker,2026-09-22
2025-07-17,9.707608222961426,11.0,10.9399995803833,11.0600004196167,10.84000015258789,1545100,DHT,Tanker,2026-09-22
2025-07-18,9.584056854248047,10.859999656677246,11.079999923706055,11.079999923706055,10.829999923706055,1097200,DHT,Tanker,2026-09-22
2025-07-21,9.539932250976562,10.8100004196167,10.819999694824219,10.850000381469727,10.720000267028809,910400,DHT,Tanker,2026-09-22
2025-07-22,9.486980438232422,10.75,10.720000267028809,10.880000114440918,10.609999656677246,1381500,DHT,Tanker,2026-09-22
2025-07-23,9.813509941101074,11.119999885559082,10.84000015258789,11.119999885559082,10.84000015258789,1473600,DHT,Tanker,2026-09-22
2025-07-24,9.813509941101074,11.119999885559082,11.039999961853027,11.229999542236328,11.039999961853027,1835200,DHT,Tanker,2026-09-22
2025-07-25,9.663482666015625,10.949999809265137,11.039999961853027,11.0600004196167,10.890000343322754,1113200,DHT,Tanker,2026-09-22
2025-07-28,9.972360610961914,11.300000190734863,11.0600004196167,11.300000190734863,11.050000190734863,1093600,DHT,Tanker,2026-09-22
2025-07-29,9.963536262512207,11.289999961853027,11.199999809265137,11.359999656677246,11.15999984741211,890700,DHT,Tanker,2026-09-22
2025-07-30,9.892934799194336,11.210000038146973,11.109999656677246,11.369999885559082,11.0600004196167,1898600,DHT,Tanker,2026-09-22
2025-07-31,9.78703498840332,11.09000015258789,11.100000381469727,11.210000038146973,10.989999771118164,1420200,DHT,Tanker,2026-09-22
2025-08-01,9.875285148620605,11.1899995803833,11.119999885559082,11.279999732971191,10.989999771118164,1136500,DHT,Tanker,2026-09-22
2025-08-04,10.060612678527832,11.399999618530273,11.260000228881836,11.479999542236328,11.260000228881836,964800,DHT,Tanker,2026-09-22
2025-08-05,10.369490623474121,11.75,11.579999923706055,11.84000015258789,11.5,1427800,DHT,Tanker,2026-09-22
2025-08-06,10.175337791442871,11.529999732971191,11.699999809265137,11.789999961853027,11.510000228881836,1210700,DHT,Tanker,2026-09-22
2025-08-07,10.32536506652832,11.699999809265137,11.359999656677246,11.9399995803833,11.359999656677246,1826500,DHT,Tanker,2026-09-22
2025-08-08,10.087088584899902,11.430000305175781,11.739999771118164,11.789999961853027,11.3100004196167,1489500,DHT,Tanker,2026-09-22
2025-08-11,9.839983940124512,11.149999618530273,11.319999694824219,11.460000038146973,11.050000190734863,1173800,DHT,Tanker,2026-09-22
2025-08-12,9.928235054016113,11.25,11.1899995803833,11.380000114440918,11.170000076293945,1322700,DHT,Tanker,2026-09-22
2025-08-13,10.007661819458008,11.34000015258789,11.289999961853027,11.390000343322754,11.210000038146973,1132600,DHT,Tanker,2026-09-22
2025-08-14,9.892934799194336,11.210000038146973,11.399999618530273,11.420000076293945,11.15999984741211,991000,DHT,Tanker,2026-09-22
2025-08-15,9.884109497070312,11.199999809265137,11.239999771118164,11.279999732971191,11.140000343322754,1775300,DHT,Tanker,2026-09-22
2025-08-18,9.707608222961426,11.0,10.930000305175781,11.079999923706055,10.869999885559082,1276300,DHT,Tanker,2026-09-22
2025-08-19,9.460505485534668,10.720000267028809,10.930000305175781,11.079999923706055,10.699999809265137,2010200,DHT,Tanker,2026-09-22
2025-08-20,9.681133270263672,10.970000267028809,10.859999656677246,11.0,10.800000190734863,972200,DHT,Tanker,2026-09-22
2025-08-21,10.087088584899902,11.430000305175781,11.0,11.430000305175781,11.0,1781500,DHT,Tanker,2026-09-22
2025-08-22,10.263588905334473,11.630000114440918,11.5,11.710000038146973,11.489999771118164,1721200,DHT,Tanker,2026-09-22
2025-08-25,10.175337791442871,11.529999732971191,11.609999656677246,11.6899995803833,11.470000267028809,963900,DHT,Tanker,2026-09-22
2025-08-26,10.078262329101562,11.420000076293945,11.489999771118164,11.529999732971191,11.359999656677246,887200,DHT,Tanker,2026-09-22
2025-08-27,10.201813697814941,11.5600004196167,11.399999618530273,11.65999984741211,11.399999618530273,908800,DHT,Tanker,2026-09-22
2025-08-28,10.351840019226074,11.729999542236328,11.5600004196167,11.779999732971191,11.460000038146973,1592200,DHT,Tanker,2026-09-22
2025-08-29,10.34301471710205,11.720000267028809,11.789999961853027,11.800000190734863,11.600000381469727,813700,DHT,Tanker,2026-09-22
2025-09-02,10.369490623474121,11.75,11.710000038146973,11.770000457763672,11.569999694824219,1144800,DHT,Tanker,2026-09-22
2025-09-03,10.64306926727295,12.0600004196167,11.920000076293945,12.100000381469727,11.859999656677246,1181500,DHT,Tanker,2026-09-22
2025-09-04,10.82839584350586,12.270000457763672,11.880000114440918,12.300000190734863,11.800000190734863,1995600,DHT,Tanker,2026-09-22
2025-09-05,10.996071815490723,12.460000038146973,12.300000190734863,12.529999732971191,12.300000190734863,2364400,DHT,Tanker,2026-09-22
2025-09-08,11.146099090576172,12.630000114440918,12.720000267028809,12.930000305175781,12.460000038146973,3311800,DHT,Tanker,2026-09-22
2025-09-09,10.740144729614258,12.170000076293945,12.569999694824219,12.569999694824219,12.100000381469727,2823400,DHT,Tanker,2026-09-22
2025-09-10,10.660717964172363,12.079999923706055,12.100000381469727,12.239999771118164,11.970000267028809,3904900,DHT,Tanker,2026-09-22
2025-09-11,10.898996353149414,12.350000381469727,12.109999656677246,12.369999885559082,12.079999923706055,1629600,DHT,Tanker,2026-09-22
2025-09-12,10.89017105102539,12.34000015258789,12.600000381469727,12.829999923706055,12.289999961853027,2145000,DHT,Tanker,2026-09-22
2025-09-15,11.251999855041504,12.75,12.720000267028809,13.039999961853027,12.649999618530273,2420200,DHT,Tanker,2026-09-22
2025-09-16,11.216699600219727,12.710000038146973,12.8100004196167,12.819999694824219,12.569999694824219,1685800,DHT,Tanker,2026-09-22
2025-09-17,11.428503036499023,12.949999809265137,12.680000305175781,13.0600004196167,12.680000305175781,3872500,DHT,Tanker,2026-09-22
2025-09-18,11.296125411987305,12.800000190734863,12.869999885559082,12.930000305175781,12.720000267028809,2560700,DHT,Tanker,2026-09-22
2025-09-19,11.031373023986816,12.5,12.699999809265137,12.710000038146973,12.420000076293945,2073800,DHT,Tanker,2026-09-22
2025-09-22,10.907821655273438,12.359999656677246,12.5,12.569999694824219,12.359999656677246,1284100,DHT,Tanker,2026-09-22
2025-09-23,11.251999855041504,12.75,12.4399995803833,12.819999694824219,12.4399995803833,1320100,DHT,Tanker,2026-09-22
2025-09-24,11.101973533630371,12.579999923706055,12.670000076293945,12.720000267028809,12.579999923706055,838000,DHT,Tanker,2026-09-22
2025-09-25,10.951946258544922,12.40999984741211,12.649999618530273,12.649999618530273,12.3100004196167,1288400,DHT,Tanker,2026-09-22
2025-09-26,10.863697052001953,12.3100004196167,12.390000343322754,12.489999771118164,12.25,1241200,DHT,Tanker,2026-09-22
2025-09-29,10.616592407226562,12.029999732971191,12.359999656677246,12.359999656677246,11.880000114440918,1716200,DHT,Tanker,2026-09-22
2025-09-30,10.545992851257324,11.949999809265137,11.960000038146973,12.119999885559082,11.859999656677246,1498100,DHT,Tanker,2026-09-22
2025-10-01,10.457741737365723,11.850000381469727,11.949999809265137,12.029999732971191,11.829999923706055,1524400,DHT,Tanker,2026-09-22
2025-10-02,10.360665321350098,11.739999771118164,11.890000343322754,11.890000343322754,11.550000190734863,2113900,DHT,Tanker,2026-09-22
2025-10-03,10.457741737365723,11.850000381469727,11.800000190734863,11.930000305175781,11.760000228881836,1688600,DHT,Tanker,2026-09-22
2025-10-06,10.254764556884766,11.619999885559082,11.710000038146973,11.8100004196167,11.600000381469727,1350900,DHT,Tanker,2026-09-22
2025-10-07,10.104738235473633,11.449999809265137,11.510000228881836,11.510000228881836,11.270000457763672,1613800,DHT,Tanker,2026-09-22
2025-10-08,10.122387886047363,11.470000267028809,11.550000190734863,11.550000190734863,11.300000190734863,1656400,DHT,Tanker,2026-09-22
2025-10-09,10.369490623474121,11.75,11.630000114440918,11.949999809265137,11.600000381469727,2049700,DHT,Tanker,2026-09-22
2025-10-10,10.069436073303223,11.40999984741211,11.600000381469727,11.779999732971191,11.399999618530273,2262900,DHT,Tanker,2026-09-22
2025-10-13,10.042962074279785,11.380000114440918,11.5,11.630000114440918,11.270000457763672,1435300,DHT,Tanker,2026-09-22
2025-10-14,9.884109497070312,11.199999809265137,10.930000305175781,11.350000381469727,10.829999923706055,2036500,DHT,Tanker,2026-09-22
2025-10-15,10.290064811706543,11.65999984741211,11.380000114440918,11.710000038146973,11.380000114440918,1762600,DHT,Tanker,2026-09-22
2025-10-16,10.484216690063477,11.880000114440918,11.829999923706055,12.210000038146973,11.770000457763672,1977900,DHT,Tanker,2026-09-22
2025-10-17,10.687193870544434,12.109999656677246,11.84000015258789,12.25,11.789999961853027,1650600,DHT,Tanker,2026-09-22
2025-10-20,10.731319427490234,12.15999984741211,12.199999809265137,12.489999771118164,12.140000343322754,1722500,DHT,Tanker,2026-09-22
2025-10-21,10.519516944885254,11.920000076293945,12.050000190734863,12.069999694824219,11.880000114440918,1377900,DHT,Tanker,2026-09-22
2025-10-22,10.810745239257812,12.25,11.930000305175781,12.319999694824219,11.859999656677246,1376700,DHT,Tanker,2026-09-22
2025-10-23,11.137274742126465,12.619999885559082,12.5600004196167,12.930000305175781,12.5600004196167,4079800,DHT,Tanker,2026-09-22
2025-10-24,11.031373023986816,12.5,12.600000381469727,12.770000457763672,12.390000343322754,1572300,DHT,Tanker,2026-09-22
2025-10-27,11.234350204467773,12.729999542236328,12.510000228881836,12.760000228881836,12.489999771118164,1612900,DHT,Tanker,2026-09-22
2025-10-28,11.384377479553223,12.899999618530273,12.859999656677246,12.960000038146973,12.779999732971191,2407500,DHT,Tanker,2026-09-22
2025-10-29,11.516753196716309,13.050000190734863,13.0,13.1899995803833,12.930000305175781,2316200,DHT,Tanker,2026-09-22
2025-10-30,11.56087875366211,13.100000381469727,12.890000343322754,13.359999656677246,12.869999885559082,2952700,DHT,Tanker,2026-09-22
2025-10-31,11.719730377197266,13.279999732971191,13.25,13.289999961853027,12.979999542236328,2153000,DHT,Tanker,2026-09-22
2025-11-03,11.507928848266602,13.039999961853027,13.229999542236328,13.380000114440918,12.960000038146973,2205600,DHT,Tanker,2026-09-22
2025-11-04,11.349075317382812,12.859999656677246,12.65999984741211,12.869999885559082,12.520000457763672,1512100,DHT,Tanker,2026-09-22
2025-11-05,11.675604820251465,13.229999542236328,12.890000343322754,13.229999542236328,12.800000190734863,1667100,DHT,Tanker,2026-09-22
2025-11-06,11.675604820251465,13.229999542236328,13.210000038146973,13.470000267028809,13.15999984741211,3038300,DHT,Tanker,2026-09-22
2025-11-07,11.77268123626709,13.34000015258789,13.239999771118164,13.399999618530273,13.130000114440918,2220700,DHT,Tanker,2026-09-22
2025-11-10,11.79033088684082,13.359999656677246,13.479999542236328,13.510000228881836,13.3100004196167,2320100,DHT,Tanker,2026-09-22
2025-11-11,11.79033088684082,13.359999656677246,13.5,13.609999656677246,13.260000228881836,2065800,DHT,Tanker,2026-09-22
2025-11-12,11.993309020996094,13.59000015258789,13.229999542236328,13.59000015258789,13.210000038146973,1357900,DHT,Tanker,2026-09-22
2025-11-13,11.993309020996094,13.59000015258789,13.59000015258789,13.850000381469727,13.569999694824219,3078600,DHT,Tanker,2026-09-22
2025-11-14,12.063909530639648,13.670000076293945,13.5,13.6899995803833,13.300000190734863,1178100,DHT,Tanker,2026-09-22
2025-11-17,11.984482765197754,13.579999923706055,13.609999656677246,13.770000457763672,13.550000190734863,1632400,DHT,Tanker,2026-09-22
2025-11-18,12.028608322143555,13.630000114440918,13.520000457763672,13.760000228881836,13.329999923706055,1389600,DHT,Tanker,2026-09-22
2025-11-19,11.746207237243652,13.3100004196167,13.3100004196167,13.600000381469727,13.270000457763672,1415900,DHT,Tanker,2026-09-22
2025-11-20,11.763855934143066,13.329999923706055,13.5,13.789999961853027,13.300000190734863,1607100,DHT,Tanker,2026-09-22
2025-11-21,12.116860389709473,13.729999542236328,13.460000038146973,13.800000190734863,13.329999923706055,1461000,DHT,Tanker,2026-09-22
2025-11-24,11.755029678344727,13.319999694824219,13.699999809265137,13.760000228881836,13.130000114440918,2403200,DHT,Tanker,2026-09-22
2025-11-25,11.499102592468262,13.029999732971191,13.1899995803833,13.229999542236328,12.949999809265137,1827800,DHT,Tanker,2026-09-22
2025-11-26,11.490278244018555,13.020000457763672,13.029999732971191,13.180000305175781,12.9399995803833,1497000,DHT,Tanker,2026-09-22
2025-11-28,11.499102592468262,13.029999732971191,13.119999885559082,13.199999809265137,12.970000267028809,1453700,DHT,Tanker,2026-09-22
2025-12-01,11.384377479553223,12.899999618530273,13.109999656677246,13.140000343322754,12.880000114440918,1939000,DHT,Tanker,2026-09-22
2025-12-02,11.331426620483398,12.84000015258789,12.869999885559082,12.890000343322754,12.649999618530273,1484800,DHT,Tanker,2026-09-22
2025-12-03,11.402027130126953,12.920000076293945,12.949999809265137,13.100000381469727,12.869999885559082,1246900,DHT,Tanker,2026-09-22
2025-12-04,11.251999855041504,12.75,12.949999809265137,12.949999809265137,12.729999542236328,1170000,DHT,Tanker,2026-09-22
2025-12-05,11.260826110839844,12.760000228881836,12.75,12.960000038146973,12.680000305175781,1645200,DHT,Tanker,2026-09-22
2025-12-08,11.287301063537598,12.789999961853027,12.819999694824219,13.050000190734863,12.779999732971191,1492400,DHT,Tanker,2026-09-22
2025-12-09,11.049023628234863,12.520000457763672,12.75,12.770000457763672,12.520000457763672,1714500,DHT,Tanker,2026-09-22
2025-12-10,11.01372241973877,12.479999542236328,12.520000457763672,12.609999656677246,12.270000457763672,2341700,DHT,Tanker,2026-09-22
2025-12-11,11.119623184204102,12.600000381469727,12.600000381469727,12.710000038146973,12.399999618530273,1931200,DHT,Tanker,2026-09-22
2025-12-12,10.978421211242676,12.4399995803833,12.600000381469727,12.680000305175781,12.430000305175781,1197600,DHT,Tanker,2026-09-22
2025-12-15,11.031373023986816,12.5,12.430000305175781,12.569999694824219,12.399999618530273,1233500,DHT,Tanker,2026-09-22
2025-12-16,11.04019832611084,12.510000228881836,12.449999809265137,12.600000381469727,12.40999984741211,1335200,DHT,Tanker,2026-09-22
2025-12-17,11.172574043273926,12.65999984741211,12.649999618530273,12.8100004196167,12.479999542236328,2558400,DHT,Tanker,2026-09-22
2025-12-18,10.987247467041016,12.449999809265137,12.630000114440918,12.65999984741211,12.350000381469727,1580100,DHT,Tanker,2026-09-22
2025-12-19,10.793095588684082,12.229999542236328,12.359999656677246,12.430000305175781,12.220000267028809,2271100,DHT,Tanker,2026-09-22
2025-12-22,10.766619682312012,12.199999809265137,12.289999961853027,12.399999618530273,12.1899995803833,1047900,DHT,Tanker,2026-09-22
2025-12-23,10.67836856842041,12.100000381469727,12.149999618530273,12.15999984741211,11.970000267028809,1480700,DHT,Tanker,2026-09-22
2025-12-24,10.687193870544434,12.109999656677246,12.069999694824219,12.119999885559082,11.970000267028809,628200,DHT,Tanker,2026-09-22
2025-12-26,10.784270286560059,12.220000267028809,12.109999656677246,12.25,12.069999694824219,842000,DHT,Tanker,2026-09-22
2025-12-29,10.854870796203613,12.300000190734863,12.239999771118164,12.369999885559082,12.140000343322754,1074000,DHT,Tanker,2026-09-22
2025-12-30,10.713669776916504,12.140000343322754,12.260000228881836,12.359999656677246,12.130000114440918,1101500,DHT,Tanker,2026-09-22
2025-12-31,10.775444984436035,12.210000038146973,12.260000228881836,12.260000228881836,12.069999694824219,1123200,DHT,Tanker,2026-09-22
2026-01-02,10.360665321350098,11.739999771118164,12.119999885559082,12.130000114440918,11.649999618530273,2192600,DHT,Tanker,2026-09-22
2026-01-05,10.272415161132812,11.640000343322754,11.9399995803833,12.029999732971191,11.640000343322754,2077200,DHT,Tanker,2026-09-22
2026-01-06,10.607769012451172,12.020000457763672,11.680000305175781,12.199999809265137,11.65999984741211,2405800,DHT,Tanker,2026-09-22
2026-01-07,11.569703102111816,13.109999656677246,12.470000267028809,13.119999885559082,12.359999656677246,3615200,DHT,Tanker,2026-09-22
2026-01-08,11.852107048034668,13.430000305175781,13.15999984741211,13.4399995803833,13.029999732971191,3710300,DHT,Tanker,2026-09-22
2026-01-09,11.843281745910645,13.420000076293945,13.449999809265137,13.529999732971191,13.15999984741211,2261600,DHT,Tanker,2026-09-22
2026-01-12,11.657955169677734,13.210000038146973,13.350000381469727,13.40999984741211,13.1899995803833,2000900,DHT,Tanker,2026-09-22
2026-01-13,11.905056953430176,13.489999771118164,13.220000267028809,13.6899995803833,13.220000267028809,3296700,DHT,Tanker,2026-09-22
2026-01-14,12.10803508758545,13.720000267028809,13.75,13.899999618530273,13.539999961853027,3181600,DHT,Tanker,2026-09-22
2026-01-15,11.719730377197266,13.279999732971191,13.520000457763672,13.520000457763672,12.979999542236328,3028600,DHT,Tanker,2026-09-22
2026-01-16,11.702081680297852,13.260000228881836,13.4399995803833,13.5,13.15999984741211,2017900,DHT,Tanker,2026-09-22
2026-01-20,11.755029678344727,13.319999694824219,13.25,13.5,13.119999885559082,2255500,DHT,Tanker,2026-09-22
2026-01-21,11.825632095336914,13.399999618530273,13.380000114440918,13.479999542236328,13.25,1290400,DHT,Tanker,2026-09-22
2026-01-22,11.825632095336914,13.399999618530273,13.420000076293945,13.619999885559082,13.149999618530273,2224500,DHT,Tanker,2026-09-22
2026-01-23,12.196285247802734,13.819999694824219,13.609999656677246,13.930000305175781,13.569999694824219,2439600,DHT,Tanker,2026-09-22
2026-01-26,12.046258926391602,13.649999618530273,14.0,14.220000267028809,13.600000381469727,2330300,DHT,Tanker,2026-09-22
2026-01-27,12.010958671569824,13.609999656677246,13.720000267028809,14.020000457763672,13.569999694824219,3116400,DHT,Tanker,2026-09-22
2026-01-28,12.196285247802734,13.819999694824219,13.680000305175781,13.949999809265137,13.640000343322754,2820400,DHT,Tanker,2026-09-22
2026-01-29,12.443387985229492,14.100000381469727,13.970000267028809,14.119999885559082,13.65999984741211,3147700,DHT,Tanker,2026-09-22
2026-01-30,12.646366119384766,14.329999923706055,14.0,14.350000381469727,14.0,2410600,DHT,Tanker,2026-09-22
2026-02-02,12.664016723632812,14.350000381469727,14.069999694824219,14.420000076293945,13.850000381469727,2005400,DHT,Tanker,2026-09-22
2026-02-03,12.628716468811035,14.3100004196167,14.380000114440918,14.489999771118164,13.970000267028809,2853100,DHT,Tanker,2026-09-22
2026-02-04,12.302186012268066,13.9399995803833,14.319999694824219,14.359999656677246,13.899999618530273,2769000,DHT,Tanker,2026-09-22
2026-02-05,12.558115005493164,14.229999542236328,14.130000114440918,14.369999885559082,14.0,3205400,DHT,Tanker,2026-09-22
2026-02-06,13.122920989990234,14.869999885559082,14.180000305175781,14.890000343322754,14.180000305175781,2839600,DHT,Tanker,2026-09-22
2026-02-09,13.140571594238281,14.890000343322754,14.729999542236328,14.979999542236328,14.720000267028809,2173800,DHT,Tanker,2026-09-22
2026-02-10,13.29059886932373,15.0600004196167,14.970000267028809,15.170000076293945,14.90999984741211,3472200,DHT,Tanker,2026-09-22
2026-02-11,13.66125202178955,15.479999542236328,15.199999809265137,15.680000305175781,15.1899995803833,4334000,DHT,Tanker,2026-09-22
2026-02-12,13.608302116394043,15.420000076293945,15.859999656677246,15.930000305175781,15.40999984741211,4313700,DHT,Tanker,2026-09-22
2026-02-13,14.040730476379395,15.90999984741211,15.40999984741211,15.930000305175781,15.329999923706055,2790600,DHT,Tanker,2026-09-22
2026-02-17,14.358434677124023,16.270000457763672,15.949999809265137,16.329999923706055,15.890000343322754,4059000,DHT,Tanker,2026-09-22
2026-02-18,14.720264434814453,16.68000030517578,16.59000015258789,16.809999465942383,16.389999389648438,4433800,DHT,Tanker,2026-09-22
2026-02-19,15.281208038330078,16.889999389648438,16.389999389648438,16.90999984741211,16.34000015258789,4321500,DHT,Tanker,2026-09-22
2026-02-20,15.78786849975586,17.450000762939453,16.850000381469727,17.450000762939453,16.690000534057617,5099700,DHT,Tanker,2026-09-22
2026-02-23,15.860248565673828,17.530000686645508,17.190000534057617,17.549999237060547,17.049999237060547,4906600,DHT,Tanker,2026-09-22
2026-02-24,16.918804168701172,18.700000762939453,17.770000457763672,18.760000228881836,17.649999618530273,7175800,DHT,Tanker,2026-09-22
2026-02-25,16.90070915222168,18.68000030517578,18.6299991607666,18.75,18.200000762939453,5227900,DHT,Tanker,2026-09-22
2026-02-26,17.344036102294922,19.170000076293945,18.68000030517578,19.31999969482422,18.469999313354492,6395400,DHT,Tanker,2026-09-22
2026-02-27,17.633556365966797,19.489999771118164,19.389999389648438,19.799999237060547,18.670000076293945,6892200,DHT,Tanker,2026-09-22
2026-03-02,17.778316497802734,19.649999618530273,20.3700008392334,20.549999237060547,18.610000610351562,13063200,DHT,Tanker,2026-09-22
2026-03-03,17.42546272277832,19.260000228881836,18.549999237060547,19.479999542236328,18.0,9717300,DHT,Tanker,2026-09-22
2026-03-04,16.846426010131836,18.6200008392334,18.530000686645508,19.049999237060547,18.25,7310100,DHT,Tanker,2026-09-22
2026-03-05,16.774044036865234,18.540000915527344,18.559999465942383,18.68000030517578,18.049999237060547,7701400,DHT,Tanker,2026-09-22
2026-03-06,16.348812103271484,18.06999969482422,18.040000915527344,18.309999465942383,17.649999618530273,9383900,DHT,Tanker,2026-09-22
2026-03-09,17.1630859375,18.969999313354492,18.06999969482422,19.09000015258789,18.049999237060547,8519700,DHT,Tanker,2026-09-22
2026-03-10,16.855470657348633,18.6299991607666,18.75,19.049999237060547,18.489999771118164,5757800,DHT,Tanker,2026-09-22
2026-03-11,16.167863845825195,17.8700008392334,18.450000762939453,18.450000762939453,17.479999542236328,6651100,DHT,Tanker,2026-09-22
2026-03-12,15.235971450805664,16.84000015258789,17.90999984741211,17.920000076293945,16.84000015258789,9197000,DHT,Tanker,2026-09-22
2026-03-13,15.24501895904541,16.850000381469727,16.799999237060547,17.18000030517578,16.649999618530273,5190900,DHT,Tanker,2026-09-22
2026-03-16,15.824058532714844,17.489999771118164,17.350000381469727,17.530000686645508,16.979999542236328,4604100,DHT,Tanker,2026-09-22
2026-03-17,15.281208038330078,16.889999389648438,17.350000381469727,17.459999084472656,16.739999771118164,5335400,DHT,Tanker,2026-09-22
2026-03-18,15.833105087280273,17.5,17.229999542236328,17.81999969482422,17.020000457763672,8439800,DHT,Tanker,2026-09-22
2026-03-19,16.158817291259766,17.860000610351562,17.170000076293945,17.8799991607666,16.889999389648438,4720700,DHT,Tanker,2026-09-22
2026-03-20,15.625014305114746,17.270000457763672,17.899999618530273,17.899999618530273,17.030000686645508,4583600,DHT,Tanker,2026-09-22
2026-03-23,16.077388763427734,17.770000457763672,17.1200008392334,17.850000381469727,17.1200008392334,4092100,DHT,Tanker,2026-09-22
2026-03-24,16.755950927734375,18.520000457763672,18.010000228881836,18.579999923706055,17.780000686645508,6494000,DHT,Tanker,2026-09-22
2026-03-25,16.086435317993164,17.780000686645508,18.239999771118164,18.290000915527344,17.6200008392334,6026800,DHT,Tanker,2026-09-22
2026-03-26,16.12262535095215,17.81999969482422,17.940000534057617,18.399999618530273,17.790000915527344,4166000,DHT,Tanker,2026-09-22
2026-03-27,16.37595558166504,18.100000381469727,17.739999771118164,18.139999389648438,17.670000076293945,3391300,DHT,Tanker,2026-09-22
2026-03-30,16.222148895263672,17.93000030517578,18.059999465942383,18.329999923706055,17.6299991607666,3170300,DHT,Tanker,2026-09-22
2026-03-31,16.52976417541504,18.270000457763672,18.15999984741211,18.510000228881836,18.040000915527344,3392400,DHT,Tanker,2026-09-22
2026-04-01,16.3850040435791,18.110000610351562,18.170000076293945,18.6200008392334,18.030000686645508,2783000,DHT,Tanker,2026-09-22
2026-04-02,16.882614135742188,18.65999984741211,18.0,18.84000015258789,17.829999923706055,4581300,DHT,Tanker,2026-09-22
2026-04-06,16.746902465820312,18.510000228881836,18.729999542236328,18.75,18.260000228881836,3906900,DHT,Tanker,2026-09-22
2026-04-07,15.914533615112305,17.59000015258789,18.579999923706055,18.81999969482422,17.40999984741211,5223400,DHT,Tanker,2026-09-22
2026-04-08,16.602142333984375,18.350000381469727,17.549999237060547,18.3700008392334,17.290000915527344,4444200,DHT,Tanker,2026-09-22
2026-04-09,16.104530334472656,17.799999237060547,18.420000076293945,18.530000686645508,17.719999313354492,4358500,DHT,Tanker,2026-09-22
2026-04-10,15.796915054321289,17.459999084472656,17.700000762939453,17.739999771118164,17.110000610351562,2815200,DHT,Tanker,2026-09-22
2026-04-13,15.896437644958496,17.56999969482422,17.65999984741211,18.010000228881836,17.459999084472656,4710700,DHT,Tanker,2026-09-22
2026-04-14,15.543586730957031,17.18000030517578,17.520000457763672,17.6299991607666,17.1200008392334,3001900,DHT,Tanker,2026-09-22
2026-04-15,15.977865219116211,17.65999984741211,17.75,18.15999984741211,17.459999084472656,4174700,DHT,Tanker,2026-09-22
2026-04-16,16.032150268554688,17.719999313354492,17.670000076293945,17.889999389648438,17.209999084472656,2590800,DHT,Tanker,2026-09-22
2026-04-17,16.57499885559082,18.31999969482422,18.290000915527344,18.65999984741211,17.860000610351562,5692100,DHT,Tanker,2026-09-22
2026-04-20,16.882614135742188,18.65999984741211,18.170000076293945,18.75,17.6200008392334,2987800,DHT,Tanker,2026-09-22
2026-04-21,16.276432037353516,17.989999771118164,18.899999618530273,18.989999771118164,17.920000076293945,3086300,DHT,Tanker,2026-09-22
2026-04-22,16.05024528503418,17.739999771118164,18.15999984741211,18.270000457763672,17.170000076293945,4535100,DHT,Tanker,2026-09-22
2026-04-23,16.095483779907227,17.790000915527344,17.860000610351562,18.040000915527344,17.719999313354492,2151700,DHT,Tanker,2026-09-22
2026-04-24,16.339763641357422,18.059999465942383,17.770000457763672,18.09000015258789,17.6200008392334,2150100,DHT,Tanker,2026-09-22
2026-04-27,16.593095779418945,18.34000015258789,18.1299991607666,18.40999984741211,17.799999237060547,3729700,DHT,Tanker,2026-09-22
2026-04-28,16.5478572845459,18.290000915527344,18.459999084472656,18.59000015258789,18.190000534057617,2444800,DHT,Tanker,2026-09-22
2026-04-29,16.52976417541504,18.270000457763672,18.350000381469727,18.450000762939453,18.020000457763672,1939100,DHT,Tanker,2026-09-22
2026-04-30,16.719758987426758,18.479999542236328,18.200000762939453,18.559999465942383,18.100000381469727,2386700,DHT,Tanker,2026-09-22
2026-05-01,17.072612762451172,18.8700008392334,18.440000534057617,18.8799991607666,18.190000534057617,2122700,DHT,Tanker,2026-09-22
2026-05-04,16.81928253173828,18.59000015258789,18.81999969482422,18.889999389648438,18.520000457763672,1960200,DHT,Tanker,2026-09-22
2026-05-05,17.280704498291016,19.100000381469727,19.0,19.280000686645508,18.690000534057617,3390200,DHT,Tanker,2026-09-22
2026-05-06,17.135944366455078,18.940000534057617,19.43000030517578,19.850000381469727,18.729999542236328,4876700,DHT,Tanker,2026-09-22
2026-05-07,17.208324432373047,19.020000457763672,19.260000228881836,19.549999237060547,18.579999923706055,3661000,DHT,Tanker,2026-09-22
2026-05-08,17.190229415893555,19.0,19.079999923706055,19.389999389648438,18.84000015258789,2915200,DHT,Tanker,2026-09-22
2026-05-11,16.945945739746094,18.729999542236328,19.139999389648438,19.18000030517578,18.3799991607666,2962800,DHT,Tanker,2026-09-22
2026-05-12,16.936899185180664,18.719999313354492,18.639999389648438,18.8700008392334,18.510000228881836,2188900,DHT,Tanker,2026-09-22
2026-05-13,16.113576889038086,17.809999465942383,18.790000915527344,18.90999984741211,17.6299991607666,3692900,DHT,Tanker,2026-09-22
2026-05-14,16.14976692199707,17.850000381469727,17.829999923706055,17.989999771118164,17.559999465942383,2792900,DHT,Tanker,2026-09-22
2026-05-15,15.959769248962402,17.639999389648438,17.6299991607666,17.760000228881836,17.399999618530273,3212000,DHT,Tanker,2026-09-22
2026-05-18,16.204051971435547,17.90999984741211,17.65999984741211,18.18000030517578,17.530000686645508,3288400,DHT,Tanker,2026-09-22
2026-05-19,15.923580169677734,17.600000381469727,17.93000030517578,18.010000228881836,17.43000030517578,2887700,DHT,Tanker,2026-09-22
2026-05-20,16.57499885559082,18.31999969482422,17.850000381469727,18.459999084472656,17.739999771118164,3682700,DHT,Tanker,2026-09-22
2026-05-21,16.649999618530273,17.760000228881836,17.59000015258789,17.979999542236328,17.450000762939453,2021100,DHT,Tanker,2026-09-22
2026-05-22,16.29374885559082,17.3799991607666,17.59000015258789,17.59000015258789,17.139999389648438,2403000,DHT,Tanker,2026-09-22
2026-05-26,16.3125,17.399999618530273,17.329999923706055,17.459999084472656,17.040000915527344,1920800,DHT,Tanker,2026-09-22
2026-05-27,15.853124618530273,16.90999984741211,17.290000915527344,17.559999465942383,16.780000686645508,4408200,DHT,Tanker,2026-09-22
2026-05-28,15.328125,16.350000381469727,16.729999542236328,16.809999465942383,16.350000381469727,4115200,DHT,Tanker,2026-09-22
2026-05-29,15.299999237060547,16.31999969482422,16.1299991607666,16.3700008392334,16.049999237060547,4327500,DHT,Tanker,2026-09-22
2026-06-01,15.609375,16.649999618530273,16.209999084472656,16.790000915527344,15.979999542236328,3512400,DHT,Tanker,2026-09-22
2026-06-02,15.431249618530273,16.459999084472656,16.6200008392334,16.690000534057617,16.209999084472656,2233600,DHT,Tanker,2026-09-22
2026-06-03,15.36562442779541,16.389999389648438,16.360000610351562,16.75,16.360000610351562,1812200,DHT,Tanker,2026-09-22
2026-06-04,15.22499942779541,16.239999771118164,16.510000228881836,16.639999389648438,16.15999984741211,1796100,DHT,Tanker,2026-09-22
2026-06-05,15.609375,16.649999618530273,16.270000457763672,16.760000228881836,16.1200008392334,2273300,DHT,Tanker,2026-09-22
2026-06-08,15.412500381469727,16.440000534057617,16.670000076293945,16.860000610351562,16.290000915527344,1729300,DHT,Tanker,2026-09-22
2026-06-09,15.674999237060547,16.719999313354492,16.469999313354492,16.729999542236328,16.450000762939453,1877300,DHT,Tanker,2026-09-22
2026-06-10,15.5625,16.600000381469727,16.700000762939453,16.950000762939453,16.489999771118164,1972400,DHT,Tanker,2026-09-22
2026-06-11,15.609375,16.649999618530273,16.940000534057617,17.100000381469727,16.56999969482422,1882700,DHT,Tanker,2026-09-22
2026-06-12,16.471874237060547,17.56999969482422,16.68000030517578,17.59000015258789,16.6299991607666,2334200,DHT,Tanker,2026-09-22
2026-06-15,17.32499885559082,18.479999542236328,17.56999969482422,18.510000228881836,17.280000686645508,7853200,DHT,Tanker,2026-09-22
2026-06-16,17.259374618530273,18.40999984741211,18.5,18.690000534057617,17.899999618530273,4786200,DHT,Tanker,2026-09-22
2026-06-17,16.978126525878906,18.110000610351562,18.350000381469727,18.56999969482422,18.06999969482422,2390700,DHT,Tanker,2026-09-22
2026-06-18,17.709373474121094,18.889999389648438,17.959999084472656,18.899999618530273,17.700000762939453,4726300,DHT,Tanker,2026-09-22
2026-06-22,18.53437614440918,19.770000457763672,18.850000381469727,19.899999618530273,18.780000686645508,7640800,DHT,Tanker,2026-09-22
2026-06-23,18.712499618530273,19.959999084472656,19.469999313354492,20.09000015258789,19.450000762939453,2847900,DHT,Tanker,2026-09-22
2026-06-24,18.178123474121094,19.389999389648438,20.06999969482422,20.190000534057617,19.309999465942383,2985100,DHT,Tanker,2026-09-22
2026-06-25,16.950000762939453,18.079999923706055,19.389999389648438,19.639999389648438,17.979999542236328,4925600,DHT,Tanker,2026-09-22
2026-06-26,16.546875,17.649999618530273,17.8799991607666,18.43000030517578,17.290000915527344,9984500,DHT,Tanker,2026-09-22
2026-06-29,16.012500762939453,17.079999923706055,17.610000610351562,17.950000762939453,17.020000457763672,4784500,DHT,Tanker,2026-09-22
2026-06-30,15.496875762939453,16.530000686645508,17.100000381469727,17.1200008392334,16.40999984741211,4523500,DHT,Tanker,2026-09-22
2026-07-01,15.496875762939453,16.530000686645508,16.399999618530273,16.729999542236328,16.34000015258789,2677200,DHT,Tanker,2026-09-22
2026-07-02,16.106250762939453,17.18000030517578,17.079999923706055,17.40999984741211,16.979999542236328,2801700,DHT,Tanker,2026-09-22
2026-07-06,16.078125,17.149999618530273,17.09000015258789,17.8700008392334,16.969999313354492,2896900,DHT,Tanker,2026-09-22
2026-07-07,16.209375381469727,17.290000915527344,17.0,17.489999771118164,16.950000762939453,4192900,DHT,Tanker,2026-09-22
2026-07-08,16.612499237060547,17.719999313354492,17.3799991607666,17.770000457763672,17.18000030517578,2809700,DHT,Tanker,2026-09-22
2026-07-09,15.871875762939453,16.93000030517578,17.540000915527344,17.639999389648438,16.559999465942383,4028300,DHT,Tanker,2026-09-22
2026-07-10,16.649999618530273,17.760000228881836,17.010000228881836,17.780000686645508,17.010000228881836,2332700,DHT,Tanker,2026-09-22
2026-07-13,16.228124618530273,17.309999465942383,18.010000228881836,18.139999389648438,17.290000915527344,3415700,DHT,Tanker,2026-09-22
2026-07-14,17.043750762939453,18.18000030517578,17.719999313354492,18.59000015258789,17.719999313354492,3478900,DHT,Tanker,2026-09-22
2026-07-15,16.884374618530273,18.010000228881836,18.25,18.280000686645508,17.6299991607666,2455200,DHT,Tanker,2026-09-22
2026-07-16,16.725000381469727,17.84000015258789,17.829999923706055,18.290000915527344,17.75,2463200,DHT,Tanker,2026-09-22
2026-07-17,16.321874618530273,17.40999984741211,17.469999313354492,17.729999542236328,17.09000015258789,2530300,DHT,Tanker,2026-09-22
2026-07-20,16.771873474121094,17.889999389648438,17.729999542236328,18.209999084472656,17.729999542236328,2621500,DHT,Tanker,2026-09-22
2026-07-21,17.315624237060547,18.469999313354492,18.059999465942383,18.6299991607666,17.809999465942383,1926300,DHT,Tanker,2026-09-22
2026-07-22,16.99687385559082,18.1299991607666,18.5,18.579999923706055,18.110000610351562,2235800,DHT,Tanker,2026-09-22
2026-07-23,17.259374618530273,18.40999984741211,18.270000457763672,18.59000015258789,18.200000762939453,1746200,DHT,Tanker,2026-09-22
2026-07-24,17.296875,18.450000762939453,18.700000762939453,18.8700008392334,18.34000015258789,1680900,DHT,Tanker,2026-09-22
2026-07-27,17.146875381469727,18.290000915527344,18.09000015258789,18.469999313354492,17.920000076293945,2457800,DHT,Tanker,2026-09-22
2026-07-28,17.428125381469727,18.59000015258789,18.440000534057617,18.809999465942383,18.280000686645508,2930300,DHT,Tanker,2026-09-22
2026-07-29,17.390625,18.549999237060547,18.739999771118164,18.8700008392334,18.3799991607666,2584000,DHT,Tanker,2026-09-22
2026-07-30,17.390625,18.549999237060547,18.40999984741211,18.65999984741211,18.100000381469727,2652200,DHT,Tanker,2026-09-22
2026-07-31,17.409374237060547,18.56999969482422,18.770000457763672,18.989999771118164,18.520000457763672,2457100,DHT,Tanker,2026-09-22
2026-08-03,17.371875762939453,18.530000686645508,18.84000015258789,19.0,18.15999984741211,2577500,DHT,Tanker,2026-09-22
2026-08-04,17.006248474121094,18.139999389648438,18.530000686645508,18.549999237060547,17.950000762939453,3396900,DHT,Tanker,2026-09-22
2026-08-05,16.75312614440918,17.8700008392334,18.25,18.489999771118164,17.770000457763672,4307900,DHT,Tanker,2026-09-22
2026-08-06,17.203125,18.350000381469727,18.479999542236328,18.799999237060547,18.110000610351562,3689600,DHT,Tanker,2026-09-22
2026-08-07,17.587499618530273,18.760000228881836,18.3799991607666,18.829999923706055,18.1299991607666,3122000,DHT,Tanker,2026-09-22
2026-08-10,17.184375762939453,18.329999923706055,18.760000228881836,18.860000610351562,18.290000915527344,2443900,DHT,Tanker,2026-09-22
2026-08-11,17.0625,18.200000762939453,18.31999969482422,18.399999618530273,17.760000228881836,3179900,DHT,Tanker,2026-09-22
2026-08-12,17.549999237060547,18.719999313354492,18.149999618530273,18.8700008392334,18.149999618530273,4073700,DHT,Tanker,2026-09-22
2026-08-13,18.0,19.200000762939453,18.809999465942383,19.420000076293945,18.809999465942383,2981100,DHT,Tanker,2026-09-22
2026-08-14,18.30000114440918,19.520000457763672,19.389999389648438,19.709999084472656,19.229999542236328,3314000,DHT,Tanker,2026-09-22
2026-08-17,18.899999618530273,18.899999618530273,18.420000076293945,18.920000076293945,18.270000457763672,3508900,DHT,Tanker,2026-09-22
2026-08-18,19.309999465942383,19.309999465942383,18.940000534057617,19.389999389648438,18.799999237060547,2723400,DHT,Tanker,2026-09-22
2026-08-19,19.989999771118164,19.989999771118164,19.559999465942383,20.079999923706055,19.360000610351562,4041000,DHT,Tanker,2026-09-22
2026-08-20,19.799999237060547,19.799999237060547,19.799999237060547,20.030000686645508,19.540000915527344,3876600,DHT,Tanker,2026-09-22
2026-08-21,19.81999969482422,19.81999969482422,20.0,20.6200008392334,19.719999313354492,4952800,DHT,Tanker,2026-09-22
2026-08-24,19.719999313354492,19.719999313354492,19.6299991607666,19.860000610351562,19.43000030517578,2743500,DHT,Tanker,2026-09-22
2026-08-25,19.170000076293945,19.170000076293945,19.6200008392334,19.790000915527344,19.1200008392334,3537700,DHT,Tanker,2026-09-22
2026-08-26,18.31999969482422,18.31999969482422,19.040000915527344,19.09000015258789,18.25,4950400,DHT,Tanker,2026-09-22
2026-08-27,19.350000381469727,19.350000381469727,18.770000457763672,19.56999969482422,18.770000457763672,3159600,DHT,Tanker,2026-09-22
2026-08-28,19.65999984741211,19.65999984741211,19.420000076293945,19.860000610351562,19.399999618530273,1969600,DHT,Tanker,2026-09-22
2026-08-31,19.600000381469727,19.600000381469727,19.84000015258789,19.940000534057617,19.40999984741211,2340100,DHT,Tanker,2026-09-22
2026-09-01,19.690000534057617,19.690000534057617,19.65999984741211,19.920000076293945,19.450000762939453,2436700,DHT,Tanker,2026-09-22
2026-09-02,20.06999969482422,20.06999969482422,19.65999984741211,20.100000381469727,19.549999237060547,2047000,DHT,Tanker,2026-09-22
2026-09-03,20.190000534057617,20.190000534057617,20.209999084472656,20.469999313354492,19.90999984741211,4172300,DHT,Tanker,2026-09-22
2026-09-04,20.8700008392334,20.8700008392334,20.18000030517578,21.09000015258789,20.18000030517578,5255800,DHT,Tanker,2026-09-22
2026-09-08,20.81999969482422,20.81999969482422,21.059999465942383,21.149999618530273,20.56999969482422,2787500,DHT,Tanker,2026-09-22
2026-09-09,21.200000762939453,21.200000762939453,21.0,21.290000915527344,20.690000534057617,2746100,DHT,Tanker,2026-09-22
2026-09-10,21.43000030517578,21.43000030517578,21.40999984741211,21.59000015258789,21.06999969482422,3633500,DHT,Tanker,2026-09-22
2026-09-11,22.0,22.0,21.299999237060547,22.280000686645508,21.290000915527344,5204000,DHT,Tanker,2026-09-22
2026-09-14,22.149999618530273,22.149999618530273,22.139999389648438,22.280000686645508,21.549999237060547,3949600,DHT,Tanker,2026-09-22
2026-09-15,22.139999389648438,22.139999389648438,22.399999618530273,22.81999969482422,21.950000762939453,6057000,DHT,Tanker,2026-09-22
2026-09-16,23.040000915527344,23.040000915527344,22.190000534057617,23.459999084472656,22.1299991607666,5315700,DHT,Tanker,2026-09-22
2026-09-17,22.81999969482422,22.81999969482422,22.969999313354492,23.25,22.739999771118164,5456300,DHT,Tanker,2026-09-22
2026-09-18,23.270000457763672,23.270000457763672,23.15999984741211,23.510000228881836,22.8799991607666,4464000,DHT,Tanker,2026-09-22
2026-09-21,22.450000762939453,22.450000762939453,23.0,23.559999465942383,22.290000915527344,4427000,DHT,Tanker,2026-09-22
