Date,Adj Close,Close,Open,High,Low,Volume,Ticker,Lineage,PullDate
2005-01-03,3.88240122795105,18.8700008392334,19.100000381469727,19.100000381469727,18.610000610351562,34150,CMBT.BR,Tanker,2026-09-22
2005-01-04,3.9791018962860107,19.34000015258789,18.649999618530273,19.34000015258789,18.5,68369,CMBT.BR,Tanker,2026-09-22
2005-01-05,3.8885743618011475,18.899999618530273,18.989999771118164,18.989999771118164,18.510000228881836,74141,CMBT.BR,Tanker,2026-09-22
2005-01-06,3.8885743618011475,18.899999618530273,18.75,18.950000762939453,18.75,94966,CMBT.BR,Tanker,2026-09-22
2005-01-07,3.9893887042999268,19.389999389648438,18.979999542236328,19.579999923706055,18.959999084472656,153239,CMBT.BR,Tanker,2026-09-22
2005-01-10,3.9297244548797607,19.100000381469727,19.0,19.489999771118164,18.559999465942383,114688,CMBT.BR,Tanker,2026-09-22
2005-01-11,3.8618273735046387,18.770000457763672,18.799999237060547,19.350000381469727,18.75,63792,CMBT.BR,Tanker,2026-09-22
2005-01-12,3.9194350242614746,19.049999237060547,18.950000762939453,19.049999237060547,18.760000228881836,22379,CMBT.BR,Tanker,2026-09-22
2005-01-13,3.9605846405029297,19.25,19.0,19.25,18.950000762939453,79558,CMBT.BR,Tanker,2026-09-22
2005-01-14,4.012020587921143,19.5,19.25,19.5,19.200000762939453,103908,CMBT.BR,Tanker,2026-09-22
2005-01-17,4.176616191864014,20.299999237060547,19.5,20.299999237060547,19.5,87314,CMBT.BR,Tanker,2026-09-22
2005-01-18,4.186905384063721,20.350000381469727,20.299999237060547,20.350000381469727,20.020000457763672,78926,CMBT.BR,Tanker,2026-09-22
2005-01-19,4.114893913269043,20.0,20.100000381469727,20.100000381469727,19.850000381469727,94143,CMBT.BR,Tanker,2026-09-22
2005-01-20,3.974987506866455,19.31999969482422,19.950000762939453,20.0,19.25,121827,CMBT.BR,Tanker,2026-09-22
2005-01-21,3.909147262573242,19.0,19.18000030517578,19.200000762939453,18.610000610351562,59730,CMBT.BR,Tanker,2026-09-22
2005-01-24,3.909147262573242,19.0,18.799999237060547,19.299999237060547,18.799999237060547,30117,CMBT.BR,Tanker,2026-09-22
2005-01-25,3.7445530891418457,18.200000762939453,19.0,19.290000915527344,18.149999618530273,162457,CMBT.BR,Tanker,2026-09-22
2005-01-26,3.7857019901275635,18.399999618530273,18.350000381469727,18.700000762939453,18.18000030517578,56261,CMBT.BR,Tanker,2026-09-22
2005-01-27,3.9009180068969727,18.959999084472656,18.5,19.280000686645508,18.299999237060547,183476,CMBT.BR,Tanker,2026-09-22
2005-01-28,3.9173784255981445,19.040000915527344,19.0,19.43000030517578,19.0,133751,CMBT.BR,Tanker,2026-09-22
2005-01-31,3.9914474487304688,19.399999618530273,19.5,19.5,19.200000762939453,127035,CMBT.BR,Tanker,2026-09-22
2005-02-01,4.145754814147949,20.149999618530273,19.600000381469727,20.25,19.600000381469727,328274,CMBT.BR,Tanker,2026-09-22
2005-02-02,4.341212749481201,21.100000381469727,20.200000762939453,21.100000381469727,20.200000762939453,238161,CMBT.BR,Tanker,2026-09-22
2005-02-03,4.4440836906433105,21.600000381469727,21.25,21.950000762939453,20.520000457763672,226264,CMBT.BR,Tanker,2026-09-22
2005-02-04,4.567531585693359,22.200000762939453,21.5,22.200000762939453,21.5,225449,CMBT.BR,Tanker,2026-09-22
2005-02-07,4.5551862716674805,22.139999389648438,22.0,22.350000381469727,21.56999969482422,85328,CMBT.BR,Tanker,2026-09-22
2005-02-08,4.456429481506348,21.65999984741211,22.139999389648438,22.350000381469727,21.530000686645508,44873,CMBT.BR,Tanker,2026-09-22
2005-02-09,4.546957015991211,22.100000381469727,21.889999389648438,22.100000381469727,21.600000381469727,55495,CMBT.BR,Tanker,2026-09-22
2005-02-10,4.505806922912598,21.899999618530273,22.100000381469727,22.18000030517578,21.670000076293945,59506,CMBT.BR,Tanker,2026-09-22
2005-02-11,4.596334934234619,22.34000015258789,21.899999618530273,22.469999313354492,21.75,118697,CMBT.BR,Tanker,2026-09-22
2005-02-14,4.6498284339904785,22.600000381469727,22.489999771118164,22.75,22.25,79301,CMBT.BR,Tanker,2026-09-22
2005-02-15,4.670403957366943,22.700000762939453,22.649999618530273,22.850000381469727,22.56999969482422,60461,CMBT.BR,Tanker,2026-09-22
2005-02-16,4.670403957366943,22.700000762939453,23.100000381469727,23.25,22.399999618530273,156391,CMBT.BR,Tanker,2026-09-22
2005-02-17,4.7218403816223145,22.950000762939453,22.700000762939453,22.950000762939453,22.030000686645508,206439,CMBT.BR,Tanker,2026-09-22
2005-02-18,4.771218299865723,23.190000534057617,22.950000762939453,23.5,22.809999465942383,108559,CMBT.BR,Tanker,2026-09-22
2005-02-21,4.762990474700928,23.149999618530273,23.239999771118164,23.31999969482422,22.809999465942383,109904,CMBT.BR,Tanker,2026-09-22
2005-02-22,4.876150131225586,23.700000762939453,23.299999237060547,24.299999237060547,23.18000030517578,204140,CMBT.BR,Tanker,2026-09-22
2005-02-23,4.979019641876221,24.200000762939453,23.799999237060547,24.5,23.649999618530273,147073,CMBT.BR,Tanker,2026-09-22
2005-02-24,5.040745735168457,24.5,24.489999771118164,24.799999237060547,24.200000762939453,190063,CMBT.BR,Tanker,2026-09-22
2005-02-25,5.131272792816162,24.940000534057617,24.799999237060547,25.1299991607666,24.549999237060547,306541,CMBT.BR,Tanker,2026-09-22
2005-02-28,5.143616676330566,25.0,24.940000534057617,25.0,24.8799991607666,105027,CMBT.BR,Tanker,2026-09-22
2005-03-01,5.032513618469238,24.459999084472656,25.0,25.18000030517578,24.200000762939453,231405,CMBT.BR,Tanker,2026-09-22
2005-03-02,4.843230724334717,23.540000915527344,24.299999237060547,24.799999237060547,23.200000762939453,123540,CMBT.BR,Tanker,2026-09-22
2005-03-03,4.752702236175537,23.100000381469727,23.75,23.75,22.600000381469727,136942,CMBT.BR,Tanker,2026-09-22
2005-03-04,4.989307403564453,24.25,23.600000381469727,24.700000762939453,23.5,293755,CMBT.BR,Tanker,2026-09-22
2005-03-07,5.051032066345215,24.549999237060547,24.5,25.0,24.420000076293945,138350,CMBT.BR,Tanker,2026-09-22
2005-03-08,5.34935998916626,26.0,25.049999237060547,26.299999237060547,25.049999237060547,350730,CMBT.BR,Tanker,2026-09-22
2005-03-09,5.143616676330566,25.0,26.459999084472656,26.600000381469727,24.5,309359,CMBT.BR,Tanker,2026-09-22
2005-03-10,4.937870502471924,24.0,25.0,25.100000381469727,23.5,181646,CMBT.BR,Tanker,2026-09-22
2005-03-11,5.081892967224121,24.700000762939453,23.520000457763672,25.0,23.520000457763672,116130,CMBT.BR,Tanker,2026-09-22
2005-03-14,5.051032066345215,24.549999237060547,25.100000381469727,25.100000381469727,24.309999465942383,43312,CMBT.BR,Tanker,2026-09-22
2005-03-15,5.123042106628418,24.899999618530273,24.959999084472656,24.959999084472656,24.6299991607666,97320,CMBT.BR,Tanker,2026-09-22
2005-03-16,5.073662757873535,24.65999984741211,24.899999618530273,24.899999618530273,24.299999237060547,103596,CMBT.BR,Tanker,2026-09-22
2005-03-17,5.318499565124512,25.850000381469727,24.899999618530273,25.850000381469727,24.799999237060547,167530,CMBT.BR,Tanker,2026-09-22
2005-03-18,5.27734899520874,25.649999618530273,25.950000762939453,26.389999389648438,25.600000381469727,128814,CMBT.BR,Tanker,2026-09-22
2005-03-21,5.287637710571289,25.700000762939453,25.899999618530273,25.899999618530273,25.5,37571,CMBT.BR,Tanker,2026-09-22
2005-03-22,5.29792594909668,25.75,25.700000762939453,25.950000762939453,25.700000762939453,44185,CMBT.BR,Tanker,2026-09-22
2005-03-23,5.29380989074707,25.729999542236328,25.75,25.850000381469727,25.489999771118164,77436,CMBT.BR,Tanker,2026-09-22
2005-03-24,5.256775856018066,25.549999237060547,25.549999237060547,25.700000762939453,25.0,46206,CMBT.BR,Tanker,2026-09-22
2005-03-25,5.256775856018066,25.549999237060547,25.549999237060547,25.549999237060547,25.549999237060547,0,CMBT.BR,Tanker,2026-09-22
2005-03-28,5.256775856018066,25.549999237060547,25.549999237060547,25.549999237060547,25.549999237060547,0,CMBT.BR,Tanker,2026-09-22
2005-03-29,5.308212757110596,25.799999237060547,25.100000381469727,25.799999237060547,25.100000381469727,38049,CMBT.BR,Tanker,2026-09-22
2005-03-30,5.234145641326904,25.440000534057617,25.799999237060547,25.799999237060547,25.200000762939453,80322,CMBT.BR,Tanker,2026-09-22
2005-03-31,5.267062664031982,25.600000381469727,25.700000762939453,25.799999237060547,25.219999313354492,143754,CMBT.BR,Tanker,2026-09-22
2005-04-01,5.318499565124512,25.850000381469727,25.649999618530273,25.899999618530273,25.459999084472656,43186,CMBT.BR,Tanker,2026-09-22
2005-04-04,5.328786373138428,25.899999618530273,25.709999084472656,26.049999237060547,25.709999084472656,167041,CMBT.BR,Tanker,2026-09-22
2005-04-05,5.409027576446533,26.290000915527344,25.950000762939453,26.290000915527344,25.709999084472656,52941,CMBT.BR,Tanker,2026-09-22
2005-04-06,5.390510082244873,26.200000762939453,26.350000381469727,26.350000381469727,26.1299991607666,90322,CMBT.BR,Tanker,2026-09-22
2005-04-07,5.34935998916626,26.0,26.290000915527344,26.299999237060547,26.0,67746,CMBT.BR,Tanker,2026-09-22
2005-04-08,5.345245361328125,25.979999542236328,26.09000015258789,26.149999618530273,25.850000381469727,16799,CMBT.BR,Tanker,2026-09-22
2005-04-11,5.29792594909668,25.75,26.0,26.0,25.649999618530273,16128,CMBT.BR,Tanker,2026-09-22
2005-04-12,5.400796890258789,26.25,25.75,26.450000762939453,25.739999771118164,46377,CMBT.BR,Tanker,2026-09-22
2005-04-13,5.402853965759277,26.260000228881836,26.450000762939453,26.479999542236328,26.25,91483,CMBT.BR,Tanker,2026-09-22
2005-04-14,5.34935998916626,26.0,25.899999618530273,26.110000610351562,25.610000610351562,43540,CMBT.BR,Tanker,2026-09-22
2005-04-15,5.2485456466674805,25.510000228881836,26.0,26.0,25.5,110525,CMBT.BR,Tanker,2026-09-22
2005-04-18,5.090122699737549,24.739999771118164,25.450000762939453,25.450000762939453,24.510000228881836,124715,CMBT.BR,Tanker,2026-09-22
2005-04-19,5.123042106628418,24.899999618530273,24.75,25.299999237060547,24.610000610351562,191702,CMBT.BR,Tanker,2026-09-22
2005-04-20,5.123042106628418,24.899999618530273,25.200000762939453,25.399999618530273,24.889999389648438,47258,CMBT.BR,Tanker,2026-09-22
2005-04-21,5.143616676330566,25.0,24.899999618530273,25.100000381469727,24.549999237060547,83728,CMBT.BR,Tanker,2026-09-22
2005-04-22,5.289695739746094,25.709999084472656,25.5,26.100000381469727,25.440000534057617,50717,CMBT.BR,Tanker,2026-09-22
2005-04-25,5.431660175323486,26.399999618530273,25.899999618530273,26.399999618530273,25.719999313354492,52359,CMBT.BR,Tanker,2026-09-22
2005-04-26,5.688839435577393,27.649999618530273,26.450000762939453,27.899999618530273,26.200000762939453,273076,CMBT.BR,Tanker,2026-09-22
2005-04-27,5.5592217445373535,27.020000457763672,27.75,27.75,26.6299991607666,138087,CMBT.BR,Tanker,2026-09-22
2005-04-28,5.5139570236206055,26.799999237060547,27.100000381469727,27.25,26.700000762939453,93008,CMBT.BR,Tanker,2026-09-22
2005-04-29,5.7305755615234375,26.190000534057617,24.0,26.329999923706055,24.0,50791,CMBT.BR,Tanker,2026-09-22
2005-05-02,5.634302139282227,25.75,26.0,26.399999618530273,25.700000762939453,53379,CMBT.BR,Tanker,2026-09-22
2005-05-03,5.557717800140381,25.399999618530273,26.010000228881836,26.190000534057617,25.350000381469727,76068,CMBT.BR,Tanker,2026-09-22
2005-05-04,5.404552936553955,24.700000762939453,25.43000030517578,25.799999237060547,24.700000762939453,73094,CMBT.BR,Tanker,2026-09-22
2005-05-05,5.513957977294922,25.200000762939453,25.0,25.200000762939453,24.790000915527344,5324,CMBT.BR,Tanker,2026-09-22
2005-05-06,5.5314621925354,25.280000686645508,24.979999542236328,25.399999618530273,24.75,29475,CMBT.BR,Tanker,2026-09-22
2005-05-09,5.546778202056885,25.350000381469727,25.399999618530273,25.700000762939453,25.0,19460,CMBT.BR,Tanker,2026-09-22
2005-05-10,5.415494918823242,24.75,25.5,25.549999237060547,24.670000076293945,99012,CMBT.BR,Tanker,2026-09-22
2005-05-11,5.312653541564941,24.280000686645508,24.670000076293945,24.770000457763672,24.049999237060547,47611,CMBT.BR,Tanker,2026-09-22
2005-05-12,5.306088924407959,24.25,24.25,24.43000030517578,24.049999237060547,89342,CMBT.BR,Tanker,2026-09-22
2005-05-13,5.163865089416504,23.600000381469727,24.18000030517578,24.18000030517578,23.229999542236328,65769,CMBT.BR,Tanker,2026-09-22
2005-05-16,5.185746669769287,23.700000762939453,23.850000381469727,23.850000381469727,23.600000381469727,4178,CMBT.BR,Tanker,2026-09-22
2005-05-17,5.141983985900879,23.5,23.549999237060547,23.979999542236328,23.200000762939453,86482,CMBT.BR,Tanker,2026-09-22
2005-05-18,5.194498062133789,23.739999771118164,23.209999084472656,23.75,23.0,176242,CMBT.BR,Tanker,2026-09-22
2005-05-19,5.109161376953125,23.350000381469727,23.729999542236328,23.729999542236328,22.899999618530273,80152,CMBT.BR,Tanker,2026-09-22
2005-05-20,5.087283134460449,23.25,23.5,23.5,22.649999618530273,58698,CMBT.BR,Tanker,2026-09-22
2005-05-23,4.868474006652832,22.25,23.049999237060547,23.049999237060547,22.170000076293945,123591,CMBT.BR,Tanker,2026-09-22
2005-05-24,4.988818645477295,22.799999237060547,22.0,22.799999237060547,21.770000457763672,121888,CMBT.BR,Tanker,2026-09-22
2005-05-25,5.098221778869629,23.299999237060547,22.799999237060547,23.299999237060547,22.5,162489,CMBT.BR,Tanker,2026-09-22
2005-05-26,5.141983985900879,23.5,23.299999237060547,23.549999237060547,23.299999237060547,99022,CMBT.BR,Tanker,2026-09-22
2005-05-27,5.181369304656982,23.68000030517578,23.75,23.75,23.420000076293945,121794,CMBT.BR,Tanker,2026-09-22
2005-05-30,5.251386642456055,24.0,23.75,24.239999771118164,23.75,109111,CMBT.BR,Tanker,2026-09-22
2005-05-31,5.2732672691345215,24.100000381469727,24.010000228881836,24.299999237060547,23.81999969482422,131853,CMBT.BR,Tanker,2026-09-22
2005-06-01,5.321404933929443,24.31999969482422,24.239999771118164,24.31999969482422,23.649999618530273,48130,CMBT.BR,Tanker,2026-09-22
2005-06-02,5.22294282913208,23.8700008392334,24.299999237060547,24.299999237060547,23.600000381469727,44586,CMBT.BR,Tanker,2026-09-22
2005-06-03,5.207625389099121,23.799999237060547,23.8799991607666,24.149999618530273,23.549999237060547,38862,CMBT.BR,Tanker,2026-09-22
2005-06-06,5.155111789703369,23.559999465942383,23.75,24.0,23.5,29597,CMBT.BR,Tanker,2026-09-22
2005-06-07,5.163865089416504,23.600000381469727,23.600000381469727,23.739999771118164,23.100000381469727,44104,CMBT.BR,Tanker,2026-09-22
2005-06-08,5.1047868728637695,23.329999923706055,23.5,23.690000534057617,23.200000762939453,30430,CMBT.BR,Tanker,2026-09-22
2005-06-09,5.12666654586792,23.43000030517578,23.479999542236328,23.5,23.229999542236328,184323,CMBT.BR,Tanker,2026-09-22
2005-06-10,5.065402507781982,23.149999618530273,23.479999542236328,23.489999771118164,22.950000762939453,125932,CMBT.BR,Tanker,2026-09-22
2005-06-13,5.032581329345703,23.0,23.149999618530273,23.239999771118164,22.850000381469727,31416,CMBT.BR,Tanker,2026-09-22
2005-06-14,4.901295185089111,22.399999618530273,22.809999465942383,22.809999465942383,22.219999313354492,115721,CMBT.BR,Tanker,2026-09-22
2005-06-15,4.780948638916016,21.850000381469727,22.209999084472656,22.209999084472656,21.5,138020,CMBT.BR,Tanker,2026-09-22
2005-06-16,4.868474006652832,22.25,21.25,22.3799991607666,21.25,112426,CMBT.BR,Tanker,2026-09-22
2005-06-17,4.879412651062012,22.299999237060547,22.239999771118164,22.700000762939453,22.149999618530273,157415,CMBT.BR,Tanker,2026-09-22
2005-06-20,4.993194103240967,22.81999969482422,22.399999618530273,22.950000762939453,22.399999618530273,163488,CMBT.BR,Tanker,2026-09-22
2005-06-21,5.065402507781982,23.149999618530273,22.889999389648438,23.600000381469727,22.799999237060547,114819,CMBT.BR,Tanker,2026-09-22
2005-06-22,5.168239116668701,23.6200008392334,23.1200008392334,23.709999084472656,23.100000381469727,181841,CMBT.BR,Tanker,2026-09-22
2005-06-23,5.284209251403809,24.149999618530273,23.850000381469727,24.450000762939453,23.809999465942383,156543,CMBT.BR,Tanker,2026-09-22
2005-06-24,5.2732672691345215,24.100000381469727,24.0,24.350000381469727,23.799999237060547,135223,CMBT.BR,Tanker,2026-09-22
2005-06-27,5.3586039543151855,24.489999771118164,24.229999542236328,24.59000015258789,24.110000610351562,72642,CMBT.BR,Tanker,2026-09-22
2005-06-28,5.402364730834961,24.690000534057617,24.1200008392334,24.690000534057617,24.010000228881836,86891,CMBT.BR,Tanker,2026-09-22
2005-06-29,5.360792636871338,24.5,24.799999237060547,24.799999237060547,24.25,68498,CMBT.BR,Tanker,2026-09-22
2005-06-30,5.306088924407959,24.25,24.5,24.790000915527344,24.25,58723,CMBT.BR,Tanker,2026-09-22
2005-07-01,5.636489391326904,25.760000228881836,24.450000762939453,25.760000228881836,24.25,189813,CMBT.BR,Tanker,2026-09-22
2005-07-04,5.717446327209473,26.1299991607666,25.5,26.1299991607666,25.399999618530273,180395,CMBT.BR,Tanker,2026-09-22
2005-07-05,5.689001560211182,26.0,26.200000762939453,26.399999618530273,25.5,84712,CMBT.BR,Tanker,2026-09-22
2005-07-06,5.885927677154541,26.899999618530273,25.899999618530273,26.899999618530273,25.899999618530273,292802,CMBT.BR,Tanker,2026-09-22
2005-07-07,5.872800827026367,26.84000015258789,26.399999618530273,26.84000015258789,25.25,108208,CMBT.BR,Tanker,2026-09-22
2005-07-08,5.962512969970703,27.25,26.270000457763672,27.399999618530273,26.25,137952,CMBT.BR,Tanker,2026-09-22
2005-07-11,5.903434753417969,26.979999542236328,27.299999237060547,27.299999237060547,26.799999237060547,44137,CMBT.BR,Tanker,2026-09-22
2005-07-12,5.844355583190918,26.709999084472656,26.979999542236328,27.229999542236328,26.600000381469727,40402,CMBT.BR,Tanker,2026-09-22
2005-07-13,6.017215728759766,27.5,26.450000762939453,27.5,26.450000762939453,292986,CMBT.BR,Tanker,2026-09-22
2005-07-14,5.973452091217041,27.299999237060547,27.5,27.600000381469727,27.079999923706055,36951,CMBT.BR,Tanker,2026-09-22
2005-07-15,5.8531084060668945,26.75,27.149999618530273,27.3799991607666,26.75,36240,CMBT.BR,Tanker,2026-09-22
2005-07-18,5.973452091217041,27.299999237060547,26.969999313354492,27.299999237060547,26.459999084472656,94219,CMBT.BR,Tanker,2026-09-22
2005-07-19,6.017215728759766,27.5,27.350000381469727,27.549999237060547,27.010000228881836,130613,CMBT.BR,Tanker,2026-09-22
2005-07-20,6.017215728759766,27.5,27.5,27.5,27.25,72611,CMBT.BR,Tanker,2026-09-22
2005-07-21,6.017215728759766,27.5,27.549999237060547,27.719999313354492,27.270000457763672,107848,CMBT.BR,Tanker,2026-09-22
2005-07-22,6.047847747802734,27.639999389648438,27.600000381469727,27.719999313354492,27.600000381469727,68172,CMBT.BR,Tanker,2026-09-22
2005-07-25,6.050036430358887,27.649999618530273,27.600000381469727,27.850000381469727,27.5,74803,CMBT.BR,Tanker,2026-09-22
2005-07-26,6.104739189147949,27.899999618530273,27.700000762939453,27.899999618530273,27.25,135383,CMBT.BR,Tanker,2026-09-22
2005-07-27,6.019402980804443,27.510000228881836,27.799999237060547,27.899999618530273,27.049999237060547,103798,CMBT.BR,Tanker,2026-09-22
2005-07-28,5.995333194732666,27.399999618530273,27.5,27.5,27.100000381469727,83296,CMBT.BR,Tanker,2026-09-22
2005-07-29,6.017215728759766,27.5,27.0,27.530000686645508,26.200000762939453,153886,CMBT.BR,Tanker,2026-09-22
2005-08-01,6.060975551605225,27.700000762939453,27.0,27.700000762939453,26.850000381469727,35454,CMBT.BR,Tanker,2026-09-22
2005-08-02,5.962512969970703,27.25,27.100000381469727,27.700000762939453,27.0,77377,CMBT.BR,Tanker,2026-09-22
2005-08-03,5.907811164855957,27.0,27.059999465942383,27.299999237060547,26.729999542236328,138274,CMBT.BR,Tanker,2026-09-22
2005-08-04,5.850921154022217,26.739999771118164,26.729999542236328,26.940000534057617,26.5,160320,CMBT.BR,Tanker,2026-09-22
2005-08-05,5.874990463256836,26.850000381469727,26.75,27.479999542236328,26.75,114859,CMBT.BR,Tanker,2026-09-22
2005-08-08,5.905622959136963,26.989999771118164,27.0,27.420000076293945,26.809999465942383,39399,CMBT.BR,Tanker,2026-09-22
2005-08-09,5.894681930541992,26.940000534057617,27.0,27.34000015258789,26.899999618530273,72261,CMBT.BR,Tanker,2026-09-22
2005-08-10,5.877177715301514,26.860000610351562,26.809999465942383,26.950000762939453,26.799999237060547,145458,CMBT.BR,Tanker,2026-09-22
2005-08-11,5.885927677154541,26.899999618530273,26.809999465942383,27.0,26.399999618530273,90180,CMBT.BR,Tanker,2026-09-22
2005-08-12,5.844355583190918,26.709999084472656,26.799999237060547,26.799999237060547,26.700000762939453,60333,CMBT.BR,Tanker,2026-09-22
2005-08-15,5.864048957824707,26.799999237060547,26.75,26.799999237060547,26.719999313354492,3657,CMBT.BR,Tanker,2026-09-22
2005-08-16,5.743704795837402,26.25,26.799999237060547,26.799999237060547,26.25,75113,CMBT.BR,Tanker,2026-09-22
2005-08-17,5.769960403442383,26.3700008392334,26.299999237060547,27.0,26.299999237060547,36947,CMBT.BR,Tanker,2026-09-22
2005-08-18,5.625549793243408,25.709999084472656,26.3700008392334,26.549999237060547,25.709999084472656,58921,CMBT.BR,Tanker,2026-09-22
2005-08-19,5.743704795837402,26.25,25.610000610351562,26.280000686645508,25.610000610351562,54959,CMBT.BR,Tanker,2026-09-22
2005-08-22,5.739328384399414,26.229999542236328,26.25,26.25,25.829999923706055,26878,CMBT.BR,Tanker,2026-09-22
2005-08-23,5.645242691040039,25.799999237060547,26.100000381469727,26.209999084472656,25.780000686645508,41691,CMBT.BR,Tanker,2026-09-22
2005-08-24,5.754646301269531,26.299999237060547,26.0,26.5,25.75,78860,CMBT.BR,Tanker,2026-09-22
2005-08-25,5.754646301269531,26.299999237060547,26.5,26.5,26.25,35564,CMBT.BR,Tanker,2026-09-22
2005-08-26,5.708694934844971,26.09000015258789,26.290000915527344,26.290000915527344,25.899999618530273,49501,CMBT.BR,Tanker,2026-09-22
2005-08-29,5.765585422515869,26.350000381469727,26.049999237060547,26.350000381469727,26.049999237060547,20209,CMBT.BR,Tanker,2026-09-22
2005-08-30,5.7590203285217285,26.31999969482422,26.049999237060547,26.450000762939453,26.049999237060547,35222,CMBT.BR,Tanker,2026-09-22
2005-08-31,5.802784442901611,26.520000457763672,26.200000762939453,26.940000534057617,25.399999618530273,278666,CMBT.BR,Tanker,2026-09-22
2005-09-01,6.006274700164795,27.450000762939453,26.700000762939453,27.68000030517578,26.5,126780,CMBT.BR,Tanker,2026-09-22
2005-09-02,6.115678787231445,27.950000762939453,27.5,27.950000762939453,27.40999984741211,223592,CMBT.BR,Tanker,2026-09-22
2005-09-05,6.233834266662598,28.489999771118164,27.950000762939453,28.940000534057617,27.950000762939453,260691,CMBT.BR,Tanker,2026-09-22
2005-09-06,6.148499965667725,28.100000381469727,28.5,28.520000457763672,27.850000381469727,79998,CMBT.BR,Tanker,2026-09-22
2005-09-07,6.050036430358887,27.649999618530273,28.100000381469727,28.149999618530273,27.649999618530273,76476,CMBT.BR,Tanker,2026-09-22
2005-09-08,5.973452091217041,27.299999237060547,27.649999618530273,27.799999237060547,27.200000762939453,55339,CMBT.BR,Tanker,2026-09-22
2005-09-09,6.017215728759766,27.5,27.309999465942383,28.0,27.309999465942383,46268,CMBT.BR,Tanker,2026-09-22
2005-09-12,5.973452091217041,27.299999237060547,27.979999542236328,27.979999542236328,27.0,44143,CMBT.BR,Tanker,2026-09-22
2005-09-13,5.951572895050049,27.200000762939453,27.299999237060547,27.6200008392334,27.200000762939453,31485,CMBT.BR,Tanker,2026-09-22
2005-09-14,5.953761100769043,27.209999084472656,27.170000076293945,27.68000030517578,27.149999618530273,76335,CMBT.BR,Tanker,2026-09-22
2005-09-15,5.9471964836120605,27.18000030517578,27.139999389648438,27.43000030517578,27.020000457763672,41106,CMBT.BR,Tanker,2026-09-22
2005-09-16,5.842168807983398,26.700000762939453,27.049999237060547,27.1299991607666,26.600000381469727,112530,CMBT.BR,Tanker,2026-09-22
2005-09-19,5.903434753417969,26.979999542236328,26.75,27.399999618530273,26.350000381469727,92200,CMBT.BR,Tanker,2026-09-22
2005-09-20,5.907811164855957,27.0,27.100000381469727,27.450000762939453,26.989999771118164,284601,CMBT.BR,Tanker,2026-09-22
2005-09-21,5.973452091217041,27.299999237060547,26.799999237060547,27.299999237060547,26.399999618530273,480785,CMBT.BR,Tanker,2026-09-22
2005-09-22,6.006274700164795,27.450000762939453,27.5,27.8700008392334,27.299999237060547,507009,CMBT.BR,Tanker,2026-09-22
2005-09-23,5.896869659423828,26.950000762939453,27.420000076293945,27.420000076293945,26.899999618530273,109208,CMBT.BR,Tanker,2026-09-22
2005-09-26,5.907811164855957,27.0,27.34000015258789,27.34000015258789,26.950000762939453,164414,CMBT.BR,Tanker,2026-09-22
2005-09-27,5.936254978179932,27.1299991607666,27.100000381469727,27.350000381469727,26.950000762939453,204480,CMBT.BR,Tanker,2026-09-22
2005-09-28,5.9406304359436035,27.149999618530273,27.18000030517578,27.200000762939453,27.0,142926,CMBT.BR,Tanker,2026-09-22
2005-09-29,5.995333194732666,27.399999618530273,27.200000762939453,27.450000762939453,27.18000030517578,94160,CMBT.BR,Tanker,2026-09-22
2005-09-30,5.973452091217041,27.299999237060547,27.399999618530273,27.559999465942383,27.15999984741211,103378,CMBT.BR,Tanker,2026-09-22
2005-10-03,5.995333194732666,27.399999618530273,27.59000015258789,27.690000534057617,27.149999618530273,57815,CMBT.BR,Tanker,2026-09-22
2005-10-04,5.962512969970703,27.25,27.5,27.75,27.049999237060547,59103,CMBT.BR,Tanker,2026-09-22
2005-10-05,5.905622959136963,26.989999771118164,27.43000030517578,27.43000030517578,26.899999618530273,270360,CMBT.BR,Tanker,2026-09-22
2005-10-06,5.684626579284668,25.979999542236328,26.90999984741211,26.90999984741211,25.649999618530273,159340,CMBT.BR,Tanker,2026-09-22
2005-10-07,5.719635486602783,26.139999389648438,26.450000762939453,26.450000762939453,25.760000228881836,284987,CMBT.BR,Tanker,2026-09-22
2005-10-10,5.689001560211182,26.0,26.489999771118164,26.510000228881836,26.0,24358,CMBT.BR,Tanker,2026-09-22
2005-10-11,5.579598426818848,25.5,26.0,26.0,25.209999084472656,125663,CMBT.BR,Tanker,2026-09-22
2005-10-12,5.689001560211182,26.0,25.6299991607666,26.200000762939453,25.600000381469727,85723,CMBT.BR,Tanker,2026-09-22
2005-10-13,5.345473766326904,24.43000030517578,25.81999969482422,26.100000381469727,24.270000457763672,348071,CMBT.BR,Tanker,2026-09-22
2005-10-14,5.443937301635742,24.8799991607666,24.399999618530273,24.8799991607666,23.1299991607666,408245,CMBT.BR,Tanker,2026-09-22
2005-10-17,5.468006610870361,24.989999771118164,25.0,25.170000076293945,24.799999237060547,50693,CMBT.BR,Tanker,2026-09-22
2005-10-18,5.3170294761657715,24.299999237060547,24.799999237060547,24.81999969482422,24.110000610351562,155265,CMBT.BR,Tanker,2026-09-22
2005-10-19,5.0478973388671875,23.06999969482422,24.200000762939453,24.200000762939453,22.799999237060547,270549,CMBT.BR,Tanker,2026-09-22
2005-10-20,5.144171714782715,23.510000228881836,24.0,24.190000534057617,23.5,67683,CMBT.BR,Tanker,2026-09-22
2005-10-21,5.327970504760742,24.350000381469727,23.5,24.350000381469727,23.5,96120,CMBT.BR,Tanker,2026-09-22
2005-10-24,5.468006610870361,24.989999771118164,24.299999237060547,24.989999771118164,23.8700008392334,143593,CMBT.BR,Tanker,2026-09-22
2005-10-25,5.579598426818848,25.5,25.100000381469727,25.790000915527344,25.100000381469727,175178,CMBT.BR,Tanker,2026-09-22
2005-10-26,5.5992937088012695,25.59000015258789,24.75,25.75,24.559999465942383,120758,CMBT.BR,Tanker,2026-09-22
2005-10-27,5.415494918823242,24.75,25.100000381469727,25.3700008392334,24.260000228881836,67456,CMBT.BR,Tanker,2026-09-22
2005-10-28,5.483325958251953,25.059999465942383,24.899999618530273,25.190000534057617,24.450000762939453,124737,CMBT.BR,Tanker,2026-09-22
2005-10-31,5.623360633850098,25.700000762939453,25.309999465942383,25.81999969482422,25.149999618530273,88794,CMBT.BR,Tanker,2026-09-22
2005-11-01,5.564281940460205,25.43000030517578,25.479999542236328,25.899999618530273,25.15999984741211,25918,CMBT.BR,Tanker,2026-09-22
2005-11-02,5.4286208152771,24.809999465942383,25.700000762939453,25.700000762939453,24.610000610351562,60919,CMBT.BR,Tanker,2026-09-22
2005-11-03,5.513957977294922,25.200000762939453,24.850000381469727,25.450000762939453,24.850000381469727,68794,CMBT.BR,Tanker,2026-09-22
2005-11-04,5.669310569763184,25.90999984741211,25.420000076293945,26.149999618530273,25.399999618530273,159598,CMBT.BR,Tanker,2026-09-22
2005-11-07,5.715259075164795,26.1200008392334,26.200000762939453,26.25,25.959999084472656,39490,CMBT.BR,Tanker,2026-09-22
2005-11-08,5.726201057434082,26.170000076293945,26.200000762939453,26.299999237060547,25.770000457763672,49044,CMBT.BR,Tanker,2026-09-22
2005-11-09,5.623360633850098,25.700000762939453,25.809999465942383,26.0,25.559999465942383,96458,CMBT.BR,Tanker,2026-09-22
2005-11-10,5.689001560211182,26.0,25.6299991607666,26.25,25.6299991607666,125061,CMBT.BR,Tanker,2026-09-22
2005-11-11,5.691190242767334,26.010000228881836,26.049999237060547,26.200000762939453,25.6200008392334,36453,CMBT.BR,Tanker,2026-09-22
2005-11-14,5.6671223640441895,25.899999618530273,26.0,26.049999237060547,25.670000076293945,129937,CMBT.BR,Tanker,2026-09-22
2005-11-15,5.566473007202148,25.440000534057617,25.920000076293945,26.149999618530273,25.25,186755,CMBT.BR,Tanker,2026-09-22
2005-11-16,5.588351249694824,25.540000915527344,25.600000381469727,25.770000457763672,25.299999237060547,258392,CMBT.BR,Tanker,2026-09-22
2005-11-17,5.597103118896484,25.579999923706055,25.5,25.690000534057617,25.350000381469727,82519,CMBT.BR,Tanker,2026-09-22
2005-11-18,5.623360633850098,25.700000762939453,25.600000381469727,25.899999618530273,25.299999237060547,236359,CMBT.BR,Tanker,2026-09-22
2005-11-21,5.603668212890625,25.610000610351562,25.84000015258789,25.84000015258789,25.510000228881836,31715,CMBT.BR,Tanker,2026-09-22
2005-11-22,5.608044624328613,25.6299991607666,25.600000381469727,25.690000534057617,25.5,127709,CMBT.BR,Tanker,2026-09-22
2005-11-23,5.597103118896484,25.579999923706055,25.649999618530273,25.799999237060547,25.420000076293945,154299,CMBT.BR,Tanker,2026-09-22
2005-11-24,5.4855122566223145,25.06999969482422,25.43000030517578,25.540000915527344,24.709999084472656,82818,CMBT.BR,Tanker,2026-09-22
2005-11-25,5.605854511260986,25.6200008392334,25.100000381469727,25.6299991607666,24.809999465942383,56305,CMBT.BR,Tanker,2026-09-22
2005-11-28,5.251386642456055,24.0,25.600000381469727,25.6200008392334,23.809999465942383,180165,CMBT.BR,Tanker,2026-09-22
2005-11-29,5.327970504760742,24.350000381469727,24.350000381469727,24.6200008392334,24.190000534057617,94699,CMBT.BR,Tanker,2026-09-22
2005-11-30,5.229506492614746,23.899999618530273,24.68000030517578,24.68000030517578,23.299999237060547,463980,CMBT.BR,Tanker,2026-09-22
2005-12-01,5.496452331542969,25.1200008392334,24.09000015258789,25.139999389648438,23.90999984741211,119111,CMBT.BR,Tanker,2026-09-22
2005-12-02,5.548967361450195,25.360000610351562,25.540000915527344,25.770000457763672,24.899999618530273,234038,CMBT.BR,Tanker,2026-09-22
2005-12-05,5.483325958251953,25.059999465942383,25.479999542236328,25.489999771118164,25.020000457763672,104474,CMBT.BR,Tanker,2026-09-22
2005-12-06,5.430810928344727,24.81999969482422,25.010000228881836,25.200000762939453,24.75,157683,CMBT.BR,Tanker,2026-09-22
2005-12-07,5.474571704864502,25.020000457763672,25.350000381469727,25.350000381469727,24.899999618530273,50751,CMBT.BR,Tanker,2026-09-22
2005-12-08,5.457067489624023,24.940000534057617,25.06999969482422,25.149999618530273,24.600000381469727,130406,CMBT.BR,Tanker,2026-09-22
2005-12-09,5.535836696624756,25.299999237060547,25.0,25.399999618530273,24.760000228881836,69486,CMBT.BR,Tanker,2026-09-22
2005-12-12,5.5336503982543945,25.290000915527344,25.3700008392334,25.3700008392334,25.049999237060547,133864,CMBT.BR,Tanker,2026-09-22
2005-12-13,5.406742095947266,24.709999084472656,25.350000381469727,25.350000381469727,24.709999084472656,80648,CMBT.BR,Tanker,2026-09-22
2005-12-14,5.500827312469482,25.139999389648438,24.93000030517578,25.190000534057617,24.8700008392334,126789,CMBT.BR,Tanker,2026-09-22
2005-12-15,5.494264602661133,25.110000610351562,25.25,25.270000457763672,24.899999618530273,53386,CMBT.BR,Tanker,2026-09-22
2005-12-16,5.500827312469482,25.139999389648438,25.0,25.170000076293945,25.0,47587,CMBT.BR,Tanker,2026-09-22
2005-12-19,5.448314666748047,24.899999618530273,25.229999542236328,25.229999542236328,24.700000762939453,91873,CMBT.BR,Tanker,2026-09-22
2005-12-20,5.437373638153076,24.850000381469727,25.200000762939453,25.200000762939453,24.799999237060547,63063,CMBT.BR,Tanker,2026-09-22
2005-12-21,5.402364730834961,24.690000534057617,24.829999923706055,24.829999923706055,24.520000457763672,85880,CMBT.BR,Tanker,2026-09-22
2005-12-22,5.349850177764893,24.450000762939453,24.690000534057617,24.690000534057617,24.100000381469727,159831,CMBT.BR,Tanker,2026-09-22
2005-12-23,5.376107692718506,24.56999969482422,24.600000381469727,24.639999389648438,24.1200008392334,28165,CMBT.BR,Tanker,2026-09-22
2005-12-26,5.376107692718506,24.56999969482422,24.56999969482422,24.56999969482422,24.56999969482422,0,CMBT.BR,Tanker,2026-09-22
2005-12-27,5.387049674987793,24.6200008392334,24.59000015258789,24.739999771118164,24.350000381469727,45903,CMBT.BR,Tanker,2026-09-22
2005-12-28,5.404552936553955,24.700000762939453,24.75,24.780000686645508,24.649999618530273,70394,CMBT.BR,Tanker,2026-09-22
2005-12-29,5.402364730834961,24.690000534057617,24.700000762939453,24.739999771118164,24.299999237060547,79093,CMBT.BR,Tanker,2026-09-22
2005-12-30,5.362978458404541,24.510000228881836,24.75,24.799999237060547,24.5,32289,CMBT.BR,Tanker,2026-09-22
2006-01-02,5.404552936553955,24.700000762939453,24.5,24.700000762939453,24.43000030517578,25241,CMBT.BR,Tanker,2026-09-22
2006-01-03,5.424245357513428,24.790000915527344,24.940000534057617,24.950000762939453,24.6200008392334,104590,CMBT.BR,Tanker,2026-09-22
2006-01-04,5.312653541564941,24.280000686645508,24.829999923706055,24.829999923706055,23.899999618530273,253466,CMBT.BR,Tanker,2026-09-22
2006-01-05,5.277645111083984,24.1200008392334,24.110000610351562,24.3799991607666,23.850000381469727,136094,CMBT.BR,Tanker,2026-09-22
2006-01-06,5.292959690093994,24.190000534057617,24.399999618530273,24.399999618530273,24.100000381469727,77732,CMBT.BR,Tanker,2026-09-22
2006-01-09,5.251386642456055,24.0,24.25,24.350000381469727,23.950000762939453,94923,CMBT.BR,Tanker,2026-09-22
2006-01-10,5.247011184692383,23.979999542236328,24.1299991607666,24.1299991607666,23.079999923706055,122985,CMBT.BR,Tanker,2026-09-22
2006-01-11,5.577409744262695,25.489999771118164,23.90999984741211,25.489999771118164,23.90999984741211,290483,CMBT.BR,Tanker,2026-09-22
2006-01-12,5.555530071258545,25.389999389648438,25.389999389648438,25.40999984741211,25.15999984741211,56803,CMBT.BR,Tanker,2026-09-22
2006-01-13,5.518332004547119,25.219999313354492,25.059999465942383,25.389999389648438,25.049999237060547,81679,CMBT.BR,Tanker,2026-09-22
2006-01-16,5.513957977294922,25.200000762939453,25.200000762939453,25.350000381469727,25.100000381469727,39148,CMBT.BR,Tanker,2026-09-22
2006-01-17,5.511768817901611,25.190000534057617,25.200000762939453,25.299999237060547,25.1200008392334,69631,CMBT.BR,Tanker,2026-09-22
2006-01-18,5.483325958251953,25.059999465942383,25.100000381469727,25.200000762939453,24.899999618530273,78019,CMBT.BR,Tanker,2026-09-22
2006-01-19,5.48113489151001,25.049999237060547,25.010000228881836,25.200000762939453,24.899999618530273,34033,CMBT.BR,Tanker,2026-09-22
2006-01-20,5.524896144866943,25.25,24.899999618530273,25.350000381469727,24.75,88972,CMBT.BR,Tanker,2026-09-22
2006-01-23,5.492076396942139,25.100000381469727,25.0,25.25,25.0,73909,CMBT.BR,Tanker,2026-09-22
2006-01-24,5.601478576660156,25.600000381469727,25.200000762939453,25.799999237060547,25.200000762939453,203001,CMBT.BR,Tanker,2026-09-22
2006-01-25,5.573034763336182,25.469999313354492,25.649999618530273,25.700000762939453,24.770000457763672,279740,CMBT.BR,Tanker,2026-09-22
2006-01-26,5.557717800140381,25.399999618530273,25.690000534057617,25.799999237060547,25.299999237060547,73200,CMBT.BR,Tanker,2026-09-22
2006-01-27,5.588351249694824,25.540000915527344,25.299999237060547,25.540000915527344,24.790000915527344,114283,CMBT.BR,Tanker,2026-09-22
2006-01-30,5.468006610870361,24.989999771118164,25.31999969482422,25.5,24.84000015258789,79037,CMBT.BR,Tanker,2026-09-22
2006-01-31,5.356414794921875,24.479999542236328,25.0,25.0,24.049999237060547,107435,CMBT.BR,Tanker,2026-09-22
2006-02-01,5.336723327636719,24.389999389648438,24.5,24.950000762939453,24.25,74223,CMBT.BR,Tanker,2026-09-22
2006-02-02,5.303901672363281,24.239999771118164,24.5,24.5,23.75,182853,CMBT.BR,Tanker,2026-09-22
2006-02-03,5.2491984367370605,23.989999771118164,24.200000762939453,24.219999313354492,23.850000381469727,95915,CMBT.BR,Tanker,2026-09-22
2006-02-06,5.282021522521973,24.139999389648438,24.010000228881836,24.25,23.889999389648438,109759,CMBT.BR,Tanker,2026-09-22
2006-02-07,5.218565940856934,23.850000381469727,24.010000228881836,24.149999618530273,23.709999084472656,261037,CMBT.BR,Tanker,2026-09-22
2006-02-08,5.133230686187744,23.459999084472656,23.920000076293945,23.920000076293945,23.239999771118164,231729,CMBT.BR,Tanker,2026-09-22
2006-02-09,5.076340675354004,23.200000762939453,23.399999618530273,23.5,23.100000381469727,128357,CMBT.BR,Tanker,2026-09-22
2006-02-10,4.918800354003906,22.479999542236328,22.829999923706055,22.979999542236328,22.219999313354492,329004,CMBT.BR,Tanker,2026-09-22
2006-02-13,4.857533931732178,22.200000762939453,22.479999542236328,22.479999542236328,22.1200008392334,371635,CMBT.BR,Tanker,2026-09-22
2006-02-14,4.929739475250244,22.530000686645508,22.450000762939453,22.56999969482422,22.389999389648438,480161,CMBT.BR,Tanker,2026-09-22
2006-02-15,5.117915630340576,23.389999389648438,22.68000030517578,23.389999389648438,22.5,204122,CMBT.BR,Tanker,2026-09-22
2006-02-16,5.052271842956543,23.09000015258789,23.489999771118164,23.489999771118164,22.65999984741211,303994,CMBT.BR,Tanker,2026-09-22
2006-02-17,5.12666654586792,23.43000030517578,23.280000686645508,23.690000534057617,23.059999465942383,94056,CMBT.BR,Tanker,2026-09-22
2006-02-20,5.207625389099121,23.799999237060547,23.65999984741211,23.950000762939453,23.510000228881836,102259,CMBT.BR,Tanker,2026-09-22
2006-02-21,5.321404933929443,24.31999969482422,23.969999313354492,24.420000076293945,23.969999313354492,429624,CMBT.BR,Tanker,2026-09-22
2006-02-22,5.218565940856934,23.850000381469727,24.3700008392334,24.3700008392334,23.799999237060547,44139,CMBT.BR,Tanker,2026-09-22
2006-02-23,5.236072063446045,23.93000030517578,24.020000457763672,24.1200008392334,23.459999084472656,158967,CMBT.BR,Tanker,2026-09-22
2006-02-24,5.349850177764893,24.450000762939453,24.0,24.450000762939453,23.84000015258789,108081,CMBT.BR,Tanker,2026-09-22
2006-02-27,5.373918056488037,24.559999465942383,24.399999618530273,24.739999771118164,24.399999618530273,56397,CMBT.BR,Tanker,2026-09-22
2006-02-28,5.332345485687256,24.3700008392334,24.690000534057617,24.690000534057617,24.200000762939453,110402,CMBT.BR,Tanker,2026-09-22
2006-03-01,5.349850177764893,24.450000762939453,24.65999984741211,24.670000076293945,24.0,204354,CMBT.BR,Tanker,2026-09-22
2006-03-02,5.247011184692383,23.979999542236328,24.6200008392334,24.6200008392334,23.729999542236328,229247,CMBT.BR,Tanker,2026-09-22
2006-03-03,5.163865089416504,23.600000381469727,23.959999084472656,24.09000015258789,23.559999465942383,159493,CMBT.BR,Tanker,2026-09-22
2006-03-06,5.183557987213135,23.690000534057617,23.899999618530273,23.899999618530273,23.559999465942383,76232,CMBT.BR,Tanker,2026-09-22
2006-03-07,5.251386642456055,24.0,23.700000762939453,24.0,23.610000610351562,113854,CMBT.BR,Tanker,2026-09-22
2006-03-08,5.229506492614746,23.899999618530273,23.989999771118164,24.0,23.700000762939453,32605,CMBT.BR,Tanker,2026-09-22
2006-03-09,5.27108097076416,24.09000015258789,23.989999771118164,24.229999542236328,23.790000915527344,24285,CMBT.BR,Tanker,2026-09-22
2006-03-10,5.284209251403809,24.149999618530273,24.229999542236328,24.229999542236328,24.0,15706,CMBT.BR,Tanker,2026-09-22
2006-03-13,5.207625389099121,23.799999237060547,24.0,24.149999618530273,23.649999618530273,57482,CMBT.BR,Tanker,2026-09-22
2006-03-14,5.144171714782715,23.510000228881836,23.850000381469727,23.850000381469727,23.5,56377,CMBT.BR,Tanker,2026-09-22
2006-03-15,5.174805164337158,23.649999618530273,23.950000762939453,23.950000762939453,23.43000030517578,153592,CMBT.BR,Tanker,2026-09-22
2006-03-16,5.07852840423584,23.209999084472656,23.5,23.649999618530273,23.209999084472656,52661,CMBT.BR,Tanker,2026-09-22
2006-03-17,5.0478973388671875,23.06999969482422,23.510000228881836,23.600000381469727,22.200000762939453,528335,CMBT.BR,Tanker,2026-09-22
2006-03-20,5.01945161819458,22.940000534057617,23.290000915527344,23.479999542236328,22.90999984741211,138045,CMBT.BR,Tanker,2026-09-22
2006-03-21,4.993194103240967,22.81999969482422,23.149999618530273,23.149999618530273,22.75,86729,CMBT.BR,Tanker,2026-09-22
2006-03-22,4.947244644165039,22.610000610351562,22.850000381469727,22.950000762939453,22.610000610351562,96887,CMBT.BR,Tanker,2026-09-22
2006-03-23,4.991006851196289,22.809999465942383,22.729999542236328,22.8799991607666,22.600000381469727,35248,CMBT.BR,Tanker,2026-09-22
2006-03-24,5.113539218902588,23.3700008392334,22.90999984741211,23.510000228881836,22.780000686645508,227346,CMBT.BR,Tanker,2026-09-22
2006-03-27,5.220754146575928,23.860000610351562,23.510000228881836,23.899999618530273,23.5,85238,CMBT.BR,Tanker,2026-09-22
2006-03-28,5.067589282989502,23.15999984741211,23.690000534057617,23.799999237060547,23.15999984741211,62152,CMBT.BR,Tanker,2026-09-22
2006-03-29,5.045708656311035,23.059999465942383,23.350000381469727,23.68000030517578,22.950000762939453,61632,CMBT.BR,Tanker,2026-09-22
2006-03-30,5.01069974899292,22.899999618530273,23.389999389648438,23.479999542236328,22.850000381469727,56646,CMBT.BR,Tanker,2026-09-22
2006-03-31,4.892541885375977,22.360000610351562,23.0,23.25,22.25,133284,CMBT.BR,Tanker,2026-09-22
2006-04-03,4.98444128036499,22.780000686645508,22.700000762939453,22.850000381469727,22.559999465942383,84714,CMBT.BR,Tanker,2026-09-22
2006-04-04,4.936305046081543,22.559999465942383,22.850000381469727,22.940000534057617,22.549999237060547,137464,CMBT.BR,Tanker,2026-09-22
2006-04-05,4.949432373046875,22.6200008392334,22.600000381469727,22.799999237060547,22.579999923706055,31789,CMBT.BR,Tanker,2026-09-22
2006-04-06,4.934115409851074,22.549999237060547,22.649999618530273,22.84000015258789,22.510000228881836,68207,CMBT.BR,Tanker,2026-09-22
2006-04-07,4.9756879806518555,22.739999771118164,22.559999465942383,22.799999237060547,22.549999237060547,149696,CMBT.BR,Tanker,2026-09-22
2006-04-10,4.977877140045166,22.75,22.790000915527344,22.989999771118164,22.610000610351562,122248,CMBT.BR,Tanker,2026-09-22
2006-04-11,4.999758720397949,22.850000381469727,22.790000915527344,22.979999542236328,22.68000030517578,108114,CMBT.BR,Tanker,2026-09-22
2006-04-12,4.966937065124512,22.700000762939453,22.90999984741211,23.0,22.6200008392334,105458,CMBT.BR,Tanker,2026-09-22
2006-04-13,4.964749813079834,22.690000534057617,22.770000457763672,22.780000686645508,22.540000915527344,69408,CMBT.BR,Tanker,2026-09-22
2006-04-14,4.964749813079834,22.690000534057617,22.690000534057617,22.690000534057617,22.690000534057617,0,CMBT.BR,Tanker,2026-09-22
2006-04-17,4.964749813079834,22.690000534057617,22.690000534057617,22.690000534057617,22.690000534057617,0,CMBT.BR,Tanker,2026-09-22
2006-04-18,4.923173904418945,22.5,22.84000015258789,22.84000015258789,22.399999618530273,95217,CMBT.BR,Tanker,2026-09-22
2006-04-19,5.163865089416504,23.600000381469727,23.100000381469727,23.799999237060547,23.100000381469727,211107,CMBT.BR,Tanker,2026-09-22
2006-04-20,5.207625389099121,23.799999237060547,23.84000015258789,24.049999237060547,23.600000381469727,204766,CMBT.BR,Tanker,2026-09-22
2006-04-21,5.087283134460449,23.25,23.790000915527344,23.799999237060547,23.25,204961,CMBT.BR,Tanker,2026-09-22
2006-04-24,5.141983985900879,23.5,23.639999389648438,24.010000228881836,23.479999542236328,159846,CMBT.BR,Tanker,2026-09-22
2006-04-25,5.334535598754883,24.3799991607666,23.399999618530273,25.190000534057617,23.399999618530273,375890,CMBT.BR,Tanker,2026-09-22
2006-04-26,5.260140419006348,24.040000915527344,24.520000457763672,24.549999237060547,24.040000915527344,180112,CMBT.BR,Tanker,2026-09-22
2006-04-27,5.207625389099121,23.799999237060547,24.149999618530273,24.299999237060547,23.75,151292,CMBT.BR,Tanker,2026-09-22
2006-04-28,5.343680381774902,22.780000686645508,22.299999237060547,23.280000686645508,22.299999237060547,176859,CMBT.BR,Tanker,2026-09-22
2006-05-01,5.343680381774902,22.780000686645508,22.780000686645508,22.780000686645508,22.780000686645508,0,CMBT.BR,Tanker,2026-09-22
2006-05-02,5.212317943572998,22.219999313354492,23.190000534057617,23.209999084472656,22.100000381469727,130868,CMBT.BR,Tanker,2026-09-22
2006-05-03,5.268615245819092,22.459999084472656,22.40999984741211,22.700000762939453,22.149999618530273,235225,CMBT.BR,Tanker,2026-09-22
2006-05-04,5.2756524085998535,22.489999771118164,22.5,22.780000686645508,22.219999313354492,102391,CMBT.BR,Tanker,2026-09-22
2006-05-05,5.423437118530273,23.1200008392334,22.489999771118164,23.1299991607666,22.40999984741211,71815,CMBT.BR,Tanker,2026-09-22
2006-05-08,5.338988780975342,22.760000228881836,23.0,23.149999618530273,22.6200008392334,71702,CMBT.BR,Tanker,2026-09-22
2006-05-09,5.2592339515686035,22.420000076293945,23.09000015258789,23.09000015258789,22.40999984741211,60712,CMBT.BR,Tanker,2026-09-22
2006-05-10,5.188859939575195,22.1200008392334,22.5,22.719999313354492,21.700000762939453,145741,CMBT.BR,Tanker,2026-09-22
2006-05-11,5.090335845947266,21.700000762939453,22.479999542236328,22.479999542236328,21.700000762939453,137803,CMBT.BR,Tanker,2026-09-22
2006-05-12,4.912057876586914,20.940000534057617,21.979999542236328,21.979999542236328,20.760000228881836,136742,CMBT.BR,Tanker,2026-09-22
2006-05-15,4.844029903411865,20.649999618530273,20.959999084472656,21.25,20.299999237060547,61126,CMBT.BR,Tanker,2026-09-22
2006-05-16,4.867486953735352,20.75,20.65999984741211,21.239999771118164,20.600000381469727,48674,CMBT.BR,Tanker,2026-09-22
2006-05-17,4.778348445892334,20.3700008392334,20.899999618530273,21.299999237060547,20.3700008392334,60511,CMBT.BR,Tanker,2026-09-22
2006-05-18,4.71501350402832,20.100000381469727,20.030000686645508,20.5,19.0,81149,CMBT.BR,Tanker,2026-09-22
2006-05-19,4.665750503540039,19.889999389648438,20.020000457763672,20.34000015258789,19.540000915527344,58586,CMBT.BR,Tanker,2026-09-22
2006-05-22,4.541426181793213,19.360000610351562,19.719999313354492,19.989999771118164,19.100000381469727,61434,CMBT.BR,Tanker,2026-09-22
2006-05-23,4.630565643310547,19.739999771118164,19.200000762939453,20.479999542236328,18.899999618530273,107236,CMBT.BR,Tanker,2026-09-22
2006-05-24,4.754891395568848,20.270000457763672,19.799999237060547,20.5,19.799999237060547,93610,CMBT.BR,Tanker,2026-09-22
2006-05-25,4.750199317932129,20.25,20.459999084472656,20.459999084472656,20.020000457763672,18421,CMBT.BR,Tanker,2026-09-22
2006-05-26,4.719706058502197,20.1200008392334,20.469999313354492,20.690000534057617,20.0,98122,CMBT.BR,Tanker,2026-09-22
2006-05-29,4.806498050689697,20.489999771118164,20.25,20.700000762939453,20.25,54037,CMBT.BR,Tanker,2026-09-22
2006-05-30,4.691555023193359,20.0,20.450000762939453,20.450000762939453,20.0,97797,CMBT.BR,Tanker,2026-09-22
2006-05-31,4.738469123840332,20.200000762939453,20.0,20.479999542236328,20.0,110219,CMBT.BR,Tanker,2026-09-22
2006-06-01,4.792424201965332,20.43000030517578,20.200000762939453,20.760000228881836,20.200000762939453,59847,CMBT.BR,Tanker,2026-09-22
2006-06-02,4.8534135818481445,20.690000534057617,20.610000610351562,20.84000015258789,20.399999618530273,65874,CMBT.BR,Tanker,2026-09-22
2006-06-05,4.776002407073975,20.360000610351562,20.5,20.600000381469727,20.229999542236328,35973,CMBT.BR,Tanker,2026-09-22
2006-06-06,4.668097019195557,19.899999618530273,20.25,20.25,19.899999618530273,70581,CMBT.BR,Tanker,2026-09-22
2006-06-07,4.686863422393799,19.979999542236328,20.06999969482422,20.299999237060547,19.799999237060547,81729,CMBT.BR,Tanker,2026-09-22
2006-06-08,4.63760232925415,19.770000457763672,19.860000610351562,20.100000381469727,19.549999237060547,62786,CMBT.BR,Tanker,2026-09-22
2006-06-09,4.684516906738281,19.969999313354492,20.049999237060547,20.34000015258789,19.700000762939453,115896,CMBT.BR,Tanker,2026-09-22
2006-06-12,4.649331569671631,19.81999969482422,19.989999771118164,20.0,19.510000228881836,34559,CMBT.BR,Tanker,2026-09-22
2006-06-13,4.663404941558838,19.8799991607666,19.540000915527344,20.0,19.299999237060547,61861,CMBT.BR,Tanker,2026-09-22
2006-06-14,4.623528003692627,19.709999084472656,19.989999771118164,20.0,19.31999969482422,29781,CMBT.BR,Tanker,2026-09-22
2006-06-15,4.874525547027588,20.780000686645508,19.959999084472656,20.799999237060547,19.780000686645508,62685,CMBT.BR,Tanker,2026-09-22
2006-06-16,4.771311283111572,20.34000015258789,20.81999969482422,20.959999084472656,19.75,68211,CMBT.BR,Tanker,2026-09-22
2006-06-19,5.076261520385742,21.639999389648438,20.639999389648438,22.0,20.549999237060547,104764,CMBT.BR,Tanker,2026-09-22
2006-06-20,5.019964694976807,21.399999618530273,21.489999771118164,21.68000030517578,20.860000610351562,60499,CMBT.BR,Tanker,2026-09-22
2006-06-21,5.132559299468994,21.8799991607666,21.709999084472656,21.989999771118164,21.18000030517578,40690,CMBT.BR,Tanker,2026-09-22
2006-06-22,5.324915409088135,22.700000762939453,22.0,22.93000030517578,22.0,167837,CMBT.BR,Tanker,2026-09-22
2006-06-23,5.20527982711792,22.190000534057617,23.0,23.149999618530273,22.190000534057617,87295,CMBT.BR,Tanker,2026-09-22
2006-06-26,5.273308277130127,22.479999542236328,22.530000686645508,22.799999237060547,22.0,42258,CMBT.BR,Tanker,2026-09-22
2006-06-27,5.306148052215576,22.6200008392334,22.809999465942383,22.899999618530273,22.399999618530273,56515,CMBT.BR,Tanker,2026-09-22
2006-06-28,5.301456928253174,22.600000381469727,22.75,22.75,22.450000762939453,93490,CMBT.BR,Tanker,2026-09-22
2006-06-29,5.500848770141602,23.450000762939453,22.950000762939453,23.5,22.719999313354492,166017,CMBT.BR,Tanker,2026-09-22
2006-06-30,5.643939971923828,24.059999465942383,23.530000686645508,24.299999237060547,23.489999771118164,110679,CMBT.BR,Tanker,2026-09-22
2006-07-03,5.629864692687988,24.0,24.09000015258789,24.100000381469727,23.559999465942383,90579,CMBT.BR,Tanker,2026-09-22
2006-07-04,5.622828960418701,23.969999313354492,23.649999618530273,23.969999313354492,23.6200008392334,43897,CMBT.BR,Tanker,2026-09-22
2006-07-05,5.57122278213501,23.75,23.799999237060547,24.0,23.649999618530273,57640,CMBT.BR,Tanker,2026-09-22
2006-07-06,5.627519130706787,23.989999771118164,23.75,24.0,23.709999084472656,107872,CMBT.BR,Tanker,2026-09-22
2006-07-07,5.575913429260254,23.770000457763672,23.989999771118164,24.020000457763672,23.770000457763672,55108,CMBT.BR,Tanker,2026-09-22
2006-07-10,5.68381929397583,24.229999542236328,23.770000457763672,24.399999618530273,23.770000457763672,101800,CMBT.BR,Tanker,2026-09-22
2006-07-11,5.749500274658203,24.510000228881836,24.440000534057617,24.739999771118164,24.280000686645508,122636,CMBT.BR,Tanker,2026-09-22
2006-07-12,5.829256057739258,24.850000381469727,24.489999771118164,25.260000228881836,24.260000228881836,158864,CMBT.BR,Tanker,2026-09-22
2006-07-13,5.7682671546936035,24.59000015258789,25.149999618530273,25.149999618530273,24.209999084472656,91315,CMBT.BR,Tanker,2026-09-22
2006-07-14,5.716659069061279,24.3700008392334,24.399999618530273,25.100000381469727,24.25,80560,CMBT.BR,Tanker,2026-09-22
2006-07-17,5.655669212341309,24.110000610351562,24.479999542236328,24.479999542236328,23.950000762939453,32866,CMBT.BR,Tanker,2026-09-22
2006-07-18,5.68381929397583,24.229999542236328,24.190000534057617,24.979999542236328,23.899999618530273,33988,CMBT.BR,Tanker,2026-09-22
2006-07-19,5.876172065734863,25.049999237060547,24.549999237060547,25.200000762939453,24.0,85728,CMBT.BR,Tanker,2026-09-22
2006-07-20,5.831602573394775,24.860000610351562,25.040000915527344,25.200000762939453,24.6200008392334,57618,CMBT.BR,Tanker,2026-09-22
2006-07-21,5.782341480255127,24.649999618530273,25.18000030517578,25.190000534057617,24.649999618530273,38001,CMBT.BR,Tanker,2026-09-22
2006-07-24,5.979385852813721,25.489999771118164,25.09000015258789,25.489999771118164,24.959999084472656,134825,CMBT.BR,Tanker,2026-09-22
2006-07-25,5.955928802490234,25.389999389648438,25.479999542236328,25.700000762939453,25.200000762939453,80361,CMBT.BR,Tanker,2026-09-22
2006-07-26,5.852716445922852,24.950000762939453,24.510000228881836,25.200000762939453,24.510000228881836,465575,CMBT.BR,Tanker,2026-09-22
2006-07-27,5.8269124031066895,24.84000015258789,24.739999771118164,25.030000686645508,24.700000762939453,62528,CMBT.BR,Tanker,2026-09-22
2006-07-28,5.817527770996094,24.799999237060547,24.989999771118164,25.0,24.649999618530273,32856,CMBT.BR,Tanker,2026-09-22
2006-07-31,6.0896382331848145,25.959999084472656,24.989999771118164,26.0,24.850000381469727,227380,CMBT.BR,Tanker,2026-09-22
2006-08-01,5.972348690032959,25.459999084472656,25.799999237060547,25.850000381469727,25.299999237060547,128244,CMBT.BR,Tanker,2026-09-22
2006-08-02,6.124823570251465,26.110000610351562,25.5,26.110000610351562,25.350000381469727,98067,CMBT.BR,Tanker,2026-09-22
2006-08-03,6.09667444229126,25.989999771118164,26.079999923706055,26.079999923706055,25.5,95322,CMBT.BR,Tanker,2026-09-22
2006-08-04,5.979385852813721,25.489999771118164,26.0,26.0,25.489999771118164,38125,CMBT.BR,Tanker,2026-09-22
2006-08-07,5.944199085235596,25.34000015258789,25.450000762939453,25.450000762939453,25.100000381469727,35955,CMBT.BR,Tanker,2026-09-22
2006-08-08,6.073215961456299,25.889999389648438,25.239999771118164,25.979999542236328,25.020000457763672,170893,CMBT.BR,Tanker,2026-09-22
2006-08-09,6.204581260681152,26.450000762939453,25.510000228881836,26.649999618530273,25.510000228881836,197134,CMBT.BR,Tanker,2026-09-22
2006-08-10,6.099019527435303,26.0,26.459999084472656,26.459999084472656,25.81999969482422,47585,CMBT.BR,Tanker,2026-09-22
2006-08-11,6.07790994644165,25.90999984741211,26.290000915527344,26.299999237060547,25.860000610351562,44854,CMBT.BR,Tanker,2026-09-22
2006-08-14,6.115441799163818,26.06999969482422,26.170000076293945,26.170000076293945,25.90999984741211,20844,CMBT.BR,Tanker,2026-09-22
2006-08-15,6.0896382331848145,25.959999084472656,26.170000076293945,26.18000030517578,25.770000457763672,27778,CMBT.BR,Tanker,2026-09-22
2006-08-16,6.0286478996276855,25.700000762939453,26.0,26.0,25.420000076293945,71144,CMBT.BR,Tanker,2026-09-22
2006-08-17,6.016917705535889,25.649999618530273,25.809999465942383,25.959999084472656,25.649999618530273,72673,CMBT.BR,Tanker,2026-09-22
2006-08-18,6.054450988769531,25.809999465942383,25.700000762939453,25.989999771118164,25.700000762939453,132249,CMBT.BR,Tanker,2026-09-22
2006-08-21,6.157665729522705,26.25,25.989999771118164,26.25,25.8700008392334,54399,CMBT.BR,Tanker,2026-09-22
2006-08-22,6.272608280181885,26.739999771118164,26.0,26.739999771118164,25.940000534057617,200029,CMBT.BR,Tanker,2026-09-22
2006-08-23,6.389897346496582,27.239999771118164,26.739999771118164,27.350000381469727,26.549999237060547,120046,CMBT.BR,Tanker,2026-09-22
2006-08-24,6.331254482269287,26.989999771118164,27.239999771118164,27.450000762939453,26.75,91278,CMBT.BR,Tanker,2026-09-22
2006-08-25,6.448542594909668,27.489999771118164,26.850000381469727,27.489999771118164,26.719999313354492,86004,CMBT.BR,Tanker,2026-09-22
2006-08-28,6.425082683563232,27.389999389648438,27.479999542236328,27.489999771118164,27.030000686645508,84961,CMBT.BR,Tanker,2026-09-22
2006-08-29,6.289028167724609,26.809999465942383,27.389999389648438,27.469999313354492,26.709999084472656,51703,CMBT.BR,Tanker,2026-09-22
2006-08-30,6.2749552726745605,26.75,27.139999389648438,27.239999771118164,26.530000686645508,66599,CMBT.BR,Tanker,2026-09-22
2006-08-31,6.352365016937256,27.079999923706055,26.889999389648438,27.239999771118164,26.739999771118164,90897,CMBT.BR,Tanker,2026-09-22
2006-09-01,6.291375160217285,26.81999969482422,27.079999923706055,27.079999923706055,26.770000457763672,76860,CMBT.BR,Tanker,2026-09-22
2006-09-04,6.3289079666137695,26.979999542236328,26.860000610351562,27.100000381469727,26.850000381469727,29265,CMBT.BR,Tanker,2026-09-22
2006-09-05,6.366441249847412,27.139999389648438,27.1299991607666,27.139999389648438,26.860000610351562,51117,CMBT.BR,Tanker,2026-09-22
2006-09-06,6.25618839263916,26.670000076293945,27.139999389648438,27.139999389648438,26.510000228881836,43035,CMBT.BR,Tanker,2026-09-22
2006-09-07,6.281991958618164,26.780000686645508,26.510000228881836,27.0,26.510000228881836,64085,CMBT.BR,Tanker,2026-09-22
2006-09-08,6.1177873611450195,26.079999923706055,26.639999389648438,26.950000762939453,25.510000228881836,80061,CMBT.BR,Tanker,2026-09-22
2006-09-11,6.002845287322998,25.59000015258789,26.06999969482422,26.290000915527344,25.25,101930,CMBT.BR,Tanker,2026-09-22
2006-09-12,5.960620403289795,25.40999984741211,25.110000610351562,25.68000030517578,25.110000610351562,93976,CMBT.BR,Tanker,2026-09-22
2006-09-13,5.965311527252197,25.43000030517578,25.700000762939453,25.700000762939453,25.43000030517578,99099,CMBT.BR,Tanker,2026-09-22
2006-09-14,6.014573574066162,25.639999389648438,25.43000030517578,25.639999389648438,25.43000030517578,135011,CMBT.BR,Tanker,2026-09-22
2006-09-15,6.026302814483643,25.690000534057617,25.84000015258789,25.84000015258789,25.43000030517578,57598,CMBT.BR,Tanker,2026-09-22
2006-09-18,5.98173189163208,25.5,25.6200008392334,25.6200008392334,25.43000030517578,12275,CMBT.BR,Tanker,2026-09-22
2006-09-19,6.143591403961182,26.190000534057617,25.600000381469727,26.190000534057617,25.479999542236328,122682,CMBT.BR,Tanker,2026-09-22
2006-09-20,6.129515647888184,26.1299991607666,26.149999618530273,26.479999542236328,26.06999969482422,39297,CMBT.BR,Tanker,2026-09-22
2006-09-21,6.110751152038574,26.049999237060547,26.459999084472656,26.459999084472656,25.850000381469727,81125,CMBT.BR,Tanker,2026-09-22
2006-09-22,6.0075364112854,25.610000610351562,26.049999237060547,26.100000381469727,25.5,119181,CMBT.BR,Tanker,2026-09-22
2006-09-25,5.911359786987305,25.200000762939453,26.0,26.0,25.200000762939453,59881,CMBT.BR,Tanker,2026-09-22
2006-09-26,5.979385852813721,25.489999771118164,25.329999923706055,25.799999237060547,25.200000762939453,53579,CMBT.BR,Tanker,2026-09-22
2006-09-27,5.99580717086792,25.559999465942383,25.649999618530273,25.799999237060547,25.5,45547,CMBT.BR,Tanker,2026-09-22
2006-09-28,6.016917705535889,25.649999618530273,25.520000457763672,25.690000534057617,25.5,10895,CMBT.BR,Tanker,2026-09-22
2006-09-29,6.002845287322998,25.59000015258789,25.709999084472656,25.8700008392334,25.360000610351562,23252,CMBT.BR,Tanker,2026-09-22
2006-10-02,6.005188941955566,25.600000381469727,25.940000534057617,25.940000534057617,25.450000762939453,20937,CMBT.BR,Tanker,2026-09-22
2006-10-03,5.958273410797119,25.399999618530273,25.739999771118164,25.739999771118164,25.049999237060547,73500,CMBT.BR,Tanker,2026-09-22
2006-10-04,5.864445209503174,25.0,25.030000686645508,25.360000610351562,24.649999618530273,231837,CMBT.BR,Tanker,2026-09-22
2006-10-05,5.9137043952941895,25.209999084472656,25.389999389648438,25.389999389648438,25.100000381469727,167853,CMBT.BR,Tanker,2026-09-22
2006-10-06,5.864445209503174,25.0,25.1200008392334,25.350000381469727,25.0,54232,CMBT.BR,Tanker,2026-09-22
2006-10-09,5.629864692687988,24.0,24.959999084472656,24.959999084472656,23.90999984741211,349065,CMBT.BR,Tanker,2026-09-22
2006-10-10,5.723698139190674,24.399999618530273,24.469999313354492,24.719999313354492,23.200000762939453,403027,CMBT.BR,Tanker,2026-09-22
2006-10-11,5.805800437927246,24.75,24.739999771118164,24.979999542236328,24.399999618530273,82027,CMBT.BR,Tanker,2026-09-22
2006-10-12,5.862096786499023,24.989999771118164,24.829999923706055,25.15999984741211,24.420000076293945,88796,CMBT.BR,Tanker,2026-09-22
2006-10-13,5.920740127563477,25.239999771118164,25.100000381469727,25.389999389648438,24.799999237060547,65647,CMBT.BR,Tanker,2026-09-22
2006-10-16,5.758883476257324,24.549999237060547,24.950000762939453,25.5,24.510000228881836,106315,CMBT.BR,Tanker,2026-09-22
2006-10-17,5.805800437927246,24.75,24.690000534057617,25.18000030517578,24.600000381469727,78772,CMBT.BR,Tanker,2026-09-22
2006-10-18,5.81283712387085,24.780000686645508,24.719999313354492,24.950000762939453,24.549999237060547,50982,CMBT.BR,Tanker,2026-09-22
2006-10-19,5.932472229003906,25.290000915527344,24.93000030517578,25.290000915527344,24.6299991607666,97987,CMBT.BR,Tanker,2026-09-22
2006-10-20,5.777649879455566,24.6299991607666,25.40999984741211,25.440000534057617,24.56999969482422,99674,CMBT.BR,Tanker,2026-09-22
2006-10-23,5.8269124031066895,24.84000015258789,25.0,25.0,24.639999389648438,59677,CMBT.BR,Tanker,2026-09-22
2006-10-24,5.9465460777282715,25.350000381469727,24.670000076293945,25.360000610351562,24.670000076293945,91713,CMBT.BR,Tanker,2026-09-22
2006-10-25,5.791725158691406,24.690000534057617,24.920000076293945,24.959999084472656,24.1299991607666,330035,CMBT.BR,Tanker,2026-09-22
2006-10-26,5.796416759490967,24.709999084472656,25.059999465942383,25.43000030517578,24.700000762939453,110691,CMBT.BR,Tanker,2026-09-22
2006-10-27,5.728386878967285,24.420000076293945,24.700000762939453,24.889999389648438,24.420000076293945,83442,CMBT.BR,Tanker,2026-09-22
2006-10-30,5.606407642364502,23.899999618530273,24.360000610351562,24.520000457763672,23.899999618530273,115652,CMBT.BR,Tanker,2026-09-22
2006-10-31,5.665053367614746,24.149999618530273,23.8700008392334,24.299999237060547,23.8700008392334,209322,CMBT.BR,Tanker,2026-09-22
2006-11-01,5.629864692687988,24.0,24.200000762939453,24.200000762939453,23.920000076293945,36245,CMBT.BR,Tanker,2026-09-22
2006-11-02,5.634556770324707,24.020000457763672,23.860000610351562,24.329999923706055,23.860000610351562,84065,CMBT.BR,Tanker,2026-09-22
2006-11-03,5.763575077056885,24.56999969482422,23.920000076293945,24.56999969482422,23.8799991607666,77509,CMBT.BR,Tanker,2026-09-22
2006-11-06,5.737771034240723,24.459999084472656,24.670000076293945,24.68000030517578,24.200000762939453,67172,CMBT.BR,Tanker,2026-09-22
2006-11-07,5.904321670532227,25.170000076293945,24.719999313354492,25.200000762939453,24.600000381469727,221183,CMBT.BR,Tanker,2026-09-22
2006-11-08,5.941853046417236,25.329999923706055,25.270000457763672,25.5,25.270000457763672,91295,CMBT.BR,Tanker,2026-09-22
2006-11-09,6.061488151550293,25.84000015258789,25.510000228881836,25.889999389648438,25.5,138439,CMBT.BR,Tanker,2026-09-22
2006-11-10,6.016917705535889,25.649999618530273,25.889999389648438,25.889999389648438,25.600000381469727,147398,CMBT.BR,Tanker,2026-09-22
2006-11-13,6.038031578063965,25.739999771118164,25.8799991607666,25.899999618530273,25.700000762939453,95754,CMBT.BR,Tanker,2026-09-22
2006-11-14,6.0286478996276855,25.700000762939453,26.0,26.0,25.610000610351562,75382,CMBT.BR,Tanker,2026-09-22
2006-11-15,6.068526744842529,25.8700008392334,25.799999237060547,25.950000762939453,25.75,88038,CMBT.BR,Tanker,2026-09-22
2006-11-16,5.986423015594482,25.520000457763672,25.899999618530273,25.899999618530273,25.520000457763672,57800,CMBT.BR,Tanker,2026-09-22
2006-11-17,5.98173189163208,25.5,25.760000228881836,25.770000457763672,25.399999618530273,72446,CMBT.BR,Tanker,2026-09-22
2006-11-20,5.934817314147949,25.299999237060547,25.690000534057617,25.850000381469727,25.25,58709,CMBT.BR,Tanker,2026-09-22
2006-11-21,5.967659950256348,25.440000534057617,25.510000228881836,25.649999618530273,25.25,53331,CMBT.BR,Tanker,2026-09-22
2006-11-22,5.904321670532227,25.170000076293945,25.610000610351562,25.649999618530273,25.149999618530273,87537,CMBT.BR,Tanker,2026-09-22
2006-11-23,5.944199085235596,25.34000015258789,25.260000228881836,25.34000015258789,25.200000762939453,57755,CMBT.BR,Tanker,2026-09-22
2006-11-24,6.012226581573486,25.6299991607666,25.270000457763672,25.68000030517578,25.260000228881836,49407,CMBT.BR,Tanker,2026-09-22
2006-11-27,5.815182209014893,24.790000915527344,25.510000228881836,25.639999389648438,24.790000915527344,168497,CMBT.BR,Tanker,2026-09-22
2006-11-28,5.350718975067139,22.809999465942383,24.760000228881836,25.0,22.700000762939453,278627,CMBT.BR,Tanker,2026-09-22
2006-11-29,5.52430534362793,23.549999237060547,23.3700008392334,23.979999542236328,23.149999618530273,376988,CMBT.BR,Tanker,2026-09-22
2006-11-30,5.510231018066406,23.489999771118164,23.850000381469727,23.860000610351562,23.40999984741211,122663,CMBT.BR,Tanker,2026-09-22
2006-12-01,5.733078956604004,24.440000534057617,23.549999237060547,24.440000534057617,23.5,182782,CMBT.BR,Tanker,2026-09-22
2006-12-04,5.538380146026611,23.610000610351562,24.190000534057617,24.190000534057617,23.350000381469727,118730,CMBT.BR,Tanker,2026-09-22
2006-12-05,5.432819843292236,23.15999984741211,23.690000534057617,23.829999923706055,23.15999984741211,97413,CMBT.BR,Tanker,2026-09-22
2006-12-06,5.496156692504883,23.43000030517578,23.389999389648438,23.739999771118164,23.389999389648438,92929,CMBT.BR,Tanker,2026-09-22
2006-12-07,5.5055389404296875,23.469999313354492,23.520000457763672,23.799999237060547,23.25,87363,CMBT.BR,Tanker,2026-09-22
2006-12-08,5.547762870788574,23.649999618530273,23.790000915527344,23.850000381469727,23.610000610351562,76825,CMBT.BR,Tanker,2026-09-22
2006-12-11,5.575913429260254,23.770000457763672,23.84000015258789,23.850000381469727,23.5,120080,CMBT.BR,Tanker,2026-09-22
2006-12-12,5.547762870788574,23.649999618530273,23.760000228881836,23.799999237060547,23.6200008392334,88172,CMBT.BR,Tanker,2026-09-22
2006-12-13,5.489118576049805,23.399999618530273,23.65999984741211,23.84000015258789,23.200000762939453,183302,CMBT.BR,Tanker,2026-09-22
2006-12-14,5.575913429260254,23.770000457763672,23.600000381469727,23.770000457763672,23.399999618530273,151369,CMBT.BR,Tanker,2026-09-22
2006-12-15,5.564182758331299,23.719999313354492,23.790000915527344,23.799999237060547,23.540000915527344,181589,CMBT.BR,Tanker,2026-09-22
2006-12-18,5.627519130706787,23.989999771118164,23.889999389648438,23.989999771118164,23.729999542236328,77975,CMBT.BR,Tanker,2026-09-22
2006-12-19,5.43047571182251,23.149999618530273,23.600000381469727,23.700000762939453,23.059999465942383,185240,CMBT.BR,Tanker,2026-09-22
2006-12-20,5.385904312133789,22.959999084472656,23.200000762939453,23.440000534057617,22.959999084472656,131482,CMBT.BR,Tanker,2026-09-22
2006-12-21,5.360101222991943,22.850000381469727,22.959999084472656,23.440000534057617,22.850000381469727,109485,CMBT.BR,Tanker,2026-09-22
2006-12-22,5.317876815795898,22.670000076293945,22.889999389648438,23.139999389648438,22.670000076293945,85339,CMBT.BR,Tanker,2026-09-22
2006-12-27,5.327259540557861,22.709999084472656,23.110000610351562,23.1200008392334,22.709999084472656,64927,CMBT.BR,Tanker,2026-09-22
2006-12-28,5.346026420593262,22.790000915527344,22.860000610351562,22.989999771118164,22.639999389648438,62082,CMBT.BR,Tanker,2026-09-22
2006-12-29,5.3108391761779785,22.639999389648438,22.790000915527344,22.889999389648438,22.530000686645508,53255,CMBT.BR,Tanker,2026-09-22
2007-01-02,5.371830940246582,22.899999618530273,22.790000915527344,23.049999237060547,22.790000915527344,63688,CMBT.BR,Tanker,2026-09-22
2007-01-03,5.407016754150391,23.049999237060547,23.040000915527344,23.350000381469727,23.0,81946,CMBT.BR,Tanker,2026-09-22
2007-01-04,5.395288944244385,23.0,23.299999237060547,23.299999237060547,22.969999313354492,89252,CMBT.BR,Tanker,2026-09-22
2007-01-05,5.238121509552002,22.329999923706055,23.010000228881836,23.200000762939453,22.329999923706055,162491,CMBT.BR,Tanker,2026-09-22
2007-01-08,5.289726734161377,22.549999237060547,22.670000076293945,22.93000030517578,22.420000076293945,72076,CMBT.BR,Tanker,2026-09-22
2007-01-09,5.184168815612793,22.100000381469727,22.600000381469727,22.65999984741211,21.940000534057617,202992,CMBT.BR,Tanker,2026-09-22
2007-01-10,5.137251853942871,21.899999618530273,22.110000610351562,22.299999237060547,21.8799991607666,164375,CMBT.BR,Tanker,2026-09-22
2007-01-11,5.151327133178711,21.959999084472656,21.90999984741211,22.200000762939453,21.850000381469727,151737,CMBT.BR,Tanker,2026-09-22
2007-01-12,5.1747846603393555,22.059999465942383,22.290000915527344,22.299999237060547,21.979999542236328,99264,CMBT.BR,Tanker,2026-09-22
2007-01-15,5.242812156677246,22.350000381469727,22.290000915527344,22.360000610351562,22.1200008392334,82872,CMBT.BR,Tanker,2026-09-22
2007-01-16,5.277997970581055,22.5,22.399999618530273,22.68000030517578,22.270000457763672,100250,CMBT.BR,Tanker,2026-09-22
2007-01-17,5.266271114349365,22.450000762939453,22.690000534057617,22.690000534057617,22.200000762939453,179325,CMBT.BR,Tanker,2026-09-22
2007-01-18,5.139599323272705,21.90999984741211,22.5,22.5,21.90999984741211,152638,CMBT.BR,Tanker,2026-09-22
2007-01-19,5.2287373542785645,22.290000915527344,21.899999618530273,22.34000015258789,21.899999618530273,112755,CMBT.BR,Tanker,2026-09-22
2007-01-22,5.200588226318359,22.170000076293945,22.40999984741211,23.0,22.170000076293945,175373,CMBT.BR,Tanker,2026-09-22
2007-01-23,5.296764373779297,22.579999923706055,22.5,22.950000762939453,22.010000228881836,129854,CMBT.BR,Tanker,2026-09-22
2007-01-24,5.334296226501465,22.739999771118164,22.889999389648438,22.889999389648438,22.290000915527344,274612,CMBT.BR,Tanker,2026-09-22
2007-01-25,5.280343532562256,22.510000228881836,22.829999923706055,22.829999923706055,22.5,107890,CMBT.BR,Tanker,2026-09-22
2007-01-26,5.282690048217773,22.520000457763672,22.700000762939453,22.700000762939453,22.510000228881836,60851,CMBT.BR,Tanker,2026-09-22
2007-01-29,5.336642742156982,22.75,22.760000228881836,22.969999313354492,22.600000381469727,75242,CMBT.BR,Tanker,2026-09-22
2007-01-30,5.348371982574463,22.799999237060547,22.84000015258789,22.889999389648438,22.6200008392334,83149,CMBT.BR,Tanker,2026-09-22
2007-01-31,5.329606533050537,22.719999313354492,22.8799991607666,22.899999618530273,22.670000076293945,74238,CMBT.BR,Tanker,2026-09-22
2007-02-01,5.280343532562256,22.510000228881836,22.799999237060547,22.889999389648438,22.510000228881836,106214,CMBT.BR,Tanker,2026-09-22
2007-02-02,5.338988780975342,22.760000228881836,22.829999923706055,23.100000381469727,22.700000762939453,102668,CMBT.BR,Tanker,2026-09-22
2007-02-05,5.463315010070801,23.290000915527344,23.049999237060547,23.350000381469727,22.899999618530273,176395,CMBT.BR,Tanker,2026-09-22
2007-02-06,5.489118576049805,23.399999618530273,23.489999771118164,24.09000015258789,23.299999237060547,284272,CMBT.BR,Tanker,2026-09-22
2007-02-07,5.453933238983154,23.25,23.790000915527344,23.889999389648438,23.219999313354492,111976,CMBT.BR,Tanker,2026-09-22
2007-02-08,5.442203998565674,23.200000762939453,23.25,23.40999984741211,23.149999618530273,91708,CMBT.BR,Tanker,2026-09-22
2007-02-09,5.423437118530273,23.1200008392334,23.389999389648438,23.399999618530273,23.110000610351562,62180,CMBT.BR,Tanker,2026-09-22
2007-02-12,5.470353126525879,23.31999969482422,23.469999313354492,23.469999313354492,23.059999465942383,93877,CMBT.BR,Tanker,2026-09-22
2007-02-13,5.439857482910156,23.190000534057617,23.18000030517578,23.299999237060547,23.0,65888,CMBT.BR,Tanker,2026-09-22
2007-02-14,5.43047571182251,23.149999618530273,23.229999542236328,23.329999923706055,23.059999465942383,55781,CMBT.BR,Tanker,2026-09-22
2007-02-15,5.4680070877075195,23.309999465942383,23.3799991607666,23.399999618530273,23.149999618530273,38672,CMBT.BR,Tanker,2026-09-22
2007-02-16,5.397634506225586,23.010000228881836,23.3799991607666,23.5,23.010000228881836,59457,CMBT.BR,Tanker,2026-09-22
2007-02-19,5.397634506225586,23.010000228881836,23.200000762939453,23.239999771118164,23.0,57553,CMBT.BR,Tanker,2026-09-22
2007-02-20,5.407016754150391,23.049999237060547,23.100000381469727,23.15999984741211,22.979999542236328,80517,CMBT.BR,Tanker,2026-09-22
2007-02-21,5.498501777648926,23.440000534057617,23.100000381469727,23.479999542236328,23.010000228881836,44141,CMBT.BR,Tanker,2026-09-22
2007-02-22,5.547762870788574,23.649999618530273,23.489999771118164,23.649999618530273,23.360000610351562,54446,CMBT.BR,Tanker,2026-09-22
2007-02-23,5.662707805633545,24.139999389648438,23.81999969482422,24.139999389648438,23.649999618530273,220156,CMBT.BR,Tanker,2026-09-22
2007-02-26,5.756537914276123,24.540000915527344,24.25,24.649999618530273,24.25,122617,CMBT.BR,Tanker,2026-09-22
2007-02-27,5.470353126525879,23.31999969482422,24.59000015258789,24.59000015258789,23.25,154353,CMBT.BR,Tanker,2026-09-22
2007-02-28,5.357756614685059,22.84000015258789,23.010000228881836,23.280000686645508,22.739999771118164,159061,CMBT.BR,Tanker,2026-09-22
2007-03-01,5.277997970581055,22.5,23.34000015258789,23.489999771118164,22.5,146046,CMBT.BR,Tanker,2026-09-22
2007-03-02,5.36713981628418,22.8799991607666,22.649999618530273,22.90999984741211,22.510000228881836,98568,CMBT.BR,Tanker,2026-09-22
2007-03-05,5.277997970581055,22.5,22.510000228881836,22.600000381469727,22.25,85842,CMBT.BR,Tanker,2026-09-22
2007-03-06,5.233428478240967,22.309999465942383,22.559999465942383,22.600000381469727,22.219999313354492,196716,CMBT.BR,Tanker,2026-09-22
2007-03-07,5.266271114349365,22.450000762939453,22.40999984741211,22.649999618530273,22.200000762939453,181889,CMBT.BR,Tanker,2026-09-22
2007-03-08,5.439857482910156,23.190000534057617,22.489999771118164,23.190000534057617,22.420000076293945,155964,CMBT.BR,Tanker,2026-09-22
2007-03-09,5.446894645690918,23.219999313354492,23.200000762939453,23.729999542236328,23.010000228881836,225336,CMBT.BR,Tanker,2026-09-22
2007-03-12,5.5594940185546875,23.700000762939453,23.700000762939453,23.850000381469727,23.420000076293945,155753,CMBT.BR,Tanker,2026-09-22
2007-03-13,5.53603458404541,23.600000381469727,23.75,23.829999923706055,23.510000228881836,77286,CMBT.BR,Tanker,2026-09-22
2007-03-14,5.418745517730713,23.100000381469727,23.399999618530273,23.399999618530273,23.020000457763672,113806,CMBT.BR,Tanker,2026-09-22
2007-03-15,5.484427452087402,23.3799991607666,23.350000381469727,23.489999771118164,23.200000762939453,48833,CMBT.BR,Tanker,2026-09-22
2007-03-16,5.665053367614746,24.149999618530273,23.3799991607666,24.149999618530273,23.020000457763672,177555,CMBT.BR,Tanker,2026-09-22
2007-03-19,5.7682671546936035,24.59000015258789,24.200000762939453,24.700000762939453,24.040000915527344,132629,CMBT.BR,Tanker,2026-09-22
2007-03-20,5.676780700683594,24.200000762939453,24.670000076293945,24.670000076293945,23.860000610351562,158149,CMBT.BR,Tanker,2026-09-22
2007-03-21,5.709621429443359,24.34000015258789,24.399999618530273,24.450000762939453,24.049999237060547,93146,CMBT.BR,Tanker,2026-09-22
2007-03-22,5.897283554077148,25.139999389648438,24.5,25.18000030517578,24.450000762939453,251643,CMBT.BR,Tanker,2026-09-22
2007-03-23,5.8925933837890625,25.1200008392334,25.239999771118164,25.239999771118164,24.799999237060547,190181,CMBT.BR,Tanker,2026-09-22
2007-03-26,5.901975154876709,25.15999984741211,25.389999389648438,25.389999389648438,25.010000228881836,103063,CMBT.BR,Tanker,2026-09-22
2007-03-27,5.8269124031066895,24.84000015258789,25.200000762939453,25.200000762939453,24.84000015258789,195361,CMBT.BR,Tanker,2026-09-22
2007-03-28,5.866788387298584,25.010000228881836,25.049999237060547,25.239999771118164,24.959999084472656,57988,CMBT.BR,Tanker,2026-09-22
2007-03-29,5.8785200119018555,25.059999465942383,25.110000610351562,25.229999542236328,25.0,50038,CMBT.BR,Tanker,2026-09-22
2007-03-30,5.909013271331787,25.190000534057617,25.229999542236328,25.239999771118164,25.040000915527344,72468,CMBT.BR,Tanker,2026-09-22
2007-04-02,5.958273410797119,25.399999618530273,25.110000610351562,25.420000076293945,25.110000610351562,66844,CMBT.BR,Tanker,2026-09-22
2007-04-03,6.038031578063965,25.739999771118164,25.399999618530273,25.75,25.34000015258789,103026,CMBT.BR,Tanker,2026-09-22
2007-04-04,5.991115570068359,25.540000915527344,25.600000381469727,25.700000762939453,25.520000457763672,56834,CMBT.BR,Tanker,2026-09-22
2007-04-05,5.92543363571167,25.260000228881836,25.489999771118164,25.489999771118164,25.18000030517578,56916,CMBT.BR,Tanker,2026-09-22
2007-04-10,5.955928802490234,25.389999389648438,25.299999237060547,25.68000030517578,25.209999084472656,41303,CMBT.BR,Tanker,2026-09-22
2007-04-11,6.000498294830322,25.579999923706055,25.399999618530273,25.690000534057617,25.299999237060547,54111,CMBT.BR,Tanker,2026-09-22
2007-04-12,5.955928802490234,25.389999389648438,25.579999923706055,25.649999618530273,25.299999237060547,49880,CMBT.BR,Tanker,2026-09-22
2007-04-13,5.979385852813721,25.489999771118164,25.5,25.639999389648438,25.43000030517578,68998,CMBT.BR,Tanker,2026-09-22
2007-04-16,6.12247896194458,26.100000381469727,25.549999237060547,26.34000015258789,25.450000762939453,178468,CMBT.BR,Tanker,2026-09-22
2007-04-17,6.0826005935668945,25.93000030517578,26.450000762939453,26.450000762939453,25.93000030517578,248444,CMBT.BR,Tanker,2026-09-22
2007-04-18,6.145936965942383,26.200000762939453,26.25,26.280000686645508,25.5,138182,CMBT.BR,Tanker,2026-09-22
2007-04-19,6.0075364112854,25.610000610351562,26.190000534057617,26.190000534057617,25.25,231774,CMBT.BR,Tanker,2026-09-22
2007-04-20,6.070870399475098,25.8799991607666,25.56999969482422,26.0,25.43000030517578,95470,CMBT.BR,Tanker,2026-09-22
2007-04-23,6.052106857299805,25.799999237060547,25.799999237060547,26.18000030517578,25.799999237060547,109557,CMBT.BR,Tanker,2026-09-22
2007-04-24,6.056797981262207,25.81999969482422,25.799999237060547,25.950000762939453,25.649999618530273,122750,CMBT.BR,Tanker,2026-09-22
2007-04-25,5.98173189163208,25.5,25.81999969482422,25.81999969482422,25.399999618530273,216238,CMBT.BR,Tanker,2026-09-22
2007-04-26,6.026302814483643,25.690000534057617,25.399999618530273,25.780000686645508,25.399999618530273,128818,CMBT.BR,Tanker,2026-09-22
2007-04-27,5.976104259490967,23.809999465942383,24.700000762939453,24.700000762939453,23.0,296847,CMBT.BR,Tanker,2026-09-22
2007-04-30,6.20199728012085,24.709999084472656,24.170000076293945,24.829999923706055,24.020000457763672,104173,CMBT.BR,Tanker,2026-09-22
2007-05-02,6.382709503173828,25.43000030517578,25.0,25.43000030517578,24.65999984741211,244570,CMBT.BR,Tanker,2026-09-22
2007-05-03,6.450477600097656,25.700000762939453,25.5,25.700000762939453,25.420000076293945,198581,CMBT.BR,Tanker,2026-09-22
2007-05-04,6.515735149383545,25.959999084472656,25.770000457763672,26.100000381469727,25.559999465942383,231083,CMBT.BR,Tanker,2026-09-22
2007-05-07,6.4831061363220215,25.829999923706055,25.979999542236328,25.979999542236328,25.6200008392334,97707,CMBT.BR,Tanker,2026-09-22
2007-05-08,6.525773048400879,26.0,25.6200008392334,26.0,25.31999969482422,143336,CMBT.BR,Tanker,2026-09-22
2007-05-09,6.455496788024902,25.719999313354492,25.950000762939453,25.979999542236328,25.6200008392334,79218,CMBT.BR,Tanker,2026-09-22
2007-05-10,6.523264408111572,25.989999771118164,25.719999313354492,26.0,25.219999313354492,215132,CMBT.BR,Tanker,2026-09-22
2007-05-11,6.520755290985107,25.979999542236328,25.799999237060547,25.979999542236328,25.350000381469727,65236,CMBT.BR,Tanker,2026-09-22
2007-05-14,6.525773048400879,26.0,25.899999618530273,26.020000457763672,25.75,160460,CMBT.BR,Tanker,2026-09-22
2007-05-15,6.520755290985107,25.979999542236328,25.700000762939453,26.0,25.700000762939453,113648,CMBT.BR,Tanker,2026-09-22
2007-05-16,6.523264408111572,25.989999771118164,25.649999618530273,25.989999771118164,25.649999618530273,131208,CMBT.BR,Tanker,2026-09-22
2007-05-17,6.563423156738281,26.149999618530273,25.850000381469727,26.239999771118164,25.850000381469727,138697,CMBT.BR,Tanker,2026-09-22
2007-05-18,6.575973987579346,26.200000762939453,26.0,26.25,25.989999771118164,75002,CMBT.BR,Tanker,2026-09-22
2007-05-21,6.696449279785156,26.68000030517578,26.25,26.68000030517578,26.100000381469727,98117,CMBT.BR,Tanker,2026-09-22
2007-05-22,6.749156951904297,26.889999389648438,26.5,26.940000534057617,26.34000015258789,99877,CMBT.BR,Tanker,2026-09-22
2007-05-23,6.764216423034668,26.950000762939453,26.850000381469727,26.950000762939453,26.6299991607666,83014,CMBT.BR,Tanker,2026-09-22
2007-05-24,6.784296035766602,27.030000686645508,26.899999618530273,27.030000686645508,26.360000610351562,133388,CMBT.BR,Tanker,2026-09-22
2007-05-25,6.734097480773926,26.829999923706055,26.899999618530273,26.989999771118164,26.6200008392334,117377,CMBT.BR,Tanker,2026-09-22
2007-05-28,6.749156951904297,26.889999389648438,26.829999923706055,26.899999618530273,26.670000076293945,4912,CMBT.BR,Tanker,2026-09-22
2007-05-29,6.6788811683654785,26.610000610351562,26.670000076293945,26.84000015258789,26.299999237060547,93928,CMBT.BR,Tanker,2026-09-22
2007-05-30,6.716529846191406,26.760000228881836,26.299999237060547,26.850000381469727,26.049999237060547,105862,CMBT.BR,Tanker,2026-09-22
2007-05-31,6.927361011505127,27.600000381469727,26.850000381469727,27.799999237060547,26.56999969482422,666197,CMBT.BR,Tanker,2026-09-22
2007-06-01,6.932381629943848,27.6200008392334,27.100000381469727,27.760000228881836,27.100000381469727,160812,CMBT.BR,Tanker,2026-09-22
2007-06-04,6.99763822555542,27.8799991607666,27.739999771118164,27.950000762939453,27.170000076293945,173538,CMBT.BR,Tanker,2026-09-22
2007-06-05,7.1281538009643555,28.399999618530273,27.959999084472656,28.6200008392334,27.860000610351562,481873,CMBT.BR,Tanker,2026-09-22
2007-06-06,6.829473972320557,27.209999084472656,28.399999618530273,28.399999618530273,27.110000610351562,114192,CMBT.BR,Tanker,2026-09-22
2007-06-07,6.623660087585449,26.389999389648438,27.079999923706055,27.360000610351562,25.809999465942383,213394,CMBT.BR,Tanker,2026-09-22
2007-06-08,6.671350002288818,26.579999923706055,25.950000762939453,26.989999771118164,25.290000915527344,217119,CMBT.BR,Tanker,2026-09-22
2007-06-11,6.764216423034668,26.950000762939453,26.34000015258789,27.219999313354492,26.34000015258789,91212,CMBT.BR,Tanker,2026-09-22
2007-06-12,6.771746635437012,26.979999542236328,27.0,27.200000762939453,26.719999313354492,84031,CMBT.BR,Tanker,2026-09-22
2007-06-13,6.676370620727539,26.600000381469727,27.0,27.0,26.1200008392334,106220,CMBT.BR,Tanker,2026-09-22
2007-06-14,6.721547603607178,26.780000686645508,26.739999771118164,26.989999771118164,26.299999237060547,129962,CMBT.BR,Tanker,2026-09-22
2007-06-15,6.693938732147217,26.670000076293945,26.780000686645508,26.950000762939453,26.5,64134,CMBT.BR,Tanker,2026-09-22
2007-06-18,6.741627216339111,26.860000610351562,26.600000381469727,27.1200008392334,26.600000381469727,75758,CMBT.BR,Tanker,2026-09-22
2007-06-19,6.801865577697754,27.100000381469727,26.700000762939453,27.139999389648438,26.700000762939453,40171,CMBT.BR,Tanker,2026-09-22
2007-06-20,6.781787395477295,27.020000457763672,27.139999389648438,27.5,26.8799991607666,134042,CMBT.BR,Tanker,2026-09-22
2007-06-21,6.804376602172852,27.110000610351562,26.989999771118164,27.3700008392334,26.799999237060547,128748,CMBT.BR,Tanker,2026-09-22
2007-06-22,6.736607551574707,26.84000015258789,26.84000015258789,27.100000381469727,26.75,159844,CMBT.BR,Tanker,2026-09-22
2007-06-25,6.731588840484619,26.81999969482422,26.510000228881836,26.979999542236328,26.299999237060547,72343,CMBT.BR,Tanker,2026-09-22
2007-06-26,6.734097480773926,26.829999923706055,26.5,26.8799991607666,26.350000381469727,116812,CMBT.BR,Tanker,2026-09-22
2007-06-27,6.618641376495361,26.3700008392334,26.5,26.65999984741211,26.0,141538,CMBT.BR,Tanker,2026-09-22
2007-06-28,6.746647834777832,26.8799991607666,26.200000762939453,26.959999084472656,26.06999969482422,83948,CMBT.BR,Tanker,2026-09-22
2007-06-29,6.769237518310547,26.969999313354492,26.770000457763672,26.989999771118164,26.459999084472656,100394,CMBT.BR,Tanker,2026-09-22
2007-07-02,6.586012840270996,26.239999771118164,26.979999542236328,26.979999542236328,26.020000457763672,110421,CMBT.BR,Tanker,2026-09-22
2007-07-03,6.879673004150391,27.40999984741211,26.299999237060547,27.450000762939453,26.299999237060547,201735,CMBT.BR,Tanker,2026-09-22
2007-07-04,6.744138717651367,26.8700008392334,27.209999084472656,27.399999618530273,26.729999542236328,158939,CMBT.BR,Tanker,2026-09-22
2007-07-05,6.726568222045898,26.799999237060547,26.700000762939453,26.979999542236328,26.610000610351562,111977,CMBT.BR,Tanker,2026-09-22
2007-07-06,6.776766300201416,27.0,26.969999313354492,27.139999389648438,26.299999237060547,91732,CMBT.BR,Tanker,2026-09-22
2007-07-09,6.922341823577881,27.579999923706055,26.8799991607666,27.649999618530273,26.81999969482422,95804,CMBT.BR,Tanker,2026-09-22
2007-07-10,6.939910411834717,27.649999618530273,27.5,27.75,27.3700008392334,160617,CMBT.BR,Tanker,2026-09-22
2007-07-11,6.8947319984436035,27.469999313354492,27.389999389648438,27.579999923706055,26.979999542236328,139475,CMBT.BR,Tanker,2026-09-22
2007-07-12,6.970029830932617,27.770000457763672,27.270000457763672,28.030000686645508,27.139999389648438,91090,CMBT.BR,Tanker,2026-09-22
2007-07-13,7.070425987243652,28.170000076293945,28.0,28.190000534057617,27.760000228881836,107686,CMBT.BR,Tanker,2026-09-22
2007-07-16,6.987600326538086,27.84000015258789,28.200000762939453,28.200000762939453,27.600000381469727,34978,CMBT.BR,Tanker,2026-09-22
2007-07-17,6.834493637084961,27.229999542236328,27.84000015258789,27.84000015258789,27.010000228881836,83663,CMBT.BR,Tanker,2026-09-22
2007-07-18,6.842025279998779,27.260000228881836,27.049999237060547,27.43000030517578,26.959999084472656,115048,CMBT.BR,Tanker,2026-09-22
2007-07-19,6.82696533203125,27.200000762939453,27.1200008392334,27.299999237060547,27.010000228881836,52044,CMBT.BR,Tanker,2026-09-22
2007-07-20,6.801865577697754,27.100000381469727,27.200000762939453,27.200000762939453,27.030000686645508,60520,CMBT.BR,Tanker,2026-09-22
2007-07-23,6.776766300201416,27.0,27.0,27.18000030517578,26.75,70324,CMBT.BR,Tanker,2026-09-22
2007-07-24,6.7591962814331055,26.93000030517578,26.979999542236328,27.200000762939453,26.75,122865,CMBT.BR,Tanker,2026-09-22
2007-07-25,6.513225555419922,25.950000762939453,27.100000381469727,27.100000381469727,25.860000610351562,182643,CMBT.BR,Tanker,2026-09-22
2007-07-26,6.488125801086426,25.850000381469727,26.049999237060547,26.469999313354492,25.59000015258789,132004,CMBT.BR,Tanker,2026-09-22
2007-07-27,6.463028430938721,25.75,25.5,25.989999771118164,25.260000228881836,97011,CMBT.BR,Tanker,2026-09-22
2007-07-30,6.500675201416016,25.899999618530273,25.75,26.149999618530273,25.520000457763672,170212,CMBT.BR,Tanker,2026-09-22
2007-07-31,6.606091499328613,26.31999969482422,25.920000076293945,26.479999542236328,25.920000076293945,90496,CMBT.BR,Tanker,2026-09-22
2007-08-01,6.528284549713135,26.010000228881836,26.399999618530273,27.100000381469727,25.739999771118164,132378,CMBT.BR,Tanker,2026-09-22
2007-08-02,6.493147373199463,25.8700008392334,25.760000228881836,26.229999542236328,25.520000457763672,92740,CMBT.BR,Tanker,2026-09-22
2007-08-03,6.196977138519287,24.690000534057617,25.850000381469727,25.850000381469727,24.549999237060547,114141,CMBT.BR,Tanker,2026-09-22
2007-08-06,6.023791790008545,24.0,24.5,24.719999313354492,23.829999923706055,87899,CMBT.BR,Tanker,2026-09-22
2007-08-07,6.114148139953613,24.360000610351562,24.479999542236328,24.75,24.34000015258789,43645,CMBT.BR,Tanker,2026-09-22
2007-08-08,6.018773555755615,23.979999542236328,24.610000610351562,25.18000030517578,23.799999237060547,122657,CMBT.BR,Tanker,2026-09-22
2007-08-09,5.822998523712158,23.200000762939453,24.010000228881836,25.299999237060547,23.010000228881836,278757,CMBT.BR,Tanker,2026-09-22
2007-08-10,5.797901630401611,23.100000381469727,23.549999237060547,24.079999923706055,23.020000457763672,156727,CMBT.BR,Tanker,2026-09-22
2007-08-13,6.021282196044922,23.989999771118164,23.149999618530273,24.420000076293945,23.149999618530273,102452,CMBT.BR,Tanker,2026-09-22
2007-08-14,5.848098278045654,23.299999237060547,24.399999618530273,24.399999618530273,23.200000762939453,103547,CMBT.BR,Tanker,2026-09-22
2007-08-15,5.833040237426758,23.239999771118164,23.270000457763672,23.270000457763672,23.0,48447,CMBT.BR,Tanker,2026-09-22
2007-08-16,5.438982963562012,21.670000076293945,23.0,23.200000762939453,21.65999984741211,196614,CMBT.BR,Tanker,2026-09-22
2007-08-17,5.6523237228393555,22.520000457763672,21.84000015258789,22.780000686645508,21.600000381469727,117727,CMBT.BR,Tanker,2026-09-22
2007-08-20,5.702524662017822,22.719999313354492,23.0,23.59000015258789,22.719999313354492,87097,CMBT.BR,Tanker,2026-09-22
2007-08-21,5.486671447753906,21.860000610351562,23.3799991607666,23.3799991607666,21.739999771118164,231412,CMBT.BR,Tanker,2026-09-22
2007-08-22,5.599616527557373,22.309999465942383,22.6299991607666,22.75,21.84000015258789,329707,CMBT.BR,Tanker,2026-09-22
2007-08-23,5.546908855438232,22.100000381469727,22.639999389648438,22.81999969482422,22.010000228881836,324950,CMBT.BR,Tanker,2026-09-22
2007-08-24,5.622206211090088,22.399999618530273,22.31999969482422,22.600000381469727,22.049999237060547,201523,CMBT.BR,Tanker,2026-09-22
2007-08-27,5.551928997039795,22.1200008392334,22.489999771118164,22.700000762939453,22.110000610351562,159680,CMBT.BR,Tanker,2026-09-22
2007-08-28,5.574517726898193,22.209999084472656,22.389999389648438,22.40999984741211,22.1299991607666,126985,CMBT.BR,Tanker,2026-09-22
2007-08-29,5.725111961364746,22.809999465942383,22.200000762939453,22.989999771118164,22.0,139113,CMBT.BR,Tanker,2026-09-22
2007-08-30,5.785350322723389,23.049999237060547,23.15999984741211,23.389999389648438,23.010000228881836,79803,CMBT.BR,Tanker,2026-09-22
2007-08-31,5.812959671020508,23.15999984741211,23.139999389648438,23.469999313354492,23.1299991607666,81837,CMBT.BR,Tanker,2026-09-22
2007-09-03,6.023791790008545,24.0,23.479999542236328,24.040000915527344,23.329999923706055,77390,CMBT.BR,Tanker,2026-09-22
2007-09-04,5.996184349060059,23.889999389648438,24.1299991607666,24.209999084472656,23.510000228881836,105170,CMBT.BR,Tanker,2026-09-22
2007-09-05,5.772801399230957,23.0,23.90999984741211,24.219999313354492,23.0,142685,CMBT.BR,Tanker,2026-09-22
2007-09-06,5.848098278045654,23.299999237060547,23.100000381469727,23.639999389648438,23.100000381469727,58883,CMBT.BR,Tanker,2026-09-22
2007-09-07,5.848098278045654,23.299999237060547,23.389999389648438,23.399999618530273,23.040000915527344,107399,CMBT.BR,Tanker,2026-09-22
2007-09-10,5.63977575302124,22.469999313354492,23.010000228881836,23.280000686645508,22.299999237060547,123588,CMBT.BR,Tanker,2026-09-22
2007-09-11,5.700012683868408,22.709999084472656,22.719999313354492,23.09000015258789,22.5,51074,CMBT.BR,Tanker,2026-09-22
2007-09-12,5.833040237426758,23.239999771118164,23.0,23.34000015258789,23.0,122590,CMBT.BR,Tanker,2026-09-22
2007-09-13,5.835549831390381,23.25,23.25,23.3799991607666,22.860000610351562,45359,CMBT.BR,Tanker,2026-09-22
2007-09-14,5.828019142150879,23.219999313354492,23.239999771118164,23.239999771118164,23.0,55153,CMBT.BR,Tanker,2026-09-22
2007-09-17,5.579537391662598,22.229999542236328,23.25,23.25,22.18000030517578,126339,CMBT.BR,Tanker,2026-09-22
2007-09-18,5.622206211090088,22.399999618530273,22.399999618530273,22.90999984741211,22.260000228881836,66431,CMBT.BR,Tanker,2026-09-22
2007-09-19,5.772801399230957,23.0,23.239999771118164,23.450000762939453,22.889999389648438,78551,CMBT.BR,Tanker,2026-09-22
2007-09-20,5.735152721405029,22.850000381469727,23.270000457763672,23.290000915527344,22.65999984741211,59699,CMBT.BR,Tanker,2026-09-22
2007-09-21,5.820489406585693,23.190000534057617,23.100000381469727,23.450000762939453,22.850000381469727,101230,CMBT.BR,Tanker,2026-09-22
2007-09-24,5.805428981781006,23.1299991607666,23.3799991607666,23.479999542236328,23.100000381469727,70344,CMBT.BR,Tanker,2026-09-22
2007-09-25,5.649814128875732,22.510000228881836,23.1299991607666,23.34000015258789,22.510000228881836,82267,CMBT.BR,Tanker,2026-09-22
2007-09-26,5.747703552246094,22.899999618530273,22.610000610351562,23.149999618530273,22.389999389648438,76186,CMBT.BR,Tanker,2026-09-22
2007-09-27,5.587067127227783,22.260000228881836,22.899999618530273,22.969999313354492,22.219999313354492,82251,CMBT.BR,Tanker,2026-09-22
2007-09-28,5.534358024597168,22.049999237060547,22.260000228881836,22.459999084472656,22.049999237060547,150316,CMBT.BR,Tanker,2026-09-22
2007-10-01,5.607146739959717,22.34000015258789,22.40999984741211,22.950000762939453,22.100000381469727,134241,CMBT.BR,Tanker,2026-09-22
2007-10-02,5.7200927734375,22.790000915527344,22.68000030517578,22.850000381469727,22.3799991607666,126375,CMBT.BR,Tanker,2026-09-22
2007-10-03,5.679933071136475,22.6299991607666,22.770000457763672,22.770000457763672,22.299999237060547,105826,CMBT.BR,Tanker,2026-09-22
2007-10-04,5.534358024597168,22.049999237060547,22.450000762939453,22.559999465942383,22.049999237060547,99040,CMBT.BR,Tanker,2026-09-22
2007-10-05,5.561968803405762,22.15999984741211,22.200000762939453,22.5,22.149999618530273,112762,CMBT.BR,Tanker,2026-09-22
2007-10-08,5.654834747314453,22.530000686645508,22.399999618530273,22.530000686645508,22.25,72584,CMBT.BR,Tanker,2026-09-22
2007-10-09,5.622206211090088,22.399999618530273,22.68000030517578,22.950000762939453,22.399999618530273,128462,CMBT.BR,Tanker,2026-09-22
2007-10-10,5.569498062133789,22.190000534057617,22.399999618530273,22.549999237060547,22.049999237060547,226051,CMBT.BR,Tanker,2026-09-22
2007-10-11,5.597105979919434,22.299999237060547,22.190000534057617,22.489999771118164,22.15999984741211,118972,CMBT.BR,Tanker,2026-09-22
2007-10-12,5.677423477172852,22.6200008392334,22.479999542236328,22.8799991607666,22.299999237060547,298862,CMBT.BR,Tanker,2026-09-22
2007-10-15,5.587067127227783,22.260000228881836,22.790000915527344,22.790000915527344,22.15999984741211,119328,CMBT.BR,Tanker,2026-09-22
2007-10-16,5.51930046081543,21.989999771118164,22.260000228881836,22.280000686645508,21.700000762939453,213539,CMBT.BR,Tanker,2026-09-22
2007-10-17,5.496709823608398,21.899999618530273,22.010000228881836,22.3799991607666,21.850000381469727,147330,CMBT.BR,Tanker,2026-09-22
2007-10-18,5.408862590789795,21.549999237060547,22.0,22.149999618530273,21.520000457763672,134604,CMBT.BR,Tanker,2026-09-22
2007-10-19,5.408862590789795,21.549999237060547,21.700000762939453,22.0,21.549999237060547,99993,CMBT.BR,Tanker,2026-09-22
2007-10-22,5.2231292724609375,20.809999465942383,21.5,21.5,20.719999313354492,187459,CMBT.BR,Tanker,2026-09-22
2007-10-23,5.198030471801758,20.709999084472656,21.299999237060547,21.489999771118164,20.610000610351562,118968,CMBT.BR,Tanker,2026-09-22
2007-10-24,5.019827365875244,20.0,19.979999542236328,21.100000381469727,19.600000381469727,367989,CMBT.BR,Tanker,2026-09-22
2007-10-25,5.057475566864014,20.149999618530273,20.399999618530273,20.5,20.1299991607666,157586,CMBT.BR,Tanker,2026-09-22
2007-10-26,5.0675153732299805,20.190000534057617,20.0,20.299999237060547,20.0,96461,CMBT.BR,Tanker,2026-09-22
2007-10-29,5.029867649078369,20.040000915527344,20.0,20.149999618530273,20.0,92805,CMBT.BR,Tanker,2026-09-22
2007-10-30,5.075044631958008,20.219999313354492,20.0,20.219999313354492,20.0,95842,CMBT.BR,Tanker,2026-09-22
2007-10-31,5.145323753356934,20.5,20.350000381469727,20.579999923706055,20.209999084472656,73795,CMBT.BR,Tanker,2026-09-22
2007-11-01,5.02735710144043,20.030000686645508,20.399999618530273,20.649999618530273,20.0,120760,CMBT.BR,Tanker,2026-09-22
2007-11-02,5.019827365875244,20.0,20.329999923706055,20.329999923706055,19.989999771118164,147287,CMBT.BR,Tanker,2026-09-22
2007-11-05,4.957079887390137,19.75,20.0,20.040000915527344,19.75,58790,CMBT.BR,Tanker,2026-09-22
2007-11-06,4.9545698165893555,19.739999771118164,20.0,20.0,19.709999084472656,209265,CMBT.BR,Tanker,2026-09-22
2007-11-07,4.781385898590088,19.049999237060547,19.75,19.850000381469727,19.0,255474,CMBT.BR,Tanker,2026-09-22
2007-11-08,4.77887487411499,19.040000915527344,18.979999542236328,19.200000762939453,18.540000915527344,121765,CMBT.BR,Tanker,2026-09-22
2007-11-09,4.691028118133545,18.690000534057617,19.0,19.149999618530273,18.540000915527344,150080,CMBT.BR,Tanker,2026-09-22
2007-11-12,4.5278825759887695,18.040000915527344,18.75,18.950000762939453,17.90999984741211,199312,CMBT.BR,Tanker,2026-09-22
2007-11-13,4.485214710235596,17.8700008392334,18.0,18.1200008392334,17.75,108683,CMBT.BR,Tanker,2026-09-22
2007-11-14,4.475175380706787,17.829999923706055,18.0,18.219999313354492,17.829999923706055,175573,CMBT.BR,Tanker,2026-09-22
2007-11-15,4.583103179931641,18.260000228881836,18.25,18.6200008392334,17.989999771118164,201480,CMBT.BR,Tanker,2026-09-22
2007-11-16,4.650870323181152,18.530000686645508,18.489999771118164,18.600000381469727,18.25,167512,CMBT.BR,Tanker,2026-09-22
2007-11-19,4.517843723297119,18.0,18.6299991607666,19.059999465942383,17.940000534057617,190195,CMBT.BR,Tanker,2026-09-22
2007-11-20,4.387330055236816,17.479999542236328,18.149999618530273,18.299999237060547,17.260000228881836,256022,CMBT.BR,Tanker,2026-09-22
2007-11-21,4.517843723297119,18.0,17.520000457763672,18.290000915527344,17.100000381469727,263783,CMBT.BR,Tanker,2026-09-22
2007-11-22,4.92695951461792,19.6299991607666,18.489999771118164,19.690000534057617,18.350000381469727,300178,CMBT.BR,Tanker,2026-09-22
2007-11-23,5.333567142486572,21.25,19.899999618530273,22.09000015258789,19.559999465942383,473717,CMBT.BR,Tanker,2026-09-22
2007-11-26,5.3410964012146,21.280000686645508,22.0,22.25,21.0,328075,CMBT.BR,Tanker,2026-09-22
2007-11-27,5.218110084533691,20.790000915527344,20.959999084472656,21.809999465942383,20.790000915527344,585383,CMBT.BR,Tanker,2026-09-22
2007-11-28,5.4289422035217285,21.6299991607666,20.950000762939453,21.75,20.770000457763672,234957,CMBT.BR,Tanker,2026-09-22
2007-11-29,5.747703552246094,22.899999618530273,21.65999984741211,22.899999618530273,21.65999984741211,411293,CMBT.BR,Tanker,2026-09-22
2007-11-30,5.649814128875732,22.510000228881836,23.0,23.350000381469727,22.010000228881836,640977,CMBT.BR,Tanker,2026-09-22
2007-12-03,5.634756565093994,22.450000762939453,22.6299991607666,22.899999618530273,22.360000610351562,224682,CMBT.BR,Tanker,2026-09-22
2007-12-04,5.534358024597168,22.049999237060547,22.75,22.75,21.8799991607666,294911,CMBT.BR,Tanker,2026-09-22
2007-12-05,5.594596862792969,22.290000915527344,21.81999969482422,22.34000015258789,21.799999237060547,316901,CMBT.BR,Tanker,2026-09-22
2007-12-06,5.597105979919434,22.299999237060547,22.260000228881836,22.399999618530273,22.049999237060547,174182,CMBT.BR,Tanker,2026-09-22
2007-12-07,5.782841205596924,23.040000915527344,22.329999923706055,23.170000076293945,22.299999237060547,400602,CMBT.BR,Tanker,2026-09-22
2007-12-10,5.920886516571045,23.59000015258789,23.200000762939453,23.6200008392334,22.8799991607666,227615,CMBT.BR,Tanker,2026-09-22
2007-12-11,5.973593235015869,23.799999237060547,23.649999618530273,23.950000762939453,23.59000015258789,164476,CMBT.BR,Tanker,2026-09-22
2007-12-12,5.913356781005859,23.559999465942383,23.690000534057617,23.760000228881836,23.40999984741211,209604,CMBT.BR,Tanker,2026-09-22
2007-12-13,5.986144542694092,23.850000381469727,23.639999389648438,23.979999542236328,23.510000228881836,240857,CMBT.BR,Tanker,2026-09-22
2007-12-14,5.993673324584961,23.8799991607666,23.979999542236328,23.979999542236328,23.540000915527344,134808,CMBT.BR,Tanker,2026-09-22
2007-12-17,5.978612899780273,23.81999969482422,23.75,24.1200008392334,23.5,192224,CMBT.BR,Tanker,2026-09-22
2007-12-18,6.041361331939697,24.06999969482422,23.90999984741211,24.579999923706055,23.860000610351562,250425,CMBT.BR,Tanker,2026-09-22
2007-12-19,6.0940704345703125,24.280000686645508,24.3799991607666,24.579999923706055,24.110000610351562,287116,CMBT.BR,Tanker,2026-09-22
2007-12-20,5.961044788360596,23.75,24.290000915527344,24.479999542236328,23.6200008392334,109924,CMBT.BR,Tanker,2026-09-22
2007-12-21,5.998692512512207,23.899999618530273,23.850000381469727,24.200000762939453,23.75,63034,CMBT.BR,Tanker,2026-09-22
2007-12-24,6.023791790008545,24.0,24.0,24.0,23.700000762939453,14492,CMBT.BR,Tanker,2026-09-22
2007-12-27,6.061441898345947,24.149999618530273,24.079999923706055,24.260000228881836,23.81999969482422,44724,CMBT.BR,Tanker,2026-09-22
2007-12-28,6.081521987915039,24.229999542236328,24.0,24.389999389648438,23.530000686645508,37753,CMBT.BR,Tanker,2026-09-22
2007-12-31,6.058931827545166,24.139999389648438,24.190000534057617,24.299999237060547,23.610000610351562,12121,CMBT.BR,Tanker,2026-09-22
2008-01-02,6.106618881225586,24.329999923706055,23.670000076293945,24.549999237060547,23.670000076293945,141889,CMBT.BR,Tanker,2026-09-22
2008-01-03,6.119170665740967,24.3799991607666,24.270000457763672,24.399999618530273,23.75,134044,CMBT.BR,Tanker,2026-09-22
2008-01-04,5.943475723266602,23.68000030517578,24.450000762939453,24.5,23.610000610351562,126562,CMBT.BR,Tanker,2026-09-22
2008-01-07,5.755231857299805,22.93000030517578,23.299999237060547,23.530000686645508,22.25,213499,CMBT.BR,Tanker,2026-09-22
2008-01-08,5.812959671020508,23.15999984741211,22.889999389648438,23.299999237060547,22.889999389648438,216899,CMBT.BR,Tanker,2026-09-22
2008-01-09,5.622206211090088,22.399999618530273,23.200000762939453,23.200000762939453,21.75,280325,CMBT.BR,Tanker,2026-09-22
2008-01-10,5.549420356750488,22.110000610351562,22.399999618530273,22.440000534057617,21.760000228881836,196525,CMBT.BR,Tanker,2026-09-22
2008-01-11,5.669894695281982,22.59000015258789,22.290000915527344,22.700000762939453,21.799999237060547,231780,CMBT.BR,Tanker,2026-09-22
2008-01-14,5.7175822257995605,22.780000686645508,22.579999923706055,22.950000762939453,22.25,78277,CMBT.BR,Tanker,2026-09-22
2008-01-15,5.449023246765137,21.709999084472656,22.5,23.09000015258789,21.5,154835,CMBT.BR,Tanker,2026-09-22
2008-01-16,5.27834939956665,21.030000686645508,21.0,21.889999389648438,20.739999771118164,205791,CMBT.BR,Tanker,2026-09-22
2008-01-17,5.418903827667236,21.59000015258789,21.25,21.950000762939453,20.969999313354492,322597,CMBT.BR,Tanker,2026-09-22
2008-01-18,5.444002151489258,21.690000534057617,21.489999771118164,22.049999237060547,20.979999542236328,149988,CMBT.BR,Tanker,2026-09-22
2008-01-21,5.065005779266357,20.18000030517578,21.479999542236328,21.56999969482422,20.049999237060547,198075,CMBT.BR,Tanker,2026-09-22
2008-01-22,5.564477443695068,22.170000076293945,20.049999237060547,22.350000381469727,19.049999237060547,355494,CMBT.BR,Tanker,2026-09-22
2008-01-23,5.521809101104736,22.0,22.149999618530273,22.149999618530273,20.920000076293945,276066,CMBT.BR,Tanker,2026-09-22
2008-01-24,5.770292282104492,22.989999771118164,22.18000030517578,22.989999771118164,22.010000228881836,151142,CMBT.BR,Tanker,2026-09-22
2008-01-25,5.840569972991943,23.270000457763672,23.0,24.3799991607666,22.989999771118164,305822,CMBT.BR,Tanker,2026-09-22
2008-01-28,5.93343448638916,23.639999389648438,23.139999389648438,23.739999771118164,22.610000610351562,90342,CMBT.BR,Tanker,2026-09-22
2008-01-29,6.20199728012085,24.709999084472656,23.75,24.709999084472656,23.299999237060547,272023,CMBT.BR,Tanker,2026-09-22
2008-01-30,6.19948673248291,24.700000762939453,24.420000076293945,24.860000610351562,24.420000076293945,255086,CMBT.BR,Tanker,2026-09-22
2008-01-31,6.2070159912109375,24.729999542236328,24.31999969482422,24.799999237060547,23.8700008392334,281180,CMBT.BR,Tanker,2026-09-22
2008-02-01,6.219566822052002,24.780000686645508,24.729999542236328,24.950000762939453,24.5,296482,CMBT.BR,Tanker,2026-09-22
2008-02-04,6.214545726776123,24.760000228881836,24.68000030517578,24.81999969482422,24.6200008392334,129436,CMBT.BR,Tanker,2026-09-22
2008-02-05,6.131717681884766,24.43000030517578,24.049999237060547,24.770000457763672,24.049999237060547,169170,CMBT.BR,Tanker,2026-09-22
2008-02-06,6.149289608001709,24.5,23.549999237060547,24.600000381469727,23.549999237060547,202010,CMBT.BR,Tanker,2026-09-22
2008-02-07,5.870688438415527,23.389999389648438,24.5,24.5,23.329999923706055,156544,CMBT.BR,Tanker,2026-09-22
2008-02-08,6.144267559051514,24.479999542236328,23.329999923706055,24.5,23.309999465942383,111753,CMBT.BR,Tanker,2026-09-22
2008-02-11,6.091559410095215,24.270000457763672,24.450000762939453,24.5,23.760000228881836,115463,CMBT.BR,Tanker,2026-09-22
2008-02-12,6.176897048950195,24.610000610351562,24.399999618530273,24.719999313354492,24.030000686645508,229093,CMBT.BR,Tanker,2026-09-22
2008-02-13,6.149289608001709,24.5,24.700000762939453,24.700000762939453,24.270000457763672,161789,CMBT.BR,Tanker,2026-09-22
2008-02-14,6.212037086486816,24.75,24.5,24.799999237060547,24.5,207940,CMBT.BR,Tanker,2026-09-22
2008-02-15,6.269762992858887,24.979999542236328,24.75,24.979999542236328,24.600000381469727,222899,CMBT.BR,Tanker,2026-09-22
2008-02-18,6.212037086486816,24.75,24.989999771118164,25.0,24.729999542236328,96290,CMBT.BR,Tanker,2026-09-22
2008-02-19,6.229605197906494,24.81999969482422,24.899999618530273,24.899999618530273,24.68000030517578,160767,CMBT.BR,Tanker,2026-09-22
2008-02-20,6.1342267990112305,24.440000534057617,24.799999237060547,24.850000381469727,24.100000381469727,180618,CMBT.BR,Tanker,2026-09-22
2008-02-21,6.259725093841553,24.940000534057617,24.329999923706055,25.0,24.31999969482422,200404,CMBT.BR,Tanker,2026-09-22
2008-02-22,6.189445972442627,24.65999984741211,24.93000030517578,24.93000030517578,24.5,152727,CMBT.BR,Tanker,2026-09-22
2008-02-25,6.232115745544434,24.829999923706055,24.780000686645508,25.1200008392334,24.690000534057617,215378,CMBT.BR,Tanker,2026-09-22
2008-02-26,6.47055721282959,25.780000686645508,24.899999618530273,25.790000915527344,24.850000381469727,151992,CMBT.BR,Tanker,2026-09-22
2008-02-27,6.475577354431152,25.799999237060547,25.700000762939453,25.84000015258789,25.200000762939453,152870,CMBT.BR,Tanker,2026-09-22
2008-02-28,6.337530136108398,25.25,25.040000915527344,25.68000030517578,25.040000915527344,111355,CMBT.BR,Tanker,2026-09-22
2008-02-29,6.4228692054748535,25.59000015258789,25.100000381469727,25.700000762939453,25.079999923706055,178055,CMBT.BR,Tanker,2026-09-22
2008-03-03,6.355101585388184,25.31999969482422,25.5,25.5,25.020000457763672,248897,CMBT.BR,Tanker,2026-09-22
2008-03-04,6.212037086486816,24.75,25.209999084472656,25.440000534057617,24.549999237060547,179492,CMBT.BR,Tanker,2026-09-22
2008-03-05,6.372669696807861,25.389999389648438,24.799999237060547,25.489999771118164,24.719999313354492,202662,CMBT.BR,Tanker,2026-09-22
2008-03-06,6.350080966949463,25.299999237060547,25.489999771118164,25.489999771118164,25.020000457763672,112540,CMBT.BR,Tanker,2026-09-22
2008-03-07,6.2045063972473145,24.719999313354492,25.450000762939453,25.450000762939453,24.5,263402,CMBT.BR,Tanker,2026-09-22
2008-03-10,6.006223201751709,23.93000030517578,24.780000686645508,24.8799991607666,23.549999237060547,194299,CMBT.BR,Tanker,2026-09-22
2008-03-11,6.031322479248047,24.030000686645508,23.850000381469727,24.399999618530273,23.68000030517578,200647,CMBT.BR,Tanker,2026-09-22
2008-03-12,6.186936378479004,24.649999618530273,24.399999618530273,24.799999237060547,24.299999237060547,274675,CMBT.BR,Tanker,2026-09-22
2008-03-13,6.071480751037598,24.190000534057617,24.290000915527344,24.3700008392334,23.770000457763672,137776,CMBT.BR,Tanker,2026-09-22
2008-03-14,5.930924892425537,23.6299991607666,23.75,24.40999984741211,23.280000686645508,143461,CMBT.BR,Tanker,2026-09-22
2008-03-17,5.747703552246094,22.899999618530273,22.84000015258789,23.3799991607666,22.700000762939453,92468,CMBT.BR,Tanker,2026-09-22
2008-03-18,5.863157272338867,23.360000610351562,23.0,23.510000228881836,22.790000915527344,97989,CMBT.BR,Tanker,2026-09-22
2008-03-19,5.750214099884033,22.90999984741211,23.25,23.600000381469727,22.780000686645508,99582,CMBT.BR,Tanker,2026-09-22
2008-03-20,5.662365436553955,22.559999465942383,22.729999542236328,22.979999542236328,22.559999465942383,84262,CMBT.BR,Tanker,2026-09-22
2008-03-25,5.966066360473633,23.770000457763672,23.100000381469727,23.899999618530273,22.649999618530273,144803,CMBT.BR,Tanker,2026-09-22
2008-03-26,5.948497295379639,23.700000762939453,23.5,23.899999618530273,23.420000076293945,67937,CMBT.BR,Tanker,2026-09-22
2008-03-27,6.169368267059326,24.579999923706055,23.799999237060547,24.649999618530273,23.600000381469727,158462,CMBT.BR,Tanker,2026-09-22
2008-03-28,6.1342267990112305,24.440000534057617,24.459999084472656,24.459999084472656,23.8700008392334,95636,CMBT.BR,Tanker,2026-09-22
2008-03-31,6.038851261138916,24.059999465942383,24.18000030517578,24.25,23.65999984741211,70500,CMBT.BR,Tanker,2026-09-22
2008-04-01,6.156817436218262,24.530000686645508,23.850000381469727,24.649999618530273,23.850000381469727,125396,CMBT.BR,Tanker,2026-09-22
2008-04-02,6.169368267059326,24.579999923706055,24.600000381469727,24.600000381469727,24.020000457763672,81143,CMBT.BR,Tanker,2026-09-22
2008-04-03,5.991163730621338,23.8700008392334,24.479999542236328,24.479999542236328,23.520000457763672,77728,CMBT.BR,Tanker,2026-09-22
2008-04-04,5.943475723266602,23.68000030517578,23.799999237060547,24.34000015258789,23.600000381469727,92109,CMBT.BR,Tanker,2026-09-22
2008-04-07,6.0112433433532715,23.950000762939453,23.729999542236328,24.09000015258789,23.729999542236328,108794,CMBT.BR,Tanker,2026-09-22
2008-04-08,5.908337593078613,23.540000915527344,23.719999313354492,23.940000534057617,23.389999389648438,62420,CMBT.BR,Tanker,2026-09-22
2008-04-09,5.880727767944336,23.43000030517578,23.5,23.600000381469727,23.219999313354492,95648,CMBT.BR,Tanker,2026-09-22
2008-04-10,5.7175822257995605,22.780000686645508,23.200000762939453,23.399999618530273,22.5,177473,CMBT.BR,Tanker,2026-09-22
2008-04-11,5.868177890777588,23.3799991607666,22.950000762939453,23.670000076293945,22.950000762939453,74901,CMBT.BR,Tanker,2026-09-22
2008-04-14,5.848098278045654,23.299999237060547,23.299999237060547,23.420000076293945,23.0,64582,CMBT.BR,Tanker,2026-09-22
2008-04-15,5.654834747314453,22.530000686645508,23.290000915527344,23.290000915527344,22.510000228881836,116997,CMBT.BR,Tanker,2026-09-22
2008-04-16,5.963554382324219,23.760000228881836,23.06999969482422,23.760000228881836,23.010000228881836,113155,CMBT.BR,Tanker,2026-09-22
2008-04-17,5.988653659820557,23.860000610351562,23.5,23.90999984741211,23.5,93652,CMBT.BR,Tanker,2026-09-22
2008-04-18,6.267253875732422,24.969999313354492,23.530000686645508,25.100000381469727,23.18000030517578,189310,CMBT.BR,Tanker,2026-09-22
2008-04-21,6.1743855476379395,24.600000381469727,24.700000762939453,24.940000534057617,24.25,147774,CMBT.BR,Tanker,2026-09-22
2008-04-22,6.212037086486816,24.75,24.600000381469727,24.75,24.350000381469727,108873,CMBT.BR,Tanker,2026-09-22
2008-04-23,6.023791790008545,24.0,24.510000228881836,24.709999084472656,23.989999771118164,214002,CMBT.BR,Tanker,2026-09-22
2008-04-24,6.056421279907227,24.1299991607666,24.1200008392334,24.399999618530273,24.0,62288,CMBT.BR,Tanker,2026-09-22
2008-04-25,6.209526062011719,24.739999771118164,24.440000534057617,24.940000534057617,24.239999771118164,91526,CMBT.BR,Tanker,2026-09-22
2008-04-28,6.375178337097168,25.399999618530273,24.75,25.469999313354492,24.260000228881836,160689,CMBT.BR,Tanker,2026-09-22
2008-04-29,6.465537071228027,25.760000228881836,25.350000381469727,25.899999618530273,24.81999969482422,154492,CMBT.BR,Tanker,2026-09-22
2008-04-30,6.6261725425720215,26.399999618530273,25.860000610351562,26.399999618530273,25.649999618530273,203121,CMBT.BR,Tanker,2026-09-22
2008-05-02,6.711508274078369,26.739999771118164,26.479999542236328,26.989999771118164,26.329999923706055,184955,CMBT.BR,Tanker,2026-09-22
2008-05-05,6.613621234893799,26.350000381469727,26.610000610351562,26.889999389648438,26.190000534057617,103460,CMBT.BR,Tanker,2026-09-22
2008-05-06,6.688920497894287,26.649999618530273,26.079999923706055,26.989999771118164,25.549999237060547,184574,CMBT.BR,Tanker,2026-09-22
2008-05-07,6.86963415145874,27.3700008392334,26.540000915527344,27.6200008392334,26.5,308754,CMBT.BR,Tanker,2026-09-22
2008-05-08,6.776766300201416,27.0,27.020000457763672,27.200000762939453,26.850000381469727,149661,CMBT.BR,Tanker,2026-09-22
2008-05-09,6.756073474884033,26.1200008392334,26.979999542236328,26.979999542236328,26.0,114835,CMBT.BR,Tanker,2026-09-22
2008-05-12,6.828498363494873,26.399999618530273,26.3700008392334,26.780000686645508,25.90999984741211,137201,CMBT.BR,Tanker,2026-09-22
2008-05-13,6.924201488494873,26.770000457763672,26.459999084472656,27.3799991607666,26.25,223667,CMBT.BR,Tanker,2026-09-22
2008-05-14,7.056114673614502,27.280000686645508,26.899999618530273,27.350000381469727,26.510000228881836,258888,CMBT.BR,Tanker,2026-09-22
2008-05-15,7.172508716583252,27.729999542236328,27.1200008392334,27.850000381469727,27.0,438766,CMBT.BR,Tanker,2026-09-22
2008-05-16,7.074220657348633,27.350000381469727,27.700000762939453,27.700000762939453,27.229999542236328,205322,CMBT.BR,Tanker,2026-09-22
2008-05-19,7.239758491516113,27.989999771118164,27.25,28.200000762939453,27.0,245752,CMBT.BR,Tanker,2026-09-22
2008-05-20,7.164748668670654,27.700000762939453,27.75,28.200000762939453,27.59000015258789,284049,CMBT.BR,Tanker,2026-09-22
2008-05-21,7.3458075523376465,28.399999618530273,27.450000762939453,28.399999618530273,27.450000762939453,197494,CMBT.BR,Tanker,2026-09-22
2008-05-22,7.1957879066467285,27.81999969482422,28.450000762939453,29.5,26.329999923706055,329303,CMBT.BR,Tanker,2026-09-22
2008-05-23,6.820737361907959,26.3700008392334,27.68000030517578,27.68000030517578,26.25,386102,CMBT.BR,Tanker,2026-09-22
2008-05-26,6.68623685836792,25.850000381469727,26.420000076293945,26.420000076293945,25.799999237060547,119869,CMBT.BR,Tanker,2026-09-22
2008-05-27,6.9836907386779785,27.0,25.780000686645508,27.100000381469727,25.780000686645508,372837,CMBT.BR,Tanker,2026-09-22
2008-05-28,6.9371337890625,26.81999969482422,27.100000381469727,27.100000381469727,26.270000457763672,307696,CMBT.BR,Tanker,2026-09-22
2008-05-29,7.01731538772583,27.1299991607666,26.860000610351562,27.309999465942383,26.790000915527344,317888,CMBT.BR,Tanker,2026-09-22
2008-05-30,6.996623516082764,27.049999237060547,27.049999237060547,27.489999771118164,26.850000381469727,832499,CMBT.BR,Tanker,2026-09-22
2008-06-02,6.867294788360596,26.549999237060547,26.780000686645508,27.0,26.440000534057617,137092,CMBT.BR,Tanker,2026-09-22
2008-06-03,6.911267280578613,26.719999313354492,26.350000381469727,27.0,26.350000381469727,121303,CMBT.BR,Tanker,2026-09-22
2008-06-04,6.849189281463623,26.479999542236328,26.719999313354492,26.719999313354492,26.190000534057617,77740,CMBT.BR,Tanker,2026-09-22
2008-06-05,6.89833402633667,26.670000076293945,26.25,26.770000457763672,26.200000762939453,134339,CMBT.BR,Tanker,2026-09-22
2008-06-06,6.8517746925354,26.489999771118164,26.75,27.43000030517578,26.329999923706055,224873,CMBT.BR,Tanker,2026-09-22
2008-06-09,6.9655842781066895,26.93000030517578,27.270000457763672,27.3799991607666,26.6299991607666,155478,CMBT.BR,Tanker,2026-09-22
2008-06-10,7.001796245574951,27.06999969482422,26.959999084472656,27.450000762939453,26.719999313354492,187074,CMBT.BR,Tanker,2026-09-22
2008-06-11,7.004383087158203,27.079999923706055,27.0,27.229999542236328,26.530000686645508,307484,CMBT.BR,Tanker,2026-09-22
2008-06-12,6.968171119689941,26.940000534057617,27.06999969482422,27.31999969482422,26.75,133674,CMBT.BR,Tanker,2026-09-22
2008-06-13,7.063873767852783,27.309999465942383,26.950000762939453,27.389999389648438,26.920000076293945,119326,CMBT.BR,Tanker,2026-09-22
2008-06-16,7.224240779876709,27.93000030517578,27.25,28.0,27.030000686645508,179010,CMBT.BR,Tanker,2026-09-22
2008-06-17,7.570838928222656,29.270000457763672,27.979999542236328,29.399999618530273,27.979999542236328,342077,CMBT.BR,Tanker,2026-09-22
2008-06-18,7.444097518920898,28.780000686645508,29.030000686645508,29.3700008392334,28.6299991607666,148230,CMBT.BR,Tanker,2026-09-22
2008-06-19,7.462201118469238,28.850000381469727,28.780000686645508,29.420000076293945,28.100000381469727,218858,CMBT.BR,Tanker,2026-09-22
2008-06-20,7.309596061706543,28.260000228881836,28.899999618530273,29.3799991607666,28.010000228881836,350809,CMBT.BR,Tanker,2026-09-22
2008-06-23,7.588944435119629,29.34000015258789,28.0,29.399999618530273,27.90999984741211,221976,CMBT.BR,Tanker,2026-09-22
2008-06-24,7.622567653656006,29.469999313354492,29.0,29.489999771118164,28.850000381469727,428984,CMBT.BR,Tanker,2026-09-22
2008-06-25,7.826906204223633,30.260000228881836,29.31999969482422,30.84000015258789,29.209999084472656,427089,CMBT.BR,Tanker,2026-09-22
2008-06-26,7.5449724197387695,29.170000076293945,30.0,30.0,28.809999465942383,172510,CMBT.BR,Tanker,2026-09-22
2008-06-27,7.666541576385498,29.639999389648438,28.850000381469727,29.899999618530273,28.84000015258789,169314,CMBT.BR,Tanker,2026-09-22
2008-06-30,7.966578483581543,30.799999237060547,29.579999923706055,30.799999237060547,29.489999771118164,378602,CMBT.BR,Tanker,2026-09-22
2008-07-01,7.63032865524292,29.5,30.700000762939453,30.700000762939453,29.3799991607666,214709,CMBT.BR,Tanker,2026-09-22
2008-07-02,7.350982666015625,28.420000076293945,29.700000762939453,29.700000762939453,28.0,194845,CMBT.BR,Tanker,2026-09-22
2008-07-03,7.1957879066467285,27.81999969482422,28.290000915527344,28.399999618530273,27.270000457763672,303892,CMBT.BR,Tanker,2026-09-22
2008-07-04,7.29149055480957,28.190000534057617,27.809999465942383,28.389999389648438,27.420000076293945,110790,CMBT.BR,Tanker,2026-09-22
2008-07-07,7.41823148727417,28.68000030517578,28.299999237060547,28.75,27.799999237060547,109672,CMBT.BR,Tanker,2026-09-22
2008-07-08,7.138883590698242,27.600000381469727,28.299999237060547,28.299999237060547,27.540000915527344,137192,CMBT.BR,Tanker,2026-09-22
2008-07-09,7.149230003356934,27.639999389648438,27.649999618530273,27.989999771118164,27.510000228881836,174618,CMBT.BR,Tanker,2026-09-22
2008-07-10,7.092326641082764,27.420000076293945,27.5,27.68000030517578,26.719999313354492,123489,CMBT.BR,Tanker,2026-09-22
2008-07-11,7.2190680503845215,27.90999984741211,27.5,28.06999969482422,27.09000015258789,115631,CMBT.BR,Tanker,2026-09-22
2008-07-14,7.286316871643066,28.170000076293945,28.149999618530273,28.649999618530273,28.010000228881836,128309,CMBT.BR,Tanker,2026-09-22
2008-07-15,7.151816368103027,27.649999618530273,28.0,28.0,27.0,105983,CMBT.BR,Tanker,2026-09-22
2008-07-16,6.833670139312744,26.420000076293945,27.649999618530273,27.90999984741211,26.329999923706055,170684,CMBT.BR,Tanker,2026-09-22
2008-07-17,7.107844829559326,27.479999542236328,27.149999618530273,27.600000381469727,26.979999542236328,174022,CMBT.BR,Tanker,2026-09-22
2008-07-18,7.2294135093688965,27.950000762939453,27.700000762939453,28.040000915527344,27.5,79391,CMBT.BR,Tanker,2026-09-22
2008-07-21,7.407884120941162,28.639999389648438,27.790000915527344,28.75,27.790000915527344,95905,CMBT.BR,Tanker,2026-09-22
2008-07-22,7.425990104675293,28.709999084472656,28.690000534057617,28.709999084472656,28.209999084472656,192495,CMBT.BR,Tanker,2026-09-22
2008-07-23,7.516517162322998,29.059999465942383,29.25,29.5,28.920000076293945,151065,CMBT.BR,Tanker,2026-09-22
2008-07-24,7.363913059234619,28.469999313354492,29.25,29.290000915527344,28.299999237060547,94315,CMBT.BR,Tanker,2026-09-22
2008-07-25,7.283730506896973,28.15999984741211,28.0,28.600000381469727,27.549999237060547,74848,CMBT.BR,Tanker,2026-09-22
2008-07-28,7.371673107147217,28.5,28.489999771118164,28.899999618530273,28.0,122104,CMBT.BR,Tanker,2026-09-22
2008-07-29,7.449270725250244,28.799999237060547,28.15999984741211,28.959999084472656,27.40999984741211,210900,CMBT.BR,Tanker,2026-09-22
2008-07-30,7.622567653656006,29.469999313354492,28.899999618530273,29.600000381469727,28.81999969482422,204400,CMBT.BR,Tanker,2026-09-22
2008-07-31,7.441512107849121,28.770000457763672,29.600000381469727,29.6200008392334,28.40999984741211,164900,CMBT.BR,Tanker,2026-09-22
2008-08-01,7.0483551025390625,27.25,28.829999923706055,28.920000076293945,26.719999313354492,267400,CMBT.BR,Tanker,2026-09-22
2008-08-04,6.763833045959473,26.149999618530273,27.93000030517578,28.700000762939453,25.549999237060547,290100,CMBT.BR,Tanker,2026-09-22
2008-08-05,6.616399765014648,25.579999923706055,26.670000076293945,26.729999542236328,24.6299991607666,312900,CMBT.BR,Tanker,2026-09-22
2008-08-06,6.929371356964111,26.790000915527344,25.850000381469727,26.969999313354492,25.850000381469727,254900,CMBT.BR,Tanker,2026-09-22
2008-08-07,6.812978267669678,26.34000015258789,27.0,27.290000915527344,26.190000534057617,160200,CMBT.BR,Tanker,2026-09-22
2008-08-08,6.779353141784668,26.209999084472656,26.440000534057617,26.440000534057617,25.760000228881836,182000,CMBT.BR,Tanker,2026-09-22
2008-08-11,6.789699077606201,26.25,26.270000457763672,26.639999389648438,25.809999465942383,117600,CMBT.BR,Tanker,2026-09-22
2008-08-12,6.802633762359619,26.299999237060547,26.399999618530273,26.420000076293945,25.649999618530273,141200,CMBT.BR,Tanker,2026-09-22
2008-08-13,6.784526824951172,26.229999542236328,26.309999465942383,26.459999084472656,26.100000381469727,179900,CMBT.BR,Tanker,2026-09-22
2008-08-14,7.105258464813232,27.469999313354492,26.489999771118164,27.540000915527344,26.489999771118164,137400,CMBT.BR,Tanker,2026-09-22
2008-08-15,7.188028812408447,27.790000915527344,27.399999618530273,27.920000076293945,27.280000686645508,122900,CMBT.BR,Tanker,2026-09-22
2008-08-18,7.208721160888672,27.8700008392334,27.610000610351562,27.940000534057617,27.329999923706055,65705,CMBT.BR,Tanker,2026-09-22
2008-08-19,7.105258464813232,27.469999313354492,27.81999969482422,27.81999969482422,27.190000534057617,103710,CMBT.BR,Tanker,2026-09-22
2008-08-20,7.001796245574951,27.06999969482422,27.5,27.68000030517578,27.0,66150,CMBT.BR,Tanker,2026-09-22
2008-08-21,6.9629974365234375,26.920000076293945,27.06999969482422,27.3700008392334,26.760000228881836,218489,CMBT.BR,Tanker,2026-09-22
2008-08-22,6.903506755828857,26.690000534057617,26.8700008392334,26.889999389648438,26.489999771118164,86233,CMBT.BR,Tanker,2026-09-22
2008-08-25,7.081979274749756,27.3799991607666,26.799999237060547,27.530000686645508,26.799999237060547,38425,CMBT.BR,Tanker,2026-09-22
2008-08-26,7.149230003356934,27.639999389648438,27.489999771118164,27.729999542236328,26.719999313354492,151348,CMBT.BR,Tanker,2026-09-22
2008-08-27,7.131124019622803,27.56999969482422,27.559999465942383,27.639999389648438,26.739999771118164,99432,CMBT.BR,Tanker,2026-09-22
2008-08-28,7.340634346008301,28.3799991607666,27.420000076293945,28.399999618530273,27.420000076293945,108703,CMBT.BR,Tanker,2026-09-22
2008-08-29,7.472548961639404,28.889999389648438,28.549999237060547,29.200000762939453,28.420000076293945,141907,CMBT.BR,Tanker,2026-09-22
2008-09-01,7.327703952789307,28.329999923706055,28.540000915527344,28.540000915527344,28.010000228881836,184604,CMBT.BR,Tanker,2026-09-22
2008-09-02,7.094913005828857,27.43000030517578,28.329999923706055,28.399999618530273,27.020000457763672,295281,CMBT.BR,Tanker,2026-09-22
2008-09-03,6.939718723297119,26.829999923706055,27.0,27.0,26.100000381469727,278048,CMBT.BR,Tanker,2026-09-22
2008-09-04,6.756073474884033,26.1200008392334,26.979999542236328,26.979999542236328,26.0,129262,CMBT.BR,Tanker,2026-09-22
2008-09-05,6.831379413604736,25.399999618530273,25.739999771118164,25.799999237060547,24.780000686645508,179309,CMBT.BR,Tanker,2026-09-22
2008-09-08,7.111089706420898,26.440000534057617,26.010000228881836,26.5,25.959999084472656,202532,CMBT.BR,Tanker,2026-09-22
2008-09-09,6.817933559417725,25.350000381469727,26.239999771118164,26.299999237060547,25.049999237060547,242836,CMBT.BR,Tanker,2026-09-22
2008-09-10,6.869032859802246,25.540000915527344,25.200000762939453,25.639999389648438,25.0,196016,CMBT.BR,Tanker,2026-09-22
2008-09-11,6.702282905578613,24.920000076293945,25.600000381469727,25.65999984741211,24.68000030517578,104291,CMBT.BR,Tanker,2026-09-22
2008-09-12,6.589323997497559,24.5,25.0,25.0,24.15999984741211,111492,CMBT.BR,Tanker,2026-09-22
2008-09-15,6.427952766418457,23.899999618530273,24.100000381469727,24.399999618530273,23.209999084472656,89639,CMBT.BR,Tanker,2026-09-22
2008-09-16,6.102520942687988,22.690000534057617,23.709999084472656,23.709999084472656,22.59000015258789,201305,CMBT.BR,Tanker,2026-09-22
2008-09-17,5.535030364990234,20.579999923706055,22.639999389648438,23.700000762939453,20.530000686645508,263475,CMBT.BR,Tanker,2026-09-22
2008-09-18,5.379040718078613,20.0,21.0,21.399999618530273,19.399999618530273,365520,CMBT.BR,Tanker,2026-09-22
2008-09-19,5.459726333618164,20.299999237060547,21.0,22.0,20.110000610351562,936782,CMBT.BR,Tanker,2026-09-22
2008-09-22,5.55654764175415,20.65999984741211,20.520000457763672,21.729999542236328,20.25,187290,CMBT.BR,Tanker,2026-09-22
2008-09-23,5.685645580291748,21.139999389648438,20.75,21.479999542236328,20.719999313354492,225256,CMBT.BR,Tanker,2026-09-22
2008-09-24,5.66950798034668,21.079999923706055,21.25,21.5,20.760000228881836,277474,CMBT.BR,Tanker,2026-09-22
2008-09-25,5.661439895629883,21.049999237060547,21.0,21.700000762939453,20.81999969482422,154711,CMBT.BR,Tanker,2026-09-22
2008-09-26,5.621096611022949,20.899999618530273,21.040000915527344,21.31999969482422,20.549999237060547,140308,CMBT.BR,Tanker,2026-09-22
2008-09-29,5.352145195007324,19.899999618530273,20.850000381469727,20.959999084472656,19.549999237060547,187978,CMBT.BR,Tanker,2026-09-22
2008-09-30,5.2338056564331055,19.459999084472656,19.209999084472656,19.59000015258789,18.829999923706055,275881,CMBT.BR,Tanker,2026-09-22
2008-10-01,5.088571071624756,18.920000076293945,19.6299991607666,19.899999618530273,18.899999618530273,213293,CMBT.BR,Tanker,2026-09-22
2008-10-02,4.854583740234375,18.049999237060547,19.0,19.549999237060547,18.049999237060547,236008,CMBT.BR,Tanker,2026-09-22
2008-10-03,5.1800150871276855,19.260000228881836,18.020000457763672,19.329999923706055,18.020000457763672,244491,CMBT.BR,Tanker,2026-09-22
2008-10-06,4.8411359786987305,18.0,18.5,18.979999542236328,17.25,306974,CMBT.BR,Tanker,2026-09-22
2008-10-07,4.577564716339111,17.020000457763672,18.25,18.25,17.020000457763672,364391,CMBT.BR,Tanker,2026-09-22
2008-10-08,4.16337776184082,15.479999542236328,16.229999542236328,16.450000762939453,15.229999542236328,231761,CMBT.BR,Tanker,2026-09-22
2008-10-09,4.179513931274414,15.539999961853027,15.539999961853027,15.8100004196167,14.970000267028809,402129,CMBT.BR,Tanker,2026-09-22
2008-10-10,3.9885568618774414,14.829999923706055,15.0,15.380000114440918,14.510000228881836,317940,CMBT.BR,Tanker,2026-09-22
2008-10-13,4.222546100616455,15.699999809265137,15.380000114440918,16.06999969482422,15.039999961853027,130192,CMBT.BR,Tanker,2026-09-22
2008-10-14,4.332817554473877,16.110000610351562,16.5,17.889999389648438,16.110000610351562,297161,CMBT.BR,Tanker,2026-09-22
2008-10-15,3.9589731693267822,14.720000267028809,16.18000030517578,16.5,14.720000267028809,229446,CMBT.BR,Tanker,2026-09-22
2008-10-16,3.751880407333374,13.949999809265137,14.020000457763672,14.6899995803833,13.5,263973,CMBT.BR,Tanker,2026-09-22
2008-10-17,3.7115371227264404,13.800000190734863,14.5,14.680000305175781,13.75,226487,CMBT.BR,Tanker,2026-09-22
2008-10-20,3.824497938156128,14.220000267028809,14.069999694824219,14.729999542236328,14.069999694824219,238294,CMBT.BR,Tanker,2026-09-22
2008-10-21,4.007386207580566,14.899999618530273,14.699999809265137,15.75,14.699999809265137,351431,CMBT.BR,Tanker,2026-09-22
2008-10-22,3.829876184463501,14.239999771118164,15.399999618530273,15.550000190734863,14.239999771118164,160541,CMBT.BR,Tanker,2026-09-22
2008-10-23,3.499065637588501,13.010000228881836,14.239999771118164,14.779999732971191,13.0,252569,CMBT.BR,Tanker,2026-09-22
2008-10-24,3.149428129196167,11.710000038146973,12.739999771118164,12.75,10.0,378405,CMBT.BR,Tanker,2026-09-22
2008-10-27,2.9181292057037354,10.850000381469727,11.550000190734863,11.550000190734863,10.550000190734863,220072,CMBT.BR,Tanker,2026-09-22
2008-10-28,2.9181292057037354,10.850000381469727,11.25,11.680000305175781,10.760000228881836,319877,CMBT.BR,Tanker,2026-09-22
2008-10-29,3.0122616291046143,11.199999809265137,11.5,11.600000381469727,10.850000381469727,174508,CMBT.BR,Tanker,2026-09-22
2008-10-30,3.0929484367370605,11.5,11.75,11.770000457763672,10.789999961853027,358967,CMBT.BR,Tanker,2026-09-22
2008-10-31,3.0660529136657715,11.399999618530273,11.640000343322754,11.84000015258789,11.300000190734863,244039,CMBT.BR,Tanker,2026-09-22
2008-11-03,3.2408714294433594,12.050000190734863,11.90999984741211,12.300000190734863,11.640000343322754,302986,CMBT.BR,Tanker,2026-09-22
2008-11-04,3.534029006958008,13.140000343322754,12.149999618530273,13.25,12.149999618530273,525414,CMBT.BR,Tanker,2026-09-22
2008-11-05,3.536717653274536,13.149999618530273,13.5,13.75,12.880000114440918,222698,CMBT.BR,Tanker,2026-09-22
2008-11-06,3.375347375869751,12.550000190734863,12.850000381469727,13.329999923706055,12.520000457763672,213769,CMBT.BR,Tanker,2026-09-22
2008-11-07,3.4076223373413086,12.670000076293945,12.65999984741211,12.920000076293945,12.399999618530273,175098,CMBT.BR,Tanker,2026-09-22
2008-11-10,3.4721691608428955,12.90999984741211,13.010000228881836,13.359999656677246,12.819999694824219,68140,CMBT.BR,Tanker,2026-09-22
2008-11-11,3.227423667907715,12.0,12.770000457763672,12.789999961853027,11.880000114440918,109279,CMBT.BR,Tanker,2026-09-22
2008-11-12,3.1090853214263916,11.5600004196167,12.289999961853027,12.420000076293945,11.449999809265137,184860,CMBT.BR,Tanker,2026-09-22
2008-11-13,3.0122616291046143,11.199999809265137,11.399999618530273,11.65999984741211,11.029999732971191,124929,CMBT.BR,Tanker,2026-09-22
2008-11-14,2.9961256980895996,11.140000343322754,11.699999809265137,11.920000076293945,10.949999809265137,167846,CMBT.BR,Tanker,2026-09-22
2008-11-17,2.8993020057678223,10.779999732971191,11.1899995803833,11.489999771118164,10.5,198906,CMBT.BR,Tanker,2026-09-22
2008-11-18,2.7997899055480957,10.40999984741211,10.800000190734863,10.949999809265137,10.369999885559082,149388,CMBT.BR,Tanker,2026-09-22
2008-11-19,2.635730266571045,9.800000190734863,10.449999809265137,10.5,9.649999618530273,199172,CMBT.BR,Tanker,2026-09-22
2008-11-20,2.4609105587005615,9.149999618530273,9.619999885559082,9.619999885559082,8.920000076293945,198485,CMBT.BR,Tanker,2026-09-22
2008-11-21,2.393672466278076,8.899999618530273,9.149999618530273,9.4399995803833,8.819999694824219,94655,CMBT.BR,Tanker,2026-09-22
2008-11-24,2.5711817741394043,9.5600004196167,9.100000381469727,9.720000267028809,9.0600004196167,58111,CMBT.BR,Tanker,2026-09-22
2008-11-25,2.4878058433532715,9.25,9.630000114440918,9.630000114440918,9.149999618530273,124799,CMBT.BR,Tanker,2026-09-22
2008-11-26,2.3963623046875,8.90999984741211,9.260000228881836,9.399999618530273,8.899999618530273,82384,CMBT.BR,Tanker,2026-09-22
2008-11-27,2.466289758682251,9.170000076293945,9.0,9.279999732971191,8.899999618530273,184167,CMBT.BR,Tanker,2026-09-22
2008-11-28,2.512012004852295,9.34000015258789,9.199999809265137,9.489999771118164,8.75,90727,CMBT.BR,Tanker,2026-09-22
2008-12-01,2.3479504585266113,8.729999542236328,9.420000076293945,9.489999771118164,8.729999542236328,88735,CMBT.BR,Tanker,2026-09-22
2008-12-02,2.38022518157959,8.850000381469727,8.640000343322754,8.949999809265137,8.25,88392,CMBT.BR,Tanker,2026-09-22
2008-12-03,2.404431104660034,8.9399995803833,8.920000076293945,9.180000305175781,8.65999984741211,146075,CMBT.BR,Tanker,2026-09-22
2008-12-04,2.4528424739837646,9.119999885559082,8.880000114440918,9.470000267028809,8.880000114440918,197294,CMBT.BR,Tanker,2026-09-22
2008-12-05,2.369466543197632,8.8100004196167,9.100000381469727,9.220000267028809,8.760000228881836,159978,CMBT.BR,Tanker,2026-09-22
2008-12-08,2.514702081680298,9.350000381469727,9.3100004196167,9.399999618530273,9.25,180617,CMBT.BR,Tanker,2026-09-22
2008-12-09,2.525459051132202,9.390000343322754,9.350000381469727,9.569999694824219,9.210000038146973,232288,CMBT.BR,Tanker,2026-09-22
2008-12-10,2.581939220428467,9.600000381469727,9.34000015258789,9.75,9.34000015258789,167822,CMBT.BR,Tanker,2026-09-22
2008-12-11,2.528148651123047,9.399999618530273,9.65999984741211,9.699999809265137,9.300000190734863,118949,CMBT.BR,Tanker,2026-09-22
2008-12-12,2.54966402053833,9.479999542236328,9.180000305175781,9.479999542236328,9.039999961853027,81497,CMBT.BR,Tanker,2026-09-22
2008-12-15,2.5684914588928223,9.550000190734863,9.5,10.270000457763672,9.460000038146973,93477,CMBT.BR,Tanker,2026-09-22
2008-12-16,2.6895203590393066,10.0,9.770000457763672,10.130000114440918,9.640000343322754,164742,CMBT.BR,Tanker,2026-09-22
2008-12-17,2.6088345050811768,9.699999809265137,10.220000267028809,10.25,9.640000343322754,130559,CMBT.BR,Tanker,2026-09-22
2008-12-18,2.611523389816284,9.710000038146973,9.800000190734863,9.930000305175781,9.300000190734863,155798,CMBT.BR,Tanker,2026-09-22
2008-12-19,2.702967643737793,10.050000190734863,9.510000228881836,10.050000190734863,9.449999809265137,223033,CMBT.BR,Tanker,2026-09-22
2008-12-22,2.520080327987671,9.369999885559082,9.699999809265137,10.130000114440918,9.319999694824219,69930,CMBT.BR,Tanker,2026-09-22
2008-12-23,2.501253128051758,9.300000190734863,9.34000015258789,9.510000228881836,9.229999542236328,76164,CMBT.BR,Tanker,2026-09-22
2008-12-24,2.528148651123047,9.399999618530273,9.449999809265137,9.470000267028809,9.25,9241,CMBT.BR,Tanker,2026-09-22
2008-12-29,2.611523389816284,9.710000038146973,9.359999656677246,9.930000305175781,9.359999656677246,46763,CMBT.BR,Tanker,2026-09-22
2008-12-30,2.6142139434814453,9.720000267028809,9.710000038146973,9.960000038146973,9.710000038146973,57981,CMBT.BR,Tanker,2026-09-22
2008-12-31,2.6384196281433105,9.8100004196167,9.920000076293945,10.0,9.800000190734863,3068,CMBT.BR,Tanker,2026-09-22
2009-01-02,2.748690128326416,10.220000267028809,9.710000038146973,10.25,9.710000038146973,44635,CMBT.BR,Tanker,2026-09-22
2009-01-05,2.9046809673309326,10.800000190734863,11.0,11.0,10.539999961853027,138702,CMBT.BR,Tanker,2026-09-22
2009-01-06,2.9504036903381348,10.970000267028809,10.899999618530273,11.479999542236328,10.699999809265137,166884,CMBT.BR,Tanker,2026-09-22
2009-01-07,3.0015039443969727,11.15999984741211,11.069999694824219,11.460000038146973,11.010000228881836,110596,CMBT.BR,Tanker,2026-09-22
2009-01-08,3.1467387676239014,11.699999809265137,11.399999618530273,11.729999542236328,11.25,179239,CMBT.BR,Tanker,2026-09-22
2009-01-09,3.0794999599456787,11.449999809265137,11.699999809265137,11.920000076293945,11.270000457763672,167627,CMBT.BR,Tanker,2026-09-22
2009-01-12,3.1467387676239014,11.699999809265137,11.5,11.819999694824219,11.300000190734863,175576,CMBT.BR,Tanker,2026-09-22
2009-01-13,3.0552947521209717,11.359999656677246,11.600000381469727,11.75,11.34000015258789,129964,CMBT.BR,Tanker,2026-09-22
2009-01-14,2.9181292057037354,10.850000381469727,11.390000343322754,11.489999771118164,10.75,114468,CMBT.BR,Tanker,2026-09-22
2009-01-15,2.998814821243286,11.149999618530273,10.739999771118164,11.270000457763672,10.520000457763672,180410,CMBT.BR,Tanker,2026-09-22
2009-01-16,3.1171534061431885,11.59000015258789,11.300000190734863,11.739999771118164,11.300000190734863,158615,CMBT.BR,Tanker,2026-09-22
2009-01-19,3.0122616291046143,11.199999809265137,11.859999656677246,11.9399995803833,11.0600004196167,201057,CMBT.BR,Tanker,2026-09-22
2009-01-20,2.9154393672943115,10.84000015258789,11.25,11.260000228881836,10.300000190734863,144346,CMBT.BR,Tanker,2026-09-22
2009-01-21,2.9477133750915527,10.960000038146973,10.859999656677246,11.270000457763672,10.300000190734863,148660,CMBT.BR,Tanker,2026-09-22
2009-01-22,3.052605390548706,11.350000381469727,11.260000228881836,12.239999771118164,11.25,166072,CMBT.BR,Tanker,2026-09-22
2009-01-23,2.945024013519287,10.949999809265137,11.399999618530273,11.399999618530273,10.800000190734863,112515,CMBT.BR,Tanker,2026-09-22
2009-01-26,3.114464282989502,11.579999923706055,10.960000038146973,11.75,10.960000038146973,122642,CMBT.BR,Tanker,2026-09-22
2009-01-27,3.0902585983276367,11.489999771118164,11.479999542236328,11.75,11.199999809265137,168787,CMBT.BR,Tanker,2026-09-22
2009-01-28,3.2220449447631836,11.979999542236328,11.5600004196167,12.229999542236328,11.5600004196167,191916,CMBT.BR,Tanker,2026-09-22
2009-01-29,3.1440489292144775,11.6899995803833,12.0600004196167,12.170000076293945,11.449999809265137,98239,CMBT.BR,Tanker,2026-09-22
2009-01-30,3.208597421646118,11.930000305175781,11.739999771118164,12.140000343322754,11.550000190734863,119554,CMBT.BR,Tanker,2026-09-22
2009-02-02,3.0499155521392822,11.34000015258789,11.989999771118164,11.989999771118164,11.210000038146973,123007,CMBT.BR,Tanker,2026-09-22
2009-02-03,3.0499155521392822,11.34000015258789,11.479999542236328,11.489999771118164,11.130000114440918,86300,CMBT.BR,Tanker,2026-09-22
2009-02-04,3.0983266830444336,11.520000457763672,11.329999923706055,11.699999809265137,11.329999923706055,124708,CMBT.BR,Tanker,2026-09-22
2009-02-05,3.152118444442749,11.720000267028809,11.380000114440918,11.90999984741211,11.380000114440918,79412,CMBT.BR,Tanker,2026-09-22
2009-02-06,3.0902585983276367,11.489999771118164,11.640000343322754,11.949999809265137,11.34000015258789,244008,CMBT.BR,Tanker,2026-09-22
2009-02-09,3.135981321334839,11.65999984741211,11.59000015258789,11.739999771118164,11.399999618530273,188967,CMBT.BR,Tanker,2026-09-22
2009-02-10,3.1279122829437256,11.630000114440918,11.670000076293945,11.829999923706055,11.520000457763672,63796,CMBT.BR,Tanker,2026-09-22
2009-02-11,3.0310897827148438,11.270000457763672,11.600000381469727,11.600000381469727,11.050000190734863,73912,CMBT.BR,Tanker,2026-09-22
2009-02-12,2.9719197750091553,11.050000190734863,11.460000038146973,11.460000038146973,11.010000228881836,48799,CMBT.BR,Tanker,2026-09-22
2009-02-13,3.071431875228882,11.420000076293945,11.300000190734863,11.489999771118164,11.220000267028809,78848,CMBT.BR,Tanker,2026-09-22
2009-02-16,3.0418474674224854,11.3100004196167,11.430000305175781,11.489999771118164,11.25,46769,CMBT.BR,Tanker,2026-09-22
2009-02-17,2.926197052001953,10.880000114440918,11.390000343322754,11.390000343322754,10.850000381469727,77638,CMBT.BR,Tanker,2026-09-22
2009-02-18,2.9530928134918213,10.979999542236328,10.979999542236328,11.029999732971191,10.550000190734863,104503,CMBT.BR,Tanker,2026-09-22
2009-02-19,2.869718074798584,10.670000076293945,10.84000015258789,10.9399995803833,10.5600004196167,102300,CMBT.BR,Tanker,2026-09-22
2009-02-20,2.6142139434814453,9.720000267028809,10.550000190734863,10.600000381469727,9.720000267028809,222634,CMBT.BR,Tanker,2026-09-22
2009-02-23,2.5684914588928223,9.550000190734863,9.979999542236328,10.229999542236328,9.430000305175781,75800,CMBT.BR,Tanker,2026-09-22
2009-02-24,2.5039432048797607,9.3100004196167,9.529999732971191,9.529999732971191,9.100000381469727,53933,CMBT.BR,Tanker,2026-09-22
2009-02-25,2.592698097229004,9.640000343322754,9.720000267028809,9.890000343322754,9.550000190734863,110419,CMBT.BR,Tanker,2026-09-22
2009-02-26,2.713726282119751,10.09000015258789,9.949999809265137,10.199999809265137,9.670000076293945,79495,CMBT.BR,Tanker,2026-09-22
2009-02-27,2.6841397285461426,9.979999542236328,10.020000457763672,10.029999732971191,9.760000228881836,99138,CMBT.BR,Tanker,2026-09-22
2009-03-02,2.5308380126953125,9.40999984741211,9.800000190734863,9.880000114440918,9.270000457763672,96524,CMBT.BR,Tanker,2026-09-22
2009-03-03,2.423258066177368,9.010000228881836,9.399999618530273,9.479999542236328,8.899999618530273,86511,CMBT.BR,Tanker,2026-09-22
2009-03-04,2.563112497329712,9.529999732971191,9.010000228881836,9.619999885559082,9.010000228881836,176623,CMBT.BR,Tanker,2026-09-22
2009-03-05,2.3829145431518555,8.859999656677246,9.489999771118164,9.5,8.859999656677246,99287,CMBT.BR,Tanker,2026-09-22
2009-03-06,2.4017415046691895,8.930000305175781,8.949999809265137,9.300000190734863,8.640000343322754,166647,CMBT.BR,Tanker,2026-09-22
2009-03-09,2.431325912475586,9.039999961853027,9.199999809265137,9.399999618530273,8.90999984741211,117696,CMBT.BR,Tanker,2026-09-22
2009-03-10,2.4340155124664307,9.050000190734863,9.239999771118164,9.399999618530273,8.970000267028809,136124,CMBT.BR,Tanker,2026-09-22
2009-03-11,2.4259469509124756,9.020000457763672,9.140000343322754,9.489999771118164,9.020000457763672,123449,CMBT.BR,Tanker,2026-09-22
2009-03-12,2.4797375202178955,9.220000267028809,9.289999961853027,9.350000381469727,9.119999885559082,141852,CMBT.BR,Tanker,2026-09-22
2009-03-13,2.5066325664520264,9.319999694824219,9.550000190734863,9.630000114440918,9.260000228881836,108309,CMBT.BR,Tanker,2026-09-22
2009-03-16,2.5684914588928223,9.550000190734863,9.5,9.600000381469727,9.399999618530273,54575,CMBT.BR,Tanker,2026-09-22
2009-03-17,2.4447741508483887,9.09000015258789,9.529999732971191,9.630000114440918,9.09000015258789,73336,CMBT.BR,Tanker,2026-09-22
2009-03-18,2.49318528175354,9.270000457763672,9.380000114440918,9.479999542236328,9.210000038146973,105465,CMBT.BR,Tanker,2026-09-22
2009-03-19,2.514702081680298,9.350000381469727,9.239999771118164,9.539999961853027,9.149999618530273,97769,CMBT.BR,Tanker,2026-09-22
2009-03-20,2.6895203590393066,10.0,9.3100004196167,10.180000305175781,9.3100004196167,145911,CMBT.BR,Tanker,2026-09-22
2009-03-23,2.721794366836548,10.119999885559082,10.100000381469727,10.3100004196167,9.960000038146973,52022,CMBT.BR,Tanker,2026-09-22
2009-03-24,2.786342144012451,10.359999656677246,10.180000305175781,10.359999656677246,10.050000190734863,119069,CMBT.BR,Tanker,2026-09-22
2009-03-25,3.0579841136932373,11.369999885559082,10.850000381469727,11.5,10.4399995803833,238387,CMBT.BR,Tanker,2026-09-22
2009-03-26,3.0929484367370605,11.5,11.5600004196167,11.8100004196167,11.380000114440918,215943,CMBT.BR,Tanker,2026-09-22
2009-03-27,2.9665403366088867,11.029999732971191,11.699999809265137,11.699999809265137,10.899999618530273,184722,CMBT.BR,Tanker,2026-09-22
2009-03-30,2.93157696723938,10.899999618530273,10.930000305175781,10.979999542236328,10.510000228881836,162629,CMBT.BR,Tanker,2026-09-22
2009-03-31,2.9799888134002686,11.079999923706055,11.0,11.239999771118164,10.90999984741211,88927,CMBT.BR,Tanker,2026-09-22
2009-04-01,3.0552947521209717,11.359999656677246,11.260000228881836,11.720000267028809,11.109999656677246,273099,CMBT.BR,Tanker,2026-09-22
2009-04-02,3.3350045680999756,12.399999618530273,11.739999771118164,12.420000076293945,11.5600004196167,317839,CMBT.BR,Tanker,2026-09-22
2009-04-03,3.3215575218200684,12.350000381469727,12.5,12.8100004196167,12.100000381469727,210651,CMBT.BR,Tanker,2026-09-22
2009-04-06,3.458721876144409,12.859999656677246,12.5,13.149999618530273,12.5,169949,CMBT.BR,Tanker,2026-09-22
2009-04-07,3.227423667907715,12.0,12.899999618530273,13.09000015258789,12.0,135067,CMBT.BR,Tanker,2026-09-22
2009-04-08,3.114464282989502,11.579999923706055,11.979999542236328,12.0,11.399999618530273,260638,CMBT.BR,Tanker,2026-09-22
2009-04-09,3.200528621673584,11.899999618530273,11.989999771118164,12.279999732971191,11.699999809265137,195967,CMBT.BR,Tanker,2026-09-22
2009-04-14,3.2543187141418457,12.100000381469727,12.270000457763672,12.699999809265137,12.029999732971191,179023,CMBT.BR,Tanker,2026-09-22
2009-04-15,3.265077829360962,12.140000343322754,12.15999984741211,12.390000343322754,12.039999961853027,138734,CMBT.BR,Tanker,2026-09-22
2009-04-16,3.289283037185669,12.229999542236328,12.199999809265137,12.649999618530273,12.0600004196167,179571,CMBT.BR,Tanker,2026-09-22
2009-04-17,3.3887946605682373,12.600000381469727,12.420000076293945,12.949999809265137,12.350000381469727,363822,CMBT.BR,Tanker,2026-09-22
2009-04-20,3.2677676677703857,12.149999618530273,12.819999694824219,12.819999694824219,12.109999656677246,143589,CMBT.BR,Tanker,2026-09-22
2009-04-21,3.286593198776245,12.220000267028809,12.180000305175781,12.390000343322754,11.949999809265137,133152,CMBT.BR,Tanker,2026-09-22
2009-04-22,3.227423667907715,12.0,12.300000190734863,12.300000190734863,11.710000038146973,134840,CMBT.BR,Tanker,2026-09-22
2009-04-23,3.0310897827148438,11.270000457763672,11.800000190734863,11.949999809265137,11.25,359805,CMBT.BR,Tanker,2026-09-22
2009-04-24,3.017642021179199,11.220000267028809,11.430000305175781,11.449999809265137,11.199999809265137,251734,CMBT.BR,Tanker,2026-09-22
2009-04-27,2.9611613750457764,11.010000228881836,11.270000457763672,11.350000381469727,11.010000228881836,209704,CMBT.BR,Tanker,2026-09-22
2009-04-28,3.0418474674224854,11.3100004196167,11.0,11.489999771118164,10.710000038146973,258184,CMBT.BR,Tanker,2026-09-22
2009-04-29,3.4209041595458984,10.920000076293945,10.390000343322754,10.949999809265137,10.210000038146973,298856,CMBT.BR,Tanker,2026-09-22
2009-04-30,3.4459640979766846,11.0,11.09000015258789,11.390000343322754,11.0,122881,CMBT.BR,Tanker,2026-09-22
2009-05-04,3.825021505355835,12.210000038146973,11.5,12.300000190734863,11.300000190734863,240793,CMBT.BR,Tanker,2026-09-22
2009-05-05,3.8312864303588867,12.229999542236328,12.329999923706055,12.579999923706055,12.0600004196167,272165,CMBT.BR,Tanker,2026-09-22
2009-05-06,3.853214740753174,12.300000190734863,12.350000381469727,12.399999618530273,12.130000114440918,142900,CMBT.BR,Tanker,2026-09-22
2009-05-07,3.9096028804779053,12.479999542236328,12.350000381469727,12.949999809265137,12.350000381469727,238143,CMBT.BR,Tanker,2026-09-22
2009-05-08,3.9534599781036377,12.619999885559082,12.460000038146973,12.649999618530273,12.359999656677246,137060,CMBT.BR,Tanker,2026-09-22
2009-05-11,3.7341721057891846,11.920000076293945,12.649999618530273,12.720000267028809,11.75,173266,CMBT.BR,Tanker,2026-09-22
2009-05-12,3.774897336959839,12.050000190734863,11.800000190734863,12.279999732971191,11.75,166603,CMBT.BR,Tanker,2026-09-22
2009-05-13,3.5117509365081787,11.210000038146973,12.100000381469727,12.199999809265137,11.210000038146973,147988,CMBT.BR,Tanker,2026-09-22
2009-05-14,3.602599620819092,11.5,11.260000228881836,11.550000190734863,11.260000228881836,80462,CMBT.BR,Tanker,2026-09-22
2009-05-15,3.5305488109588623,11.270000457763672,11.539999961853027,11.600000381469727,11.220000267028809,117038,CMBT.BR,Tanker,2026-09-22
2009-05-18,3.618263006210327,11.550000190734863,11.479999542236328,11.739999771118164,11.239999771118164,151016,CMBT.BR,Tanker,2026-09-22
2009-05-19,3.709110975265503,11.84000015258789,11.75,12.0,11.729999542236328,126346,CMBT.BR,Tanker,2026-09-22
2009-05-20,3.8438165187835693,12.270000457763672,11.930000305175781,12.270000457763672,11.899999618530273,134970,CMBT.BR,Tanker,2026-09-22
2009-05-21,3.6840498447418213,11.760000228881836,12.210000038146973,12.25,11.760000228881836,51754,CMBT.BR,Tanker,2026-09-22
2009-05-22,3.7529685497283936,11.979999542236328,11.800000190734863,11.979999542236328,11.800000190734863,48773,CMBT.BR,Tanker,2026-09-22
2009-05-25,3.677783727645874,11.739999771118164,12.0,12.149999618530273,11.649999618530273,42069,CMBT.BR,Tanker,2026-09-22
2009-05-26,3.6652538776397705,11.699999809265137,11.890000343322754,11.890000343322754,11.5,73598,CMBT.BR,Tanker,2026-09-22
2009-05-27,3.790560483932495,12.100000381469727,11.800000190734863,12.100000381469727,11.699999809265137,104604,CMBT.BR,Tanker,2026-09-22
2009-05-28,3.7435708045959473,11.949999809265137,11.979999542236328,12.109999656677246,11.779999732971191,112615,CMBT.BR,Tanker,2026-09-22
2009-05-29,3.6809160709381104,11.75,12.010000228881836,12.100000381469727,11.75,140740,CMBT.BR,Tanker,2026-09-22
2009-06-01,3.85634708404541,12.3100004196167,12.020000457763672,12.399999618530273,12.0,114295,CMBT.BR,Tanker,2026-09-22
2009-06-02,3.9127357006073,12.489999771118164,12.449999809265137,12.5,12.25,130104,CMBT.BR,Tanker,2026-09-22
2009-06-03,3.853214740753174,12.300000190734863,12.520000457763672,13.010000228881836,12.199999809265137,274016,CMBT.BR,Tanker,2026-09-22
2009-06-04,3.8845417499542236,12.399999618530273,12.40999984741211,12.600000381469727,12.3100004196167,92247,CMBT.BR,Tanker,2026-09-22
2009-06-05,3.9879209995269775,12.729999542236328,12.619999885559082,13.039999961853027,12.449999809265137,262951,CMBT.BR,Tanker,2026-09-22
2009-06-08,3.9503285884857178,12.609999656677246,12.920000076293945,12.9399995803833,12.600000381469727,133947,CMBT.BR,Tanker,2026-09-22
2009-06-09,4.27299690246582,13.640000343322754,12.949999809265137,13.640000343322754,12.819999694824219,230442,CMBT.BR,Tanker,2026-09-22
2009-06-10,4.605062484741211,14.699999809265137,13.75,15.069999694824219,13.75,474809,CMBT.BR,Tanker,2026-09-22
2009-06-11,4.57686710357666,14.609999656677246,14.770000457763672,14.949999809265137,14.5,187410,CMBT.BR,Tanker,2026-09-22
2009-06-12,4.611327171325684,14.720000267028809,14.670000076293945,14.850000381469727,14.5,172000,CMBT.BR,Tanker,2026-09-22
2009-06-15,4.310588359832764,13.760000228881836,14.699999809265137,14.699999809265137,13.699999809265137,188363,CMBT.BR,Tanker,2026-09-22
2009-06-16,4.191546440124512,13.380000114440918,13.65999984741211,14.0,13.350000381469727,328746,CMBT.BR,Tanker,2026-09-22
2009-06-17,4.034911155700684,12.880000114440918,13.40999984741211,13.40999984741211,12.800000190734863,192715,CMBT.BR,Tanker,2026-09-22
2009-06-18,3.9471960067749023,12.600000381469727,12.880000114440918,13.0,12.539999961853027,250012,CMBT.BR,Tanker,2026-09-22
2009-06-19,4.254200458526611,13.579999923706055,12.899999618530273,13.640000343322754,12.75,216733,CMBT.BR,Tanker,2026-09-22
2009-06-22,4.031778812408447,12.869999885559082,13.640000343322754,13.720000267028809,12.710000038146973,154734,CMBT.BR,Tanker,2026-09-22
2009-06-23,3.9597268104553223,12.640000343322754,12.800000190734863,13.0,12.600000381469727,100770,CMBT.BR,Tanker,2026-09-22
2009-06-24,4.166484832763672,13.300000190734863,12.710000038146973,13.34000015258789,12.710000038146973,76494,CMBT.BR,Tanker,2026-09-22
2009-06-25,4.150821208953857,13.25,13.449999809265137,13.449999809265137,12.84000015258789,68604,CMBT.BR,Tanker,2026-09-22
2009-06-26,4.056840419769287,12.949999809265137,13.3100004196167,13.430000305175781,12.949999809265137,76052,CMBT.BR,Tanker,2026-09-22
2009-06-29,4.207211494445801,13.430000305175781,13.010000228881836,13.489999771118164,13.010000228881836,86069,CMBT.BR,Tanker,2026-09-22
2009-06-30,4.157086372375488,13.270000457763672,13.5,13.630000114440918,13.199999809265137,77625,CMBT.BR,Tanker,2026-09-22
2009-07-01,4.19467830657959,13.390000343322754,13.25,13.470000267028809,13.199999809265137,122415,CMBT.BR,Tanker,2026-09-22
2009-07-02,4.050574779510498,12.930000305175781,13.399999618530273,13.520000457763672,12.859999656677246,83211,CMBT.BR,Tanker,2026-09-22
2009-07-03,4.0098490715026855,12.800000190734863,13.029999732971191,13.109999656677246,12.65999984741211,60408,CMBT.BR,Tanker,2026-09-22
2009-07-06,3.8688786029815674,12.350000381469727,12.890000343322754,12.899999618530273,12.300000190734863,101152,CMBT.BR,Tanker,2026-09-22
2009-07-07,3.787429094314575,12.09000015258789,12.449999809265137,12.600000381469727,12.079999923706055,114813,CMBT.BR,Tanker,2026-09-22
2009-07-08,3.696580171585083,11.800000190734863,12.0,12.050000190734863,11.649999618530273,198265,CMBT.BR,Tanker,2026-09-22
2009-07-09,3.6809160709381104,11.75,12.0,12.010000228881836,11.6899995803833,78625,CMBT.BR,Tanker,2026-09-22
2009-07-10,3.6652538776397705,11.699999809265137,11.869999885559082,11.869999885559082,11.649999618530273,48238,CMBT.BR,Tanker,2026-09-22
2009-07-13,3.6401925086975098,11.619999885559082,11.699999809265137,11.720000267028809,11.529999732971191,60513,CMBT.BR,Tanker,2026-09-22
2009-07-14,3.6589887142181396,11.680000305175781,11.800000190734863,11.890000343322754,11.569999694824219,83391,CMBT.BR,Tanker,2026-09-22
2009-07-15,3.9534599781036377,12.619999885559082,11.75,12.680000305175781,11.720000267028809,87696,CMBT.BR,Tanker,2026-09-22
2009-07-16,3.809357166290283,12.15999984741211,12.739999771118164,12.739999771118164,12.119999885559082,69993,CMBT.BR,Tanker,2026-09-22
2009-07-17,3.7153759002685547,11.859999656677246,12.489999771118164,12.619999885559082,11.84000015258789,65684,CMBT.BR,Tanker,2026-09-22
2009-07-20,3.7310402393341064,11.90999984741211,12.25,12.34000015258789,11.880000114440918,97104,CMBT.BR,Tanker,2026-09-22
2009-07-21,3.8030920028686523,12.140000343322754,12.069999694824219,12.3100004196167,12.0,91262,CMBT.BR,Tanker,2026-09-22
2009-07-22,3.8375508785247803,12.25,12.199999809265137,12.34000015258789,12.079999923706055,70867,CMBT.BR,Tanker,2026-09-22
2009-07-23,3.965991973876953,12.65999984741211,11.800000190734863,12.699999809265137,11.800000190734863,156844,CMBT.BR,Tanker,2026-09-22
2009-07-24,4.197811603546143,13.399999618530273,12.75,13.4399995803833,12.600000381469727,174288,CMBT.BR,Tanker,2026-09-22
2009-07-27,4.354445934295654,13.899999618530273,13.489999771118164,13.979999542236328,13.199999809265137,215762,CMBT.BR,Tanker,2026-09-22
2009-07-28,4.254200458526611,13.579999923706055,13.949999809265137,13.949999809265137,13.4399995803833,209714,CMBT.BR,Tanker,2026-09-22
2009-07-29,4.1758832931518555,13.329999923706055,13.489999771118164,13.819999694824219,13.289999961853027,155280,CMBT.BR,Tanker,2026-09-22
2009-07-30,4.332516670227051,13.829999923706055,13.390000343322754,13.9399995803833,13.25,98875,CMBT.BR,Tanker,2026-09-22
2009-07-31,4.348181247711182,13.880000114440918,13.899999618530273,13.949999809265137,13.680000305175781,77401,CMBT.BR,Tanker,2026-09-22
2009-08-03,4.241668701171875,13.539999961853027,13.949999809265137,14.0,13.5,176481,CMBT.BR,Tanker,2026-09-22
2009-08-04,4.166484832763672,13.300000190734863,13.75,13.75,13.229999542236328,128999,CMBT.BR,Tanker,2026-09-22
2009-08-05,4.075636386871338,13.010000228881836,13.420000076293945,13.470000267028809,13.010000228881836,59876,CMBT.BR,Tanker,2026-09-22
2009-08-06,4.122626781463623,13.15999984741211,13.40999984741211,13.5,13.149999618530273,73030,CMBT.BR,Tanker,2026-09-22
2009-08-07,4.122626781463623,13.15999984741211,13.15999984741211,13.40999984741211,12.899999618530273,61212,CMBT.BR,Tanker,2026-09-22
2009-08-10,4.11949348449707,13.149999618530273,13.359999656677246,13.510000228881836,13.100000381469727,65348,CMBT.BR,Tanker,2026-09-22
2009-08-11,4.100697994232178,13.09000015258789,13.199999809265137,13.34000015258789,13.050000190734863,116916,CMBT.BR,Tanker,2026-09-22
2009-08-12,4.072504043579102,13.0,13.239999771118164,13.239999771118164,12.949999809265137,83235,CMBT.BR,Tanker,2026-09-22
2009-08-13,4.238536357879639,13.529999732971191,13.100000381469727,13.539999961853027,13.020000457763672,98094,CMBT.BR,Tanker,2026-09-22
2009-08-14,4.150821208953857,13.25,13.539999961853027,13.539999961853027,13.100000381469727,80283,CMBT.BR,Tanker,2026-09-22
2009-08-17,3.9346656799316406,12.5600004196167,13.25,13.399999618530273,12.5600004196167,103885,CMBT.BR,Tanker,2026-09-22
2009-08-18,4.122626781463623,13.15999984741211,12.510000228881836,13.15999984741211,12.510000228881836,92544,CMBT.BR,Tanker,2026-09-22
2009-08-19,4.150821208953857,13.25,13.100000381469727,13.289999961853027,12.760000228881836,111420,CMBT.BR,Tanker,2026-09-22
2009-08-20,4.27612829208374,13.649999618530273,13.369999885559082,13.649999618530273,13.270000457763672,92776,CMBT.BR,Tanker,2026-09-22
2009-08-21,4.354445934295654,13.899999618530273,13.649999618530273,13.899999618530273,13.449999809265137,133145,CMBT.BR,Tanker,2026-09-22
2009-08-24,4.379507541656494,13.979999542236328,13.899999618530273,14.079999923706055,13.899999618530273,84592,CMBT.BR,Tanker,2026-09-22
2009-08-25,4.454692840576172,14.220000267028809,13.9399995803833,14.289999961853027,13.739999771118164,163953,CMBT.BR,Tanker,2026-09-22
2009-08-26,4.583132743835449,14.630000114440918,14.239999771118164,14.699999809265137,14.239999771118164,289739,CMBT.BR,Tanker,2026-09-22
2009-08-27,4.598796844482422,14.680000305175781,14.59000015258789,14.779999732971191,14.319999694824219,164391,CMBT.BR,Tanker,2026-09-22
2009-08-28,4.542407989501953,14.5,14.850000381469727,14.850000381469727,14.420000076293945,83795,CMBT.BR,Tanker,2026-09-22
2009-08-31,4.260465145111084,13.600000381469727,14.4399995803833,14.4399995803833,13.579999923706055,99668,CMBT.BR,Tanker,2026-09-22
2009-09-01,4.138289928436279,13.210000038146973,13.989999771118164,14.0,13.170000076293945,145716,CMBT.BR,Tanker,2026-09-22
2009-09-02,4.1035685539245605,13.0,13.270000457763672,13.270000457763672,12.869999885559082,96203,CMBT.BR,Tanker,2026-09-22
2009-09-03,4.119351387023926,13.050000190734863,13.0,13.15999984741211,12.859999656677246,123069,CMBT.BR,Tanker,2026-09-22
2009-09-04,4.119351387023926,13.050000190734863,13.050000190734863,13.050000190734863,13.050000190734863,0,CMBT.BR,Tanker,2026-09-22
2009-09-07,4.154071807861328,13.15999984741211,13.0600004196167,13.460000038146973,13.039999961853027,182454,CMBT.BR,Tanker,2026-09-22
2009-09-08,4.195108890533447,13.289999961853027,13.399999618530273,13.449999809265137,13.210000038146973,91743,CMBT.BR,Tanker,2026-09-22
2009-09-09,4.226674556732178,13.390000343322754,13.479999542236328,13.479999542236328,13.289999961853027,98309,CMBT.BR,Tanker,2026-09-22
2009-09-10,4.261396884918213,13.5,13.489999771118164,13.699999809265137,13.460000038146973,133746,CMBT.BR,Tanker,2026-09-22
2009-09-11,4.321372032165527,13.6899995803833,13.699999809265137,13.850000381469727,13.600000381469727,145801,CMBT.BR,Tanker,2026-09-22
2009-09-14,4.195108890533447,13.289999961853027,13.609999656677246,13.680000305175781,13.239999771118164,103714,CMBT.BR,Tanker,2026-09-22
2009-09-15,4.125663757324219,13.069999694824219,13.350000381469727,13.479999542236328,12.899999618530273,305515,CMBT.BR,Tanker,2026-09-22
2009-09-16,4.29611873626709,13.609999656677246,13.199999809265137,13.75,13.199999809265137,111832,CMBT.BR,Tanker,2026-09-22
2009-09-17,4.453949928283691,14.109999656677246,13.789999961853027,14.109999656677246,13.699999809265137,177379,CMBT.BR,Tanker,2026-09-22
2009-09-18,4.419227600097656,14.0,13.949999809265137,14.039999961853027,13.770000457763672,32142,CMBT.BR,Tanker,2026-09-22
2009-09-21,4.324529647827148,13.699999809265137,14.0600004196167,14.0600004196167,13.5600004196167,37516,CMBT.BR,Tanker,2026-09-22
2009-09-22,4.36240816116333,13.819999694824219,13.800000190734863,14.079999923706055,13.75,43139,CMBT.BR,Tanker,2026-09-22
2009-09-23,4.510767936706543,14.289999961853027,13.949999809265137,14.510000228881836,13.890000343322754,130571,CMBT.BR,Tanker,2026-09-22
2009-09-24,4.491828441619873,14.229999542236328,14.149999618530273,14.329999923706055,13.979999542236328,197998,CMBT.BR,Tanker,2026-09-22
2009-09-25,4.491828441619873,14.229999542236328,14.199999809265137,14.350000381469727,14.020000457763672,142760,CMBT.BR,Tanker,2026-09-22
2009-09-28,4.608621597290039,14.600000381469727,14.210000038146973,14.600000381469727,14.100000381469727,90934,CMBT.BR,Tanker,2026-09-22
2009-09-29,4.649658203125,14.729999542236328,14.699999809265137,14.75,14.520000457763672,98171,CMBT.BR,Tanker,2026-09-22
2009-09-30,4.643345355987549,14.710000038146973,14.850000381469727,14.949999809265137,14.649999618530273,169157,CMBT.BR,Tanker,2026-09-22
2009-10-01,4.640188217163086,14.699999809265137,14.75,14.829999923706055,14.539999961853027,110207,CMBT.BR,Tanker,2026-09-22
2009-10-02,4.498140335083008,14.25,14.510000228881836,14.510000228881836,14.050000190734863,151155,CMBT.BR,Tanker,2026-09-22
2009-10-05,4.450793743133545,14.100000381469727,14.329999923706055,14.630000114440918,14.0600004196167,138702,CMBT.BR,Tanker,2026-09-22
2009-10-06,4.545491695404053,14.399999618530273,14.149999618530273,14.479999542236328,14.149999618530273,242849,CMBT.BR,Tanker,2026-09-22
2009-10-07,4.558117389678955,14.4399995803833,14.5600004196167,14.699999809265137,14.199999809265137,144774,CMBT.BR,Tanker,2026-09-22
2009-10-08,4.611778736114502,14.609999656677246,14.600000381469727,14.6899995803833,14.149999618530273,166830,CMBT.BR,Tanker,2026-09-22
2009-10-09,4.709632873535156,14.920000076293945,14.6899995803833,14.949999809265137,14.470000267028809,141637,CMBT.BR,Tanker,2026-09-22
2009-10-12,4.671753406524658,14.800000190734863,14.949999809265137,14.949999809265137,14.75,101746,CMBT.BR,Tanker,2026-09-22
2009-10-13,4.586525917053223,14.529999732971191,14.789999961853027,14.899999618530273,14.489999771118164,82306,CMBT.BR,Tanker,2026-09-22
2009-10-14,4.624405860900879,14.649999618530273,14.800000190734863,14.800000190734863,14.529999732971191,124042,CMBT.BR,Tanker,2026-09-22
2009-10-15,4.668596267700195,14.789999961853027,14.890000343322754,14.890000343322754,14.75,127354,CMBT.BR,Tanker,2026-09-22
2009-10-16,4.804331302642822,15.220000267028809,14.890000343322754,15.319999694824219,14.890000343322754,168126,CMBT.BR,Tanker,2026-09-22
2009-10-19,4.829582691192627,15.300000190734863,15.399999618530273,15.449999809265137,15.010000228881836,83165,CMBT.BR,Tanker,2026-09-22
2009-10-20,4.788547992706299,15.170000076293945,15.319999694824219,15.390000343322754,15.020000457763672,69449,CMBT.BR,Tanker,2026-09-22
2009-10-21,4.532864570617676,14.359999656677246,14.75,14.800000190734863,14.050000190734863,358322,CMBT.BR,Tanker,2026-09-22
2009-10-22,4.356094837188721,13.800000190734863,14.260000228881836,14.260000228881836,13.800000190734863,197947,CMBT.BR,Tanker,2026-09-22
2009-10-23,4.356094837188721,13.800000190734863,13.800000190734863,13.800000190734863,13.800000190734863,0,CMBT.BR,Tanker,2026-09-22
2009-10-26,4.324529647827148,13.699999809265137,13.699999809265137,13.779999732971191,13.479999542236328,236907,CMBT.BR,Tanker,2026-09-22
2009-10-27,4.229831218719482,13.399999618530273,13.539999961853027,13.600000381469727,13.199999809265137,155014,CMBT.BR,Tanker,2026-09-22
2009-10-28,4.150917053222656,13.149999618530273,13.289999961853027,13.399999618530273,13.029999732971191,226243,CMBT.BR,Tanker,2026-09-22
2009-10-29,4.3119025230407715,13.65999984741211,13.0,13.779999732971191,12.899999618530273,121869,CMBT.BR,Tanker,2026-09-22
2009-10-30,4.19826602935791,13.300000190734863,13.600000381469727,13.800000190734863,13.260000228881836,58178,CMBT.BR,Tanker,2026-09-22
2009-11-02,4.245613098144531,13.449999809265137,13.279999732971191,13.789999961853027,13.15999984741211,52885,CMBT.BR,Tanker,2026-09-22
2009-11-03,4.223518371582031,13.380000114440918,13.359999656677246,13.449999809265137,13.100000381469727,80140,CMBT.BR,Tanker,2026-09-22
2009-11-04,4.318215370178223,13.680000305175781,13.34000015258789,13.75,13.34000015258789,48950,CMBT.BR,Tanker,2026-09-22
2009-11-05,4.368721961975098,13.84000015258789,13.739999771118164,13.949999809265137,13.5,82212,CMBT.BR,Tanker,2026-09-22
2009-11-06,4.352938175201416,13.789999961853027,13.829999923706055,13.989999771118164,13.760000228881836,92989,CMBT.BR,Tanker,2026-09-22
2009-11-09,4.573899269104004,14.489999771118164,13.75,14.489999771118164,13.75,87238,CMBT.BR,Tanker,2026-09-22
2009-11-10,4.536020755767822,14.369999885559082,14.550000190734863,14.640000343322754,14.199999809265137,74146,CMBT.BR,Tanker,2026-09-22
2009-11-11,4.498140335083008,14.25,14.380000114440918,14.539999961853027,14.220000267028809,38227,CMBT.BR,Tanker,2026-09-22
2009-11-12,4.545491695404053,14.399999618530273,14.25,14.489999771118164,14.109999656677246,103869,CMBT.BR,Tanker,2026-09-22
2009-11-13,4.577055931091309,14.5,14.239999771118164,14.520000457763672,14.239999771118164,69573,CMBT.BR,Tanker,2026-09-22
2009-11-16,4.7822346687316895,15.149999618530273,14.649999618530273,15.149999618530273,14.5,145717,CMBT.BR,Tanker,2026-09-22
2009-11-17,4.756982803344727,15.069999694824219,15.149999618530273,15.149999618530273,14.890000343322754,190979,CMBT.BR,Tanker,2026-09-22
2009-11-18,4.791704177856445,15.180000305175781,15.039999961853027,15.350000381469727,14.920000076293945,145685,CMBT.BR,Tanker,2026-09-22
2009-11-19,4.8643059730529785,15.40999984741211,15.300000190734863,15.630000114440918,15.229999542236328,168353,CMBT.BR,Tanker,2026-09-22
2009-11-20,4.602309226989746,14.579999923706055,15.399999618530273,15.5,14.399999618530273,136893,CMBT.BR,Tanker,2026-09-22
2009-11-23,4.618092060089111,14.630000114440918,14.600000381469727,14.779999732971191,14.5600004196167,90452,CMBT.BR,Tanker,2026-09-22
2009-11-24,4.577055931091309,14.5,14.609999656677246,14.729999542236328,14.5,102572,CMBT.BR,Tanker,2026-09-22
2009-11-25,4.573899269104004,14.489999771118164,14.600000381469727,14.600000381469727,14.3100004196167,105918,CMBT.BR,Tanker,2026-09-22
2009-11-26,4.419227600097656,14.0,14.279999732971191,14.550000190734863,13.800000190734863,109088,CMBT.BR,Tanker,2026-09-22
2009-11-27,4.491828441619873,14.229999542236328,13.770000457763672,14.270000457763672,13.5600004196167,113514,CMBT.BR,Tanker,2026-09-22
2009-11-30,4.4949846267700195,14.239999771118164,14.239999771118164,14.489999771118164,14.239999771118164,68044,CMBT.BR,Tanker,2026-09-22
2009-12-01,4.646501064300537,14.720000267028809,14.489999771118164,14.720000267028809,14.300000190734863,70876,CMBT.BR,Tanker,2026-09-22
2009-12-02,4.431853294372559,14.039999961853027,14.720000267028809,14.850000381469727,14.039999961853027,266086,CMBT.BR,Tanker,2026-09-22
2009-12-03,4.614935874938965,14.619999885559082,14.050000190734863,14.680000305175781,14.050000190734863,137420,CMBT.BR,Tanker,2026-09-22
2009-12-04,4.611778736114502,14.609999656677246,14.649999618530273,14.890000343322754,14.399999618530273,43851,CMBT.BR,Tanker,2026-09-22
2009-12-07,4.637031555175781,14.6899995803833,14.5,14.899999618530273,14.369999885559082,68810,CMBT.BR,Tanker,2026-09-22
2009-12-08,4.59283971786499,14.550000190734863,14.75,14.75,14.34000015258789,61498,CMBT.BR,Tanker,2026-09-22
2009-12-09,4.5139241218566895,14.300000190734863,14.380000114440918,14.59000015258789,14.199999809265137,32101,CMBT.BR,Tanker,2026-09-22
2009-12-10,4.441323280334473,14.069999694824219,14.25,14.289999961853027,14.0,52320,CMBT.BR,Tanker,2026-09-22
2009-12-11,4.542334079742432,14.390000343322754,14.229999542236328,14.59000015258789,14.220000267028809,64173,CMBT.BR,Tanker,2026-09-22
2009-12-14,4.542334079742432,14.390000343322754,14.600000381469727,14.600000381469727,14.029999732971191,92732,CMBT.BR,Tanker,2026-09-22
2009-12-15,4.428696155548096,14.029999732971191,14.279999732971191,14.40999984741211,13.899999618530273,201324,CMBT.BR,Tanker,2026-09-22
2009-12-16,4.441323280334473,14.069999694824219,13.899999618530273,14.149999618530273,13.859999656677246,107316,CMBT.BR,Tanker,2026-09-22
2009-12-17,4.431853294372559,14.039999961853027,14.180000305175781,14.180000305175781,13.899999618530273,48844,CMBT.BR,Tanker,2026-09-22
2009-12-18,4.573899269104004,14.489999771118164,13.920000076293945,14.489999771118164,13.920000076293945,77067,CMBT.BR,Tanker,2026-09-22
2009-12-21,4.697006702423096,14.880000114440918,14.449999809265137,14.899999618530273,14.4399995803833,152114,CMBT.BR,Tanker,2026-09-22
2009-12-22,4.738041877746582,15.010000228881836,14.899999618530273,15.100000381469727,14.569999694824219,338488,CMBT.BR,Tanker,2026-09-22
2009-12-23,4.7822346687316895,15.149999618530273,14.899999618530273,15.199999809265137,14.899999618530273,132474,CMBT.BR,Tanker,2026-09-22
2009-12-24,4.79486083984375,15.1899995803833,15.199999809265137,15.25,14.859999656677246,49462,CMBT.BR,Tanker,2026-09-22
2009-12-28,4.842210292816162,15.34000015258789,15.109999656677246,15.449999809265137,14.930000305175781,51059,CMBT.BR,Tanker,2026-09-22
2009-12-29,4.848523139953613,15.359999656677246,15.039999961853027,15.420000076293945,15.039999961853027,63830,CMBT.BR,Tanker,2026-09-22
2009-12-30,4.709632873535156,14.920000076293945,15.359999656677246,15.430000305175781,14.649999618530273,74262,CMBT.BR,Tanker,2026-09-22
2009-12-31,4.829582691192627,15.300000190734863,14.920000076293945,15.300000190734863,14.920000076293945,30558,CMBT.BR,Tanker,2026-09-22
2010-01-04,4.810644626617432,15.239999771118164,15.25,15.369999885559082,15.15999984741211,47888,CMBT.BR,Tanker,2026-09-22
2010-01-05,4.798017501831055,15.199999809265137,15.359999656677246,15.390000343322754,15.109999656677246,112306,CMBT.BR,Tanker,2026-09-22
2010-01-06,5.050545692443848,16.0,15.399999618530273,16.0,15.399999618530273,182703,CMBT.BR,Tanker,2026-09-22
2010-01-07,5.233626842498779,16.579999923706055,16.059999465942383,16.600000381469727,16.059999465942383,268618,CMBT.BR,Tanker,2026-09-22
2010-01-08,5.186278343200684,16.43000030517578,16.43000030517578,16.600000381469727,16.25,164092,CMBT.BR,Tanker,2026-09-22
2010-01-11,5.239940166473389,16.600000381469727,16.43000030517578,16.8700008392334,16.3700008392334,137608,CMBT.BR,Tanker,2026-09-22
2010-01-12,5.088424205780029,16.1200008392334,16.549999237060547,16.600000381469727,15.710000038146973,183325,CMBT.BR,Tanker,2026-09-22
2010-01-13,4.959003925323486,15.710000038146973,15.960000038146973,16.049999237060547,15.5600004196167,121733,CMBT.BR,Tanker,2026-09-22
2010-01-14,5.044230937957764,15.979999542236328,15.880000114440918,15.979999542236328,15.699999809265137,59730,CMBT.BR,Tanker,2026-09-22
2010-01-15,5.050545692443848,16.0,15.979999542236328,16.190000534057617,15.75,60495,CMBT.BR,Tanker,2026-09-22
2010-01-18,5.097893714904785,16.149999618530273,15.949999809265137,16.200000762939453,15.5600004196167,50537,CMBT.BR,Tanker,2026-09-22
2010-01-19,5.189435005187988,16.440000534057617,16.200000762939453,16.440000534057617,16.110000610351562,83335,CMBT.BR,Tanker,2026-09-22
2010-01-20,5.325168132781982,16.8700008392334,15.899999618530273,17.229999542236328,15.760000228881836,375717,CMBT.BR,Tanker,2026-09-22
2010-01-21,5.2115302085876465,16.510000228881836,16.850000381469727,17.0,16.5,109277,CMBT.BR,Tanker,2026-09-22
2010-01-22,5.072641372680664,16.06999969482422,16.549999237060547,16.549999237060547,15.220000267028809,375020,CMBT.BR,Tanker,2026-09-22
2010-01-25,5.0757975578308105,16.079999923706055,15.850000381469727,16.440000534057617,15.75,128032,CMBT.BR,Tanker,2026-09-22
2010-01-26,5.0316057205200195,15.9399995803833,16.0,16.0,15.5600004196167,56885,CMBT.BR,Tanker,2026-09-22
2010-01-27,4.914811611175537,15.569999694824219,15.930000305175781,15.930000305175781,15.5,100004,CMBT.BR,Tanker,2026-09-22
2010-01-28,4.873776435852051,15.4399995803833,15.960000038146973,16.09000015258789,15.369999885559082,94394,CMBT.BR,Tanker,2026-09-22
2010-01-29,5.018978118896484,15.899999618530273,15.600000381469727,15.989999771118164,15.600000381469727,81526,CMBT.BR,Tanker,2026-09-22
2010-02-01,4.971630096435547,15.75,16.0,16.0,15.600000381469727,76118,CMBT.BR,Tanker,2026-09-22
2010-02-02,5.047388076782227,15.989999771118164,15.869999885559082,16.139999389648438,15.800000190734863,91105,CMBT.BR,Tanker,2026-09-22
2010-02-03,5.034762859344482,15.949999809265137,15.989999771118164,16.149999618530273,15.850000381469727,41050,CMBT.BR,Tanker,2026-09-22
2010-02-04,4.861147880554199,15.399999618530273,15.960000038146973,16.010000228881836,15.300000190734863,56631,CMBT.BR,Tanker,2026-09-22
2010-02-05,4.741199493408203,15.020000457763672,15.199999809265137,15.25,14.5,136901,CMBT.BR,Tanker,2026-09-22
2010-02-08,4.678066730499268,14.819999694824219,14.899999618530273,15.100000381469727,14.420000076293945,92820,CMBT.BR,Tanker,2026-09-22
2010-02-09,4.703320026397705,14.899999618530273,14.800000190734863,14.989999771118164,14.75,78256,CMBT.BR,Tanker,2026-09-22
2010-02-10,4.605465412139893,14.59000015258789,14.899999618530273,15.350000381469727,14.59000015258789,93837,CMBT.BR,Tanker,2026-09-22
2010-02-11,4.577055931091309,14.5,14.850000381469727,14.850000381469727,14.399999618530273,79654,CMBT.BR,Tanker,2026-09-22
2010-02-12,4.564430236816406,14.460000038146973,14.75,14.75,14.300000190734863,56390,CMBT.BR,Tanker,2026-09-22
2010-02-15,4.501297473907471,14.260000228881836,14.399999618530273,14.529999732971191,14.210000038146973,23610,CMBT.BR,Tanker,2026-09-22
2010-02-16,4.520237922668457,14.319999694824219,14.25,14.390000343322754,14.010000228881836,48736,CMBT.BR,Tanker,2026-09-22
2010-02-17,4.611778736114502,14.609999656677246,14.399999618530273,14.6899995803833,14.399999618530273,61469,CMBT.BR,Tanker,2026-09-22
2010-02-18,4.684380054473877,14.84000015258789,14.720000267028809,14.970000267028809,14.569999694824219,63652,CMBT.BR,Tanker,2026-09-22
2010-02-19,4.618092060089111,14.630000114440918,14.640000343322754,14.729999542236328,14.569999694824219,16235,CMBT.BR,Tanker,2026-09-22
2010-02-22,4.6528143882751465,14.739999771118164,14.600000381469727,14.779999732971191,14.579999923706055,29403,CMBT.BR,Tanker,2026-09-22
2010-02-23,4.684380054473877,14.84000015258789,14.779999732971191,14.949999809265137,14.699999809265137,38986,CMBT.BR,Tanker,2026-09-22
2010-02-24,4.655971050262451,14.75,14.9399995803833,14.9399995803833,14.699999809265137,53519,CMBT.BR,Tanker,2026-09-22
2010-02-25,4.687536239624023,14.850000381469727,14.75,15.279999732971191,14.75,109916,CMBT.BR,Tanker,2026-09-22
2010-02-26,4.706477165222168,14.90999984741211,15.0,15.0,14.850000381469727,39032,CMBT.BR,Tanker,2026-09-22
2010-03-01,4.678066730499268,14.819999694824219,15.0,15.0,14.789999961853027,75982,CMBT.BR,Tanker,2026-09-22
2010-03-02,4.75382661819458,15.0600004196167,14.8100004196167,15.100000381469727,14.8100004196167,49622,CMBT.BR,Tanker,2026-09-22
2010-03-03,4.801175117492676,15.210000038146973,15.170000076293945,15.25,15.029999732971191,24982,CMBT.BR,Tanker,2026-09-22
2010-03-04,4.816956996917725,15.260000228881836,15.25,15.279999732971191,15.100000381469727,71612,CMBT.BR,Tanker,2026-09-22
2010-03-05,4.952690124511719,15.6899995803833,15.300000190734863,15.699999809265137,15.25,23587,CMBT.BR,Tanker,2026-09-22
2010-03-08,4.924281597137451,15.600000381469727,15.75,15.800000190734863,15.600000381469727,29743,CMBT.BR,Tanker,2026-09-22
2010-03-09,4.9211249351501465,15.59000015258789,15.600000381469727,15.649999618530273,15.399999618530273,49489,CMBT.BR,Tanker,2026-09-22
2010-03-10,4.977942943572998,15.770000457763672,15.460000038146973,15.829999923706055,15.460000038146973,49490,CMBT.BR,Tanker,2026-09-22
2010-03-11,4.990569591522217,15.8100004196167,15.850000381469727,15.880000114440918,15.520000457763672,27001,CMBT.BR,Tanker,2026-09-22
2010-03-12,4.968473434448242,15.739999771118164,15.800000190734863,15.949999809265137,15.600000381469727,41339,CMBT.BR,Tanker,2026-09-22
2010-03-15,4.943221092224121,15.65999984741211,15.800000190734863,15.800000190734863,15.600000381469727,19434,CMBT.BR,Tanker,2026-09-22
2010-03-16,4.98741340637207,15.800000190734863,15.75,15.899999618530273,15.649999618530273,59797,CMBT.BR,Tanker,2026-09-22
2010-03-17,5.091580867767334,16.1299991607666,15.899999618530273,16.479999542236328,15.850000381469727,118943,CMBT.BR,Tanker,2026-09-22
2010-03-18,5.107363224029541,16.18000030517578,16.209999084472656,16.329999923706055,16.0,51032,CMBT.BR,Tanker,2026-09-22
2010-03-19,5.138929843902588,16.280000686645508,16.06999969482422,16.280000686645508,16.030000686645508,57610,CMBT.BR,Tanker,2026-09-22
2010-03-22,5.17049503326416,16.3799991607666,16.25,16.389999389648438,16.030000686645508,37714,CMBT.BR,Tanker,2026-09-22
2010-03-23,5.129459381103516,16.25,16.0,16.299999237060547,16.0,67913,CMBT.BR,Tanker,2026-09-22
2010-03-24,5.085268020629883,16.110000610351562,16.200000762939453,16.25,16.020000457763672,64503,CMBT.BR,Tanker,2026-09-22
2010-03-25,5.1799635887146,16.40999984741211,16.049999237060547,16.489999771118164,16.040000915527344,72054,CMBT.BR,Tanker,2026-09-22
2010-03-26,5.1452412605285645,16.299999237060547,16.450000762939453,16.450000762939453,16.1299991607666,45607,CMBT.BR,Tanker,2026-09-22
2010-03-29,5.24309778213501,16.610000610351562,16.299999237060547,16.700000762939453,16.299999237060547,56051,CMBT.BR,Tanker,2026-09-22
2010-03-30,5.233626842498779,16.579999923706055,16.610000610351562,16.639999389648438,16.5,25674,CMBT.BR,Tanker,2026-09-22
2010-03-31,5.176807880401611,16.399999618530273,16.5,16.649999618530273,16.25,130317,CMBT.BR,Tanker,2026-09-22
2010-04-01,5.192590713500977,16.450000762939453,16.399999618530273,16.540000915527344,16.350000381469727,33175,CMBT.BR,Tanker,2026-09-22
2010-04-06,5.353578090667725,16.959999084472656,16.5,17.059999465942383,16.489999771118164,82088,CMBT.BR,Tanker,2026-09-22
2010-04-07,5.498781204223633,17.420000076293945,16.989999771118164,17.5,16.93000030517578,74171,CMBT.BR,Tanker,2026-09-22
2010-04-08,5.413552761077881,17.149999618530273,17.420000076293945,17.440000534057617,16.93000030517578,45812,CMBT.BR,Tanker,2026-09-22
2010-04-09,5.625043869018555,17.81999969482422,17.149999618530273,17.8799991607666,17.149999618530273,101321,CMBT.BR,Tanker,2026-09-22
2010-04-12,5.795500755310059,18.360000610351562,17.860000610351562,18.600000381469727,17.860000610351562,138329,CMBT.BR,Tanker,2026-09-22
2010-04-13,5.6976447105407715,18.049999237060547,18.299999237060547,18.450000762939453,17.75,135838,CMBT.BR,Tanker,2026-09-22
2010-04-14,5.8175950050354,18.43000030517578,18.09000015258789,18.5,18.0,110614,CMBT.BR,Tanker,2026-09-22
2010-04-15,5.820753574371338,18.440000534057617,18.299999237060547,18.549999237060547,18.200000762939453,139385,CMBT.BR,Tanker,2026-09-22
2010-04-16,5.808126449584961,18.399999618530273,18.350000381469727,18.5,18.260000228881836,77022,CMBT.BR,Tanker,2026-09-22
2010-04-19,5.6976447105407715,18.049999237060547,18.049999237060547,18.350000381469727,17.75,80702,CMBT.BR,Tanker,2026-09-22
2010-04-20,5.533502101898193,17.530000686645508,17.969999313354492,18.049999237060547,17.25,114898,CMBT.BR,Tanker,2026-09-22
2010-04-21,5.849162578582764,18.530000686645508,18.5,18.600000381469727,18.1200008392334,338753,CMBT.BR,Tanker,2026-09-22
2010-04-22,5.66923713684082,17.959999084472656,18.5,18.510000228881836,17.850000381469727,66904,CMBT.BR,Tanker,2026-09-22
2010-04-23,5.6976447105407715,18.049999237060547,17.969999313354492,18.200000762939453,17.959999084472656,67606,CMBT.BR,Tanker,2026-09-22
2010-04-26,5.808126449584961,18.399999618530273,18.110000610351562,18.59000015258789,18.110000610351562,90032,CMBT.BR,Tanker,2026-09-22
2010-04-27,5.650298118591309,17.899999618530273,18.25,18.3799991607666,17.899999618530273,106530,CMBT.BR,Tanker,2026-09-22
2010-04-28,5.391457557678223,17.079999923706055,17.700000762939453,17.700000762939453,16.780000686645508,254996,CMBT.BR,Tanker,2026-09-22
2010-04-29,5.410396575927734,17.139999389648438,16.739999771118164,17.290000915527344,16.510000228881836,161375,CMBT.BR,Tanker,2026-09-22
2010-04-30,5.290444850921631,16.760000228881836,17.1299991607666,17.299999237060547,16.709999084472656,174197,CMBT.BR,Tanker,2026-09-22
2010-05-03,5.445118427276611,17.25,16.770000457763672,17.290000915527344,16.760000228881836,103745,CMBT.BR,Tanker,2026-09-22
2010-05-04,5.17049503326416,16.3799991607666,17.299999237060547,17.34000015258789,16.299999237060547,125341,CMBT.BR,Tanker,2026-09-22
2010-05-05,4.940064430236816,15.649999618530273,16.100000381469727,16.200000762939453,15.399999618530273,188490,CMBT.BR,Tanker,2026-09-22
2010-05-06,4.801175117492676,15.210000038146973,15.390000343322754,15.640000343322754,14.529999732971191,314740,CMBT.BR,Tanker,2026-09-22
2010-05-07,4.573899269104004,14.489999771118164,14.75,15.0,14.220000267028809,193108,CMBT.BR,Tanker,2026-09-22
2010-05-10,4.883247375488281,15.470000267028809,15.0,15.710000038146973,14.930000305175781,187192,CMBT.BR,Tanker,2026-09-22
2010-05-11,4.892716407775879,15.5,15.539999961853027,15.670000076293945,15.25,73983,CMBT.BR,Tanker,2026-09-22
2010-05-12,5.101049900054932,16.15999984741211,15.449999809265137,16.290000915527344,15.369999885559082,160965,CMBT.BR,Tanker,2026-09-22
2010-05-13,5.0757975578308105,16.079999923706055,16.260000228881836,16.6299991607666,16.0,67430,CMBT.BR,Tanker,2026-09-22
2010-05-14,4.968473434448242,15.739999771118164,16.030000686645508,16.299999237060547,15.600000381469727,141414,CMBT.BR,Tanker,2026-09-22
2010-05-17,4.835895538330078,15.319999694824219,15.399999618530273,15.460000038146973,15.109999656677246,100469,CMBT.BR,Tanker,2026-09-22
2010-05-18,4.857992649078369,15.390000343322754,15.399999618530273,15.8100004196167,15.3100004196167,151922,CMBT.BR,Tanker,2026-09-22
2010-05-19,4.63387393951416,14.680000305175781,15.220000267028809,15.300000190734863,14.600000381469727,255696,CMBT.BR,Tanker,2026-09-22
2010-05-20,4.532864570617676,14.359999656677246,14.829999923706055,14.829999923706055,13.920000076293945,140154,CMBT.BR,Tanker,2026-09-22
2010-05-21,4.561273097991943,14.449999809265137,14.140000343322754,14.5,13.960000038146973,113827,CMBT.BR,Tanker,2026-09-22
2010-05-24,4.539177894592285,14.380000114440918,14.710000038146973,14.75,14.100000381469727,22580,CMBT.BR,Tanker,2026-09-22
2010-05-25,4.3781914710998535,13.869999885559082,14.15999984741211,14.239999771118164,13.510000228881836,142189,CMBT.BR,Tanker,2026-09-22
2010-05-26,4.453949928283691,14.109999656677246,14.0,14.40999984741211,14.0,79691,CMBT.BR,Tanker,2026-09-22
2010-05-27,4.684380054473877,14.84000015258789,14.300000190734863,14.890000343322754,14.300000190734863,67681,CMBT.BR,Tanker,2026-09-22
2010-05-28,4.662285327911377,14.770000457763672,15.029999732971191,15.220000267028809,14.720000267028809,63426,CMBT.BR,Tanker,2026-09-22
2010-05-31,4.731729507446289,14.989999771118164,14.800000190734863,14.989999771118164,14.800000190734863,25153,CMBT.BR,Tanker,2026-09-22
2010-06-01,4.722259521484375,14.960000038146973,15.09000015258789,15.149999618530273,14.520000457763672,60618,CMBT.BR,Tanker,2026-09-22
2010-06-02,4.854836463928223,15.380000114440918,14.930000305175781,15.430000305175781,14.640000343322754,110918,CMBT.BR,Tanker,2026-09-22
2010-06-03,4.962160587310791,15.720000267028809,15.520000457763672,15.979999542236328,15.520000457763672,93789,CMBT.BR,Tanker,2026-09-22
2010-06-04,4.873776435852051,15.4399995803833,15.65999984741211,15.850000381469727,15.25,95121,CMBT.BR,Tanker,2026-09-22
2010-06-07,4.820113658905029,15.270000457763672,15.260000228881836,15.5600004196167,15.050000190734863,104650,CMBT.BR,Tanker,2026-09-22
2010-06-08,4.731729507446289,14.989999771118164,15.210000038146973,15.5,14.800000190734863,104395,CMBT.BR,Tanker,2026-09-22
2010-06-09,4.747511386871338,15.039999961853027,15.050000190734863,15.15999984741211,14.800000190734863,82429,CMBT.BR,Tanker,2026-09-22
2010-06-10,4.892716407775879,15.5,15.039999961853027,15.5600004196167,14.800000190734863,77085,CMBT.BR,Tanker,2026-09-22
2010-06-11,5.12314510345459,16.229999542236328,15.5,16.43000030517578,15.5,119316,CMBT.BR,Tanker,2026-09-22
2010-06-14,5.3441081047058105,16.93000030517578,16.25,16.950000762939453,16.190000534057617,117265,CMBT.BR,Tanker,2026-09-22
2010-06-15,5.3441081047058105,16.93000030517578,16.899999618530273,17.0,16.700000762939453,71196,CMBT.BR,Tanker,2026-09-22
2010-06-16,5.27781867980957,16.719999313354492,17.0,17.18000030517578,16.510000228881836,73962,CMBT.BR,Tanker,2026-09-22
2010-06-17,5.205217361450195,16.489999771118164,16.81999969482422,16.850000381469727,16.3700008392334,50324,CMBT.BR,Tanker,2026-09-22
2010-06-18,5.034762859344482,15.949999809265137,16.31999969482422,16.459999084472656,15.59000015258789,245725,CMBT.BR,Tanker,2026-09-22
2010-06-21,5.082110404968262,16.100000381469727,16.25,16.450000762939453,16.100000381469727,70105,CMBT.BR,Tanker,2026-09-22
2010-06-22,4.971630096435547,15.75,16.100000381469727,16.229999542236328,15.649999618530273,75989,CMBT.BR,Tanker,2026-09-22
2010-06-23,4.940064430236816,15.649999618530273,15.829999923706055,15.829999923706055,15.619999885559082,34449,CMBT.BR,Tanker,2026-09-22
2010-06-24,4.816956996917725,15.260000228881836,15.75,15.75,15.25,53664,CMBT.BR,Tanker,2026-09-22
2010-06-25,4.756982803344727,15.069999694824219,15.34000015258789,15.5,15.0,51473,CMBT.BR,Tanker,2026-09-22
2010-06-28,4.801175117492676,15.210000038146973,15.300000190734863,15.300000190734863,15.029999732971191,42344,CMBT.BR,Tanker,2026-09-22
2010-06-29,4.618092060089111,14.630000114440918,15.210000038146973,15.210000038146973,14.630000114440918,50695,CMBT.BR,Tanker,2026-09-22
2010-06-30,4.684380054473877,14.84000015258789,14.600000381469727,14.960000038146973,14.5600004196167,66804,CMBT.BR,Tanker,2026-09-22
2010-07-01,4.460263729095459,14.130000114440918,14.779999732971191,14.779999732971191,14.109999656677246,62043,CMBT.BR,Tanker,2026-09-22
2010-07-02,4.482357025146484,14.199999809265137,14.229999542236328,14.300000190734863,14.140000343322754,24732,CMBT.BR,Tanker,2026-09-22
2010-07-05,4.577055931091309,14.5,14.289999961853027,14.729999542236328,14.199999809265137,34844,CMBT.BR,Tanker,2026-09-22
2010-07-06,4.703320026397705,14.899999618530273,14.75,14.970000267028809,14.710000038146973,16052,CMBT.BR,Tanker,2026-09-22
2010-07-07,4.75382661819458,15.0600004196167,14.84000015258789,15.130000114440918,14.609999656677246,22857,CMBT.BR,Tanker,2026-09-22
2010-07-08,4.883247375488281,15.470000267028809,15.1899995803833,15.5,15.050000190734863,45662,CMBT.BR,Tanker,2026-09-22
2010-07-09,4.911653995513916,15.5600004196167,15.579999923706055,15.579999923706055,15.350000381469727,21983,CMBT.BR,Tanker,2026-09-22
2010-07-12,4.883247375488281,15.470000267028809,15.59000015258789,15.59000015258789,15.34000015258789,51241,CMBT.BR,Tanker,2026-09-22
2010-07-13,4.880090236663818,15.460000038146973,15.279999732971191,15.5,15.100000381469727,30755,CMBT.BR,Tanker,2026-09-22
2010-07-14,4.873776435852051,15.4399995803833,15.470000267028809,15.520000457763672,15.399999618530273,23655,CMBT.BR,Tanker,2026-09-22
2010-07-15,4.867462158203125,15.420000076293945,15.520000457763672,15.640000343322754,15.239999771118164,21336,CMBT.BR,Tanker,2026-09-22
2010-07-16,4.7822346687316895,15.149999618530273,15.420000076293945,15.420000076293945,14.899999618530273,25183,CMBT.BR,Tanker,2026-09-22
2010-07-19,4.772765159606934,15.119999885559082,15.289999961853027,15.289999961853027,14.890000343322754,30661,CMBT.BR,Tanker,2026-09-22
2010-07-20,4.655971050262451,14.75,15.119999885559082,15.239999771118164,14.6899995803833,25096,CMBT.BR,Tanker,2026-09-22
2010-07-21,4.6906938552856445,14.859999656677246,14.699999809265137,15.039999961853027,14.579999923706055,76882,CMBT.BR,Tanker,2026-09-22
2010-07-22,4.75382661819458,15.0600004196167,14.699999809265137,15.119999885559082,14.699999809265137,28894,CMBT.BR,Tanker,2026-09-22
2010-07-23,4.671753406524658,14.800000190734863,15.399999618530273,15.789999961853027,14.75,93290,CMBT.BR,Tanker,2026-09-22
2010-07-26,4.703320026397705,14.899999618530273,14.989999771118164,15.0,14.829999923706055,72084,CMBT.BR,Tanker,2026-09-22
2010-07-27,4.722259521484375,14.960000038146973,15.050000190734863,15.199999809265137,14.880000114440918,61129,CMBT.BR,Tanker,2026-09-22
2010-07-28,4.725415229797363,14.970000267028809,15.0,15.199999809265137,14.899999618530273,51929,CMBT.BR,Tanker,2026-09-22
2010-07-29,4.684380054473877,14.84000015258789,14.960000038146973,15.100000381469727,14.819999694824219,29926,CMBT.BR,Tanker,2026-09-22
2010-07-30,4.655971050262451,14.75,14.84000015258789,14.979999542236328,14.699999809265137,47154,CMBT.BR,Tanker,2026-09-22
2010-08-02,4.766452789306641,15.100000381469727,14.800000190734863,15.199999809265137,14.800000190734863,40624,CMBT.BR,Tanker,2026-09-22
2010-08-03,4.7822346687316895,15.149999618530273,15.100000381469727,15.199999809265137,15.050000190734863,27686,CMBT.BR,Tanker,2026-09-22
2010-08-04,4.775921821594238,15.130000114440918,15.199999809265137,15.199999809265137,15.020000457763672,24992,CMBT.BR,Tanker,2026-09-22
2010-08-05,4.760138034820557,15.079999923706055,15.0,15.199999809265137,14.970000267028809,36425,CMBT.BR,Tanker,2026-09-22
2010-08-06,4.6906938552856445,14.859999656677246,15.050000190734863,15.170000076293945,14.800000190734863,71622,CMBT.BR,Tanker,2026-09-22
2010-08-09,4.637031555175781,14.6899995803833,14.989999771118164,15.0,14.640000343322754,33980,CMBT.BR,Tanker,2026-09-22
2010-08-10,4.419227600097656,14.0,14.760000228881836,14.760000228881836,13.9399995803833,162294,CMBT.BR,Tanker,2026-09-22
2010-08-11,4.422384262084961,14.010000228881836,14.199999809265137,14.65999984741211,14.010000228881836,178462,CMBT.BR,Tanker,2026-09-22
2010-08-12,4.425539970397949,14.020000457763672,14.050000190734863,14.300000190734863,14.020000457763672,70412,CMBT.BR,Tanker,2026-09-22
2010-08-13,4.450793743133545,14.100000381469727,14.300000190734863,14.489999771118164,14.09000015258789,54715,CMBT.BR,Tanker,2026-09-22
2010-08-16,4.4350104331970215,14.050000190734863,14.199999809265137,14.390000343322754,14.010000228881836,55846,CMBT.BR,Tanker,2026-09-22
2010-08-17,4.5139241218566895,14.300000190734863,14.100000381469727,14.390000343322754,14.100000381469727,41838,CMBT.BR,Tanker,2026-09-22
2010-08-18,4.520237922668457,14.319999694824219,14.449999809265137,14.600000381469727,14.319999694824219,47666,CMBT.BR,Tanker,2026-09-22
2010-08-19,4.457106113433838,14.119999885559082,14.40999984741211,14.630000114440918,14.0600004196167,104458,CMBT.BR,Tanker,2026-09-22
2010-08-20,4.428696155548096,14.029999732971191,14.359999656677246,14.619999885559082,14.010000228881836,88934,CMBT.BR,Tanker,2026-09-22
2010-08-23,4.356094837188721,13.800000190734863,14.220000267028809,14.220000267028809,13.680000305175781,120777,CMBT.BR,Tanker,2026-09-22
2010-08-24,4.245613098144531,13.449999809265137,13.8100004196167,13.979999542236328,13.260000228881836,125695,CMBT.BR,Tanker,2026-09-22
2010-08-25,4.207736015319824,13.329999923706055,13.300000190734863,13.609999656677246,13.260000228881836,44805,CMBT.BR,Tanker,2026-09-22
2010-08-26,4.321372032165527,13.6899995803833,13.5600004196167,13.880000114440918,13.5,96518,CMBT.BR,Tanker,2026-09-22
2010-08-27,4.356094837188721,13.800000190734863,14.0,14.100000381469727,13.649999618530273,92518,CMBT.BR,Tanker,2026-09-22
2010-08-30,4.36240816116333,13.819999694824219,13.960000038146973,13.960000038146973,13.800000190734863,23779,CMBT.BR,Tanker,2026-09-22
2010-08-31,4.381486892700195,13.779999732971191,13.850000381469727,13.949999809265137,13.600000381469727,33764,CMBT.BR,Tanker,2026-09-22
2010-09-01,4.298816680908203,13.520000457763672,13.670000076293945,13.869999885559082,13.359999656677246,117669,CMBT.BR,Tanker,2026-09-22
2010-09-02,4.3846659660339355,13.789999961853027,13.630000114440918,13.899999618530273,13.479999542236328,86754,CMBT.BR,Tanker,2026-09-22
2010-09-03,4.492772579193115,14.130000114440918,13.8100004196167,14.199999809265137,13.5600004196167,46373,CMBT.BR,Tanker,2026-09-22
2010-09-06,4.460974216461182,14.029999732971191,14.25,14.329999923706055,14.020000457763672,15847,CMBT.BR,Tanker,2026-09-22
2010-09-07,4.416461944580078,13.890000343322754,14.029999732971191,14.130000114440918,13.890000343322754,24606,CMBT.BR,Tanker,2026-09-22
2010-09-08,4.492772579193115,14.130000114440918,13.890000343322754,14.199999809265137,13.819999694824219,38246,CMBT.BR,Tanker,2026-09-22
2010-09-09,4.505490779876709,14.170000076293945,14.100000381469727,14.25,14.100000381469727,29770,CMBT.BR,Tanker,2026-09-22
2010-09-10,4.467335224151611,14.050000190734863,14.199999809265137,14.199999809265137,14.0,23214,CMBT.BR,Tanker,2026-09-22
2010-09-13,4.495951175689697,14.140000343322754,14.079999923706055,14.15999984741211,14.0600004196167,23648,CMBT.BR,Tanker,2026-09-22
2010-09-14,4.467335224151611,14.050000190734863,14.180000305175781,14.180000305175781,14.050000190734863,22898,CMBT.BR,Tanker,2026-09-22
2010-09-15,4.473693370819092,14.069999694824219,14.029999732971191,14.140000343322754,14.010000228881836,20857,CMBT.BR,Tanker,2026-09-22
2010-09-16,4.467335224151611,14.050000190734863,14.079999923706055,14.149999618530273,14.050000190734863,15622,CMBT.BR,Tanker,2026-09-22
2010-09-17,4.467335224151611,14.050000190734863,14.09000015258789,14.25,14.050000190734863,47513,CMBT.BR,Tanker,2026-09-22
2010-09-20,4.480052947998047,14.09000015258789,14.0600004196167,14.25,14.0600004196167,19862,CMBT.BR,Tanker,2026-09-22
2010-09-21,4.483232498168945,14.100000381469727,14.289999961853027,14.300000190734863,14.100000381469727,35897,CMBT.BR,Tanker,2026-09-22
2010-09-22,4.499130725860596,14.149999618530273,14.119999885559082,14.25,14.079999923706055,25134,CMBT.BR,Tanker,2026-09-22
2010-09-23,4.473693370819092,14.069999694824219,14.149999618530273,14.199999809265137,14.039999961853027,44109,CMBT.BR,Tanker,2026-09-22
2010-09-24,4.454616546630859,14.010000228881836,14.069999694824219,14.130000114440918,14.010000228881836,39267,CMBT.BR,Tanker,2026-09-22
2010-09-27,4.4895920753479,14.119999885559082,14.050000190734863,14.270000457763672,14.050000190734863,20523,CMBT.BR,Tanker,2026-09-22
2010-09-28,4.483232498168945,14.100000381469727,14.130000114440918,14.1899995803833,14.020000457763672,41528,CMBT.BR,Tanker,2026-09-22
2010-09-29,4.451436996459961,14.0,14.119999885559082,14.25,14.0,37637,CMBT.BR,Tanker,2026-09-22
2010-09-30,4.413281440734863,13.880000114440918,13.989999771118164,14.0600004196167,13.880000114440918,30970,CMBT.BR,Tanker,2026-09-22
2010-10-01,4.403744220733643,13.850000381469727,13.90999984741211,14.0,13.850000381469727,29014,CMBT.BR,Tanker,2026-09-22
2010-10-04,4.371947288513184,13.75,13.850000381469727,14.0,13.75,39064,CMBT.BR,Tanker,2026-09-22
2010-10-05,4.387844085693359,13.800000190734863,13.800000190734863,13.850000381469727,13.520000457763672,43346,CMBT.BR,Tanker,2026-09-22
2010-10-06,4.426000118255615,13.920000076293945,13.800000190734863,14.029999732971191,13.720000267028809,40538,CMBT.BR,Tanker,2026-09-22
2010-10-07,4.371947288513184,13.75,13.859999656677246,13.979999542236328,13.640000343322754,23038,CMBT.BR,Tanker,2026-09-22
2010-10-08,4.515029430389404,14.199999809265137,13.800000190734863,14.199999809265137,13.6899995803833,84986,CMBT.BR,Tanker,2026-09-22
2010-10-11,4.505490779876709,14.170000076293945,14.119999885559082,14.25,14.109999656677246,17645,CMBT.BR,Tanker,2026-09-22
2010-10-12,4.534106731414795,14.260000228881836,14.079999923706055,14.260000228881836,14.029999732971191,32570,CMBT.BR,Tanker,2026-09-22
2010-10-13,4.613597393035889,14.510000228881836,14.15999984741211,14.75,14.149999618530273,120138,CMBT.BR,Tanker,2026-09-22
2010-10-14,4.562723159790039,14.350000381469727,14.479999542236328,14.600000381469727,14.289999961853027,55553,CMBT.BR,Tanker,2026-09-22
2010-10-15,4.515029430389404,14.199999809265137,14.300000190734863,14.399999618530273,14.140000343322754,57074,CMBT.BR,Tanker,2026-09-22
2010-10-18,4.451436996459961,14.0,14.149999618530273,14.15999984741211,13.979999542236328,58174,CMBT.BR,Tanker,2026-09-22
2010-10-19,4.356049060821533,13.699999809265137,13.989999771118164,13.989999771118164,13.619999885559082,115190,CMBT.BR,Tanker,2026-09-22
2010-10-20,4.063525676727295,12.779999732971191,13.5,13.5,12.699999809265137,267430,CMBT.BR,Tanker,2026-09-22
2010-10-21,3.8822882175445557,12.210000038146973,12.779999732971191,12.779999732971191,12.050000190734863,210192,CMBT.BR,Tanker,2026-09-22
2010-10-22,3.8727500438690186,12.180000305175781,12.199999809265137,12.359999656677246,12.050000190734863,91518,CMBT.BR,Tanker,2026-09-22
2010-10-25,3.8981873989105225,12.260000228881836,12.210000038146973,12.5600004196167,12.210000038146973,172431,CMBT.BR,Tanker,2026-09-22
2010-10-26,3.8791086673736572,12.199999809265137,12.319999694824219,12.399999618530273,12.199999809265137,86213,CMBT.BR,Tanker,2026-09-22
2010-10-27,3.8854689598083496,12.220000267028809,12.300000190734863,12.390000343322754,12.15999984741211,69397,CMBT.BR,Tanker,2026-09-22
2010-10-28,3.8600316047668457,12.140000343322754,12.199999809265137,12.270000457763672,12.140000343322754,79747,CMBT.BR,Tanker,2026-09-22
2010-10-29,3.821876287460327,12.020000457763672,12.140000343322754,12.140000343322754,12.010000228881836,68652,CMBT.BR,Tanker,2026-09-22
2010-11-01,3.8854689598083496,12.220000267028809,12.020000457763672,12.25,12.020000457763672,54666,CMBT.BR,Tanker,2026-09-22
2010-11-02,3.837775230407715,12.069999694824219,12.220000267028809,12.220000267028809,12.020000457763672,61314,CMBT.BR,Tanker,2026-09-22
2010-11-03,3.9808571338653564,12.520000457763672,12.149999618530273,12.5600004196167,12.149999618530273,122651,CMBT.BR,Tanker,2026-09-22
2010-11-04,3.9140849113464355,12.3100004196167,12.569999694824219,12.829999923706055,12.199999809265137,145625,CMBT.BR,Tanker,2026-09-22
2010-11-05,3.891827344894409,12.239999771118164,12.40999984741211,12.5,12.199999809265137,81966,CMBT.BR,Tanker,2026-09-22
2010-11-08,3.8791086673736572,12.199999809265137,12.270000457763672,12.489999771118164,12.149999618530273,38348,CMBT.BR,Tanker,2026-09-22
2010-11-09,3.92680287361145,12.350000381469727,12.220000267028809,12.399999618530273,12.220000267028809,51158,CMBT.BR,Tanker,2026-09-22
2010-11-10,3.904546022415161,12.279999732971191,12.350000381469727,12.460000038146973,12.260000228881836,125911,CMBT.BR,Tanker,2026-09-22
2010-11-11,3.8441338539123535,12.09000015258789,12.279999732971191,12.430000305175781,12.050000190734863,64782,CMBT.BR,Tanker,2026-09-22
2010-11-12,3.834594964981079,12.0600004196167,12.069999694824219,12.180000305175781,12.020000457763672,35619,CMBT.BR,Tanker,2026-09-22
2010-11-15,3.837775230407715,12.069999694824219,12.100000381469727,12.100000381469727,12.020000457763672,37432,CMBT.BR,Tanker,2026-09-22
2010-11-16,3.7773618698120117,11.880000114440918,12.0600004196167,12.109999656677246,11.880000114440918,59680,CMBT.BR,Tanker,2026-09-22
2010-11-17,3.751924991607666,11.800000190734863,11.899999618530273,11.899999618530273,11.800000190734863,33505,CMBT.BR,Tanker,2026-09-22
2010-11-18,3.7487454414367676,11.789999961853027,11.8100004196167,11.960000038146973,11.75,37748,CMBT.BR,Tanker,2026-09-22
2010-11-19,3.7837209701538086,11.899999618530273,11.9399995803833,12.0,11.770000457763672,23790,CMBT.BR,Tanker,2026-09-22
2010-11-22,3.751924991607666,11.800000190734863,11.90999984741211,12.0,11.760000228881836,41837,CMBT.BR,Tanker,2026-09-22
2010-11-23,3.7074108123779297,11.65999984741211,11.770000457763672,11.949999809265137,11.600000381469727,63677,CMBT.BR,Tanker,2026-09-22
2010-11-24,3.697871685028076,11.630000114440918,11.739999771118164,11.850000381469727,11.510000228881836,59513,CMBT.BR,Tanker,2026-09-22
2010-11-25,3.697871685028076,11.630000114440918,11.640000343322754,11.850000381469727,11.529999732971191,21073,CMBT.BR,Tanker,2026-09-22
2010-11-26,3.6660759449005127,11.529999732971191,11.619999885559082,11.699999809265137,11.5,19223,CMBT.BR,Tanker,2026-09-22
2010-11-29,3.656538248062134,11.5,11.5600004196167,11.680000305175781,11.5,37067,CMBT.BR,Tanker,2026-09-22
2010-11-30,3.86957049369812,12.170000076293945,11.550000190734863,12.25,11.550000190734863,104295,CMBT.BR,Tanker,2026-09-22
2010-12-01,3.9776771068573,12.510000228881836,12.329999923706055,12.579999923706055,12.220000267028809,67912,CMBT.BR,Tanker,2026-09-22
2010-12-02,4.053987503051758,12.75,12.59000015258789,12.949999809265137,12.59000015258789,106776,CMBT.BR,Tanker,2026-09-22
2010-12-03,3.9840357303619385,12.529999732971191,12.890000343322754,13.069999694824219,12.5,97983,CMBT.BR,Tanker,2026-09-22
2010-12-06,3.964958429336548,12.470000267028809,12.779999732971191,12.779999732971191,12.40999984741211,58181,CMBT.BR,Tanker,2026-09-22
2010-12-07,3.9490604400634766,12.420000076293945,12.609999656677246,12.640000343322754,12.369999885559082,61517,CMBT.BR,Tanker,2026-09-22
2010-12-08,3.929983139038086,12.359999656677246,12.460000038146973,12.630000114440918,12.25,46714,CMBT.BR,Tanker,2026-09-22
2010-12-09,3.9935741424560547,12.5600004196167,12.5,12.949999809265137,12.420000076293945,82189,CMBT.BR,Tanker,2026-09-22
2010-12-10,4.006294250488281,12.600000381469727,12.600000381469727,12.75,12.529999732971191,35481,CMBT.BR,Tanker,2026-09-22
2010-12-13,3.9744980335235596,12.5,12.720000267028809,12.819999694824219,12.5,40832,CMBT.BR,Tanker,2026-09-22
2010-12-14,3.9744980335235596,12.5,12.640000343322754,12.75,12.489999771118164,36292,CMBT.BR,Tanker,2026-09-22
2010-12-15,4.041269302368164,12.710000038146973,12.539999961853027,12.720000267028809,12.489999771118164,27507,CMBT.BR,Tanker,2026-09-22
2010-12-16,4.063525676727295,12.779999732971191,12.729999542236328,12.829999923706055,12.670000076293945,30850,CMBT.BR,Tanker,2026-09-22
2010-12-17,3.88864803314209,12.229999542236328,12.84000015258789,12.84000015258789,12.220000267028809,59360,CMBT.BR,Tanker,2026-09-22
2010-12-20,3.8822882175445557,12.210000038146973,12.260000228881836,12.420000076293945,12.199999809265137,23896,CMBT.BR,Tanker,2026-09-22
2010-12-21,3.94588041305542,12.40999984741211,12.34000015258789,12.40999984741211,12.25,29578,CMBT.BR,Tanker,2026-09-22
2010-12-22,3.9840357303619385,12.529999732971191,12.470000267028809,12.529999732971191,12.420000076293945,25270,CMBT.BR,Tanker,2026-09-22
2010-12-23,3.987215280532837,12.539999961853027,12.5600004196167,12.670000076293945,12.399999618530273,24072,CMBT.BR,Tanker,2026-09-22
2010-12-24,4.015831470489502,12.630000114440918,12.579999923706055,12.630000114440918,12.510000228881836,12229,CMBT.BR,Tanker,2026-09-22
2010-12-27,3.9776771068573,12.510000228881836,12.6899995803833,12.6899995803833,12.5,12903,CMBT.BR,Tanker,2026-09-22
2010-12-28,3.964958429336548,12.470000267028809,12.5,12.5,12.390000343322754,19742,CMBT.BR,Tanker,2026-09-22
2010-12-29,3.964958429336548,12.470000267028809,12.489999771118164,12.489999771118164,12.199999809265137,21914,CMBT.BR,Tanker,2026-09-22
2010-12-30,3.9903957843780518,12.550000190734863,12.460000038146973,12.569999694824219,12.3100004196167,17551,CMBT.BR,Tanker,2026-09-22
2011-01-03,4.088962554931641,12.859999656677246,12.800000190734863,12.920000076293945,12.75,21594,CMBT.BR,Tanker,2026-09-22
2011-01-04,4.044447898864746,12.720000267028809,12.920000076293945,12.920000076293945,12.670000076293945,30359,CMBT.BR,Tanker,2026-09-22
2011-01-05,4.060346603393555,12.770000457763672,12.720000267028809,12.770000457763672,12.600000381469727,28387,CMBT.BR,Tanker,2026-09-22
2011-01-06,4.047627925872803,12.729999542236328,12.75,12.770000457763672,12.550000190734863,22375,CMBT.BR,Tanker,2026-09-22
2011-01-07,4.015831470489502,12.630000114440918,12.729999542236328,12.819999694824219,12.579999923706055,47537,CMBT.BR,Tanker,2026-09-22
2011-01-10,3.9903957843780518,12.550000190734863,12.5600004196167,12.600000381469727,12.5,17204,CMBT.BR,Tanker,2026-09-22
2011-01-11,4.038090229034424,12.699999809265137,12.5,12.75,12.489999771118164,47406,CMBT.BR,Tanker,2026-09-22
2011-01-12,4.012652397155762,12.619999885559082,12.699999809265137,12.720000267028809,12.510000228881836,34160,CMBT.BR,Tanker,2026-09-22
2011-01-13,4.038090229034424,12.699999809265137,12.670000076293945,12.710000038146973,12.550000190734863,23836,CMBT.BR,Tanker,2026-09-22
2011-01-14,4.038090229034424,12.699999809265137,12.710000038146973,12.729999542236328,12.619999885559082,14374,CMBT.BR,Tanker,2026-09-22
2011-01-17,4.044447898864746,12.720000267028809,12.760000228881836,12.789999961853027,12.670000076293945,28504,CMBT.BR,Tanker,2026-09-22
2011-01-18,4.038090229034424,12.699999809265137,12.789999961853027,12.789999961853027,12.649999618530273,35738,CMBT.BR,Tanker,2026-09-22
2011-01-19,3.8727500438690186,12.180000305175781,12.649999618530273,12.649999618530273,12.149999618530273,94130,CMBT.BR,Tanker,2026-09-22
2011-01-20,3.8441338539123535,12.09000015258789,12.210000038146973,12.239999771118164,12.0,55898,CMBT.BR,Tanker,2026-09-22
2011-01-21,3.7932605743408203,11.930000305175781,12.170000076293945,12.170000076293945,11.859999656677246,64418,CMBT.BR,Tanker,2026-09-22
2011-01-24,3.7360265254974365,11.75,11.899999618530273,12.0,11.75,65393,CMBT.BR,Tanker,2026-09-22
2011-01-25,3.7551045417785645,11.8100004196167,11.890000343322754,11.890000343322754,11.640000343322754,115431,CMBT.BR,Tanker,2026-09-22
2011-01-26,3.742387294769287,11.770000457763672,11.899999618530273,12.0,11.760000228881836,77323,CMBT.BR,Tanker,2026-09-22
2011-01-27,3.780541181564331,11.890000343322754,11.850000381469727,11.899999618530273,11.770000457763672,49985,CMBT.BR,Tanker,2026-09-22
2011-01-28,3.8409535884857178,12.079999923706055,11.960000038146973,12.119999885559082,11.819999694824219,71143,CMBT.BR,Tanker,2026-09-22
2011-01-31,3.9427013397216797,12.399999618530273,12.1899995803833,12.739999771118164,12.180000305175781,238120,CMBT.BR,Tanker,2026-09-22
2011-02-01,4.044447898864746,12.720000267028809,12.489999771118164,12.760000228881836,12.470000267028809,90189,CMBT.BR,Tanker,2026-09-22
2011-02-02,4.082603454589844,12.84000015258789,12.789999961853027,12.920000076293945,12.65999984741211,87957,CMBT.BR,Tanker,2026-09-22
2011-02-03,4.060346603393555,12.770000457763672,12.920000076293945,13.0,12.699999809265137,80127,CMBT.BR,Tanker,2026-09-22
2011-02-04,4.11121940612793,12.930000305175781,12.75,12.930000305175781,12.619999885559082,41921,CMBT.BR,Tanker,2026-09-22
2011-02-07,3.9903957843780518,12.550000190734863,12.819999694824219,12.949999809265137,12.529999732971191,50874,CMBT.BR,Tanker,2026-09-22
2011-02-08,3.9363417625427246,12.380000114440918,12.539999961853027,12.670000076293945,12.300000190734863,53897,CMBT.BR,Tanker,2026-09-22
2011-02-09,3.968136787414551,12.479999542236328,12.40999984741211,12.550000190734863,12.399999618530273,31650,CMBT.BR,Tanker,2026-09-22
2011-02-10,3.9776771068573,12.510000228881836,12.579999923706055,12.630000114440918,12.399999618530273,33363,CMBT.BR,Tanker,2026-09-22
2011-02-11,4.053987503051758,12.75,12.569999694824219,12.819999694824219,12.529999732971191,49521,CMBT.BR,Tanker,2026-09-22
2011-02-14,4.082603454589844,12.84000015258789,12.84000015258789,12.930000305175781,12.789999961853027,39602,CMBT.BR,Tanker,2026-09-22
2011-02-15,4.047627925872803,12.729999542236328,12.84000015258789,12.949999809265137,12.609999656677246,36146,CMBT.BR,Tanker,2026-09-22
2011-02-16,4.095322132110596,12.880000114440918,12.75,12.949999809265137,12.6899995803833,50553,CMBT.BR,Tanker,2026-09-22
2011-02-17,4.136656761169434,13.010000228881836,12.920000076293945,13.119999885559082,12.899999618530273,92813,CMBT.BR,Tanker,2026-09-22
2011-02-18,4.171632289886475,13.119999885559082,13.109999656677246,13.199999809265137,13.0,54925,CMBT.BR,Tanker,2026-09-22
2011-02-21,4.149374961853027,13.050000190734863,13.149999618530273,13.1899995803833,13.010000228881836,35122,CMBT.BR,Tanker,2026-09-22
2011-02-22,4.0094733238220215,12.609999656677246,12.949999809265137,12.989999771118164,12.600000381469727,55548,CMBT.BR,Tanker,2026-09-22
2011-02-23,3.9935741424560547,12.5600004196167,12.600000381469727,12.75,12.510000228881836,28636,CMBT.BR,Tanker,2026-09-22
2011-02-24,3.891827344894409,12.239999771118164,12.649999618530273,12.649999618530273,12.210000038146973,47826,CMBT.BR,Tanker,2026-09-22
2011-02-25,3.94588041305542,12.40999984741211,12.390000343322754,12.569999694824219,12.300000190734863,22322,CMBT.BR,Tanker,2026-09-22
2011-02-28,3.891827344894409,12.239999771118164,12.399999618530273,12.5600004196167,12.149999618530273,28732,CMBT.BR,Tanker,2026-09-22
2011-03-01,3.929983139038086,12.359999656677246,12.350000381469727,12.359999656677246,12.239999771118164,12371,CMBT.BR,Tanker,2026-09-22
2011-03-02,3.8314149379730225,12.050000190734863,12.300000190734863,12.300000190734863,12.039999961853027,49495,CMBT.BR,Tanker,2026-09-22
2011-03-03,3.799619197845459,11.949999809265137,12.050000190734863,12.180000305175781,11.949999809265137,41591,CMBT.BR,Tanker,2026-09-22
2011-03-04,3.837775230407715,12.069999694824219,12.020000457763672,12.15999984741211,12.0,27281,CMBT.BR,Tanker,2026-09-22
2011-03-07,3.9077253341674805,12.289999961853027,12.130000114440918,12.289999961853027,12.039999961853027,14493,CMBT.BR,Tanker,2026-09-22
2011-03-08,3.828235626220703,12.039999961853027,12.300000190734863,12.300000190734863,11.970000267028809,31988,CMBT.BR,Tanker,2026-09-22
2011-03-09,3.7869014739990234,11.90999984741211,12.100000381469727,12.100000381469727,11.90999984741211,29331,CMBT.BR,Tanker,2026-09-22
2011-03-10,3.7551045417785645,11.8100004196167,11.949999809265137,12.020000457763672,11.770000457763672,23977,CMBT.BR,Tanker,2026-09-22
2011-03-11,3.6915135383605957,11.609999656677246,11.760000228881836,11.8100004196167,11.569999694824219,49420,CMBT.BR,Tanker,2026-09-22
2011-03-14,3.675616502761841,11.5600004196167,11.600000381469727,11.800000190734863,11.5600004196167,23532,CMBT.BR,Tanker,2026-09-22
2011-03-15,3.5007376670837402,11.010000228881836,11.5600004196167,11.5600004196167,10.850000381469727,89307,CMBT.BR,Tanker,2026-09-22
2011-03-16,3.529353380203247,11.100000381469727,11.100000381469727,11.539999961853027,11.100000381469727,65113,CMBT.BR,Tanker,2026-09-22
2011-03-17,3.5357117652893066,11.119999885559082,11.239999771118164,11.510000228881836,11.119999885559082,42356,CMBT.BR,Tanker,2026-09-22
2011-03-18,3.5611486434936523,11.199999809265137,11.15999984741211,11.390000343322754,11.15999984741211,38505,CMBT.BR,Tanker,2026-09-22
2011-03-21,3.596125364303589,11.3100004196167,11.329999923706055,11.460000038146973,11.300000190734863,38735,CMBT.BR,Tanker,2026-09-22
2011-03-22,3.5452520847320557,11.149999618530273,11.470000267028809,11.489999771118164,11.149999618530273,52932,CMBT.BR,Tanker,2026-09-22
2011-03-23,3.513456106185913,11.050000190734863,11.300000190734863,11.390000343322754,11.039999961853027,47173,CMBT.BR,Tanker,2026-09-22
2011-03-24,3.529353380203247,11.100000381469727,11.100000381469727,11.220000267028809,10.880000114440918,143964,CMBT.BR,Tanker,2026-09-22
2011-03-25,3.5547900199890137,11.180000305175781,11.3100004196167,11.3100004196167,11.050000190734863,62957,CMBT.BR,Tanker,2026-09-22
2011-03-28,3.522994041442871,11.079999923706055,11.239999771118164,11.34000015258789,11.079999923706055,32460,CMBT.BR,Tanker,2026-09-22
2011-03-29,3.5738680362701416,11.239999771118164,11.069999694824219,11.350000381469727,11.029999732971191,59030,CMBT.BR,Tanker,2026-09-22
2011-03-30,3.564328908920288,11.210000038146973,11.359999656677246,11.680000305175781,11.210000038146973,59592,CMBT.BR,Tanker,2026-09-22
2011-03-31,3.468942403793335,10.90999984741211,11.210000038146973,11.319999694824219,10.90999984741211,68991,CMBT.BR,Tanker,2026-09-22
2011-04-01,3.478480100631714,10.9399995803833,11.149999618530273,11.170000076293945,10.9399995803833,61289,CMBT.BR,Tanker,2026-09-22
2011-04-04,3.484840154647827,10.960000038146973,11.210000038146973,11.210000038146973,10.960000038146973,58799,CMBT.BR,Tanker,2026-09-22
2011-04-05,3.484840154647827,10.960000038146973,11.0,11.149999618530273,10.960000038146973,34687,CMBT.BR,Tanker,2026-09-22
2011-04-06,3.6088430881500244,11.350000381469727,11.050000190734863,11.359999656677246,11.050000190734863,30822,CMBT.BR,Tanker,2026-09-22
2011-04-07,3.542072296142578,11.140000343322754,11.399999618530273,11.489999771118164,11.100000381469727,34708,CMBT.BR,Tanker,2026-09-22
2011-04-08,3.5706892013549805,11.229999542236328,11.270000457763672,11.399999618530273,11.149999618530273,47334,CMBT.BR,Tanker,2026-09-22
2011-04-11,3.5802268981933594,11.260000228881836,11.399999618530273,11.430000305175781,11.260000228881836,32803,CMBT.BR,Tanker,2026-09-22
2011-04-12,3.5007376670837402,11.010000228881836,11.359999656677246,11.359999656677246,11.010000228881836,40314,CMBT.BR,Tanker,2026-09-22
2011-04-13,3.5706892013549805,11.229999542236328,11.020000457763672,11.420000076293945,11.020000457763672,29162,CMBT.BR,Tanker,2026-09-22
2011-04-14,3.529353380203247,11.100000381469727,11.3100004196167,11.350000381469727,11.100000381469727,40177,CMBT.BR,Tanker,2026-09-22
2011-04-15,3.577047824859619,11.25,11.229999542236328,11.319999694824219,11.100000381469727,47016,CMBT.BR,Tanker,2026-09-22
2011-04-18,3.5516114234924316,11.170000076293945,11.350000381469727,11.350000381469727,11.100000381469727,21059,CMBT.BR,Tanker,2026-09-22
2011-04-19,3.542072296142578,11.140000343322754,11.279999732971191,11.399999618530273,11.130000114440918,36256,CMBT.BR,Tanker,2026-09-22
2011-04-20,3.6374599933624268,11.4399995803833,11.380000114440918,11.4399995803833,11.210000038146973,37776,CMBT.BR,Tanker,2026-09-22
2011-04-21,3.6024842262268066,11.329999923706055,11.430000305175781,11.4399995803833,11.149999618530273,42941,CMBT.BR,Tanker,2026-09-22
2011-04-26,3.624741315841675,11.399999618530273,11.149999618530273,11.399999618530273,11.149999618530273,29169,CMBT.BR,Tanker,2026-09-22
2011-04-27,3.656538248062134,11.5,11.449999809265137,11.5,11.119999885559082,54962,CMBT.BR,Tanker,2026-09-22
2011-04-28,3.6279208660125732,11.40999984741211,11.319999694824219,11.470000267028809,11.289999961853027,26134,CMBT.BR,Tanker,2026-09-22
2011-04-29,3.6088430881500244,11.350000381469727,11.449999809265137,11.489999771118164,11.300000190734863,15384,CMBT.BR,Tanker,2026-09-22
2011-05-02,3.653358221054077,11.489999771118164,11.399999618530273,11.5,11.3100004196167,32984,CMBT.BR,Tanker,2026-09-22
2011-05-03,3.612022876739502,11.359999656677246,11.449999809265137,11.489999771118164,11.260000228881836,50115,CMBT.BR,Tanker,2026-09-22
2011-05-04,3.583407163619995,11.270000457763672,11.25,11.40999984741211,11.220000267028809,19175,CMBT.BR,Tanker,2026-09-22
2011-05-05,3.542072296142578,11.140000343322754,11.199999809265137,11.279999732971191,11.09000015258789,76501,CMBT.BR,Tanker,2026-09-22
2011-05-06,3.5802268981933594,11.260000228881836,11.239999771118164,11.359999656677246,11.140000343322754,20747,CMBT.BR,Tanker,2026-09-22
2011-05-09,3.5675084590911865,11.220000267028809,11.199999809265137,11.289999961853027,11.100000381469727,24284,CMBT.BR,Tanker,2026-09-22
2011-05-10,3.583407163619995,11.270000457763672,11.289999961853027,11.399999618530273,11.109999656677246,19607,CMBT.BR,Tanker,2026-09-22
2011-05-11,3.596125364303589,11.3100004196167,11.229999542236328,11.329999923706055,11.180000305175781,22530,CMBT.BR,Tanker,2026-09-22
2011-05-12,3.5738680362701416,11.239999771118164,11.300000190734863,11.300000190734863,11.119999885559082,9438,CMBT.BR,Tanker,2026-09-22
2011-05-13,3.685154438018799,11.59000015258789,11.199999809265137,11.670000076293945,11.199999809265137,64134,CMBT.BR,Tanker,2026-09-22
2011-05-16,3.669255256652832,11.539999961853027,11.5,11.65999984741211,11.3100004196167,40583,CMBT.BR,Tanker,2026-09-22
2011-05-17,3.697871685028076,11.630000114440918,11.5,11.739999771118164,11.4399995803833,28031,CMBT.BR,Tanker,2026-09-22
2011-05-18,3.701051712036133,11.640000343322754,11.640000343322754,11.729999542236328,11.399999618530273,20526,CMBT.BR,Tanker,2026-09-22
2011-05-19,3.675616502761841,11.5600004196167,11.449999809265137,11.649999618530273,11.40999984741211,10073,CMBT.BR,Tanker,2026-09-22
2011-05-20,3.681974172592163,11.579999923706055,11.390000343322754,11.699999809265137,11.390000343322754,18159,CMBT.BR,Tanker,2026-09-22
2011-05-23,3.6279208660125732,11.40999984741211,11.34000015258789,11.550000190734863,11.210000038146973,24066,CMBT.BR,Tanker,2026-09-22
2011-05-24,3.564328908920288,11.210000038146973,11.220000267028809,11.399999618530273,11.210000038146973,29254,CMBT.BR,Tanker,2026-09-22
2011-05-25,3.3163201808929443,10.430000305175781,11.180000305175781,11.199999809265137,10.079999923706055,245647,CMBT.BR,Tanker,2026-09-22
2011-05-26,3.243189811706543,10.199999809265137,10.399999618530273,10.720000267028809,10.15999984741211,188830,CMBT.BR,Tanker,2026-09-22
2011-05-27,3.214573621749878,10.109999656677246,10.260000228881836,10.430000305175781,10.109999656677246,93117,CMBT.BR,Tanker,2026-09-22
2011-05-30,3.2113938331604004,10.100000381469727,10.199999809265137,10.25,10.100000381469727,40822,CMBT.BR,Tanker,2026-09-22
2011-05-31,3.2113938331604004,10.100000381469727,10.100000381469727,10.229999542236328,10.100000381469727,48540,CMBT.BR,Tanker,2026-09-22
2011-06-01,3.2113938331604004,10.100000381469727,10.109999656677246,10.25,10.100000381469727,35495,CMBT.BR,Tanker,2026-09-22
2011-06-02,3.240009069442749,10.1899995803833,10.100000381469727,10.289999961853027,10.100000381469727,19726,CMBT.BR,Tanker,2026-09-22
2011-06-03,3.2559080123901367,10.239999771118164,10.199999809265137,10.319999694824219,10.100000381469727,24144,CMBT.BR,Tanker,2026-09-22
2011-06-06,3.11918568611145,9.8100004196167,10.130000114440918,10.130000114440918,9.699999809265137,76455,CMBT.BR,Tanker,2026-09-22
2011-06-07,2.909331798553467,9.149999618530273,9.789999961853027,9.9399995803833,9.100000381469727,94041,CMBT.BR,Tanker,2026-09-22
2011-06-08,2.861637830734253,9.0,9.34000015258789,9.399999618530273,9.0,93844,CMBT.BR,Tanker,2026-09-22
2011-06-09,2.861637830734253,9.0,8.979999542236328,9.119999885559082,8.979999542236328,44974,CMBT.BR,Tanker,2026-09-22
2011-06-10,2.880715847015381,9.0600004196167,9.050000190734863,9.119999885559082,9.0,49923,CMBT.BR,Tanker,2026-09-22
2011-06-13,2.8966140747070312,9.109999656677246,9.140000343322754,9.140000343322754,9.050000190734863,8985,CMBT.BR,Tanker,2026-09-22
2011-06-14,2.9506664276123047,9.279999732971191,9.140000343322754,9.329999923706055,9.140000343322754,16465,CMBT.BR,Tanker,2026-09-22
2011-06-15,2.995181083679199,9.420000076293945,9.319999694824219,9.539999961853027,9.279999732971191,49904,CMBT.BR,Tanker,2026-09-22
2011-06-16,2.9888217449188232,9.399999618530273,9.449999809265137,9.5,9.229999542236328,59391,CMBT.BR,Tanker,2026-09-22
2011-06-17,2.995181083679199,9.420000076293945,9.260000228881836,9.489999771118164,9.229999542236328,55801,CMBT.BR,Tanker,2026-09-22
2011-06-20,2.9347691535949707,9.229999542236328,9.319999694824219,9.399999618530273,9.149999618530273,31568,CMBT.BR,Tanker,2026-09-22
2011-06-21,2.985642671585083,9.390000343322754,9.229999542236328,9.479999542236328,9.229999542236328,17249,CMBT.BR,Tanker,2026-09-22
2011-06-22,2.9602057933807373,9.3100004196167,9.470000267028809,9.539999961853027,9.3100004196167,41581,CMBT.BR,Tanker,2026-09-22
2011-06-23,2.985642671585083,9.390000343322754,9.220000267028809,9.479999542236328,9.130000114440918,47030,CMBT.BR,Tanker,2026-09-22
2011-06-24,2.9506664276123047,9.279999732971191,9.270000457763672,9.5,9.119999885559082,38975,CMBT.BR,Tanker,2026-09-22
2011-06-27,2.880715847015381,9.0600004196167,9.25,9.25,9.0,41916,CMBT.BR,Tanker,2026-09-22
2011-06-28,2.9125118255615234,9.15999984741211,9.109999656677246,9.470000267028809,9.0,45369,CMBT.BR,Tanker,2026-09-22
2011-06-29,2.9633846282958984,9.319999694824219,9.100000381469727,9.449999809265137,9.100000381469727,27729,CMBT.BR,Tanker,2026-09-22
2011-06-30,2.972923994064331,9.350000381469727,9.15999984741211,9.40999984741211,9.15999984741211,15379,CMBT.BR,Tanker,2026-09-22
2011-07-01,2.9888217449188232,9.399999618530273,9.369999885559082,9.449999809265137,9.25,17761,CMBT.BR,Tanker,2026-09-22
2011-07-04,3.055593252182007,9.609999656677246,9.399999618530273,9.65999984741211,9.399999618530273,14460,CMBT.BR,Tanker,2026-09-22
2011-07-05,3.0365161895751953,9.550000190734863,9.600000381469727,9.600000381469727,9.470000267028809,10394,CMBT.BR,Tanker,2026-09-22
2011-07-06,3.0365161895751953,9.550000190734863,9.550000190734863,9.59000015258789,9.5,16722,CMBT.BR,Tanker,2026-09-22
2011-07-07,3.0237972736358643,9.510000228881836,9.600000381469727,9.630000114440918,9.510000228881836,21722,CMBT.BR,Tanker,2026-09-22
2011-07-08,2.909331798553467,9.149999618530273,9.470000267028809,9.489999771118164,9.100000381469727,33884,CMBT.BR,Tanker,2026-09-22
2011-07-11,2.861637830734253,9.0,9.100000381469727,9.170000076293945,9.0,25709,CMBT.BR,Tanker,2026-09-22
2011-07-12,2.8457396030426025,8.949999809265137,8.949999809265137,8.989999771118164,8.5600004196167,46289,CMBT.BR,Tanker,2026-09-22
2011-07-13,2.8520991802215576,8.970000267028809,8.930000305175781,9.010000228881836,8.84000015258789,18110,CMBT.BR,Tanker,2026-09-22
2011-07-14,2.8298420906066895,8.899999618530273,8.989999771118164,9.0,8.829999923706055,10968,CMBT.BR,Tanker,2026-09-22
2011-07-15,2.766249656677246,8.699999809265137,8.880000114440918,8.890000343322754,8.649999618530273,57932,CMBT.BR,Tanker,2026-09-22
2011-07-18,2.661323070526123,8.369999885559082,8.699999809265137,8.710000038146973,8.34000015258789,55423,CMBT.BR,Tanker,2026-09-22
2011-07-19,2.626347064971924,8.260000228881836,8.350000381469727,8.399999618530273,8.010000228881836,62800,CMBT.BR,Tanker,2026-09-22
2011-07-20,2.4482908248901367,7.699999809265137,7.800000190734863,8.039999961853027,7.25,139976,CMBT.BR,Tanker,2026-09-22
2011-07-21,2.61362886428833,8.220000267028809,7.699999809265137,8.350000381469727,7.699999809265137,39438,CMBT.BR,Tanker,2026-09-22
2011-07-22,2.6358869075775146,8.289999961853027,8.300000190734863,8.34000015258789,8.210000038146973,27257,CMBT.BR,Tanker,2026-09-22
2011-07-25,2.540498733520508,7.989999771118164,8.300000190734863,8.300000190734863,7.900000095367432,18603,CMBT.BR,Tanker,2026-09-22
2011-07-26,2.5373189449310303,7.980000019073486,8.0,8.020000457763672,7.900000095367432,27579,CMBT.BR,Tanker,2026-09-22
2011-07-27,2.5246007442474365,7.940000057220459,7.96999979019165,8.0,7.849999904632568,37382,CMBT.BR,Tanker,2026-09-22
2011-07-28,2.4832658767700195,7.809999942779541,7.869999885559082,7.96999979019165,7.809999942779541,24752,CMBT.BR,Tanker,2026-09-22
2011-07-29,2.4482908248901367,7.699999809265137,7.820000171661377,7.849999904632568,7.599999904632568,29082,CMBT.BR,Tanker,2026-09-22
2011-08-01,2.432392120361328,7.650000095367432,7.650000095367432,7.820000171661377,7.650000095367432,19079,CMBT.BR,Tanker,2026-09-22
2011-08-02,2.3306453227996826,7.329999923706055,7.739999771118164,7.739999771118164,7.28000020980835,40082,CMBT.BR,Tanker,2026-09-22
2011-08-03,2.1207916736602783,6.670000076293945,7.25,7.25,6.590000152587891,82316,CMBT.BR,Tanker,2026-09-22
2011-08-04,1.8918604850769043,5.949999809265137,6.690000057220459,6.949999809265137,5.920000076293945,102736,CMBT.BR,Tanker,2026-09-22
2011-08-05,1.8187299966812134,5.71999979019165,5.300000190734863,6.199999809265137,5.260000228881836,125821,CMBT.BR,Tanker,2026-09-22
2011-08-08,1.6470311880111694,5.179999828338623,5.400000095367432,5.909999847412109,5.159999847412109,102683,CMBT.BR,Tanker,2026-09-22
2011-08-09,1.8250885009765625,5.739999771118164,5.28000020980835,5.739999771118164,5.0,118370,CMBT.BR,Tanker,2026-09-22
2011-08-10,1.8918604850769043,5.949999809265137,6.300000190734863,6.380000114440918,5.75,108190,CMBT.BR,Tanker,2026-09-22
2011-08-11,1.907758355140686,6.0,6.130000114440918,6.179999828338623,5.849999904632568,44608,CMBT.BR,Tanker,2026-09-22
2011-08-12,1.9999663829803467,6.289999961853027,6.170000076293945,6.800000190734863,6.0,101521,CMBT.BR,Tanker,2026-09-22
2011-08-15,2.1207916736602783,6.670000076293945,6.650000095367432,6.989999771118164,6.480000019073486,56022,CMBT.BR,Tanker,2026-09-22
2011-08-16,2.076277732849121,6.53000020980835,6.920000076293945,6.989999771118164,6.5,59153,CMBT.BR,Tanker,2026-09-22
2011-08-17,2.0095057487487793,6.320000171661377,6.5,6.5,6.199999809265137,45522,CMBT.BR,Tanker,2026-09-22
2011-08-18,1.8950402736663818,5.960000038146973,6.369999885559082,6.369999885559082,5.900000095367432,51602,CMBT.BR,Tanker,2026-09-22
2011-08-19,1.7996525764465332,5.659999847412109,5.900000095367432,5.900000095367432,5.639999866485596,46574,CMBT.BR,Tanker,2026-09-22
2011-08-22,1.866424560546875,5.869999885559082,5.659999847412109,6.019999980926514,5.659999847412109,21315,CMBT.BR,Tanker,2026-09-22
2011-08-23,1.875962495803833,5.900000095367432,5.949999809265137,6.110000133514404,5.900000095367432,18603,CMBT.BR,Tanker,2026-09-22
2011-08-24,1.9331954717636108,6.079999923706055,5.960000038146973,6.170000076293945,5.940000057220459,22659,CMBT.BR,Tanker,2026-09-22
2011-08-25,1.8918604850769043,5.949999809265137,6.159999847412109,6.260000228881836,5.909999847412109,27759,CMBT.BR,Tanker,2026-09-22
2011-08-26,1.828269124031067,5.75,6.190000057220459,6.190000057220459,5.699999809265137,31528,CMBT.BR,Tanker,2026-09-22
2011-08-29,1.866424560546875,5.869999885559082,5.920000076293945,5.949999809265137,5.710000038146973,13502,CMBT.BR,Tanker,2026-09-22
2011-08-30,1.8950402736663818,5.960000038146973,5.920000076293945,6.050000190734863,5.849999904632568,21976,CMBT.BR,Tanker,2026-09-22
2011-08-31,2.057199716567993,6.46999979019165,5.920000076293945,6.489999771118164,5.920000076293945,51057,CMBT.BR,Tanker,2026-09-22
2011-09-01,1.9395543336868286,6.099999904632568,6.46999979019165,6.46999979019165,6.099999904632568,32246,CMBT.BR,Tanker,2026-09-22
2011-09-02,1.8791424036026,5.909999847412109,6.099999904632568,6.389999866485596,5.909999847412109,41834,CMBT.BR,Tanker,2026-09-22
2011-09-05,1.802832007408142,5.670000076293945,5.960000038146973,5.960000038146973,5.5,41264,CMBT.BR,Tanker,2026-09-22
2011-09-06,1.7678558826446533,5.559999942779541,5.699999809265137,5.699999809265137,5.510000228881836,50322,CMBT.BR,Tanker,2026-09-22
2011-09-07,1.7805743217468262,5.599999904632568,5.679999828338623,5.800000190734863,5.510000228881836,29225,CMBT.BR,Tanker,2026-09-22
2011-09-08,1.7901134490966797,5.630000114440918,5.630000114440918,5.75,5.550000190734863,38177,CMBT.BR,Tanker,2026-09-22
2011-09-09,1.7169826030731201,5.400000095367432,5.550000190734863,5.739999771118164,5.340000152587891,42469,CMBT.BR,Tanker,2026-09-22
2011-09-12,1.6215949058532715,5.099999904632568,5.269999980926514,5.309999942779541,5.099999904632568,41137,CMBT.BR,Tanker,2026-09-22
2011-09-13,1.6088759899139404,5.059999942779541,5.150000095367432,5.230000019073486,5.039999961853027,30184,CMBT.BR,Tanker,2026-09-22
2011-09-14,1.6788277626037598,5.28000020980835,5.099999904632568,5.28000020980835,5.050000190734863,26461,CMBT.BR,Tanker,2026-09-22
2011-09-15,1.6120563745498657,5.070000171661377,5.289999961853027,5.460000038146973,5.059999942779541,30085,CMBT.BR,Tanker,2026-09-22
2011-09-16,1.624774694442749,5.110000133514404,5.139999866485596,5.300000190734863,5.0,82206,CMBT.BR,Tanker,2026-09-22
2011-09-19,1.5675411224365234,4.929999828338623,5.079999923706055,5.110000133514404,4.889999866485596,101766,CMBT.BR,Tanker,2026-09-22
2011-09-20,1.5770806074142456,4.960000038146973,4.989999771118164,5.079999923706055,4.909999847412109,53298,CMBT.BR,Tanker,2026-09-22
2011-09-21,1.5707212686538696,4.940000057220459,4.980000019073486,5.019999980926514,4.909999847412109,19874,CMBT.BR,Tanker,2026-09-22
2011-09-22,1.503949761390686,4.730000019073486,4.880000114440918,4.929999828338623,4.730000019073486,45444,CMBT.BR,Tanker,2026-09-22
2011-09-23,1.4308189153671265,4.5,4.789999961853027,4.840000152587891,4.25,95117,CMBT.BR,Tanker,2026-09-22
2011-09-26,1.3990230560302734,4.400000095367432,4.5,4.559999942779541,4.260000228881836,56857,CMBT.BR,Tanker,2026-09-22
2011-09-27,1.4308189153671265,4.5,4.489999771118164,4.53000020980835,4.300000190734863,63779,CMBT.BR,Tanker,2026-09-22
2011-09-28,1.4022024869918823,4.409999847412109,4.550000190734863,4.639999866485596,4.409999847412109,97008,CMBT.BR,Tanker,2026-09-22
2011-09-29,1.392663836479187,4.380000114440918,4.369999885559082,4.460000038146973,4.329999923706055,27248,CMBT.BR,Tanker,2026-09-22
2011-09-30,1.376765489578247,4.329999923706055,4.360000133514404,4.440000057220459,4.300000190734863,22437,CMBT.BR,Tanker,2026-09-22
2011-10-03,1.3449698686599731,4.230000019073486,4.300000190734863,4.329999923706055,4.230000019073486,30086,CMBT.BR,Tanker,2026-09-22
2011-10-04,1.236863374710083,3.890000104904175,4.210000038146973,4.230000019073486,3.890000104904175,75663,CMBT.BR,Tanker,2026-09-22
2011-10-05,1.3704065084457397,4.309999942779541,3.9800000190734863,4.309999942779541,3.7300000190734863,88461,CMBT.BR,Tanker,2026-09-22
2011-10-06,1.2909168004989624,4.059999942779541,4.309999942779541,4.340000152587891,4.019999980926514,88920,CMBT.BR,Tanker,2026-09-22
2011-10-07,1.3004555702209473,4.090000152587891,4.099999904632568,4.21999979019165,4.019999980926514,106350,CMBT.BR,Tanker,2026-09-22
2011-10-10,1.306814432144165,4.110000133514404,4.130000114440918,4.130000114440918,3.9600000381469727,83161,CMBT.BR,Tanker,2026-09-22
2011-10-11,1.313173532485962,4.130000114440918,4.119999885559082,4.199999809265137,3.990000009536743,102755,CMBT.BR,Tanker,2026-09-22
2011-10-12,1.364047646522522,4.289999961853027,4.090000152587891,4.309999942779541,4.079999923706055,109712,CMBT.BR,Tanker,2026-09-22
2011-10-13,1.3322513103485107,4.190000057220459,4.289999961853027,4.46999979019165,4.119999885559082,142696,CMBT.BR,Tanker,2026-09-22
2011-10-14,1.3227125406265259,4.159999847412109,4.269999980926514,4.28000020980835,4.130000114440918,63205,CMBT.BR,Tanker,2026-09-22
2011-10-17,1.2909168004989624,4.059999942779541,4.199999809265137,4.25,4.050000190734863,124234,CMBT.BR,Tanker,2026-09-22
2011-10-18,1.2241454124450684,3.8499999046325684,4.039999961853027,4.070000171661377,3.8499999046325684,116876,CMBT.BR,Tanker,2026-09-22
2011-10-19,1.0397285223007202,3.2699999809265137,3.759999990463257,3.799999952316284,3.25,471163,CMBT.BR,Tanker,2026-09-22
2011-10-20,0.9602383971214294,3.0199999809265137,3.2699999809265137,3.2699999809265137,3.0199999809265137,318279,CMBT.BR,Tanker,2026-09-22
2011-10-21,0.9793160557746887,3.0799999237060547,3.0,3.1600000858306885,2.869999885559082,230489,CMBT.BR,Tanker,2026-09-22
2011-10-24,0.9634182453155518,3.0299999713897705,3.25,3.2699999809265137,3.0299999713897705,133225,CMBT.BR,Tanker,2026-09-22
2011-10-25,0.9665977358818054,3.0399999618530273,3.0299999713897705,3.1600000858306885,3.009999990463257,205468,CMBT.BR,Tanker,2026-09-22
2011-10-26,1.023830533027649,3.2200000286102295,3.069999933242798,3.240000009536743,3.0299999713897705,97023,CMBT.BR,Tanker,2026-09-22
2011-10-27,1.0969610214233398,3.450000047683716,3.25,3.4800000190734863,3.190000057220459,186029,CMBT.BR,Tanker,2026-09-22
2011-10-28,1.0651651620864868,3.3499999046325684,3.5,3.5,3.299999952316284,74615,CMBT.BR,Tanker,2026-09-22
2011-10-31,1.020650863647461,3.2100000381469727,3.3399999141693115,3.3399999141693115,3.2100000381469727,34222,CMBT.BR,Tanker,2026-09-22
2011-11-01,0.9888549447059631,3.109999895095825,3.1500000953674316,3.1500000953674316,3.0399999618530273,145497,CMBT.BR,Tanker,2026-09-22
2011-11-02,1.0079326629638672,3.1700000762939453,3.109999895095825,3.25,3.049999952316284,145093,CMBT.BR,Tanker,2026-09-22
2011-11-03,1.017471432685852,3.200000047683716,3.1500000953674316,3.2699999809265137,3.109999895095825,136766,CMBT.BR,Tanker,2026-09-22
2011-11-04,1.0301897525787354,3.240000009536743,3.299999952316284,3.299999952316284,3.140000104904175,78393,CMBT.BR,Tanker,2026-09-22
2011-11-07,1.0111119747161865,3.180000066757202,3.2300000190734863,3.259999990463257,3.1600000858306885,43872,CMBT.BR,Tanker,2026-09-22
2011-11-08,1.020650863647461,3.2100000381469727,3.299999952316284,3.299999952316284,3.1500000953674316,37296,CMBT.BR,Tanker,2026-09-22
2011-11-09,1.023830533027649,3.2200000286102295,3.200000047683716,3.2699999809265137,3.119999885559082,49829,CMBT.BR,Tanker,2026-09-22
2011-11-10,1.0492671728134155,3.299999952316284,3.1600000858306885,3.319999933242798,3.0999999046325684,139561,CMBT.BR,Tanker,2026-09-22
2011-11-11,1.0906022787094116,3.430000066757202,3.2899999618530273,3.4700000286102295,3.240000009536743,54503,CMBT.BR,Tanker,2026-09-22
2011-11-14,1.1605533361434937,3.6500000953674316,3.4800000190734863,3.690000057220459,3.4200000762939453,114260,CMBT.BR,Tanker,2026-09-22
2011-11-15,1.0778836011886597,3.390000104904175,3.619999885559082,3.619999885559082,3.369999885559082,206918,CMBT.BR,Tanker,2026-09-22
2011-11-16,1.0778836011886597,3.390000104904175,3.380000114440918,3.490000009536743,3.380000114440918,45491,CMBT.BR,Tanker,2026-09-22
2011-11-17,1.0588061809539795,3.3299999237060547,3.4600000381469727,3.4600000381469727,3.2699999809265137,33179,CMBT.BR,Tanker,2026-09-22
2011-11-18,1.0969610214233398,3.450000047683716,3.2899999618530273,3.609999895095825,3.25,145868,CMBT.BR,Tanker,2026-09-22
2011-11-21,1.061985731124878,3.3399999141693115,3.450000047683716,3.4800000190734863,3.240000009536743,41156,CMBT.BR,Tanker,2026-09-22
2011-11-22,0.9729568362236023,3.059999942779541,3.3499999046325684,3.3499999046325684,3.0,163393,CMBT.BR,Tanker,2026-09-22
2011-11-23,0.9379812479019165,2.950000047683716,3.0299999713897705,3.059999942779541,2.9000000953674316,110623,CMBT.BR,Tanker,2026-09-22
2011-11-24,0.941161036491394,2.9600000381469727,2.930000066757202,3.049999952316284,2.930000066757202,25486,CMBT.BR,Tanker,2026-09-22
2011-11-25,0.9506996273994446,2.990000009536743,2.9600000381469727,3.0199999809265137,2.9100000858306885,66603,CMBT.BR,Tanker,2026-09-22
2011-11-28,1.0365488529205322,3.259999990463257,3.0999999046325684,3.2799999713897705,3.0999999046325684,33090,CMBT.BR,Tanker,2026-09-22
2011-11-29,1.0397285223007202,3.2699999809265137,3.2699999809265137,3.2699999809265137,3.1500000953674316,33841,CMBT.BR,Tanker,2026-09-22
2011-11-30,1.0747041702270508,3.380000114440918,3.259999990463257,3.440000057220459,3.200000047683716,61880,CMBT.BR,Tanker,2026-09-22
2011-12-01,1.0365488529205322,3.259999990463257,3.390000104904175,3.450000047683716,3.2300000190734863,31713,CMBT.BR,Tanker,2026-09-22
2011-12-02,1.0397285223007202,3.2699999809265137,3.2899999618530273,3.390000104904175,3.259999990463257,36475,CMBT.BR,Tanker,2026-09-22
2011-12-05,1.138296365737915,3.5799999237060547,3.2799999713897705,3.5799999237060547,3.25,28350,CMBT.BR,Tanker,2026-09-22
2011-12-06,1.1573736667633057,3.640000104904175,3.559999942779541,3.640000104904175,3.4200000762939453,36352,CMBT.BR,Tanker,2026-09-22
2011-12-07,1.1637327671051025,3.6600000858306885,3.6600000858306885,3.6600000858306885,3.5299999713897705,85659,CMBT.BR,Tanker,2026-09-22
2011-12-08,1.1001406908035278,3.4600000381469727,3.6700000762939453,3.6700000762939453,3.4100000858306885,41720,CMBT.BR,Tanker,2026-09-22
2011-12-09,1.09378182888031,3.440000057220459,3.4600000381469727,3.5899999141693115,3.380000114440918,74234,CMBT.BR,Tanker,2026-09-22
2011-12-12,1.055626392364502,3.319999933242798,3.440000057220459,3.440000057220459,3.319999933242798,8682,CMBT.BR,Tanker,2026-09-22
2011-12-13,1.055626392364502,3.319999933242798,3.309999942779541,3.3499999046325684,3.200000047683716,17609,CMBT.BR,Tanker,2026-09-22
2011-12-14,1.0492671728134155,3.299999952316284,3.309999942779541,3.490000009536743,3.25,224823,CMBT.BR,Tanker,2026-09-22
2011-12-15,1.0651651620864868,3.3499999046325684,3.319999933242798,3.4100000858306885,3.25,52843,CMBT.BR,Tanker,2026-09-22
2011-12-16,1.052446722984314,3.309999942779541,3.4000000953674316,3.440000057220459,3.299999952316284,27409,CMBT.BR,Tanker,2026-09-22
2011-12-19,1.122398018836975,3.5299999713897705,3.309999942779541,3.5399999618530273,3.309999942779541,35413,CMBT.BR,Tanker,2026-09-22
2011-12-20,1.1446551084518433,3.5999999046325684,3.5399999618530273,3.619999885559082,3.440000057220459,36954,CMBT.BR,Tanker,2026-09-22
2011-12-21,1.1319369077682495,3.559999942779541,3.619999885559082,3.6600000858306885,3.559999942779541,27377,CMBT.BR,Tanker,2026-09-22
2011-12-22,1.135116457939148,3.569999933242798,3.559999942779541,3.640000104904175,3.509999990463257,22333,CMBT.BR,Tanker,2026-09-22
2011-12-23,1.1732714176177979,3.690000057220459,3.5899999141693115,3.690000057220459,3.569999933242798,24622,CMBT.BR,Tanker,2026-09-22
2011-12-27,1.2146061658859253,3.819999933242798,3.690000057220459,3.8499999046325684,3.6700000762939453,35924,CMBT.BR,Tanker,2026-09-22
2011-12-28,1.1828104257583618,3.7200000286102295,3.8399999141693115,3.8399999141693115,3.609999895095825,34542,CMBT.BR,Tanker,2026-09-22
2011-12-29,1.1732714176177979,3.690000057220459,3.7200000286102295,3.7300000190734863,3.6500000953674316,7239,CMBT.BR,Tanker,2026-09-22
2011-12-30,1.1891695261001587,3.740000009536743,3.7200000286102295,3.75,3.6600000858306885,10524,CMBT.BR,Tanker,2026-09-22
2012-01-02,1.2050676345825195,3.7899999618530273,3.690000057220459,3.819999933242798,3.690000057220459,13184,CMBT.BR,Tanker,2026-09-22
2012-01-03,1.2146061658859253,3.819999933242798,3.819999933242798,3.8299999237060547,3.7200000286102295,22096,CMBT.BR,Tanker,2026-09-22
2012-01-04,1.2177859544754028,3.8299999237060547,3.740000009536743,3.8299999237060547,3.740000009536743,27079,CMBT.BR,Tanker,2026-09-22
2012-01-05,1.2177859544754028,3.8299999237060547,3.799999952316284,3.8399999141693115,3.759999990463257,12198,CMBT.BR,Tanker,2026-09-22
2012-01-06,1.2400429248809814,3.9000000953674316,3.8399999141693115,3.9000000953674316,3.819999933242798,58407,CMBT.BR,Tanker,2026-09-22
2012-01-09,1.4085619449615479,4.429999828338623,3.990000009536743,4.599999904632568,3.930000066757202,153483,CMBT.BR,Tanker,2026-09-22
2012-01-10,1.5166680812835693,4.769999980926514,4.489999771118164,4.869999885559082,4.400000095367432,181385,CMBT.BR,Tanker,2026-09-22
2012-01-11,1.7328810691833496,5.449999809265137,4.769999980926514,5.449999809265137,4.309999942779541,587535,CMBT.BR,Tanker,2026-09-22
2012-01-12,1.7869340181350708,5.619999885559082,5.400000095367432,5.679999828338623,5.400000095367432,502264,CMBT.BR,Tanker,2026-09-22
2012-01-13,1.7551382780075073,5.519999980926514,5.75,6.059999942779541,5.349999904632568,440581,CMBT.BR,Tanker,2026-09-22
2012-01-16,1.6851872205734253,5.300000190734863,5.320000171661377,5.489999771118164,5.010000228881836,194753,CMBT.BR,Tanker,2026-09-22
2012-01-17,1.5389257669448853,4.840000152587891,5.309999942779541,5.460000038146973,4.829999923706055,181873,CMBT.BR,Tanker,2026-09-22
2012-01-18,1.5325663089752197,4.820000171661377,4.340000152587891,4.820000171661377,4.25,255206,CMBT.BR,Tanker,2026-09-22
2012-01-19,1.6470311880111694,5.179999828338623,4.829999923706055,5.309999942779541,4.75,258865,CMBT.BR,Tanker,2026-09-22
2012-01-20,1.64385187625885,5.170000076293945,5.150000095367432,5.269999980926514,5.0,118164,CMBT.BR,Tanker,2026-09-22
2012-01-23,1.7424200773239136,5.480000019073486,5.159999847412109,5.510000228881836,5.150000095367432,177546,CMBT.BR,Tanker,2026-09-22
2012-01-24,1.701085090637207,5.349999904632568,5.480000019073486,5.5,5.179999828338623,60272,CMBT.BR,Tanker,2026-09-22
2012-01-25,1.64385187625885,5.170000076293945,5.349999904632568,5.349999904632568,5.099999904632568,105723,CMBT.BR,Tanker,2026-09-22
2012-01-26,1.618415117263794,5.090000152587891,5.190000057220459,5.239999771118164,5.050000190734863,90935,CMBT.BR,Tanker,2026-09-22
2012-01-27,1.6215949058532715,5.099999904632568,5.090000152587891,5.199999809265137,5.050000190734863,177046,CMBT.BR,Tanker,2026-09-22
2012-01-30,1.5580031871795654,4.900000095367432,5.090000152587891,5.090000152587891,4.800000190734863,70883,CMBT.BR,Tanker,2026-09-22
2012-01-31,1.5421051979064941,4.849999904632568,4.909999847412109,5.0,4.800000190734863,52112,CMBT.BR,Tanker,2026-09-22
2012-02-01,1.5580031871795654,4.900000095367432,4.849999904632568,5.070000171661377,4.849999904632568,71823,CMBT.BR,Tanker,2026-09-22
2012-02-02,1.5707212686538696,4.940000057220459,4.909999847412109,5.059999942779541,4.909999847412109,62765,CMBT.BR,Tanker,2026-09-22
2012-02-03,1.5707212686538696,4.940000057220459,5.039999961853027,5.039999961853027,4.940000057220459,83441,CMBT.BR,Tanker,2026-09-22
2012-02-06,1.5325663089752197,4.820000171661377,4.989999771118164,5.0,4.800000190734863,88301,CMBT.BR,Tanker,2026-09-22
2012-02-07,1.64385187625885,5.170000076293945,4.849999904632568,5.25,4.78000020980835,97014,CMBT.BR,Tanker,2026-09-22
2012-02-08,1.7169826030731201,5.400000095367432,5.159999847412109,5.489999771118164,5.050000190734863,273652,CMBT.BR,Tanker,2026-09-22
2012-02-09,1.6851872205734253,5.300000190734863,5.400000095367432,5.480000019073486,5.269999980926514,158076,CMBT.BR,Tanker,2026-09-22
2012-02-10,1.5421051979064941,4.849999904632568,5.260000228881836,5.300000190734863,4.760000228881836,128926,CMBT.BR,Tanker,2026-09-22
2012-02-13,1.5643621683120728,4.920000076293945,4.900000095367432,5.099999904632568,4.900000095367432,52326,CMBT.BR,Tanker,2026-09-22
2012-02-14,1.6120563745498657,5.070000171661377,4.940000057220459,5.159999847412109,4.929999828338623,88584,CMBT.BR,Tanker,2026-09-22
2012-02-15,1.6470311880111694,5.179999828338623,5.099999904632568,5.230000019073486,5.079999923706055,86442,CMBT.BR,Tanker,2026-09-22
2012-02-16,1.7328810691833496,5.449999809265137,5.170000076293945,5.449999809265137,5.099999904632568,104766,CMBT.BR,Tanker,2026-09-22
2012-02-17,1.771036148071289,5.570000171661377,5.5,5.679999828338623,5.429999828338623,169563,CMBT.BR,Tanker,2026-09-22
2012-02-20,1.834627628326416,5.769999980926514,5.630000114440918,5.840000152587891,5.610000133514404,80001,CMBT.BR,Tanker,2026-09-22
2012-02-21,1.828269124031067,5.75,5.809999942779541,5.829999923706055,5.71999979019165,47258,CMBT.BR,Tanker,2026-09-22
2012-02-22,1.7773950099945068,5.590000152587891,5.730000019073486,5.730000019073486,5.300000190734863,112035,CMBT.BR,Tanker,2026-09-22
2012-02-23,1.701085090637207,5.349999904632568,5.510000228881836,5.570000171661377,5.349999904632568,76774,CMBT.BR,Tanker,2026-09-22
2012-02-24,1.7551382780075073,5.519999980926514,5.349999904632568,5.519999980926514,5.349999904632568,18737,CMBT.BR,Tanker,2026-09-22
2012-02-27,1.7201621532440186,5.409999847412109,5.5,5.5,5.340000152587891,22046,CMBT.BR,Tanker,2026-09-22
2012-02-28,1.7742151021957397,5.579999923706055,5.389999866485596,5.659999847412109,5.389999866485596,67405,CMBT.BR,Tanker,2026-09-22
2012-02-29,1.7233421802520752,5.420000076293945,5.550000190734863,5.639999866485596,5.420000076293945,24081,CMBT.BR,Tanker,2026-09-22
2012-03-01,1.856885313987732,5.840000152587891,5.389999866485596,5.880000114440918,5.340000152587891,139574,CMBT.BR,Tanker,2026-09-22
2012-03-02,1.8473461866378784,5.809999942779541,5.860000133514404,5.860000133514404,5.659999847412109,41616,CMBT.BR,Tanker,2026-09-22
2012-03-05,1.8409870862960815,5.789999961853027,5.820000171661377,5.860000133514404,5.690000057220459,65801,CMBT.BR,Tanker,2026-09-22
2012-03-06,1.771036148071289,5.570000171661377,5.75,5.849999904632568,5.53000020980835,57502,CMBT.BR,Tanker,2026-09-22
2012-03-07,1.7519586086273193,5.510000228881836,5.550000190734863,5.630000114440918,5.449999809265137,32031,CMBT.BR,Tanker,2026-09-22
2012-03-08,1.8250885009765625,5.739999771118164,5.510000228881836,5.809999942779541,5.460000038146973,48485,CMBT.BR,Tanker,2026-09-22
2012-03-09,1.8505258560180664,5.820000171661377,5.699999809265137,5.829999923706055,5.559999942779541,51357,CMBT.BR,Tanker,2026-09-22
2012-03-12,1.7932929992675781,5.639999866485596,5.820000171661377,5.820000171661377,5.570000171661377,28207,CMBT.BR,Tanker,2026-09-22
2012-03-13,1.8314483165740967,5.760000228881836,5.699999809265137,5.789999961853027,5.659999847412109,20834,CMBT.BR,Tanker,2026-09-22
2012-03-14,1.8091915845870972,5.690000057220459,5.75,5.800000190734863,5.619999885559082,38275,CMBT.BR,Tanker,2026-09-22
2012-03-15,1.9268364906311035,6.059999942779541,5.679999828338623,6.059999942779541,5.610000133514404,107867,CMBT.BR,Tanker,2026-09-22
2012-03-16,2.209820508956909,6.949999809265137,6.119999885559082,6.989999771118164,6.079999923706055,463499,CMBT.BR,Tanker,2026-09-22
2012-03-19,2.2734127044677734,7.150000095367432,7.070000171661377,7.190000057220459,6.599999904632568,191894,CMBT.BR,Tanker,2026-09-22
2012-03-20,2.13986873626709,6.730000019073486,7.090000152587891,7.130000114440918,6.710000038146973,92823,CMBT.BR,Tanker,2026-09-22
2012-03-21,2.111252784729004,6.639999866485596,6.789999961853027,6.800000190734863,6.599999904632568,65227,CMBT.BR,Tanker,2026-09-22
2012-03-22,2.1144328117370605,6.650000095367432,6.619999885559082,6.739999771118164,6.429999828338623,73549,CMBT.BR,Tanker,2026-09-22
2012-03-23,2.1557672023773193,6.78000020980835,6.610000133514404,6.78000020980835,6.519999980926514,87907,CMBT.BR,Tanker,2026-09-22
2012-03-26,2.111252784729004,6.639999866485596,6.730000019073486,6.730000019073486,6.599999904632568,25718,CMBT.BR,Tanker,2026-09-22
2012-03-27,2.1144328117370605,6.650000095367432,6.699999809265137,6.739999771118164,6.599999904632568,34859,CMBT.BR,Tanker,2026-09-22
2012-03-28,2.1207916736602783,6.670000076293945,6.659999847412109,6.710000038146973,6.550000190734863,51769,CMBT.BR,Tanker,2026-09-22
2012-03-30,2.1621272563934326,6.800000190734863,6.619999885559082,6.849999904632568,6.5,59854,CMBT.BR,Tanker,2026-09-22
2012-04-02,2.1494083404541016,6.760000228881836,6.800000190734863,6.800000190734863,6.599999904632568,51391,CMBT.BR,Tanker,2026-09-22
2012-04-03,2.2670533657073975,7.130000114440918,6.739999771118164,7.300000190734863,6.699999809265137,154693,CMBT.BR,Tanker,2026-09-22
2012-04-04,2.1589467525482178,6.789999961853027,7.139999866485596,7.139999866485596,6.630000114440918,86030,CMBT.BR,Tanker,2026-09-22
2012-04-05,2.111252784729004,6.639999866485596,6.789999961853027,6.929999828338623,6.599999904632568,96134,CMBT.BR,Tanker,2026-09-22
2012-04-10,2.006326198577881,6.309999942779541,6.599999904632568,6.610000133514404,6.25,64652,CMBT.BR,Tanker,2026-09-22
2012-04-11,2.1366899013519287,6.71999979019165,6.289999961853027,6.840000152587891,6.150000095367432,84024,CMBT.BR,Tanker,2026-09-22
2012-04-12,2.117612361907959,6.659999847412109,6.809999942779541,6.869999885559082,6.5,39992,CMBT.BR,Tanker,2026-09-22
2012-04-13,2.0508406162261963,6.449999809265137,6.789999961853027,6.789999961853027,6.309999942779541,67254,CMBT.BR,Tanker,2026-09-22
2012-04-16,1.9618115425109863,6.170000076293945,6.300000190734863,6.340000152587891,6.139999866485596,47363,CMBT.BR,Tanker,2026-09-22
2012-04-17,1.9427344799041748,6.110000133514404,6.119999885559082,6.340000152587891,6.059999942779541,36121,CMBT.BR,Tanker,2026-09-22
2012-04-18,2.1812045574188232,6.860000133514404,6.409999847412109,6.980000019073486,6.300000190734863,177005,CMBT.BR,Tanker,2026-09-22
2012-04-19,2.1080732345581055,6.630000114440918,6.929999828338623,6.929999828338623,6.510000228881836,48103,CMBT.BR,Tanker,2026-09-22
2012-04-20,2.0031471252441406,6.300000190734863,6.610000133514404,6.619999885559082,6.289999961853027,61894,CMBT.BR,Tanker,2026-09-22
2012-04-23,1.9522730112075806,6.139999866485596,6.25,6.260000228881836,6.010000228881836,48128,CMBT.BR,Tanker,2026-09-22
2012-04-24,1.8918604850769043,5.949999809265137,6.090000152587891,6.090000152587891,5.849999904632568,61657,CMBT.BR,Tanker,2026-09-22
2012-04-25,2.069918155670166,6.510000228881836,6.0,6.570000171661377,6.0,75410,CMBT.BR,Tanker,2026-09-22
2012-04-26,2.0444812774658203,6.429999828338623,6.5,6.5,6.119999885559082,37530,CMBT.BR,Tanker,2026-09-22
2012-04-27,2.3052079677581787,7.25,6.400000095367432,7.25,6.300000190734863,257365,CMBT.BR,Tanker,2026-09-22
2012-04-30,2.2479755878448486,7.070000171661377,7.150000095367432,7.150000095367432,6.829999923706055,40552,CMBT.BR,Tanker,2026-09-22
2012-05-02,2.1748454570770264,6.840000152587891,7.0,7.090000152587891,6.710000038146973,65537,CMBT.BR,Tanker,2026-09-22
2012-05-03,2.197101354598999,6.909999847412109,6.849999904632568,7.059999942779541,6.840000152587891,33290,CMBT.BR,Tanker,2026-09-22
2012-05-04,2.1494083404541016,6.760000228881836,6.869999885559082,6.96999979019165,6.699999809265137,29462,CMBT.BR,Tanker,2026-09-22
2012-05-07,2.1144328117370605,6.650000095367432,6.610000133514404,6.929999828338623,6.550000190734863,21303,CMBT.BR,Tanker,2026-09-22
2012-05-08,2.111252784729004,6.639999866485596,6.679999828338623,6.980000019073486,6.639999866485596,24326,CMBT.BR,Tanker,2026-09-22
2012-05-09,2.095355272293091,6.590000152587891,6.889999866485596,6.889999866485596,6.420000076293945,46945,CMBT.BR,Tanker,2026-09-22
2012-05-10,2.1366899013519287,6.71999979019165,6.610000133514404,6.78000020980835,6.5,17970,CMBT.BR,Tanker,2026-09-22
2012-05-11,2.104893445968628,6.619999885559082,6.730000019073486,6.730000019073486,6.550000190734863,14566,CMBT.BR,Tanker,2026-09-22
2012-05-14,2.076277732849121,6.53000020980835,6.599999904632568,6.610000133514404,6.449999809265137,16878,CMBT.BR,Tanker,2026-09-22
2012-05-15,2.092175006866455,6.579999923706055,6.53000020980835,6.579999923706055,6.5,26910,CMBT.BR,Tanker,2026-09-22
2012-05-16,2.0667383670806885,6.5,6.510000228881836,6.570000171661377,6.420000076293945,61744,CMBT.BR,Tanker,2026-09-22
2012-05-17,2.0858161449432373,6.559999942779541,6.480000019073486,6.559999942779541,6.380000114440918,14918,CMBT.BR,Tanker,2026-09-22
2012-05-18,2.0508406162261963,6.449999809265137,6.46999979019165,6.510000228881836,6.420000076293945,66209,CMBT.BR,Tanker,2026-09-22
2012-05-21,2.0317628383636475,6.389999866485596,6.440000057220459,6.449999809265137,6.260000228881836,24557,CMBT.BR,Tanker,2026-09-22
2012-05-22,2.0667383670806885,6.5,6.389999866485596,6.53000020980835,6.389999866485596,40497,CMBT.BR,Tanker,2026-09-22
2012-05-23,2.041301727294922,6.420000076293945,6.480000019073486,6.489999771118164,6.309999942779541,8073,CMBT.BR,Tanker,2026-09-22
2012-05-24,2.0603795051574707,6.480000019073486,6.420000076293945,6.480000019073486,6.349999904632568,19892,CMBT.BR,Tanker,2026-09-22
2012-05-25,2.0603795051574707,6.480000019073486,6.460000038146973,6.480000019073486,6.329999923706055,12877,CMBT.BR,Tanker,2026-09-22
2012-05-28,2.0508406162261963,6.449999809265137,6.349999904632568,6.480000019073486,6.349999904632568,31453,CMBT.BR,Tanker,2026-09-22
2012-05-29,2.076277732849121,6.53000020980835,6.480000019073486,6.699999809265137,6.400000095367432,54112,CMBT.BR,Tanker,2026-09-22
2012-05-30,2.0730977058410645,6.519999980926514,6.53000020980835,6.639999866485596,6.480000019073486,9799,CMBT.BR,Tanker,2026-09-22
2012-05-31,1.9936076402664185,6.269999980926514,6.559999942779541,6.650000095367432,6.269999980926514,26574,CMBT.BR,Tanker,2026-09-22
2012-06-01,1.9427344799041748,6.110000133514404,6.269999980926514,6.389999866485596,6.099999904632568,38103,CMBT.BR,Tanker,2026-09-22
2012-06-04,1.8950402736663818,5.960000038146973,6.119999885559082,6.269999980926514,5.929999828338623,21027,CMBT.BR,Tanker,2026-09-22
2012-06-05,1.9013992547988892,5.980000019073486,6.0,6.099999904632568,5.960000038146973,8042,CMBT.BR,Tanker,2026-09-22
2012-06-06,1.9586321115493774,6.159999847412109,6.0,6.159999847412109,6.0,9999,CMBT.BR,Tanker,2026-09-22
2012-06-07,2.0158653259277344,6.340000152587891,6.099999904632568,6.340000152587891,6.019999980926514,27972,CMBT.BR,Tanker,2026-09-22
2012-06-08,1.9618115425109863,6.170000076293945,6.329999923706055,6.329999923706055,6.079999923706055,7368,CMBT.BR,Tanker,2026-09-22
2012-06-11,1.9554529190063477,6.150000095367432,6.119999885559082,6.329999923706055,6.050000190734863,21883,CMBT.BR,Tanker,2026-09-22
2012-06-12,1.907758355140686,6.0,6.230000019073486,6.230000019073486,6.0,21590,CMBT.BR,Tanker,2026-09-22
2012-06-13,1.907758355140686,6.0,6.0,6.050000190734863,5.900000095367432,9368,CMBT.BR,Tanker,2026-09-22
2012-06-14,1.885501503944397,5.929999828338623,6.0,6.099999904632568,5.929999828338623,1165,CMBT.BR,Tanker,2026-09-22
2012-06-15,1.8918604850769043,5.949999809265137,5.849999904632568,6.0,5.849999904632568,12579,CMBT.BR,Tanker,2026-09-22
2012-06-18,1.875962495803833,5.900000095367432,5.96999979019165,6.010000228881836,5.860000133514404,11882,CMBT.BR,Tanker,2026-09-22
2012-06-19,1.8791424036026,5.909999847412109,5.909999847412109,6.070000171661377,5.849999904632568,14773,CMBT.BR,Tanker,2026-09-22
2012-06-20,1.8696038722991943,5.880000114440918,5.880000114440918,5.980000019073486,5.809999942779541,13289,CMBT.BR,Tanker,2026-09-22
2012-06-21,1.8982198238372803,5.96999979019165,5.820000171661377,5.96999979019165,5.760000228881836,8649,CMBT.BR,Tanker,2026-09-22
2012-06-22,1.8886809349060059,5.940000057220459,5.829999923706055,5.940000057220459,5.820000171661377,1301,CMBT.BR,Tanker,2026-09-22
2012-06-25,1.8314483165740967,5.760000228881836,5.789999961853027,5.869999885559082,5.760000228881836,7148,CMBT.BR,Tanker,2026-09-22
2012-06-26,1.729701280593872,5.440000057220459,5.75,5.900000095367432,5.25,25294,CMBT.BR,Tanker,2026-09-22
2012-06-27,1.6661090850830078,5.239999771118164,5.289999961853027,5.449999809265137,5.210000038146973,26502,CMBT.BR,Tanker,2026-09-22
2012-06-28,1.7074437141418457,5.369999885559082,5.269999980926514,5.369999885559082,5.099999904632568,28953,CMBT.BR,Tanker,2026-09-22
2012-06-29,1.7169826030731201,5.400000095367432,5.539999961853027,5.539999961853027,5.28000020980835,28031,CMBT.BR,Tanker,2026-09-22
2012-07-02,1.7233421802520752,5.420000076293945,5.349999904632568,5.449999809265137,5.349999904632568,21552,CMBT.BR,Tanker,2026-09-22
2012-07-03,1.7138030529022217,5.389999866485596,5.380000114440918,5.400000095367432,5.300000190734863,20250,CMBT.BR,Tanker,2026-09-22
2012-07-04,1.6915462017059326,5.320000171661377,5.21999979019165,5.349999904632568,5.21999979019165,15437,CMBT.BR,Tanker,2026-09-22
2012-07-05,1.6661090850830078,5.239999771118164,5.289999961853027,5.329999923706055,5.210000038146973,5563,CMBT.BR,Tanker,2026-09-22
2012-07-06,1.64385187625885,5.170000076293945,5.159999847412109,5.28000020980835,5.119999885559082,25826,CMBT.BR,Tanker,2026-09-22
2012-07-09,1.6692888736724854,5.25,5.179999828338623,5.340000152587891,5.139999866485596,28290,CMBT.BR,Tanker,2026-09-22
2012-07-10,1.624774694442749,5.110000133514404,5.25,5.25,5.110000133514404,17389,CMBT.BR,Tanker,2026-09-22
2012-07-11,1.653390645980835,5.199999809265137,5.300000190734863,5.300000190734863,5.099999904632568,14185,CMBT.BR,Tanker,2026-09-22
2012-07-12,1.6343131065368652,5.139999866485596,5.110000133514404,5.170000076293945,5.090000152587891,8837,CMBT.BR,Tanker,2026-09-22
2012-07-13,1.656570553779602,5.210000038146973,5.119999885559082,5.21999979019165,5.050000190734863,25320,CMBT.BR,Tanker,2026-09-22
2012-07-16,1.6756478548049927,5.269999980926514,5.099999904632568,5.340000152587891,5.099999904632568,6402,CMBT.BR,Tanker,2026-09-22
2012-07-17,1.7551382780075073,5.519999980926514,5.150000095367432,5.590000152587891,5.150000095367432,28463,CMBT.BR,Tanker,2026-09-22
2012-07-18,1.7169826030731201,5.400000095367432,5.440000057220459,5.440000057220459,5.340000152587891,42564,CMBT.BR,Tanker,2026-09-22
2012-07-19,1.7201621532440186,5.409999847412109,5.349999904632568,5.440000057220459,5.349999904632568,35934,CMBT.BR,Tanker,2026-09-22
2012-07-20,1.7169826030731201,5.400000095367432,5.400000095367432,5.449999809265137,5.309999942779541,16955,CMBT.BR,Tanker,2026-09-22
2012-07-23,1.6756478548049927,5.269999980926514,5.28000020980835,5.300000190734863,5.21999979019165,16003,CMBT.BR,Tanker,2026-09-22
2012-07-24,1.6374925374984741,5.150000095367432,5.210000038146973,5.309999942779541,5.150000095367432,3901,CMBT.BR,Tanker,2026-09-22
2012-07-25,1.6597498655319214,5.21999979019165,5.199999809265137,5.28000020980835,5.119999885559082,1044,CMBT.BR,Tanker,2026-09-22
2012-07-26,1.6374925374984741,5.150000095367432,5.199999809265137,5.329999923706055,5.139999866485596,7586,CMBT.BR,Tanker,2026-09-22
2012-07-27,1.6629297733306885,5.230000019073486,5.199999809265137,5.239999771118164,5.159999847412109,3320,CMBT.BR,Tanker,2026-09-22
2012-07-30,1.6343131065368652,5.139999866485596,5.159999847412109,5.239999771118164,5.139999866485596,22484,CMBT.BR,Tanker,2026-09-22
2012-07-31,1.653390645980835,5.199999809265137,5.070000171661377,5.28000020980835,5.059999942779541,10089,CMBT.BR,Tanker,2026-09-22
2012-08-01,1.6629297733306885,5.230000019073486,5.199999809265137,5.25,5.199999809265137,2309,CMBT.BR,Tanker,2026-09-22
2012-08-02,1.6374925374984741,5.150000095367432,5.210000038146973,5.289999961853027,5.139999866485596,9478,CMBT.BR,Tanker,2026-09-22
2012-08-03,1.6406726837158203,5.159999847412109,5.150000095367432,5.210000038146973,5.050000190734863,15536,CMBT.BR,Tanker,2026-09-22
2012-08-06,1.6374925374984741,5.150000095367432,5.070000171661377,5.300000190734863,5.070000171661377,11215,CMBT.BR,Tanker,2026-09-22
2012-08-07,1.656570553779602,5.210000038146973,5.199999809265137,5.269999980926514,5.199999809265137,4034,CMBT.BR,Tanker,2026-09-22
2012-08-08,1.6692888736724854,5.25,5.150000095367432,5.269999980926514,5.150000095367432,23581,CMBT.BR,Tanker,2026-09-22
2012-08-09,1.6692888736724854,5.25,5.25,5.28000020980835,5.170000076293945,22827,CMBT.BR,Tanker,2026-09-22
2012-08-10,1.6374925374984741,5.150000095367432,5.199999809265137,5.25,5.150000095367432,37962,CMBT.BR,Tanker,2026-09-22
2012-08-13,1.6215949058532715,5.099999904632568,5.150000095367432,5.289999961853027,5.03000020980835,23859,CMBT.BR,Tanker,2026-09-22
2012-08-14,1.656570553779602,5.210000038146973,5.150000095367432,5.269999980926514,5.150000095367432,5596,CMBT.BR,Tanker,2026-09-22
2012-08-15,1.618415117263794,5.090000152587891,5.199999809265137,5.260000228881836,5.03000020980835,9554,CMBT.BR,Tanker,2026-09-22
2012-08-16,1.6597498655319214,5.21999979019165,5.079999923706055,5.239999771118164,5.079999923706055,2873,CMBT.BR,Tanker,2026-09-22
2012-08-17,1.6692888736724854,5.25,5.199999809265137,5.25,5.099999904632568,28221,CMBT.BR,Tanker,2026-09-22
2012-08-20,1.6502115726470947,5.190000057220459,5.25,5.25,5.150000095367432,12189,CMBT.BR,Tanker,2026-09-22
2012-08-21,1.6343131065368652,5.139999866485596,5.239999771118164,5.239999771118164,5.050000190734863,9813,CMBT.BR,Tanker,2026-09-22
2012-08-22,1.618415117263794,5.090000152587891,5.059999942779541,5.159999847412109,5.050000190734863,17472,CMBT.BR,Tanker,2026-09-22
2012-08-23,1.5834397077560425,4.980000019073486,5.119999885559082,5.119999885559082,4.860000133514404,45695,CMBT.BR,Tanker,2026-09-22
2012-08-24,1.5675411224365234,4.929999828338623,4.909999847412109,4.980000019073486,4.829999923706055,19329,CMBT.BR,Tanker,2026-09-22
2012-08-27,1.5707212686538696,4.940000057220459,4.829999923706055,4.980000019073486,4.829999923706055,5785,CMBT.BR,Tanker,2026-09-22
2012-08-28,1.4880517721176147,4.679999828338623,4.980000019073486,4.980000019073486,4.599999904632568,33825,CMBT.BR,Tanker,2026-09-22
2012-08-29,1.4626151323318481,4.599999904632568,4.789999961853027,4.900000095367432,4.599999904632568,50009,CMBT.BR,Tanker,2026-09-22
2012-08-30,1.4562559127807617,4.579999923706055,4.739999771118164,4.739999771118164,4.579999923706055,22641,CMBT.BR,Tanker,2026-09-22
2012-08-31,1.4721537828445435,4.630000114440918,4.639999866485596,4.739999771118164,4.570000171661377,21534,CMBT.BR,Tanker,2026-09-22
2012-09-03,1.465794324874878,4.610000133514404,4.699999809265137,4.75,4.610000133514404,20408,CMBT.BR,Tanker,2026-09-22
2012-09-04,1.478513240814209,4.650000095367432,4.610000133514404,4.730000019073486,4.570000171661377,48929,CMBT.BR,Tanker,2026-09-22
2012-09-05,1.5611822605133057,4.909999847412109,4.650000095367432,4.920000076293945,4.579999923706055,47781,CMBT.BR,Tanker,2026-09-22
2012-09-06,1.5643621683120728,4.920000076293945,4.840000152587891,5.0,4.71999979019165,21317,CMBT.BR,Tanker,2026-09-22
2012-09-07,1.6215949058532715,5.099999904632568,4.920000076293945,5.099999904632568,4.800000190734863,40363,CMBT.BR,Tanker,2026-09-22
2012-09-10,1.5675411224365234,4.929999828338623,5.019999980926514,5.059999942779541,4.909999847412109,23313,CMBT.BR,Tanker,2026-09-22
2012-09-11,1.6088759899139404,5.059999942779541,4.960000038146973,5.070000171661377,4.840000152587891,47423,CMBT.BR,Tanker,2026-09-22
2012-09-12,1.5993376970291138,5.03000020980835,4.900000095367432,5.130000114440918,4.829999923706055,34788,CMBT.BR,Tanker,2026-09-22
2012-09-13,1.5675411224365234,4.929999828338623,4.869999885559082,5.019999980926514,4.869999885559082,6992,CMBT.BR,Tanker,2026-09-22
2012-09-14,1.5897985696792603,5.0,4.909999847412109,5.119999885559082,4.909999847412109,37363,CMBT.BR,Tanker,2026-09-22
2012-09-17,1.6406726837158203,5.159999847412109,5.079999923706055,5.159999847412109,5.059999942779541,37743,CMBT.BR,Tanker,2026-09-22
2012-09-18,1.6279540061950684,5.119999885559082,5.150000095367432,5.150000095367432,5.070000171661377,18255,CMBT.BR,Tanker,2026-09-22
2012-09-19,1.5897985696792603,5.0,5.03000020980835,5.070000171661377,4.960000038146973,17531,CMBT.BR,Tanker,2026-09-22
2012-09-20,1.5739009380340576,4.949999809265137,5.0,5.0,4.929999828338623,9890,CMBT.BR,Tanker,2026-09-22
2012-09-21,1.5166680812835693,4.769999980926514,4.949999809265137,4.949999809265137,4.760000228881836,46126,CMBT.BR,Tanker,2026-09-22
2012-09-24,1.5293866395950317,4.809999942779541,4.800000190734863,4.869999885559082,4.699999809265137,22525,CMBT.BR,Tanker,2026-09-22
2012-09-25,1.500769853591919,4.71999979019165,4.710000038146973,4.769999980926514,4.710000038146973,11441,CMBT.BR,Tanker,2026-09-22
2012-09-26,1.5389257669448853,4.840000152587891,4.710000038146973,4.860000133514404,4.699999809265137,23027,CMBT.BR,Tanker,2026-09-22
2012-09-27,1.554823398590088,4.889999866485596,4.840000152587891,4.96999979019165,4.800000190734863,20550,CMBT.BR,Tanker,2026-09-22
2012-09-28,1.580259919166565,4.96999979019165,4.96999979019165,4.96999979019165,4.840000152587891,6390,CMBT.BR,Tanker,2026-09-22
2012-10-01,1.5389257669448853,4.840000152587891,4.860000133514404,4.949999809265137,4.800000190734863,16881,CMBT.BR,Tanker,2026-09-22
2012-10-02,1.7487791776657104,5.5,5.119999885559082,5.610000133514404,5.070000171661377,218588,CMBT.BR,Tanker,2026-09-22
2012-10-03,1.6788277626037598,5.28000020980835,5.460000038146973,5.460000038146973,5.230000019073486,25305,CMBT.BR,Tanker,2026-09-22
2012-10-04,1.6851872205734253,5.300000190734863,5.400000095367432,5.400000095367432,5.230000019073486,14261,CMBT.BR,Tanker,2026-09-22
2012-10-05,1.6851872205734253,5.300000190734863,5.25,5.380000114440918,5.25,13379,CMBT.BR,Tanker,2026-09-22
2012-10-08,1.6088759899139404,5.059999942779541,5.300000190734863,5.300000190734863,5.019999980926514,25834,CMBT.BR,Tanker,2026-09-22
2012-10-09,1.5834397077560425,4.980000019073486,5.070000171661377,5.070000171661377,4.900000095367432,35510,CMBT.BR,Tanker,2026-09-22
2012-10-10,1.5866189002990723,4.989999771118164,4.949999809265137,4.989999771118164,4.849999904632568,24017,CMBT.BR,Tanker,2026-09-22
2012-10-11,1.5770806074142456,4.960000038146973,4.960000038146973,5.010000228881836,4.909999847412109,29539,CMBT.BR,Tanker,2026-09-22
2012-10-12,1.6056969165802002,5.050000190734863,4.949999809265137,5.150000095367432,4.949999809265137,74842,CMBT.BR,Tanker,2026-09-22
2012-10-15,1.5643621683120728,4.920000076293945,5.03000020980835,5.110000133514404,4.900000095367432,21198,CMBT.BR,Tanker,2026-09-22
2012-10-16,1.5897985696792603,5.0,5.0,5.050000190734863,4.929999828338623,15231,CMBT.BR,Tanker,2026-09-22
2012-10-17,1.6311334371566772,5.130000114440918,5.0,5.139999866485596,4.909999847412109,21427,CMBT.BR,Tanker,2026-09-22
2012-10-18,1.5897985696792603,5.0,5.0,5.099999904632568,4.960000038146973,29398,CMBT.BR,Tanker,2026-09-22
2012-10-19,1.545284390449524,4.860000133514404,4.940000057220459,4.980000019073486,4.860000133514404,30598,CMBT.BR,Tanker,2026-09-22
2012-10-22,1.4848724603652954,4.670000076293945,4.889999866485596,4.889999866485596,4.670000076293945,52354,CMBT.BR,Tanker,2026-09-22
2012-10-23,1.4022024869918823,4.409999847412109,4.739999771118164,4.739999771118164,4.389999866485596,73713,CMBT.BR,Tanker,2026-09-22
2012-10-24,1.4912312030792236,4.690000057220459,4.429999828338623,4.690000057220459,4.429999828338623,46109,CMBT.BR,Tanker,2026-09-22
2012-10-25,1.4244600534439087,4.480000019073486,4.75,4.78000020980835,4.460000038146973,64581,CMBT.BR,Tanker,2026-09-22
2012-10-26,1.3863047361373901,4.360000133514404,4.480000019073486,4.53000020980835,4.28000020980835,47099,CMBT.BR,Tanker,2026-09-22
2012-10-29,1.4181008338928223,4.460000038146973,4.400000095367432,4.489999771118164,4.340000152587891,24760,CMBT.BR,Tanker,2026-09-22
2012-10-30,1.4085619449615479,4.429999828338623,4.5,4.5,4.369999885559082,19897,CMBT.BR,Tanker,2026-09-22
2012-10-31,1.3513290882110596,4.25,4.460000038146973,4.489999771118164,4.21999979019165,28865,CMBT.BR,Tanker,2026-09-22
2012-11-01,1.3799455165863037,4.340000152587891,4.340000152587891,4.420000076293945,4.230000019073486,23865,CMBT.BR,Tanker,2026-09-22
2012-11-02,1.383124828338623,4.349999904632568,4.420000076293945,4.420000076293945,4.21999979019165,18521,CMBT.BR,Tanker,2026-09-22
2012-11-05,1.3672267198562622,4.300000190734863,4.269999980926514,4.409999847412109,4.25,14560,CMBT.BR,Tanker,2026-09-22
2012-11-06,1.3672267198562622,4.300000190734863,4.25,4.329999923706055,4.25,10352,CMBT.BR,Tanker,2026-09-22
2012-11-07,1.3608678579330444,4.28000020980835,4.340000152587891,4.340000152587891,4.199999809265137,36145,CMBT.BR,Tanker,2026-09-22
2012-11-08,1.3799455165863037,4.340000152587891,4.28000020980835,4.340000152587891,4.210000038146973,43316,CMBT.BR,Tanker,2026-09-22
2012-11-09,1.376765489578247,4.329999923706055,4.340000152587891,4.340000152587891,4.25,17832,CMBT.BR,Tanker,2026-09-22
2012-11-12,1.383124828338623,4.349999904632568,4.329999923706055,4.389999866485596,4.300000190734863,21814,CMBT.BR,Tanker,2026-09-22
2012-11-13,1.3513290882110596,4.25,4.329999923706055,4.329999923706055,4.199999809265137,23122,CMBT.BR,Tanker,2026-09-22
2012-11-14,1.383124828338623,4.349999904632568,4.289999961853027,4.349999904632568,4.159999847412109,39367,CMBT.BR,Tanker,2026-09-22
2012-11-15,1.3990230560302734,4.400000095367432,4.389999866485596,4.420000076293945,4.349999904632568,30169,CMBT.BR,Tanker,2026-09-22
2012-11-16,1.4467171430587769,4.550000190734863,4.400000095367432,4.650000095367432,4.400000095367432,70764,CMBT.BR,Tanker,2026-09-22
2012-11-19,1.4308189153671265,4.5,4.5,4.570000171661377,4.440000057220459,32087,CMBT.BR,Tanker,2026-09-22
2012-11-20,1.4308189153671265,4.5,4.409999847412109,4.610000133514404,4.409999847412109,30111,CMBT.BR,Tanker,2026-09-22
2012-11-21,1.468974232673645,4.619999885559082,4.5,4.679999828338623,4.5,39372,CMBT.BR,Tanker,2026-09-22
2012-11-22,1.459435224533081,4.590000152587891,4.550000190734863,4.650000095367432,4.539999961853027,17668,CMBT.BR,Tanker,2026-09-22
2012-11-23,1.4562559127807617,4.579999923706055,4.550000190734863,4.599999904632568,4.550000190734863,9337,CMBT.BR,Tanker,2026-09-22
2012-11-26,1.4244600534439087,4.480000019073486,4.510000228881836,4.559999942779541,4.480000019073486,20713,CMBT.BR,Tanker,2026-09-22
2012-11-27,1.4181008338928223,4.460000038146973,4.489999771118164,4.550000190734863,4.449999809265137,11976,CMBT.BR,Tanker,2026-09-22
2012-11-28,1.392663836479187,4.380000114440918,4.449999809265137,4.5,4.360000133514404,17633,CMBT.BR,Tanker,2026-09-22
2012-11-29,1.3672267198562622,4.300000190734863,4.349999904632568,4.349999904632568,4.25,27926,CMBT.BR,Tanker,2026-09-22
2012-11-30,1.376765489578247,4.329999923706055,4.260000228881836,4.340000152587891,4.260000228881836,70588,CMBT.BR,Tanker,2026-09-22
2012-12-03,1.3672267198562622,4.300000190734863,4.309999942779541,4.340000152587891,4.269999980926514,16327,CMBT.BR,Tanker,2026-09-22
2012-12-04,1.357688307762146,4.269999980926514,4.28000020980835,4.300000190734863,4.230000019073486,26936,CMBT.BR,Tanker,2026-09-22
2012-12-05,1.3513290882110596,4.25,4.25,4.329999923706055,4.21999979019165,37874,CMBT.BR,Tanker,2026-09-22
2012-12-06,1.357688307762146,4.269999980926514,4.25,4.300000190734863,4.239999771118164,43752,CMBT.BR,Tanker,2026-09-22
2012-12-07,1.3672267198562622,4.300000190734863,4.289999961853027,4.369999885559082,4.25,38688,CMBT.BR,Tanker,2026-09-22
2012-12-10,1.3863047361373901,4.360000133514404,4.340000152587891,4.429999828338623,4.300000190734863,8629,CMBT.BR,Tanker,2026-09-22
2012-12-11,1.392663836479187,4.380000114440918,4.340000152587891,4.429999828338623,4.340000152587891,12459,CMBT.BR,Tanker,2026-09-22
2012-12-12,1.3704065084457397,4.309999942779541,4.329999923706055,4.369999885559082,4.309999942779541,9131,CMBT.BR,Tanker,2026-09-22
2012-12-13,1.3958436250686646,4.389999866485596,4.400000095367432,4.400000095367432,4.349999904632568,24405,CMBT.BR,Tanker,2026-09-22
2012-12-14,1.4308189153671265,4.5,4.440000057220459,4.53000020980835,4.400000095367432,53015,CMBT.BR,Tanker,2026-09-22
2012-12-17,1.4562559127807617,4.579999923706055,4.53000020980835,4.590000152587891,4.489999771118164,31977,CMBT.BR,Tanker,2026-09-22
2012-12-18,1.5071289539337158,4.739999771118164,4.579999923706055,4.800000190734863,4.570000171661377,65711,CMBT.BR,Tanker,2026-09-22
2012-12-19,1.4626151323318481,4.599999904632568,4.789999961853027,4.829999923706055,4.599999904632568,44072,CMBT.BR,Tanker,2026-09-22
2012-12-20,1.4562559127807617,4.579999923706055,4.699999809265137,4.699999809265137,4.559999942779541,30767,CMBT.BR,Tanker,2026-09-22
2012-12-21,1.4626151323318481,4.599999904632568,4.559999942779541,4.630000114440918,4.53000020980835,29759,CMBT.BR,Tanker,2026-09-22
2012-12-24,1.4498963356018066,4.559999942779541,4.639999866485596,4.639999866485596,4.550000190734863,6299,CMBT.BR,Tanker,2026-09-22
2012-12-27,1.4467171430587769,4.550000190734863,4.599999904632568,4.630000114440918,4.550000190734863,20128,CMBT.BR,Tanker,2026-09-22
2012-12-28,1.4117414951324463,4.440000057220459,4.550000190734863,4.550000190734863,4.420000076293945,25487,CMBT.BR,Tanker,2026-09-22
2013-01-02,1.5198476314544678,4.78000020980835,4.579999923706055,4.880000114440918,4.550000190734863,33409,CMBT.BR,Tanker,2026-09-22
2013-01-03,1.5262068510055542,4.800000190734863,4.849999904632568,4.980000019073486,4.769999980926514,62624,CMBT.BR,Tanker,2026-09-22
2013-01-04,1.6120563745498657,5.070000171661377,4.860000133514404,5.190000057220459,4.860000133514404,110553,CMBT.BR,Tanker,2026-09-22
2013-01-07,1.6120563745498657,5.070000171661377,5.150000095367432,5.239999771118164,5.070000171661377,75416,CMBT.BR,Tanker,2026-09-22
2013-01-08,1.6215949058532715,5.099999904632568,5.050000190734863,5.150000095367432,5.050000190734863,40044,CMBT.BR,Tanker,2026-09-22
2013-01-09,1.5897985696792603,5.0,5.099999904632568,5.099999904632568,4.900000095367432,62106,CMBT.BR,Tanker,2026-09-22
2013-01-10,1.5993376970291138,5.03000020980835,4.920000076293945,5.050000190734863,4.920000076293945,27842,CMBT.BR,Tanker,2026-09-22
2013-01-11,1.5897985696792603,5.0,5.03000020980835,5.079999923706055,4.960000038146973,9642,CMBT.BR,Tanker,2026-09-22
2013-01-14,1.5739009380340576,4.949999809265137,5.0,5.010000228881836,4.900000095367432,18821,CMBT.BR,Tanker,2026-09-22
2013-01-15,1.5643621683120728,4.920000076293945,4.849999904632568,4.980000019073486,4.849999904632568,5498,CMBT.BR,Tanker,2026-09-22
2013-01-16,1.5580031871795654,4.900000095367432,4.989999771118164,5.03000020980835,4.900000095367432,56315,CMBT.BR,Tanker,2026-09-22
2013-01-17,1.5897985696792603,5.0,5.0,5.03000020980835,4.940000057220459,82781,CMBT.BR,Tanker,2026-09-22
2013-01-18,1.5866189002990723,4.989999771118164,5.0,5.03000020980835,4.949999809265137,43614,CMBT.BR,Tanker,2026-09-22
2013-01-21,1.580259919166565,4.96999979019165,5.0,5.0,4.900000095367432,29096,CMBT.BR,Tanker,2026-09-22
2013-01-22,1.5421051979064941,4.849999904632568,4.900000095367432,4.929999828338623,4.760000228881836,58366,CMBT.BR,Tanker,2026-09-22
2013-01-23,1.5230274200439453,4.789999961853027,4.800000190734863,4.849999904632568,4.650000095367432,74919,CMBT.BR,Tanker,2026-09-22
2013-01-24,1.5166680812835693,4.769999980926514,4.800000190734863,4.800000190734863,4.710000038146973,44277,CMBT.BR,Tanker,2026-09-22
2013-01-25,1.4848724603652954,4.670000076293945,4.75,4.760000228881836,4.670000076293945,64473,CMBT.BR,Tanker,2026-09-22
2013-01-28,1.4753332138061523,4.639999866485596,4.670000076293945,4.789999961853027,4.559999942779541,95541,CMBT.BR,Tanker,2026-09-22
2013-01-29,1.4308189153671265,4.5,4.630000114440918,4.630000114440918,4.460000038146973,74127,CMBT.BR,Tanker,2026-09-22
2013-01-30,1.4149210453033447,4.449999809265137,4.5,4.5,4.320000171661377,158027,CMBT.BR,Tanker,2026-09-22
2013-01-31,1.405382513999939,4.420000076293945,4.46999979019165,4.46999979019165,4.340000152587891,71210,CMBT.BR,Tanker,2026-09-22
2013-02-01,1.405382513999939,4.420000076293945,4.420000076293945,4.420000076293945,4.420000076293945,0,CMBT.BR,Tanker,2026-09-22
2013-02-04,1.405382513999939,4.420000076293945,4.420000076293945,4.420000076293945,4.420000076293945,0,CMBT.BR,Tanker,2026-09-22
2013-02-05,1.405382513999939,4.420000076293945,4.420000076293945,4.420000076293945,4.420000076293945,0,CMBT.BR,Tanker,2026-09-22
2013-02-06,1.3227125406265259,4.159999847412109,4.349999904632568,4.400000095367432,4.139999866485596,221400,CMBT.BR,Tanker,2026-09-22
2013-02-07,1.3322513103485107,4.190000057220459,4.170000076293945,4.25,4.159999847412109,70436,CMBT.BR,Tanker,2026-09-22
2013-02-08,1.3513290882110596,4.25,4.21999979019165,4.300000190734863,4.199999809265137,76557,CMBT.BR,Tanker,2026-09-22
2013-02-11,1.3163529634475708,4.139999866485596,4.25,4.289999961853027,4.119999885559082,65614,CMBT.BR,Tanker,2026-09-22
2013-02-12,1.3195334672927856,4.150000095367432,4.110000133514404,4.190000057220459,4.099999904632568,87752,CMBT.BR,Tanker,2026-09-22
2013-02-13,1.3099945783615112,4.119999885559082,4.119999885559082,4.190000057220459,4.050000190734863,108494,CMBT.BR,Tanker,2026-09-22
2013-02-14,1.3227125406265259,4.159999847412109,4.199999809265137,4.199999809265137,4.130000114440918,19445,CMBT.BR,Tanker,2026-09-22
2013-02-15,1.33543062210083,4.199999809265137,4.150000095367432,4.239999771118164,4.119999885559082,79082,CMBT.BR,Tanker,2026-09-22
2013-02-18,1.3195334672927856,4.150000095367432,4.199999809265137,4.199999809265137,4.150000095367432,8772,CMBT.BR,Tanker,2026-09-22
2013-02-19,1.306814432144165,4.110000133514404,4.170000076293945,4.190000057220459,4.110000133514404,25477,CMBT.BR,Tanker,2026-09-22
2013-02-20,1.2909168004989624,4.059999942779541,4.179999828338623,4.179999828338623,4.059999942779541,26124,CMBT.BR,Tanker,2026-09-22
2013-02-21,1.2750188112258911,4.010000228881836,4.079999923706055,4.079999923706055,4.010000228881836,53759,CMBT.BR,Tanker,2026-09-22
2013-02-22,1.2400429248809814,3.9000000953674316,4.0,4.0,3.8499999046325684,88188,CMBT.BR,Tanker,2026-09-22
2013-02-25,1.2686594724655151,3.990000009536743,3.950000047683716,4.079999923706055,3.9000000953674316,116958,CMBT.BR,Tanker,2026-09-22
2013-02-26,1.2400429248809814,3.9000000953674316,3.9800000190734863,3.9800000190734863,3.869999885559082,31557,CMBT.BR,Tanker,2026-09-22
2013-02-27,1.230504035949707,3.869999885559082,3.9200000762939453,3.950000047683716,3.8499999046325684,35423,CMBT.BR,Tanker,2026-09-22
2013-02-28,1.2400429248809814,3.9000000953674316,3.9000000953674316,3.930000066757202,3.859999895095825,32018,CMBT.BR,Tanker,2026-09-22
2013-03-01,1.2241454124450684,3.8499999046325684,3.880000114440918,3.9000000953674316,3.819999933242798,44768,CMBT.BR,Tanker,2026-09-22
2013-03-04,1.2050676345825195,3.7899999618530273,3.8499999046325684,3.950000047683716,3.7899999618530273,57315,CMBT.BR,Tanker,2026-09-22
2013-03-05,1.2177859544754028,3.8299999237060547,3.799999952316284,3.880000114440918,3.75,61394,CMBT.BR,Tanker,2026-09-22
2013-03-06,1.2209653854370117,3.8399999141693115,3.9000000953674316,3.930000066757202,3.819999933242798,21964,CMBT.BR,Tanker,2026-09-22
2013-03-07,1.1446551084518433,3.5999999046325684,3.890000104904175,3.890000104904175,3.509999990463257,199323,CMBT.BR,Tanker,2026-09-22
2013-03-08,1.170091986656189,3.680000066757202,3.700000047683716,3.700000047683716,3.5999999046325684,67927,CMBT.BR,Tanker,2026-09-22
2013-03-11,1.1605533361434937,3.6500000953674316,3.700000047683716,3.740000009536743,3.619999885559082,62432,CMBT.BR,Tanker,2026-09-22
2013-03-12,1.1446551084518433,3.5999999046325684,3.6500000953674316,3.680000066757202,3.549999952316284,96253,CMBT.BR,Tanker,2026-09-22
2013-03-13,1.1541941165924072,3.630000114440918,3.630000114440918,3.630000114440918,3.5399999618530273,47221,CMBT.BR,Tanker,2026-09-22
2013-03-14,1.151013970375061,3.619999885559082,3.559999942779541,3.6600000858306885,3.559999942779541,31539,CMBT.BR,Tanker,2026-09-22
2013-03-15,1.1923489570617676,3.75,3.6500000953674316,3.7899999618530273,3.619999885559082,59030,CMBT.BR,Tanker,2026-09-22
2013-03-18,1.1955288648605347,3.759999990463257,3.740000009536743,3.7899999618530273,3.6700000762939453,28381,CMBT.BR,Tanker,2026-09-22
2013-03-19,1.1478348970413208,3.609999895095825,3.759999990463257,3.759999990463257,3.609999895095825,27166,CMBT.BR,Tanker,2026-09-22
2013-03-20,1.128757357597351,3.549999952316284,3.5999999046325684,3.5999999046325684,3.5199999809265137,131392,CMBT.BR,Tanker,2026-09-22
2013-03-21,1.128757357597351,3.549999952316284,3.5799999237060547,3.630000114440918,3.5299999713897705,44997,CMBT.BR,Tanker,2026-09-22
2013-03-22,1.119218349456787,3.5199999809265137,3.640000104904175,3.640000104904175,3.359999895095825,98821,CMBT.BR,Tanker,2026-09-22
2013-03-25,1.0969610214233398,3.450000047683716,3.5399999618530273,3.5399999618530273,3.4000000953674316,62981,CMBT.BR,Tanker,2026-09-22
2013-03-26,1.0969610214233398,3.450000047683716,3.430000066757202,3.490000009536743,3.4000000953674316,37539,CMBT.BR,Tanker,2026-09-22
2013-03-27,1.09378182888031,3.440000057220459,3.450000047683716,3.4700000286102295,3.390000104904175,39635,CMBT.BR,Tanker,2026-09-22
2013-03-28,1.1065000295639038,3.4800000190734863,3.4100000858306885,3.4800000190734863,3.4100000858306885,25817,CMBT.BR,Tanker,2026-09-22
2013-04-02,1.0810636281967163,3.4000000953674316,3.5,3.5299999713897705,3.4000000953674316,11732,CMBT.BR,Tanker,2026-09-22
2013-04-03,1.0651651620864868,3.3499999046325684,3.440000057220459,3.440000057220459,3.319999933242798,23792,CMBT.BR,Tanker,2026-09-22
2013-04-04,1.0683449506759644,3.359999895095825,3.4000000953674316,3.4200000762939453,3.3499999046325684,10306,CMBT.BR,Tanker,2026-09-22
2013-04-05,1.0683449506759644,3.359999895095825,3.4000000953674316,3.4200000762939453,3.309999942779541,14609,CMBT.BR,Tanker,2026-09-22
2013-04-08,1.055626392364502,3.319999933242798,3.359999895095825,3.380000114440918,3.319999933242798,22357,CMBT.BR,Tanker,2026-09-22
2013-04-09,1.023830533027649,3.2200000286102295,3.3299999237060547,3.369999885559082,3.2200000286102295,130178,CMBT.BR,Tanker,2026-09-22
2013-04-10,1.0492671728134155,3.299999952316284,3.2200000286102295,3.309999942779541,3.069999933242798,104545,CMBT.BR,Tanker,2026-09-22
2013-04-11,1.055626392364502,3.319999933242798,3.4000000953674316,3.4000000953674316,3.200000047683716,58512,CMBT.BR,Tanker,2026-09-22
2013-04-12,1.0301897525787354,3.240000009536743,3.3499999046325684,3.390000104904175,3.240000009536743,16750,CMBT.BR,Tanker,2026-09-22
2013-04-15,1.017471432685852,3.200000047683716,3.2200000286102295,3.299999952316284,3.200000047683716,13470,CMBT.BR,Tanker,2026-09-22
2013-04-16,1.0047528743743896,3.1600000858306885,3.200000047683716,3.2200000286102295,3.0999999046325684,28885,CMBT.BR,Tanker,2026-09-22
2013-04-17,1.0047528743743896,3.1600000858306885,3.1700000762939453,3.3499999046325684,3.1600000858306885,47837,CMBT.BR,Tanker,2026-09-22
2013-04-18,1.0142916440963745,3.190000057220459,3.180000066757202,3.25,3.0999999046325684,37902,CMBT.BR,Tanker,2026-09-22
2013-04-19,0.9952142834663391,3.130000114440918,3.1500000953674316,3.200000047683716,3.0999999046325684,12895,CMBT.BR,Tanker,2026-09-22
2013-04-22,1.0301897525787354,3.240000009536743,3.130000114440918,3.319999933242798,3.130000114440918,26672,CMBT.BR,Tanker,2026-09-22
2013-04-23,0.9888549447059631,3.109999895095825,3.200000047683716,3.25,3.0999999046325684,48568,CMBT.BR,Tanker,2026-09-22
2013-04-24,0.9888549447059631,3.109999895095825,3.1500000953674316,3.200000047683716,3.0999999046325684,19924,CMBT.BR,Tanker,2026-09-22
2013-04-25,0.9952142834663391,3.130000114440918,3.109999895095825,3.1700000762939453,3.0899999141693115,12704,CMBT.BR,Tanker,2026-09-22
2013-04-26,0.9793160557746887,3.0799999237060547,3.109999895095825,3.140000104904175,3.049999952316284,28892,CMBT.BR,Tanker,2026-09-22
2013-04-29,0.9697771668434143,3.049999952316284,3.0899999141693115,3.119999885559082,3.0199999809265137,33371,CMBT.BR,Tanker,2026-09-22
2013-04-30,0.9697771668434143,3.049999952316284,3.0799999237060547,3.1500000953674316,3.0399999618530273,39336,CMBT.BR,Tanker,2026-09-22
2013-05-02,1.0015735626220703,3.1500000953674316,3.059999942779541,3.1500000953674316,3.059999942779541,11732,CMBT.BR,Tanker,2026-09-22
2013-05-03,1.0111119747161865,3.180000066757202,3.180000066757202,3.180000066757202,3.069999933242798,40514,CMBT.BR,Tanker,2026-09-22
2013-05-06,1.0906022787094116,3.430000066757202,3.200000047683716,3.4600000381469727,3.200000047683716,57035,CMBT.BR,Tanker,2026-09-22
2013-05-07,1.128757357597351,3.549999952316284,3.440000057220459,3.680000066757202,3.430000066757202,164695,CMBT.BR,Tanker,2026-09-22
2013-05-08,1.230504035949707,3.869999885559082,3.6500000953674316,3.869999885559082,3.5299999713897705,117573,CMBT.BR,Tanker,2026-09-22
2013-05-09,1.3481497764587402,4.239999771118164,3.9000000953674316,4.239999771118164,3.880000114440918,217672,CMBT.BR,Tanker,2026-09-22
2013-05-10,1.3163529634475708,4.139999866485596,4.269999980926514,4.300000190734863,3.869999885559082,194324,CMBT.BR,Tanker,2026-09-22
2013-05-13,1.2718391418457031,4.0,4.099999904632568,4.099999904632568,3.950000047683716,48263,CMBT.BR,Tanker,2026-09-22
2013-05-14,1.2877373695373535,4.050000190734863,4.090000152587891,4.099999904632568,4.050000190734863,22768,CMBT.BR,Tanker,2026-09-22
2013-05-15,1.3163529634475708,4.139999866485596,4.150000095367432,4.150000095367432,4.059999942779541,39048,CMBT.BR,Tanker,2026-09-22
2013-05-16,1.3195334672927856,4.150000095367432,4.139999866485596,4.179999828338623,4.059999942779541,80015,CMBT.BR,Tanker,2026-09-22
2013-05-17,1.3004555702209473,4.090000152587891,4.150000095367432,4.199999809265137,4.090000152587891,47760,CMBT.BR,Tanker,2026-09-22
2013-05-20,1.3099945783615112,4.119999885559082,4.119999885559082,4.150000095367432,4.119999885559082,4946,CMBT.BR,Tanker,2026-09-22
2013-05-21,1.3036351203918457,4.099999904632568,4.099999904632568,4.199999809265137,4.050000190734863,44066,CMBT.BR,Tanker,2026-09-22
2013-05-22,1.3163529634475708,4.139999866485596,4.199999809265137,4.199999809265137,4.119999885559082,15081,CMBT.BR,Tanker,2026-09-22
2013-05-23,1.2877373695373535,4.050000190734863,4.179999828338623,4.179999828338623,4.050000190734863,30159,CMBT.BR,Tanker,2026-09-22
2013-05-24,1.3004555702209473,4.090000152587891,4.050000190734863,4.119999885559082,4.050000190734863,23666,CMBT.BR,Tanker,2026-09-22
2013-05-27,1.3227125406265259,4.159999847412109,4.099999904632568,4.199999809265137,4.099999904632568,36612,CMBT.BR,Tanker,2026-09-22
2013-05-28,1.3290717601776123,4.179999828338623,4.199999809265137,4.210000038146973,4.119999885559082,28713,CMBT.BR,Tanker,2026-09-22
2013-05-29,1.3481497764587402,4.239999771118164,4.179999828338623,4.239999771118164,4.110000133514404,25460,CMBT.BR,Tanker,2026-09-22
2013-05-30,1.306814432144165,4.110000133514404,4.230000019073486,4.230000019073486,4.110000133514404,25576,CMBT.BR,Tanker,2026-09-22
2013-05-31,1.33543062210083,4.199999809265137,4.110000133514404,4.199999809265137,4.059999942779541,59704,CMBT.BR,Tanker,2026-09-22
2013-06-03,1.3099945783615112,4.119999885559082,4.25,4.269999980926514,4.110000133514404,15386,CMBT.BR,Tanker,2026-09-22
2013-06-04,1.3417901992797852,4.21999979019165,4.170000076293945,4.21999979019165,4.119999885559082,58541,CMBT.BR,Tanker,2026-09-22
2013-06-05,1.33543062210083,4.199999809265137,4.260000228881836,4.260000228881836,4.170000076293945,34229,CMBT.BR,Tanker,2026-09-22
2013-06-06,1.3322513103485107,4.190000057220459,4.21999979019165,4.21999979019165,4.179999828338623,12029,CMBT.BR,Tanker,2026-09-22
2013-06-07,1.3417901992797852,4.21999979019165,4.190000057220459,4.25,4.170000076293945,21131,CMBT.BR,Tanker,2026-09-22
2013-06-10,1.3449698686599731,4.230000019073486,4.210000038146973,4.289999961853027,4.210000038146973,28684,CMBT.BR,Tanker,2026-09-22
2013-06-11,1.3099945783615112,4.119999885559082,4.230000019073486,4.230000019073486,4.119999885559082,43349,CMBT.BR,Tanker,2026-09-22
2013-06-12,1.3036351203918457,4.099999904632568,4.119999885559082,4.210000038146973,4.090000152587891,39872,CMBT.BR,Tanker,2026-09-22
2013-06-13,1.3036351203918457,4.099999904632568,4.099999904632568,4.150000095367432,4.070000171661377,40066,CMBT.BR,Tanker,2026-09-22
2013-06-14,1.313173532485962,4.130000114440918,4.150000095367432,4.150000095367432,4.090000152587891,11641,CMBT.BR,Tanker,2026-09-22
2013-06-17,1.3481497764587402,4.239999771118164,4.150000095367432,4.239999771118164,4.079999923706055,23747,CMBT.BR,Tanker,2026-09-22
2013-06-18,1.3322513103485107,4.190000057220459,4.21999979019165,4.21999979019165,4.159999847412109,14673,CMBT.BR,Tanker,2026-09-22
2013-06-19,1.3004555702209473,4.090000152587891,4.21999979019165,4.21999979019165,4.079999923706055,26214,CMBT.BR,Tanker,2026-09-22
2013-06-20,1.2591207027435303,3.9600000381469727,4.170000076293945,4.170000076293945,3.859999895095825,119080,CMBT.BR,Tanker,2026-09-22
2013-06-21,1.2114266157150269,3.809999942779541,3.9800000190734863,3.9800000190734863,3.809999942779541,68708,CMBT.BR,Tanker,2026-09-22
2013-06-24,1.1637327671051025,3.6600000858306885,3.799999952316284,3.940000057220459,3.5,103461,CMBT.BR,Tanker,2026-09-22
2013-06-25,1.1955288648605347,3.759999990463257,3.75,3.7899999618530273,3.5799999237060547,77086,CMBT.BR,Tanker,2026-09-22
2013-06-26,1.2114266157150269,3.809999942779541,3.940000057220459,3.940000057220459,3.7200000286102295,45764,CMBT.BR,Tanker,2026-09-22
2013-06-27,1.2018882036209106,3.7799999713897705,3.700000047683716,3.8499999046325684,3.700000047683716,23393,CMBT.BR,Tanker,2026-09-22
2013-06-28,1.1923489570617676,3.75,3.799999952316284,3.8499999046325684,3.75,26958,CMBT.BR,Tanker,2026-09-22
2013-07-01,1.1859900951385498,3.7300000190734863,3.75,3.819999933242798,3.700000047683716,42819,CMBT.BR,Tanker,2026-09-22
2013-07-02,1.170091986656189,3.680000066757202,3.7300000190734863,3.7899999618530273,3.680000066757202,21319,CMBT.BR,Tanker,2026-09-22
2013-07-03,1.151013970375061,3.619999885559082,3.6500000953674316,3.759999990463257,3.549999952316284,58890,CMBT.BR,Tanker,2026-09-22
2013-07-04,1.1669124364852905,3.6700000762939453,3.630000114440918,3.8499999046325684,3.5899999141693115,106206,CMBT.BR,Tanker,2026-09-22
2013-07-05,1.1764509677886963,3.700000047683716,3.640000104904175,3.740000009536743,3.640000104904175,14016,CMBT.BR,Tanker,2026-09-22
2013-07-08,1.1923489570617676,3.75,3.6600000858306885,3.799999952316284,3.6600000858306885,62771,CMBT.BR,Tanker,2026-09-22
2013-07-09,1.198708415031433,3.7699999809265137,3.8399999141693115,3.8499999046325684,3.75,20378,CMBT.BR,Tanker,2026-09-22
2013-07-10,1.2273248434066772,3.859999895095825,3.930000066757202,3.930000066757202,3.7899999618530273,24662,CMBT.BR,Tanker,2026-09-22
2013-07-11,1.3004555702209473,4.090000152587891,3.930000066757202,4.090000152587891,3.9200000762939453,30947,CMBT.BR,Tanker,2026-09-22
2013-07-12,1.2877373695373535,4.050000190734863,4.099999904632568,4.099999904632568,4.019999980926514,16646,CMBT.BR,Tanker,2026-09-22
2013-07-15,1.306814432144165,4.110000133514404,4.090000152587891,4.159999847412109,4.039999961853027,134669,CMBT.BR,Tanker,2026-09-22
2013-07-16,1.2877373695373535,4.050000190734863,4.099999904632568,4.110000133514404,4.010000228881836,10558,CMBT.BR,Tanker,2026-09-22
2013-07-17,1.1955288648605347,3.759999990463257,3.8299999237060547,3.940000057220459,3.7200000286102295,84157,CMBT.BR,Tanker,2026-09-22
2013-07-18,1.2114266157150269,3.809999942779541,3.8399999141693115,3.8499999046325684,3.7899999618530273,14593,CMBT.BR,Tanker,2026-09-22
2013-07-19,1.2273248434066772,3.859999895095825,3.759999990463257,3.859999895095825,3.75,8821,CMBT.BR,Tanker,2026-09-22
2013-07-22,1.1923489570617676,3.75,3.869999885559082,3.869999885559082,3.75,13604,CMBT.BR,Tanker,2026-09-22
2013-07-23,1.1828104257583618,3.7200000286102295,3.799999952316284,3.8299999237060547,3.7200000286102295,28119,CMBT.BR,Tanker,2026-09-22
2013-07-24,1.170091986656189,3.680000066757202,3.7200000286102295,3.7300000190734863,3.609999895095825,52911,CMBT.BR,Tanker,2026-09-22
2013-07-25,1.151013970375061,3.619999885559082,3.680000066757202,3.680000066757202,3.559999942779541,32358,CMBT.BR,Tanker,2026-09-22
2013-07-26,1.1764509677886963,3.700000047683716,3.630000114440918,3.7100000381469727,3.619999885559082,17185,CMBT.BR,Tanker,2026-09-22
2013-07-29,1.1446551084518433,3.5999999046325684,3.619999885559082,3.680000066757202,3.5999999046325684,17117,CMBT.BR,Tanker,2026-09-22
2013-07-30,1.1478348970413208,3.609999895095825,3.619999885559082,3.7300000190734863,3.569999933242798,63981,CMBT.BR,Tanker,2026-09-22
2013-07-31,1.1764509677886963,3.700000047683716,3.7200000286102295,3.7200000286102295,3.6600000858306885,54587,CMBT.BR,Tanker,2026-09-22
2013-08-01,1.1669124364852905,3.6700000762939453,3.700000047683716,3.75,3.6700000762939453,19889,CMBT.BR,Tanker,2026-09-22
2013-08-02,1.1764509677886963,3.700000047683716,3.75,3.75,3.690000057220459,9032,CMBT.BR,Tanker,2026-09-22
2013-08-05,1.1732714176177979,3.690000057220459,3.740000009536743,3.75,3.690000057220459,19576,CMBT.BR,Tanker,2026-09-22
2013-08-06,1.2050676345825195,3.7899999618530273,3.799999952316284,3.799999952316284,3.6600000858306885,12314,CMBT.BR,Tanker,2026-09-22
2013-08-07,1.1828104257583618,3.7200000286102295,3.700000047683716,3.7699999809265137,3.680000066757202,16576,CMBT.BR,Tanker,2026-09-22
2013-08-08,1.236863374710083,3.890000104904175,3.7799999713897705,3.890000104904175,3.7100000381469727,32918,CMBT.BR,Tanker,2026-09-22
2013-08-09,1.2146061658859253,3.819999933242798,3.890000104904175,3.9200000762939453,3.809999942779541,18169,CMBT.BR,Tanker,2026-09-22
2013-08-12,1.2718391418457031,4.0,3.9000000953674316,4.050000190734863,3.9000000953674316,55888,CMBT.BR,Tanker,2026-09-22
2013-08-13,1.2718391418457031,4.0,4.039999961853027,4.150000095367432,3.950000047683716,100063,CMBT.BR,Tanker,2026-09-22
2013-08-14,1.2654801607131958,3.9800000190734863,4.0,4.039999961853027,3.9000000953674316,39106,CMBT.BR,Tanker,2026-09-22
2013-08-15,1.2718391418457031,4.0,4.0,4.010000228881836,3.9200000762939453,39951,CMBT.BR,Tanker,2026-09-22
2013-08-16,1.246402382850647,3.9200000762939453,3.990000009536743,4.0,3.9100000858306885,21676,CMBT.BR,Tanker,2026-09-22
2013-08-19,1.3004555702209473,4.090000152587891,4.0,4.090000152587891,4.0,40087,CMBT.BR,Tanker,2026-09-22
2013-08-20,1.2877373695373535,4.050000190734863,4.090000152587891,4.090000152587891,3.9600000381469727,22433,CMBT.BR,Tanker,2026-09-22
2013-08-21,1.3004555702209473,4.090000152587891,4.050000190734863,4.099999904632568,3.9700000286102295,98885,CMBT.BR,Tanker,2026-09-22
2013-08-22,1.3258923292160034,4.170000076293945,4.090000152587891,4.170000076293945,4.039999961853027,58217,CMBT.BR,Tanker,2026-09-22
2013-08-23,1.4181008338928223,4.460000038146973,4.199999809265137,4.570000171661377,4.199999809265137,239124,CMBT.BR,Tanker,2026-09-22
2013-08-26,1.3990230560302734,4.400000095367432,4.510000228881836,4.539999961853027,4.260000228881836,73561,CMBT.BR,Tanker,2026-09-22
2013-08-27,1.3863047361373901,4.360000133514404,4.440000057220459,4.440000057220459,4.260000228881836,37438,CMBT.BR,Tanker,2026-09-22
2013-08-28,1.3481497764587402,4.239999771118164,4.269999980926514,4.340000152587891,4.130000114440918,41230,CMBT.BR,Tanker,2026-09-22
2013-08-29,1.3227125406265259,4.159999847412109,4.230000019073486,4.230000019073486,4.159999847412109,14860,CMBT.BR,Tanker,2026-09-22
2013-08-30,1.3258923292160034,4.170000076293945,4.159999847412109,4.179999828338623,4.130000114440918,15552,CMBT.BR,Tanker,2026-09-22
2013-09-02,1.3195334672927856,4.150000095367432,4.170000076293945,4.199999809265137,4.150000095367432,7809,CMBT.BR,Tanker,2026-09-22
2013-09-03,1.3163529634475708,4.139999866485596,4.199999809265137,4.199999809265137,4.119999885559082,14919,CMBT.BR,Tanker,2026-09-22
2013-09-04,1.3195334672927856,4.150000095367432,4.230000019073486,4.230000019073486,4.119999885559082,31142,CMBT.BR,Tanker,2026-09-22
2013-09-05,1.33543062210083,4.199999809265137,4.230000019073486,4.239999771118164,4.119999885559082,15465,CMBT.BR,Tanker,2026-09-22
2013-09-06,1.3863047361373901,4.360000133514404,4.210000038146973,4.400000095367432,4.139999866485596,94188,CMBT.BR,Tanker,2026-09-22
2013-09-09,1.3672267198562622,4.300000190734863,4.300000190734863,4.460000038146973,4.269999980926514,71449,CMBT.BR,Tanker,2026-09-22
2013-09-10,1.4308189153671265,4.5,4.320000171661377,4.539999961853027,4.320000171661377,106091,CMBT.BR,Tanker,2026-09-22
2013-09-11,1.478513240814209,4.650000095367432,4.489999771118164,4.650000095367432,4.489999771118164,130266,CMBT.BR,Tanker,2026-09-22
2013-09-12,1.478513240814209,4.650000095367432,4.670000076293945,4.670000076293945,4.599999904632568,34491,CMBT.BR,Tanker,2026-09-22
2013-09-13,1.4626151323318481,4.599999904632568,4.690000057220459,4.690000057220459,4.550000190734863,19283,CMBT.BR,Tanker,2026-09-22
2013-09-16,1.4403579235076904,4.53000020980835,4.610000133514404,4.659999847412109,4.53000020980835,27580,CMBT.BR,Tanker,2026-09-22
2013-09-17,1.4626151323318481,4.599999904632568,4.53000020980835,4.599999904632568,4.409999847412109,64183,CMBT.BR,Tanker,2026-09-22
2013-09-18,1.4626151323318481,4.599999904632568,4.599999904632568,4.639999866485596,4.489999771118164,19456,CMBT.BR,Tanker,2026-09-22
2013-09-19,1.4435373544692993,4.539999961853027,4.599999904632568,4.599999904632568,4.519999980926514,31686,CMBT.BR,Tanker,2026-09-22
2013-09-20,1.4403579235076904,4.53000020980835,4.5,4.630000114440918,4.5,44669,CMBT.BR,Tanker,2026-09-22
2013-09-23,1.468974232673645,4.619999885559082,4.610000133514404,4.769999980926514,4.570000171661377,95079,CMBT.BR,Tanker,2026-09-22
2013-09-24,1.4149210453033447,4.449999809265137,4.699999809265137,4.739999771118164,4.449999809265137,181448,CMBT.BR,Tanker,2026-09-22
2013-09-25,1.4530760049819946,4.570000171661377,4.480000019073486,4.690000057220459,4.449999809265137,42496,CMBT.BR,Tanker,2026-09-22
2013-09-26,1.5293866395950317,4.809999942779541,4.519999980926514,4.820000171661377,4.519999980926514,50060,CMBT.BR,Tanker,2026-09-22
2013-09-27,1.5262068510055542,4.800000190734863,4.829999923706055,4.840000152587891,4.699999809265137,48212,CMBT.BR,Tanker,2026-09-22
2013-09-30,1.5293866395950317,4.809999942779541,4.840000152587891,4.840000152587891,4.710000038146973,30685,CMBT.BR,Tanker,2026-09-22
2013-10-01,1.5198476314544678,4.78000020980835,4.710000038146973,4.800000190734863,4.710000038146973,16320,CMBT.BR,Tanker,2026-09-22
2013-10-02,1.5230274200439453,4.789999961853027,4.78000020980835,4.789999961853027,4.599999904632568,41726,CMBT.BR,Tanker,2026-09-22
2013-10-03,1.5134886503219604,4.760000228881836,4.789999961853027,4.789999961853027,4.75,20912,CMBT.BR,Tanker,2026-09-22
2013-10-04,1.4944108724594116,4.699999809265137,4.71999979019165,4.760000228881836,4.699999809265137,21121,CMBT.BR,Tanker,2026-09-22
2013-10-07,1.4944108724594116,4.699999809265137,4.699999809265137,4.75,4.679999828338623,5727,CMBT.BR,Tanker,2026-09-22
2013-10-08,1.459435224533081,4.590000152587891,4.699999809265137,4.730000019073486,4.579999923706055,33931,CMBT.BR,Tanker,2026-09-22
2013-10-09,1.5103087425231934,4.75,4.590000152587891,4.769999980926514,4.590000152587891,21759,CMBT.BR,Tanker,2026-09-22
2013-10-10,1.5325663089752197,4.820000171661377,4.710000038146973,4.820000171661377,4.710000038146973,384057,CMBT.BR,Tanker,2026-09-22
2013-10-11,1.5198476314544678,4.78000020980835,4.820000171661377,4.869999885559082,4.760000228881836,69363,CMBT.BR,Tanker,2026-09-22
2013-10-14,1.4912312030792236,4.690000057220459,4.75,4.849999904632568,4.690000057220459,126575,CMBT.BR,Tanker,2026-09-22
2013-10-15,1.4626151323318481,4.599999904632568,4.75,4.820000171661377,4.599999904632568,76106,CMBT.BR,Tanker,2026-09-22
2013-10-16,1.5230274200439453,4.789999961853027,4.75,4.820000171661377,4.75,184922,CMBT.BR,Tanker,2026-09-22
2013-10-17,1.5325663089752197,4.820000171661377,4.820000171661377,4.820000171661377,4.730000019073486,119775,CMBT.BR,Tanker,2026-09-22
2013-10-18,1.5739009380340576,4.949999809265137,4.820000171661377,4.949999809265137,4.800000190734863,196671,CMBT.BR,Tanker,2026-09-22
2013-10-21,1.6056969165802002,5.050000190734863,5.0,5.119999885559082,4.96999979019165,85297,CMBT.BR,Tanker,2026-09-22
2013-10-22,1.6088759899139404,5.059999942779541,5.099999904632568,5.150000095367432,5.0,136889,CMBT.BR,Tanker,2026-09-22
2013-10-23,1.6311334371566772,5.130000114440918,5.070000171661377,5.150000095367432,5.070000171661377,43308,CMBT.BR,Tanker,2026-09-22
2013-10-24,1.6374925374984741,5.150000095367432,5.139999866485596,5.230000019073486,5.130000114440918,58665,CMBT.BR,Tanker,2026-09-22
2013-10-25,1.6406726837158203,5.159999847412109,5.170000076293945,5.170000076293945,5.099999904632568,85477,CMBT.BR,Tanker,2026-09-22
2013-10-28,1.6311334371566772,5.130000114440918,5.159999847412109,5.179999828338623,5.099999904632568,25127,CMBT.BR,Tanker,2026-09-22
2013-10-29,1.6311334371566772,5.130000114440918,5.099999904632568,5.130000114440918,5.070000171661377,48273,CMBT.BR,Tanker,2026-09-22
2013-10-30,1.6406726837158203,5.159999847412109,5.170000076293945,5.170000076293945,5.050000190734863,119834,CMBT.BR,Tanker,2026-09-22
2013-10-31,1.6470311880111694,5.179999828338623,5.170000076293945,5.179999828338623,5.139999866485596,9919,CMBT.BR,Tanker,2026-09-22
2013-11-01,1.653390645980835,5.199999809265137,5.179999828338623,5.199999809265137,5.150000095367432,18471,CMBT.BR,Tanker,2026-09-22
2013-11-04,1.6088759899139404,5.059999942779541,5.179999828338623,5.179999828338623,5.050000190734863,63638,CMBT.BR,Tanker,2026-09-22
2013-11-05,1.624774694442749,5.110000133514404,5.050000190734863,5.139999866485596,5.050000190734863,157919,CMBT.BR,Tanker,2026-09-22
2013-11-06,1.6470311880111694,5.179999828338623,5.130000114440918,5.25,5.130000114440918,97897,CMBT.BR,Tanker,2026-09-22
2013-11-07,1.6502115726470947,5.190000057220459,5.21999979019165,5.21999979019165,5.099999904632568,149304,CMBT.BR,Tanker,2026-09-22
2013-11-08,1.7487791776657104,5.5,5.150000095367432,5.519999980926514,5.150000095367432,221820,CMBT.BR,Tanker,2026-09-22
2013-11-11,1.7869340181350708,5.619999885559082,5.5,5.639999866485596,5.5,49662,CMBT.BR,Tanker,2026-09-22
2013-11-12,1.7169826030731201,5.400000095367432,5.550000190734863,5.550000190734863,5.300000190734863,78229,CMBT.BR,Tanker,2026-09-22
2013-11-13,1.7233421802520752,5.420000076293945,5.489999771118164,5.489999771118164,5.210000038146973,89536,CMBT.BR,Tanker,2026-09-22
2013-11-14,1.7074437141418457,5.369999885559082,5.420000076293945,5.539999961853027,5.25,79110,CMBT.BR,Tanker,2026-09-22
2013-11-15,1.6788277626037598,5.28000020980835,5.300000190734863,5.380000114440918,5.260000228881836,16872,CMBT.BR,Tanker,2026-09-22
2013-11-18,1.6629297733306885,5.230000019073486,5.28000020980835,5.360000133514404,5.199999809265137,40471,CMBT.BR,Tanker,2026-09-22
2013-11-19,1.6215949058532715,5.099999904632568,5.25,5.25,5.039999961853027,78938,CMBT.BR,Tanker,2026-09-22
2013-11-20,1.6215949058532715,5.099999904632568,5.079999923706055,5.150000095367432,5.010000228881836,37293,CMBT.BR,Tanker,2026-09-22
2013-11-21,1.6056969165802002,5.050000190734863,5.099999904632568,5.099999904632568,5.019999980926514,75882,CMBT.BR,Tanker,2026-09-22
2013-11-22,1.6215949058532715,5.099999904632568,5.019999980926514,5.099999904632568,5.019999980926514,74192,CMBT.BR,Tanker,2026-09-22
2013-11-25,1.6311334371566772,5.130000114440918,5.110000133514404,5.199999809265137,5.099999904632568,101830,CMBT.BR,Tanker,2026-09-22
2013-11-26,1.5643621683120728,4.920000076293945,5.130000114440918,5.139999866485596,4.920000076293945,203926,CMBT.BR,Tanker,2026-09-22
2013-11-27,1.6343131065368652,5.139999866485596,4.949999809265137,5.159999847412109,4.949999809265137,151250,CMBT.BR,Tanker,2026-09-22
2013-11-28,1.7328810691833496,5.449999809265137,5.25,5.5,5.199999809265137,157093,CMBT.BR,Tanker,2026-09-22
2013-11-29,1.9713506698608398,6.199999809265137,5.510000228881836,6.389999866485596,5.510000228881836,505340,CMBT.BR,Tanker,2026-09-22
2013-12-02,2.0508406162261963,6.449999809265137,6.199999809265137,6.460000038146973,6.099999904632568,248609,CMBT.BR,Tanker,2026-09-22
2013-12-03,1.9999663829803467,6.289999961853027,6.400000095367432,6.5,6.119999885559082,143489,CMBT.BR,Tanker,2026-09-22
2013-12-04,2.0444812774658203,6.429999828338623,6.199999809265137,6.440000057220459,6.199999809265137,96483,CMBT.BR,Tanker,2026-09-22
2013-12-05,2.0317628383636475,6.389999866485596,6.449999809265137,6.449999809265137,6.349999904632568,42513,CMBT.BR,Tanker,2026-09-22
2013-12-06,2.019045114517212,6.349999904632568,6.389999866485596,6.389999866485596,6.300000190734863,83147,CMBT.BR,Tanker,2026-09-22
2013-12-09,1.9618115425109863,6.170000076293945,6.349999904632568,6.349999904632568,6.170000076293945,65833,CMBT.BR,Tanker,2026-09-22
2013-12-10,1.9363750219345093,6.090000152587891,6.190000057220459,6.329999923706055,6.079999923706055,124256,CMBT.BR,Tanker,2026-09-22
2013-12-11,1.9236568212509155,6.050000190734863,6.050000190734863,6.179999828338623,6.039999961853027,141136,CMBT.BR,Tanker,2026-09-22
2013-12-12,1.9331954717636108,6.079999923706055,6.050000190734863,6.099999904632568,5.75,127556,CMBT.BR,Tanker,2026-09-22
2013-12-13,1.9109381437301636,6.010000228881836,6.0,6.090000152587891,5.900000095367432,65148,CMBT.BR,Tanker,2026-09-22
2013-12-16,1.9300158023834229,6.070000171661377,6.050000190734863,6.130000114440918,5.960000038146973,111846,CMBT.BR,Tanker,2026-09-22
2013-12-17,1.9554529190063477,6.150000095367432,6.070000171661377,6.210000038146973,6.0,56399,CMBT.BR,Tanker,2026-09-22
2013-12-18,1.964991569519043,6.179999828338623,6.190000057220459,6.230000019073486,6.110000133514404,123461,CMBT.BR,Tanker,2026-09-22
2013-12-19,2.028583288192749,6.380000114440918,6.199999809265137,6.400000095367432,6.170000076293945,139809,CMBT.BR,Tanker,2026-09-22
2013-12-20,2.104893445968628,6.619999885559082,6.400000095367432,6.619999885559082,6.389999866485596,121685,CMBT.BR,Tanker,2026-09-22
2013-12-23,2.1780245304107666,6.849999904632568,6.650000095367432,6.949999809265137,6.650000095367432,137767,CMBT.BR,Tanker,2026-09-22
2013-12-24,2.333824872970581,7.340000152587891,6.900000095367432,7.400000095367432,6.849999904632568,111953,CMBT.BR,Tanker,2026-09-22
2013-12-27,2.5436782836914062,8.0,7.449999809265137,8.100000381469727,7.449999809265137,252302,CMBT.BR,Tanker,2026-09-22
2013-12-30,2.750352144241333,8.649999618530273,8.229999542236328,8.739999771118164,8.109999656677246,181841,CMBT.BR,Tanker,2026-09-22
2013-12-31,2.750352144241333,8.649999618530273,8.649999618530273,8.649999618530273,8.649999618530273,0,CMBT.BR,Tanker,2026-09-22
2014-01-02,2.750352144241333,8.649999618530273,8.649999618530273,8.649999618530273,8.649999618530273,0,CMBT.BR,Tanker,2026-09-22
2014-01-03,2.750352144241333,8.649999618530273,8.649999618530273,8.649999618530273,8.649999618530273,0,CMBT.BR,Tanker,2026-09-22
2014-01-06,2.9411277770996094,9.25,10.350000381469727,10.850000381469727,9.010000228881836,1772150,CMBT.BR,Tanker,2026-09-22
2014-01-07,2.9252302646636963,9.199999809265137,9.649999618530273,9.979999542236328,8.880000114440918,1211649,CMBT.BR,Tanker,2026-09-22
2014-01-08,2.8457396030426025,8.949999809265137,9.260000228881836,9.369999885559082,8.699999809265137,598279,CMBT.BR,Tanker,2026-09-22
2014-01-09,2.8075852394104004,8.829999923706055,8.9399995803833,8.9399995803833,8.40999984741211,1305738,CMBT.BR,Tanker,2026-09-22
2014-01-10,2.77896785736084,8.739999771118164,8.649999618530273,8.800000190734863,8.5600004196167,249641,CMBT.BR,Tanker,2026-09-22
2014-01-13,2.9347691535949707,9.229999542236328,8.75,9.3100004196167,8.699999809265137,541518,CMBT.BR,Tanker,2026-09-22
2014-01-14,3.0237972736358643,9.510000228881836,9.25,9.649999618530273,9.109999656677246,594217,CMBT.BR,Tanker,2026-09-22
2014-01-15,3.135082244873047,9.859999656677246,9.569999694824219,9.989999771118164,9.5600004196167,707569,CMBT.BR,Tanker,2026-09-22
2014-01-16,3.3004231452941895,10.380000114440918,9.930000305175781,10.600000381469727,9.760000228881836,807828,CMBT.BR,Tanker,2026-09-22
2014-01-17,3.1573410034179688,9.930000305175781,10.449999809265137,10.489999771118164,9.930000305175781,279377,CMBT.BR,Tanker,2026-09-22
2014-01-20,3.271806001663208,10.289999961853027,10.0,10.300000190734863,9.899999618530273,724318,CMBT.BR,Tanker,2026-09-22
2014-01-21,3.271806001663208,10.289999961853027,10.300000190734863,10.460000038146973,10.199999809265137,738649,CMBT.BR,Tanker,2026-09-22
2014-01-22,3.2241127490997314,10.140000343322754,10.100000381469727,10.300000190734863,10.079999923706055,355271,CMBT.BR,Tanker,2026-09-22
2014-01-23,3.1986753940582275,10.0600004196167,10.140000343322754,10.149999618530273,9.920000076293945,162925,CMBT.BR,Tanker,2026-09-22
2014-01-24,2.966564416885376,9.329999923706055,10.09000015258789,10.149999618530273,9.100000381469727,416009,CMBT.BR,Tanker,2026-09-22
2014-01-27,3.0842103958129883,9.699999809265137,9.350000381469727,9.739999771118164,9.329999923706055,310775,CMBT.BR,Tanker,2026-09-22
2014-01-28,3.116006374359131,9.800000190734863,9.680000305175781,9.880000114440918,9.600000381469727,349595,CMBT.BR,Tanker,2026-09-22
2014-01-29,3.0651326179504395,9.640000343322754,9.800000190734863,9.899999618530273,9.529999732971191,159436,CMBT.BR,Tanker,2026-09-22
2014-01-30,3.1128268241882324,9.789999961853027,9.619999885559082,9.789999961853027,9.430000305175781,267521,CMBT.BR,Tanker,2026-09-22
2014-01-31,3.0746712684631348,9.670000076293945,9.779999732971191,9.779999732971191,9.569999694824219,111095,CMBT.BR,Tanker,2026-09-22
2014-02-03,2.8997926712036133,9.119999885559082,9.600000381469727,9.600000381469727,9.0,243574,CMBT.BR,Tanker,2026-09-22
2014-02-04,2.9824624061584473,9.380000114440918,9.029999732971191,9.399999618530273,8.9399995803833,269475,CMBT.BR,Tanker,2026-09-22
2014-02-05,2.8966140747070312,9.109999656677246,9.5,9.539999961853027,9.0,210347,CMBT.BR,Tanker,2026-09-22
2014-02-06,2.8966140747070312,9.109999656677246,9.130000114440918,9.210000038146973,8.979999542236328,243989,CMBT.BR,Tanker,2026-09-22
2014-02-07,2.861637830734253,9.0,9.149999618530273,9.149999618530273,8.970000267028809,97747,CMBT.BR,Tanker,2026-09-22
2014-02-10,2.9125118255615234,9.15999984741211,9.100000381469727,9.239999771118164,9.0,297993,CMBT.BR,Tanker,2026-09-22
2014-02-11,3.0047199726104736,9.449999809265137,9.199999809265137,9.470000267028809,9.180000305175781,239674,CMBT.BR,Tanker,2026-09-22
2014-02-12,2.966564416885376,9.329999923706055,9.449999809265137,9.470000267028809,9.239999771118164,50950,CMBT.BR,Tanker,2026-09-22
2014-02-13,3.090568780899048,9.720000267028809,9.3100004196167,9.75,9.3100004196167,205356,CMBT.BR,Tanker,2026-09-22
2014-02-14,3.0714919567108154,9.65999984741211,9.65999984741211,9.739999771118164,9.510000228881836,134465,CMBT.BR,Tanker,2026-09-22
2014-02-17,2.969744920730591,9.34000015258789,9.600000381469727,9.649999618530273,9.3100004196167,71005,CMBT.BR,Tanker,2026-09-22
2014-02-18,3.0301566123962402,9.529999732971191,9.4399995803833,9.739999771118164,9.180000305175781,88044,CMBT.BR,Tanker,2026-09-22
2014-02-19,2.9824624061584473,9.380000114440918,9.5,9.569999694824219,9.34000015258789,24343,CMBT.BR,Tanker,2026-09-22
2014-02-20,2.9474868774414062,9.270000457763672,9.279999732971191,9.359999656677246,9.180000305175781,33984,CMBT.BR,Tanker,2026-09-22
2014-02-21,3.0142579078674316,9.479999542236328,9.369999885559082,9.640000343322754,9.180000305175781,93977,CMBT.BR,Tanker,2026-09-22
2014-02-24,3.0842103958129883,9.699999809265137,9.430000305175781,9.739999771118164,9.300000190734863,79862,CMBT.BR,Tanker,2026-09-22
2014-02-25,3.068311929702759,9.649999618530273,9.729999542236328,9.84000015258789,9.449999809265137,152652,CMBT.BR,Tanker,2026-09-22
2014-02-26,3.1032874584198,9.760000228881836,9.829999923706055,9.84000015258789,9.510000228881836,109577,CMBT.BR,Tanker,2026-09-22
2014-02-27,3.1764183044433594,9.989999771118164,9.760000228881836,9.989999771118164,9.600000381469727,108209,CMBT.BR,Tanker,2026-09-22
2014-02-28,3.3385777473449707,10.5,10.0,10.5,9.6899995803833,688813,CMBT.BR,Tanker,2026-09-22
2014-03-03,3.2622668743133545,10.260000228881836,9.859999656677246,10.260000228881836,9.760000228881836,183872,CMBT.BR,Tanker,2026-09-22
2014-03-04,3.2272913455963135,10.149999618530273,10.199999809265137,10.199999809265137,10.029999732971191,82410,CMBT.BR,Tanker,2026-09-22
2014-03-05,3.236830234527588,10.180000305175781,10.119999885559082,10.260000228881836,10.079999923706055,40261,CMBT.BR,Tanker,2026-09-22
2014-03-06,3.243189811706543,10.199999809265137,10.1899995803833,10.25,10.029999732971191,147402,CMBT.BR,Tanker,2026-09-22
2014-03-07,3.1986753940582275,10.0600004196167,10.25,10.25,10.050000190734863,88936,CMBT.BR,Tanker,2026-09-22
2014-03-10,3.154161214828491,9.920000076293945,10.100000381469727,10.130000114440918,9.869999885559082,56786,CMBT.BR,Tanker,2026-09-22
2014-03-11,3.135082244873047,9.859999656677246,9.90999984741211,9.979999542236328,9.859999656677246,24041,CMBT.BR,Tanker,2026-09-22
2014-03-12,3.0047199726104736,9.449999809265137,9.869999885559082,9.899999618530273,9.300000190734863,147123,CMBT.BR,Tanker,2026-09-22
2014-03-13,2.972923994064331,9.350000381469727,9.600000381469727,9.600000381469727,9.3100004196167,83160,CMBT.BR,Tanker,2026-09-22
2014-03-14,2.861637830734253,9.0,9.300000190734863,9.350000381469727,8.949999809265137,165087,CMBT.BR,Tanker,2026-09-22
2014-03-17,2.8870747089385986,9.079999923706055,9.0600004196167,9.40999984741211,9.050000190734863,70039,CMBT.BR,Tanker,2026-09-22
2014-03-18,2.798046112060547,8.800000190734863,9.079999923706055,9.109999656677246,8.800000190734863,164112,CMBT.BR,Tanker,2026-09-22
2014-03-19,2.785327672958374,8.760000228881836,8.899999618530273,9.0,8.600000381469727,128214,CMBT.BR,Tanker,2026-09-22
2014-03-20,2.861637830734253,9.0,8.699999809265137,9.020000457763672,8.640000343322754,155431,CMBT.BR,Tanker,2026-09-22
2014-03-21,2.791687250137329,8.779999732971191,9.029999732971191,9.029999732971191,8.760000228881836,184314,CMBT.BR,Tanker,2026-09-22
2014-03-24,2.709017276763916,8.520000457763672,8.800000190734863,8.899999618530273,8.5,162563,CMBT.BR,Tanker,2026-09-22
2014-03-25,2.8044049739837646,8.819999694824219,8.640000343322754,8.899999618530273,8.539999961853027,65315,CMBT.BR,Tanker,2026-09-22
2014-03-26,2.731274127960205,8.59000015258789,8.880000114440918,9.0,8.489999771118164,141630,CMBT.BR,Tanker,2026-09-22
2014-03-27,2.6962995529174805,8.479999542236328,8.59000015258789,8.59000015258789,8.430000305175781,66407,CMBT.BR,Tanker,2026-09-22
2014-03-28,2.6168088912963867,8.229999542236328,8.300000190734863,8.449999809265137,8.0600004196167,245909,CMBT.BR,Tanker,2026-09-22
2014-03-31,2.7058377265930176,8.510000228881836,8.25,8.5600004196167,8.25,141613,CMBT.BR,Tanker,2026-09-22
2014-04-01,2.680400848388672,8.430000305175781,8.569999694824219,8.640000343322754,8.329999923706055,164567,CMBT.BR,Tanker,2026-09-22
2014-04-02,2.6835803985595703,8.4399995803833,8.470000267028809,8.489999771118164,8.359999656677246,54123,CMBT.BR,Tanker,2026-09-22
2014-04-03,2.654963970184326,8.350000381469727,8.510000228881836,8.600000381469727,8.289999961853027,94856,CMBT.BR,Tanker,2026-09-22
2014-04-04,2.6072702407836914,8.199999809265137,8.34000015258789,8.34000015258789,8.149999618530273,94165,CMBT.BR,Tanker,2026-09-22
2014-04-07,2.6072702407836914,8.199999809265137,8.199999809265137,8.199999809265137,7.96999979019165,133955,CMBT.BR,Tanker,2026-09-22
2014-04-08,2.5866031646728516,8.135000228881836,8.1899995803833,8.276000022888184,7.869999885559082,142941,CMBT.BR,Tanker,2026-09-22
2014-04-09,2.654963970184326,8.350000381469727,8.149999618530273,8.350000381469727,8.145000457763672,116482,CMBT.BR,Tanker,2026-09-22
2014-04-10,2.67086124420166,8.399999618530273,8.350000381469727,8.496999740600586,8.32699966430664,116746,CMBT.BR,Tanker,2026-09-22
2014-04-11,2.5436782836914062,8.0,8.350000381469727,8.350000381469727,7.960999965667725,219113,CMBT.BR,Tanker,2026-09-22
2014-04-14,2.5201497077941895,7.926000118255615,7.947000026702881,7.989999771118164,7.760000228881836,85548,CMBT.BR,Tanker,2026-09-22
2014-04-15,2.4991633892059326,7.860000133514404,7.947999954223633,8.038000106811523,7.739999771118164,115659,CMBT.BR,Tanker,2026-09-22
2014-04-16,2.596141815185547,8.164999961853027,8.0,8.210000038146973,7.900000095367432,156974,CMBT.BR,Tanker,2026-09-22
2014-04-17,2.5853304862976074,8.130999565124512,8.109999656677246,8.239999771118164,8.065999984741211,54272,CMBT.BR,Tanker,2026-09-22
2014-04-22,2.5831055641174316,8.12399959564209,8.149999618530273,8.199999809265137,8.081000328063965,67753,CMBT.BR,Tanker,2026-09-22
2014-04-23,2.6168088912963867,8.229999542236328,8.170000076293945,8.269000053405762,8.15999984741211,59951,CMBT.BR,Tanker,2026-09-22
2014-04-24,2.737633466720581,8.609999656677246,8.550000190734863,8.880000114440918,8.5,258083,CMBT.BR,Tanker,2026-09-22
2014-04-25,2.7166478633880615,8.543999671936035,8.600000381469727,8.800000190734863,8.510000228881836,96951,CMBT.BR,Tanker,2026-09-22
2014-04-28,2.721735715866089,8.5600004196167,8.5600004196167,8.649999618530273,8.520999908447266,85918,CMBT.BR,Tanker,2026-09-22
2014-04-29,2.710925579071045,8.526000022888184,8.600000381469727,8.619999885559082,8.526000022888184,41448,CMBT.BR,Tanker,2026-09-22
2014-04-30,2.7694296836853027,8.710000038146973,8.5,8.798999786376953,8.5,101732,CMBT.BR,Tanker,2026-09-22
2014-05-02,2.7821483612060547,8.75,8.814000129699707,8.8149995803833,8.66100025177002,81179,CMBT.BR,Tanker,2026-09-22
2014-05-05,2.793276309967041,8.78499984741211,8.765000343322754,8.800000190734863,8.680000305175781,59449,CMBT.BR,Tanker,2026-09-22
2014-05-06,2.791687250137329,8.779999732971191,8.78499984741211,8.800000190734863,8.739999771118164,58135,CMBT.BR,Tanker,2026-09-22
2014-05-07,2.7185556888580322,8.550000190734863,8.779999732971191,8.779999732971191,8.472999572753906,77226,CMBT.BR,Tanker,2026-09-22
2014-05-08,2.7821483612060547,8.75,8.600000381469727,8.78499984741211,8.550000190734863,89602,CMBT.BR,Tanker,2026-09-22
2014-05-09,2.8044049739837646,8.819999694824219,8.75,8.83899974822998,8.75,193930,CMBT.BR,Tanker,2026-09-22
2014-05-12,2.8044049739837646,8.819999694824219,8.848999977111816,8.880000114440918,8.793999671936035,74291,CMBT.BR,Tanker,2026-09-22
2014-05-13,2.855278491973877,8.979999542236328,8.84000015258789,9.017999649047852,8.829999923706055,106740,CMBT.BR,Tanker,2026-09-22
2014-05-14,2.8393807411193848,8.930000305175781,9.0,9.0,8.880000114440918,120801,CMBT.BR,Tanker,2026-09-22
2014-05-15,2.842559814453125,8.9399995803833,8.899999618530273,9.0,8.899999618530273,53785,CMBT.BR,Tanker,2026-09-22
2014-05-16,2.801225423812866,8.8100004196167,8.899999618530273,8.935999870300293,8.800000190734863,104978,CMBT.BR,Tanker,2026-09-22
2014-05-19,2.8520991802215576,8.970000267028809,8.800999641418457,9.0,8.800999641418457,92572,CMBT.BR,Tanker,2026-09-22
2014-05-20,2.861637830734253,9.0,8.970000267028809,9.050000190734863,8.968999862670898,35540,CMBT.BR,Tanker,2026-09-22
2014-05-21,2.9134652614593506,9.163000106811523,9.0,9.229999542236328,9.0,33485,CMBT.BR,Tanker,2026-09-22
2014-05-22,2.907106399536133,9.142999649047852,9.229999542236328,9.279999732971191,9.102999687194824,26813,CMBT.BR,Tanker,2026-09-22
2014-05-23,2.8997926712036133,9.119999885559082,9.140000343322754,9.140000343322754,9.0,13826,CMBT.BR,Tanker,2026-09-22
2014-05-26,2.9389023780822754,9.243000030517578,9.100000381469727,9.279999732971191,9.100000381469727,24882,CMBT.BR,Tanker,2026-09-22
2014-05-27,2.918870449066162,9.180000305175781,9.16100025177002,9.279000282287598,9.15999984741211,25919,CMBT.BR,Tanker,2026-09-22
2014-05-28,2.902972459793091,9.130000114440918,9.180000305175781,9.239999771118164,9.130000114440918,30810,CMBT.BR,Tanker,2026-09-22
2014-05-29,2.9233222007751465,9.194000244140625,9.199999809265137,9.241999626159668,9.142999649047852,7980,CMBT.BR,Tanker,2026-09-22
2014-05-30,2.897885799407959,9.11400032043457,9.111000061035156,9.277000427246094,9.111000061035156,42396,CMBT.BR,Tanker,2026-09-22
2014-06-02,2.9347691535949707,9.229999542236328,9.279999732971191,9.319000244140625,9.121999740600586,76157,CMBT.BR,Tanker,2026-09-22
2014-06-03,2.8797614574432373,9.057000160217285,9.25,9.34000015258789,9.020000457763672,37395,CMBT.BR,Tanker,2026-09-22
2014-06-04,2.8298420906066895,8.899999618530273,9.0600004196167,9.34000015258789,8.800000190734863,86973,CMBT.BR,Tanker,2026-09-22
2014-06-05,2.8362016677856445,8.920000076293945,8.989999771118164,8.989999771118164,8.850000381469727,21175,CMBT.BR,Tanker,2026-09-22
2014-06-06,2.8298420906066895,8.899999618530273,8.899999618530273,8.989999771118164,8.800999641418457,27745,CMBT.BR,Tanker,2026-09-22
2014-06-09,2.8584587574005127,8.989999771118164,8.970000267028809,8.989999771118164,8.869000434875488,11079,CMBT.BR,Tanker,2026-09-22
2014-06-10,2.9284093379974365,9.210000038146973,8.85099983215332,9.222000122070312,8.85099983215332,32509,CMBT.BR,Tanker,2026-09-22
2014-06-11,2.9026546478271484,9.128999710083008,9.130000114440918,9.225000381469727,9.09000015258789,51707,CMBT.BR,Tanker,2026-09-22
2014-06-12,2.8997926712036133,9.119999885559082,9.229999542236328,9.229999542236328,9.09000015258789,64453,CMBT.BR,Tanker,2026-09-22
2014-06-13,2.861637830734253,9.0,9.119999885559082,9.14799976348877,8.883999824523926,48282,CMBT.BR,Tanker,2026-09-22
2014-06-16,2.8969316482543945,9.111000061035156,9.199999809265137,9.223999977111816,8.949999809265137,39427,CMBT.BR,Tanker,2026-09-22
2014-06-17,2.861637830734253,9.0,9.020999908447266,9.119999885559082,9.0,38569,CMBT.BR,Tanker,2026-09-22
2014-06-18,2.861637830734253,9.0,9.100000381469727,9.142999649047852,8.880999565124512,26350,CMBT.BR,Tanker,2026-09-22
2014-06-19,2.926501989364624,9.204000473022461,9.119999885559082,9.25,9.008999824523926,16106,CMBT.BR,Tanker,2026-09-22
2014-06-20,2.8743560314178467,9.039999961853027,9.1899995803833,9.1899995803833,8.880999565124512,105171,CMBT.BR,Tanker,2026-09-22
2014-06-23,2.984370231628418,9.38599967956543,9.050000190734863,9.399999618530273,8.819999694824219,53923,CMBT.BR,Tanker,2026-09-22
2014-06-24,2.9738776683807373,9.352999687194824,9.364999771118164,9.40999984741211,8.800000190734863,43667,CMBT.BR,Tanker,2026-09-22
2014-06-25,2.8489201068878174,8.960000038146973,9.279999732971191,9.279999732971191,8.85099983215332,53284,CMBT.BR,Tanker,2026-09-22
2014-06-26,2.9252302646636963,9.199999809265137,9.1899995803833,9.25,8.906999588012695,42186,CMBT.BR,Tanker,2026-09-22
2014-06-27,2.9118752479553223,9.157999992370605,9.199999809265137,9.25,8.930000305175781,33962,CMBT.BR,Tanker,2026-09-22
2014-06-30,2.8412883281707764,8.935999870300293,9.050000190734863,9.130000114440918,8.800000190734863,22204,CMBT.BR,Tanker,2026-09-22
2014-07-01,2.861637830734253,9.0,8.850000381469727,9.23900032043457,8.850000381469727,68437,CMBT.BR,Tanker,2026-09-22
2014-07-02,2.8699047565460205,9.026000022888184,9.069999694824219,9.300000190734863,9.026000022888184,49466,CMBT.BR,Tanker,2026-09-22
2014-07-03,2.9125118255615234,9.15999984741211,9.239999771118164,9.239999771118164,9.020000457763672,28997,CMBT.BR,Tanker,2026-09-22
2014-07-04,2.8934342861175537,9.100000381469727,9.199999809265137,9.269000053405762,9.022000312805176,50331,CMBT.BR,Tanker,2026-09-22
2014-07-07,2.9210968017578125,9.187000274658203,9.149999618530273,9.399999618530273,9.130999565124512,46161,CMBT.BR,Tanker,2026-09-22
2014-07-08,2.861637830734253,9.0,9.210000038146973,9.220000267028809,8.963000297546387,49311,CMBT.BR,Tanker,2026-09-22
2014-07-09,2.8139443397521973,8.850000381469727,8.9399995803833,8.949999809265137,8.800000190734863,161883,CMBT.BR,Tanker,2026-09-22
2014-07-10,2.8139443397521973,8.850000381469727,8.850000381469727,9.039999961853027,8.800000190734863,241354,CMBT.BR,Tanker,2026-09-22
2014-07-11,2.909331798553467,9.149999618530273,9.0,9.170000076293945,8.902999877929688,229575,CMBT.BR,Tanker,2026-09-22
2014-07-14,2.909331798553467,9.149999618530273,9.149999618530273,9.199999809265137,9.00100040435791,65539,CMBT.BR,Tanker,2026-09-22
2014-07-15,2.9411277770996094,9.25,9.194999694824219,9.25,9.133000373840332,83449,CMBT.BR,Tanker,2026-09-22
2014-07-16,2.9582982063293457,9.303999900817871,9.25,9.399999618530273,9.062999725341797,110769,CMBT.BR,Tanker,2026-09-22
2014-07-17,3.0002684593200684,9.435999870300293,9.300000190734863,9.440999984741211,9.199999809265137,61143,CMBT.BR,Tanker,2026-09-22
2014-07-18,2.9633846282958984,9.319999694824219,9.3100004196167,9.449999809265137,9.25,38686,CMBT.BR,Tanker,2026-09-22
2014-07-21,2.9252302646636963,9.199999809265137,9.34000015258789,9.359999656677246,9.199999809265137,16777,CMBT.BR,Tanker,2026-09-22
2014-07-22,3.0333361625671387,9.539999961853027,9.300000190734863,9.539999961853027,9.119999885559082,229881,CMBT.BR,Tanker,2026-09-22
2014-07-23,2.9954988956451416,9.420999526977539,9.539999961853027,9.699999809265137,9.420999526977539,95866,CMBT.BR,Tanker,2026-09-22
2014-07-24,2.9411277770996094,9.25,9.321000099182129,9.36400032043457,9.020000457763672,186010,CMBT.BR,Tanker,2026-09-22
2014-07-25,2.969744920730591,9.34000015258789,9.25,9.449999809265137,9.25,55050,CMBT.BR,Tanker,2026-09-22
2014-07-28,2.9602057933807373,9.3100004196167,9.399999618530273,9.437999725341797,9.25,66270,CMBT.BR,Tanker,2026-09-22
2014-07-29,2.9411277770996094,9.25,9.350000381469727,9.350000381469727,9.196999549865723,55905,CMBT.BR,Tanker,2026-09-22
2014-07-30,2.9363584518432617,9.234999656677246,9.350000381469727,9.350000381469727,9.1899995803833,41630,CMBT.BR,Tanker,2026-09-22
2014-07-31,2.8870747089385986,9.079999923706055,9.20300006866455,9.279999732971191,9.048999786376953,42265,CMBT.BR,Tanker,2026-09-22
2014-08-01,2.83016037940979,8.901000022888184,9.050000190734863,9.069999694824219,8.800000190734863,88731,CMBT.BR,Tanker,2026-09-22
2014-08-04,2.798046112060547,8.800000190734863,8.899999618530273,8.9399995803833,8.760000228881836,46017,CMBT.BR,Tanker,2026-09-22
2014-08-05,2.7649788856506348,8.696000099182129,8.800999641418457,8.895000457763672,8.687000274658203,34064,CMBT.BR,Tanker,2026-09-22
2014-08-06,2.648923397064209,8.331000328063965,8.649999618530273,8.720999717712402,8.130000114440918,131265,CMBT.BR,Tanker,2026-09-22
2014-08-07,2.609496593475342,8.206999778747559,8.875,8.875,8.149999618530273,78693,CMBT.BR,Tanker,2026-09-22
2014-08-08,2.6342968940734863,8.28499984741211,8.199999809265137,8.402000427246094,8.100000381469727,114165,CMBT.BR,Tanker,2026-09-22
2014-08-11,2.7398593425750732,8.616999626159668,8.263999938964844,8.616999626159668,8.263999938964844,48389,CMBT.BR,Tanker,2026-09-22
2014-08-12,2.719827651977539,8.553999900817871,8.694000244140625,8.729999542236328,8.401000022888184,118500,CMBT.BR,Tanker,2026-09-22
2014-08-13,2.7598910331726074,8.680000305175781,8.59000015258789,8.710000038146973,8.46399974822998,94412,CMBT.BR,Tanker,2026-09-22
2014-08-14,2.858140230178833,8.98900032043457,8.722000122070312,9.0,8.65999984741211,114530,CMBT.BR,Tanker,2026-09-22
2014-08-15,2.877535820007324,9.050000190734863,8.970999717712402,9.350000381469727,8.970999717712402,142208,CMBT.BR,Tanker,2026-09-22
2014-08-18,2.909331798553467,9.149999618530273,9.149999618530273,9.256999969482422,9.050000190734863,90897,CMBT.BR,Tanker,2026-09-22
2014-08-19,2.908060312271118,9.145999908447266,9.199999809265137,9.25,9.109999656677246,98465,CMBT.BR,Tanker,2026-09-22
2014-08-20,2.8934342861175537,9.100000381469727,9.267000198364258,9.267000198364258,9.09000015258789,24129,CMBT.BR,Tanker,2026-09-22
2014-08-21,2.9980430603027344,9.428999900817871,9.196999549865723,9.45300006866455,8.920000076293945,203882,CMBT.BR,Tanker,2026-09-22
2014-08-22,2.9497129917144775,9.277000427246094,9.458999633789062,9.458999633789062,9.199999809265137,62507,CMBT.BR,Tanker,2026-09-22
2014-08-25,2.92936372756958,9.213000297546387,9.399999618530273,9.399999618530273,9.140000343322754,19173,CMBT.BR,Tanker,2026-09-22
2014-08-26,2.9761035442352295,9.359999656677246,9.152000427246094,9.414999961853027,9.140000343322754,38991,CMBT.BR,Tanker,2026-09-22
2014-08-27,3.0094895362854004,9.46500015258789,9.388999938964844,9.5,9.326000213623047,75408,CMBT.BR,Tanker,2026-09-22
2014-08-28,2.984370231628418,9.38599967956543,9.449999809265137,9.449999809265137,9.310999870300293,153936,CMBT.BR,Tanker,2026-09-22
2014-08-29,2.9487593173980713,9.27400016784668,9.36299991607666,9.449000358581543,9.149999618530273,97332,CMBT.BR,Tanker,2026-09-22
2014-09-01,2.9830985069274902,9.381999969482422,9.380000114440918,9.449999809265137,9.0,36911,CMBT.BR,Tanker,2026-09-22
2014-09-02,3.0133044719696045,9.47700023651123,9.399999618530273,9.5,9.361000061035156,48066,CMBT.BR,Tanker,2026-09-22
2014-09-03,3.0314278602600098,9.534000396728516,9.5,9.597999572753906,9.451000213623047,98508,CMBT.BR,Tanker,2026-09-22
2014-09-04,3.0206174850463867,9.5,9.529999732971191,9.550000190734863,9.449999809265137,43297,CMBT.BR,Tanker,2026-09-22
2014-09-05,3.0152127742767334,9.482999801635742,9.54699993133545,9.54699993133545,9.300000190734863,16102,CMBT.BR,Tanker,2026-09-22
2014-09-08,2.9640207290649414,9.321999549865723,9.496000289916992,9.496000289916992,9.149999618530273,19164,CMBT.BR,Tanker,2026-09-22
2014-09-09,3.029520273208618,9.527999877929688,9.329999923706055,9.550000190734863,9.329999923706055,19577,CMBT.BR,Tanker,2026-09-22
2014-09-10,3.0206174850463867,9.5,9.550000190734863,9.649999618530273,9.5,26137,CMBT.BR,Tanker,2026-09-22
2014-09-11,3.0800766944885254,9.687000274658203,9.5,9.718000411987305,9.470000267028809,93844,CMBT.BR,Tanker,2026-09-22
2014-09-12,3.033653974533081,9.541000366210938,9.720000267028809,9.720000267028809,9.5,19361,CMBT.BR,Tanker,2026-09-22
2014-09-15,2.9268202781677246,9.204999923706055,9.510000228881836,9.619999885559082,9.020000457763672,113365,CMBT.BR,Tanker,2026-09-22
2014-09-16,2.9490771293640137,9.274999618530273,9.246999740600586,9.642000198364258,8.951000213623047,142723,CMBT.BR,Tanker,2026-09-22
2014-09-17,3.0174381732940674,9.489999771118164,9.380999565124512,9.532999992370605,9.331999778747559,83592,CMBT.BR,Tanker,2026-09-22
2014-09-18,3.0587732791900635,9.619999885559082,9.50100040435791,9.638999938964844,9.470000267028809,83981,CMBT.BR,Tanker,2026-09-22
2014-09-19,3.1608388423919678,9.940999984741211,9.699999809265137,10.199999809265137,9.690999984741211,213528,CMBT.BR,Tanker,2026-09-22
2014-09-22,3.1478018760681152,9.899999618530273,9.949000358581543,10.020000457763672,9.880000114440918,117791,CMBT.BR,Tanker,2026-09-22
2014-09-23,3.1439859867095947,9.887999534606934,9.862000465393066,9.920000076293945,9.609999656677246,74559,CMBT.BR,Tanker,2026-09-22
2014-09-24,3.0365161895751953,9.550000190734863,9.800000190734863,9.949000358581543,9.510000228881836,63041,CMBT.BR,Tanker,2026-09-22
2014-09-25,2.9783291816711426,9.366999626159668,9.850000381469727,9.850000381469727,9.210000038146973,58555,CMBT.BR,Tanker,2026-09-22
2014-09-26,2.861637830734253,9.0,9.253000259399414,9.253000259399414,9.0,188305,CMBT.BR,Tanker,2026-09-22
2014-09-29,2.915691614151001,9.170000076293945,8.960000038146973,9.180000305175781,8.5,79918,CMBT.BR,Tanker,2026-09-22
2014-09-30,2.8505094051361084,8.96500015258789,9.119999885559082,9.164999961853027,8.954999923706055,89278,CMBT.BR,Tanker,2026-09-22
2014-10-01,2.861637830734253,9.0,9.0,9.164999961853027,8.899999618530273,335306,CMBT.BR,Tanker,2026-09-22
2014-10-02,2.8762640953063965,9.045999526977539,8.880999565124512,9.119999885559082,8.800000190734863,115290,CMBT.BR,Tanker,2026-09-22
2014-10-03,2.9045629501342773,9.135000228881836,9.119999885559082,9.163000106811523,9.039999961853027,50485,CMBT.BR,Tanker,2026-09-22
2014-10-06,2.826662540435791,8.890000343322754,9.15999984741211,9.15999984741211,8.8100004196167,44356,CMBT.BR,Tanker,2026-09-22
2014-10-07,2.7137868404388428,8.53499984741211,8.800000190734863,9.170000076293945,8.401000022888184,111474,CMBT.BR,Tanker,2026-09-22
2014-10-08,2.5611660480499268,8.055000305175781,8.50100040435791,8.682999610900879,7.699999809265137,155089,CMBT.BR,Tanker,2026-09-22
2014-10-09,2.5436782836914062,8.0,8.199999809265137,8.347999572753906,7.940999984741211,202561,CMBT.BR,Tanker,2026-09-22
2014-10-10,2.4959845542907715,7.849999904632568,7.980000019073486,7.980000019073486,7.664000034332275,272041,CMBT.BR,Tanker,2026-09-22
2014-10-13,2.4654603004455566,7.754000186920166,7.650000095367432,7.817999839782715,7.630000114440918,86294,CMBT.BR,Tanker,2026-09-22
2014-10-14,2.4762706756591797,7.788000106811523,7.900000095367432,7.900000095367432,7.650000095367432,126867,CMBT.BR,Tanker,2026-09-22
2014-10-15,2.3370041847229004,7.349999904632568,7.800000190734863,7.980000019073486,7.079999923706055,355334,CMBT.BR,Tanker,2026-09-22
2014-10-16,2.5246007442474365,7.940000057220459,7.369999885559082,8.100000381469727,7.300000190734863,285346,CMBT.BR,Tanker,2026-09-22
2014-10-17,2.702658176422119,8.5,8.0600004196167,8.550000190734863,8.01099967956543,465603,CMBT.BR,Tanker,2026-09-22
2014-10-20,2.7563934326171875,8.668999671936035,8.649999618530273,8.670000076293945,8.350000381469727,174470,CMBT.BR,Tanker,2026-09-22
2014-10-21,2.8613195419311523,8.99899959564209,8.6899995803833,9.039999961853027,8.600000381469727,172305,CMBT.BR,Tanker,2026-09-22
2014-10-22,2.798046112060547,8.800000190734863,9.08899974822998,9.131999969482422,8.72599983215332,131863,CMBT.BR,Tanker,2026-09-22
2014-10-23,2.764023542404175,8.692999839782715,8.819999694824219,8.989999771118164,8.510000228881836,81668,CMBT.BR,Tanker,2026-09-22
2014-10-24,2.694709062576294,8.475000381469727,8.746000289916992,8.751999855041504,8.392000198364258,76115,CMBT.BR,Tanker,2026-09-22
2014-10-27,2.543996810913086,8.00100040435791,8.630000114440918,8.645000457763672,7.906000137329102,226632,CMBT.BR,Tanker,2026-09-22
2014-10-28,2.609177827835083,8.206000328063965,8.100000381469727,8.460000038146973,8.010000228881836,168077,CMBT.BR,Tanker,2026-09-22
2014-10-29,2.6991608142852783,8.48900032043457,8.25,8.895999908447266,8.244000434875488,138383,CMBT.BR,Tanker,2026-09-22
2014-10-30,2.644789934158325,8.317999839782715,8.534000396728516,8.576000213623047,8.239999771118164,73385,CMBT.BR,Tanker,2026-09-22
2014-10-31,2.6867589950561523,8.449999809265137,8.420000076293945,8.6899995803833,8.350000381469727,110991,CMBT.BR,Tanker,2026-09-22
2014-11-03,2.7023396492004395,8.49899959564209,8.479999542236328,8.734000205993652,8.479999542236328,93315,CMBT.BR,Tanker,2026-09-22
2014-11-04,2.721735715866089,8.5600004196167,8.569000244140625,8.848999977111816,8.494999885559082,97809,CMBT.BR,Tanker,2026-09-22
2014-11-05,2.6772212982177734,8.420000076293945,8.75,8.84000015258789,8.401000022888184,100514,CMBT.BR,Tanker,2026-09-22
2014-11-06,2.67086124420166,8.399999618530273,8.380000114440918,8.550000190734863,8.300000190734863,107972,CMBT.BR,Tanker,2026-09-22
2014-11-07,2.702658176422119,8.5,8.529999732971191,8.64900016784668,8.428000450134277,57051,CMBT.BR,Tanker,2026-09-22
2014-11-10,2.7363617420196533,8.605999946594238,8.5600004196167,8.73900032043457,8.50100040435791,72134,CMBT.BR,Tanker,2026-09-22
2014-11-11,2.797410011291504,8.79800033569336,8.649999618530273,8.8100004196167,8.550000190734863,26408,CMBT.BR,Tanker,2026-09-22
2014-11-12,2.798046112060547,8.800000190734863,8.809000015258789,8.944000244140625,8.649999618530273,123285,CMBT.BR,Tanker,2026-09-22
2014-11-13,2.7948660850524902,8.789999961853027,8.819999694824219,8.847000122070312,8.604000091552734,60521,CMBT.BR,Tanker,2026-09-22
2014-11-14,2.824754476547241,8.883999824523926,8.739999771118164,8.925999641418457,8.649999618530273,51834,CMBT.BR,Tanker,2026-09-22
2014-11-17,2.766249656677246,8.699999809265137,8.800000190734863,8.800000190734863,8.625,48135,CMBT.BR,Tanker,2026-09-22
2014-11-18,2.7605273723602295,8.682000160217285,8.678000450134277,8.748000144958496,8.670000076293945,27302,CMBT.BR,Tanker,2026-09-22
2014-11-19,2.742403030395508,8.625,8.670999526977539,8.744000434875488,8.600000381469727,40049,CMBT.BR,Tanker,2026-09-22
2014-11-20,2.750352144241333,8.649999618530273,8.748000144958496,8.748000144958496,8.609999656677246,107377,CMBT.BR,Tanker,2026-09-22
2014-11-21,2.793911933898926,8.786999702453613,8.739999771118164,8.87399959564209,8.654999732971191,112816,CMBT.BR,Tanker,2026-09-22
2014-11-24,2.850191593170166,8.96399974822998,8.800000190734863,9.010000228881836,8.789999961853027,49253,CMBT.BR,Tanker,2026-09-22
2014-11-25,2.9824624061584473,9.380000114440918,9.050000190734863,9.399999618530273,8.899999618530273,208100,CMBT.BR,Tanker,2026-09-22
2014-11-26,3.0212535858154297,9.501999855041504,9.5,9.552000045776367,9.399999618530273,268032,CMBT.BR,Tanker,2026-09-22
2014-11-27,3.1093292236328125,9.779000282287598,9.550000190734863,9.819999694824219,9.411999702453613,395282,CMBT.BR,Tanker,2026-09-22
2014-11-28,3.13826322555542,9.869999885559082,9.850000381469727,9.949999809265137,9.75100040435791,325341,CMBT.BR,Tanker,2026-09-22
2014-12-01,3.1478018760681152,9.899999618530273,9.850000381469727,9.930000305175781,9.62399959564209,92060,CMBT.BR,Tanker,2026-09-22
2014-12-02,3.0489163398742676,9.58899974822998,9.885000228881836,9.984999656677246,9.5,133550,CMBT.BR,Tanker,2026-09-22
2014-12-03,3.0524137020111084,9.600000381469727,9.579999923706055,9.640999794006348,9.399999618530273,66425,CMBT.BR,Tanker,2026-09-22
2014-12-04,3.026977300643921,9.520000457763672,9.699999809265137,9.744999885559082,9.489999771118164,125460,CMBT.BR,Tanker,2026-09-22
2014-12-05,3.0206174850463867,9.5,9.520000457763672,9.710000038146973,9.470000267028809,108448,CMBT.BR,Tanker,2026-09-22
2014-12-08,3.0304741859436035,9.531000137329102,9.550000190734863,9.710000038146973,9.414999961853027,103817,CMBT.BR,Tanker,2026-09-22
2014-12-09,2.985642671585083,9.390000343322754,9.609999656677246,9.638999938964844,9.289999961853027,273284,CMBT.BR,Tanker,2026-09-22
2014-12-10,3.057183027267456,9.614999771118164,9.390000343322754,9.614999771118164,9.34000015258789,267066,CMBT.BR,Tanker,2026-09-22
2014-12-11,3.0810303688049316,9.6899995803833,9.614999771118164,9.899999618530273,9.475000381469727,268877,CMBT.BR,Tanker,2026-09-22
2014-12-12,3.0495522022247314,9.590999603271484,9.67199993133545,9.75,9.449999809265137,274674,CMBT.BR,Tanker,2026-09-22
2014-12-15,3.181187391281128,10.005000114440918,9.789999961853027,10.1850004196167,9.699999809265137,576393,CMBT.BR,Tanker,2026-09-22
2014-12-16,3.2241127490997314,10.140000343322754,10.149999618530273,10.244999885559082,10.045000076293945,300464,CMBT.BR,Tanker,2026-09-22
2014-12-17,3.290883779525757,10.350000381469727,10.239999771118164,10.46500015258789,10.154999732971191,294746,CMBT.BR,Tanker,2026-09-22
2014-12-18,3.3226799964904785,10.449999809265137,10.479999542236328,10.729999542236328,10.390000343322754,2385994,CMBT.BR,Tanker,2026-09-22
2014-12-19,3.273395299911499,10.295000076293945,10.5,10.53499984741211,10.140000343322754,571681,CMBT.BR,Tanker,2026-09-22
2014-12-22,3.290883779525757,10.350000381469727,10.380000114440918,10.550000190734863,10.25,348716,CMBT.BR,Tanker,2026-09-22
2014-12-23,3.243189811706543,10.199999809265137,10.399999618530273,10.4399995803833,10.164999961853027,220155,CMBT.BR,Tanker,2026-09-22
2014-12-24,3.3226799964904785,10.449999809265137,10.395000457763672,10.489999771118164,10.25,48391,CMBT.BR,Tanker,2026-09-22
2014-12-29,3.271806001663208,10.289999961853027,10.489999771118164,10.494999885559082,10.1850004196167,120193,CMBT.BR,Tanker,2026-09-22
2014-12-30,3.2622668743133545,10.260000228881836,10.350000381469727,10.399999618530273,10.199999809265137,147604,CMBT.BR,Tanker,2026-09-22
2014-12-31,3.2972428798675537,10.369999885559082,10.329999923706055,10.369999885559082,10.234999656677246,56044,CMBT.BR,Tanker,2026-09-22
2015-01-02,3.3099613189697266,10.40999984741211,10.369999885559082,10.494999885559082,10.295000076293945,79385,CMBT.BR,Tanker,2026-09-22
2015-01-05,3.279755115509033,10.3149995803833,10.5,10.505000114440918,10.1899995803833,259506,CMBT.BR,Tanker,2026-09-22
2015-01-06,3.230471134185791,10.15999984741211,10.390000343322754,10.390000343322754,10.100000381469727,208185,CMBT.BR,Tanker,2026-09-22
2015-01-07,3.389451503753662,10.65999984741211,10.204999923706055,10.710000038146973,10.199999809265137,502026,CMBT.BR,Tanker,2026-09-22
2015-01-08,3.449864387512207,10.850000381469727,10.725000381469727,11.140000343322754,10.699999809265137,488545,CMBT.BR,Tanker,2026-09-22
2015-01-09,3.4466843605041504,10.84000015258789,10.890000343322754,11.010000228881836,10.789999961853027,3343488,CMBT.BR,Tanker,2026-09-22
2015-01-12,3.486429214477539,10.96500015258789,10.90999984741211,10.989999771118164,10.630000114440918,474774,CMBT.BR,Tanker,2026-09-22
2015-01-13,3.5357117652893066,11.119999885559082,10.944999694824219,11.149999618530273,10.869999885559082,728877,CMBT.BR,Tanker,2026-09-22
2015-01-14,3.4339652061462402,10.800000190734863,11.09000015258789,11.119999885559082,10.604999542236328,694586,CMBT.BR,Tanker,2026-09-22
2015-01-15,3.421247959136963,10.760000228881836,10.90999984741211,10.989999771118164,10.625,508133,CMBT.BR,Tanker,2026-09-22
2015-01-16,3.408529043197632,10.720000267028809,10.75,10.890000343322754,10.59000015258789,341041,CMBT.BR,Tanker,2026-09-22
2015-01-19,3.5388920307159424,11.130000114440918,10.75,11.199999809265137,10.680000305175781,486520,CMBT.BR,Tanker,2026-09-22
2015-01-20,3.4959676265716553,10.994999885559082,11.1899995803833,11.270000457763672,10.949999809265137,338044,CMBT.BR,Tanker,2026-09-22
2015-01-21,3.421247959136963,10.760000228881836,11.100000381469727,11.140000343322754,10.755000114440918,381271,CMBT.BR,Tanker,2026-09-22
2015-01-22,3.5039172172546387,11.020000457763672,10.850000381469727,11.039999961853027,10.59000015258789,657700,CMBT.BR,Tanker,2026-09-22
2015-01-23,3.459402561187744,10.880000114440918,11.1850004196167,11.829999923706055,10.625,1443621,CMBT.BR,Tanker,2026-09-22
2015-01-26,3.459402561187744,10.880000114440918,11.0,11.100000381469727,10.755000114440918,486494,CMBT.BR,Tanker,2026-09-22
2015-01-27,3.4005799293518066,10.694999694824219,10.920000076293945,10.920000076293945,10.359999656677246,580534,CMBT.BR,Tanker,2026-09-22
2015-01-28,3.3862717151641846,10.649999618530273,10.720000267028809,10.779999732971191,10.100000381469727,709884,CMBT.BR,Tanker,2026-09-22
2015-01-29,3.325859546661377,10.460000038146973,10.654999732971191,10.654999732971191,10.4399995803833,297864,CMBT.BR,Tanker,2026-09-22
2015-01-30,3.3036017417907715,10.390000343322754,10.619999885559082,10.649999618530273,10.350000381469727,351347,CMBT.BR,Tanker,2026-09-22
2015-02-02,3.1827776432037354,10.010000228881836,10.319999694824219,10.390000343322754,9.92199993133545,568097,CMBT.BR,Tanker,2026-09-22
2015-02-03,3.0524137020111084,9.600000381469727,9.979999542236328,10.029999732971191,9.390000343322754,677101,CMBT.BR,Tanker,2026-09-22
2015-02-04,3.0660853385925293,9.642999649047852,9.699999809265137,9.699999809265137,9.380000114440918,470575,CMBT.BR,Tanker,2026-09-22
2015-02-05,3.0651326179504395,9.640000343322754,9.64900016784668,9.67300033569336,9.390000343322754,349547,CMBT.BR,Tanker,2026-09-22
2015-02-06,3.17832612991333,9.996000289916992,9.699999809265137,10.0,9.699999809265137,465951,CMBT.BR,Tanker,2026-09-22
2015-02-09,3.0867536067962646,9.708000183105469,10.0,10.0,9.210000038146973,483835,CMBT.BR,Tanker,2026-09-22
2015-02-10,3.0800766944885254,9.687000274658203,9.779999732971191,9.869999885559082,9.567999839782715,347163,CMBT.BR,Tanker,2026-09-22
2015-02-11,3.195495367050171,10.050000190734863,9.600000381469727,10.050000190734863,9.520000457763672,403996,CMBT.BR,Tanker,2026-09-22
2015-02-12,3.169741630554199,9.968999862670898,10.119999885559082,10.350000381469727,9.899999618530273,339177,CMBT.BR,Tanker,2026-09-22
2015-02-13,3.2129836082458496,10.104999542236328,10.069999694824219,10.220000267028809,9.899999618530273,453775,CMBT.BR,Tanker,2026-09-22
2015-02-16,3.1449403762817383,9.890999794006348,10.149999618530273,10.149999618530273,9.857999801635742,198509,CMBT.BR,Tanker,2026-09-22
2015-02-17,3.3036017417907715,10.390000343322754,10.0,10.699999809265137,9.949999809265137,893715,CMBT.BR,Tanker,2026-09-22
2015-02-18,3.3385777473449707,10.5,10.579999923706055,10.640000343322754,10.270000457763672,562828,CMBT.BR,Tanker,2026-09-22
2015-02-19,3.3353984355926514,10.489999771118164,10.65999984741211,10.65999984741211,10.484999656677246,508207,CMBT.BR,Tanker,2026-09-22
2015-02-20,3.37355375289917,10.609999656677246,10.649999618530273,10.720000267028809,10.529999732971191,658480,CMBT.BR,Tanker,2026-09-22
2015-02-23,3.4419145584106445,10.824999809265137,10.800000190734863,10.880000114440918,10.65999984741211,481007,CMBT.BR,Tanker,2026-09-22
2015-02-24,3.4768903255462646,10.9350004196167,10.880000114440918,11.005000114440918,10.800000190734863,323431,CMBT.BR,Tanker,2026-09-22
2015-02-25,3.457813262939453,10.875,11.09000015258789,11.09000015258789,10.8149995803833,348788,CMBT.BR,Tanker,2026-09-22
2015-02-26,3.465762138366699,10.899999618530273,10.90999984741211,10.979999542236328,10.800000190734863,454502,CMBT.BR,Tanker,2026-09-22
2015-02-27,3.4339652061462402,10.800000190734863,11.0,11.0,10.579999923706055,407851,CMBT.BR,Tanker,2026-09-22
2015-03-02,3.4053492546081543,10.710000038146973,10.850000381469727,10.930000305175781,10.670000076293945,274803,CMBT.BR,Tanker,2026-09-22
2015-03-03,3.4180679321289062,10.75,10.970000267028809,10.970000267028809,10.710000038146973,360963,CMBT.BR,Tanker,2026-09-22
2015-03-04,3.438734769821167,10.8149995803833,10.970000267028809,10.970000267028809,10.760000228881836,395387,CMBT.BR,Tanker,2026-09-22
2015-03-05,3.411708354949951,10.729999542236328,10.869999885559082,10.869999885559082,10.699999809265137,256574,CMBT.BR,Tanker,2026-09-22
2015-03-06,3.3830924034118652,10.640000343322754,10.755000114440918,10.800000190734863,10.595000267028809,292430,CMBT.BR,Tanker,2026-09-22
2015-03-09,3.3671936988830566,10.59000015258789,10.744999885559082,10.744999885559082,10.300000190734863,354950,CMBT.BR,Tanker,2026-09-22
2015-03-10,3.30678129196167,10.399999618530273,10.609999656677246,10.609999656677246,10.199999809265137,307306,CMBT.BR,Tanker,2026-09-22
2015-03-11,3.3815019130706787,10.635000228881836,10.479999542236328,10.699999809265137,10.380000114440918,183087,CMBT.BR,Tanker,2026-09-22
2015-03-12,3.389451503753662,10.65999984741211,10.725000381469727,10.84000015258789,10.614999771118164,208520,CMBT.BR,Tanker,2026-09-22
2015-03-13,3.3989903926849365,10.6899995803833,10.729999542236328,10.75,10.609999656677246,128174,CMBT.BR,Tanker,2026-09-22
2015-03-16,3.449864387512207,10.850000381469727,10.760000228881836,10.890000343322754,10.704999923706055,303259,CMBT.BR,Tanker,2026-09-22
2015-03-17,3.4419145584106445,10.824999809265137,10.899999618530273,10.920000076293945,10.760000228881836,252373,CMBT.BR,Tanker,2026-09-22
2015-03-18,3.4927871227264404,10.984999656677246,10.805000305175781,10.984999656677246,10.779999732971191,299384,CMBT.BR,Tanker,2026-09-22
2015-03-19,3.529353380203247,11.100000381469727,10.949999809265137,11.100000381469727,10.90999984741211,385306,CMBT.BR,Tanker,2026-09-22
2015-03-20,3.5706892013549805,11.229999542236328,11.130000114440918,11.25,11.039999961853027,303631,CMBT.BR,Tanker,2026-09-22
2015-03-23,3.640638589859009,11.449999809265137,11.25,11.524999618530273,11.239999771118164,343038,CMBT.BR,Tanker,2026-09-22
2015-03-24,3.689923048019409,11.604999542236328,11.600000381469727,11.75,11.46500015258789,374657,CMBT.BR,Tanker,2026-09-22
2015-03-25,3.5993051528930664,11.319999694824219,11.609999656677246,11.619999885559082,11.210000038146973,436846,CMBT.BR,Tanker,2026-09-22
2015-03-26,3.6310997009277344,11.420000076293945,11.300000190734863,11.420000076293945,11.0,413259,CMBT.BR,Tanker,2026-09-22
2015-03-27,3.6358706951141357,11.4350004196167,11.479999542236328,11.579999923706055,11.260000228881836,124732,CMBT.BR,Tanker,2026-09-22
2015-03-30,3.6088430881500244,11.350000381469727,11.529999732971191,11.550000190734863,11.289999961853027,131532,CMBT.BR,Tanker,2026-09-22
2015-03-31,3.497558355331421,11.0,11.260000228881836,11.260000228881836,10.989999771118164,212543,CMBT.BR,Tanker,2026-09-22
2015-04-01,3.718538522720337,11.694999694824219,11.0,11.850000381469727,10.989999771118164,592940,CMBT.BR,Tanker,2026-09-22
2015-04-02,3.7757725715637207,11.875,11.800000190734863,11.944999694824219,11.739999771118164,585689,CMBT.BR,Tanker,2026-09-22
2015-04-07,3.7884907722473145,11.914999961853027,12.055000305175781,12.119999885559082,11.880000114440918,526063,CMBT.BR,Tanker,2026-09-22
2015-04-08,3.7900805473327637,11.920000076293945,12.069999694824219,12.069999694824219,11.729999542236328,360802,CMBT.BR,Tanker,2026-09-22
2015-04-09,3.8298254013061523,12.045000076293945,12.0,12.069999694824219,11.84000015258789,254702,CMBT.BR,Tanker,2026-09-22
2015-04-10,3.961778163909912,12.460000038146973,12.095000267028809,12.680000305175781,12.095000267028809,635413,CMBT.BR,Tanker,2026-09-22
2015-04-13,3.9967541694641113,12.569999694824219,12.675000190734863,12.75,12.5,590913,CMBT.BR,Tanker,2026-09-22
2015-04-14,3.9840357303619385,12.529999732971191,12.670000076293945,12.845000267028809,12.420000076293945,344896,CMBT.BR,Tanker,2026-09-22
2015-04-15,4.0857834815979,12.850000381469727,12.59000015258789,12.859999656677246,12.579999923706055,410373,CMBT.BR,Tanker,2026-09-22
2015-04-16,4.069885730743408,12.800000190734863,12.819999694824219,13.0,11.59000015258789,687160,CMBT.BR,Tanker,2026-09-22
2015-04-17,3.987215280532837,12.539999961853027,12.800000190734863,12.800000190734863,12.4399995803833,290583,CMBT.BR,Tanker,2026-09-22
2015-04-20,4.034909248352051,12.6899995803833,12.569999694824219,12.84000015258789,12.5600004196167,229832,CMBT.BR,Tanker,2026-09-22
2015-04-21,4.150964736938477,13.055000305175781,12.819999694824219,13.100000381469727,12.819999694824219,321489,CMBT.BR,Tanker,2026-09-22
2015-04-22,4.155734539031982,13.069999694824219,13.069999694824219,13.199999809265137,13.005000114440918,300469,CMBT.BR,Tanker,2026-09-22
2015-04-23,4.108040809631348,12.920000076293945,13.109999656677246,13.109999656677246,12.75,234634,CMBT.BR,Tanker,2026-09-22
2015-04-24,4.036499500274658,12.694999694824219,12.979999542236328,12.989999771118164,12.664999961853027,238752,CMBT.BR,Tanker,2026-09-22
2015-04-27,4.06670618057251,12.789999961853027,12.75,13.0,12.600000381469727,261996,CMBT.BR,Tanker,2026-09-22
2015-04-28,4.003113269805908,12.59000015258789,12.944999694824219,12.944999694824219,12.5600004196167,295869,CMBT.BR,Tanker,2026-09-22
2015-04-29,3.91249418258667,12.305000305175781,12.649999618530273,12.675000190734863,12.260000228881836,296887,CMBT.BR,Tanker,2026-09-22
2015-04-30,3.917264223098755,12.319999694824219,12.75,13.1899995803833,12.229999542236328,1360486,CMBT.BR,Tanker,2026-09-22
2015-05-04,3.952239513397217,12.430000305175781,12.699999809265137,12.699999809265137,12.364999771118164,313364,CMBT.BR,Tanker,2026-09-22
2015-05-05,3.9013664722442627,12.270000457763672,12.520000457763672,12.739999771118164,12.204999923706055,500498,CMBT.BR,Tanker,2026-09-22
2015-05-06,3.7884907722473145,11.914999961853027,12.1850004196167,12.255000114440918,11.824999809265137,495704,CMBT.BR,Tanker,2026-09-22
2015-05-07,3.715360403060913,11.6850004196167,11.755000114440918,11.90999984741211,10.979999542236328,976800,CMBT.BR,Tanker,2026-09-22
2015-05-08,3.8186967372894287,12.010000228881836,11.835000038146973,12.350000381469727,11.835000038146973,473282,CMBT.BR,Tanker,2026-09-22
2015-05-11,3.731257677078247,11.734999656677246,12.170000076293945,12.199999809265137,11.729999542236328,287804,CMBT.BR,Tanker,2026-09-22
2015-05-12,3.6787941455841064,11.569999694824219,11.699999809265137,11.739999771118164,11.390000343322754,288197,CMBT.BR,Tanker,2026-09-22
2015-05-13,3.7058210372924805,11.654999732971191,11.600000381469727,11.75,11.569999694824219,220214,CMBT.BR,Tanker,2026-09-22
2015-05-14,3.8552615642547607,12.125,11.720000267028809,12.15999984741211,11.640000343322754,256437,CMBT.BR,Tanker,2026-09-22
2015-05-15,3.9140849113464355,12.3100004196167,12.229999542236328,12.585000038146973,12.125,543656,CMBT.BR,Tanker,2026-09-22
2015-05-18,4.029300689697266,12.414999961853027,12.760000228881836,12.770000457763672,12.180000305175781,483172,CMBT.BR,Tanker,2026-09-22
2015-05-19,4.053641319274902,12.489999771118164,12.600000381469727,12.600000381469727,12.385000228881836,380099,CMBT.BR,Tanker,2026-09-22
2015-05-20,4.048773765563965,12.475000381469727,12.5600004196167,12.579999923706055,12.375,267667,CMBT.BR,Tanker,2026-09-22
2015-05-21,4.0714921951293945,12.545000076293945,12.510000228881836,12.569999694824219,12.399999618530273,211183,CMBT.BR,Tanker,2026-09-22
2015-05-22,4.102324485778809,12.640000343322754,12.550000190734863,12.720000267028809,12.460000038146973,184462,CMBT.BR,Tanker,2026-09-22
2015-05-25,4.108815670013428,12.65999984741211,12.729999542236328,12.75,12.600000381469727,65718,CMBT.BR,Tanker,2026-09-22
2015-05-26,4.100700855255127,12.635000228881836,12.739999771118164,12.739999771118164,12.550000190734863,166370,CMBT.BR,Tanker,2026-09-22
2015-05-27,4.073115348815918,12.550000190734863,12.680000305175781,12.680000305175781,12.430000305175781,134874,CMBT.BR,Tanker,2026-09-22
2015-05-28,4.094210147857666,12.614999771118164,12.529999732971191,12.699999809265137,12.449999809265137,168186,CMBT.BR,Tanker,2026-09-22
2015-05-29,4.055263996124268,12.494999885559082,12.649999618530273,12.720000267028809,12.404999732971191,348188,CMBT.BR,Tanker,2026-09-22
2015-06-01,3.9627673625946045,12.210000038146973,12.5,12.539999961853027,12.050000190734863,274634,CMBT.BR,Tanker,2026-09-22
2015-06-02,4.039036750793457,12.444999694824219,12.260000228881836,12.460000038146973,12.100000381469727,191347,CMBT.BR,Tanker,2026-09-22
2015-06-03,4.055263996124268,12.494999885559082,12.479999542236328,12.645000457763672,12.430000305175781,150978,CMBT.BR,Tanker,2026-09-22
2015-06-04,4.024432182312012,12.399999618530273,12.579999923706055,12.579999923706055,12.3100004196167,151946,CMBT.BR,Tanker,2026-09-22
2015-06-05,4.1266655921936035,12.71500015258789,12.420000076293945,12.739999771118164,12.154999732971191,329060,CMBT.BR,Tanker,2026-09-22
2015-06-08,4.146139144897461,12.774999618530273,12.710000038146973,12.819999694824219,12.529999732971191,208711,CMBT.BR,Tanker,2026-09-22
2015-06-09,4.105569362640381,12.649999618530273,12.770000457763672,12.779999732971191,12.359999656677246,420425,CMBT.BR,Tanker,2026-09-22
2015-06-10,4.267845630645752,13.149999618530273,12.649999618530273,13.180000305175781,12.640000343322754,352285,CMBT.BR,Tanker,2026-09-22
2015-06-11,4.222407817840576,13.010000228881836,13.119999885559082,13.194999694824219,12.904999732971191,541917,CMBT.BR,Tanker,2026-09-22
2015-06-12,4.288941860198975,13.21500015258789,13.199999809265137,13.350000381469727,13.050000190734863,367321,CMBT.BR,Tanker,2026-09-22
2015-06-15,4.271090507507324,13.15999984741211,13.100000381469727,13.225000381469727,12.649999618530273,436915,CMBT.BR,Tanker,2026-09-22
2015-06-16,4.240259170532227,13.0649995803833,12.994999885559082,13.149999618530273,12.5,464916,CMBT.BR,Tanker,2026-09-22
2015-06-17,4.316529273986816,13.300000190734863,13.0600004196167,13.350000381469727,12.800000190734863,506627,CMBT.BR,Tanker,2026-09-22
2015-06-18,4.269468784332275,13.154999732971191,13.234999656677246,13.234999656677246,12.720000267028809,383849,CMBT.BR,Tanker,2026-09-22
2015-06-19,4.361965179443359,13.4399995803833,13.145000457763672,13.4399995803833,13.125,726556,CMBT.BR,Tanker,2026-09-22
2015-06-22,4.402533531188965,13.5649995803833,13.449999809265137,13.739999771118164,13.399999618530273,454599,CMBT.BR,Tanker,2026-09-22
2015-06-23,4.436612606048584,13.670000076293945,13.680000305175781,13.824999809265137,13.600000381469727,322579,CMBT.BR,Tanker,2026-09-22
2015-06-24,4.415515422821045,13.604999542236328,13.779999732971191,13.880000114440918,13.600000381469727,255646,CMBT.BR,Tanker,2026-09-22
2015-06-25,4.345737457275391,13.390000343322754,13.600000381469727,13.664999961853027,13.345000267028809,266892,CMBT.BR,Tanker,2026-09-22
2015-06-26,4.326265811920166,13.329999923706055,13.420000076293945,13.609999656677246,13.199999809265137,396020,CMBT.BR,Tanker,2026-09-22
2015-06-29,4.34249210357666,13.380000114440918,12.9399995803833,13.515000343322754,12.5,567823,CMBT.BR,Tanker,2026-09-22
2015-06-30,4.277580738067627,13.180000305175781,13.329999923706055,13.380000114440918,13.100000381469727,249069,CMBT.BR,Tanker,2026-09-22
2015-07-01,4.438233852386475,13.675000190734863,13.345000267028809,13.84000015258789,13.1850004196167,377353,CMBT.BR,Tanker,2026-09-22
2015-07-02,4.491786479949951,13.84000015258789,13.670000076293945,13.9350004196167,13.600000381469727,336708,CMBT.BR,Tanker,2026-09-22
2015-07-03,4.520994663238525,13.930000305175781,13.84000015258789,13.949999809265137,13.774999618530273,241122,CMBT.BR,Tanker,2026-09-22
2015-07-06,4.447970867156982,13.704999923706055,13.710000038146973,13.829999923706055,13.520000457763672,307657,CMBT.BR,Tanker,2026-09-22
2015-07-07,4.353852272033691,13.414999961853027,13.75,13.75,13.399999618530273,230784,CMBT.BR,Tanker,2026-09-22
2015-07-08,4.306791305541992,13.270000457763672,13.46500015258789,13.470000267028809,13.199999809265137,201554,CMBT.BR,Tanker,2026-09-22
2015-07-09,4.353852272033691,13.414999961853027,13.270000457763672,13.579999923706055,13.270000457763672,194256,CMBT.BR,Tanker,2026-09-22
2015-07-10,4.410647392272949,13.59000015258789,13.734999656677246,14.09000015258789,13.5,486135,CMBT.BR,Tanker,2026-09-22
2015-07-13,4.535599708557129,13.975000381469727,13.84000015258789,14.0649995803833,13.71500015258789,250361,CMBT.BR,Tanker,2026-09-22
2015-07-14,4.58266019821167,14.119999885559082,13.970000267028809,14.180000305175781,13.90999984741211,215759,CMBT.BR,Tanker,2026-09-22
2015-07-15,4.6005096435546875,14.175000190734863,14.15999984741211,14.260000228881836,14.010000228881836,270760,CMBT.BR,Tanker,2026-09-22
2015-07-16,4.7027435302734375,14.489999771118164,14.199999809265137,14.649999618530273,14.1899995803833,362467,CMBT.BR,Tanker,2026-09-22
2015-07-17,4.793618202209473,14.770000457763672,14.529999732971191,14.779999732971191,14.380000114440918,320090,CMBT.BR,Tanker,2026-09-22
2015-07-20,4.900720119476318,15.100000381469727,14.875,15.145000457763672,14.829999923706055,580556,CMBT.BR,Tanker,2026-09-22
2015-07-21,4.873133659362793,15.015000343322754,15.109999656677246,15.239999771118164,14.979999542236328,290162,CMBT.BR,Tanker,2026-09-22
2015-07-22,4.835809230804443,14.899999618530273,14.994999885559082,15.100000381469727,14.829999923706055,349456,CMBT.BR,Tanker,2026-09-22
2015-07-23,4.774145603179932,14.710000038146973,14.944999694824219,15.295000076293945,14.664999961853027,499396,CMBT.BR,Tanker,2026-09-22
2015-07-24,4.641078948974609,14.300000190734863,14.670000076293945,14.989999771118164,14.194999694824219,642202,CMBT.BR,Tanker,2026-09-22
2015-07-27,4.58266019821167,14.119999885559082,14.385000228881836,14.699999809265137,14.050000190734863,436847,CMBT.BR,Tanker,2026-09-22
2015-07-28,4.70598840713501,14.5,14.225000381469727,14.550000190734863,14.154999732971191,247032,CMBT.BR,Tanker,2026-09-22
2015-07-29,4.73682165145874,14.595000267028809,14.699999809265137,14.805000305175781,14.460000038146973,335990,CMBT.BR,Tanker,2026-09-22
2015-07-30,4.621606826782227,14.239999771118164,14.829999923706055,15.100000381469727,14.100000381469727,679442,CMBT.BR,Tanker,2026-09-22
2015-07-31,4.511258602142334,13.899999618530273,14.399999618530273,14.454999923706055,13.8100004196167,748675,CMBT.BR,Tanker,2026-09-22
2015-08-03,4.623229026794434,14.244999885559082,13.930000305175781,14.489999771118164,13.930000305175781,536032,CMBT.BR,Tanker,2026-09-22
2015-08-04,4.581037521362305,14.114999771118164,14.260000228881836,14.520000457763672,14.0600004196167,425666,CMBT.BR,Tanker,2026-09-22
2015-08-05,4.407402038574219,13.579999923706055,13.5,14.029999732971191,13.300000190734863,1509169,CMBT.BR,Tanker,2026-09-22
2015-08-06,4.360342025756836,13.4350004196167,13.645000457763672,13.789999961853027,13.359999656677246,402480,CMBT.BR,Tanker,2026-09-22
2015-08-07,4.308414459228516,13.274999618530273,13.460000038146973,13.585000038146973,13.260000228881836,473614,CMBT.BR,Tanker,2026-09-22
2015-08-10,4.2646002769470215,13.140000343322754,13.28499984741211,13.4350004196167,13.119999885559082,551353,CMBT.BR,Tanker,2026-09-22
2015-08-11,4.149383544921875,12.78499984741211,13.1899995803833,13.390000343322754,12.704999923706055,694920,CMBT.BR,Tanker,2026-09-22
2015-08-12,4.029300689697266,12.414999961853027,12.779999732971191,12.949999809265137,12.265000343322754,748593,CMBT.BR,Tanker,2026-09-22
2015-08-13,4.09907865524292,12.630000114440918,12.545000076293945,12.864999771118164,12.545000076293945,830306,CMBT.BR,Tanker,2026-09-22
2015-08-14,4.146139144897461,12.774999618530273,12.75,13.039999961853027,12.675000190734863,535011,CMBT.BR,Tanker,2026-09-22
2015-08-17,4.1558756828308105,12.805000305175781,12.885000228881836,12.949999809265137,12.664999961853027,306148,CMBT.BR,Tanker,2026-09-22
2015-08-18,4.074737548828125,12.555000305175781,12.760000228881836,12.850000381469727,12.479999542236328,510664,CMBT.BR,Tanker,2026-09-22
2015-08-19,4.003335952758789,12.335000038146973,12.579999923706055,12.640000343322754,12.279999732971191,394784,CMBT.BR,Tanker,2026-09-22
2015-08-20,3.8507978916168213,11.864999771118164,12.149999618530273,12.234999656677246,11.779999732971191,668791,CMBT.BR,Tanker,2026-09-22
2015-08-21,3.7242226600646973,11.475000381469727,11.664999961853027,11.9350004196167,11.430000305175781,991143,CMBT.BR,Tanker,2026-09-22
2015-08-24,3.5327377319335938,10.885000228881836,11.130000114440918,11.270000457763672,10.479999542236328,1010876,CMBT.BR,Tanker,2026-09-22
2015-08-25,3.722599506378174,11.470000267028809,10.949999809265137,12.045000076293945,10.914999961853027,1249180,CMBT.BR,Tanker,2026-09-22
2015-08-26,3.7372045516967773,11.515000343322754,11.770000457763672,11.899999618530273,11.270000457763672,599752,CMBT.BR,Tanker,2026-09-22
2015-08-27,3.8394384384155273,11.829999923706055,11.78499984741211,11.979999542236328,11.520000457763672,611701,CMBT.BR,Tanker,2026-09-22
2015-08-28,3.912461996078491,12.055000305175781,11.925000190734863,12.079999923706055,11.640000343322754,475131,CMBT.BR,Tanker,2026-09-22
2015-08-31,3.8637797832489014,11.904999732971191,11.960000038146973,12.045000076293945,11.619999885559082,795016,CMBT.BR,Tanker,2026-09-22
2015-09-01,3.7793965339660645,11.645000457763672,11.800000190734863,11.845000267028809,11.550000190734863,314901,CMBT.BR,Tanker,2026-09-22
2015-09-02,3.784264326095581,11.65999984741211,11.710000038146973,11.890000343322754,11.510000228881836,367221,CMBT.BR,Tanker,2026-09-22
2015-09-03,4.073115348815918,12.550000190734863,11.899999618530273,12.640000343322754,11.875,797804,CMBT.BR,Tanker,2026-09-22
2015-09-04,4.07636022567749,12.5600004196167,12.574999809265137,12.90999984741211,12.5,754597,CMBT.BR,Tanker,2026-09-22
2015-09-07,4.030923366546631,12.420000076293945,12.649999618530273,12.765000343322754,12.375,180406,CMBT.BR,Tanker,2026-09-22
2015-09-08,4.035790920257568,12.4350004196167,12.444999694824219,12.579999923706055,12.300000190734863,258667,CMBT.BR,Tanker,2026-09-22
2015-09-09,4.209997653961182,12.324999809265137,12.119999885559082,12.5,12.010000228881836,619053,CMBT.BR,Tanker,2026-09-22
2015-09-10,4.109231472015381,12.029999732971191,12.305000305175781,12.40999984741211,12.0,282655,CMBT.BR,Tanker,2026-09-22
2015-09-11,4.034083366394043,11.8100004196167,12.095000267028809,12.170000076293945,11.789999961853027,248413,CMBT.BR,Tanker,2026-09-22
2015-09-14,4.027252197265625,11.789999961853027,11.845000267028809,11.890000343322754,11.649999618530273,243384,CMBT.BR,Tanker,2026-09-22
2015-09-15,4.085320949554443,11.960000038146973,11.850000381469727,12.010000228881836,11.6850004196167,226173,CMBT.BR,Tanker,2026-09-22
2015-09-16,4.2868547439575195,12.550000190734863,12.03499984741211,12.654999732971191,12.03499984741211,429062,CMBT.BR,Tanker,2026-09-22
2015-09-17,4.401284217834473,12.885000228881836,12.625,13.0,12.510000228881836,511248,CMBT.BR,Tanker,2026-09-22
2015-09-18,4.4832634925842285,13.125,12.869999885559082,13.199999809265137,12.71500015258789,661722,CMBT.BR,Tanker,2026-09-22
2015-09-21,4.534500598907471,13.274999618530273,13.050000190734863,13.40999984741211,12.835000038146973,566657,CMBT.BR,Tanker,2026-09-22
2015-09-22,4.4832634925842285,13.125,13.260000228881836,13.260000228881836,12.800000190734863,489637,CMBT.BR,Tanker,2026-09-22
2015-09-23,4.473016262054443,13.095000267028809,13.199999809265137,13.350000381469727,13.079999923706055,498775,CMBT.BR,Tanker,2026-09-22
2015-09-24,4.399576187133789,12.880000114440918,13.050000190734863,13.125,12.739999771118164,385169,CMBT.BR,Tanker,2026-09-22
2015-09-25,4.37395715713501,12.805000305175781,13.0,13.039999961853027,12.720000267028809,375790,CMBT.BR,Tanker,2026-09-22
2015-09-28,4.245863914489746,12.430000305175781,12.75,12.75,12.399999618530273,203626,CMBT.BR,Tanker,2026-09-22
2015-09-29,4.196335315704346,12.28499984741211,12.194999694824219,12.614999771118164,12.0600004196167,392367,CMBT.BR,Tanker,2026-09-22
2015-09-30,4.268067359924316,12.494999885559082,12.329999923706055,12.579999923706055,12.199999809265137,551705,CMBT.BR,Tanker,2026-09-22
2015-10-01,4.367125511169434,12.78499984741211,13.0,13.390000343322754,12.6850004196167,859398,CMBT.BR,Tanker,2026-09-22
2015-10-02,4.469600677490234,13.085000038146973,13.0,13.09000015258789,12.699999809265137,281464,CMBT.BR,Tanker,2026-09-22
2015-10-05,4.695045471191406,13.744999885559082,13.25,13.800000190734863,13.199999809265137,505322,CMBT.BR,Tanker,2026-09-22
2015-10-06,4.671133041381836,13.675000190734863,13.75,13.944999694824219,13.505000114440918,812478,CMBT.BR,Tanker,2026-09-22
2015-10-07,4.710414886474609,13.789999961853027,13.779999732971191,14.199999809265137,13.729999542236328,707227,CMBT.BR,Tanker,2026-09-22
2015-10-08,4.747990131378174,13.899999618530273,13.789999961853027,14.0600004196167,13.71500015258789,486661,CMBT.BR,Tanker,2026-09-22
2015-10-09,4.766777515411377,13.954999923706055,14.039999961853027,14.390000343322754,13.880000114440918,541766,CMBT.BR,Tanker,2026-09-22
2015-10-12,4.761652946472168,13.9399995803833,14.03499984741211,14.164999961853027,13.854999542236328,171655,CMBT.BR,Tanker,2026-09-22
2015-10-13,4.826553821563721,14.130000114440918,13.90999984741211,14.175000190734863,13.829999923706055,327663,CMBT.BR,Tanker,2026-09-22
2015-10-14,4.700169086456299,13.760000228881836,14.0600004196167,14.09000015258789,13.744999885559082,313967,CMBT.BR,Tanker,2026-09-22
2015-10-15,4.707000255584717,13.779999732971191,13.880000114440918,14.0,13.75,292623,CMBT.BR,Tanker,2026-09-22
2015-10-16,4.765068054199219,13.949999809265137,13.824999809265137,14.039999961853027,13.824999809265137,239992,CMBT.BR,Tanker,2026-09-22
2015-10-19,4.6198954582214355,13.524999618530273,13.949999809265137,14.024999618530273,13.479999542236328,317618,CMBT.BR,Tanker,2026-09-22
2015-10-20,4.683089256286621,13.710000038146973,13.510000228881836,13.725000381469727,13.484999656677246,200780,CMBT.BR,Tanker,2026-09-22
2015-10-21,4.710414886474609,13.789999961853027,13.720000267028809,13.800000190734863,13.494999885559082,266280,CMBT.BR,Tanker,2026-09-22
2015-10-22,4.669426918029785,13.670000076293945,13.699999809265137,13.729999542236328,13.5600004196167,210246,CMBT.BR,Tanker,2026-09-22
2015-10-23,4.7719011306762695,13.970000267028809,13.899999618530273,14.010000228881836,13.829999923706055,665651,CMBT.BR,Tanker,2026-09-22
2015-10-26,4.857295989990234,14.220000267028809,14.050000190734863,14.270000457763672,13.920000076293945,506591,CMBT.BR,Tanker,2026-09-22
2015-10-27,4.505466938018799,13.1899995803833,14.074999809265137,14.074999809265137,13.119999885559082,633119,CMBT.BR,Tanker,2026-09-22
2015-10-28,4.707000255584717,13.779999732971191,13.3100004196167,13.869999885559082,13.289999961853027,579189,CMBT.BR,Tanker,2026-09-22
2015-10-29,4.626728057861328,13.545000076293945,13.649999618530273,13.765000343322754,13.300000190734863,457178,CMBT.BR,Tanker,2026-09-22
2015-10-30,4.5891547203063965,13.4350004196167,13.680000305175781,13.694999694824219,13.270000457763672,421482,CMBT.BR,Tanker,2026-09-22
2015-11-02,4.671133041381836,13.675000190734863,13.414999961853027,13.845000267028809,13.414999961853027,421874,CMBT.BR,Tanker,2026-09-22
2015-11-03,4.660886287689209,13.645000457763672,13.595000267028809,13.645000457763672,13.53499984741211,372457,CMBT.BR,Tanker,2026-09-22
2015-11-04,4.669426918029785,13.670000076293945,13.670000076293945,13.875,13.640000343322754,273427,CMBT.BR,Tanker,2026-09-22
2015-11-05,4.288562774658203,12.555000305175781,12.800000190734863,12.899999618530273,12.510000228881836,1685807,CMBT.BR,Tanker,2026-09-22
2015-11-06,4.425195693969727,12.954999923706055,12.600000381469727,13.0,12.520000457763672,662678,CMBT.BR,Tanker,2026-09-22
2015-11-09,4.402992248535156,12.890000343322754,13.029999732971191,13.1899995803833,12.859999656677246,420156,CMBT.BR,Tanker,2026-09-22
2015-11-10,4.394453048706055,12.864999771118164,12.979999542236328,13.055000305175781,12.779999732971191,465539,CMBT.BR,Tanker,2026-09-22
2015-11-11,4.326135635375977,12.664999961853027,12.890000343322754,12.890000343322754,12.630000114440918,296142,CMBT.BR,Tanker,2026-09-22
2015-11-12,4.240739822387695,12.414999961853027,12.649999618530273,12.710000038146973,12.154999732971191,615888,CMBT.BR,Tanker,2026-09-22
2015-11-13,4.324427127838135,12.65999984741211,12.369999885559082,12.725000381469727,12.34000015258789,333864,CMBT.BR,Tanker,2026-09-22
2015-11-16,4.350046634674072,12.734999656677246,12.600000381469727,12.845000267028809,12.5649995803833,157441,CMBT.BR,Tanker,2026-09-22
2015-11-17,4.425195693969727,12.954999923706055,12.8100004196167,13.180000305175781,12.8100004196167,453813,CMBT.BR,Tanker,2026-09-22
2015-11-18,4.391036033630371,12.854999542236328,12.925000190734863,13.100000381469727,12.835000038146973,226651,CMBT.BR,Tanker,2026-09-22
2015-11-19,4.355170726776123,12.75,12.975000381469727,12.975000381469727,12.680000305175781,288541,CMBT.BR,Tanker,2026-09-22
2015-11-20,4.29197883605957,12.5649995803833,12.680000305175781,12.699999809265137,12.5,398111,CMBT.BR,Tanker,2026-09-22
2015-11-23,4.266359329223633,12.489999771118164,12.595000267028809,12.649999618530273,12.380000114440918,326437,CMBT.BR,Tanker,2026-09-22
2015-11-24,4.20145845413208,12.300000190734863,12.399999618530273,12.460000038146973,12.204999923706055,304102,CMBT.BR,Tanker,2026-09-22
2015-11-25,4.20145845413208,12.300000190734863,12.28499984741211,12.475000381469727,12.154999732971191,362232,CMBT.BR,Tanker,2026-09-22
2015-11-26,4.228786468505859,12.380000114440918,12.319999694824219,12.574999809265137,12.319999694824219,164883,CMBT.BR,Tanker,2026-09-22
2015-11-27,4.216830730438232,12.345000267028809,12.359999656677246,12.460000038146973,12.300000190734863,254463,CMBT.BR,Tanker,2026-09-22
2015-11-30,4.131435394287109,12.095000267028809,12.359999656677246,12.359999656677246,12.055000305175781,452569,CMBT.BR,Tanker,2026-09-22
2015-12-01,4.148512840270996,12.145000457763672,12.109999656677246,12.25,12.0600004196167,472633,CMBT.BR,Tanker,2026-09-22
2015-12-02,4.3842058181762695,12.835000038146973,12.149999618530273,13.0,12.135000228881836,899328,CMBT.BR,Tanker,2026-09-22
2015-12-03,4.283438205718994,12.539999961853027,12.835000038146973,13.199999809265137,12.5,995263,CMBT.BR,Tanker,2026-09-22
2015-12-04,4.27831506729126,12.524999618530273,12.550000190734863,12.604999542236328,12.359999656677246,336624,CMBT.BR,Tanker,2026-09-22
2015-12-07,4.29880952835083,12.585000038146973,12.75,12.960000038146973,12.545000076293945,329880,CMBT.BR,Tanker,2026-09-22
2015-12-08,4.257821083068848,12.46500015258789,12.5600004196167,12.670000076293945,12.345000267028809,353749,CMBT.BR,Tanker,2026-09-22
2015-12-09,4.1980438232421875,12.289999961853027,12.640000343322754,12.640000343322754,12.125,369374,CMBT.BR,Tanker,2026-09-22
2015-12-10,4.17413330078125,12.220000267028809,12.279999732971191,12.279999732971191,11.984999656677246,536372,CMBT.BR,Tanker,2026-09-22
2015-12-11,4.0511627197265625,11.859999656677246,12.260000228881836,12.260000228881836,11.619999885559082,499375,CMBT.BR,Tanker,2026-09-22
2015-12-14,3.9094061851501465,11.444999694824219,11.899999618530273,11.9399995803833,11.425000190734863,480982,CMBT.BR,Tanker,2026-09-22
2015-12-15,3.9401485919952393,11.53499984741211,11.53499984741211,11.835000038146973,11.390000343322754,573247,CMBT.BR,Tanker,2026-09-22
2015-12-16,4.136557579040527,12.109999656677246,11.6850004196167,12.260000228881836,11.6850004196167,507520,CMBT.BR,Tanker,2026-09-22
2015-12-17,4.109231472015381,12.029999732971191,12.279999732971191,12.329999923706055,11.930000305175781,447436,CMBT.BR,Tanker,2026-09-22
2015-12-18,4.059703350067139,11.885000228881836,11.970000267028809,12.234999656677246,11.710000038146973,561945,CMBT.BR,Tanker,2026-09-22
2015-12-21,4.090445041656494,11.975000381469727,12.024999618530273,12.220000267028809,11.949999809265137,468552,CMBT.BR,Tanker,2026-09-22
2015-12-22,4.107523441314697,12.024999618530273,12.069999694824219,12.09000015258789,11.845000267028809,416843,CMBT.BR,Tanker,2026-09-22
2015-12-23,4.189502716064453,12.265000343322754,12.119999885559082,12.359999656677246,12.020000457763672,409019,CMBT.BR,Tanker,2026-09-22
2015-12-24,4.177547931671143,12.229999542236328,12.390000343322754,12.399999618530273,12.210000038146973,92337,CMBT.BR,Tanker,2026-09-22
2015-12-28,4.107523441314697,12.024999618530273,12.40999984741211,12.40999984741211,11.949999809265137,276244,CMBT.BR,Tanker,2026-09-22
2015-12-29,4.189502716064453,12.265000343322754,12.100000381469727,12.40999984741211,12.024999618530273,319803,CMBT.BR,Tanker,2026-09-22
2015-12-30,4.242447853088379,12.420000076293945,12.329999923706055,12.449999809265137,12.199999809265137,384915,CMBT.BR,Tanker,2026-09-22
2016-01-04,4.249279975891113,12.4399995803833,12.5,12.635000228881836,12.289999961853027,371028,CMBT.BR,Tanker,2026-09-22
2016-01-05,4.1263108253479,12.079999923706055,12.574999809265137,12.574999809265137,11.925000190734863,440638,CMBT.BR,Tanker,2026-09-22
2016-01-06,4.052871227264404,11.864999771118164,12.100000381469727,12.149999618530273,11.75,273827,CMBT.BR,Tanker,2026-09-22
2016-01-07,3.936732053756714,11.524999618530273,11.649999618530273,11.649999618530273,11.0600004196167,658114,CMBT.BR,Tanker,2026-09-22
2016-01-08,3.8120546340942383,11.15999984741211,11.545000076293945,11.640000343322754,11.154999732971191,284913,CMBT.BR,Tanker,2026-09-22
2016-01-11,3.6737148761749268,10.755000114440918,11.145000457763672,11.3100004196167,10.6850004196167,620062,CMBT.BR,Tanker,2026-09-22
2016-01-12,3.413428783416748,9.993000030517578,10.529999732971191,10.869999885559082,9.701000213623047,1538400,CMBT.BR,Tanker,2026-09-22
2016-01-13,3.370389699935913,9.866999626159668,10.104999542236328,10.585000038146973,9.822999954223633,933763,CMBT.BR,Tanker,2026-09-22
2016-01-14,3.128549575805664,9.159000396728516,9.748000144958496,9.748000144958496,9.109999656677246,917520,CMBT.BR,Tanker,2026-09-22
2016-01-15,3.0947329998016357,9.0600004196167,9.380000114440918,9.607999801635742,8.880000114440918,1198931,CMBT.BR,Tanker,2026-09-22
2016-01-18,3.1920838356018066,9.345000267028809,9.11400032043457,9.53600025177002,9.109999656677246,706323,CMBT.BR,Tanker,2026-09-22
2016-01-19,3.238196849822998,9.479999542236328,9.59000015258789,9.880999565124512,9.4399995803833,761273,CMBT.BR,Tanker,2026-09-22
2016-01-20,3.1630492210388184,9.260000228881836,9.5,9.58899974822998,9.119999885559082,778743,CMBT.BR,Tanker,2026-09-22
2016-01-21,3.3765382766723633,9.885000228881836,9.350000381469727,10.029999732971191,9.350000381469727,753211,CMBT.BR,Tanker,2026-09-22
2016-01-22,3.46364164352417,10.140000343322754,10.100000381469727,10.324999809265137,9.949999809265137,505893,CMBT.BR,Tanker,2026-09-22
2016-01-25,3.5507447719573975,10.395000457763672,10.395000457763672,10.619999885559082,10.1899995803833,851275,CMBT.BR,Tanker,2026-09-22
2016-01-26,3.5422048568725586,10.369999885559082,10.300000190734863,10.5600004196167,10.015000343322754,829725,CMBT.BR,Tanker,2026-09-22
2016-01-27,3.5439131259918213,10.375,10.5,10.59000015258789,10.220000267028809,722493,CMBT.BR,Tanker,2026-09-22
2016-01-28,3.549036741256714,10.390000343322754,10.5,11.3100004196167,10.390000343322754,1258506,CMBT.BR,Tanker,2026-09-22
2016-01-29,3.6685903072357178,10.739999771118164,10.850000381469727,10.850000381469727,10.350000381469727,866137,CMBT.BR,Tanker,2026-09-22
2016-02-01,3.728367567062378,10.914999961853027,11.005000114440918,11.069999694824219,10.6850004196167,568965,CMBT.BR,Tanker,2026-09-22
2016-02-02,3.6651740074157715,10.729999542236328,11.005000114440918,11.0600004196167,10.569999694824219,553919,CMBT.BR,Tanker,2026-09-22
2016-02-03,3.4926748275756836,10.225000381469727,10.609999656677246,10.630000114440918,10.020000457763672,553491,CMBT.BR,Tanker,2026-09-22
2016-02-04,3.4773051738739014,10.180000305175781,10.444999694824219,10.550000190734863,10.170000076293945,661491,CMBT.BR,Tanker,2026-09-22
2016-02-05,3.5063397884368896,10.265000343322754,10.274999618530273,10.664999961853027,10.1850004196167,902497,CMBT.BR,Tanker,2026-09-22
2016-02-08,3.210529327392578,9.39900016784668,10.3100004196167,10.3149995803833,9.35099983215332,781578,CMBT.BR,Tanker,2026-09-22
2016-02-09,3.2207767963409424,9.428999900817871,9.399999618530273,9.722999572753906,9.35099983215332,583602,CMBT.BR,Tanker,2026-09-22
2016-02-10,3.253568649291992,9.524999618530273,9.5,9.72700023651123,9.220000267028809,658127,CMBT.BR,Tanker,2026-09-22
2016-02-11,3.211211919784546,9.401000022888184,9.529999732971191,9.64900016784668,9.140000343322754,613222,CMBT.BR,Tanker,2026-09-22
2016-02-12,3.291825771331787,9.63700008392334,9.449999809265137,9.649999618530273,9.40999984741211,333847,CMBT.BR,Tanker,2026-09-22
2016-02-15,3.3679988384246826,9.859999656677246,9.875,9.947999954223633,9.75,342641,CMBT.BR,Tanker,2026-09-22
2016-02-16,3.305147886276245,9.675999641418457,9.984999656677246,10.03499984741211,9.598999977111816,301689,CMBT.BR,Tanker,2026-09-22
2016-02-17,3.451685905456543,10.104999542236328,9.760000228881836,10.1899995803833,9.682999610900879,361128,CMBT.BR,Tanker,2026-09-22
2016-02-18,3.3960084915161133,9.942000389099121,10.364999771118164,10.364999771118164,9.899999618530273,514833,CMBT.BR,Tanker,2026-09-22
2016-02-19,3.3403306007385254,9.779000282287598,10.100000381469727,10.100000381469727,9.680000305175781,424607,CMBT.BR,Tanker,2026-09-22
2016-02-22,3.4277756214141846,10.03499984741211,9.970999717712402,10.220000267028809,9.923999786376953,372050,CMBT.BR,Tanker,2026-09-22
2016-02-23,3.4100139141082764,9.982999801635742,10.055000305175781,10.145000457763672,9.949999809265137,320281,CMBT.BR,Tanker,2026-09-22
2016-02-24,3.2484447956085205,9.510000228881836,10.015000343322754,10.029999732971191,9.5,370184,CMBT.BR,Tanker,2026-09-22
2016-02-25,3.2925093173980713,9.638999938964844,9.699999809265137,9.956999778747559,9.569999694824219,484399,CMBT.BR,Tanker,2026-09-22
2016-02-26,3.033590078353882,8.880999565124512,9.510000228881836,9.527999877929688,8.8100004196167,1712795,CMBT.BR,Tanker,2026-09-22
2016-02-29,3.156900644302368,9.241999626159668,8.880999565124512,9.241999626159668,8.66100025177002,889277,CMBT.BR,Tanker,2026-09-22
2016-03-01,3.299682378768921,9.65999984741211,9.246999740600586,9.850000381469727,9.220000267028809,681102,CMBT.BR,Tanker,2026-09-22
2016-03-02,3.196183204650879,9.357000350952148,9.684000015258789,10.069999694824219,9.279000282287598,888409,CMBT.BR,Tanker,2026-09-22
2016-03-03,3.1073718070983887,9.097000122070312,9.279999732971191,9.383999824523926,9.069999694824219,611455,CMBT.BR,Tanker,2026-09-22
2016-03-04,3.193108320236206,9.347999572753906,9.199999809265137,9.548999786376953,9.166000366210938,973313,CMBT.BR,Tanker,2026-09-22
2016-03-07,3.1664652824401855,9.270000457763672,9.300999641418457,9.442000389099121,9.151000022888184,582736,CMBT.BR,Tanker,2026-09-22
2016-03-08,3.051351547241211,8.932999610900879,9.149999618530273,9.399999618530273,8.883000373840332,671360,CMBT.BR,Tanker,2026-09-22
2016-03-09,3.0721888542175293,8.994000434875488,8.914999961853027,9.156999588012695,8.859999656677246,822869,CMBT.BR,Tanker,2026-09-22
2016-03-10,2.960491895675659,8.666999816894531,9.0,9.1850004196167,8.65999984741211,544105,CMBT.BR,Tanker,2026-09-22
2016-03-11,3.153826951980591,9.232999801635742,8.92300033569336,9.26200008392334,8.920000076293945,498574,CMBT.BR,Tanker,2026-09-22
2016-03-14,3.2484447956085205,9.510000228881836,9.366999626159668,9.678999900817871,9.331999778747559,932562,CMBT.BR,Tanker,2026-09-22
2016-03-15,3.1681735515594482,9.274999618530273,9.555000305175781,9.630000114440918,9.25100040435791,438274,CMBT.BR,Tanker,2026-09-22
2016-03-16,3.2549352645874023,9.529000282287598,9.380000114440918,9.593999862670898,9.350000381469727,412140,CMBT.BR,Tanker,2026-09-22
2016-03-17,3.2392218112945557,9.482999801635742,9.800000190734863,9.89900016784668,9.3100004196167,1138786,CMBT.BR,Tanker,2026-09-22
2016-03-18,3.2422962188720703,9.491999626159668,9.6850004196167,9.699999809265137,9.348999977111816,1002582,CMBT.BR,Tanker,2026-09-22
2016-03-21,3.1562182903289795,9.239999771118164,9.5,9.600000381469727,9.050999641418457,751683,CMBT.BR,Tanker,2026-09-22
2016-03-22,3.0950746536254883,9.060999870300293,9.149999618530273,9.159000396728516,8.928000450134277,568032,CMBT.BR,Tanker,2026-09-22
2016-03-23,3.061941146850586,8.96399974822998,9.116000175476074,9.15999984741211,8.848999977111816,609216,CMBT.BR,Tanker,2026-09-22
2016-03-24,3.0711636543273926,8.991000175476074,8.960000038146973,9.029999732971191,8.800000190734863,570879,CMBT.BR,Tanker,2026-09-22
2016-03-29,3.0093376636505127,8.8100004196167,9.118000030517578,9.182999610900879,8.710000038146973,479624,CMBT.BR,Tanker,2026-09-22
2016-03-30,3.132648468017578,9.170999526977539,8.88700008392334,9.1899995803833,8.88700008392334,555753,CMBT.BR,Tanker,2026-09-22
2016-03-31,3.0711636543273926,8.991000175476074,9.17300033569336,9.1899995803833,8.928000450134277,364291,CMBT.BR,Tanker,2026-09-22
2016-04-01,2.992941379547119,8.76200008392334,8.925999641418457,8.930000305175781,8.66100025177002,546152,CMBT.BR,Tanker,2026-09-22
2016-04-04,3.0981483459472656,9.069999694824219,8.795000076293945,9.095000267028809,8.701000213623047,426734,CMBT.BR,Tanker,2026-09-22
2016-04-05,2.95058536529541,8.637999534606934,8.85099983215332,8.906000137329102,8.600000381469727,641142,CMBT.BR,Tanker,2026-09-22
2016-04-06,3.0212931632995605,8.845000267028809,8.684000015258789,8.925999641418457,8.684000015258789,417272,CMBT.BR,Tanker,2026-09-22
2016-04-07,3.0308573246002197,8.873000144958496,8.986000061035156,9.130000114440918,8.845000267028809,527799,CMBT.BR,Tanker,2026-09-22
2016-04-08,3.020268440246582,8.842000007629395,8.979000091552734,9.039999961853027,8.84000015258789,326259,CMBT.BR,Tanker,2026-09-22
2016-04-11,3.013437032699585,8.821999549865723,8.88599967956543,9.003000259399414,8.75,528224,CMBT.BR,Tanker,2026-09-22
2016-04-12,3.048619508743286,8.925000190734863,8.871999740600586,8.989999771118164,8.82800006866455,445009,CMBT.BR,Tanker,2026-09-22
2016-04-13,3.1664652824401855,9.270000457763672,8.960000038146973,9.270000457763672,8.960000038146973,531585,CMBT.BR,Tanker,2026-09-22
2016-04-14,3.2969491481781006,9.652000427246094,9.399999618530273,9.70199966430664,9.35099983215332,819467,CMBT.BR,Tanker,2026-09-22
2016-04-15,3.3270082473754883,9.739999771118164,9.670000076293945,9.829999923706055,9.595999717712402,401383,CMBT.BR,Tanker,2026-09-22
2016-04-18,3.26552414894104,9.5600004196167,9.644000053405762,9.6899995803833,9.449999809265137,469877,CMBT.BR,Tanker,2026-09-22
2016-04-19,3.316761016845703,9.710000038146973,9.642999649047852,9.819999694824219,9.619999885559082,462747,CMBT.BR,Tanker,2026-09-22
2016-04-20,3.402155876159668,9.960000038146973,9.829999923706055,10.069999694824219,9.78499984741211,573089,CMBT.BR,Tanker,2026-09-22
2016-04-21,3.3847365379333496,9.909000396728516,10.039999961853027,10.0600004196167,9.800000190734863,347206,CMBT.BR,Tanker,2026-09-22
2016-04-22,3.4158196449279785,10.0,9.984000205993652,10.09000015258789,9.850000381469727,379609,CMBT.BR,Tanker,2026-09-22
2016-04-25,3.4397313594818115,10.069999694824219,10.09000015258789,10.21500015258789,9.986000061035156,524651,CMBT.BR,Tanker,2026-09-22
2016-04-26,3.316761016845703,9.710000038146973,10.010000228881836,10.140000343322754,9.670000076293945,703552,CMBT.BR,Tanker,2026-09-22
2016-04-27,3.409672260284424,9.982000350952148,10.0,10.890000343322754,9.899999618530273,2072245,CMBT.BR,Tanker,2026-09-22
2016-04-28,3.406256675720215,9.972000122070312,10.069999694824219,10.154999732971191,9.875,663166,CMBT.BR,Tanker,2026-09-22
2016-04-29,3.279186964035034,9.600000381469727,9.954000473022461,9.984999656677246,9.5,1259672,CMBT.BR,Tanker,2026-09-22
2016-05-02,3.2033562660217285,9.378000259399414,9.550000190734863,9.57800006866455,9.345999717712402,413520,CMBT.BR,Tanker,2026-09-22
2016-05-03,3.1664652824401855,9.270000457763672,9.539999961853027,9.539999961853027,9.236000061035156,609325,CMBT.BR,Tanker,2026-09-22
2016-05-04,3.17637038230896,9.298999786376953,9.220999717712402,9.390999794006348,9.112000465393066,849684,CMBT.BR,Tanker,2026-09-22
2016-05-05,3.268939733505249,9.569999694824219,9.375,9.642000198364258,9.35099983215332,341905,CMBT.BR,Tanker,2026-09-22
2016-05-06,3.1941332817077637,9.35099983215332,9.456999778747559,9.456999778747559,9.199999809265137,427291,CMBT.BR,Tanker,2026-09-22
2016-05-09,3.116593837738037,9.12399959564209,9.359000205993652,9.48799991607666,9.100000381469727,393270,CMBT.BR,Tanker,2026-09-22
2016-05-10,3.212920665740967,9.406000137329102,9.36299991607666,9.470000267028809,9.045000076293945,1119282,CMBT.BR,Tanker,2026-09-22
2016-05-11,3.238196849822998,9.479999542236328,9.46500015258789,9.5,9.175999641418457,509329,CMBT.BR,Tanker,2026-09-22
2016-05-12,3.228975296020508,9.45300006866455,9.519000053405762,9.6850004196167,9.369000434875488,618451,CMBT.BR,Tanker,2026-09-22
2016-05-13,3.268939733505249,9.569999694824219,9.350000381469727,9.569999694824219,9.289999961853027,506578,CMBT.BR,Tanker,2026-09-22
2016-05-16,3.2692818641662598,9.571000099182129,9.569999694824219,9.656000137329102,9.42300033569336,236082,CMBT.BR,Tanker,2026-09-22
2016-05-17,3.451967477798462,9.239999771118164,9.086000442504883,9.348999977111816,9.0600004196167,546160,CMBT.BR,Tanker,2026-09-22
2016-05-18,3.4276838302612305,9.175000190734863,9.09000015258789,9.265000343322754,9.039999961853027,586704,CMBT.BR,Tanker,2026-09-22
2016-05-19,3.276005506515503,8.769000053405762,9.012999534606934,9.069000244140625,8.732999801635742,786898,CMBT.BR,Tanker,2026-09-22
2016-05-20,3.29319167137146,8.8149995803833,8.717000007629395,8.89799976348877,8.633999824523926,724862,CMBT.BR,Tanker,2026-09-22
2016-05-23,3.280862808227539,8.781999588012695,8.800000190734863,8.899999618530273,8.704000473022461,662927,CMBT.BR,Tanker,2026-09-22
2016-05-24,3.307013988494873,8.85200023651123,8.75,8.98799991607666,8.690999984741211,571792,CMBT.BR,Tanker,2026-09-22
2016-05-25,3.307386636734009,8.852999687194824,8.89799976348877,8.975000381469727,8.843999862670898,656526,CMBT.BR,Tanker,2026-09-22
2016-05-26,3.3548336029052734,8.979999542236328,8.975000381469727,9.206000328063965,8.906000137329102,631256,CMBT.BR,Tanker,2026-09-22
2016-05-27,3.3694043159484863,9.019000053405762,9.050999641418457,9.055999755859375,8.88599967956543,332889,CMBT.BR,Tanker,2026-09-22
2016-05-30,3.4108729362487793,9.130000114440918,9.083000183105469,9.197999954223633,9.050000190734863,187021,CMBT.BR,Tanker,2026-09-22
2016-05-31,3.469151496887207,9.28600025177002,9.151000022888184,9.321000099182129,9.031000137329102,760185,CMBT.BR,Tanker,2026-09-22
2016-06-01,3.4370229244232178,9.199999809265137,9.350000381469727,9.449999809265137,9.107000350952148,621164,CMBT.BR,Tanker,2026-09-22
2016-06-02,3.36118483543396,8.996999740600586,9.177000045776367,9.26200008392334,8.996999740600586,349764,CMBT.BR,Tanker,2026-09-22
2016-06-03,3.4359018802642822,9.196999549865723,9.184000015258789,9.479000091552734,9.133000373840332,609714,CMBT.BR,Tanker,2026-09-22
2016-06-06,3.4631741046905518,9.270000457763672,9.217000007629395,9.295000076293945,9.154000282287598,289398,CMBT.BR,Tanker,2026-09-22
2016-06-07,3.503894805908203,9.378999710083008,9.350000381469727,9.513999938964844,9.300999641418457,435093,CMBT.BR,Tanker,2026-09-22
2016-06-08,3.5065109729766846,9.38599967956543,9.397000312805176,9.545999526977539,9.380000114440918,597544,CMBT.BR,Tanker,2026-09-22
2016-06-09,3.5580668449401855,9.52400016784668,9.399999618530273,9.640000343322754,9.309000015258789,750722,CMBT.BR,Tanker,2026-09-22
2016-06-10,3.4015321731567383,9.104999542236328,9.394000053405762,9.458000183105469,9.069999694824219,620145,CMBT.BR,Tanker,2026-09-22
2016-06-13,3.2689077854156494,8.75,9.0,9.043000221252441,8.75,844896,CMBT.BR,Tanker,2026-09-22
2016-06-14,3.121713638305664,8.355999946594238,8.649999618530273,8.708000183105469,8.34000015258789,882606,CMBT.BR,Tanker,2026-09-22
2016-06-15,3.095562219619751,8.28600025177002,8.345999717712402,8.529000282287598,8.260000228881836,537940,CMBT.BR,Tanker,2026-09-22
2016-06-16,2.970036029815674,7.949999809265137,8.180000305175781,8.25100040435791,7.879000186920166,793227,CMBT.BR,Tanker,2026-09-22
2016-06-17,3.119097948074341,8.348999977111816,8.001999855041504,8.394000053405762,7.991000175476074,2564149,CMBT.BR,Tanker,2026-09-22
2016-06-20,3.1344153881073,8.390000343322754,8.350000381469727,8.600000381469727,8.348999977111816,598186,CMBT.BR,Tanker,2026-09-22
2016-06-21,3.111253023147583,8.32800006866455,8.350000381469727,8.458999633789062,8.270999908447266,426836,CMBT.BR,Tanker,2026-09-22
2016-06-22,3.126570224761963,8.369000434875488,8.461999893188477,8.461999893188477,8.314000129699707,290944,CMBT.BR,Tanker,2026-09-22
2016-06-23,3.1829824447631836,8.520000457763672,8.416999816894531,8.597000122070312,8.326000213623047,306896,CMBT.BR,Tanker,2026-09-22
2016-06-24,3.054093837738037,8.175000190734863,7.889999866485596,8.260000228881836,7.699999809265137,883692,CMBT.BR,Tanker,2026-09-22
2016-06-27,2.9894633293151855,8.001999855041504,8.199999809265137,8.272000312805176,7.960000038146973,811236,CMBT.BR,Tanker,2026-09-22
2016-06-28,3.0010440349578857,8.032999992370605,8.222000122070312,8.284000396728516,8.01099967956543,597952,CMBT.BR,Tanker,2026-09-22
2016-06-29,3.1344153881073,8.390000343322754,8.300000190734863,8.520000457763672,8.199999809265137,469153,CMBT.BR,Tanker,2026-09-22
2016-06-30,3.079871416091919,8.244000434875488,8.399999618530273,8.446999549865723,8.15999984741211,628912,CMBT.BR,Tanker,2026-09-22
2016-07-01,3.160567045211792,8.460000038146973,8.246999740600586,8.460000038146973,8.170000076293945,629755,CMBT.BR,Tanker,2026-09-22
2016-07-04,3.0936942100524902,8.281000137329102,8.5,8.5,8.222000122070312,283296,CMBT.BR,Tanker,2026-09-22
2016-07-05,2.9558403491973877,7.9120001792907715,8.272000312805176,8.27400016784668,7.860000133514404,836377,CMBT.BR,Tanker,2026-09-22
2016-07-06,2.8856048583984375,7.723999977111816,7.986999988555908,7.986999988555908,7.7210001945495605,886639,CMBT.BR,Tanker,2026-09-22
2016-07-07,2.9027903079986572,7.769999980926514,7.875,8.062999725341797,7.769999980926514,443849,CMBT.BR,Tanker,2026-09-22
2016-07-08,2.88336443901062,7.7179999351501465,7.75,7.86299991607666,7.709000110626221,552472,CMBT.BR,Tanker,2026-09-22
2016-07-11,2.9767611026763916,7.9679999351501465,7.90500020980835,8.053000450134277,7.875,357636,CMBT.BR,Tanker,2026-09-22
2016-07-12,3.016361713409424,8.074000358581543,8.079999923706055,8.104999542236328,7.98799991607666,417140,CMBT.BR,Tanker,2026-09-22
2016-07-13,2.9950668811798096,8.017000198364258,8.111000061035156,8.243000030517578,8.010000228881836,431295,CMBT.BR,Tanker,2026-09-22
2016-07-14,2.9849791526794434,7.989999771118164,8.095999717712402,8.095999717712402,7.870999813079834,376341,CMBT.BR,Tanker,2026-09-22
2016-07-15,2.96256422996521,7.929999828338623,7.965000152587891,7.998000144958496,7.861999988555908,233276,CMBT.BR,Tanker,2026-09-22
2016-07-18,2.9592015743255615,7.921000003814697,8.0,8.08899974822998,7.913000106811523,264335,CMBT.BR,Tanker,2026-09-22
2016-07-19,2.9782555103302,7.9720001220703125,8.03499984741211,8.15999984741211,7.960000038146973,399906,CMBT.BR,Tanker,2026-09-22
2016-07-20,2.973771810531616,7.960000038146973,8.060999870300293,8.116999626159668,7.931000232696533,554630,CMBT.BR,Tanker,2026-09-22
2016-07-21,3.068664312362671,8.21399974822998,8.062000274658203,8.270000457763672,7.995999813079834,623130,CMBT.BR,Tanker,2026-09-22
2016-07-22,3.018228530883789,8.079000473022461,8.118000030517578,8.145000457763672,7.980000019073486,388188,CMBT.BR,Tanker,2026-09-22
2016-07-25,3.0757622718811035,8.232999801635742,8.154000282287598,8.3100004196167,8.04699993133545,353103,CMBT.BR,Tanker,2026-09-22
2016-07-26,3.045874834060669,8.152999877929688,8.239999771118164,8.267999649047852,8.027999877929688,415506,CMBT.BR,Tanker,2026-09-22
2016-07-27,3.072399377822876,8.223999977111816,8.1850004196167,8.319999694824219,8.15999984741211,410657,CMBT.BR,Tanker,2026-09-22
2016-07-28,2.902416706085205,7.769000053405762,8.152999877929688,8.152999877929688,7.650000095367432,1011378,CMBT.BR,Tanker,2026-09-22
2016-07-29,2.876638650894165,7.699999809265137,7.800000190734863,7.835999965667725,7.659999847412109,614114,CMBT.BR,Tanker,2026-09-22
2016-08-01,2.857959508895874,7.650000095367432,7.800000190734863,7.800000190734863,7.546000003814697,726334,CMBT.BR,Tanker,2026-09-22
2016-08-02,2.8176116943359375,7.541999816894531,7.551000118255615,7.6020002365112305,7.451000213623047,785776,CMBT.BR,Tanker,2026-09-22
2016-08-03,2.8146238327026367,7.533999919891357,7.510000228881836,7.570000171661377,7.420000076293945,641806,CMBT.BR,Tanker,2026-09-22
2016-08-04,2.8915822505950928,7.739999771118164,7.758999824523926,7.936999797821045,7.702000141143799,440386,CMBT.BR,Tanker,2026-09-22
2016-08-05,2.9352917671203613,7.85699987411499,7.769999980926514,7.861999988555908,7.672999858856201,308122,CMBT.BR,Tanker,2026-09-22
2016-08-08,2.996561288833618,8.020999908447266,7.900000095367432,8.029999732971191,7.877999782562256,401568,CMBT.BR,Tanker,2026-09-22
2016-08-09,2.992077350616455,8.008999824523926,8.048999786376953,8.12399959564209,8.005999565124512,437788,CMBT.BR,Tanker,2026-09-22
2016-08-10,2.9506099224090576,7.8979997634887695,8.0,8.00100040435791,7.831999778747559,291712,CMBT.BR,Tanker,2026-09-22
2016-08-11,2.9326775074005127,7.849999904632568,7.918000221252441,7.942999839782715,7.790999889373779,367070,CMBT.BR,Tanker,2026-09-22
2016-08-12,3.0036590099334717,8.039999961853027,7.867000102996826,8.060999870300293,7.867000102996826,305578,CMBT.BR,Tanker,2026-09-22
2016-08-15,3.0059010982513428,8.045999526977539,8.055000305175781,8.114999771118164,7.989999771118164,190665,CMBT.BR,Tanker,2026-09-22
2016-08-16,3.011878252029419,8.062000274658203,8.149999618530273,8.246999740600586,8.031000137329102,280801,CMBT.BR,Tanker,2026-09-22
2016-08-17,2.962938070297241,7.931000232696533,8.187000274658203,8.187000274658203,7.900000095367432,383247,CMBT.BR,Tanker,2026-09-22
2016-08-18,2.9711570739746094,7.953000068664551,7.949999809265137,7.980999946594238,7.900000095367432,415722,CMBT.BR,Tanker,2026-09-22
2016-08-19,2.9692893028259277,7.947999954223633,7.96999979019165,7.99399995803833,7.900000095367432,227182,CMBT.BR,Tanker,2026-09-22
2016-08-22,2.9999232292175293,8.029999732971191,7.913000106811523,8.083999633789062,7.900000095367432,337337,CMBT.BR,Tanker,2026-09-22
2016-08-23,3.078003168106079,8.23900032043457,8.090999603271484,8.260000228881836,8.071000099182129,248907,CMBT.BR,Tanker,2026-09-22
2016-08-24,3.1157357692718506,8.34000015258789,8.312000274658203,8.505999565124512,8.279999732971191,402171,CMBT.BR,Tanker,2026-09-22
2016-08-25,2.863562822341919,7.664999961853027,8.055999755859375,8.14900016784668,7.550000190734863,1139950,CMBT.BR,Tanker,2026-09-22
2016-08-26,2.9065263271331787,7.78000020980835,7.699999809265137,7.827000141143799,7.539000034332275,581564,CMBT.BR,Tanker,2026-09-22
2016-08-29,2.839280128479004,7.599999904632568,7.646999835968018,7.6620001792907715,7.5320000648498535,441453,CMBT.BR,Tanker,2026-09-22
2016-08-30,2.962191104888916,7.928999900817871,7.795000076293945,7.933000087738037,7.741000175476074,500108,CMBT.BR,Tanker,2026-09-22
2016-08-31,2.9225900173187256,7.822999954223633,7.928999900817871,7.952000141143799,7.801000118255615,315678,CMBT.BR,Tanker,2026-09-22
2016-09-01,2.9027903079986572,7.769999980926514,7.879000186920166,7.965000152587891,7.735000133514404,267675,CMBT.BR,Tanker,2026-09-22
2016-09-02,2.9550931453704834,7.909999847412109,7.826000213623047,7.923999786376953,7.760000228881836,255197,CMBT.BR,Tanker,2026-09-22
2016-09-05,2.9696624279022217,7.948999881744385,7.949999809265137,7.989999771118164,7.889999866485596,334155,CMBT.BR,Tanker,2026-09-22
2016-09-06,2.977881908416748,7.9710001945495605,7.949999809265137,8.024999618530273,7.894999980926514,294076,CMBT.BR,Tanker,2026-09-22
2016-09-07,3.0208449363708496,8.086000442504883,8.017000198364258,8.114999771118164,7.964000225067139,219733,CMBT.BR,Tanker,2026-09-22
2016-09-08,3.1004183292388916,8.298999786376953,8.142000198364258,8.300000190734863,8.095999717712402,313454,CMBT.BR,Tanker,2026-09-22
2016-09-09,3.0477428436279297,8.157999992370605,8.300000190734863,8.380000114440918,8.116000175476074,226037,CMBT.BR,Tanker,2026-09-22
2016-09-12,2.9379074573516846,7.863999843597412,8.0,8.003000259399414,7.758999824523926,411070,CMBT.BR,Tanker,2026-09-22
2016-09-13,2.876265287399292,7.698999881744385,7.916999816894531,7.916999816894531,7.683000087738037,458852,CMBT.BR,Tanker,2026-09-22
2016-09-14,2.8463785648345947,7.61899995803833,7.75,7.75,7.585000038146973,452056,CMBT.BR,Tanker,2026-09-22
2016-09-15,2.8732762336730957,7.690999984741211,7.599999904632568,7.714000225067139,7.480000019073486,648324,CMBT.BR,Tanker,2026-09-22
2016-09-16,2.8856048583984375,7.723999977111816,7.659999847412109,7.730999946594238,7.500999927520752,670085,CMBT.BR,Tanker,2026-09-22
2016-09-19,2.9196016788482666,7.815000057220459,7.822999954223633,7.888000011444092,7.732999801635742,397814,CMBT.BR,Tanker,2026-09-22
2016-09-20,2.9746580123901367,7.4019999504089355,7.506999969482422,7.550000190734863,7.329999923706055,412346,CMBT.BR,Tanker,2026-09-22
2016-09-21,2.9911346435546875,7.442999839782715,7.400000095367432,7.550000190734863,7.400000095367432,416912,CMBT.BR,Tanker,2026-09-22
2016-09-22,3.033733367919922,7.548999786376953,7.420000076293945,7.607999801635742,7.420000076293945,344339,CMBT.BR,Tanker,2026-09-22
2016-09-23,2.985909938812256,7.429999828338623,7.485000133514404,7.605000019073486,7.429999828338623,514570,CMBT.BR,Tanker,2026-09-22
2016-09-26,2.9280409812927246,7.285999774932861,7.400000095367432,7.400000095367432,7.21999979019165,553148,CMBT.BR,Tanker,2026-09-22
2016-09-27,2.7889935970306396,6.940000057220459,7.159999847412109,7.185999870300293,6.889999866485596,1108804,CMBT.BR,Tanker,2026-09-22
2016-09-28,2.7849740982055664,6.929999828338623,6.935999870300293,7.09499979019165,6.909999847412109,555246,CMBT.BR,Tanker,2026-09-22
2016-09-29,2.7889935970306396,6.940000057220459,7.03000020980835,7.090000152587891,6.9019999504089355,678145,CMBT.BR,Tanker,2026-09-22
2016-09-30,2.737553596496582,6.811999797821045,6.7769999504089355,6.863999843597412,6.545000076293945,952403,CMBT.BR,Tanker,2026-09-22
2016-10-03,2.669637441635132,6.64300012588501,6.849999904632568,6.88100004196167,6.614999771118164,562956,CMBT.BR,Tanker,2026-09-22
2016-10-04,2.7427783012390137,6.824999809265137,6.699999809265137,6.881999969482422,6.690999984741211,514767,CMBT.BR,Tanker,2026-09-22
2016-10-05,2.789796829223633,6.941999912261963,6.880000114440918,7.099999904632568,6.833000183105469,636458,CMBT.BR,Tanker,2026-09-22
2016-10-06,2.913573980331421,7.25,7.072999954223633,7.289999961853027,7.025000095367432,702455,CMBT.BR,Tanker,2026-09-22
2016-10-07,2.924825668334961,7.2779998779296875,7.40500020980835,7.453999996185303,7.202000141143799,666035,CMBT.BR,Tanker,2026-09-22
2016-10-10,2.976667642593384,7.4070000648498535,7.361000061035156,7.449999809265137,7.289000034332275,426487,CMBT.BR,Tanker,2026-09-22
2016-10-11,2.9360785484313965,7.306000232696533,7.401000022888184,7.53000020980835,7.28000020980835,471491,CMBT.BR,Tanker,2026-09-22
2016-10-12,2.875797748565674,7.156000137329102,7.24399995803833,7.340000152587891,7.145999908447266,522001,CMBT.BR,Tanker,2026-09-22
2016-10-13,2.8050684928894043,6.980000019073486,7.020999908447266,7.074999809265137,6.889999866485596,695834,CMBT.BR,Tanker,2026-09-22
2016-10-14,2.871778964996338,7.145999908447266,7.039999961853027,7.21999979019165,7.038000106811523,395453,CMBT.BR,Tanker,2026-09-22
2016-10-17,2.861330270767212,7.119999885559082,7.276000022888184,7.276000022888184,7.099999904632568,359675,CMBT.BR,Tanker,2026-09-22
2016-10-18,2.874591588973999,7.1529998779296875,7.1529998779296875,7.247000217437744,7.130000114440918,478959,CMBT.BR,Tanker,2026-09-22
2016-10-19,2.9400970935821533,7.315999984741211,7.205999851226807,7.326000213623047,7.179999828338623,361109,CMBT.BR,Tanker,2026-09-22
2016-10-20,2.962200164794922,7.370999813079834,7.349999904632568,7.46999979019165,7.328999996185303,373224,CMBT.BR,Tanker,2026-09-22
2016-10-21,3.0060038566589355,7.480000019073486,7.446000099182129,7.5,7.389999866485596,296345,CMBT.BR,Tanker,2026-09-22
2016-10-24,2.9915366172790527,7.443999767303467,7.460000038146973,7.584000110626221,7.442999839782715,435780,CMBT.BR,Tanker,2026-09-22
2016-10-25,2.9915366172790527,7.443999767303467,7.46999979019165,7.558000087738037,7.434000015258789,366924,CMBT.BR,Tanker,2026-09-22
2016-10-26,2.9449193477630615,7.328000068664551,7.460000038146973,7.460000038146973,7.289999961853027,327795,CMBT.BR,Tanker,2026-09-22
2016-10-27,2.909554958343506,7.239999771118164,7.164000034332275,7.324999809265137,7.13100004196167,638809,CMBT.BR,Tanker,2026-09-22
2016-10-28,2.889460802078247,7.190000057220459,7.230000019073486,7.3429999351501465,7.105000019073486,707760,CMBT.BR,Tanker,2026-09-22
2016-10-31,2.8689656257629395,7.138999938964844,7.059999942779541,7.449999809265137,6.860000133514404,903890,CMBT.BR,Tanker,2026-09-22
2016-11-01,2.8713765144348145,7.144999980926514,7.122000217437744,7.309000015258789,7.122000217437744,425526,CMBT.BR,Tanker,2026-09-22
2016-11-02,2.6310572624206543,6.546999931335449,7.057000160217285,7.066999912261963,6.53000020980835,1195988,CMBT.BR,Tanker,2026-09-22
2016-11-03,2.680487632751465,6.670000076293945,6.677999973297119,6.789999961853027,6.611000061035156,612685,CMBT.BR,Tanker,2026-09-22
2016-11-04,2.6282436847686768,6.539999961853027,6.699999809265137,6.730000019073486,6.460000038146973,694463,CMBT.BR,Tanker,2026-09-22
2016-11-07,2.6648151874542236,6.63100004196167,6.599999904632568,6.668000221252441,6.497000217437744,530466,CMBT.BR,Tanker,2026-09-22
2016-11-08,2.608954429626465,6.492000102996826,6.583000183105469,6.583000183105469,6.309999942779541,661000,CMBT.BR,Tanker,2026-09-22
2016-11-09,2.602926015853882,6.4770002365112305,6.25,6.489999771118164,6.2129998207092285,774658,CMBT.BR,Tanker,2026-09-22
2016-11-10,2.7041983604431152,6.729000091552734,6.60699987411499,6.810999870300293,6.579999923706055,579843,CMBT.BR,Tanker,2026-09-22
2016-11-11,2.6499452590942383,6.593999862670898,6.927000045776367,6.940000057220459,6.559000015258789,620498,CMBT.BR,Tanker,2026-09-22
2016-11-14,2.712637424468994,6.75,6.7270002365112305,6.809000015258789,6.627999782562256,426143,CMBT.BR,Tanker,2026-09-22
2016-11-15,2.7640771865844727,6.877999782562256,6.839000225067139,6.879000186920166,6.738999843597412,356801,CMBT.BR,Tanker,2026-09-22
2016-11-16,2.7845723628997803,6.928999900817871,6.860000133514404,6.929999828338623,6.701000213623047,647316,CMBT.BR,Tanker,2026-09-22
2016-11-17,2.8307881355285645,7.044000148773193,6.934999942779541,7.113999843597412,6.875,471767,CMBT.BR,Tanker,2026-09-22
2016-11-18,2.846461296081543,7.083000183105469,6.9730000495910645,7.109000205993652,6.9070000648498535,533517,CMBT.BR,Tanker,2026-09-22
2016-11-21,2.8380212783813477,7.061999797821045,7.044000148773193,7.125,6.909999847412109,361941,CMBT.BR,Tanker,2026-09-22
2016-11-22,2.9409008026123047,7.317999839782715,7.199999809265137,7.380000114440918,7.171999931335449,406244,CMBT.BR,Tanker,2026-09-22
2016-11-23,2.865349292755127,7.130000114440918,7.2789998054504395,7.3480000495910645,7.111000061035156,473847,CMBT.BR,Tanker,2026-09-22
2016-11-24,2.901517629623413,7.21999979019165,7.130000114440918,7.255000114440918,7.130000114440918,223013,CMBT.BR,Tanker,2026-09-22
2016-11-25,2.8709750175476074,7.144000053405762,7.256999969482422,7.256999969482422,7.120999813079834,237420,CMBT.BR,Tanker,2026-09-22
2016-11-28,2.8412365913391113,7.070000171661377,7.159999847412109,7.171999931335449,7.01800012588501,276880,CMBT.BR,Tanker,2026-09-22
2016-11-29,2.861731767654419,7.120999813079834,6.988999843597412,7.120999813079834,6.938000202178955,467993,CMBT.BR,Tanker,2026-09-22
2016-11-30,2.831993579864502,7.046999931335449,7.139999866485596,7.159999847412109,7.014999866485596,501642,CMBT.BR,Tanker,2026-09-22
2016-12-01,2.612168550491333,6.5,6.800000190734863,6.892000198364258,6.4120001792907715,1303940,CMBT.BR,Tanker,2026-09-22
2016-12-02,2.5788142681121826,6.416999816894531,6.48199987411499,6.505000114440918,6.415999889373779,493859,CMBT.BR,Tanker,2026-09-22
2016-12-05,2.5715811252593994,6.39900016784668,6.385000228881836,6.489999771118164,6.256999969482422,830936,CMBT.BR,Tanker,2026-09-22
2016-12-06,2.6125717163085938,6.500999927520752,6.400000095367432,6.519999980926514,6.375,662515,CMBT.BR,Tanker,2026-09-22
2016-12-07,2.612973213195801,6.501999855041504,6.510000228881836,6.564000129699707,6.466000080108643,396187,CMBT.BR,Tanker,2026-09-22
2016-12-08,2.7805540561676025,6.919000148773193,6.688000202178955,6.920000076293945,6.64900016784668,597424,CMBT.BR,Tanker,2026-09-22
2016-12-09,2.812302589416504,6.998000144958496,6.9770002365112305,7.052999973297119,6.889999866485596,621326,CMBT.BR,Tanker,2026-09-22
2016-12-12,2.783367395401001,6.926000118255615,6.989999771118164,7.031000137329102,6.870999813079834,607153,CMBT.BR,Tanker,2026-09-22
2016-12-13,2.7496097087860107,6.8420000076293945,6.85099983215332,6.99399995803833,6.8420000076293945,455869,CMBT.BR,Tanker,2026-09-22
2016-12-14,2.7749276161193848,6.90500020980835,6.835999965667725,7.007999897003174,6.829999923706055,942699,CMBT.BR,Tanker,2026-09-22
2016-12-15,2.795825242996216,6.956999778747559,6.999000072479248,7.03000020980835,6.882999897003174,567728,CMBT.BR,Tanker,2026-09-22
2016-12-16,2.89267635345459,7.197999954223633,7.001999855041504,7.24399995803833,7.001999855041504,715634,CMBT.BR,Tanker,2026-09-22
2016-12-19,2.865349292755127,7.130000114440918,7.317999839782715,7.323999881744385,7.070000171661377,521157,CMBT.BR,Tanker,2026-09-22
2016-12-20,2.913573980331421,7.25,7.130000114440918,7.290999889373779,7.065999984741211,419280,CMBT.BR,Tanker,2026-09-22
2016-12-21,3.0244901180267334,7.526000022888184,7.291999816894531,7.539999961853027,7.256999969482422,615901,CMBT.BR,Tanker,2026-09-22
2016-12-22,2.9995739459991455,7.464000225067139,7.5879998207092285,7.5879998207092285,7.419000148773193,423818,CMBT.BR,Tanker,2026-09-22
2016-12-23,3.074321746826172,7.650000095367432,7.5329999923706055,7.670000076293945,7.478000164031982,444037,CMBT.BR,Tanker,2026-09-22
2016-12-27,3.0952200889587402,7.702000141143799,7.744999885559082,7.75,7.644999980926514,264298,CMBT.BR,Tanker,2026-09-22
2016-12-28,3.1020514965057373,7.718999862670898,7.73799991607666,7.821000099182129,7.668000221252441,293250,CMBT.BR,Tanker,2026-09-22
2016-12-29,3.098435401916504,7.710000038146973,7.718999862670898,7.795000076293945,7.659999847412109,313901,CMBT.BR,Tanker,2026-09-22
2016-12-30,3.045789957046509,7.578999996185303,7.78000020980835,7.78000020980835,7.559999942779541,280450,CMBT.BR,Tanker,2026-09-22
2017-01-02,3.0944161415100098,7.699999809265137,7.6529998779296875,7.711999893188477,7.622000217437744,280639,CMBT.BR,Tanker,2026-09-22
2017-01-03,3.1980996131896973,7.958000183105469,7.798999786376953,8.135000228881836,7.715000152587891,1127112,CMBT.BR,Tanker,2026-09-22
2017-01-04,3.2193984985351562,8.01099967956543,8.130000114440918,8.170000076293945,7.892000198364258,542555,CMBT.BR,Tanker,2026-09-22
2017-01-05,3.194079875946045,7.947999954223633,7.989999771118164,8.020000457763672,7.9120001792907715,413873,CMBT.BR,Tanker,2026-09-22
2017-01-06,3.1671552658081055,7.88100004196167,8.0,8.038999557495117,7.822000026702881,678720,CMBT.BR,Tanker,2026-09-22
2017-01-09,3.2069404125213623,7.980000019073486,7.997000217437744,8.133999824523926,7.906000137329102,558766,CMBT.BR,Tanker,2026-09-22
2017-01-10,3.1321918964385986,7.794000148773193,8.036999702453613,8.062000274658203,7.690000057220459,657420,CMBT.BR,Tanker,2026-09-22
2017-01-11,3.1559019088745117,7.853000164031982,7.800000190734863,7.934999942779541,7.703000068664551,399717,CMBT.BR,Tanker,2026-09-22
2017-01-12,3.1145100593566895,7.75,7.849999904632568,7.9120001792907715,7.723999977111816,334770,CMBT.BR,Tanker,2026-09-22
2017-01-13,3.1542952060699463,7.848999977111816,7.800000190734863,7.909999847412109,7.800000190734863,432756,CMBT.BR,Tanker,2026-09-22
2017-01-16,3.1346027851104736,7.800000190734863,7.920000076293945,7.923999786376953,7.748000144958496,451183,CMBT.BR,Tanker,2026-09-22
2017-01-17,3.1346027851104736,7.800000190734863,7.8379998207092285,7.900000095367432,7.7769999504089355,400701,CMBT.BR,Tanker,2026-09-22
2017-01-18,3.128173351287842,7.783999919891357,7.875999927520752,7.875999927520752,7.745999813079834,307339,CMBT.BR,Tanker,2026-09-22
2017-01-19,3.0542287826538086,7.599999904632568,7.86299991607666,7.86899995803833,7.576000213623047,503746,CMBT.BR,Tanker,2026-09-22
2017-01-20,3.0787432193756104,7.660999774932861,7.724999904632568,7.76800012588501,7.573999881744385,529286,CMBT.BR,Tanker,2026-09-22
2017-01-23,3.0417709350585938,7.568999767303467,7.724999904632568,7.724999904632568,7.5,607024,CMBT.BR,Tanker,2026-09-22
2017-01-24,3.086378335952759,7.679999828338623,7.599999904632568,7.693999767303467,7.574999809265137,466541,CMBT.BR,Tanker,2026-09-22
2017-01-25,3.080350160598755,7.664999961853027,7.839000225067139,7.840000152587891,7.638000011444092,615861,CMBT.BR,Tanker,2026-09-22
2017-01-26,2.9296486377716064,7.289999961853027,7.699999809265137,7.839000225067139,7.110000133514404,1754971,CMBT.BR,Tanker,2026-09-22
2017-01-27,2.9147791862487793,7.252999782562256,7.307000160217285,7.315999984741211,7.093999862670898,772853,CMBT.BR,Tanker,2026-09-22
2017-01-30,2.901517629623413,7.21999979019165,7.242000102996826,7.255000114440918,7.113999843597412,583384,CMBT.BR,Tanker,2026-09-22
2017-01-31,2.8934803009033203,7.199999809265137,7.206999778747559,7.242000102996826,7.151000022888184,491371,CMBT.BR,Tanker,2026-09-22
2017-02-01,2.8854422569274902,7.179999828338623,7.249000072479248,7.249000072479248,7.156000137329102,536634,CMBT.BR,Tanker,2026-09-22
2017-02-02,2.897900104522705,7.210999965667725,7.1620001792907715,7.2129998207092285,7.139999866485596,433106,CMBT.BR,Tanker,2026-09-22
2017-02-03,2.8942832946777344,7.202000141143799,7.1529998779296875,7.22599983215332,7.1529998779296875,365407,CMBT.BR,Tanker,2026-09-22
2017-02-06,2.893078327178955,7.198999881744385,7.239999771118164,7.239999771118164,7.164000034332275,466275,CMBT.BR,Tanker,2026-09-22
2017-02-07,2.931657552719116,7.295000076293945,7.203000068664551,7.295000076293945,7.15500020980835,562775,CMBT.BR,Tanker,2026-09-22
2017-02-08,2.9304518699645996,7.291999816894531,7.300000190734863,7.333000183105469,7.201000213623047,349564,CMBT.BR,Tanker,2026-09-22
2017-02-09,2.956573486328125,7.35699987411499,7.333000183105469,7.449999809265137,7.294000148773193,344034,CMBT.BR,Tanker,2026-09-22
2017-02-10,3.008817195892334,7.486999988555908,7.380000114440918,7.577000141143799,7.36899995803833,393984,CMBT.BR,Tanker,2026-09-22
2017-02-13,3.0719118118286133,7.644000053405762,7.566999912261963,7.738999843597412,7.541999816894531,575531,CMBT.BR,Tanker,2026-09-22
2017-02-14,3.032125473022461,7.545000076293945,7.625,7.699999809265137,7.507999897003174,364447,CMBT.BR,Tanker,2026-09-22
2017-02-15,3.0662848949432373,7.630000114440918,7.603000164031982,7.651000022888184,7.535999774932861,362679,CMBT.BR,Tanker,2026-09-22
2017-02-16,3.040966510772705,7.566999912261963,7.61899995803833,7.645999908447266,7.460999965667725,380714,CMBT.BR,Tanker,2026-09-22
2017-02-17,3.0622661113739014,7.619999885559082,7.60699987411499,7.650000095367432,7.482999801635742,353096,CMBT.BR,Tanker,2026-09-22
2017-02-20,3.079948902130127,7.664000034332275,7.679999828338623,7.730000019073486,7.572000026702881,311900,CMBT.BR,Tanker,2026-09-22
2017-02-21,3.143444061279297,7.822000026702881,7.710999965667725,7.874000072479248,7.638000011444092,411181,CMBT.BR,Tanker,2026-09-22
2017-02-22,3.12294864654541,7.770999908447266,7.870999813079834,7.9039998054504395,7.732999801635742,322867,CMBT.BR,Tanker,2026-09-22
2017-02-23,3.0477993488311768,7.584000110626221,7.728000164031982,7.769999980926514,7.543000221252441,434755,CMBT.BR,Tanker,2026-09-22
2017-02-24,3.038154125213623,7.559999942779541,7.645999908447266,7.650000095367432,7.5,371849,CMBT.BR,Tanker,2026-09-22
2017-02-27,3.0731167793273926,7.646999835968018,7.590000152587891,7.690000057220459,7.540999889373779,301566,CMBT.BR,Tanker,2026-09-22
2017-02-28,3.1056690216064453,7.728000164031982,7.691999912261963,7.749000072479248,7.671000003814697,248425,CMBT.BR,Tanker,2026-09-22
2017-03-01,3.147865056991577,7.833000183105469,7.625999927520752,7.947999954223633,7.625999927520752,827417,CMBT.BR,Tanker,2026-09-22
2017-03-02,3.110490322113037,7.739999771118164,7.769999980926514,7.813000202178955,7.706999778747559,360720,CMBT.BR,Tanker,2026-09-22
2017-03-03,3.1205379962921143,7.764999866485596,7.739999771118164,7.802999973297119,7.703000068664551,207246,CMBT.BR,Tanker,2026-09-22
2017-03-06,3.0562384128570557,7.605000019073486,7.675000190734863,7.689000129699707,7.576000213623047,395722,CMBT.BR,Tanker,2026-09-22
2017-03-07,3.0582475662231445,7.610000133514404,7.619999885559082,7.6570000648498535,7.578000068664551,322432,CMBT.BR,Tanker,2026-09-22
2017-03-08,3.007209300994873,7.482999801635742,7.610000133514404,7.610000133514404,7.4670000076293945,307975,CMBT.BR,Tanker,2026-09-22
2017-03-09,3.0112287998199463,7.493000030517578,7.497000217437744,7.552000045776367,7.410999774932861,378923,CMBT.BR,Tanker,2026-09-22
2017-03-10,3.0052011013031006,7.478000164031982,7.507999897003174,7.605000019073486,7.436999797821045,407547,CMBT.BR,Tanker,2026-09-22
2017-03-13,2.994349479675293,7.451000213623047,7.414999961853027,7.510000228881836,7.394000053405762,506338,CMBT.BR,Tanker,2026-09-22
2017-03-14,2.981891632080078,7.420000076293945,7.482999801635742,7.51800012588501,7.380000114440918,411417,CMBT.BR,Tanker,2026-09-22
2017-03-15,3.0011818408966064,7.4679999351501465,7.427000045776367,7.5,7.400000095367432,240555,CMBT.BR,Tanker,2026-09-22
2017-03-16,2.995957374572754,7.454999923706055,7.426000118255615,7.505000114440918,7.400000095367432,386637,CMBT.BR,Tanker,2026-09-22
2017-03-17,3.084771156311035,7.676000118255615,7.466000080108643,7.688000202178955,7.449999809265137,450969,CMBT.BR,Tanker,2026-09-22
2017-03-20,3.0140416622161865,7.5,7.809999942779541,7.934000015258789,7.5,634724,CMBT.BR,Tanker,2026-09-22
2017-03-21,2.947331190109253,7.334000110626221,7.675000190734863,7.73799991607666,7.334000110626221,729003,CMBT.BR,Tanker,2026-09-22
2017-03-22,2.9698355197906494,7.389999866485596,7.322999954223633,7.455999851226807,7.26200008392334,549873,CMBT.BR,Tanker,2026-09-22
2017-03-23,2.9613962173461914,7.36899995803833,7.357999801635742,7.395999908447266,7.28000020980835,421495,CMBT.BR,Tanker,2026-09-22
2017-03-24,2.957779884338379,7.360000133514404,7.334000110626221,7.380000114440918,7.294000148773193,263906,CMBT.BR,Tanker,2026-09-22
2017-03-27,2.9260318279266357,7.281000137329102,7.449999809265137,7.508999824523926,7.261000156402588,266054,CMBT.BR,Tanker,2026-09-22
2017-03-28,2.950143337249756,7.341000080108643,7.250999927520752,7.34499979019165,7.176000118255615,259896,CMBT.BR,Tanker,2026-09-22
2017-03-29,2.9449193477630615,7.328000068664551,7.311999797821045,7.381999969482422,7.269000053405762,210126,CMBT.BR,Tanker,2026-09-22
2017-03-30,3.0140416622161865,7.5,7.353000164031982,7.502999782562256,7.353000164031982,282694,CMBT.BR,Tanker,2026-09-22
2017-03-31,3.012835741043091,7.497000217437744,7.486000061035156,7.504000186920166,7.400000095367432,213959,CMBT.BR,Tanker,2026-09-22
2017-04-03,2.9634053707122803,7.374000072479248,7.4019999504089355,7.5370001792907715,7.374000072479248,349897,CMBT.BR,Tanker,2026-09-22
2017-04-04,2.9513490200042725,7.343999862670898,7.379000186920166,7.442999839782715,7.322999954223633,212335,CMBT.BR,Tanker,2026-09-22
2017-04-05,2.8934803009033203,7.199999809265137,7.314000129699707,7.374000072479248,7.199999809265137,464034,CMBT.BR,Tanker,2026-09-22
2017-04-06,2.9417052268981934,7.320000171661377,7.123000144958496,7.35699987411499,7.070000171661377,457947,CMBT.BR,Tanker,2026-09-22
2017-04-07,2.9509477615356445,7.3429999351501465,7.395999908447266,7.395999908447266,7.254000186920166,295996,CMBT.BR,Tanker,2026-09-22
2017-04-10,2.9975650310516357,7.459000110626221,7.340000152587891,7.497000217437744,7.260000228881836,262866,CMBT.BR,Tanker,2026-09-22
2017-04-11,3.0052011013031006,7.478000164031982,7.5,7.566999912261963,7.453999996185303,599410,CMBT.BR,Tanker,2026-09-22
2017-04-12,2.9903314113616943,7.440999984741211,7.480999946594238,7.546000003814697,7.414999961853027,251504,CMBT.BR,Tanker,2026-09-22
2017-04-13,2.9730498790740967,7.3979997634887695,7.386000156402588,7.426000118255615,7.321000099182129,223220,CMBT.BR,Tanker,2026-09-22
2017-04-18,2.9670228958129883,7.382999897003174,7.375,7.429999828338623,7.289999961853027,275339,CMBT.BR,Tanker,2026-09-22
2017-04-19,2.994349479675293,7.451000213623047,7.334000110626221,7.486999988555908,7.329999923706055,242205,CMBT.BR,Tanker,2026-09-22
2017-04-20,2.977069616317749,7.4079999923706055,7.406000137329102,7.418000221252441,7.306000232696533,239768,CMBT.BR,Tanker,2026-09-22
2017-04-21,2.97063946723938,7.392000198364258,7.386000156402588,7.51800012588501,7.386000156402588,171447,CMBT.BR,Tanker,2026-09-22
2017-04-24,2.9951536655426025,7.453000068664551,7.355999946594238,7.599999904632568,7.355999946594238,508378,CMBT.BR,Tanker,2026-09-22
2017-04-25,3.075929880142212,7.6539998054504395,7.449999809265137,7.6539998054504395,7.449999809265137,523391,CMBT.BR,Tanker,2026-09-22
2017-04-26,2.933666706085205,7.300000190734863,7.25,7.438000202178955,7.020999908447266,1172077,CMBT.BR,Tanker,2026-09-22
2017-04-27,2.8934803009033203,7.199999809265137,7.24399995803833,7.25,7.173999786376953,367492,CMBT.BR,Tanker,2026-09-22
2017-04-28,2.926433563232422,7.2820000648498535,7.173999786376953,7.317999839782715,7.173999786376953,328542,CMBT.BR,Tanker,2026-09-22
2017-05-02,2.9127697944641113,7.248000144958496,7.25,7.276000022888184,7.123000144958496,390638,CMBT.BR,Tanker,2026-09-22
2017-05-03,2.8878536224365234,7.185999870300293,7.201000213623047,7.201000213623047,7.099999904632568,322778,CMBT.BR,Tanker,2026-09-22
2017-05-04,2.8834331035614014,7.175000190734863,7.238999843597412,7.269999980926514,7.13100004196167,714641,CMBT.BR,Tanker,2026-09-22
2017-05-05,2.89267635345459,7.197999954223633,7.114999771118164,7.230999946594238,7.091000080108643,351484,CMBT.BR,Tanker,2026-09-22
2017-05-08,2.905134677886963,7.229000091552734,7.190000057220459,7.25,7.119999885559082,198352,CMBT.BR,Tanker,2026-09-22
2017-05-09,2.9702374935150146,7.390999794006348,7.269000053405762,7.394000053405762,7.258999824523926,357117,CMBT.BR,Tanker,2026-09-22
2017-05-10,2.9593865871429443,7.363999843597412,7.369999885559082,7.427999973297119,7.302000045776367,335778,CMBT.BR,Tanker,2026-09-22
2017-05-11,2.9256298542022705,7.28000020980835,7.355000019073486,7.394000053405762,7.255000114440918,178741,CMBT.BR,Tanker,2026-09-22
2017-05-12,2.909554958343506,7.239999771118164,7.258999824523926,7.258999824523926,7.163000106811523,234013,CMBT.BR,Tanker,2026-09-22
2017-05-15,2.9087512493133545,7.23799991607666,7.269999980926514,7.343999862670898,7.229000091552734,149663,CMBT.BR,Tanker,2026-09-22
2017-05-16,2.8830313682556152,7.173999786376953,7.210999965667725,7.2230000495910645,7.125,307700,CMBT.BR,Tanker,2026-09-22
2017-05-17,2.8902647495269775,7.191999912261963,7.110000133514404,7.199999809265137,7.077000141143799,419298,CMBT.BR,Tanker,2026-09-22
2017-05-18,2.856508731842041,7.107999801635742,7.099999904632568,7.138999938964844,7.074999809265137,274156,CMBT.BR,Tanker,2026-09-22
2017-05-19,2.863339424133301,7.125,7.076000213623047,7.171999931335449,7.03000020980835,458149,CMBT.BR,Tanker,2026-09-22
2017-05-22,2.9010746479034424,6.995999813079834,7.0,7.020999908447266,6.877999782562256,456327,CMBT.BR,Tanker,2026-09-22
2017-05-23,2.886146068572998,6.960000038146973,6.885000228881836,6.97599983215332,6.836999893188477,356113,CMBT.BR,Tanker,2026-09-22
2017-05-24,2.853386878967285,6.88100004196167,6.869999885559082,6.946000099182129,6.8460001945495605,601751,CMBT.BR,Tanker,2026-09-22
2017-05-25,2.8048696517944336,6.763999938964844,6.699999809265137,6.788000106811523,6.660999774932861,346924,CMBT.BR,Tanker,2026-09-22
2017-05-26,2.803211212158203,6.760000228881836,6.619999885559082,6.829999923706055,6.6020002365112305,484775,CMBT.BR,Tanker,2026-09-22
2017-05-29,2.85380220413208,6.881999969482422,6.77400016784668,6.90500020980835,6.7270002365112305,269913,CMBT.BR,Tanker,2026-09-22
2017-05-30,2.8081884384155273,6.771999835968018,6.84499979019165,6.881999969482422,6.73799991607666,296506,CMBT.BR,Tanker,2026-09-22
2017-05-31,2.77542781829834,6.692999839782715,6.760000228881836,6.776000022888184,6.685999870300293,321407,CMBT.BR,Tanker,2026-09-22
2017-06-01,2.8102610111236572,6.7769999504089355,6.708000183105469,6.815999984741211,6.699999809265137,300914,CMBT.BR,Tanker,2026-09-22
2017-06-02,2.812748670578003,6.7829999923706055,6.800000190734863,6.927999973297119,6.75600004196167,283483,CMBT.BR,Tanker,2026-09-22
2017-06-05,2.8218724727630615,6.804999828338623,6.7870001792907715,6.841000080108643,6.743000030517578,288030,CMBT.BR,Tanker,2026-09-22
2017-06-06,2.7704520225524902,6.681000232696533,6.761000156402588,6.776000022888184,6.673999786376953,430050,CMBT.BR,Tanker,2026-09-22
2017-06-07,2.741425037384033,6.611000061035156,6.65500020980835,6.745999813079834,6.610000133514404,359106,CMBT.BR,Tanker,2026-09-22
2017-06-08,2.746814727783203,6.624000072479248,6.585999965667725,6.678999900817871,6.578000068664551,445109,CMBT.BR,Tanker,2026-09-22
2017-06-09,2.7364487648010254,6.598999977111816,6.570000171661377,6.677000045776367,6.550000190734863,376851,CMBT.BR,Tanker,2026-09-22
2017-06-12,2.702030897140503,6.515999794006348,6.576000213623047,6.605000019073486,6.4730000495910645,355485,CMBT.BR,Tanker,2026-09-22
2017-06-13,2.7235937118530273,6.567999839782715,6.5229997634887695,6.593999862670898,6.519999980926514,220614,CMBT.BR,Tanker,2026-09-22
2017-06-14,2.709909439086914,6.534999847412109,6.570000171661377,6.5980000495910645,6.5,282041,CMBT.BR,Tanker,2026-09-22
2017-06-15,2.7045185565948486,6.521999835968018,6.489999771118164,6.568999767303467,6.48799991607666,397937,CMBT.BR,Tanker,2026-09-22
2017-06-16,2.692492961883545,6.493000030517578,6.5,6.560999870300293,6.451000213623047,1576131,CMBT.BR,Tanker,2026-09-22
2017-06-19,2.742668390274048,6.613999843597412,6.502999782562256,6.636000156402588,6.502999782562256,244558,CMBT.BR,Tanker,2026-09-22
2017-06-20,2.77542781829834,6.692999839782715,6.659999847412109,6.741000175476074,6.635000228881836,288872,CMBT.BR,Tanker,2026-09-22
2017-06-21,2.7115678787231445,6.539000034332275,6.639999866485596,6.639999866485596,6.501999855041504,274784,CMBT.BR,Tanker,2026-09-22
2017-06-22,2.732301950454712,6.589000225067139,6.525000095367432,6.630000114440918,6.48199987411499,311495,CMBT.BR,Tanker,2026-09-22
2017-06-23,2.7551088333129883,6.644000053405762,6.598999977111816,6.659999847412109,6.568999767303467,331463,CMBT.BR,Tanker,2026-09-22
2017-06-26,2.7775020599365234,6.697999954223633,6.72599983215332,6.821000099182129,6.671999931335449,314783,CMBT.BR,Tanker,2026-09-22
2017-06-27,2.7725255489349365,6.685999870300293,6.736000061035156,6.771999835968018,6.6570000648498535,278045,CMBT.BR,Tanker,2026-09-22
2017-06-28,2.7932586669921875,6.736000061035156,6.650000095367432,6.75,6.591000080108643,395555,CMBT.BR,Tanker,2026-09-22
2017-06-29,2.8285067081451416,6.821000099182129,6.729000091552734,6.861999988555908,6.729000091552734,285886,CMBT.BR,Tanker,2026-09-22
2017-06-30,2.8720479011535645,6.926000118255615,6.86299991607666,6.97599983215332,6.796999931335449,407662,CMBT.BR,Tanker,2026-09-22
2017-07-03,2.8649978637695312,6.908999919891357,6.980000019073486,7.03000020980835,6.828000068664551,319093,CMBT.BR,Tanker,2026-09-22
2017-07-04,2.887390613555908,6.9629998207092285,6.932000160217285,6.99399995803833,6.906000137329102,124117,CMBT.BR,Tanker,2026-09-22
2017-07-05,2.858778715133667,6.894000053405762,6.968999862670898,6.995999813079834,6.866000175476074,206499,CMBT.BR,Tanker,2026-09-22
2017-07-06,2.812748670578003,6.7829999923706055,6.925000190734863,6.925000190734863,6.749000072479248,388333,CMBT.BR,Tanker,2026-09-22
2017-07-07,2.78662371635437,6.71999979019165,6.77400016784668,6.789000034332275,6.710999965667725,202267,CMBT.BR,Tanker,2026-09-22
2017-07-10,2.7679643630981445,6.675000190734863,6.704999923706055,6.728000164031982,6.670000076293945,169572,CMBT.BR,Tanker,2026-09-22
2017-07-11,2.7853806018829346,6.7170000076293945,6.750999927520752,6.810999870300293,6.699999809265137,194674,CMBT.BR,Tanker,2026-09-22
2017-07-12,2.859607696533203,6.895999908447266,6.73199987411499,6.9679999351501465,6.73199987411499,260932,CMBT.BR,Tanker,2026-09-22
2017-07-13,2.8521432876586914,6.877999782562256,6.875999927520752,6.961999893188477,6.849999904632568,191803,CMBT.BR,Tanker,2026-09-22
2017-07-14,2.8766095638275146,6.936999797821045,6.909999847412109,6.997000217437744,6.875,243335,CMBT.BR,Tanker,2026-09-22
2017-07-17,2.8940250873565674,6.979000091552734,6.900000095367432,7.0,6.900000095367432,147637,CMBT.BR,Tanker,2026-09-22
2017-07-18,2.82435941696167,6.810999870300293,6.88700008392334,7.021999835968018,6.810999870300293,341940,CMBT.BR,Tanker,2026-09-22
2017-07-19,2.8330681324005127,6.831999778747559,6.821000099182129,6.888999938964844,6.769999980926514,233755,CMBT.BR,Tanker,2026-09-22
2017-07-20,2.7849650382995605,6.716000080108643,6.804999828338623,6.877999782562256,6.716000080108643,269134,CMBT.BR,Tanker,2026-09-22
2017-07-21,2.7700371742248535,6.679999828338623,6.718999862670898,6.824999809265137,6.675000190734863,217434,CMBT.BR,Tanker,2026-09-22
2017-07-24,2.7766716480255127,6.696000099182129,6.742000102996826,6.742000102996826,6.659999847412109,206459,CMBT.BR,Tanker,2026-09-22
2017-07-25,2.7974064350128174,6.745999813079834,6.670000076293945,6.800000190734863,6.670000076293945,209686,CMBT.BR,Tanker,2026-09-22
2017-07-26,2.781233072280884,6.706999778747559,6.75,6.809000015258789,6.706999778747559,211169,CMBT.BR,Tanker,2026-09-22
2017-07-27,2.7766716480255127,6.696000099182129,6.7779998779296875,6.829999923706055,6.690000057220459,346109,CMBT.BR,Tanker,2026-09-22
2017-07-28,2.835141658782959,6.836999893188477,6.7829999923706055,6.881999969482422,6.669000148773193,254901,CMBT.BR,Tanker,2026-09-22
2017-07-31,2.799893856048584,6.751999855041504,6.795000076293945,6.814000129699707,6.730000019073486,332237,CMBT.BR,Tanker,2026-09-22
2017-08-01,2.828091859817505,6.820000171661377,6.755000114440918,6.876999855041504,6.755000114440918,278544,CMBT.BR,Tanker,2026-09-22
2017-08-02,2.807772636413574,6.770999908447266,6.820000171661377,6.820000171661377,6.710000038146973,183823,CMBT.BR,Tanker,2026-09-22
2017-08-03,2.7845513820648193,6.715000152587891,6.771999835968018,6.800000190734863,6.698999881744385,188012,CMBT.BR,Tanker,2026-09-22
2017-08-04,2.806943655014038,6.769000053405762,6.690000057220459,6.7769999504089355,6.6539998054504395,230952,CMBT.BR,Tanker,2026-09-22
2017-08-07,2.796576976776123,6.74399995803833,6.764999866485596,6.764999866485596,6.656000137329102,254635,CMBT.BR,Tanker,2026-09-22
2017-08-08,2.7849650382995605,6.716000080108643,6.663000106811523,6.73799991607666,6.630000114440918,416059,CMBT.BR,Tanker,2026-09-22
2017-08-09,2.6788084506988525,6.460000038146973,6.599999904632568,6.619999885559082,6.421000003814697,535287,CMBT.BR,Tanker,2026-09-22
2017-08-10,2.674661874771118,6.449999809265137,6.449999809265137,6.565999984741211,6.329999923706055,429554,CMBT.BR,Tanker,2026-09-22
2017-08-11,2.517085313796997,6.070000171661377,6.340000152587891,6.382999897003174,6.041999816894531,800570,CMBT.BR,Tanker,2026-09-22
2017-08-14,2.5490148067474365,6.146999835968018,6.081999778747559,6.2230000495910645,6.081999778747559,327807,CMBT.BR,Tanker,2026-09-22
2017-08-15,2.5349156856536865,6.11299991607666,6.1020002365112305,6.205999851226807,6.099999904632568,292497,CMBT.BR,Tanker,2026-09-22
2017-08-16,2.5398919582366943,6.125,6.11299991607666,6.177000045776367,6.051000118255615,324632,CMBT.BR,Tanker,2026-09-22
2017-08-17,2.5349156856536865,6.11299991607666,6.109000205993652,6.150000095367432,6.086999893188477,337630,CMBT.BR,Tanker,2026-09-22
2017-08-18,2.5083765983581543,6.048999786376953,6.019999980926514,6.089000225067139,5.973999977111816,823002,CMBT.BR,Tanker,2026-09-22
2017-08-21,2.51542592048645,6.065999984741211,5.999000072479248,6.163000106811523,5.9730000495910645,737996,CMBT.BR,Tanker,2026-09-22
2017-08-22,2.5369887351989746,6.118000030517578,6.03000020980835,6.135000228881836,6.002999782562256,436688,CMBT.BR,Tanker,2026-09-22
2017-08-23,2.554405689239502,6.159999847412109,6.120999813079834,6.190999984741211,6.056000232696533,316343,CMBT.BR,Tanker,2026-09-22
2017-08-24,2.6153628826141357,6.307000160217285,6.165999889373779,6.327000141143799,6.150000095367432,384937,CMBT.BR,Tanker,2026-09-22
2017-08-25,2.676734685897827,6.454999923706055,6.301000118255615,6.454999923706055,6.229000091552734,299322,CMBT.BR,Tanker,2026-09-22
2017-08-28,2.6754913330078125,6.452000141143799,6.422999858856201,6.6519999504089355,6.39900016784668,490062,CMBT.BR,Tanker,2026-09-22
2017-08-29,2.6543424129486084,6.401000022888184,6.396999835968018,6.5229997634887695,6.289999961853027,322092,CMBT.BR,Tanker,2026-09-22
2017-08-30,2.649780750274658,6.389999866485596,6.401000022888184,6.442999839782715,6.364999771118164,184472,CMBT.BR,Tanker,2026-09-22
2017-08-31,2.667611598968506,6.433000087738037,6.349999904632568,6.491000175476074,6.331999778747559,286796,CMBT.BR,Tanker,2026-09-22
2017-09-01,2.6671977043151855,6.432000160217285,6.413000106811523,6.47599983215332,6.363999843597412,229949,CMBT.BR,Tanker,2026-09-22
2017-09-04,2.668856382369995,6.435999870300293,6.366000175476074,6.449999809265137,6.36299991607666,179256,CMBT.BR,Tanker,2026-09-22
2017-09-05,2.65848970413208,6.410999774932861,6.400000095367432,6.499000072479248,6.400000095367432,179060,CMBT.BR,Tanker,2026-09-22
2017-09-06,2.695394992828369,6.5,6.400000095367432,6.543000221252441,6.400000095367432,212113,CMBT.BR,Tanker,2026-09-22
2017-09-07,2.7729408740997314,6.686999797821045,6.52400016784668,6.709000110626221,6.52400016784668,341781,CMBT.BR,Tanker,2026-09-22
2017-09-08,2.7663052082061768,6.671000003814697,6.666999816894531,6.692999839782715,6.63100004196167,175197,CMBT.BR,Tanker,2026-09-22
2017-09-11,2.78662371635437,6.71999979019165,6.669000148773193,6.728000164031982,6.639999866485596,228376,CMBT.BR,Tanker,2026-09-22
2017-09-12,2.7841360569000244,6.714000225067139,6.7270002365112305,6.758999824523926,6.675000190734863,487440,CMBT.BR,Tanker,2026-09-22
2017-09-13,2.8148226737976074,6.788000106811523,6.699999809265137,6.824999809265137,6.695000171661377,571045,CMBT.BR,Tanker,2026-09-22
2017-09-14,2.8148226737976074,6.788000106811523,6.755000114440918,6.800000190734863,6.708000183105469,242007,CMBT.BR,Tanker,2026-09-22
2017-09-15,2.7916007041931152,6.73199987411499,6.75600004196167,6.78000020980835,6.684000015258789,598428,CMBT.BR,Tanker,2026-09-22
2017-09-18,2.805699348449707,6.765999794006348,6.76200008392334,6.789000034332275,6.688000202178955,496880,CMBT.BR,Tanker,2026-09-22
2017-09-19,2.802382230758667,6.757999897003174,6.75,6.7820000648498535,6.695000171661377,367228,CMBT.BR,Tanker,2026-09-22
2017-09-20,2.803626537322998,6.761000156402588,6.748000144958496,6.7820000648498535,6.691999912261963,499789,CMBT.BR,Tanker,2026-09-22
2017-09-21,2.8102610111236572,6.7769999504089355,6.749000072479248,6.818999767303467,6.73799991607666,191861,CMBT.BR,Tanker,2026-09-22
2017-09-22,2.7787458896636963,6.701000213623047,6.755000114440918,6.78000020980835,6.677999973297119,190450,CMBT.BR,Tanker,2026-09-22
2017-09-25,2.803014039993286,6.698999881744385,6.64900016784668,6.7230000495910645,6.632999897003174,233122,CMBT.BR,Tanker,2026-09-22
2017-09-26,2.7544777393341064,6.583000183105469,6.7230000495910645,6.7230000495910645,6.578999996185303,292797,CMBT.BR,Tanker,2026-09-22
2017-09-27,2.7419254779815674,6.552999973297119,6.611000061035156,6.645999908447266,6.552999973297119,216810,CMBT.BR,Tanker,2026-09-22
2017-09-28,2.8201687335968018,6.739999771118164,6.570000171661377,6.75,6.570000171661377,384600,CMBT.BR,Tanker,2026-09-22
2017-09-29,2.9101295471191406,6.954999923706055,6.704999923706055,6.954999923706055,6.704999923706055,513753,CMBT.BR,Tanker,2026-09-22
2017-10-02,2.870379686355591,6.860000133514404,6.949999809265137,6.949999809265137,6.840000152587891,332638,CMBT.BR,Tanker,2026-09-22
2017-10-03,2.86535906791687,6.8480000495910645,6.894000053405762,6.894000053405762,6.828000068664551,244762,CMBT.BR,Tanker,2026-09-22
2017-10-04,2.8871169090270996,6.900000095367432,6.880000114440918,6.919000148773193,6.857999801635742,305067,CMBT.BR,Tanker,2026-09-22
2017-10-05,2.892974615097046,6.914000034332275,6.883999824523926,6.929999828338623,6.861999988555908,185578,CMBT.BR,Tanker,2026-09-22
2017-10-06,2.8733091354370117,6.867000102996826,6.889999866485596,6.961999893188477,6.867000102996826,202219,CMBT.BR,Tanker,2026-09-22
2017-10-09,2.8611748218536377,6.8379998207092285,6.849999904632568,6.900000095367432,6.826000213623047,363780,CMBT.BR,Tanker,2026-09-22
2017-10-10,2.8657774925231934,6.848999977111816,6.875999927520752,6.876999855041504,6.820000171661377,211244,CMBT.BR,Tanker,2026-09-22
2017-10-11,2.8762381076812744,6.874000072479248,6.860000133514404,6.929999828338623,6.860000133514404,257655,CMBT.BR,Tanker,2026-09-22
2017-10-12,2.8800039291381836,6.882999897003174,6.926000118255615,6.927000045776367,6.8420000076293945,229958,CMBT.BR,Tanker,2026-09-22
2017-10-13,2.917661666870117,6.9730000495910645,6.849999904632568,7.0,6.849999904632568,295847,CMBT.BR,Tanker,2026-09-22
2017-10-16,2.9699652194976807,7.0980000495910645,7.0,7.0980000495910645,6.99399995803833,336765,CMBT.BR,Tanker,2026-09-22
2017-10-17,3.048628091812134,7.285999774932861,7.099999904632568,7.334000110626221,7.0920000076293945,628531,CMBT.BR,Tanker,2026-09-22
2017-10-18,3.0222668647766113,7.2230000495910645,7.263999938964844,7.309000015258789,7.140999794006348,446278,CMBT.BR,Tanker,2026-09-22
2017-10-19,2.9946517944335938,7.1570000648498535,7.22599983215332,7.22599983215332,7.111999988555908,328053,CMBT.BR,Tanker,2026-09-22
2017-10-20,3.0176644325256348,7.211999893188477,7.169000148773193,7.293000221252441,7.169000148773193,334757,CMBT.BR,Tanker,2026-09-22
2017-10-23,2.9887938499450684,7.14300012588501,7.25,7.293000221252441,7.140999794006348,336988,CMBT.BR,Tanker,2026-09-22
2017-10-24,2.967036008834839,7.091000080108643,7.119999885559082,7.188000202178955,7.090000152587891,246261,CMBT.BR,Tanker,2026-09-22
2017-10-25,2.9247751235961914,6.989999771118164,7.111000061035156,7.111000061035156,6.980999946594238,374398,CMBT.BR,Tanker,2026-09-22
2017-10-26,2.9302144050598145,7.002999782562256,7.0,7.041999816894531,6.923999786376953,178616,CMBT.BR,Tanker,2026-09-22
2017-10-27,2.9540650844573975,7.059999942779541,7.014999866485596,7.099999904632568,7.0,192051,CMBT.BR,Tanker,2026-09-22
2017-10-30,3.0009281635284424,7.171999931335449,7.098999977111816,7.192999839782715,7.059999942779541,298269,CMBT.BR,Tanker,2026-09-22
2017-10-31,2.9766600131988525,7.113999843597412,7.210000038146973,7.251999855041504,7.000999927520752,511638,CMBT.BR,Tanker,2026-09-22
2017-11-01,3.0603435039520264,7.314000129699707,7.085999965667725,7.317999839782715,7.085999965667725,283641,CMBT.BR,Tanker,2026-09-22
2017-11-02,3.0155723094940186,7.206999778747559,7.270999908447266,7.331999778747559,7.188000202178955,195990,CMBT.BR,Tanker,2026-09-22
2017-11-03,2.957412004470825,7.067999839782715,7.197999954223633,7.197999954223633,7.044000148773193,329414,CMBT.BR,Tanker,2026-09-22
2017-11-06,3.010552167892456,7.195000171661377,7.099999904632568,7.223999977111816,7.046000003814697,293425,CMBT.BR,Tanker,2026-09-22
2017-11-07,3.019757032394409,7.2170000076293945,7.15500020980835,7.23199987411499,7.086999893188477,338562,CMBT.BR,Tanker,2026-09-22
2017-11-08,3.0867044925689697,7.376999855041504,7.230000019073486,7.38100004196167,7.172999858856201,390298,CMBT.BR,Tanker,2026-09-22
2017-11-09,3.052812337875366,7.296000003814697,7.355000019073486,7.400000095367432,7.256999969482422,271885,CMBT.BR,Tanker,2026-09-22
2017-11-10,3.0289626121520996,7.238999843597412,7.243000030517578,7.330999851226807,7.210000038146973,254760,CMBT.BR,Tanker,2026-09-22
2017-11-13,3.0009281635284424,7.171999931335449,7.230999946594238,7.320000171661377,7.160999774932861,350601,CMBT.BR,Tanker,2026-09-22
2017-11-14,3.024359703063965,7.228000164031982,7.230999946594238,7.343999862670898,7.189000129699707,376255,CMBT.BR,Tanker,2026-09-22
2017-11-15,3.0335652828216553,7.25,7.241000175476074,7.329999923706055,7.1529998779296875,422388,CMBT.BR,Tanker,2026-09-22
2017-11-16,2.999253273010254,7.168000221252441,7.2769999504089355,7.2769999504089355,7.119999885559082,244371,CMBT.BR,Tanker,2026-09-22
2017-11-17,2.9967429637908936,7.1620001792907715,7.151000022888184,7.241000175476074,7.119999885559082,262507,CMBT.BR,Tanker,2026-09-22
2017-11-20,3.06118106842041,7.315999984741211,7.172999858856201,7.322999954223633,7.164999961853027,267278,CMBT.BR,Tanker,2026-09-22
2017-11-21,3.139008045196533,7.501999855041504,7.303999900817871,7.507999897003174,7.297999858856201,563915,CMBT.BR,Tanker,2026-09-22
2017-11-22,3.141099691390991,7.506999969482422,7.497000217437744,7.52400016784668,7.425000190734863,236704,CMBT.BR,Tanker,2026-09-22
2017-11-23,3.133568048477173,7.488999843597412,7.361999988555908,7.559999942779541,7.361999988555908,221966,CMBT.BR,Tanker,2026-09-22
2017-11-24,3.1298015117645264,7.480000019073486,7.5,7.545000076293945,7.454999923706055,205646,CMBT.BR,Tanker,2026-09-22
2017-11-27,3.1122286319732666,7.438000202178955,7.455999851226807,7.5279998779296875,7.434999942779541,229479,CMBT.BR,Tanker,2026-09-22
2017-11-28,3.1331493854522705,7.48799991607666,7.4019999504089355,7.546000003814697,7.388999938964844,313566,CMBT.BR,Tanker,2026-09-22
2017-11-29,3.06118106842041,7.315999984741211,7.494999885559082,7.5289998054504395,7.300000190734863,305778,CMBT.BR,Tanker,2026-09-22
2017-11-30,3.0164096355438232,7.209000110626221,7.300000190734863,7.3429999351501465,7.123000144958496,876651,CMBT.BR,Tanker,2026-09-22
2017-12-01,3.0649468898773193,7.324999809265137,7.163000106811523,7.439000129699707,7.126999855041504,448047,CMBT.BR,Tanker,2026-09-22
2017-12-04,3.1607654094696045,7.553999900817871,7.392000198364258,7.5920000076293945,7.392000198364258,515808,CMBT.BR,Tanker,2026-09-22
2017-12-05,3.1277101039886475,7.474999904632568,7.586999893188477,7.586999893188477,7.4730000495910645,391300,CMBT.BR,Tanker,2026-09-22
2017-12-06,2.9896304607391357,7.144999980926514,7.432000160217285,7.432000160217285,7.136000156402588,328061,CMBT.BR,Tanker,2026-09-22
2017-12-07,2.929377555847168,7.000999927520752,7.099999904632568,7.10099983215332,6.802000045776367,536660,CMBT.BR,Tanker,2026-09-22
2017-12-08,2.8992507457733154,6.928999900817871,7.0,7.026000022888184,6.922999858856201,378394,CMBT.BR,Tanker,2026-09-22
2017-12-11,2.9038543701171875,6.940000057220459,6.929999828338623,6.9710001945495605,6.910999774932861,237612,CMBT.BR,Tanker,2026-09-22
2017-12-12,2.958667516708374,7.071000099182129,6.965000152587891,7.0980000495910645,6.909999847412109,458412,CMBT.BR,Tanker,2026-09-22
2017-12-13,2.9297962188720703,7.001999855041504,7.085999965667725,7.1620001792907715,6.989999771118164,401547,CMBT.BR,Tanker,2026-09-22
2017-12-14,2.932307004928589,7.007999897003174,6.960000038146973,7.054999828338623,6.888999938964844,338568,CMBT.BR,Tanker,2026-09-22
2017-12-15,2.9197545051574707,6.978000164031982,7.007999897003174,7.068999767303467,6.934000015258789,372966,CMBT.BR,Tanker,2026-09-22
2017-12-18,2.9318883419036865,7.006999969482422,6.980999946594238,7.066999912261963,6.9070000648498535,366184,CMBT.BR,Tanker,2026-09-22
2017-12-19,2.9264488220214844,6.99399995803833,7.0,7.060999870300293,6.961999893188477,327093,CMBT.BR,Tanker,2026-09-22
2017-12-20,2.859919786453247,6.835000038146973,7.011000156402588,7.011000156402588,6.809999942779541,342863,CMBT.BR,Tanker,2026-09-22
2017-12-21,2.9599225521087646,7.073999881744385,6.861000061035156,7.184999942779541,6.804999828338623,2095781,CMBT.BR,Tanker,2026-09-22
2017-12-22,3.092562675476074,7.390999794006348,7.150000095367432,7.441999912261963,7.050000190734863,845117,CMBT.BR,Tanker,2026-09-22
2017-12-27,3.2139055728912354,7.681000232696533,7.478000164031982,7.820000171661377,7.453000068664551,1079970,CMBT.BR,Tanker,2026-09-22
2017-12-28,3.2339892387390137,7.729000091552734,7.679999828338623,7.849999904632568,7.6539998054504395,575454,CMBT.BR,Tanker,2026-09-22
2017-12-29,3.215160369873047,7.684000015258789,7.730999946594238,7.828000068664551,7.671000003814697,212857,CMBT.BR,Tanker,2026-09-22
2018-01-02,3.2636969089508057,7.800000190734863,7.75,7.800000190734863,7.695000171661377,398213,CMBT.BR,Tanker,2026-09-22
2018-01-03,3.284618377685547,7.849999904632568,7.800000190734863,7.949999809265137,7.764999866485596,729009,CMBT.BR,Tanker,2026-09-22
2018-01-04,3.3285529613494873,7.954999923706055,7.849999904632568,8.015000343322754,7.78000020980835,862506,CMBT.BR,Tanker,2026-09-22
2018-01-05,3.286710739135742,7.855000019073486,7.954999923706055,8.045000076293945,7.840000152587891,830615,CMBT.BR,Tanker,2026-09-22
2018-01-08,3.242776393890381,7.75,7.824999809265137,7.90500020980835,7.75,725908,CMBT.BR,Tanker,2026-09-22
2018-01-09,3.1883814334869385,7.619999885559082,7.659999847412109,7.784999847412109,7.599999904632568,696582,CMBT.BR,Tanker,2026-09-22
2018-01-10,3.1402628421783447,7.505000114440918,7.579999923706055,7.610000133514404,7.505000114440918,418966,CMBT.BR,Tanker,2026-09-22
2018-01-11,3.1277101039886475,7.474999904632568,7.5,7.534999847412109,7.434999942779541,325203,CMBT.BR,Tanker,2026-09-22
2018-01-12,3.083775758743286,7.369999885559082,7.46999979019165,7.474999904632568,7.364999771118164,291987,CMBT.BR,Tanker,2026-09-22
2018-01-15,3.1298015117645264,7.480000019073486,7.414999961853027,7.550000190734863,7.394999980926514,263633,CMBT.BR,Tanker,2026-09-22
2018-01-16,3.0774989128112793,7.355000019073486,7.489999771118164,7.510000228881836,7.309999942779541,484077,CMBT.BR,Tanker,2026-09-22
2018-01-17,3.071223020553589,7.340000152587891,7.309999942779541,7.440000057220459,7.264999866485596,567659,CMBT.BR,Tanker,2026-09-22
2018-01-18,3.0649468898773193,7.324999809265137,7.340000152587891,7.434999942779541,7.304999828338623,356942,CMBT.BR,Tanker,2026-09-22
2018-01-19,3.039841413497925,7.264999866485596,7.275000095367432,7.349999904632568,7.215000152587891,292206,CMBT.BR,Tanker,2026-09-22
2018-01-22,3.031472682952881,7.244999885559082,7.269999980926514,7.355000019073486,7.199999809265137,374539,CMBT.BR,Tanker,2026-09-22
2018-01-23,3.0293807983398438,7.239999771118164,7.235000133514404,7.445000171661377,7.199999809265137,598310,CMBT.BR,Tanker,2026-09-22
2018-01-24,3.052393913269043,7.295000076293945,7.255000114440918,7.364999771118164,7.255000114440918,466626,CMBT.BR,Tanker,2026-09-22
2018-01-25,3.0565786361694336,7.304999828338623,7.369999885559082,7.474999904632568,7.264999866485596,654746,CMBT.BR,Tanker,2026-09-22
2018-01-26,3.0377492904663086,7.260000228881836,7.239999771118164,7.28000020980835,7.039999961853027,622911,CMBT.BR,Tanker,2026-09-22
2018-01-29,2.991722583770752,7.150000095367432,7.28000020980835,7.300000190734863,7.105000019073486,685941,CMBT.BR,Tanker,2026-09-22
2018-01-30,2.9456963539123535,7.039999961853027,7.090000152587891,7.110000133514404,6.985000133514404,632676,CMBT.BR,Tanker,2026-09-22
2018-01-31,2.868288278579712,6.855000019073486,7.019999980926514,7.039999961853027,6.855000019073486,863165,CMBT.BR,Tanker,2026-09-22
2018-02-01,2.859919786453247,6.835000038146973,6.864999771118164,6.994999885559082,6.809999942779541,1034663,CMBT.BR,Tanker,2026-09-22
2018-02-02,2.799247980117798,6.690000057220459,6.800000190734863,6.869999885559082,6.65500020980835,671251,CMBT.BR,Tanker,2026-09-22
2018-02-05,2.7553136348724365,6.585000038146973,6.679999828338623,6.690000057220459,6.5,576878,CMBT.BR,Tanker,2026-09-22
2018-02-06,2.6967344284057617,6.445000171661377,6.400000095367432,6.570000171661377,6.320000171661377,881705,CMBT.BR,Tanker,2026-09-22
2018-02-07,2.782510995864868,6.650000095367432,6.550000190734863,6.659999847412109,6.519999980926514,701120,CMBT.BR,Tanker,2026-09-22
2018-02-08,2.709287405014038,6.474999904632568,6.650000095367432,6.650000095367432,6.440000057220459,573747,CMBT.BR,Tanker,2026-09-22
2018-02-09,2.6486153602600098,6.329999923706055,6.360000133514404,6.449999809265137,6.269999980926514,888870,CMBT.BR,Tanker,2026-09-22
2018-02-12,2.8055248260498047,6.704999923706055,6.670000076293945,6.889999866485596,6.610000133514404,949268,CMBT.BR,Tanker,2026-09-22
2018-02-13,2.7574057579040527,6.590000152587891,6.75,6.800000190734863,6.559999942779541,994230,CMBT.BR,Tanker,2026-09-22
2018-02-14,2.772050619125366,6.625,6.650000095367432,6.675000190734863,6.534999847412109,596215,CMBT.BR,Tanker,2026-09-22
2018-02-15,2.7929720878601074,6.675000190734863,6.699999809265137,6.744999885559082,6.610000133514404,422083,CMBT.BR,Tanker,2026-09-22
2018-02-16,2.828537940979004,6.760000228881836,6.735000133514404,6.775000095367432,6.644999980926514,320990,CMBT.BR,Tanker,2026-09-22
2018-02-19,2.8494584560394287,6.809999942779541,6.815000057220459,6.84499979019165,6.755000114440918,264850,CMBT.BR,Tanker,2026-09-22
2018-02-20,2.847367525100708,6.804999828338623,6.84499979019165,6.849999904632568,6.760000228881836,380151,CMBT.BR,Tanker,2026-09-22
2018-02-21,2.8661959171295166,6.849999904632568,6.789999961853027,6.860000133514404,6.710000038146973,464030,CMBT.BR,Tanker,2026-09-22
2018-02-22,2.870379686355591,6.860000133514404,6.800000190734863,6.860000133514404,6.755000114440918,365959,CMBT.BR,Tanker,2026-09-22
2018-02-23,2.843181848526001,6.795000076293945,6.875,6.934999942779541,6.789999961853027,474924,CMBT.BR,Tanker,2026-09-22
2018-02-26,2.832721710205078,6.769999980926514,6.84499979019165,6.909999847412109,6.760000228881836,305757,CMBT.BR,Tanker,2026-09-22
2018-02-27,2.843181848526001,6.795000076293945,6.784999847412109,6.885000228881836,6.75,230481,CMBT.BR,Tanker,2026-09-22
2018-02-28,2.782510995864868,6.650000095367432,6.739999771118164,6.769999980926514,6.610000133514404,531767,CMBT.BR,Tanker,2026-09-22
2018-03-01,2.7239322662353516,6.510000228881836,6.599999904632568,6.610000133514404,6.460000038146973,619969,CMBT.BR,Tanker,2026-09-22
2018-03-02,2.7971558570861816,6.684999942779541,6.59499979019165,6.789999961853027,6.570000171661377,583856,CMBT.BR,Tanker,2026-09-22
2018-03-05,2.832721710205078,6.769999980926514,6.699999809265137,6.800000190734863,6.670000076293945,385147,CMBT.BR,Tanker,2026-09-22
2018-03-06,2.9038543701171875,6.940000057220459,6.815000057220459,7.170000076293945,6.815000057220459,793724,CMBT.BR,Tanker,2026-09-22
2018-03-07,2.8871169090270996,6.900000095367432,6.929999828338623,7.019999980926514,6.864999771118164,388411,CMBT.BR,Tanker,2026-09-22
2018-03-08,2.8620121479034424,6.840000152587891,6.900000095367432,7.0,6.809999942779541,364612,CMBT.BR,Tanker,2026-09-22
2018-03-09,2.870379686355591,6.860000133514404,6.815000057220459,6.974999904632568,6.815000057220459,327669,CMBT.BR,Tanker,2026-09-22
2018-03-12,2.9038543701171875,6.940000057220459,6.929999828338623,7.025000095367432,6.885000228881836,319633,CMBT.BR,Tanker,2026-09-22
2018-03-13,2.9477877616882324,7.045000076293945,6.974999904632568,7.184999942779541,6.974999904632568,560637,CMBT.BR,Tanker,2026-09-22
2018-03-14,2.8850245475769043,6.894999980926514,7.034999847412109,7.130000114440918,6.824999809265137,616137,CMBT.BR,Tanker,2026-09-22
2018-03-15,2.847367525100708,6.804999828338623,6.900000095367432,6.974999904632568,6.804999828338623,303257,CMBT.BR,Tanker,2026-09-22
2018-03-16,2.889209032058716,6.90500020980835,6.824999809265137,6.934999942779541,6.755000114440918,470597,CMBT.BR,Tanker,2026-09-22
2018-03-19,2.843181848526001,6.795000076293945,6.885000228881836,6.900000095367432,6.769999980926514,265464,CMBT.BR,Tanker,2026-09-22
2018-03-20,2.8829329013824463,6.889999866485596,6.789999961853027,6.914999961853027,6.735000133514404,406400,CMBT.BR,Tanker,2026-09-22
2018-03-21,2.9331438541412354,7.010000228881836,6.925000190734863,7.025000095367432,6.835000038146973,372696,CMBT.BR,Tanker,2026-09-22
2018-03-22,2.8557357788085938,6.824999809265137,6.989999771118164,7.005000114440918,6.75,307102,CMBT.BR,Tanker,2026-09-22
2018-03-23,2.868288278579712,6.855000019073486,6.784999847412109,6.940000057220459,6.690000057220459,503154,CMBT.BR,Tanker,2026-09-22
2018-03-26,2.830630302429199,6.764999866485596,6.885000228881836,6.885000228881836,6.744999885559082,428418,CMBT.BR,Tanker,2026-09-22
2018-03-27,2.822261333465576,6.744999885559082,6.795000076293945,6.820000171661377,6.730000019073486,559014,CMBT.BR,Tanker,2026-09-22
2018-03-28,2.811800479888916,6.71999979019165,6.730000019073486,6.789999961853027,6.699999809265137,325738,CMBT.BR,Tanker,2026-09-22
2018-03-29,2.8180770874023438,6.735000133514404,6.744999885559082,6.795000076293945,6.710000038146973,336363,CMBT.BR,Tanker,2026-09-22
2018-04-03,2.790879726409912,6.670000076293945,6.65500020980835,6.739999771118164,6.554999828338623,552422,CMBT.BR,Tanker,2026-09-22
2018-04-04,2.8055248260498047,6.704999923706055,6.699999809265137,6.795000076293945,6.630000114440918,432044,CMBT.BR,Tanker,2026-09-22
2018-04-05,2.851550579071045,6.815000057220459,6.75,6.864999771118164,6.744999885559082,344630,CMBT.BR,Tanker,2026-09-22
2018-04-06,2.8138928413391113,6.724999904632568,6.829999923706055,6.880000114440918,6.715000152587891,311118,CMBT.BR,Tanker,2026-09-22
2018-04-09,2.8243536949157715,6.75,6.75,6.820000171661377,6.684999942779541,281077,CMBT.BR,Tanker,2026-09-22
2018-04-10,2.876657247543335,6.875,6.75,6.894999980926514,6.739999771118164,382947,CMBT.BR,Tanker,2026-09-22
2018-04-11,2.9456963539123535,7.039999961853027,6.885000228881836,7.045000076293945,6.885000228881836,382090,CMBT.BR,Tanker,2026-09-22
2018-04-12,2.9540650844573975,7.059999942779541,7.079999923706055,7.175000190734863,7.054999828338623,383409,CMBT.BR,Tanker,2026-09-22
2018-04-13,2.9143149852752686,6.965000152587891,7.0,7.039999961853027,6.920000076293945,243175,CMBT.BR,Tanker,2026-09-22
2018-04-16,2.9540650844573975,7.059999942779541,6.960000038146973,7.079999923706055,6.960000038146973,245543,CMBT.BR,Tanker,2026-09-22
2018-04-17,2.941511392593384,7.03000020980835,7.090000152587891,7.144999980926514,7.025000095367432,241774,CMBT.BR,Tanker,2026-09-22
2018-04-18,2.9875385761260986,7.139999866485596,7.025000095367432,7.139999866485596,7.019999980926514,275024,CMBT.BR,Tanker,2026-09-22
2018-04-19,3.00427508354187,7.179999828338623,7.150000095367432,7.190000057220459,7.114999771118164,191901,CMBT.BR,Tanker,2026-09-22
2018-04-20,3.058670997619629,7.309999942779541,7.175000190734863,7.320000171661377,7.139999866485596,444013,CMBT.BR,Tanker,2026-09-22
2018-04-23,3.0607616901397705,7.315000057220459,7.28000020980835,7.375,7.195000171661377,323055,CMBT.BR,Tanker,2026-09-22
2018-04-24,3.0607616901397705,7.315000057220459,7.309999942779541,7.375,7.260000228881836,425458,CMBT.BR,Tanker,2026-09-22
2018-04-25,2.8494584560394287,6.809999942779541,7.03000020980835,7.050000190734863,6.559999942779541,1970417,CMBT.BR,Tanker,2026-09-22
2018-04-26,2.972893476486206,7.105000019073486,6.78000020980835,7.119999885559082,6.699999809265137,728736,CMBT.BR,Tanker,2026-09-22
2018-04-27,2.8557357788085938,6.824999809265137,6.96999979019165,7.039999961853027,6.800000190734863,641272,CMBT.BR,Tanker,2026-09-22
2018-04-30,2.809709072113037,6.715000152587891,6.809999942779541,6.809999942779541,6.704999923706055,467989,CMBT.BR,Tanker,2026-09-22
2018-05-02,2.878748893737793,6.880000114440918,6.715000152587891,6.894999980926514,6.684999942779541,515582,CMBT.BR,Tanker,2026-09-22
2018-05-03,2.8620121479034424,6.840000152587891,6.829999923706055,6.885000228881836,6.800000190734863,425269,CMBT.BR,Tanker,2026-09-22
2018-05-04,2.8620121479034424,6.840000152587891,6.84499979019165,6.849999904632568,6.760000228881836,334811,CMBT.BR,Tanker,2026-09-22
2018-05-07,2.878748893737793,6.880000114440918,6.809999942779541,6.945000171661377,6.775000095367432,510962,CMBT.BR,Tanker,2026-09-22
2018-05-08,2.901761531829834,6.934999942779541,6.855000019073486,6.974999904632568,6.855000019073486,487408,CMBT.BR,Tanker,2026-09-22
2018-05-09,2.9477877616882324,7.045000076293945,6.949999809265137,7.054999828338623,6.940000057220459,197986,CMBT.BR,Tanker,2026-09-22
2018-05-10,2.949880599975586,7.050000190734863,7.074999809265137,7.085000038146973,7.010000228881836,150668,CMBT.BR,Tanker,2026-09-22
2018-05-11,2.9645252227783203,7.085000038146973,7.045000076293945,7.099999904632568,6.989999771118164,232783,CMBT.BR,Tanker,2026-09-22
2018-05-14,2.9750752449035645,7.050000190734863,7.050000190734863,7.074999809265137,6.949999809265137,186986,CMBT.BR,Tanker,2026-09-22
2018-05-15,2.994065046310425,7.09499979019165,7.050000190734863,7.125,7.050000190734863,365675,CMBT.BR,Tanker,2026-09-22
2018-05-16,2.994065046310425,7.09499979019165,7.034999847412109,7.105000019073486,7.025000095367432,285188,CMBT.BR,Tanker,2026-09-22
2018-05-17,3.0003952980041504,7.110000133514404,7.074999809265137,7.144999980926514,7.059999942779541,203577,CMBT.BR,Tanker,2026-09-22
2018-05-18,2.966634750366211,7.03000020980835,7.090000152587891,7.105000019073486,7.0,330455,CMBT.BR,Tanker,2026-09-22
2018-05-21,3.002504348754883,7.114999771118164,7.045000076293945,7.15500020980835,7.039999961853027,241425,CMBT.BR,Tanker,2026-09-22
2018-05-22,3.0890142917633057,7.320000171661377,7.099999904632568,7.340000152587891,7.099999904632568,317873,CMBT.BR,Tanker,2026-09-22
2018-05-23,3.143873453140259,7.449999809265137,7.284999847412109,7.489999771118164,7.239999771118164,566267,CMBT.BR,Tanker,2026-09-22
2018-05-24,3.129103422164917,7.414999961853027,7.420000076293945,7.460000038146973,7.364999771118164,317663,CMBT.BR,Tanker,2026-09-22
2018-05-25,3.129103422164917,7.414999961853027,7.389999866485596,7.460000038146973,7.364999771118164,331369,CMBT.BR,Tanker,2026-09-22
2018-05-28,3.150203227996826,7.465000152587891,7.400000095367432,7.510000228881836,7.389999866485596,258505,CMBT.BR,Tanker,2026-09-22
2018-05-29,3.1945133209228516,7.570000171661377,7.454999923706055,7.639999866485596,7.434999942779541,552826,CMBT.BR,Tanker,2026-09-22
2018-05-30,3.2957923412323,7.809999942779541,7.545000076293945,7.809999942779541,7.525000095367432,504840,CMBT.BR,Tanker,2026-09-22
2018-05-31,3.3253324031829834,7.880000114440918,7.820000171661377,7.940000057220459,7.800000190734863,758733,CMBT.BR,Tanker,2026-09-22
2018-06-01,3.3823020458221436,8.015000343322754,7.90500020980835,8.100000381469727,7.90500020980835,827115,CMBT.BR,Tanker,2026-09-22
2018-06-04,3.3907411098480225,8.03499984741211,8.0,8.074999809265137,7.880000114440918,428503,CMBT.BR,Tanker,2026-09-22
2018-06-05,3.3759713172912598,8.0,8.0,8.100000381469727,7.985000133514404,553771,CMBT.BR,Tanker,2026-09-22
2018-06-06,3.352761745452881,7.945000171661377,8.0,8.170000076293945,7.880000114440918,641443,CMBT.BR,Tanker,2026-09-22
2018-06-07,3.3928513526916504,8.039999961853027,7.934999942779541,8.130000114440918,7.804999828338623,572118,CMBT.BR,Tanker,2026-09-22
2018-06-08,3.352761745452881,7.945000171661377,7.980000019073486,8.170000076293945,7.889999866485596,451418,CMBT.BR,Tanker,2026-09-22
2018-06-11,3.363311529159546,7.96999979019165,7.949999809265137,8.140000343322754,7.914999961853027,1969049,CMBT.BR,Tanker,2026-09-22
2018-06-12,3.2915732860565186,7.800000190734863,7.829999923706055,7.864999771118164,7.579999923706055,993504,CMBT.BR,Tanker,2026-09-22
2018-06-13,3.2979023456573486,7.815000057220459,7.75,7.989999771118164,7.75,562557,CMBT.BR,Tanker,2026-09-22
2018-06-14,3.2979023456573486,7.815000057220459,7.809999942779541,7.974999904632568,7.744999885559082,884992,CMBT.BR,Tanker,2026-09-22
2018-06-15,3.2177233695983887,7.625,7.809999942779541,7.880000114440918,7.625,717699,CMBT.BR,Tanker,2026-09-22
2018-06-18,3.409731149673462,8.079999923706055,7.704999923706055,8.199999809265137,7.644999980926514,1189375,CMBT.BR,Tanker,2026-09-22
2018-06-19,3.3759713172912598,8.0,8.03499984741211,8.039999961853027,7.730000019073486,593321,CMBT.BR,Tanker,2026-09-22
2018-06-20,3.479360818862915,8.244999885559082,8.020000457763672,8.25,8.020000457763672,756433,CMBT.BR,Tanker,2026-09-22
2018-06-21,3.538439989089966,8.385000228881836,8.25,8.395000457763672,8.25,737231,CMBT.BR,Tanker,2026-09-22
2018-06-22,3.574310541152954,8.470000267028809,8.390000343322754,8.505000114440918,8.375,1724290,CMBT.BR,Tanker,2026-09-22
2018-06-25,3.4645907878875732,8.210000038146973,8.444999694824219,8.5600004196167,8.170000076293945,418654,CMBT.BR,Tanker,2026-09-22
2018-06-26,3.401292324066162,8.0600004196167,8.210000038146973,8.300000190734863,8.039999961853027,423598,CMBT.BR,Tanker,2026-09-22
2018-06-27,3.4603703022003174,8.199999809265137,8.079999923706055,8.289999961853027,8.079999923706055,552127,CMBT.BR,Tanker,2026-09-22
2018-06-28,3.354871988296509,7.949999809265137,8.180000305175781,8.21500015258789,7.90500020980835,350285,CMBT.BR,Tanker,2026-09-22
2018-06-29,3.319002389907837,7.864999771118164,7.934999942779541,8.055000305175781,7.864999771118164,541365,CMBT.BR,Tanker,2026-09-22
2018-07-02,3.3253324031829834,7.880000114440918,7.849999904632568,7.925000190734863,7.800000190734863,450728,CMBT.BR,Tanker,2026-09-22
2018-07-03,3.278912305831909,7.769999980926514,7.885000228881836,7.909999847412109,7.724999904632568,417348,CMBT.BR,Tanker,2026-09-22
2018-07-04,3.2514824867248535,7.704999923706055,7.730000019073486,7.769999980926514,7.684999942779541,193775,CMBT.BR,Tanker,2026-09-22
2018-07-05,3.257812738418579,7.71999979019165,7.699999809265137,7.800000190734863,7.684999942779541,246039,CMBT.BR,Tanker,2026-09-22
2018-07-06,3.2240524291992188,7.639999866485596,7.699999809265137,7.699999809265137,7.579999923706055,378701,CMBT.BR,Tanker,2026-09-22
2018-07-09,3.2388229370117188,7.675000190734863,7.639999866485596,7.735000133514404,7.599999904632568,442276,CMBT.BR,Tanker,2026-09-22
2018-07-10,3.2915732860565186,7.800000190734863,7.690000057220459,7.965000152587891,7.690000057220459,388720,CMBT.BR,Tanker,2026-09-22
2018-07-11,3.268362045288086,7.744999885559082,7.849999904632568,7.880000114440918,7.715000152587891,369390,CMBT.BR,Tanker,2026-09-22
2018-07-12,3.2303826808929443,7.65500020980835,7.730000019073486,7.809999942779541,7.644999980926514,423953,CMBT.BR,Tanker,2026-09-22
2018-07-13,3.1734132766723633,7.519999980926514,7.635000228881836,7.659999847412109,7.519999980926514,230460,CMBT.BR,Tanker,2026-09-22
2018-07-16,3.154423236846924,7.474999904632568,7.514999866485596,8.015000343322754,7.454999923706055,886336,CMBT.BR,Tanker,2026-09-22
2018-07-17,3.061584711074829,7.255000114440918,7.460000038146973,7.485000133514404,7.135000228881836,725111,CMBT.BR,Tanker,2026-09-22
2018-07-18,3.0869040489196777,7.315000057220459,7.295000076293945,7.369999885559082,7.224999904632568,357060,CMBT.BR,Tanker,2026-09-22
2018-07-19,3.133324146270752,7.425000190734863,7.304999828338623,7.465000152587891,7.300000190734863,295300,CMBT.BR,Tanker,2026-09-22
2018-07-20,3.061584711074829,7.255000114440918,7.429999828338623,7.460000038146973,7.204999923706055,349384,CMBT.BR,Tanker,2026-09-22
2018-07-23,3.059474229812622,7.25,7.304999828338623,7.304999828338623,7.164999961853027,192308,CMBT.BR,Tanker,2026-09-22
2018-07-24,3.0805745124816895,7.300000190734863,7.300000190734863,7.364999771118164,7.204999923706055,493488,CMBT.BR,Tanker,2026-09-22
2018-07-25,3.072134256362915,7.28000020980835,7.255000114440918,7.340000152587891,7.244999885559082,237272,CMBT.BR,Tanker,2026-09-22
2018-07-26,3.0784645080566406,7.295000076293945,7.329999923706055,7.380000114440918,7.190000057220459,421480,CMBT.BR,Tanker,2026-09-22
2018-07-27,3.1037838459014893,7.355000019073486,7.364999771118164,7.480000019073486,7.264999866485596,365874,CMBT.BR,Tanker,2026-09-22
2018-07-30,3.0636942386627197,7.260000228881836,7.320000171661377,7.364999771118164,7.235000133514404,314865,CMBT.BR,Tanker,2026-09-22
2018-07-31,3.0573644638061523,7.244999885559082,7.255000114440918,7.355000019073486,7.199999809265137,512517,CMBT.BR,Tanker,2026-09-22
2018-08-01,3.1037838459014893,7.355000019073486,7.275000095367432,7.385000228881836,7.235000133514404,600102,CMBT.BR,Tanker,2026-09-22
2018-08-02,3.1058945655822754,7.360000133514404,7.335000038146973,7.364999771118164,7.255000114440918,184019,CMBT.BR,Tanker,2026-09-22
2018-08-03,3.0573644638061523,7.244999885559082,7.380000114440918,7.380000114440918,7.224999904632568,186396,CMBT.BR,Tanker,2026-09-22
2018-08-06,3.044703960418701,7.215000152587891,7.289999961853027,7.289999961853027,7.210000038146973,144195,CMBT.BR,Tanker,2026-09-22
2018-08-07,3.0826845169067383,7.304999828338623,7.255000114440918,7.394999980926514,7.224999904632568,250997,CMBT.BR,Tanker,2026-09-22
2018-08-08,3.0932343006134033,7.329999923706055,7.300000190734863,7.385000228881836,7.230000019073486,308257,CMBT.BR,Tanker,2026-09-22
2018-08-09,3.12699294090271,7.409999847412109,7.400000095367432,7.784999847412109,7.210000038146973,981524,CMBT.BR,Tanker,2026-09-22
2018-08-10,3.1016738414764404,7.349999904632568,7.360000133514404,7.375,7.070000171661377,878109,CMBT.BR,Tanker,2026-09-22
2018-08-13,2.994065046310425,7.09499979019165,7.380000114440918,7.389999866485596,7.074999809265137,408930,CMBT.BR,Tanker,2026-09-22
2018-08-14,2.989844799041748,7.085000038146973,7.110000133514404,7.329999923706055,7.014999866485596,690141,CMBT.BR,Tanker,2026-09-22
2018-08-15,2.8695762157440186,6.800000190734863,7.090000152587891,7.090000152587891,6.744999885559082,1019986,CMBT.BR,Tanker,2026-09-22
2018-08-16,2.854806423187256,6.764999866485596,6.804999828338623,6.855000019073486,6.755000114440918,502818,CMBT.BR,Tanker,2026-09-22
2018-08-17,2.977185010910034,7.054999828338623,6.824999809265137,7.099999904632568,6.775000095367432,901690,CMBT.BR,Tanker,2026-09-22
2018-08-20,2.994065046310425,7.09499979019165,7.059999942779541,7.130000114440918,7.014999866485596,502484,CMBT.BR,Tanker,2026-09-22
2018-08-21,3.0658044815063477,7.264999866485596,7.110000133514404,7.340000152587891,7.085000038146973,569144,CMBT.BR,Tanker,2026-09-22
2018-08-22,3.1143336296081543,7.380000114440918,7.275000095367432,7.460000038146973,7.190000057220459,584108,CMBT.BR,Tanker,2026-09-22
2018-08-23,3.0953445434570312,7.335000038146973,7.349999904632568,7.440000057220459,7.204999923706055,414680,CMBT.BR,Tanker,2026-09-22
2018-08-24,3.0869040489196777,7.315000057220459,7.385000228881836,7.449999809265137,7.269999980926514,350919,CMBT.BR,Tanker,2026-09-22
2018-08-27,3.1459836959838867,7.454999923706055,7.324999809265137,7.46999979019165,7.324999809265137,301222,CMBT.BR,Tanker,2026-09-22
2018-08-28,3.0953445434570312,7.335000038146973,7.460000038146973,7.465000152587891,7.275000095367432,406044,CMBT.BR,Tanker,2026-09-22
2018-08-29,3.118553400039673,7.389999866485596,7.364999771118164,7.445000171661377,7.309999942779541,316708,CMBT.BR,Tanker,2026-09-22
2018-08-30,3.1607532501220703,7.489999771118164,7.349999904632568,7.5,7.34499979019165,351463,CMBT.BR,Tanker,2026-09-22
2018-08-31,3.152313470840454,7.46999979019165,7.489999771118164,7.570000171661377,7.414999961853027,461705,CMBT.BR,Tanker,2026-09-22
2018-09-03,3.164973497390747,7.5,7.5,7.559999942779541,7.449999809265137,208159,CMBT.BR,Tanker,2026-09-22
2018-09-04,3.0700249671936035,7.275000095367432,7.53000020980835,7.53000020980835,7.264999866485596,375419,CMBT.BR,Tanker,2026-09-22
2018-09-05,2.9982852935791016,7.105000019073486,7.25,7.25,7.054999828338623,451229,CMBT.BR,Tanker,2026-09-22
2018-09-06,2.9877350330352783,7.079999923706055,7.110000133514404,7.110000133514404,7.025000095367432,249286,CMBT.BR,Tanker,2026-09-22
2018-09-07,2.979295015335083,7.059999942779541,7.019999980926514,7.059999942779541,6.90500020980835,329335,CMBT.BR,Tanker,2026-09-22
2018-09-10,3.002504348754883,7.114999771118164,7.019999980926514,7.135000228881836,7.010000228881836,229869,CMBT.BR,Tanker,2026-09-22
2018-09-11,2.989844799041748,7.085000038146973,7.179999828338623,7.199999809265137,7.045000076293945,166145,CMBT.BR,Tanker,2026-09-22
2018-09-12,3.023604154586792,7.164999961853027,7.099999904632568,7.28000020980835,7.099999904632568,222766,CMBT.BR,Tanker,2026-09-22
2018-09-13,2.9750752449035645,7.050000190734863,7.114999771118164,7.175000190734863,7.050000190734863,137156,CMBT.BR,Tanker,2026-09-22
2018-09-14,2.991955041885376,7.090000152587891,7.03000020980835,7.15500020980835,7.019999980926514,335278,CMBT.BR,Tanker,2026-09-22
2018-09-17,2.9750752449035645,7.050000190734863,7.125,7.125,7.03000020980835,168661,CMBT.BR,Tanker,2026-09-22
2018-09-18,2.9961748123168945,7.099999904632568,7.019999980926514,7.159999847412109,6.96999979019165,306694,CMBT.BR,Tanker,2026-09-22
2018-09-19,3.0425949096679688,7.210000038146973,7.099999904632568,7.295000076293945,7.074999809265137,313715,CMBT.BR,Tanker,2026-09-22
2018-09-20,3.0869040489196777,7.315000057220459,7.204999923706055,7.385000228881836,7.15500020980835,429882,CMBT.BR,Tanker,2026-09-22
2018-09-21,3.118553400039673,7.389999866485596,7.320000171661377,7.420000076293945,7.260000228881836,410929,CMBT.BR,Tanker,2026-09-22
2018-09-24,3.133324146270752,7.425000190734863,7.400000095367432,7.514999866485596,7.385000228881836,237326,CMBT.BR,Tanker,2026-09-22
2018-09-25,3.17763352394104,7.53000020980835,7.369999885559082,7.59499979019165,7.369999885559082,335612,CMBT.BR,Tanker,2026-09-22
2018-09-26,3.1499829292297363,7.40500020980835,7.5,7.510000228881836,7.360000133514404,385351,CMBT.BR,Tanker,2026-09-22
2018-09-27,3.1606180667877197,7.429999828338623,7.369999885559082,7.510000228881836,7.275000095367432,351363,CMBT.BR,Tanker,2026-09-22
2018-09-28,3.1648714542388916,7.440000057220459,7.429999828338623,7.474999904632568,7.34499979019165,410214,CMBT.BR,Tanker,2026-09-22
2018-10-01,3.3137569427490234,7.789999961853027,7.440000057220459,7.84499979019165,7.440000057220459,578784,CMBT.BR,Tanker,2026-09-22
2018-10-02,3.328645706176758,7.824999809265137,7.784999847412109,7.894999980926514,7.684999942779541,527666,CMBT.BR,Tanker,2026-09-22
2018-10-03,3.3605496883392334,7.900000095367432,7.824999809265137,7.925000190734863,7.775000095367432,459360,CMBT.BR,Tanker,2026-09-22
2018-10-04,3.3711838722229004,7.925000190734863,7.929999828338623,8.03499984741211,7.855000019073486,537841,CMBT.BR,Tanker,2026-09-22
2018-10-05,3.396707057952881,7.985000133514404,7.940000057220459,8.045000076293945,7.909999847412109,445976,CMBT.BR,Tanker,2026-09-22
2018-10-08,3.3520419597625732,7.880000114440918,7.920000076293945,7.985000133514404,7.880000114440918,480879,CMBT.BR,Tanker,2026-09-22
2018-10-09,3.417975425720215,8.03499984741211,7.835000038146973,8.045000076293945,7.78000020980835,485811,CMBT.BR,Tanker,2026-09-22
2018-10-10,3.3584225177764893,7.894999980926514,8.050000190734863,8.1899995803833,7.835000038146973,660554,CMBT.BR,Tanker,2026-09-22
2018-10-11,3.252075672149658,7.644999980926514,7.789999961853027,7.795000076293945,7.414999961853027,1263739,CMBT.BR,Tanker,2026-09-22
2018-10-12,3.3222646713256836,7.809999942779541,7.800000190734863,7.880000114440918,7.644999980926514,539992,CMBT.BR,Tanker,2026-09-22
2018-10-15,3.3158838748931885,7.795000076293945,7.784999847412109,7.875,7.679999828338623,366691,CMBT.BR,Tanker,2026-09-22
2018-10-16,3.3945798873901367,7.980000019073486,7.800000190734863,8.015000343322754,7.764999866485596,315804,CMBT.BR,Tanker,2026-09-22
2018-10-17,3.388200044631958,7.965000152587891,7.985000133514404,8.09000015258789,7.894999980926514,344949,CMBT.BR,Tanker,2026-09-22
2018-10-18,3.354168653488159,7.885000228881836,7.929999828338623,8.050000190734863,7.835000038146973,307144,CMBT.BR,Tanker,2026-09-22
2018-10-19,3.3477871417999268,7.869999885559082,7.920000076293945,8.0,7.820000171661377,369924,CMBT.BR,Tanker,2026-09-22
2018-10-22,3.3158838748931885,7.795000076293945,7.860000133514404,7.900000095367432,7.735000133514404,268670,CMBT.BR,Tanker,2026-09-22
2018-10-23,3.2159180641174316,7.559999942779541,7.75,7.764999866485596,7.510000228881836,467415,CMBT.BR,Tanker,2026-09-22
2018-10-24,3.2435686588287354,7.625,7.579999923706055,7.679999828338623,7.489999771118164,552238,CMBT.BR,Tanker,2026-09-22
2018-10-25,3.2584567070007324,7.659999847412109,7.53000020980835,7.724999904632568,7.420000076293945,418957,CMBT.BR,Tanker,2026-09-22
2018-10-26,3.2754721641540527,7.699999809265137,7.659999847412109,7.710000038146973,7.454999923706055,794960,CMBT.BR,Tanker,2026-09-22
2018-10-29,3.4902920722961426,8.204999923706055,7.525000095367432,8.234999656677246,7.525000095367432,806550,CMBT.BR,Tanker,2026-09-22
2018-10-30,3.398834228515625,7.989999771118164,7.75,8.279999732971191,7.75,959471,CMBT.BR,Tanker,2026-09-22
2018-10-31,3.498800277709961,8.225000381469727,8.0600004196167,8.279999732971191,8.0600004196167,587156,CMBT.BR,Tanker,2026-09-22
2018-11-01,3.460515260696411,8.135000228881836,8.1850004196167,8.274999618530273,8.03499984741211,574424,CMBT.BR,Tanker,2026-09-22
2018-11-02,3.513688087463379,8.260000228881836,8.239999771118164,8.40999984741211,8.194999694824219,862993,CMBT.BR,Tanker,2026-09-22
2018-11-05,3.4434995651245117,8.095000267028809,8.300000190734863,8.369999885559082,7.985000133514404,663429,CMBT.BR,Tanker,2026-09-22
2018-11-06,3.454134702682495,8.119999885559082,8.104999542236328,8.135000228881836,8.015000343322754,638565,CMBT.BR,Tanker,2026-09-22
2018-11-07,3.4349918365478516,8.074999809265137,8.140000343322754,8.28499984741211,8.0600004196167,467120,CMBT.BR,Tanker,2026-09-22
2018-11-08,3.369056463241577,7.920000076293945,8.109999656677246,8.1899995803833,7.84499979019165,666821,CMBT.BR,Tanker,2026-09-22
2018-11-09,3.3499152660369873,7.875,7.900000095367432,7.940000057220459,7.75,652505,CMBT.BR,Tanker,2026-09-22
2018-11-12,3.218045473098755,7.565000057220459,7.949999809265137,8.03499984741211,7.559999942779541,600008,CMBT.BR,Tanker,2026-09-22
2018-11-13,3.190394878387451,7.5,7.534999847412109,7.630000114440918,7.454999923706055,540292,CMBT.BR,Tanker,2026-09-22
2018-11-14,3.115952253341675,7.324999809265137,7.385000228881836,7.465000152587891,7.28000020980835,556740,CMBT.BR,Tanker,2026-09-22
2018-11-15,3.198902130126953,7.519999980926514,7.40500020980835,7.519999980926514,7.315000057220459,380035,CMBT.BR,Tanker,2026-09-22
2018-11-16,3.190394878387451,7.5,7.514999866485596,7.605000019073486,7.414999961853027,537429,CMBT.BR,Tanker,2026-09-22
2018-11-19,3.1350951194763184,7.369999885559082,7.550000190734863,7.65500020980835,7.360000133514404,422404,CMBT.BR,Tanker,2026-09-22
2018-11-20,3.0308752059936523,7.125,7.349999904632568,7.389999866485596,7.085000038146973,465795,CMBT.BR,Tanker,2026-09-22
2018-11-21,3.115952253341675,7.324999809265137,7.119999885559082,7.329999923706055,7.119999885559082,336167,CMBT.BR,Tanker,2026-09-22
2018-11-22,3.062779188156128,7.199999809265137,7.329999923706055,7.440000057220459,7.195000171661377,238374,CMBT.BR,Tanker,2026-09-22
2018-11-23,3.0393826961517334,7.144999980926514,7.199999809265137,7.260000228881836,7.039999961853027,444077,CMBT.BR,Tanker,2026-09-22
2018-11-26,3.132967472076416,7.364999771118164,7.244999885559082,7.409999847412109,7.195000171661377,517986,CMBT.BR,Tanker,2026-09-22
2018-11-27,3.3669302463531494,7.914999961853027,7.659999847412109,7.929999828338623,7.559999942779541,1071159,CMBT.BR,Tanker,2026-09-22
2018-11-28,3.396707057952881,7.985000133514404,7.929999828338623,8.125,7.889999866485596,606612,CMBT.BR,Tanker,2026-09-22
2018-11-29,3.4456260204315186,8.100000381469727,8.015000343322754,8.1899995803833,7.96999979019165,547953,CMBT.BR,Tanker,2026-09-22
2018-11-30,3.283979892730713,7.71999979019165,8.069999694824219,8.100000381469727,7.695000171661377,870652,CMBT.BR,Tanker,2026-09-22
2018-12-03,3.326519012451172,7.820000171661377,7.974999904632568,7.974999904632568,7.699999809265137,489119,CMBT.BR,Tanker,2026-09-22
2018-12-04,3.300995349884033,7.760000228881836,7.855000019073486,7.900000095367432,7.755000114440918,404921,CMBT.BR,Tanker,2026-09-22
2018-12-05,3.305248737335205,7.769999980926514,7.75,7.90500020980835,7.625,331667,CMBT.BR,Tanker,2026-09-22
2018-12-06,3.052144765853882,7.175000190734863,7.630000114440918,7.630000114440918,7.150000095367432,659685,CMBT.BR,Tanker,2026-09-22
2018-12-07,3.1521096229553223,7.409999847412109,7.315000057220459,7.53000020980835,7.25,406132,CMBT.BR,Tanker,2026-09-22
2018-12-10,3.020240545272827,7.099999904632568,7.394999980926514,7.449999809265137,7.085000038146973,432203,CMBT.BR,Tanker,2026-09-22
2018-12-11,3.118079900741577,7.329999923706055,7.119999885559082,7.369999885559082,7.079999923706055,520001,CMBT.BR,Tanker,2026-09-22
2018-12-12,3.17763352394104,7.46999979019165,7.425000190734863,7.519999980926514,7.385000228881836,349607,CMBT.BR,Tanker,2026-09-22
2018-12-13,3.120206356048584,7.335000038146973,7.485000133514404,7.519999980926514,7.320000171661377,224205,CMBT.BR,Tanker,2026-09-22
2018-12-14,3.0606529712677,7.195000171661377,7.300000190734863,7.300000190734863,7.159999847412109,293614,CMBT.BR,Tanker,2026-09-22
2018-12-17,2.960686445236206,6.960000038146973,7.21999979019165,7.230000019073486,6.925000190734863,455567,CMBT.BR,Tanker,2026-09-22
2018-12-18,2.8139286041259766,6.614999771118164,6.900000095367432,6.900000095367432,6.614999771118164,568087,CMBT.BR,Tanker,2026-09-22
2018-12-19,2.8075473308563232,6.599999904632568,6.644999980926514,6.670000076293945,6.465000152587891,754080,CMBT.BR,Tanker,2026-09-22
2018-12-20,2.7012009620666504,6.349999904632568,6.514999866485596,6.514999866485596,6.349999904632568,533380,CMBT.BR,Tanker,2026-09-22
2018-12-21,2.713963270187378,6.380000114440918,6.300000190734863,6.380000114440918,6.159999847412109,689377,CMBT.BR,Tanker,2026-09-22
2018-12-24,2.667170286178589,6.269999980926514,6.340000152587891,6.340000152587891,6.239999771118164,148866,CMBT.BR,Tanker,2026-09-22
2018-12-27,2.5863468647003174,6.079999923706055,7.050000190734863,7.050000190734863,6.019999980926514,908771,CMBT.BR,Tanker,2026-09-22
2018-12-28,2.637392997741699,6.199999809265137,6.054999828338623,6.260000228881836,5.945000171661377,591080,CMBT.BR,Tanker,2026-09-22
2018-12-31,2.6459007263183594,6.21999979019165,6.199999809265137,6.289999961853027,6.139999866485596,152863,CMBT.BR,Tanker,2026-09-22
2019-01-02,2.724597454071045,6.40500020980835,6.175000190734863,6.429999828338623,6.010000228881836,634012,CMBT.BR,Tanker,2026-09-22
2019-01-03,2.730978488922119,6.420000076293945,6.320000171661377,6.445000171661377,6.25,496455,CMBT.BR,Tanker,2026-09-22
2019-01-04,2.78627872467041,6.550000190734863,6.53000020980835,6.630000114440918,6.449999809265137,525829,CMBT.BR,Tanker,2026-09-22
2019-01-07,2.8288168907165527,6.650000095367432,6.690000057220459,6.695000171661377,6.539999961853027,512997,CMBT.BR,Tanker,2026-09-22
2019-01-08,2.877736806869507,6.764999866485596,6.644999980926514,6.820000171661377,6.59499979019165,525256,CMBT.BR,Tanker,2026-09-22
2019-01-09,2.8713560104370117,6.75,6.800000190734863,6.914999961853027,6.735000133514404,585251,CMBT.BR,Tanker,2026-09-22
2019-01-10,2.877736806869507,6.764999866485596,6.804999828338623,6.909999847412109,6.684999942779541,557257,CMBT.BR,Tanker,2026-09-22
2019-01-11,2.8309435844421387,6.65500020980835,6.784999847412109,6.789999961853027,6.644999980926514,291504,CMBT.BR,Tanker,2026-09-22
2019-01-14,2.8203089237213135,6.630000114440918,6.650000095367432,6.670000076293945,6.514999866485596,333757,CMBT.BR,Tanker,2026-09-22
2019-01-15,2.888370990753174,6.789999961853027,6.710000038146973,6.804999828338623,6.65500020980835,370037,CMBT.BR,Tanker,2026-09-22
2019-01-16,2.852213144302368,6.704999923706055,6.800000190734863,6.815000057220459,6.684999942779541,308629,CMBT.BR,Tanker,2026-09-22
2019-01-17,2.8671019077301025,6.739999771118164,6.699999809265137,6.755000114440918,6.630000114440918,199106,CMBT.BR,Tanker,2026-09-22
2019-01-18,2.884117364883423,6.78000020980835,6.75,6.824999809265137,6.730000019073486,325576,CMBT.BR,Tanker,2026-09-22
2019-01-21,2.8649752140045166,6.735000133514404,6.800000190734863,6.855000019073486,6.735000133514404,248852,CMBT.BR,Tanker,2026-09-22
2019-01-22,2.850085973739624,6.699999809265137,6.710000038146973,6.829999923706055,6.659999847412109,252133,CMBT.BR,Tanker,2026-09-22
2019-01-23,2.903259515762329,6.824999809265137,6.829999923706055,6.994999885559082,6.65500020980835,775851,CMBT.BR,Tanker,2026-09-22
2019-01-24,2.8118014335632324,6.610000133514404,6.989999771118164,6.989999771118164,6.610000133514404,727782,CMBT.BR,Tanker,2026-09-22
2019-01-25,2.843705177307129,6.684999942779541,6.659999847412109,6.730000019073486,6.465000152587891,767542,CMBT.BR,Tanker,2026-09-22
2019-01-28,2.847959280014038,6.695000171661377,6.699999809265137,6.744999885559082,6.579999923706055,436266,CMBT.BR,Tanker,2026-09-22
2019-01-29,2.854339838027954,6.710000038146973,6.699999809265137,6.800000190734863,6.659999847412109,354152,CMBT.BR,Tanker,2026-09-22
2019-01-30,2.894752025604248,6.804999828338623,6.739999771118164,6.875,6.71999979019165,400772,CMBT.BR,Tanker,2026-09-22
2019-01-31,2.905386447906494,6.829999923706055,6.829999923706055,6.920000076293945,6.820000171661377,391334,CMBT.BR,Tanker,2026-09-22
2019-02-01,2.8671019077301025,6.739999771118164,6.809999942779541,6.809999942779541,6.704999923706055,370929,CMBT.BR,Tanker,2026-09-22
2019-02-04,2.9096410274505615,6.840000152587891,6.710000038146973,6.840000152587891,6.710000038146973,309579,CMBT.BR,Tanker,2026-09-22
2019-02-05,3.005352258682251,7.065000057220459,6.855000019073486,7.065000057220459,6.84499979019165,758259,CMBT.BR,Tanker,2026-09-22
2019-02-06,2.9777019023895264,7.0,7.0,7.09499979019165,6.954999923706055,566470,CMBT.BR,Tanker,2026-09-22
2019-02-07,2.8734822273254395,6.755000114440918,6.974999904632568,6.994999885559082,6.75,739517,CMBT.BR,Tanker,2026-09-22
2019-02-08,2.8564672470092773,6.715000152587891,6.760000228881836,6.869999885559082,6.715000152587891,572071,CMBT.BR,Tanker,2026-09-22
2019-02-11,2.881990432739258,6.775000095367432,6.75,6.789999961853027,6.710000038146973,365294,CMBT.BR,Tanker,2026-09-22
2019-02-12,2.956432342529297,6.949999809265137,6.860000133514404,7.114999771118164,6.84499979019165,881326,CMBT.BR,Tanker,2026-09-22
2019-02-13,2.9777019023895264,7.0,7.019999980926514,7.050000190734863,6.945000171661377,441256,CMBT.BR,Tanker,2026-09-22
2019-02-14,2.9947173595428467,7.039999961853027,7.014999866485596,7.074999809265137,6.985000133514404,467912,CMBT.BR,Tanker,2026-09-22
2019-02-15,3.043637275695801,7.15500020980835,7.050000190734863,7.190000057220459,6.980000019073486,523408,CMBT.BR,Tanker,2026-09-22
2019-02-18,3.0244948863983154,7.110000133514404,7.170000076293945,7.175000190734863,7.085000038146973,274201,CMBT.BR,Tanker,2026-09-22
2019-02-19,3.001098394393921,7.054999828338623,7.085000038146973,7.135000228881836,7.0,287374,CMBT.BR,Tanker,2026-09-22
2019-02-20,3.001098394393921,7.054999828338623,7.099999904632568,7.099999904632568,7.019999980926514,349806,CMBT.BR,Tanker,2026-09-22
2019-02-21,2.9755752086639404,6.994999885559082,7.090000152587891,7.090000152587891,6.96999979019165,553796,CMBT.BR,Tanker,2026-09-22
2019-02-22,3.005352258682251,7.065000057220459,7.010000228881836,7.175000190734863,6.965000152587891,437788,CMBT.BR,Tanker,2026-09-22
2019-02-25,2.954306125640869,6.945000171661377,7.099999904632568,7.099999904632568,6.945000171661377,491448,CMBT.BR,Tanker,2026-09-22
2019-02-26,2.947925329208374,6.929999828338623,6.940000057220459,7.059999942779541,6.880000114440918,535517,CMBT.BR,Tanker,2026-09-22
2019-02-27,2.9309093952178955,6.889999866485596,6.909999847412109,6.974999904632568,6.880000114440918,495897,CMBT.BR,Tanker,2026-09-22
2019-02-28,2.964939832687378,6.96999979019165,6.860000133514404,7.0,6.855000019073486,456297,CMBT.BR,Tanker,2026-09-22
2019-03-01,3.009606122970581,7.074999809265137,7.0,7.090000152587891,6.869999885559082,605216,CMBT.BR,Tanker,2026-09-22
2019-03-04,3.0542712211608887,7.179999828338623,7.125,7.224999904632568,7.099999904632568,387605,CMBT.BR,Tanker,2026-09-22
2019-03-05,3.067033290863037,7.210000038146973,7.184999942779541,7.255000114440918,7.085000038146973,573898,CMBT.BR,Tanker,2026-09-22
2019-03-06,3.056398868560791,7.184999942779541,7.239999771118164,7.269999980926514,7.175000190734863,566524,CMBT.BR,Tanker,2026-09-22
2019-03-07,2.947925329208374,6.929999828338623,7.110000133514404,7.110000133514404,6.914999961853027,590719,CMBT.BR,Tanker,2026-09-22
2019-03-08,2.964939832687378,6.96999979019165,6.940000057220459,6.980000019073486,6.835000038146973,488822,CMBT.BR,Tanker,2026-09-22
2019-03-11,2.9713213443756104,6.985000133514404,6.96999979019165,7.0,6.889999866485596,269207,CMBT.BR,Tanker,2026-09-22
2019-03-12,2.998971462249756,7.050000190734863,6.989999771118164,7.054999828338623,6.925000190734863,375770,CMBT.BR,Tanker,2026-09-22
2019-03-13,3.007479667663574,7.070000171661377,7.0,7.070000171661377,6.980000019073486,296059,CMBT.BR,Tanker,2026-09-22
2019-03-14,2.9798290729522705,7.005000114440918,7.039999961853027,7.110000133514404,6.965000152587891,308805,CMBT.BR,Tanker,2026-09-22
2019-03-15,3.005352258682251,7.065000057220459,7.019999980926514,7.085000038146973,7.005000114440918,385359,CMBT.BR,Tanker,2026-09-22
2019-03-18,3.079794406890869,7.239999771118164,7.119999885559082,7.25,7.090000152587891,200640,CMBT.BR,Tanker,2026-09-22
2019-03-19,3.052144765853882,7.175000190734863,7.244999885559082,7.284999847412109,7.159999847412109,420884,CMBT.BR,Tanker,2026-09-22
2019-03-20,3.0330026149749756,7.130000114440918,7.199999809265137,7.204999923706055,7.105000019073486,228100,CMBT.BR,Tanker,2026-09-22
2019-03-21,3.122333526611328,7.340000152587891,7.210000038146973,7.360000133514404,7.179999828338623,452601,CMBT.BR,Tanker,2026-09-22
2019-03-22,3.0606529712677,7.195000171661377,7.369999885559082,7.380000114440918,7.159999847412109,475528,CMBT.BR,Tanker,2026-09-22
2019-03-25,3.003225564956665,7.059999942779541,7.190000057220459,7.190000057220459,7.019999980926514,472678,CMBT.BR,Tanker,2026-09-22
2019-03-26,3.020240545272827,7.099999904632568,7.070000171661377,7.150000095367432,7.03000020980835,258412,CMBT.BR,Tanker,2026-09-22
2019-03-27,3.001098394393921,7.054999828338623,7.144999980926514,7.144999980926514,7.019999980926514,319650,CMBT.BR,Tanker,2026-09-22
2019-03-28,3.013859748840332,7.085000038146973,7.039999961853027,7.150000095367432,7.014999866485596,301815,CMBT.BR,Tanker,2026-09-22
2019-03-29,3.0861759185791016,7.255000114440918,7.164999961853027,7.275000095367432,7.125,255076,CMBT.BR,Tanker,2026-09-22
2019-04-01,3.171252727508545,7.454999923706055,7.349999904632568,7.46999979019165,7.300000190734863,521899,CMBT.BR,Tanker,2026-09-22
2019-04-02,3.17763352394104,7.46999979019165,7.420000076293945,7.550000190734863,7.420000076293945,439168,CMBT.BR,Tanker,2026-09-22
2019-04-03,3.17337965965271,7.460000038146973,7.485000133514404,7.59499979019165,7.440000057220459,327284,CMBT.BR,Tanker,2026-09-22
2019-04-04,3.1436023712158203,7.389999866485596,7.460000038146973,7.460000038146973,7.315000057220459,228330,CMBT.BR,Tanker,2026-09-22
2019-04-05,3.171252727508545,7.454999923706055,7.389999866485596,7.494999885559082,7.389999866485596,367281,CMBT.BR,Tanker,2026-09-22
2019-04-08,3.2690913677215576,7.684999942779541,7.440000057220459,7.699999809265137,7.40500020980835,507325,CMBT.BR,Tanker,2026-09-22
2019-04-09,3.3158838748931885,7.795000076293945,7.75,7.945000171661377,7.730000019073486,705318,CMBT.BR,Tanker,2026-09-22
2019-04-10,3.4328646659851074,8.069999694824219,7.880000114440918,8.074999809265137,7.800000190734863,669633,CMBT.BR,Tanker,2026-09-22
2019-04-11,3.452007293701172,8.114999771118164,8.09000015258789,8.234999656677246,7.994999885559082,853246,CMBT.BR,Tanker,2026-09-22
2019-04-12,3.5094339847564697,8.25,8.149999618530273,8.279999732971191,8.135000228881836,543657,CMBT.BR,Tanker,2026-09-22
2019-04-15,3.530703544616699,8.300000190734863,8.234999656677246,8.300000190734863,8.140000343322754,523674,CMBT.BR,Tanker,2026-09-22
2019-04-16,3.5285770893096924,8.295000076293945,8.25,8.350000381469727,8.154999732971191,551151,CMBT.BR,Tanker,2026-09-22
2019-04-17,3.577496290206909,8.40999984741211,8.220000267028809,8.425000190734863,8.21500015258789,419931,CMBT.BR,Tanker,2026-09-22
2019-04-18,3.5945115089416504,8.449999809265137,8.354999542236328,8.46500015258789,8.319999694824219,370902,CMBT.BR,Tanker,2026-09-22
2019-04-23,3.622161865234375,8.515000343322754,8.479999542236328,8.614999771118164,8.4399995803833,761491,CMBT.BR,Tanker,2026-09-22
2019-04-24,3.600893020629883,8.46500015258789,8.510000228881836,8.5649995803833,8.430000305175781,517691,CMBT.BR,Tanker,2026-09-22
2019-04-25,3.61152720451355,8.489999771118164,8.449999809265137,8.494999885559082,8.28499984741211,492008,CMBT.BR,Tanker,2026-09-22
2019-04-26,3.5392117500305176,8.319999694824219,8.460000038146973,8.460000038146973,8.3149995803833,359925,CMBT.BR,Tanker,2026-09-22
2019-04-29,3.5732421875,8.399999618530273,8.28499984741211,8.404999732971191,8.234999656677246,423341,CMBT.BR,Tanker,2026-09-22
2019-04-30,3.5817503929138184,8.420000076293945,8.300000190734863,8.53499984741211,8.239999771118164,534820,CMBT.BR,Tanker,2026-09-22
2019-05-02,3.6349234580993652,8.545000076293945,8.414999961853027,8.579999923706055,8.345000267028809,586737,CMBT.BR,Tanker,2026-09-22
2019-05-03,3.7051122188568115,8.710000038146973,8.479999542236328,8.779999732971191,8.460000038146973,637250,CMBT.BR,Tanker,2026-09-22
2019-05-06,3.66044545173645,8.604999542236328,8.555000305175781,8.704999923706055,8.46500015258789,658642,CMBT.BR,Tanker,2026-09-22
2019-05-07,3.609400749206543,8.484999656677246,8.550000190734863,8.65999984741211,8.4350004196167,404717,CMBT.BR,Tanker,2026-09-22
2019-05-08,3.605146884918213,8.475000381469727,8.449999809265137,8.59000015258789,8.369999885559082,438837,CMBT.BR,Tanker,2026-09-22
2019-05-09,3.5562267303466797,8.359999656677246,8.449999809265137,8.454999923706055,8.329999923706055,305522,CMBT.BR,Tanker,2026-09-22
2019-05-10,3.5732421875,8.399999618530273,8.364999771118164,8.5649995803833,8.364999771118164,431518,CMBT.BR,Tanker,2026-09-22
2019-05-13,3.5264499187469482,8.289999961853027,8.399999618530273,8.4350004196167,8.265000343322754,259770,CMBT.BR,Tanker,2026-09-22
2019-05-14,3.656193256378174,8.595000267028809,8.28499984741211,8.595000267028809,8.28499984741211,621001,CMBT.BR,Tanker,2026-09-22
2019-05-15,3.8199663162231445,8.979999542236328,8.579999923706055,8.979999542236328,8.5600004196167,819822,CMBT.BR,Tanker,2026-09-22
2019-05-16,3.8816471099853516,9.125,8.960000038146973,9.140000343322754,8.9350004196167,666385,CMBT.BR,Tanker,2026-09-22
2019-05-17,3.8199663162231445,8.979999542236328,9.0600004196167,9.085000038146973,8.960000038146973,466061,CMBT.BR,Tanker,2026-09-22
2019-05-20,3.739143133163452,8.789999961853027,8.984999656677246,9.0,8.720000267028809,334915,CMBT.BR,Tanker,2026-09-22
2019-05-21,3.7561581134796143,8.829999923706055,8.779999732971191,8.899999618530273,8.779999732971191,296941,CMBT.BR,Tanker,2026-09-22
2019-05-22,3.692350149154663,8.680000305175781,8.805000305175781,8.850000381469727,8.675000190734863,412698,CMBT.BR,Tanker,2026-09-22
2019-05-23,3.568988800048828,8.390000343322754,8.619999885559082,8.619999885559082,8.180000305175781,555539,CMBT.BR,Tanker,2026-09-22
2019-05-24,3.454134702682495,8.119999885559082,8.25,8.300000190734863,7.989999771118164,620981,CMBT.BR,Tanker,2026-09-22
2019-05-27,3.4115958213806152,8.020000457763672,8.140000343322754,8.140000343322754,7.965000152587891,275435,CMBT.BR,Tanker,2026-09-22
2019-05-28,3.413722515106201,8.024999618530273,8.050000190734863,8.050000190734863,7.914999961853027,961634,CMBT.BR,Tanker,2026-09-22
2019-05-29,3.305248737335205,7.769999980926514,7.90500020980835,7.90500020980835,7.704999923706055,565394,CMBT.BR,Tanker,2026-09-22
2019-05-30,3.281853675842285,7.715000152587891,7.789999961853027,7.920000076293945,7.690000057220459,355750,CMBT.BR,Tanker,2026-09-22
2019-05-31,3.226552963256836,7.585000038146973,7.690000057220459,7.690000057220459,7.519999980926514,619223,CMBT.BR,Tanker,2026-09-22
2019-06-03,3.1882684230804443,7.494999885559082,7.5,7.505000114440918,7.349999904632568,852343,CMBT.BR,Tanker,2026-09-22
2019-06-04,3.179760217666626,7.474999904632568,7.489999771118164,7.554999828338623,7.425000190734863,713519,CMBT.BR,Tanker,2026-09-22
2019-06-05,3.1414756774902344,7.385000228881836,7.489999771118164,7.489999771118164,7.34499979019165,438181,CMBT.BR,Tanker,2026-09-22
2019-06-06,3.2244253158569336,7.579999923706055,7.449999809265137,7.659999847412109,7.440000057220459,778984,CMBT.BR,Tanker,2026-09-22
2019-06-07,3.2456958293914795,7.630000114440918,7.619999885559082,7.755000114440918,7.559999942779541,553896,CMBT.BR,Tanker,2026-09-22
2019-06-10,3.237187147140503,7.610000133514404,7.650000095367432,7.679999828338623,7.550000190734863,314900,CMBT.BR,Tanker,2026-09-22
2019-06-11,3.252075672149658,7.644999980926514,7.639999866485596,7.690000057220459,7.554999828338623,451402,CMBT.BR,Tanker,2026-09-22
2019-06-12,3.1308412551879883,7.360000133514404,7.599999904632568,7.625,7.349999904632568,504291,CMBT.BR,Tanker,2026-09-22
2019-06-13,3.232933759689331,7.599999904632568,7.349999904632568,7.614999771118164,7.300000190734863,462698,CMBT.BR,Tanker,2026-09-22
2019-06-14,3.184014081954956,7.485000133514404,7.599999904632568,7.599999904632568,7.460000038146973,316662,CMBT.BR,Tanker,2026-09-22
2019-06-17,3.1457293033599854,7.394999980926514,7.460000038146973,7.465000152587891,7.329999923706055,332360,CMBT.BR,Tanker,2026-09-22
2019-06-18,3.2031562328338623,7.53000020980835,7.425000190734863,7.574999809265137,7.34499979019165,291275,CMBT.BR,Tanker,2026-09-22
2019-06-19,3.196775436401367,7.514999866485596,7.550000190734863,7.550000190734863,7.409999847412109,293480,CMBT.BR,Tanker,2026-09-22
2019-06-20,3.3371524810791016,7.84499979019165,7.550000190734863,7.909999847412109,7.550000190734863,710249,CMBT.BR,Tanker,2026-09-22
2019-06-21,3.3796920776367188,7.945000171661377,7.804999828338623,7.965000152587891,7.789999961853027,673967,CMBT.BR,Tanker,2026-09-22
2019-06-24,3.354168653488159,7.885000228881836,7.965000152587891,8.020000457763672,7.824999809265137,480227,CMBT.BR,Tanker,2026-09-22
2019-06-25,3.3328986167907715,7.835000038146973,7.920000076293945,7.954999923706055,7.829999923706055,436713,CMBT.BR,Tanker,2026-09-22
2019-06-26,3.3754377365112305,7.934999942779541,7.900000095367432,7.994999885559082,7.804999828338623,294253,CMBT.BR,Tanker,2026-09-22
2019-06-27,3.456260919570923,8.125,7.985000133514404,8.154999732971191,7.954999923706055,304330,CMBT.BR,Tanker,2026-09-22
2019-06-28,3.498800277709961,8.225000381469727,8.130000114440918,8.239999771118164,8.130000114440918,335061,CMBT.BR,Tanker,2026-09-22
2019-07-01,3.5392117500305176,8.319999694824219,8.300000190734863,8.449999809265137,8.300000190734863,611636,CMBT.BR,Tanker,2026-09-22
2019-07-02,3.5115606784820557,8.255000114440918,8.364999771118164,8.420000076293945,8.239999771118164,540328,CMBT.BR,Tanker,2026-09-22
2019-07-03,3.4349918365478516,8.074999809265137,8.300000190734863,8.300000190734863,8.050000190734863,388331,CMBT.BR,Tanker,2026-09-22
2019-07-04,3.407341241836548,8.010000228881836,8.100000381469727,8.135000228881836,8.010000228881836,196759,CMBT.BR,Tanker,2026-09-22
2019-07-05,3.403087615966797,8.0,8.015000343322754,8.0600004196167,7.909999847412109,392007,CMBT.BR,Tanker,2026-09-22
2019-07-08,3.3796920776367188,7.945000171661377,7.994999885559082,8.095000267028809,7.920000076293945,331308,CMBT.BR,Tanker,2026-09-22
2019-07-09,3.3605496883392334,7.900000095367432,7.914999961853027,7.920000076293945,7.815000057220459,220412,CMBT.BR,Tanker,2026-09-22
2019-07-10,3.396707057952881,7.985000133514404,7.855000019073486,8.0,7.855000019073486,224082,CMBT.BR,Tanker,2026-09-22
2019-07-11,3.471149444580078,8.15999984741211,8.069999694824219,8.239999771118164,8.020000457763672,355458,CMBT.BR,Tanker,2026-09-22
2019-07-12,3.4902920722961426,8.204999923706055,8.225000381469727,8.225000381469727,8.130000114440918,250638,CMBT.BR,Tanker,2026-09-22
2019-07-15,3.473276138305664,8.164999961853027,8.180000305175781,8.225000381469727,8.055000305175781,214322,CMBT.BR,Tanker,2026-09-22
2019-07-16,3.4860382080078125,8.194999694824219,8.170000076293945,8.204999923706055,8.125,166213,CMBT.BR,Tanker,2026-09-22
2019-07-17,3.4307382106781006,8.0649995803833,8.1850004196167,8.204999923706055,8.050000190734863,145707,CMBT.BR,Tanker,2026-09-22
2019-07-18,3.364802360534668,7.909999847412109,8.0,8.0,7.800000190734863,266325,CMBT.BR,Tanker,2026-09-22
2019-07-19,3.3775646686553955,7.940000057220459,7.949999809265137,8.015000343322754,7.920000076293945,160162,CMBT.BR,Tanker,2026-09-22
2019-07-22,3.403087615966797,8.0,7.985000133514404,8.09000015258789,7.929999828338623,234923,CMBT.BR,Tanker,2026-09-22
2019-07-23,3.413722515106201,8.024999618530273,8.005000114440918,8.09000015258789,7.949999809265137,333625,CMBT.BR,Tanker,2026-09-22
2019-07-24,3.4456260204315186,8.100000381469727,8.09000015258789,8.135000228881836,8.03499984741211,236939,CMBT.BR,Tanker,2026-09-22
2019-07-25,3.4371190071105957,8.079999923706055,8.119999885559082,8.270000457763672,8.0649995803833,340970,CMBT.BR,Tanker,2026-09-22
2019-07-26,3.4115958213806152,8.020000457763672,8.069999694824219,8.125,8.0,169953,CMBT.BR,Tanker,2026-09-22
2019-07-29,3.328645706176758,7.824999809265137,8.024999618530273,8.024999618530273,7.809999942779541,329500,CMBT.BR,Tanker,2026-09-22
2019-07-30,3.2074103355407715,7.539999961853027,7.804999828338623,7.815000057220459,7.525000095367432,430134,CMBT.BR,Tanker,2026-09-22
2019-07-31,3.237187147140503,7.610000133514404,7.590000152587891,7.675000190734863,7.539999961853027,395734,CMBT.BR,Tanker,2026-09-22
2019-08-01,3.2733449935913086,7.695000171661377,7.550000190734863,7.744999885559082,7.550000190734863,212093,CMBT.BR,Tanker,2026-09-22
2019-08-02,3.1542370319366455,7.414999961853027,7.635000228881836,7.635000228881836,7.40500020980835,386833,CMBT.BR,Tanker,2026-09-22
2019-08-05,2.9840826988220215,7.014999866485596,7.340000152587891,7.34499979019165,6.960000038146973,811633,CMBT.BR,Tanker,2026-09-22
2019-08-06,3.020240545272827,7.099999904632568,7.045000076293945,7.300000190734863,6.965000152587891,543308,CMBT.BR,Tanker,2026-09-22
2019-08-07,3.020240545272827,7.099999904632568,7.099999904632568,7.204999923706055,7.0,478432,CMBT.BR,Tanker,2026-09-22
2019-08-08,2.998971462249756,7.050000190734863,7.199999809265137,7.224999904632568,6.820000171661377,777806,CMBT.BR,Tanker,2026-09-22
2019-08-09,2.9266557693481445,6.880000114440918,7.085000038146973,7.085000038146973,6.820000171661377,642458,CMBT.BR,Tanker,2026-09-22
2019-08-12,2.847959280014038,6.695000171661377,6.900000095367432,6.929999828338623,6.565000057220459,763240,CMBT.BR,Tanker,2026-09-22
2019-08-13,2.903259515762329,6.824999809265137,6.699999809265137,6.920000076293945,6.525000095367432,858738,CMBT.BR,Tanker,2026-09-22
2019-08-14,2.8203089237213135,6.630000114440918,6.835000038146973,6.835000038146973,6.570000171661377,637577,CMBT.BR,Tanker,2026-09-22
2019-08-15,2.790532350540161,6.559999942779541,6.644999980926514,6.659999847412109,6.46999979019165,616645,CMBT.BR,Tanker,2026-09-22
2019-08-16,2.8692286014556885,6.744999885559082,6.590000152587891,6.755000114440918,6.570000171661377,462544,CMBT.BR,Tanker,2026-09-22
2019-08-19,3.0308752059936523,7.125,6.849999904632568,7.150000095367432,6.849999904632568,464565,CMBT.BR,Tanker,2026-09-22
2019-08-20,3.0478901863098145,7.164999961853027,7.179999828338623,7.230000019073486,7.079999923706055,534094,CMBT.BR,Tanker,2026-09-22
2019-08-21,3.113826036453247,7.320000171661377,7.199999809265137,7.340000152587891,7.175000190734863,419421,CMBT.BR,Tanker,2026-09-22
2019-08-22,3.1436023712158203,7.389999866485596,7.300000190734863,7.425000190734863,7.224999904632568,425327,CMBT.BR,Tanker,2026-09-22
2019-08-23,3.071286678314209,7.21999979019165,7.400000095367432,7.565000057220459,7.170000076293945,571766,CMBT.BR,Tanker,2026-09-22
2019-08-26,3.056398868560791,7.184999942779541,7.110000133514404,7.269999980926514,6.994999885559082,416655,CMBT.BR,Tanker,2026-09-22
2019-08-27,3.0478901863098145,7.164999961853027,7.135000228881836,7.260000228881836,7.099999904632568,322331,CMBT.BR,Tanker,2026-09-22
2019-08-28,3.050018072128296,7.170000076293945,7.105000019073486,7.184999942779541,7.054999828338623,359406,CMBT.BR,Tanker,2026-09-22
2019-08-29,3.1308412551879883,7.360000133514404,7.110000133514404,7.360000133514404,7.110000133514404,388204,CMBT.BR,Tanker,2026-09-22
2019-08-30,3.1499829292297363,7.40500020980835,7.369999885559082,7.494999885559082,7.304999828338623,434385,CMBT.BR,Tanker,2026-09-22
2019-09-02,3.1350951194763184,7.369999885559082,7.40500020980835,7.429999828338623,7.304999828338623,216437,CMBT.BR,Tanker,2026-09-22
2019-09-03,3.069159984588623,7.215000152587891,7.349999904632568,7.380000114440918,7.190000057220459,237172,CMBT.BR,Tanker,2026-09-22
2019-09-04,3.050018072128296,7.170000076293945,7.199999809265137,7.320000171661377,7.144999980926514,280337,CMBT.BR,Tanker,2026-09-22
2019-09-05,3.1521096229553223,7.409999847412109,7.199999809265137,7.409999847412109,7.170000076293945,393005,CMBT.BR,Tanker,2026-09-22
2019-09-06,3.1882684230804443,7.494999885559082,7.364999771118164,7.574999809265137,7.349999904632568,445844,CMBT.BR,Tanker,2026-09-22
2019-09-09,3.300995349884033,7.760000228881836,7.489999771118164,7.769999980926514,7.485000133514404,550546,CMBT.BR,Tanker,2026-09-22
2019-09-10,3.3222646713256836,7.809999942779541,7.739999771118164,7.914999961853027,7.699999809265137,573426,CMBT.BR,Tanker,2026-09-22
2019-09-11,3.300995349884033,7.760000228881836,7.824999809265137,7.949999809265137,7.715000152587891,577951,CMBT.BR,Tanker,2026-09-22
2019-09-12,3.296741247177124,7.75,7.710000038146973,7.840000152587891,7.585000038146973,585577,CMBT.BR,Tanker,2026-09-22
2019-09-13,3.3945798873901367,7.980000019073486,7.75,8.024999618530273,7.71999979019165,548298,CMBT.BR,Tanker,2026-09-22
2019-09-16,3.4328646659851074,8.069999694824219,8.0,8.1899995803833,7.989999771118164,694141,CMBT.BR,Tanker,2026-09-22
2019-09-17,3.339279890060425,7.849999904632568,8.050000190734863,8.079999923706055,7.71999979019165,524505,CMBT.BR,Tanker,2026-09-22
2019-09-18,3.3499152660369873,7.875,7.869999885559082,7.920000076293945,7.809999942779541,263383,CMBT.BR,Tanker,2026-09-22
2019-09-19,3.3775646686553955,7.940000057220459,7.784999847412109,7.965000152587891,7.699999809265137,250066,CMBT.BR,Tanker,2026-09-22
2019-09-20,3.392453670501709,7.974999904632568,7.860000133514404,8.0,7.824999809265137,340276,CMBT.BR,Tanker,2026-09-22
2019-09-23,3.3180110454559326,7.800000190734863,7.989999771118164,7.989999771118164,7.789999961853027,256682,CMBT.BR,Tanker,2026-09-22
2019-09-24,3.3116297721862793,7.784999847412109,7.795000076293945,7.864999771118164,7.75,248040,CMBT.BR,Tanker,2026-09-22
2019-09-25,3.288233995437622,7.730000019073486,7.699999809265137,7.755000114440918,7.574999809265137,420598,CMBT.BR,Tanker,2026-09-22
2019-09-26,3.5540995597839355,8.354999542236328,7.710000038146973,8.399999618530273,7.710000038146973,1271251,CMBT.BR,Tanker,2026-09-22
2019-09-27,3.5732421875,8.399999618530273,8.350000381469727,8.4399995803833,8.21500015258789,816769,CMBT.BR,Tanker,2026-09-22
2019-09-30,3.5562267303466797,8.359999656677246,8.329999923706055,8.40999984741211,8.239999771118164,557991,CMBT.BR,Tanker,2026-09-22
2019-10-01,3.671081304550171,8.630000114440918,8.375,8.680000305175781,8.375,998413,CMBT.BR,Tanker,2026-09-22
2019-10-02,3.5796234607696533,8.414999961853027,8.529999732971191,8.609999656677246,8.390000343322754,704520,CMBT.BR,Tanker,2026-09-22
2019-10-03,3.615780830383301,8.5,8.470000267028809,8.630000114440918,8.395000457763672,921570,CMBT.BR,Tanker,2026-09-22
2019-10-04,3.785935163497925,8.899999618530273,8.609999656677246,8.979999542236328,8.550000190734863,1600856,CMBT.BR,Tanker,2026-09-22
2019-10-07,4.017770290374756,9.444999694824219,8.930000305175781,9.444999694824219,8.890000343322754,2465168,CMBT.BR,Tanker,2026-09-22
2019-10-08,4.005009651184082,9.414999961853027,9.4350004196167,9.585000038146973,9.28499984741211,1523155,CMBT.BR,Tanker,2026-09-22
2019-10-09,4.062436103820801,9.550000190734863,9.414999961853027,9.8100004196167,9.414999961853027,2098622,CMBT.BR,Tanker,2026-09-22
2019-10-10,4.083704948425293,9.600000381469727,9.529999732971191,9.829999923706055,9.364999771118164,1908808,CMBT.BR,Tanker,2026-09-22
2019-10-11,4.338936805725098,10.199999809265137,9.800000190734863,10.420000076293945,9.725000381469727,3135422,CMBT.BR,Tanker,2026-09-22
2019-10-14,4.4155073165893555,10.380000114440918,10.180000305175781,10.399999618530273,9.930000305175781,2097195,CMBT.BR,Tanker,2026-09-22
2019-10-15,4.247478485107422,9.984999656677246,10.350000381469727,10.430000305175781,9.920000076293945,1994273,CMBT.BR,Tanker,2026-09-22
2019-10-16,4.173036575317383,9.8100004196167,9.800000190734863,9.930000305175781,9.604999542236328,1710077,CMBT.BR,Tanker,2026-09-22
2019-10-17,4.296398639678955,10.100000381469727,9.739999771118164,10.25,9.664999961853027,1474800,CMBT.BR,Tanker,2026-09-22
2019-10-18,4.236844062805176,9.960000038146973,9.989999771118164,10.140000343322754,9.920000076293945,1178349,CMBT.BR,Tanker,2026-09-22
2019-10-21,4.249605655670166,9.989999771118164,10.0600004196167,10.140000343322754,9.954999923706055,725675,CMBT.BR,Tanker,2026-09-22
2019-10-22,4.258113861083984,10.010000228881836,9.899999618530273,10.020000457763672,9.78499984741211,860804,CMBT.BR,Tanker,2026-09-22
2019-10-23,4.360206604003906,10.25,9.984999656677246,10.350000381469727,9.954999923706055,1410188,CMBT.BR,Tanker,2026-09-22
2019-10-24,4.4155073165893555,10.380000114440918,10.350000381469727,10.5600004196167,10.3100004196167,1401369,CMBT.BR,Tanker,2026-09-22
2019-10-25,4.292144775390625,10.09000015258789,10.34000015258789,10.34000015258789,9.920000076293945,1275584,CMBT.BR,Tanker,2026-09-22
2019-10-28,4.330428600311279,10.180000305175781,10.069999694824219,10.229999542236328,10.010000228881836,903082,CMBT.BR,Tanker,2026-09-22
2019-10-29,4.2751288414001465,10.050000190734863,10.25,10.4399995803833,9.895000457763672,1409566,CMBT.BR,Tanker,2026-09-22
2019-10-30,4.402745723724365,10.350000381469727,10.039999961853027,10.350000381469727,10.039999961853027,1202809,CMBT.BR,Tanker,2026-09-22
2019-10-31,4.300651550292969,10.109999656677246,10.390000343322754,10.390000343322754,10.09000015258789,1278106,CMBT.BR,Tanker,2026-09-22
2019-11-01,4.360206604003906,10.25,10.039999961853027,10.289999961853027,9.944999694824219,1114930,CMBT.BR,Tanker,2026-09-22
2019-11-04,4.360206604003906,10.25,10.25,10.369999885559082,10.180000305175781,1947054,CMBT.BR,Tanker,2026-09-22
2019-11-05,4.3219218254089355,10.15999984741211,10.300000190734863,10.430000305175781,10.140000343322754,1885831,CMBT.BR,Tanker,2026-09-22
2019-11-06,4.190052509307861,9.850000381469727,10.0,10.069999694824219,9.8149995803833,1363589,CMBT.BR,Tanker,2026-09-22
2019-11-07,4.077324390411377,9.585000038146973,9.845000267028809,9.899999618530273,9.5649995803833,1271495,CMBT.BR,Tanker,2026-09-22
2019-11-08,4.192178249359131,9.854999542236328,9.5,9.859999656677246,9.329999923706055,1880198,CMBT.BR,Tanker,2026-09-22
2019-11-11,4.0432939529418945,9.505000114440918,9.829999923706055,9.829999923706055,9.505000114440918,914607,CMBT.BR,Tanker,2026-09-22
2019-11-12,4.130497932434082,9.710000038146973,9.510000228881836,9.779999732971191,9.470000267028809,900073,CMBT.BR,Tanker,2026-09-22
2019-11-13,4.141132354736328,9.734999656677246,9.699999809265137,9.805000305175781,9.595000267028809,516490,CMBT.BR,Tanker,2026-09-22
2019-11-14,4.204940319061279,9.885000228881836,9.630000114440918,9.9350004196167,9.59000015258789,1003188,CMBT.BR,Tanker,2026-09-22
2019-11-15,4.215575218200684,9.90999984741211,9.795000076293945,9.984999656677246,9.71500015258789,1098520,CMBT.BR,Tanker,2026-09-22
2019-11-18,4.177290916442871,9.819999694824219,9.90999984741211,10.0,9.725000381469727,853406,CMBT.BR,Tanker,2026-09-22
2019-11-19,4.075198173522949,9.579999923706055,9.760000228881836,9.789999961853027,9.470000267028809,1056721,CMBT.BR,Tanker,2026-09-22
2019-11-20,4.217701435089111,9.914999961853027,9.645000457763672,9.970000267028809,9.640000343322754,1152150,CMBT.BR,Tanker,2026-09-22
2019-11-21,4.215575218200684,9.90999984741211,9.920000076293945,10.039999961853027,9.819999694824219,749257,CMBT.BR,Tanker,2026-09-22
2019-11-22,4.226210594177246,9.9350004196167,10.020000457763672,10.149999618530273,9.880000114440918,1068911,CMBT.BR,Tanker,2026-09-22
2019-11-25,4.262368202209473,10.020000457763672,9.9399995803833,10.0600004196167,9.800000190734863,938432,CMBT.BR,Tanker,2026-09-22
2019-11-26,4.228335857391357,9.9399995803833,10.050000190734863,10.130000114440918,9.869999885559082,1116542,CMBT.BR,Tanker,2026-09-22
2019-11-27,4.166656494140625,9.795000076293945,9.795000076293945,9.90999984741211,9.760000228881836,849255,CMBT.BR,Tanker,2026-09-22
2019-11-28,4.213448524475098,9.904999732971191,9.770000457763672,9.920000076293945,9.770000457763672,698353,CMBT.BR,Tanker,2026-09-22
2019-11-29,4.207067489624023,9.890000343322754,9.904999732971191,9.970000267028809,9.845000267028809,616209,CMBT.BR,Tanker,2026-09-22
2019-12-02,4.156021595001221,9.770000457763672,9.890000343322754,10.029999732971191,9.71500015258789,587210,CMBT.BR,Tanker,2026-09-22
2019-12-03,4.026278972625732,9.46500015258789,9.805000305175781,9.819999694824219,9.425000190734863,695953,CMBT.BR,Tanker,2026-09-22
2019-12-04,4.0985941886901855,9.635000228881836,9.5,9.71500015258789,9.479999542236328,500910,CMBT.BR,Tanker,2026-09-22
2019-12-05,4.081577777862549,9.595000267028809,9.649999618530273,9.699999809265137,9.520000457763672,490806,CMBT.BR,Tanker,2026-09-22
2019-12-06,4.236844062805176,9.960000038146973,9.670000076293945,9.970000267028809,9.614999771118164,750393,CMBT.BR,Tanker,2026-09-22
2019-12-09,4.296398639678955,10.100000381469727,10.029999732971191,10.15999984741211,9.914999961853027,662532,CMBT.BR,Tanker,2026-09-22
2019-12-10,4.300651550292969,10.109999656677246,10.029999732971191,10.15999984741211,9.930000305175781,597908,CMBT.BR,Tanker,2026-09-22
2019-12-11,4.258113861083984,10.010000228881836,10.109999656677246,10.149999618530273,9.960000038146973,515176,CMBT.BR,Tanker,2026-09-22
2019-12-12,4.296398639678955,10.100000381469727,10.039999961853027,10.15999984741211,9.944999694824219,931700,CMBT.BR,Tanker,2026-09-22
2019-12-13,4.296398639678955,10.100000381469727,10.149999618530273,10.210000038146973,10.039999961853027,922112,CMBT.BR,Tanker,2026-09-22
2019-12-16,4.462299346923828,10.489999771118164,10.229999542236328,10.520000457763672,10.15999984741211,1487993,CMBT.BR,Tanker,2026-09-22
2019-12-17,4.364460468292236,10.260000228881836,10.449999809265137,10.460000038146973,10.239999771118164,629521,CMBT.BR,Tanker,2026-09-22
2019-12-18,4.402745723724365,10.350000381469727,10.3100004196167,10.380000114440918,10.180000305175781,859127,CMBT.BR,Tanker,2026-09-22
2019-12-19,4.547375679016113,10.6899995803833,10.34000015258789,10.699999809265137,10.279999732971191,1156417,CMBT.BR,Tanker,2026-09-22
2019-12-20,4.640961647033691,10.90999984741211,10.819999694824219,11.0,10.760000228881836,1531319,CMBT.BR,Tanker,2026-09-22
2019-12-23,4.717530727386475,11.09000015258789,10.920000076293945,11.109999656677246,10.789999961853027,933247,CMBT.BR,Tanker,2026-09-22
2019-12-24,4.640961647033691,10.90999984741211,11.039999961853027,11.039999961853027,10.850000381469727,262729,CMBT.BR,Tanker,2026-09-22
2019-12-27,4.619691371917725,10.859999656677246,11.050000190734863,11.079999923706055,10.850000381469727,700219,CMBT.BR,Tanker,2026-09-22
2019-12-30,4.696261882781982,11.039999961853027,10.850000381469727,11.100000381469727,10.760000228881836,865749,CMBT.BR,Tanker,2026-09-22
2019-12-31,4.6707377433776855,10.979999542236328,11.0,11.020000457763672,10.930000305175781,272263,CMBT.BR,Tanker,2026-09-22
2020-01-02,4.840893268585205,11.380000114440918,11.140000343322754,11.470000267028809,11.079999923706055,1388506,CMBT.BR,Tanker,2026-09-22
2020-01-03,4.90895414352417,11.539999961853027,11.380000114440918,11.640000343322754,11.3100004196167,1816054,CMBT.BR,Tanker,2026-09-22
2020-01-06,4.904699802398682,11.529999732971191,11.710000038146973,11.770000457763672,11.399999618530273,1271705,CMBT.BR,Tanker,2026-09-22
2020-01-07,4.913208961486816,11.550000190734863,11.550000190734863,11.609999656677246,11.369999885559082,930092,CMBT.BR,Tanker,2026-09-22
2020-01-08,4.981269836425781,11.710000038146973,11.550000190734863,11.770000457763672,11.420000076293945,1312456,CMBT.BR,Tanker,2026-09-22
2020-01-09,4.8876848220825195,11.489999771118164,11.600000381469727,11.699999809265137,11.4399995803833,1196199,CMBT.BR,Tanker,2026-09-22
2020-01-10,4.836638927459717,11.369999885559082,11.59000015258789,11.699999809265137,11.319999694824219,1215500,CMBT.BR,Tanker,2026-09-22
2020-01-13,4.611183166503906,10.84000015258789,11.279999732971191,11.279999732971191,10.800000190734863,1737649,CMBT.BR,Tanker,2026-09-22
2020-01-14,4.640961647033691,10.90999984741211,10.890000343322754,11.0600004196167,10.729999542236328,934398,CMBT.BR,Tanker,2026-09-22
2020-01-15,4.419761657714844,10.390000343322754,10.760000228881836,10.789999961853027,10.270000457763672,1285801,CMBT.BR,Tanker,2026-09-22
2020-01-16,4.3176679611206055,10.149999618530273,10.420000076293945,10.460000038146973,10.09000015258789,1080596,CMBT.BR,Tanker,2026-09-22
2020-01-17,4.56013822555542,10.720000267028809,10.350000381469727,10.760000228881836,10.270000457763672,1291320,CMBT.BR,Tanker,2026-09-22
2020-01-20,4.466553211212158,10.5,10.739999771118164,10.739999771118164,10.489999771118164,552642,CMBT.BR,Tanker,2026-09-22
2020-01-21,4.4155073165893555,10.380000114440918,10.5,10.510000228881836,10.329999923706055,623831,CMBT.BR,Tanker,2026-09-22
2020-01-22,4.326174736022949,10.170000076293945,10.359999656677246,10.369999885559082,10.149999618530273,572144,CMBT.BR,Tanker,2026-09-22
2020-01-23,4.213448524475098,9.904999732971191,10.199999809265137,10.260000228881836,9.795000076293945,1291179,CMBT.BR,Tanker,2026-09-22
2020-01-24,4.179417133331299,9.824999809265137,10.109999656677246,10.329999923706055,9.824999809265137,867030,CMBT.BR,Tanker,2026-09-22
2020-01-27,3.9475815296173096,9.279999732971191,9.604999542236328,9.645000457763672,9.1850004196167,1845981,CMBT.BR,Tanker,2026-09-22
2020-01-28,3.985866069793701,9.369999885559082,9.300000190734863,9.399999618530273,9.140000343322754,1269122,CMBT.BR,Tanker,2026-09-22
2020-01-29,3.9773592948913574,9.350000381469727,9.319999694824219,9.454999923706055,9.225000381469727,1382585,CMBT.BR,Tanker,2026-09-22
2020-01-30,3.7731735706329346,8.869999885559082,9.25,9.3100004196167,8.760000228881836,1565745,CMBT.BR,Tanker,2026-09-22
2020-01-31,3.8199663162231445,8.979999542236328,8.880000114440918,9.220000267028809,8.8149995803833,2799505,CMBT.BR,Tanker,2026-09-22
2020-02-03,3.8369810581207275,9.020000457763672,9.0,9.09000015258789,8.84000015258789,1338681,CMBT.BR,Tanker,2026-09-22
2020-02-04,3.9731056690216064,9.34000015258789,9.079999923706055,9.369999885559082,9.03499984741211,1221634,CMBT.BR,Tanker,2026-09-22
2020-02-05,4.000755310058594,9.404999732971191,9.28499984741211,9.579999923706055,9.220000267028809,1351436,CMBT.BR,Tanker,2026-09-22
2020-02-06,3.8922815322875977,9.149999618530273,9.4350004196167,9.505000114440918,9.109999656677246,1051768,CMBT.BR,Tanker,2026-09-22
2020-02-07,3.654066324234009,8.59000015258789,9.0,9.079999923706055,8.484999656677246,2562284,CMBT.BR,Tanker,2026-09-22
2020-02-10,3.7455239295959473,8.805000305175781,8.649999618530273,8.859999656677246,8.46500015258789,1589750,CMBT.BR,Tanker,2026-09-22
2020-02-11,3.8922815322875977,9.149999618530273,8.920000076293945,9.3149995803833,8.875,1182636,CMBT.BR,Tanker,2026-09-22
2020-02-12,3.9837396144866943,9.364999771118164,9.279999732971191,9.550000190734863,9.154999732971191,948414,CMBT.BR,Tanker,2026-09-22
2020-02-13,3.998627185821533,9.399999618530273,9.359999656677246,9.454999923706055,9.175000190734863,782582,CMBT.BR,Tanker,2026-09-22
2020-02-14,3.919931173324585,9.21500015258789,9.385000228881836,9.449999809265137,9.175000190734863,535436,CMBT.BR,Tanker,2026-09-22
2020-02-17,3.888028383255005,9.140000343322754,9.28499984741211,9.319999694824219,9.140000343322754,529646,CMBT.BR,Tanker,2026-09-22
2020-02-18,3.8539974689483643,9.0600004196167,9.050000190734863,9.145000457763672,8.954999923706055,620837,CMBT.BR,Tanker,2026-09-22
2020-02-19,3.8667588233947754,9.09000015258789,9.039999961853027,9.180000305175781,8.96500015258789,587926,CMBT.BR,Tanker,2026-09-22
2020-02-20,3.8518707752227783,9.055000305175781,9.194999694824219,9.260000228881836,9.055000305175781,639985,CMBT.BR,Tanker,2026-09-22
2020-02-21,3.751904249191284,8.819999694824219,8.949999809265137,8.994999885559082,8.704999923706055,874768,CMBT.BR,Tanker,2026-09-22
2020-02-24,3.571115493774414,8.395000457763672,8.619999885559082,8.710000038146973,8.380000114440918,1594532,CMBT.BR,Tanker,2026-09-22
2020-02-25,3.51794171333313,8.270000457763672,8.5,8.569999694824219,8.175000190734863,1168582,CMBT.BR,Tanker,2026-09-22
2020-02-26,3.575368881225586,8.404999732971191,8.15999984741211,8.4399995803833,8.015000343322754,1118148,CMBT.BR,Tanker,2026-09-22
2020-02-27,3.507307767868042,8.244999885559082,8.225000381469727,8.34000015258789,7.949999809265137,1728765,CMBT.BR,Tanker,2026-09-22
2020-02-28,3.494546413421631,8.21500015258789,8.100000381469727,8.385000228881836,7.985000133514404,1775924,CMBT.BR,Tanker,2026-09-22
2020-03-02,3.5392117500305176,8.319999694824219,8.484999656677246,8.680000305175781,8.154999732971191,1480431,CMBT.BR,Tanker,2026-09-22
2020-03-03,3.5732421875,8.399999618530273,8.510000228881836,8.630000114440918,8.3149995803833,1271344,CMBT.BR,Tanker,2026-09-22
2020-03-04,3.460515260696411,8.135000228881836,8.399999618530273,8.489999771118164,8.09000015258789,1157301,CMBT.BR,Tanker,2026-09-22
2020-03-05,3.2712180614471436,7.690000057220459,8.114999771118164,8.125,7.650000095367432,1364176,CMBT.BR,Tanker,2026-09-22
2020-03-06,3.2010293006896973,7.525000095367432,7.510000228881836,7.730000019073486,7.300000190734863,1840760,CMBT.BR,Tanker,2026-09-22
2020-03-09,3.5285770893096924,8.295000076293945,7.099999904632568,8.369999885559082,6.889999866485596,4063836,CMBT.BR,Tanker,2026-09-22
2020-03-10,3.7136192321777344,8.729999542236328,8.354999542236328,9.109999656677246,8.265000343322754,3784887,CMBT.BR,Tanker,2026-09-22
2020-03-11,3.89015531539917,9.145000457763672,9.055000305175781,9.420000076293945,8.819999694824219,3544747,CMBT.BR,Tanker,2026-09-22
2020-03-12,3.89015531539917,9.145000457763672,8.404999732971191,9.5,8.15999984741211,3356848,CMBT.BR,Tanker,2026-09-22
2020-03-13,3.8625049591064453,9.079999923706055,9.114999771118164,9.489999771118164,8.845000267028809,2389773,CMBT.BR,Tanker,2026-09-22
2020-03-16,3.530703544616699,8.300000190734863,8.699999809265137,9.03499984741211,8.1850004196167,2216629,CMBT.BR,Tanker,2026-09-22
2020-03-17,3.7178738117218018,8.739999771118164,8.4399995803833,8.835000038146973,7.920000076293945,1640804,CMBT.BR,Tanker,2026-09-22
2020-03-18,3.671081304550171,8.630000114440918,8.265000343322754,8.630000114440918,7.925000190734863,800900,CMBT.BR,Tanker,2026-09-22
2020-03-19,3.496673345565796,8.220000267028809,8.395000457763672,8.444999694824219,7.635000228881836,1252775,CMBT.BR,Tanker,2026-09-22
2020-03-20,3.4775302410125732,8.175000190734863,8.600000381469727,8.770000457763672,8.175000190734863,941470,CMBT.BR,Tanker,2026-09-22
2020-03-23,3.3754377365112305,7.934999942779541,7.900000095367432,8.210000038146973,7.800000190734863,975958,CMBT.BR,Tanker,2026-09-22
2020-03-24,3.7561581134796143,8.829999923706055,8.359999656677246,8.9399995803833,8.079999923706055,1066761,CMBT.BR,Tanker,2026-09-22
2020-03-25,3.785935163497925,8.899999618530273,8.989999771118164,9.039999961853027,8.539999961853027,1146467,CMBT.BR,Tanker,2026-09-22
2020-03-26,3.9475815296173096,9.279999732971191,8.619999885559082,9.279999732971191,8.505000114440918,895983,CMBT.BR,Tanker,2026-09-22
2020-03-27,4.104974269866943,9.649999618530273,9.199999809265137,9.694999694824219,9.0600004196167,991103,CMBT.BR,Tanker,2026-09-22
2020-03-30,4.619691371917725,10.859999656677246,10.0,11.029999732971191,10.0,4443120,CMBT.BR,Tanker,2026-09-22
2020-03-31,4.432522296905518,10.420000076293945,10.84000015258789,10.899999618530273,9.954999923706055,1917711,CMBT.BR,Tanker,2026-09-22
2020-04-01,4.351699352264404,10.229999542236328,9.960000038146973,10.5,9.864999771118164,1486626,CMBT.BR,Tanker,2026-09-22
2020-04-02,3.688096761703491,8.670000076293945,10.199999809265137,10.229999542236328,8.265000343322754,2001256,CMBT.BR,Tanker,2026-09-22
2020-04-03,3.7072393894195557,8.71500015258789,9.069999694824219,9.100000381469727,8.164999961853027,2292993,CMBT.BR,Tanker,2026-09-22
2020-04-06,3.915678024291992,9.204999923706055,8.850000381469727,9.430000305175781,8.770000457763672,1311633,CMBT.BR,Tanker,2026-09-22
2020-04-07,3.7327616214752197,8.774999618530273,9.210000038146973,9.21500015258789,8.289999961853027,1488190,CMBT.BR,Tanker,2026-09-22
2020-04-08,3.89015531539917,9.145000457763672,8.989999771118164,9.255000114440918,8.800000190734863,1024977,CMBT.BR,Tanker,2026-09-22
2020-04-09,3.739143133163452,8.789999961853027,8.960000038146973,9.100000381469727,8.170000076293945,1256563,CMBT.BR,Tanker,2026-09-22
2020-04-14,3.9326937198638916,9.244999885559082,8.984999656677246,9.489999771118164,8.699999809265137,1142579,CMBT.BR,Tanker,2026-09-22
2020-04-15,4.143259048461914,9.739999771118164,9.399999618530273,9.739999771118164,9.289999961853027,1774581,CMBT.BR,Tanker,2026-09-22
2020-04-16,4.079451084136963,9.59000015258789,9.595000267028809,9.850000381469727,9.244999885559082,1089830,CMBT.BR,Tanker,2026-09-22
2020-04-17,4.179417133331299,9.824999809265137,9.850000381469727,9.984999656677246,9.494999885559082,983000,CMBT.BR,Tanker,2026-09-22
2020-04-20,4.251732349395752,9.994999885559082,9.854999542236328,10.270000457763672,9.795000076293945,1413654,CMBT.BR,Tanker,2026-09-22
2020-04-21,4.547375679016113,10.6899995803833,10.4399995803833,11.0,10.369999885559082,4353248,CMBT.BR,Tanker,2026-09-22
2020-04-22,4.521852970123291,10.630000114440918,10.779999732971191,11.0,10.449999809265137,2257770,CMBT.BR,Tanker,2026-09-22
2020-04-23,4.470806121826172,10.510000228881836,10.680000305175781,10.979999542236328,10.3100004196167,1523213,CMBT.BR,Tanker,2026-09-22
2020-04-24,4.296398639678955,10.100000381469727,10.329999923706055,10.390000343322754,10.069999694824219,1177015,CMBT.BR,Tanker,2026-09-22
2020-04-27,4.717530727386475,11.09000015258789,10.510000228881836,11.25,10.510000228881836,2058125,CMBT.BR,Tanker,2026-09-22
2020-04-28,4.6452155113220215,10.920000076293945,11.100000381469727,11.449999809265137,10.619999885559082,1839881,CMBT.BR,Tanker,2026-09-22
2020-04-29,4.398491382598877,10.34000015258789,11.0,11.100000381469727,10.100000381469727,1649114,CMBT.BR,Tanker,2026-09-22
2020-04-30,4.338936805725098,10.199999809265137,10.119999885559082,10.34000015258789,9.720000267028809,1459272,CMBT.BR,Tanker,2026-09-22
2020-05-04,4.266621112823486,10.029999732971191,9.854999542236328,10.359999656677246,9.744999885559082,977799,CMBT.BR,Tanker,2026-09-22
2020-05-05,4.041167259216309,9.5,10.329999923706055,10.449999809265137,9.425000190734863,1791425,CMBT.BR,Tanker,2026-09-22
2020-05-06,3.7923169136047363,8.914999961853027,9.5,9.720000267028809,8.8100004196167,2033058,CMBT.BR,Tanker,2026-09-22
2020-05-07,3.894408941268921,9.154999732971191,9.755000114440918,9.845000267028809,9.055000305175781,2029509,CMBT.BR,Tanker,2026-09-22
2020-05-08,3.956090211868286,9.300000190734863,9.28499984741211,9.675000190734863,9.260000228881836,886680,CMBT.BR,Tanker,2026-09-22
2020-05-11,3.9135515689849854,9.199999809265137,9.619999885559082,9.6899995803833,9.140000343322754,1003363,CMBT.BR,Tanker,2026-09-22
2020-05-12,3.796570301055908,8.925000190734863,9.149999618530273,9.3149995803833,8.890000343322754,1330188,CMBT.BR,Tanker,2026-09-22
2020-05-13,3.8114583492279053,8.960000038146973,8.989999771118164,9.194999694824219,8.899999618530273,804983,CMBT.BR,Tanker,2026-09-22
2020-05-14,3.788062334060669,8.904999732971191,9.029999732971191,9.220000267028809,8.819999694824219,1013826,CMBT.BR,Tanker,2026-09-22
2020-05-15,3.807204246520996,8.949999809265137,9.045000076293945,9.1899995803833,8.824999809265137,686515,CMBT.BR,Tanker,2026-09-22
2020-05-18,3.8157126903533936,8.970000267028809,9.074999809265137,9.15999984741211,8.824999809265137,1489248,CMBT.BR,Tanker,2026-09-22
2020-05-19,3.828474283218384,9.0,9.085000038146973,9.305000305175781,8.949999809265137,1472319,CMBT.BR,Tanker,2026-09-22
2020-05-20,3.8199663162231445,8.979999542236328,8.930000305175781,9.135000228881836,8.875,1527706,CMBT.BR,Tanker,2026-09-22
2020-05-21,3.7072393894195557,8.71500015258789,8.875,8.930000305175781,8.654999732971191,1569545,CMBT.BR,Tanker,2026-09-22
2020-05-22,3.7327616214752197,8.774999618530273,8.75,8.9399995803833,8.729999542236328,1101522,CMBT.BR,Tanker,2026-09-22
2020-05-25,3.828474283218384,9.0,8.920000076293945,9.074999809265137,8.8149995803833,564474,CMBT.BR,Tanker,2026-09-22
2020-05-26,3.951836347579956,9.289999961853027,9.100000381469727,9.3149995803833,8.925000190734863,1086594,CMBT.BR,Tanker,2026-09-22
2020-05-27,4.026278972625732,9.46500015258789,9.34000015258789,9.664999961853027,9.229999542236328,1210248,CMBT.BR,Tanker,2026-09-22
2020-05-28,4.070161819458008,9.274999618530273,9.454999923706055,9.640000343322754,9.244999885559082,1147389,CMBT.BR,Tanker,2026-09-22
2020-05-29,3.9494829177856445,9.0,9.130000114440918,9.170000076293945,8.880000114440918,1199839,CMBT.BR,Tanker,2026-09-22
2020-06-01,4.00653076171875,9.130000114440918,9.15999984741211,9.25,9.050000190734863,495354,CMBT.BR,Tanker,2026-09-22
2020-06-02,3.890240430831909,8.864999771118164,9.109999656677246,9.170000076293945,8.8100004196167,1308131,CMBT.BR,Tanker,2026-09-22
2020-06-03,3.9077939987182617,8.904999732971191,9.029999732971191,9.119999885559082,8.845000267028809,1132731,CMBT.BR,Tanker,2026-09-22
2020-06-04,3.833192825317383,8.734999656677246,8.845000267028809,8.979999542236328,8.699999809265137,1264263,CMBT.BR,Tanker,2026-09-22
2020-06-05,3.8880457878112793,8.859999656677246,8.800000190734863,8.970000267028809,8.675000190734863,1472754,CMBT.BR,Tanker,2026-09-22
2020-06-08,4.028472423553467,9.180000305175781,8.875,9.199999809265137,8.850000381469727,814991,CMBT.BR,Tanker,2026-09-22
2020-06-09,4.061384201049805,9.255000114440918,9.25,9.289999961853027,8.954999923706055,1266356,CMBT.BR,Tanker,2026-09-22
2020-06-10,3.9758129119873047,9.0600004196167,9.225000381469727,9.375,8.960000038146973,903125,CMBT.BR,Tanker,2026-09-22
2020-06-11,3.837581157684326,8.744999885559082,8.949999809265137,9.015000343322754,8.670000076293945,1210265,CMBT.BR,Tanker,2026-09-22
2020-06-12,3.899017572402954,8.885000228881836,8.710000038146973,9.074999809265137,8.614999771118164,1748943,CMBT.BR,Tanker,2026-09-22
2020-06-15,3.899016857147217,8.074999809265137,8.475000381469727,8.475000381469727,7.900000095367432,1844406,CMBT.BR,Tanker,2026-09-22
2020-06-16,3.8338325023651123,7.940000057220459,8.135000228881836,8.260000228881836,7.90500020980835,1298735,CMBT.BR,Tanker,2026-09-22
2020-06-17,3.7010481357574463,7.664999961853027,7.90500020980835,8.0,7.590000152587891,1828588,CMBT.BR,Tanker,2026-09-22
2020-06-18,3.6841487884521484,7.630000114440918,7.53000020980835,7.710000038146973,7.355000019073486,2092679,CMBT.BR,Tanker,2026-09-22
2020-06-19,3.6986336708068848,7.659999847412109,7.75,7.75,7.480000019073486,1070386,CMBT.BR,Tanker,2026-09-22
2020-06-22,3.6117208003997803,7.480000019073486,7.744999885559082,7.75,7.445000171661377,1130204,CMBT.BR,Tanker,2026-09-22
2020-06-23,3.626206398010254,7.510000228881836,7.550000190734863,7.730000019073486,7.420000076293945,1440519,CMBT.BR,Tanker,2026-09-22
2020-06-24,3.503080368041992,7.255000114440918,7.5,7.559999942779541,7.215000152587891,1340558,CMBT.BR,Tanker,2026-09-22
2020-06-25,3.481351613998413,7.210000038146973,7.210000038146973,7.320000171661377,7.099999904632568,1256838,CMBT.BR,Tanker,2026-09-22
2020-06-26,3.4403088092803955,7.125,7.239999771118164,7.40500020980835,7.119999885559082,1447851,CMBT.BR,Tanker,2026-09-22
2020-06-29,3.4572086334228516,7.159999847412109,7.175000190734863,7.239999771118164,7.079999923706055,933278,CMBT.BR,Tanker,2026-09-22
2020-06-30,3.459623098373413,7.164999961853027,7.150000095367432,7.244999885559082,7.059999942779541,1918035,CMBT.BR,Tanker,2026-09-22
2020-07-01,3.5151515007019043,7.28000020980835,7.210000038146973,7.425000190734863,7.199999809265137,1006354,CMBT.BR,Tanker,2026-09-22
2020-07-02,3.5223939418792725,7.295000076293945,7.425000190734863,7.494999885559082,7.204999923706055,1253594,CMBT.BR,Tanker,2026-09-22
2020-07-03,3.577920913696289,7.409999847412109,7.309999942779541,7.434999942779541,7.25,1037644,CMBT.BR,Tanker,2026-09-22
2020-07-06,3.5827505588531494,7.420000076293945,7.454999923706055,7.474999904632568,7.400000095367432,1135383,CMBT.BR,Tanker,2026-09-22
2020-07-07,3.6793200969696045,7.619999885559082,7.465000152587891,7.869999885559082,7.465000152587891,1530226,CMBT.BR,Tanker,2026-09-22
2020-07-08,3.6575920581817627,7.574999809265137,7.550000190734863,7.715000152587891,7.454999923706055,1292819,CMBT.BR,Tanker,2026-09-22
2020-07-09,3.5996499061584473,7.454999923706055,7.650000095367432,7.699999809265137,7.440000057220459,1036902,CMBT.BR,Tanker,2026-09-22
2020-07-10,3.838660478591919,7.949999809265137,7.454999923706055,7.949999809265137,7.454999923706055,1561413,CMBT.BR,Tanker,2026-09-22
2020-07-13,3.814518928527832,7.900000095367432,8.039999961853027,8.119999885559082,7.820000171661377,698102,CMBT.BR,Tanker,2026-09-22
2020-07-14,3.8241751194000244,7.920000076293945,7.84499979019165,7.985000133514404,7.699999809265137,955726,CMBT.BR,Tanker,2026-09-22
2020-07-15,3.8700461387634277,8.015000343322754,8.039999961853027,8.085000038146973,7.909999847412109,1093060,CMBT.BR,Tanker,2026-09-22
2020-07-16,3.9014315605163574,8.079999923706055,8.15999984741211,8.1850004196167,7.96999979019165,1041930,CMBT.BR,Tanker,2026-09-22
2020-07-17,3.930402994155884,8.140000343322754,8.125,8.1850004196167,8.0600004196167,783490,CMBT.BR,Tanker,2026-09-22
2020-07-20,3.906259775161743,8.09000015258789,8.100000381469727,8.114999771118164,7.914999961853027,1032712,CMBT.BR,Tanker,2026-09-22
2020-07-21,3.935230016708374,8.149999618530273,8.170000076293945,8.194999694824219,8.010000228881836,989795,CMBT.BR,Tanker,2026-09-22
2020-07-22,3.843488931655884,7.960000038146973,8.149999618530273,8.170000076293945,7.914999961853027,895217,CMBT.BR,Tanker,2026-09-22
2020-07-23,3.8893611431121826,8.055000305175781,7.980000019073486,8.09000015258789,7.90500020980835,783261,CMBT.BR,Tanker,2026-09-22
2020-07-24,3.935230016708374,8.149999618530273,7.994999885559082,8.210000038146973,7.960000038146973,1011019,CMBT.BR,Tanker,2026-09-22
2020-07-27,3.89418888092041,8.0649995803833,8.149999618530273,8.149999618530273,7.985000133514404,747352,CMBT.BR,Tanker,2026-09-22
2020-07-28,3.964202404022217,8.210000038146973,8.069999694824219,8.3149995803833,8.0649995803833,1177648,CMBT.BR,Tanker,2026-09-22
2020-07-29,4.065600395202637,8.420000076293945,8.279999732971191,8.53499984741211,8.229999542236328,1292644,CMBT.BR,Tanker,2026-09-22
2020-07-30,3.9738588333129883,8.229999542236328,8.420000076293945,8.46500015258789,8.1899995803833,878982,CMBT.BR,Tanker,2026-09-22
2020-07-31,3.9593732357025146,8.199999809265137,8.229999542236328,8.3149995803833,8.1850004196167,652103,CMBT.BR,Tanker,2026-09-22
2020-08-03,4.022143363952637,8.329999923706055,8.289999961853027,8.380000114440918,8.15999984741211,900830,CMBT.BR,Tanker,2026-09-22
2020-08-04,4.039043426513672,8.364999771118164,8.279999732971191,8.4350004196167,8.225000381469727,517918,CMBT.BR,Tanker,2026-09-22
2020-08-05,4.060771465301514,8.40999984741211,8.430000305175781,8.545000076293945,8.300000190734863,870640,CMBT.BR,Tanker,2026-09-22
2020-08-06,4.080085754394531,8.449999809265137,8.475000381469727,8.475000381469727,8.079999923706055,1289753,CMBT.BR,Tanker,2026-09-22
2020-08-07,4.031800746917725,8.350000381469727,8.319999694824219,8.395000457763672,8.244999885559082,1075388,CMBT.BR,Tanker,2026-09-22
2020-08-10,4.130785942077637,8.555000305175781,8.40999984741211,8.585000038146973,8.40999984741211,1094871,CMBT.BR,Tanker,2026-09-22
2020-08-11,4.200798511505127,8.699999809265137,8.550000190734863,8.734999656677246,8.520000457763672,819078,CMBT.BR,Tanker,2026-09-22
2020-08-12,4.157341957092285,8.609999656677246,8.649999618530273,8.729999542236328,8.609999656677246,970972,CMBT.BR,Tanker,2026-09-22
2020-08-13,4.147686004638672,8.59000015258789,8.609999656677246,8.75,8.510000228881836,818086,CMBT.BR,Tanker,2026-09-22
2020-08-14,4.096986770629883,8.484999656677246,8.545000076293945,8.555000305175781,8.324999809265137,802641,CMBT.BR,Tanker,2026-09-22
2020-08-17,4.1042280197143555,8.5,8.5,8.595000267028809,8.430000305175781,579521,CMBT.BR,Tanker,2026-09-22
2020-08-18,4.201340198516846,8.220000267028809,8.199999809265137,8.3100004196167,8.125,763502,CMBT.BR,Tanker,2026-09-22
2020-08-19,4.073561668395996,7.96999979019165,8.194999694824219,8.194999694824219,7.934999942779541,922404,CMBT.BR,Tanker,2026-09-22
2020-08-20,4.0480055809021,7.920000076293945,7.925000190734863,7.949999809265137,7.724999904632568,1011756,CMBT.BR,Tanker,2026-09-22
2020-08-21,4.073561668395996,7.96999979019165,7.934999942779541,8.045000076293945,7.885000228881836,628195,CMBT.BR,Tanker,2026-09-22
2020-08-24,4.1042280197143555,8.029999732971191,8.0,8.085000038146973,7.864999771118164,588583,CMBT.BR,Tanker,2026-09-22
2020-08-25,4.094006061553955,8.010000228881836,8.029999732971191,8.145000457763672,7.994999885559082,725793,CMBT.BR,Tanker,2026-09-22
2020-08-26,4.168117046356201,8.154999732971191,8.0600004196167,8.295000076293945,8.029999732971191,1021534,CMBT.BR,Tanker,2026-09-22
2020-08-27,3.9457836151123047,7.71999979019165,8.114999771118164,8.130000114440918,7.704999923706055,1090296,CMBT.BR,Tanker,2026-09-22
2020-08-28,3.930449962615967,7.690000057220459,7.800000190734863,7.820000171661377,7.659999847412109,912306,CMBT.BR,Tanker,2026-09-22
2020-08-31,3.9074501991271973,7.644999980926514,7.739999771118164,7.775000095367432,7.574999809265137,607738,CMBT.BR,Tanker,2026-09-22
2020-09-01,3.889561414718628,7.610000133514404,7.639999866485596,7.744999885559082,7.525000095367432,650751,CMBT.BR,Tanker,2026-09-22
2020-09-02,3.754117012023926,7.34499979019165,7.650000095367432,7.650000095367432,7.304999828338623,1238512,CMBT.BR,Tanker,2026-09-22
2020-09-03,3.68511700630188,7.210000038146973,7.360000133514404,7.389999866485596,7.15500020980835,1089385,CMBT.BR,Tanker,2026-09-22
2020-09-04,3.664672613143921,7.170000076293945,7.215000152587891,7.340000152587891,7.114999771118164,905979,CMBT.BR,Tanker,2026-09-22
2020-09-07,3.7694501876831055,7.375,7.21999979019165,7.394999980926514,7.179999828338623,552490,CMBT.BR,Tanker,2026-09-22
2020-09-08,3.8282275199890137,7.489999771118164,7.445000171661377,7.5,7.369999885559082,914658,CMBT.BR,Tanker,2026-09-22
2020-09-09,3.9611172676086426,7.75,7.545000076293945,7.789999961853027,7.545000076293945,1024166,CMBT.BR,Tanker,2026-09-22
2020-09-10,3.966228723526001,7.760000228881836,7.735000133514404,7.784999847412109,7.619999885559082,535503,CMBT.BR,Tanker,2026-09-22
2020-09-11,4.191116809844971,8.199999809265137,7.789999961853027,8.234999656677246,7.784999847412109,1234051,CMBT.BR,Tanker,2026-09-22
2020-09-14,4.186006546020508,8.1899995803833,8.199999809265137,8.3149995803833,8.119999885559082,993821,CMBT.BR,Tanker,2026-09-22
2020-09-15,4.186006546020508,8.1899995803833,8.204999923706055,8.305000305175781,8.095000267028809,782758,CMBT.BR,Tanker,2026-09-22
2020-09-16,4.198784351348877,8.21500015258789,8.039999961853027,8.229999542236328,7.985000133514404,828103,CMBT.BR,Tanker,2026-09-22
2020-09-17,4.198784351348877,8.21500015258789,8.180000305175781,8.270000457763672,8.109999656677246,545533,CMBT.BR,Tanker,2026-09-22
2020-09-18,4.206450939178467,8.229999542236328,8.204999923706055,8.300000190734863,8.154999732971191,1898160,CMBT.BR,Tanker,2026-09-22
2020-09-21,4.076117515563965,7.974999904632568,8.244999885559082,8.295000076293945,7.954999923706055,736311,CMBT.BR,Tanker,2026-09-22
2020-09-22,4.040339469909668,7.90500020980835,8.010000228881836,8.050000190734863,7.900000095367432,472787,CMBT.BR,Tanker,2026-09-22
2020-09-23,3.9227840900421143,7.675000190734863,7.894999980926514,7.900000095367432,7.65500020980835,597262,CMBT.BR,Tanker,2026-09-22
2020-09-24,3.792450428009033,7.420000076293945,7.480000019073486,7.605000019073486,7.380000114440918,816613,CMBT.BR,Tanker,2026-09-22
2020-09-25,3.897228479385376,7.625,7.505000114440918,7.75,7.5,640780,CMBT.BR,Tanker,2026-09-22
2020-09-28,3.8052282333374023,7.445000171661377,7.679999828338623,7.679999828338623,7.425000190734863,681704,CMBT.BR,Tanker,2026-09-22
2020-09-29,3.8103389739990234,7.454999923706055,7.429999828338623,7.550000190734863,7.380000114440918,606456,CMBT.BR,Tanker,2026-09-22
2020-09-30,3.8614501953125,7.554999828338623,7.445000171661377,7.614999771118164,7.445000171661377,1261658,CMBT.BR,Tanker,2026-09-22
2020-10-01,3.807783603668213,7.449999809265137,7.554999828338623,7.614999771118164,7.420000076293945,412213,CMBT.BR,Tanker,2026-09-22
2020-10-02,3.8231165409088135,7.480000019073486,7.460000038146973,7.579999923706055,7.440000057220459,482121,CMBT.BR,Tanker,2026-09-22
2020-10-05,3.966228723526001,7.760000228881836,7.644999980926514,7.835000038146973,7.610000133514404,508960,CMBT.BR,Tanker,2026-09-22
2020-10-06,3.9457836151123047,7.71999979019165,7.769999980926514,7.824999809265137,7.664999961853027,471678,CMBT.BR,Tanker,2026-09-22
2020-10-07,3.869117498397827,7.570000171661377,7.764999866485596,7.809999942779541,7.53000020980835,542993,CMBT.BR,Tanker,2026-09-22
2020-10-08,3.8844504356384277,7.599999904632568,7.570000171661377,7.639999866485596,7.460000038146973,436363,CMBT.BR,Tanker,2026-09-22
2020-10-09,3.930449962615967,7.690000057220459,7.599999904632568,7.885000228881836,7.599999904632568,598518,CMBT.BR,Tanker,2026-09-22
2020-10-12,3.8128950595855713,7.460000038146973,7.690000057220459,7.704999923706055,7.414999961853027,1140081,CMBT.BR,Tanker,2026-09-22
2020-10-13,3.7566723823547363,7.349999904632568,7.434999942779541,7.465000152587891,7.34499979019165,650687,CMBT.BR,Tanker,2026-09-22
2020-10-14,3.848672866821289,7.53000020980835,7.355000019073486,7.539999961853027,7.355000019073486,572432,CMBT.BR,Tanker,2026-09-22
2020-10-15,3.8180058002471924,7.46999979019165,7.385000228881836,7.494999885559082,7.340000152587891,437523,CMBT.BR,Tanker,2026-09-22
2020-10-16,3.764338970184326,7.364999771118164,7.514999866485596,7.554999828338623,7.315000057220459,488063,CMBT.BR,Tanker,2026-09-22
2020-10-19,3.68511700630188,7.210000038146973,7.300000190734863,7.324999809265137,7.110000133514404,731631,CMBT.BR,Tanker,2026-09-22
2020-10-20,3.5905609130859375,7.025000095367432,7.210000038146973,7.210000038146973,7.025000095367432,724300,CMBT.BR,Tanker,2026-09-22
2020-10-21,3.4934499263763428,6.835000038146973,7.074999809265137,7.079999923706055,6.820000171661377,928081,CMBT.BR,Tanker,2026-09-22
2020-10-22,3.552227020263672,6.949999809265137,6.84499979019165,7.005000114440918,6.784999847412109,630379,CMBT.BR,Tanker,2026-09-22
2020-10-23,3.4883384704589844,6.824999809265137,6.960000038146973,7.065000057220459,6.824999809265137,677414,CMBT.BR,Tanker,2026-09-22
2020-10-26,3.3375601768493652,6.53000020980835,6.724999904632568,6.755000114440918,6.525000095367432,1200451,CMBT.BR,Tanker,2026-09-22
2020-10-27,3.3784492015838623,6.610000133514404,6.639999866485596,6.715000152587891,6.590000152587891,643160,CMBT.BR,Tanker,2026-09-22
2020-10-28,3.299226999282837,6.454999923706055,6.650000095367432,6.650000095367432,6.40500020980835,1188974,CMBT.BR,Tanker,2026-09-22
2020-10-29,3.202116012573242,6.264999866485596,6.400000095367432,6.510000228881836,6.164999961853027,1212656,CMBT.BR,Tanker,2026-09-22
2020-10-30,3.202116012573242,6.264999866485596,6.260000228881836,6.465000152587891,6.25,754869,CMBT.BR,Tanker,2026-09-22
2020-11-02,3.3196723461151123,6.494999885559082,6.289999961853027,6.519999980926514,6.21999979019165,689803,CMBT.BR,Tanker,2026-09-22
2020-11-03,3.3068935871124268,6.46999979019165,6.574999809265137,6.574999809265137,6.425000190734863,820972,CMBT.BR,Tanker,2026-09-22
2020-11-04,3.2481162548065186,6.355000019073486,6.400000095367432,6.5,6.275000095367432,738720,CMBT.BR,Tanker,2026-09-22
2020-11-05,3.2890052795410156,6.434999942779541,6.400000095367432,6.5,6.239999771118164,2479032,CMBT.BR,Tanker,2026-09-22
2020-11-06,3.373337984085083,6.599999904632568,6.480000019073486,6.829999923706055,6.429999828338623,1754132,CMBT.BR,Tanker,2026-09-22
2020-11-09,3.434671640396118,6.71999979019165,6.539999961853027,6.954999923706055,6.355000019073486,1840041,CMBT.BR,Tanker,2026-09-22
2020-11-10,3.552227020263672,6.949999809265137,6.795000076293945,6.989999771118164,6.71999979019165,1221828,CMBT.BR,Tanker,2026-09-22
2020-11-11,3.53433895111084,6.914999961853027,7.0,7.019999980926514,6.864999771118164,539542,CMBT.BR,Tanker,2026-09-22
2020-11-12,3.4423389434814453,6.735000133514404,6.875,6.945000171661377,6.710000038146973,903175,CMBT.BR,Tanker,2026-09-22
2020-11-13,3.450005531311035,6.75,6.579999923706055,6.775000095367432,6.539999961853027,736324,CMBT.BR,Tanker,2026-09-22
2020-11-16,3.5777833461761475,7.0,6.860000133514404,7.025000095367432,6.840000152587891,1019279,CMBT.BR,Tanker,2026-09-22
2020-11-17,3.5138943195343018,6.875,7.019999980926514,7.025000095367432,6.760000228881836,931999,CMBT.BR,Tanker,2026-09-22
2020-11-18,3.5496723651885986,6.945000171661377,6.920000076293945,6.96999979019165,6.820000171661377,743961,CMBT.BR,Tanker,2026-09-22
2020-11-19,3.500478982925415,6.760000228881836,6.875,6.875,6.71999979019165,631214,CMBT.BR,Tanker,2026-09-22
2020-11-20,3.461642026901245,6.684999942779541,6.784999847412109,6.835000038146973,6.679999828338623,679673,CMBT.BR,Tanker,2026-09-22
2020-11-23,3.575563669204712,6.90500020980835,6.755000114440918,6.914999961853027,6.755000114440918,765900,CMBT.BR,Tanker,2026-09-22
2020-11-24,3.6791281700134277,7.105000019073486,6.980000019073486,7.135000228881836,6.980000019073486,775921,CMBT.BR,Tanker,2026-09-22
2020-11-25,3.5988645553588867,6.949999809265137,7.175000190734863,7.190000057220459,6.909999847412109,718611,CMBT.BR,Tanker,2026-09-22
2020-11-26,3.544494152069092,6.84499979019165,6.949999809265137,6.965000152587891,6.840000152587891,383271,CMBT.BR,Tanker,2026-09-22
2020-11-27,3.531548500061035,6.820000171661377,6.860000133514404,6.989999771118164,6.800000190734863,677301,CMBT.BR,Tanker,2026-09-22
2020-11-30,3.4150373935699463,6.59499979019165,6.809999942779541,6.809999942779541,6.590000152587891,1125921,CMBT.BR,Tanker,2026-09-22
2020-12-01,3.399503231048584,6.565000057220459,6.610000133514404,6.724999904632568,6.554999828338623,711987,CMBT.BR,Tanker,2026-09-22
2020-12-02,3.3865580558776855,6.539999961853027,6.539999961853027,6.554999828338623,6.394999980926514,1290952,CMBT.BR,Tanker,2026-09-22
2020-12-03,3.365844964981079,6.5,6.5,6.534999847412109,6.434999942779541,659224,CMBT.BR,Tanker,2026-09-22
2020-12-04,3.4823551177978516,6.724999904632568,6.519999980926514,6.775000095367432,6.519999980926514,872226,CMBT.BR,Tanker,2026-09-22
2020-12-07,3.5211925506591797,6.800000190734863,6.875,6.985000133514404,6.760000228881836,989315,CMBT.BR,Tanker,2026-09-22
2020-12-08,3.4901227951049805,6.739999771118164,6.800000190734863,6.829999923706055,6.715000152587891,688980,CMBT.BR,Tanker,2026-09-22
2020-12-09,3.567795991897583,6.889999866485596,6.78000020980835,6.934999942779541,6.769999980926514,1053387,CMBT.BR,Tanker,2026-09-22
2020-12-10,3.619577646255493,6.989999771118164,6.900000095367432,7.005000114440918,6.864999771118164,916642,CMBT.BR,Tanker,2026-09-22
2020-12-11,3.510835647583008,6.78000020980835,7.019999980926514,7.079999923706055,6.78000020980835,970688,CMBT.BR,Tanker,2026-09-22
2020-12-14,3.4823551177978516,6.724999904632568,6.875,6.940000057220459,6.715000152587891,637424,CMBT.BR,Tanker,2026-09-22
2020-12-15,3.5289597511291504,6.815000057220459,6.78000020980835,6.84499979019165,6.735000133514404,628658,CMBT.BR,Tanker,2026-09-22
2020-12-16,3.544494152069092,6.84499979019165,6.855000019073486,6.900000095367432,6.809999942779541,390354,CMBT.BR,Tanker,2026-09-22
2020-12-17,3.477177381515503,6.715000152587891,6.84499979019165,6.849999904632568,6.664999961853027,683188,CMBT.BR,Tanker,2026-09-22
2020-12-18,3.461642026901245,6.684999942779541,6.710000038146973,6.795000076293945,6.675000190734863,624866,CMBT.BR,Tanker,2026-09-22
2020-12-21,3.37361216545105,6.514999866485596,6.650000095367432,6.650000095367432,6.440000057220459,1146647,CMBT.BR,Tanker,2026-09-22
2020-12-22,3.3762011528015137,6.519999980926514,6.510000228881836,6.565000057220459,6.445000171661377,486599,CMBT.BR,Tanker,2026-09-22
2020-12-23,3.427983522415161,6.619999885559082,6.510000228881836,6.635000228881836,6.465000152587891,435654,CMBT.BR,Tanker,2026-09-22
2020-12-24,3.4797661304473877,6.71999979019165,6.659999847412109,6.760000228881836,6.65500020980835,177723,CMBT.BR,Tanker,2026-09-22
2020-12-28,3.399503231048584,6.565000057220459,6.699999809265137,6.75,6.53000020980835,540248,CMBT.BR,Tanker,2026-09-22
2020-12-29,3.3762011528015137,6.519999980926514,6.579999923706055,6.690000057220459,6.489999771118164,720795,CMBT.BR,Tanker,2026-09-22
2020-12-30,3.3813791275024414,6.53000020980835,6.514999866485596,6.614999771118164,6.505000114440918,452001,CMBT.BR,Tanker,2026-09-22
2020-12-31,3.4176270961761475,6.599999904632568,6.53000020980835,6.619999885559082,6.510000228881836,316408,CMBT.BR,Tanker,2026-09-22
2021-01-04,3.5574393272399902,6.869999885559082,6.599999904632568,6.894999980926514,6.559999942779541,1037826,CMBT.BR,Tanker,2026-09-22
2021-01-05,3.4927115440368652,6.744999885559082,6.849999904632568,6.940000057220459,6.675000190734863,927432,CMBT.BR,Tanker,2026-09-22
2021-01-06,3.4875335693359375,6.735000133514404,6.755000114440918,6.775000095367432,6.590000152587891,632797,CMBT.BR,Tanker,2026-09-22
2021-01-07,3.536726713180542,6.829999923706055,6.739999771118164,6.869999885559082,6.699999809265137,648915,CMBT.BR,Tanker,2026-09-22
2021-01-08,3.754211664199829,7.25,6.949999809265137,7.295000076293945,6.940000057220459,2183515,CMBT.BR,Tanker,2026-09-22
2021-01-11,3.5548501014709473,6.864999771118164,7.21999979019165,7.239999771118164,6.824999809265137,1556083,CMBT.BR,Tanker,2026-09-22
2021-01-12,3.6402907371520996,7.03000020980835,6.940000057220459,7.099999904632568,6.885000228881836,973471,CMBT.BR,Tanker,2026-09-22
2021-01-13,3.7101967334747314,7.164999961853027,7.085000038146973,7.215000152587891,7.045000076293945,818707,CMBT.BR,Tanker,2026-09-22
2021-01-14,3.730910301208496,7.204999923706055,7.150000095367432,7.235000133514404,7.074999809265137,499172,CMBT.BR,Tanker,2026-09-22
2021-01-15,3.655825614929199,7.059999942779541,7.260000228881836,7.260000228881836,7.034999847412109,615913,CMBT.BR,Tanker,2026-09-22
2021-01-18,3.575563669204712,6.90500020980835,7.150000095367432,7.159999847412109,6.90500020980835,821843,CMBT.BR,Tanker,2026-09-22
2021-01-19,3.5988645553588867,6.949999809265137,6.920000076293945,6.980000019073486,6.840000152587891,737133,CMBT.BR,Tanker,2026-09-22
2021-01-20,3.539315938949585,6.835000038146973,6.965000152587891,7.0,6.820000171661377,478556,CMBT.BR,Tanker,2026-09-22
2021-01-21,3.503068447113037,6.764999866485596,6.849999904632568,6.869999885559082,6.724999904632568,749967,CMBT.BR,Tanker,2026-09-22
2021-01-22,3.44351863861084,6.650000095367432,6.775000095367432,6.775000095367432,6.630000114440918,986111,CMBT.BR,Tanker,2026-09-22
2021-01-25,3.3710238933563232,6.510000228881836,6.679999828338623,6.699999809265137,6.5,899634,CMBT.BR,Tanker,2026-09-22
2021-01-26,3.4849443435668945,6.730000019073486,6.519999980926514,6.744999885559082,6.514999866485596,836080,CMBT.BR,Tanker,2026-09-22
2021-01-27,3.4512860774993896,6.664999961853027,6.679999828338623,6.704999923706055,6.570000171661377,663278,CMBT.BR,Tanker,2026-09-22
2021-01-28,3.3969147205352783,6.559999942779541,6.605000019073486,6.659999847412109,6.525000095367432,655250,CMBT.BR,Tanker,2026-09-22
2021-01-29,3.427983522415161,6.619999885559082,6.5,6.670000076293945,6.480000019073486,953557,CMBT.BR,Tanker,2026-09-22
2021-02-01,3.4409289360046387,6.644999980926514,6.619999885559082,6.744999885559082,6.554999828338623,837152,CMBT.BR,Tanker,2026-09-22
2021-02-02,3.4927115440368652,6.744999885559082,6.690000057220459,6.75,6.65500020980835,684213,CMBT.BR,Tanker,2026-09-22
2021-02-03,3.5186028480529785,6.795000076293945,6.75,6.804999828338623,6.704999923706055,560906,CMBT.BR,Tanker,2026-09-22
2021-02-04,3.461642026901245,6.684999942779541,6.75,6.840000152587891,6.505000114440918,1179344,CMBT.BR,Tanker,2026-09-22
2021-02-05,3.619577646255493,6.989999771118164,6.784999847412109,7.170000076293945,6.755000114440918,1928867,CMBT.BR,Tanker,2026-09-22
2021-02-08,3.759390354156494,7.260000228881836,7.125,7.300000190734863,7.099999904632568,1351869,CMBT.BR,Tanker,2026-09-22
2021-02-09,3.8448312282562256,7.425000190734863,7.360000133514404,7.59499979019165,7.355000019073486,1515991,CMBT.BR,Tanker,2026-09-22
2021-02-10,3.7982265949249268,7.335000038146973,7.454999923706055,7.494999885559082,7.260000228881836,2280533,CMBT.BR,Tanker,2026-09-22
2021-02-11,3.888845920562744,7.510000228881836,7.394999980926514,7.519999980926514,7.380000114440918,878377,CMBT.BR,Tanker,2026-09-22
2021-02-12,3.9095585346221924,7.550000190734863,7.5,7.559999942779541,7.360000133514404,616635,CMBT.BR,Tanker,2026-09-22
2021-02-15,3.982053279876709,7.690000057220459,7.650000095367432,7.699999809265137,7.610000133514404,480608,CMBT.BR,Tanker,2026-09-22
2021-02-16,4.083029270172119,7.885000228881836,7.800000190734863,8.015000343322754,7.800000190734863,1264077,CMBT.BR,Tanker,2026-09-22
2021-02-17,4.033836364746094,7.789999961853027,7.894999980926514,7.960000038146973,7.730000019073486,960053,CMBT.BR,Tanker,2026-09-22
2021-02-18,3.899202346801758,7.53000020980835,7.815000057220459,7.835000038146973,7.519999980926514,700041,CMBT.BR,Tanker,2026-09-22
2021-02-19,4.026068687438965,7.775000095367432,7.519999980926514,7.795000076293945,7.454999923706055,757285,CMBT.BR,Tanker,2026-09-22
2021-02-22,3.9742865562438965,7.675000190734863,7.789999961853027,7.795000076293945,7.644999980926514,482154,CMBT.BR,Tanker,2026-09-22
2021-02-23,3.883667230606079,7.5,7.690000057220459,7.744999885559082,7.375,914589,CMBT.BR,Tanker,2026-09-22
2021-02-24,3.9018638134002686,7.505000114440918,7.494999885559082,7.539999961853027,7.329999923706055,577784,CMBT.BR,Tanker,2026-09-22
2021-02-25,3.9148619174957275,7.53000020980835,7.570000171661377,7.599999904632568,7.485000133514404,597388,CMBT.BR,Tanker,2026-09-22
2021-02-26,3.8212790489196777,7.349999904632568,7.46999979019165,7.554999828338623,7.304999828338623,618274,CMBT.BR,Tanker,2026-09-22
2021-03-01,3.8862669467926025,7.474999904632568,7.460000038146973,7.510000228881836,7.340000152587891,462426,CMBT.BR,Tanker,2026-09-22
2021-03-02,3.925259590148926,7.550000190734863,7.480000019073486,7.559999942779541,7.340000152587891,802086,CMBT.BR,Tanker,2026-09-22
2021-03-03,3.9642529487609863,7.625,7.545000076293945,7.664999961853027,7.454999923706055,521554,CMBT.BR,Tanker,2026-09-22
2021-03-04,3.896665573120117,7.494999885559082,7.614999771118164,7.614999771118164,7.440000057220459,912924,CMBT.BR,Tanker,2026-09-22
2021-03-05,3.8342764377593994,7.375,7.46999979019165,7.525000095367432,7.349999904632568,575631,CMBT.BR,Tanker,2026-09-22
2021-03-08,3.8602724075317383,7.425000190734863,7.494999885559082,7.539999961853027,7.394999980926514,495236,CMBT.BR,Tanker,2026-09-22
2021-03-09,3.8706703186035156,7.445000171661377,7.449999809265137,7.46999979019165,7.385000228881836,453714,CMBT.BR,Tanker,2026-09-22
2021-03-10,3.8732693195343018,7.449999809265137,7.329999923706055,7.465000152587891,7.230000019073486,1005457,CMBT.BR,Tanker,2026-09-22
2021-03-11,3.9512546062469482,7.599999904632568,7.579999923706055,7.675000190734863,7.5,783181,CMBT.BR,Tanker,2026-09-22
2021-03-12,3.9512546062469482,7.599999904632568,7.550000190734863,7.630000114440918,7.449999809265137,560262,CMBT.BR,Tanker,2026-09-22
2021-03-15,4.052635669708252,7.795000076293945,7.599999904632568,7.934999942779541,7.599999904632568,947463,CMBT.BR,Tanker,2026-09-22
2021-03-16,4.04483699798584,7.78000020980835,7.900000095367432,7.900000095367432,7.695000171661377,837379,CMBT.BR,Tanker,2026-09-22
2021-03-17,4.068232536315918,7.824999809265137,7.724999904632568,7.835000038146973,7.599999904632568,689140,CMBT.BR,Tanker,2026-09-22
2021-03-18,4.1618146896362305,8.005000114440918,7.880000114440918,8.210000038146973,7.760000228881836,1799442,CMBT.BR,Tanker,2026-09-22
2021-03-19,4.047436714172363,7.784999847412109,7.820000171661377,7.920000076293945,7.590000152587891,1014773,CMBT.BR,Tanker,2026-09-22
2021-03-22,4.156615257263184,7.994999885559082,7.775000095367432,8.145000457763672,7.730000019073486,1051139,CMBT.BR,Tanker,2026-09-22
2021-03-23,3.9720497131347656,7.639999866485596,7.920000076293945,7.920000076293945,7.625,756759,CMBT.BR,Tanker,2026-09-22
2021-03-24,4.02144193649292,7.735000133514404,7.449999809265137,7.769999980926514,7.364999771118164,995988,CMBT.BR,Tanker,2026-09-22
2021-03-25,3.9616527557373047,7.619999885559082,7.699999809265137,7.699999809265137,7.429999828338623,659384,CMBT.BR,Tanker,2026-09-22
2021-03-26,4.213805198669434,8.104999542236328,7.735000133514404,8.149999618530273,7.730000019073486,1606901,CMBT.BR,Tanker,2026-09-22
2021-03-29,4.04483699798584,7.78000020980835,8.055000305175781,8.0600004196167,7.724999904632568,975547,CMBT.BR,Tanker,2026-09-22
2021-03-30,4.000645637512207,7.695000171661377,7.800000190734863,7.835000038146973,7.659999847412109,692578,CMBT.BR,Tanker,2026-09-22
2021-03-31,4.057834148406982,7.804999828338623,7.75,7.864999771118164,7.699999809265137,796713,CMBT.BR,Tanker,2026-09-22
2021-04-01,4.005324840545654,7.703999996185303,7.754000186920166,7.785999774932861,7.593999862670898,633129,CMBT.BR,Tanker,2026-09-22
2021-04-06,3.955414056777954,7.607999801635742,7.736000061035156,7.771999835968018,7.590000152587891,853330,CMBT.BR,Tanker,2026-09-22
2021-04-07,4.001164436340332,7.696000099182129,7.599999904632568,7.71999979019165,7.567999839782715,447827,CMBT.BR,Tanker,2026-09-22
2021-04-08,3.9512546062469482,7.599999904632568,7.71999979019165,7.760000228881836,7.550000190734863,543030,CMBT.BR,Tanker,2026-09-22
2021-04-09,3.868070363998413,7.440000057220459,7.576000213623047,7.581999778747559,7.432000160217285,649176,CMBT.BR,Tanker,2026-09-22
2021-04-12,3.6403534412384033,7.001999855041504,7.297999858856201,7.297999858856201,6.613999843597412,3716506,CMBT.BR,Tanker,2026-09-22
2021-04-13,3.5998005867004395,6.923999786376953,7.0320000648498535,7.061999797821045,6.809999942779541,1127023,CMBT.BR,Tanker,2026-09-22
2021-04-14,3.660109758377075,7.039999961853027,6.880000114440918,7.056000232696533,6.811999797821045,607354,CMBT.BR,Tanker,2026-09-22
2021-04-15,3.646592140197754,7.013999938964844,7.053999900817871,7.122000217437744,6.98799991607666,508909,CMBT.BR,Tanker,2026-09-22
2021-04-16,3.623716354370117,6.96999979019165,7.0,7.010000228881836,6.880000114440918,627411,CMBT.BR,Tanker,2026-09-22
2021-04-19,3.7069008350372314,7.130000114440918,7.0,7.1620001792907715,6.989999771118164,674409,CMBT.BR,Tanker,2026-09-22
2021-04-20,3.6549105644226074,7.03000020980835,7.1479997634887695,7.179999828338623,7.001999855041504,658638,CMBT.BR,Tanker,2026-09-22
2021-04-21,3.660109758377075,7.039999961853027,7.001999855041504,7.041999816894531,6.869999885559082,686141,CMBT.BR,Tanker,2026-09-22
2021-04-22,3.6455531120300293,7.01200008392334,7.001999855041504,7.050000190734863,6.955999851226807,414579,CMBT.BR,Tanker,2026-09-22
2021-04-23,3.561328172683716,6.849999904632568,6.9679999351501465,6.984000205993652,6.8460001945495605,617411,CMBT.BR,Tanker,2026-09-22
2021-04-26,3.562368154525757,6.8520002365112305,6.829999923706055,6.886000156402588,6.783999919891357,679476,CMBT.BR,Tanker,2026-09-22
2021-04-27,3.5592494010925293,6.8460001945495605,6.8379998207092285,6.940000057220459,6.831999778747559,447235,CMBT.BR,Tanker,2026-09-22
2021-04-28,3.625795841217041,6.973999977111816,6.8979997634887695,6.99399995803833,6.814000129699707,607059,CMBT.BR,Tanker,2026-09-22
2021-04-29,3.74849271774292,7.210000038146973,7.004000186920166,7.28000020980835,7.004000186920166,1018973,CMBT.BR,Tanker,2026-09-22
2021-04-30,3.7245776653289795,7.164000034332275,7.176000118255615,7.223999977111816,7.050000190734863,528553,CMBT.BR,Tanker,2026-09-22
2021-05-03,3.74849271774292,7.210000038146973,7.138000011444092,7.22599983215332,7.052000045776367,354875,CMBT.BR,Tanker,2026-09-22
2021-05-04,3.7869651317596436,7.283999919891357,7.25,7.414000034332275,7.25,905320,CMBT.BR,Tanker,2026-09-22
2021-05-05,3.8150405883789062,7.3379998207092285,7.276000022888184,7.383999824523926,7.239999771118164,640486,CMBT.BR,Tanker,2026-09-22
2021-05-06,3.7058606147766113,7.127999782562256,7.25,7.25,6.932000160217285,1323675,CMBT.BR,Tanker,2026-09-22
2021-05-07,3.895106077194214,7.492000102996826,7.25,7.51200008392334,7.168000221252441,1233279,CMBT.BR,Tanker,2026-09-22
2021-05-10,3.9637322425842285,7.624000072479248,7.53000020980835,7.923999786376953,7.53000020980835,1721889,CMBT.BR,Tanker,2026-09-22
2021-05-11,3.925259590148926,7.550000190734863,7.550000190734863,7.630000114440918,7.438000202178955,938746,CMBT.BR,Tanker,2026-09-22
2021-05-12,3.939816474914551,7.578000068664551,7.561999797821045,7.631999969482422,7.323999881744385,669998,CMBT.BR,Tanker,2026-09-22
2021-05-13,4.003244876861572,7.699999809265137,7.510000228881836,7.703999996185303,7.432000160217285,720889,CMBT.BR,Tanker,2026-09-22
2021-05-14,4.041718006134033,7.77400016784668,7.75,7.796000003814697,7.664000034332275,372077,CMBT.BR,Tanker,2026-09-22
2021-05-17,3.9678919315338135,7.631999969482422,7.76200008392334,7.785999774932861,7.565999984741211,698467,CMBT.BR,Tanker,2026-09-22
2021-05-18,4.001164436340332,7.696000099182129,7.685999870300293,7.77400016784668,7.642000198364258,471553,CMBT.BR,Tanker,2026-09-22
2021-05-19,3.9065425395965576,7.513999938964844,7.631999969482422,7.659999847412109,7.443999767303467,971797,CMBT.BR,Tanker,2026-09-22
2021-05-20,3.9670934677124023,7.599999904632568,7.546000003814697,7.6479997634887695,7.53000020980835,557555,CMBT.BR,Tanker,2026-09-22
2021-05-21,4.155008792877197,7.960000038146973,7.613999843597412,7.998000144958496,7.613999843597412,1539383,CMBT.BR,Tanker,2026-09-22
2021-05-24,4.158140182495117,7.966000080108643,7.995999813079834,8.015999794006348,7.892000198364258,540009,CMBT.BR,Tanker,2026-09-22
2021-05-25,4.176931858062744,8.001999855041504,8.022000312805176,8.163999557495117,7.860000133514404,1249358,CMBT.BR,Tanker,2026-09-22
2021-05-26,4.16231632232666,7.973999977111816,8.001999855041504,8.020000457763672,7.915999889373779,501290,CMBT.BR,Tanker,2026-09-22
2021-05-27,4.138305187225342,7.927999973297119,7.952000141143799,7.989999771118164,7.8379998207092285,655795,CMBT.BR,Tanker,2026-09-22
2021-05-28,4.102809429168701,7.860000133514404,7.9039998054504395,7.926000118255615,7.800000190734863,389997,CMBT.BR,Tanker,2026-09-22
2021-05-31,4.078798294067383,7.814000129699707,7.840000152587891,7.906000137329102,7.800000190734863,262564,CMBT.BR,Tanker,2026-09-22
2021-06-01,4.147700786590576,7.946000099182129,7.831999778747559,7.980000019073486,7.822000026702881,648674,CMBT.BR,Tanker,2026-09-22
2021-06-02,4.175887584686279,8.0,7.966000080108643,8.01200008392334,7.909999847412109,525783,CMBT.BR,Tanker,2026-09-22
2021-06-03,4.0767107009887695,7.809999942779541,8.005999565124512,8.027999877929688,7.808000087738037,562040,CMBT.BR,Tanker,2026-09-22
2021-06-04,4.100722312927246,7.855999946594238,7.888000011444092,7.909999847412109,7.820000171661377,526512,CMBT.BR,Tanker,2026-09-22
2021-06-07,4.1320414543151855,7.915999889373779,7.869999885559082,7.932000160217285,7.77400016784668,335617,CMBT.BR,Tanker,2026-09-22
2021-06-08,4.125777244567871,7.9039998054504395,7.874000072479248,7.920000076293945,7.77400016784668,258656,CMBT.BR,Tanker,2026-09-22
2021-06-09,4.127865314483643,7.9079999923706055,7.872000217437744,7.920000076293945,7.75,422644,CMBT.BR,Tanker,2026-09-22
2021-06-10,4.166491985321045,7.98199987411499,7.855999946594238,8.017999649047852,7.849999904632568,550193,CMBT.BR,Tanker,2026-09-22
2021-06-11,4.182152271270752,8.01200008392334,7.980000019073486,8.105999946594238,7.949999809265137,514952,CMBT.BR,Tanker,2026-09-22
2021-06-14,4.140393257141113,7.932000160217285,7.949999809265137,8.038000106811523,7.921999931335449,509381,CMBT.BR,Tanker,2026-09-22
2021-06-15,4.064182758331299,7.785999774932861,7.9079999923706055,7.920000076293945,7.7220001220703125,776827,CMBT.BR,Tanker,2026-09-22
2021-06-16,4.137260913848877,7.926000118255615,7.828000068664551,7.938000202178955,7.794000148773193,435145,CMBT.BR,Tanker,2026-09-22
2021-06-17,4.108028888702393,7.869999885559082,7.849999904632568,7.980000019073486,7.849999904632568,510861,CMBT.BR,Tanker,2026-09-22
2021-06-18,4.004676818847656,7.671999931335449,7.815999984741211,7.820000171661377,7.565999984741211,869785,CMBT.BR,Tanker,2026-09-22
2021-06-21,3.983797311782837,7.631999969482422,7.550000190734863,7.650000095367432,7.495999813079834,399589,CMBT.BR,Tanker,2026-09-22
2021-06-22,3.9900615215301514,7.644000053405762,7.659999847412109,7.776000022888184,7.553999900817871,345528,CMBT.BR,Tanker,2026-09-22
2021-06-23,4.001545429229736,7.665999889373779,7.690000057220459,7.728000164031982,7.613999843597412,325562,CMBT.BR,Tanker,2026-09-22
2021-06-24,4.060007095336914,7.7779998779296875,7.710000038146973,7.796000003814697,7.677999973297119,315214,CMBT.BR,Tanker,2026-09-22
2021-06-25,4.11846923828125,7.889999866485596,7.730000019073486,7.909999847412109,7.730000019073486,350927,CMBT.BR,Tanker,2026-09-22
2021-06-28,3.994236707687378,7.6519999504089355,7.840000152587891,7.880000114440918,7.636000156402588,543399,CMBT.BR,Tanker,2026-09-22
2021-06-29,4.033908367156982,7.728000164031982,7.631999969482422,7.769999980926514,7.579999923706055,915543,CMBT.BR,Tanker,2026-09-22
2021-06-30,4.092370510101318,7.840000152587891,7.71999979019165,7.863999843597412,7.622000217437744,489410,CMBT.BR,Tanker,2026-09-22
2021-07-01,4.085062503814697,7.826000213623047,7.800000190734863,7.9679999351501465,7.797999858856201,754891,CMBT.BR,Tanker,2026-09-22
2021-07-02,4.103853225708008,7.861999988555908,7.763999938964844,7.900000095367432,7.630000114440918,494616,CMBT.BR,Tanker,2026-09-22
2021-07-05,4.217646598815918,8.079999923706055,7.849999904632568,8.12600040435791,7.849999904632568,666750,CMBT.BR,Tanker,2026-09-22
2021-07-06,4.166491985321045,7.98199987411499,8.079999923706055,8.380000114440918,7.920000076293945,1250830,CMBT.BR,Tanker,2026-09-22
2021-07-07,4.122645378112793,7.8979997634887695,7.9679999351501465,8.15999984741211,7.814000129699707,935357,CMBT.BR,Tanker,2026-09-22
2021-07-08,3.993192195892334,7.650000095367432,7.8420000076293945,7.949999809265137,7.619999885559082,608188,CMBT.BR,Tanker,2026-09-22
2021-07-09,3.9963247776031494,7.656000137329102,7.697999954223633,7.76800012588501,7.644000053405762,524618,CMBT.BR,Tanker,2026-09-22
2021-07-12,3.966050148010254,7.5980000495910645,7.644000053405762,7.688000202178955,7.565999984741211,511528,CMBT.BR,Tanker,2026-09-22
2021-07-13,3.9148948192596436,7.5,7.605999946594238,7.616000175476074,7.48799991607666,523978,CMBT.BR,Tanker,2026-09-22
2021-07-14,3.911762237548828,7.49399995803833,7.480000019073486,7.6020002365112305,7.392000198364258,913234,CMBT.BR,Tanker,2026-09-22
2021-07-15,3.843904972076416,7.363999843597412,7.400000095367432,7.409999847412109,7.323999881744385,547582,CMBT.BR,Tanker,2026-09-22
2021-07-16,3.82198166847229,7.322000026702881,7.3979997634887695,7.461999893188477,7.260000228881836,459816,CMBT.BR,Tanker,2026-09-22
2021-07-19,3.675825357437134,7.041999816894531,7.22599983215332,7.22599983215332,6.934000015258789,1018417,CMBT.BR,Tanker,2026-09-22
2021-07-20,3.653902053833008,7.0,7.081999778747559,7.260000228881836,6.938000202178955,543191,CMBT.BR,Tanker,2026-09-22
2021-07-21,3.7875304222106934,7.25600004196167,7.0,7.25600004196167,7.0,336389,CMBT.BR,Tanker,2026-09-22
2021-07-22,3.791705846786499,7.263999938964844,7.25600004196167,7.329999923706055,7.214000225067139,482890,CMBT.BR,Tanker,2026-09-22
2021-07-23,3.7948381900787354,7.269999980926514,7.269999980926514,7.343999862670898,7.25600004196167,409183,CMBT.BR,Tanker,2026-09-22
2021-07-26,3.8762683868408203,7.426000118255615,7.230000019073486,7.47599983215332,7.182000160217285,446479,CMBT.BR,Tanker,2026-09-22
2021-07-27,3.807365894317627,7.294000148773193,7.426000118255615,7.434000015258789,7.203999996185303,662205,CMBT.BR,Tanker,2026-09-22
2021-07-28,3.84494948387146,7.366000175476074,7.289999961853027,7.446000099182129,7.289999961853027,478665,CMBT.BR,Tanker,2026-09-22
2021-07-29,3.8637397289276123,7.4019999504089355,7.4079999923706055,7.515999794006348,7.381999969482422,393786,CMBT.BR,Tanker,2026-09-22
2021-07-30,3.8230252265930176,7.323999881744385,7.380000114440918,7.420000076293945,7.300000190734863,570210,CMBT.BR,Tanker,2026-09-22
2021-08-02,3.795881748199463,7.271999835968018,7.374000072479248,7.388000011444092,7.265999794006348,257555,CMBT.BR,Tanker,2026-09-22
2021-08-03,3.674781560897827,7.039999961853027,7.26800012588501,7.2820000648498535,7.013999938964844,648089,CMBT.BR,Tanker,2026-09-22
2021-08-04,3.6580779552459717,7.007999897003174,7.099999904632568,7.107999801635742,6.949999809265137,446321,CMBT.BR,Tanker,2026-09-22
2021-08-05,3.5808238983154297,6.860000133514404,6.949999809265137,6.961999893188477,6.802000045776367,965733,CMBT.BR,Tanker,2026-09-22
2021-08-06,3.5693399906158447,6.8379998207092285,6.906000137329102,6.915999889373779,6.800000190734863,648523,CMBT.BR,Tanker,2026-09-22
2021-08-09,3.518185615539551,6.739999771118164,6.849999904632568,6.8979997634887695,6.670000076293945,860844,CMBT.BR,Tanker,2026-09-22
2021-08-10,3.5046138763427734,6.714000225067139,6.736000061035156,6.757999897003174,6.668000221252441,523403,CMBT.BR,Tanker,2026-09-22
2021-08-11,3.5954394340515137,6.888000011444092,6.74399995803833,6.915999889373779,6.734000205993652,682542,CMBT.BR,Tanker,2026-09-22
2021-08-12,3.488954782485962,6.684000015258789,6.888000011444092,6.889999866485596,6.618000030517578,1164198,CMBT.BR,Tanker,2026-09-22
2021-08-13,3.377249240875244,6.46999979019165,6.699999809265137,6.771999835968018,6.4039998054504395,1416217,CMBT.BR,Tanker,2026-09-22
2021-08-16,3.4451072216033936,6.599999904632568,6.550000190734863,6.611999988555908,6.4679999351501465,846535,CMBT.BR,Tanker,2026-09-22
2021-08-17,3.6204946041107178,6.935999870300293,6.739999771118164,6.973999977111816,6.564000129699707,1379945,CMBT.BR,Tanker,2026-09-22
2021-08-18,3.651813268661499,6.995999813079834,6.9019999504089355,7.03000020980835,6.849999904632568,656153,CMBT.BR,Tanker,2026-09-22
2021-08-19,3.5421969890594482,6.785999774932861,6.894000053405762,6.934000015258789,6.679999828338623,716628,CMBT.BR,Tanker,2026-09-22
2021-08-20,3.570384979248047,6.840000152587891,6.785999774932861,6.861999988555908,6.739999771118164,356734,CMBT.BR,Tanker,2026-09-22
2021-08-23,3.5098342895507812,6.723999977111816,6.869999885559082,6.880000114440918,6.668000221252441,398192,CMBT.BR,Tanker,2026-09-22
2021-08-24,3.560987949371338,6.822000026702881,6.789999961853027,6.868000030517578,6.765999794006348,432660,CMBT.BR,Tanker,2026-09-22
2021-08-25,3.550548791885376,6.802000045776367,6.800000190734863,6.835999965667725,6.599999904632568,422854,CMBT.BR,Tanker,2026-09-22
2021-08-26,3.645550489425659,6.984000205993652,6.751999855041504,6.984000205993652,6.751999855041504,662352,CMBT.BR,Tanker,2026-09-22
2021-08-27,3.653902053833008,7.0,6.96999979019165,7.052000045776367,6.952000141143799,499496,CMBT.BR,Tanker,2026-09-22
2021-08-30,3.627690553665161,6.920000076293945,7.01200008392334,7.035999774932861,6.889999866485596,650550,CMBT.BR,Tanker,2026-09-22
2021-08-31,3.6088178157806396,6.883999824523926,6.889999866485596,6.989999771118164,6.854000091552734,692677,CMBT.BR,Tanker,2026-09-22
2021-09-01,3.7566514015197754,7.165999889373779,6.952000141143799,7.185999870300293,6.926000118255615,680364,CMBT.BR,Tanker,2026-09-22
2021-09-02,3.779717445373535,7.210000038146973,7.170000076293945,7.271999835968018,7.131999969482422,545865,CMBT.BR,Tanker,2026-09-22
2021-09-03,3.7535061836242676,7.159999847412109,7.199999809265137,7.202000141143799,7.0279998779296875,604721,CMBT.BR,Tanker,2026-09-22
2021-09-06,3.848916530609131,7.3420000076293945,7.1620001792907715,7.361999988555908,7.122000217437744,428361,CMBT.BR,Tanker,2026-09-22
2021-09-07,3.8447225093841553,7.334000110626221,7.309999942779541,7.380000114440918,7.285999774932861,355682,CMBT.BR,Tanker,2026-09-22
2021-09-08,3.7650394439697266,7.182000160217285,7.254000186920166,7.323999881744385,7.150000095367432,444817,CMBT.BR,Tanker,2026-09-22
2021-09-09,3.760845184326172,7.173999786376953,7.130000114440918,7.205999851226807,7.085999965667725,418979,CMBT.BR,Tanker,2026-09-22
2021-09-10,3.7031795978546143,7.064000129699707,7.176000118255615,7.191999912261963,7.038000106811523,410744,CMBT.BR,Tanker,2026-09-22
2021-09-13,3.752457857131958,7.1579999923706055,7.038000106811523,7.208000183105469,7.0320000648498535,324620,CMBT.BR,Tanker,2026-09-22
2021-09-14,3.712615728378296,7.081999778747559,7.119999885559082,7.171999931335449,7.00600004196167,341390,CMBT.BR,Tanker,2026-09-22
2021-09-15,3.7818148136138916,7.214000225067139,7.099999904632568,7.288000106811523,7.078000068664551,458912,CMBT.BR,Tanker,2026-09-22
2021-09-16,3.8216567039489746,7.289999961853027,7.25,7.340000152587891,7.164000034332275,470432,CMBT.BR,Tanker,2026-09-22
2021-09-17,3.8017349243164062,7.251999855041504,7.340000152587891,7.340000152587891,7.1620001792907715,1156259,CMBT.BR,Tanker,2026-09-22
2021-09-20,3.718906879425049,7.093999862670898,7.119999885559082,7.133999824523926,6.961999893188477,635003,CMBT.BR,Tanker,2026-09-22
2021-09-21,3.822704553604126,7.291999816894531,7.139999866485596,7.3379998207092285,7.131999969482422,797483,CMBT.BR,Tanker,2026-09-22
2021-09-22,3.952714204788208,7.539999961853027,7.360000133514404,7.556000232696533,7.357999801635742,1015885,CMBT.BR,Tanker,2026-09-22
2021-09-23,4.027155876159668,7.682000160217285,7.714000225067139,7.769999980926514,7.541999816894531,971055,CMBT.BR,Tanker,2026-09-22
2021-09-24,4.093208312988281,7.808000087738037,7.673999786376953,7.875999927520752,7.585999965667725,1345107,CMBT.BR,Tanker,2026-09-22
2021-09-27,4.254672527313232,8.116000175476074,7.881999969482422,8.130000114440918,7.7779998779296875,1469568,CMBT.BR,Tanker,2026-09-22
2021-09-28,4.1728925704956055,7.960000038146973,8.100000381469727,8.199999809265137,7.958000183105469,956926,CMBT.BR,Tanker,2026-09-22
2021-09-29,4.202248573303223,8.015999794006348,7.964000225067139,8.017999649047852,7.6539998054504395,674405,CMBT.BR,Tanker,2026-09-22
2021-09-30,4.299756050109863,8.20199966430664,8.020000457763672,8.220000267028809,7.97599983215332,740912,CMBT.BR,Tanker,2026-09-22
2021-10-01,4.398313045501709,8.390000343322754,8.251999855041504,8.5,8.220000267028809,1385582,CMBT.BR,Tanker,2026-09-22
2021-10-04,4.4297661781311035,8.449999809265137,8.279999732971191,8.498000144958496,8.223999977111816,869663,CMBT.BR,Tanker,2026-09-22
2021-10-05,4.539855003356934,8.65999984741211,8.449999809265137,8.71399974822998,8.399999618530273,1426018,CMBT.BR,Tanker,2026-09-22
2021-10-06,4.546145915985107,8.67199993133545,8.579999923706055,8.793999671936035,8.552000045776367,1093330,CMBT.BR,Tanker,2026-09-22
2021-10-07,4.6300225257873535,8.831999778747559,8.670000076293945,8.859999656677246,8.593999862670898,1245208,CMBT.BR,Tanker,2026-09-22
2021-10-08,4.6908345222473145,8.947999954223633,8.819999694824219,8.989999771118164,8.800000190734863,1798912,CMBT.BR,Tanker,2026-09-22
2021-10-11,4.809309959411621,9.173999786376953,8.87399959564209,9.300000190734863,8.850000381469727,1532843,CMBT.BR,Tanker,2026-09-22
2021-10-12,4.649944305419922,8.869999885559082,9.043999671936035,9.088000297546387,8.817999839782715,1169990,CMBT.BR,Tanker,2026-09-22
2021-10-13,4.56292200088501,8.704000473022461,8.800000190734863,8.850000381469727,8.5,929355,CMBT.BR,Tanker,2026-09-22
2021-10-14,4.633169174194336,8.838000297546387,8.887999534606934,9.069999694824219,8.802000045776367,1511185,CMBT.BR,Tanker,2026-09-22
2021-10-15,4.903672695159912,9.354000091552734,9.0,9.39799976348877,8.673999786376953,1572905,CMBT.BR,Tanker,2026-09-22
2021-10-18,4.905769348144531,9.357999801635742,9.300000190734863,9.418000221252441,9.199999809265137,770582,CMBT.BR,Tanker,2026-09-22
2021-10-19,5.02634334564209,9.588000297546387,9.32800006866455,9.588000297546387,9.300000190734863,1188393,CMBT.BR,Tanker,2026-09-22
2021-10-20,4.90681791305542,9.359999656677246,9.46399974822998,9.583999633789062,9.333999633789062,701981,CMBT.BR,Tanker,2026-09-22
2021-10-21,4.815601348876953,9.185999870300293,9.336000442504883,9.461999893188477,9.154000282287598,787511,CMBT.BR,Tanker,2026-09-22
2021-10-22,4.90681791305542,9.359999656677246,9.32800006866455,9.491999626159668,9.279999732971191,943824,CMBT.BR,Tanker,2026-09-22
2021-10-25,4.892138957977295,9.331999778747559,9.34000015258789,9.472000122070312,9.260000228881836,660834,CMBT.BR,Tanker,2026-09-22
2021-10-26,4.8680243492126465,9.28600025177002,9.36400032043457,9.477999687194824,9.28600025177002,586999,CMBT.BR,Tanker,2026-09-22
2021-10-27,4.9393205642700195,9.42199993133545,9.199999809265137,9.52400016784668,9.062000274658203,1270775,CMBT.BR,Tanker,2026-09-22
2021-10-28,4.762128829956055,9.083999633789062,9.270000457763672,9.300000190734863,8.815999984741211,1051659,CMBT.BR,Tanker,2026-09-22
2021-10-29,4.8176984786987305,9.1899995803833,9.100000381469727,9.324000358581543,9.100000381469727,601452,CMBT.BR,Tanker,2026-09-22
2021-11-01,4.787292957305908,9.131999969482422,9.154000282287598,9.178000450134277,9.052000045776367,423140,CMBT.BR,Tanker,2026-09-22
2021-11-02,4.767371654510498,9.093999862670898,9.175999641418457,9.281999588012695,9.055999755859375,713181,CMBT.BR,Tanker,2026-09-22
2021-11-03,4.793583393096924,9.144000053405762,9.043999671936035,9.156000137329102,8.958000183105469,717507,CMBT.BR,Tanker,2026-09-22
2021-11-04,4.702367305755615,8.970000267028809,8.949999809265137,9.470000267028809,8.949999809265137,2898559,CMBT.BR,Tanker,2026-09-22
2021-11-05,4.515741348266602,8.61400032043457,8.9399995803833,8.9399995803833,8.37600040435791,1375373,CMBT.BR,Tanker,2026-09-22
2021-11-08,4.559775352478027,8.697999954223633,8.569999694824219,8.777999877929688,8.513999938964844,711687,CMBT.BR,Tanker,2026-09-22
2021-11-09,4.600666522979736,8.776000022888184,8.631999969482422,8.800000190734863,8.59000015258789,684866,CMBT.BR,Tanker,2026-09-22
2021-11-10,4.61115026473999,8.795999526977539,8.776000022888184,8.87399959564209,8.76200008392334,606941,CMBT.BR,Tanker,2026-09-22
2021-11-11,4.664622783660889,8.89799976348877,8.741999626159668,8.89799976348877,8.710000038146973,509296,CMBT.BR,Tanker,2026-09-22
2021-11-12,4.674058437347412,8.916000366210938,8.862000465393066,8.916000366210938,8.739999771118164,372254,CMBT.BR,Tanker,2026-09-22
2021-11-15,4.642604827880859,8.855999946594238,8.868000030517578,8.906000137329102,8.734000205993652,379816,CMBT.BR,Tanker,2026-09-22
2021-11-16,4.5912299156188965,8.758000373840332,8.850000381469727,8.928000450134277,8.748000144958496,534176,CMBT.BR,Tanker,2026-09-22
2021-11-17,4.646798133850098,8.86400032043457,8.75,8.918000221252441,8.75,315670,CMBT.BR,Tanker,2026-09-22
2021-11-18,4.549291133880615,8.678000450134277,8.79800033569336,8.805999755859375,8.553999900817871,582241,CMBT.BR,Tanker,2026-09-22
2021-11-19,4.543000221252441,8.666000366210938,8.663999557495117,8.758000373840332,8.583999633789062,422026,CMBT.BR,Tanker,2026-09-22
2021-11-22,4.534613132476807,8.649999618530273,8.579999923706055,8.6899995803833,8.486000061035156,315635,CMBT.BR,Tanker,2026-09-22
2021-11-23,4.446542263031006,8.482000350952148,8.53600025177002,8.640000343322754,8.437999725341797,457760,CMBT.BR,Tanker,2026-09-22
2021-11-24,4.484286308288574,8.553999900817871,8.460000038146973,8.571999549865723,8.420000076293945,253464,CMBT.BR,Tanker,2026-09-22
2021-11-25,4.5870361328125,8.75,8.539999961853027,8.765999794006348,8.539999961853027,202394,CMBT.BR,Tanker,2026-09-22
2021-11-26,4.362663745880127,8.321999549865723,8.418000221252441,8.543999671936035,8.302000045776367,835609,CMBT.BR,Tanker,2026-09-22
2021-11-29,4.368955612182617,8.333999633789062,8.350000381469727,8.461999893188477,8.302000045776367,371303,CMBT.BR,Tanker,2026-09-22
2021-11-30,4.34379243850708,8.28600025177002,8.220000267028809,8.368000030517578,8.130000114440918,1266926,CMBT.BR,Tanker,2026-09-22
2021-12-01,4.327016353607178,8.253999710083008,8.359999656677246,8.460000038146973,8.25,426507,CMBT.BR,Tanker,2026-09-22
2021-12-02,4.243139266967773,8.093999862670898,8.100000381469727,8.17199993133545,7.861999988555908,825347,CMBT.BR,Tanker,2026-09-22
2021-12-03,4.1299052238464355,7.877999782562256,8.100000381469727,8.168000221252441,7.831999778747559,293493,CMBT.BR,Tanker,2026-09-22
2021-12-06,4.127808570861816,7.874000072479248,7.874000072479248,7.923999786376953,7.769999980926514,281781,CMBT.BR,Tanker,2026-09-22
2021-12-07,4.335404396057129,8.270000457763672,7.99399995803833,8.321999549865723,7.978000164031982,412650,CMBT.BR,Tanker,2026-09-22
2021-12-08,4.323872089385986,8.248000144958496,8.232000350952148,8.26200008392334,8.130000114440918,333181,CMBT.BR,Tanker,2026-09-22
2021-12-09,4.222169876098633,8.053999900817871,8.25,8.258000373840332,7.995999813079834,261258,CMBT.BR,Tanker,2026-09-22
2021-12-10,4.250478744506836,8.107999801635742,8.015999794006348,8.166000366210938,8.008000373840332,208407,CMBT.BR,Tanker,2026-09-22
2021-12-13,4.076434135437012,7.776000022888184,8.12399959564209,8.12399959564209,7.751999855041504,407706,CMBT.BR,Tanker,2026-09-22
2021-12-14,4.026107311248779,7.679999828338623,7.817999839782715,7.817999839782715,7.584000110626221,441048,CMBT.BR,Tanker,2026-09-22
2021-12-15,3.9390838146209717,7.513999938964844,7.631999969482422,7.679999828338623,7.480000019073486,474718,CMBT.BR,Tanker,2026-09-22
2021-12-16,4.039737224578857,7.705999851226807,7.688000202178955,7.74399995803833,7.650000095367432,316025,CMBT.BR,Tanker,2026-09-22
2021-12-17,4.006186008453369,7.642000198364258,7.769999980926514,7.769999980926514,7.550000190734863,536706,CMBT.BR,Tanker,2026-09-22
2021-12-20,3.944326639175415,7.52400016784668,7.599999904632568,7.599999904632568,7.441999912261963,461079,CMBT.BR,Tanker,2026-09-22
2021-12-21,4.032397747039795,7.691999912261963,7.604000091552734,7.7220001220703125,7.573999881744385,267797,CMBT.BR,Tanker,2026-09-22
2021-12-22,4.042882919311523,7.711999893188477,7.74399995803833,7.757999897003174,7.611999988555908,172024,CMBT.BR,Tanker,2026-09-22
2021-12-23,4.07119083404541,7.765999794006348,7.73799991607666,7.806000232696533,7.685999870300293,217467,CMBT.BR,Tanker,2026-09-22
2021-12-24,4.05756139755249,7.739999771118164,7.76800012588501,7.769999980926514,7.684000015258789,42611,CMBT.BR,Tanker,2026-09-22
2021-12-27,4.0785298347473145,7.78000020980835,7.739999771118164,7.835999965667725,7.730000019073486,249905,CMBT.BR,Tanker,2026-09-22
2021-12-28,4.1299052238464355,7.877999782562256,7.728000164031982,7.906000137329102,7.711999893188477,230407,CMBT.BR,Tanker,2026-09-22
2021-12-29,4.046027660369873,7.7179999351501465,7.8480000495910645,7.874000072479248,7.699999809265137,194174,CMBT.BR,Tanker,2026-09-22
2021-12-30,4.077482223510742,7.7779998779296875,7.71999979019165,7.823999881744385,7.696000099182129,158011,CMBT.BR,Tanker,2026-09-22
2021-12-31,4.089015007019043,7.800000190734863,7.789999961853027,7.857999801635742,7.789999961853027,54090,CMBT.BR,Tanker,2026-09-22
2022-01-03,4.232654094696045,8.074000358581543,7.75,8.118000030517578,7.75,386582,CMBT.BR,Tanker,2026-09-22
2022-01-04,4.288223743438721,8.180000305175781,8.119999885559082,8.284000396728516,8.116000175476074,447717,CMBT.BR,Tanker,2026-09-22
2022-01-05,4.280884265899658,8.166000366210938,8.208000183105469,8.26200008392334,8.034000396728516,342147,CMBT.BR,Tanker,2026-09-22
2022-01-06,4.227412223815918,8.064000129699707,8.0,8.14799976348877,7.914000034332275,258953,CMBT.BR,Tanker,2026-09-22
2022-01-07,4.19071626663208,7.99399995803833,8.045999526977539,8.112000465393066,7.958000183105469,223733,CMBT.BR,Tanker,2026-09-22
2022-01-10,4.209589004516602,8.029999732971191,8.045999526977539,8.161999702453613,7.946000099182129,284247,CMBT.BR,Tanker,2026-09-22
2022-01-11,4.298707485198975,8.199999809265137,8.001999855041504,8.199999809265137,8.001999855041504,343536,CMBT.BR,Tanker,2026-09-22
2022-01-12,4.350082874298096,8.29800033569336,8.300000190734863,8.392000198364258,8.17199993133545,359556,CMBT.BR,Tanker,2026-09-22
2022-01-13,4.227412223815918,8.064000129699707,8.239999771118164,8.267999649047852,8.039999961853027,299328,CMBT.BR,Tanker,2026-09-22
2022-01-14,4.23370361328125,8.076000213623047,8.043999671936035,8.097999572753906,7.932000160217285,235605,CMBT.BR,Tanker,2026-09-22
2022-01-17,4.254672527313232,8.116000175476074,8.140000343322754,8.229999542236328,8.034000396728516,254796,CMBT.BR,Tanker,2026-09-22
2022-01-18,4.209589004516602,8.029999732971191,8.15999984741211,8.178000450134277,7.998000144958496,199719,CMBT.BR,Tanker,2026-09-22
2022-01-19,4.193861484527588,8.0,7.940000057220459,8.03600025177002,7.9019999504089355,275044,CMBT.BR,Tanker,2026-09-22
2022-01-20,4.195958137512207,8.003999710083008,8.0,8.026000022888184,7.826000213623047,338470,CMBT.BR,Tanker,2026-09-22
2022-01-21,3.9883625507354736,7.607999801635742,7.861999988555908,7.861999988555908,7.561999797821045,571674,CMBT.BR,Tanker,2026-09-22
2022-01-24,3.7671360969543457,7.185999870300293,7.5,7.52400016784668,7.061999797821045,1462774,CMBT.BR,Tanker,2026-09-22
2022-01-25,3.8898069858551025,7.420000076293945,7.260000228881836,7.443999767303467,7.21999979019165,722922,CMBT.BR,Tanker,2026-09-22
2022-01-26,3.993605136871338,7.618000030517578,7.452000141143799,7.702000141143799,7.452000141143799,429840,CMBT.BR,Tanker,2026-09-22
2022-01-27,3.977877140045166,7.5879998207092285,7.498000144958496,7.76800012588501,7.4079999923706055,366260,CMBT.BR,Tanker,2026-09-22
2022-01-28,3.9380359649658203,7.51200008392334,7.52400016784668,7.593999862670898,7.5,302057,CMBT.BR,Tanker,2026-09-22
2022-01-31,3.81746244430542,7.2820000648498535,7.553999900817871,7.553999900817871,7.203999996185303,518602,CMBT.BR,Tanker,2026-09-22
2022-02-01,3.981023073196411,7.593999862670898,7.322000026702881,7.604000091552734,7.28000020980835,414976,CMBT.BR,Tanker,2026-09-22
2022-02-02,3.9715871810913086,7.576000213623047,7.599999904632568,7.789999961853027,7.5,494143,CMBT.BR,Tanker,2026-09-22
2022-02-03,3.9317455291748047,7.5,7.349999904632568,7.5,7.182000160217285,1147526,CMBT.BR,Tanker,2026-09-22
2022-02-04,4.080626964569092,7.783999919891357,7.5980000495910645,7.888000011444092,7.519999980926514,998104,CMBT.BR,Tanker,2026-09-22
2022-02-07,4.334355354309082,8.267999649047852,8.02400016784668,8.319999694824219,8.0,1061994,CMBT.BR,Tanker,2026-09-22
2022-02-08,4.293465614318848,8.1899995803833,8.300000190734863,8.314000129699707,8.12399959564209,460985,CMBT.BR,Tanker,2026-09-22
2022-02-09,4.301853656768799,8.206000328063965,8.253999710083008,8.312000274658203,8.197999954223633,522083,CMBT.BR,Tanker,2026-09-22
2022-02-10,4.528321743011475,8.637999534606934,8.232000350952148,8.663999557495117,8.229999542236328,975690,CMBT.BR,Tanker,2026-09-22
2022-02-11,4.692930698394775,8.95199966430664,8.539999961853027,8.960000038146973,8.437999725341797,1456285,CMBT.BR,Tanker,2026-09-22
2022-02-14,4.585987091064453,8.748000144958496,8.777999877929688,8.79800033569336,8.390000343322754,778416,CMBT.BR,Tanker,2026-09-22
2022-02-15,4.671960830688477,8.911999702453613,8.697999954223633,8.920000076293945,8.6899995803833,572641,CMBT.BR,Tanker,2026-09-22
2022-02-16,4.787292957305908,9.131999969482422,8.944000244140625,9.194000244140625,8.899999618530273,678077,CMBT.BR,Tanker,2026-09-22
2022-02-17,4.833425521850586,9.220000267028809,9.09000015258789,9.28600025177002,9.0,625858,CMBT.BR,Tanker,2026-09-22
2022-02-18,4.736967086791992,9.03600025177002,9.223999977111816,9.300000190734863,9.031999588012695,428636,CMBT.BR,Tanker,2026-09-22
2022-02-21,4.755838871002197,9.071999549865723,8.95199966430664,9.156000137329102,8.760000228881836,1119620,CMBT.BR,Tanker,2026-09-22
2022-02-22,4.88375186920166,9.315999984741211,8.899999618530273,9.319999694824219,8.833999633789062,1128177,CMBT.BR,Tanker,2026-09-22
2022-02-23,4.82713508605957,9.208000183105469,9.359999656677246,9.418000221252441,9.071999549865723,982440,CMBT.BR,Tanker,2026-09-22
2022-02-24,4.869073867797852,9.288000106811523,9.0,9.354000091552734,8.928000450134277,1144844,CMBT.BR,Tanker,2026-09-22
2022-02-25,5.0022292137146,9.541999816894531,9.449999809265137,9.600000381469727,9.289999961853027,1087221,CMBT.BR,Tanker,2026-09-22
2022-02-28,5.241278648376465,9.998000144958496,9.600000381469727,10.1850004196167,9.597999572753906,1881623,CMBT.BR,Tanker,2026-09-22
2022-03-01,5.192000865936279,9.904000282287598,10.09000015258789,10.140000343322754,9.890000343322754,1191884,CMBT.BR,Tanker,2026-09-22
2022-03-02,5.061990737915039,9.656000137329102,9.880000114440918,10.039999961853027,9.564000129699707,1060920,CMBT.BR,Tanker,2026-09-22
2022-03-03,5.1657891273498535,9.854000091552734,9.812000274658203,10.0649995803833,9.619999885559082,1003844,CMBT.BR,Tanker,2026-09-22
2022-03-04,5.20248556137085,9.923999786376953,9.920000076293945,10.029999732971191,9.673999786376953,858182,CMBT.BR,Tanker,2026-09-22
2022-03-07,5.541139602661133,10.569999694824219,10.055000305175781,10.795000076293945,10.0,1975277,CMBT.BR,Tanker,2026-09-22
2022-03-08,5.625016689300537,10.729999542236328,10.850000381469727,10.869999885559082,10.430000305175781,1529187,CMBT.BR,Tanker,2026-09-22
2022-03-09,5.373384952545166,10.25,10.850000381469727,10.949999809265137,10.15999984741211,1129793,CMBT.BR,Tanker,2026-09-22
2022-03-10,5.425809383392334,10.350000381469727,10.25,10.489999771118164,10.194999694824219,892220,CMBT.BR,Tanker,2026-09-22
2022-03-11,5.152158737182617,9.82800006866455,10.28499984741211,10.404999732971191,9.729999542236328,767075,CMBT.BR,Tanker,2026-09-22
2022-03-14,4.955046653747559,9.45199966430664,9.819999694824219,9.824000358581543,9.302000045776367,778039,CMBT.BR,Tanker,2026-09-22
2022-03-15,5.087154865264893,9.704000473022461,9.25,9.722000122070312,9.20199966430664,575270,CMBT.BR,Tanker,2026-09-22
2022-03-16,5.169983386993408,9.862000465393066,9.78600025177002,10.164999961853027,9.6899995803833,554909,CMBT.BR,Tanker,2026-09-22
2022-03-17,5.164741039276123,9.85200023651123,9.9399995803833,9.958000183105469,9.704000473022461,478472,CMBT.BR,Tanker,2026-09-22
2022-03-18,5.1091718673706055,9.746000289916992,9.751999855041504,9.868000030517578,9.60200023651123,698556,CMBT.BR,Tanker,2026-09-22
2022-03-21,5.182565212249756,9.88599967956543,9.803999900817871,9.918000221252441,9.72599983215332,260205,CMBT.BR,Tanker,2026-09-22
2022-03-22,5.188855171203613,9.89799976348877,9.913999557495117,9.937999725341797,9.800000190734863,290830,CMBT.BR,Tanker,2026-09-22
2022-03-23,5.162643909454346,9.847999572753906,9.75,10.0,9.70199966430664,415733,CMBT.BR,Tanker,2026-09-22
2022-03-24,4.875364780426025,9.300000190734863,9.763999938964844,9.772000312805176,9.295999526977539,587999,CMBT.BR,Tanker,2026-09-22
2022-03-25,4.935125350952148,9.413999557495117,9.265999794006348,9.4399995803833,9.130000114440918,625010,CMBT.BR,Tanker,2026-09-22
2022-03-28,4.921497821807861,9.387999534606934,9.420000076293945,9.616000175476074,9.32800006866455,379487,CMBT.BR,Tanker,2026-09-22
2022-03-29,4.676155090332031,8.920000076293945,9.329999923706055,9.390000343322754,8.791999816894531,588082,CMBT.BR,Tanker,2026-09-22
2022-03-30,4.984404563903809,9.508000373840332,9.0,9.508000373840332,8.960000038146973,995008,CMBT.BR,Tanker,2026-09-22
2022-03-31,5.063039302825928,9.657999992370605,9.350000381469727,9.696000099182129,9.343999862670898,763423,CMBT.BR,Tanker,2026-09-22
2022-04-01,5.258054256439209,10.029999732971191,9.649999618530273,10.170000076293945,9.600000381469727,2367222,CMBT.BR,Tanker,2026-09-22
2022-04-04,5.546381950378418,10.579999923706055,10.020000457763672,11.09000015258789,9.880000114440918,1832955,CMBT.BR,Tanker,2026-09-22
2022-04-05,5.520170211791992,10.529999732971191,10.510000228881836,10.739999771118164,10.180000305175781,1041524,CMBT.BR,Tanker,2026-09-22
2022-04-06,5.5725932121276855,10.630000114440918,10.649999618530273,10.739999771118164,10.449999809265137,621666,CMBT.BR,Tanker,2026-09-22
2022-04-07,5.8294677734375,11.119999885559082,11.5,11.920000076293945,11.039999961853027,4309188,CMBT.BR,Tanker,2026-09-22
2022-04-08,6.144007682800293,11.720000267028809,11.0,11.739999771118164,10.619999885559082,2304125,CMBT.BR,Tanker,2026-09-22
2022-04-11,6.254096508026123,11.930000305175781,11.579999923706055,12.069999694824219,11.329999923706055,1875232,CMBT.BR,Tanker,2026-09-22
2022-04-12,6.196430206298828,11.819999694824219,11.65999984741211,11.890000343322754,11.399999618530273,1020863,CMBT.BR,Tanker,2026-09-22
2022-04-13,6.175459861755371,11.779999732971191,11.800000190734863,11.869999885559082,11.600000381469727,579479,CMBT.BR,Tanker,2026-09-22
2022-04-14,6.081099510192871,11.600000381469727,11.4399995803833,11.739999771118164,11.130000114440918,669777,CMBT.BR,Tanker,2026-09-22
2022-04-19,5.918587684631348,11.289999961853027,11.5,11.710000038146973,11.210000038146973,778182,CMBT.BR,Tanker,2026-09-22
2022-04-20,5.8137407302856445,11.09000015258789,11.25,11.350000381469727,10.949999809265137,527460,CMBT.BR,Tanker,2026-09-22
2022-04-21,5.965768337249756,11.380000114440918,11.149999618530273,11.470000267028809,11.100000381469727,439002,CMBT.BR,Tanker,2026-09-22
2022-04-22,5.913344860076904,11.279999732971191,11.100000381469727,11.369999885559082,10.779999732971191,830185,CMBT.BR,Tanker,2026-09-22
2022-04-25,5.593562602996826,10.670000076293945,11.029999732971191,11.0600004196167,10.579999923706055,585422,CMBT.BR,Tanker,2026-09-22
2022-04-26,5.724621772766113,10.920000076293945,10.75,10.989999771118164,10.550000190734863,370351,CMBT.BR,Tanker,2026-09-22
2022-04-27,5.756075382232666,10.979999542236328,10.880000114440918,11.100000381469727,10.630000114440918,450816,CMBT.BR,Tanker,2026-09-22
2022-04-28,5.892375469207764,11.239999771118164,10.850000381469727,11.270000457763672,10.8100004196167,338460,CMBT.BR,Tanker,2026-09-22
2022-04-29,5.824224948883057,11.109999656677246,11.279999732971191,11.369999885559082,11.0,491104,CMBT.BR,Tanker,2026-09-22
2022-05-02,5.761317253112793,10.989999771118164,11.149999618530273,11.199999809265137,10.899999618530273,382465,CMBT.BR,Tanker,2026-09-22
2022-05-03,5.845194339752197,11.149999618530273,10.789999961853027,11.220000267028809,10.720000267028809,940647,CMBT.BR,Tanker,2026-09-22
2022-05-04,5.871406078338623,11.199999809265137,10.899999618530273,11.479999542236328,10.859999656677246,1064267,CMBT.BR,Tanker,2026-09-22
2022-05-05,5.902859687805176,11.260000228881836,11.399999618530273,11.600000381469727,11.180000305175781,911986,CMBT.BR,Tanker,2026-09-22
2022-05-06,5.871406078338623,11.199999809265137,11.199999809265137,11.420000076293945,11.050000190734863,524608,CMBT.BR,Tanker,2026-09-22
2022-05-09,5.2737812995910645,10.0600004196167,11.100000381469727,11.15999984741211,10.039999961853027,652705,CMBT.BR,Tanker,2026-09-22
2022-05-10,5.226600170135498,9.970000267028809,9.96500015258789,10.1899995803833,9.704999923706055,603289,CMBT.BR,Tanker,2026-09-22
2022-05-11,5.420566558837891,10.34000015258789,10.15999984741211,10.489999771118164,9.869999885559082,365136,CMBT.BR,Tanker,2026-09-22
2022-05-12,5.200388431549072,9.920000076293945,10.149999618530273,10.25,9.569999694824219,999266,CMBT.BR,Tanker,2026-09-22
2022-05-13,5.410080909729004,10.319999694824219,10.0600004196167,10.520000457763672,10.0600004196167,395603,CMBT.BR,Tanker,2026-09-22
2022-05-16,5.719378471374512,10.90999984741211,10.109999656677246,10.949999809265137,10.109999656677246,505262,CMBT.BR,Tanker,2026-09-22
2022-05-17,5.472988605499268,10.4399995803833,11.0,11.050000190734863,10.40999984741211,442772,CMBT.BR,Tanker,2026-09-22
2022-05-18,5.7036519050598145,10.880000114440918,10.5,11.119999885559082,10.470000267028809,515566,CMBT.BR,Tanker,2026-09-22
2022-05-19,5.787529468536377,11.039999961853027,10.670000076293945,11.079999923706055,10.539999961853027,485950,CMBT.BR,Tanker,2026-09-22
2022-05-20,5.761317253112793,10.989999771118164,11.09000015258789,11.170000076293945,10.90999984741211,256397,CMBT.BR,Tanker,2026-09-22
2022-05-23,5.777044296264648,11.020000457763672,11.140000343322754,11.279999732971191,10.8100004196167,570781,CMBT.BR,Tanker,2026-09-22
2022-05-24,5.777044296264648,11.020000457763672,11.119999885559082,11.569999694824219,10.979999542236328,579429,CMBT.BR,Tanker,2026-09-22
2022-05-25,5.923830032348633,11.300000190734863,11.1899995803833,11.760000228881836,11.15999984741211,1020968,CMBT.BR,Tanker,2026-09-22
2022-05-26,6.154492378234863,11.739999771118164,11.4399995803833,11.770000457763672,11.359999656677246,461418,CMBT.BR,Tanker,2026-09-22
2022-05-27,6.2750654220581055,11.970000267028809,11.800000190734863,11.989999771118164,11.5600004196167,658033,CMBT.BR,Tanker,2026-09-22
2022-05-30,6.353700160980225,12.119999885559082,12.0,12.800000190734863,11.920000076293945,1452782,CMBT.BR,Tanker,2026-09-22
2022-05-31,6.243610858917236,11.90999984741211,12.119999885559082,12.5,11.670000076293945,1925452,CMBT.BR,Tanker,2026-09-22
2022-06-01,6.443828105926514,12.229999542236328,11.829999923706055,12.359999656677246,11.800000190734863,647583,CMBT.BR,Tanker,2026-09-22
2022-06-02,6.728346824645996,12.770000457763672,12.420000076293945,12.880000114440918,12.300000190734863,789347,CMBT.BR,Tanker,2026-09-22
2022-06-03,6.570281028747559,12.470000267028809,12.510000228881836,12.729999542236328,12.40999984741211,269651,CMBT.BR,Tanker,2026-09-22
2022-06-06,6.617700576782227,12.5600004196167,12.390000343322754,12.75,12.380000114440918,452000,CMBT.BR,Tanker,2026-09-22
2022-06-07,6.58608865737915,12.5,12.390000343322754,12.619999885559082,12.199999809265137,643998,CMBT.BR,Tanker,2026-09-22
2022-06-08,6.428022861480713,12.199999809265137,12.510000228881836,12.579999923706055,12.069999694824219,311793,CMBT.BR,Tanker,2026-09-22
2022-06-09,6.206729412078857,11.779999732971191,12.199999809265137,12.220000267028809,11.75,519856,CMBT.BR,Tanker,2026-09-22
2022-06-10,6.206729412078857,11.779999732971191,11.800000190734863,11.970000267028809,11.479999542236328,327374,CMBT.BR,Tanker,2026-09-22
2022-06-13,5.93801736831665,11.270000457763672,11.569999694824219,11.779999732971191,11.100000381469727,501408,CMBT.BR,Tanker,2026-09-22
2022-06-14,6.027586936950684,11.4399995803833,11.420000076293945,11.5600004196167,11.119999885559082,312068,CMBT.BR,Tanker,2026-09-22
2022-06-15,5.98543643951416,11.359999656677246,11.319999694824219,11.479999542236328,11.149999618530273,210949,CMBT.BR,Tanker,2026-09-22
2022-06-16,5.790488243103027,10.989999771118164,11.34000015258789,11.390000343322754,10.920000076293945,228630,CMBT.BR,Tanker,2026-09-22
2022-06-17,5.727262496948242,10.869999885559082,10.949999809265137,11.300000190734863,10.819999694824219,576254,CMBT.BR,Tanker,2026-09-22
2022-06-20,5.758875370025635,10.930000305175781,10.850000381469727,11.069999694824219,10.829999923706055,218599,CMBT.BR,Tanker,2026-09-22
2022-06-21,6.132965087890625,11.640000343322754,11.020000457763672,11.75,10.979999542236328,419759,CMBT.BR,Tanker,2026-09-22
2022-06-22,5.990705490112305,11.369999885559082,11.460000038146973,11.489999771118164,11.180000305175781,252982,CMBT.BR,Tanker,2026-09-22
2022-06-23,5.916941165924072,11.229999542236328,11.119999885559082,11.539999961853027,10.880000114440918,299711,CMBT.BR,Tanker,2026-09-22
2022-06-24,6.053932189941406,11.489999771118164,11.140000343322754,11.600000381469727,11.130000114440918,286204,CMBT.BR,Tanker,2026-09-22
2022-06-27,6.2436113357543945,11.850000381469727,11.569999694824219,12.039999961853027,11.569999694824219,382802,CMBT.BR,Tanker,2026-09-22
2022-06-28,6.327912330627441,12.010000228881836,12.050000190734863,12.289999961853027,11.970000267028809,346303,CMBT.BR,Tanker,2026-09-22
2022-06-29,6.312106132507324,11.979999542236328,11.90999984741211,12.390000343322754,11.90999984741211,352159,CMBT.BR,Tanker,2026-09-22
2022-06-30,6.053932189941406,11.489999771118164,11.829999923706055,11.989999771118164,11.449999809265137,316710,CMBT.BR,Tanker,2026-09-22
2022-07-01,6.00651216506958,11.399999618530273,11.4399995803833,11.4399995803833,10.979999542236328,322352,CMBT.BR,Tanker,2026-09-22
2022-07-04,6.0644707679748535,11.510000228881836,11.489999771118164,11.649999618530273,11.420000076293945,131765,CMBT.BR,Tanker,2026-09-22
2022-07-05,6.027586936950684,11.4399995803833,11.420000076293945,11.789999961853027,11.239999771118164,260478,CMBT.BR,Tanker,2026-09-22
2022-07-06,5.532313823699951,10.5,11.460000038146973,11.460000038146973,10.319999694824219,696681,CMBT.BR,Tanker,2026-09-22
2022-07-07,5.8853278160095215,11.170000076293945,10.760000228881836,11.420000076293945,10.619999885559082,382977,CMBT.BR,Tanker,2026-09-22
2022-07-08,5.874790668487549,11.149999618530273,11.020000457763672,11.220000267028809,10.890000343322754,170883,CMBT.BR,Tanker,2026-09-22
2022-07-11,5.901134014129639,11.199999809265137,11.600000381469727,11.600000381469727,11.029999732971191,269561,CMBT.BR,Tanker,2026-09-22
2022-07-12,6.085544586181641,11.550000190734863,11.149999618530273,11.569999694824219,11.149999618530273,803588,CMBT.BR,Tanker,2026-09-22
2022-07-13,6.206729412078857,11.779999732971191,11.59000015258789,12.050000190734863,11.489999771118164,573052,CMBT.BR,Tanker,2026-09-22
2022-07-14,6.19092321395874,11.75,11.850000381469727,11.989999771118164,11.699999809265137,1030414,CMBT.BR,Tanker,2026-09-22
2022-07-15,6.359527111053467,12.069999694824219,11.75,12.140000343322754,11.65999984741211,705508,CMBT.BR,Tanker,2026-09-22
2022-07-18,6.686196327209473,12.6899995803833,12.25,12.699999809265137,12.180000305175781,768825,CMBT.BR,Tanker,2026-09-22
2022-07-19,6.733615875244141,12.779999732971191,12.6899995803833,12.869999885559082,12.430000305175781,423432,CMBT.BR,Tanker,2026-09-22
2022-07-20,6.728346824645996,12.770000457763672,12.899999618530273,12.9399995803833,12.619999885559082,628755,CMBT.BR,Tanker,2026-09-22
2022-07-21,6.796842098236084,12.899999618530273,12.949999809265137,12.949999809265137,12.510000228881836,588365,CMBT.BR,Tanker,2026-09-22
2022-07-22,6.833725452423096,12.970000267028809,12.899999618530273,12.989999771118164,12.720000267028809,499315,CMBT.BR,Tanker,2026-09-22
2022-07-25,6.833725452423096,12.970000267028809,12.699999809265137,12.989999771118164,12.460000038146973,363332,CMBT.BR,Tanker,2026-09-22
2022-07-26,6.854800224304199,13.010000228881836,13.0,13.1899995803833,12.869999885559082,562175,CMBT.BR,Tanker,2026-09-22
2022-07-27,7.144587516784668,13.5600004196167,13.039999961853027,13.5600004196167,13.010000228881836,660518,CMBT.BR,Tanker,2026-09-22
2022-07-28,6.960177898406982,13.210000038146973,13.699999809265137,13.789999961853027,13.029999732971191,555623,CMBT.BR,Tanker,2026-09-22
2022-07-29,7.00759744644165,13.300000190734863,13.210000038146973,13.300000190734863,13.0600004196167,576237,CMBT.BR,Tanker,2026-09-22
2022-08-01,7.302655220031738,13.859999656677246,13.300000190734863,13.9399995803833,13.300000190734863,509946,CMBT.BR,Tanker,2026-09-22
2022-08-02,7.6029791831970215,14.430000305175781,13.850000381469727,14.470000267028809,13.800000190734863,514408,CMBT.BR,Tanker,2026-09-22
2022-08-03,7.639862537384033,14.5,14.399999618530273,14.619999885559082,14.140000343322754,293600,CMBT.BR,Tanker,2026-09-22
2022-08-04,7.4291090965271,14.100000381469727,14.5,14.5,13.729999542236328,327364,CMBT.BR,Tanker,2026-09-22
2022-08-05,7.566097736358643,14.359999656677246,14.029999732971191,14.5600004196167,13.760000228881836,266835,CMBT.BR,Tanker,2026-09-22
2022-08-08,7.908575057983398,15.010000228881836,14.210000038146973,15.079999923706055,14.130000114440918,500069,CMBT.BR,Tanker,2026-09-22
2022-08-09,7.903306007385254,15.0,14.829999923706055,15.270000457763672,14.65999984741211,401604,CMBT.BR,Tanker,2026-09-22
2022-08-10,7.834810256958008,14.869999885559082,15.0,15.229999542236328,14.6899995803833,240669,CMBT.BR,Tanker,2026-09-22
2022-08-11,8.172017097473145,15.510000228881836,14.859999656677246,15.630000114440918,14.859999656677246,440040,CMBT.BR,Tanker,2026-09-22
2022-08-12,8.10879135131836,15.390000343322754,15.5,15.539999961853027,15.270000457763672,366323,CMBT.BR,Tanker,2026-09-22
2022-08-15,8.04029655456543,15.260000228881836,15.300000190734863,15.399999618530273,14.850000381469727,283355,CMBT.BR,Tanker,2026-09-22
2022-08-16,8.182554244995117,15.529999732971191,15.319999694824219,15.600000381469727,15.270000457763672,401706,CMBT.BR,Tanker,2026-09-22
2022-08-17,8.5724515914917,16.270000457763672,15.579999923706055,16.5,15.579999923706055,740255,CMBT.BR,Tanker,2026-09-22
2022-08-18,8.725249290466309,16.559999465942383,16.309999465942383,16.600000381469727,16.299999237060547,408727,CMBT.BR,Tanker,2026-09-22
2022-08-19,8.614603996276855,16.350000381469727,16.510000228881836,16.780000686645508,16.15999984741211,255049,CMBT.BR,Tanker,2026-09-22
2022-08-22,8.904390335083008,16.899999618530273,16.09000015258789,16.989999771118164,16.059999465942383,384918,CMBT.BR,Tanker,2026-09-22
2022-08-23,8.656754493713379,16.43000030517578,16.6200008392334,16.670000076293945,16.190000534057617,399552,CMBT.BR,Tanker,2026-09-22
2022-08-24,8.825357437133789,16.75,16.389999389648438,17.1200008392334,16.309999465942383,410593,CMBT.BR,Tanker,2026-09-22
2022-08-25,8.6356782913208,16.389999389648438,16.799999237060547,17.489999771118164,16.389999389648438,549546,CMBT.BR,Tanker,2026-09-22
2022-08-26,8.546107292175293,16.219999313354492,16.219999313354492,16.889999389648438,15.960000038146973,389569,CMBT.BR,Tanker,2026-09-22
2022-08-29,8.878046989440918,16.850000381469727,16.31999969482422,16.8799991607666,16.270000457763672,364715,CMBT.BR,Tanker,2026-09-22
2022-08-30,8.503289222717285,16.110000610351562,16.799999237060547,17.040000915527344,15.960000038146973,414504,CMBT.BR,Tanker,2026-09-22
2022-08-31,8.492733001708984,16.09000015258789,16.059999465942383,16.360000610351562,15.75,334189,CMBT.BR,Tanker,2026-09-22
2022-09-01,8.51384449005127,16.1299991607666,15.949999809265137,16.3700008392334,15.90999984741211,235771,CMBT.BR,Tanker,2026-09-22
2022-09-02,8.58774185180664,16.270000457763672,16.0,16.5,15.949999809265137,200003,CMBT.BR,Tanker,2026-09-22
2022-09-05,8.608854293823242,16.309999465942383,16.209999084472656,16.850000381469727,16.209999084472656,260861,CMBT.BR,Tanker,2026-09-22
2022-09-06,9.073341369628906,17.190000534057617,16.700000762939453,17.649999618530273,16.5,847514,CMBT.BR,Tanker,2026-09-22
2022-09-07,8.978333473205566,17.010000228881836,17.290000915527344,17.700000762939453,16.520000457763672,469770,CMBT.BR,Tanker,2026-09-22
2022-09-08,8.862211227416992,16.790000915527344,16.760000228881836,16.84000015258789,16.010000228881836,297268,CMBT.BR,Tanker,2026-09-22
2022-09-09,9.305585861206055,17.6299991607666,16.8799991607666,17.920000076293945,16.790000915527344,573673,CMBT.BR,Tanker,2026-09-22
2022-09-12,9.089176177978516,17.219999313354492,17.639999389648438,17.639999389648438,17.1200008392334,408032,CMBT.BR,Tanker,2026-09-22
2022-09-13,9.236968040466309,17.5,17.239999771118164,17.670000076293945,17.239999771118164,300845,CMBT.BR,Tanker,2026-09-22
2022-09-14,9.63283920288086,18.25,17.299999237060547,18.530000686645508,17.1299991607666,865517,CMBT.BR,Tanker,2026-09-22
2022-09-15,9.437541007995605,17.8799991607666,18.110000610351562,18.260000228881836,17.610000610351562,369059,CMBT.BR,Tanker,2026-09-22
2022-09-16,9.200020790100098,17.43000030517578,17.700000762939453,17.950000762939453,17.219999313354492,2776123,CMBT.BR,Tanker,2026-09-22
2022-09-19,9.61700439453125,18.219999313354492,17.729999542236328,18.399999618530273,16.760000228881836,511766,CMBT.BR,Tanker,2026-09-22
2022-09-20,9.82813549041748,18.6200008392334,18.75,19.149999618530273,18.260000228881836,648366,CMBT.BR,Tanker,2026-09-22
2022-09-21,9.801743507385254,18.56999969482422,18.649999618530273,19.079999923706055,18.43000030517578,444708,CMBT.BR,Tanker,2026-09-22
2022-09-22,9.611724853515625,18.209999084472656,18.31999969482422,18.989999771118164,18.139999389648438,470311,CMBT.BR,Tanker,2026-09-22
2022-09-23,8.994169235229492,17.040000915527344,18.1299991607666,18.34000015258789,16.829999923706055,425384,CMBT.BR,Tanker,2026-09-22
2022-09-26,9.268638610839844,17.559999465942383,16.719999313354492,17.739999771118164,16.469999313354492,401903,CMBT.BR,Tanker,2026-09-22
2022-09-27,9.052227973937988,17.149999618530273,17.3799991607666,17.459999084472656,16.8700008392334,600480,CMBT.BR,Tanker,2026-09-22
2022-09-28,8.777758598327637,16.6299991607666,17.18000030517578,17.18000030517578,16.06999969482422,458026,CMBT.BR,Tanker,2026-09-22
2022-09-29,8.408280372619629,15.930000305175781,16.75,16.899999618530273,15.239999771118164,591416,CMBT.BR,Tanker,2026-09-22
2022-09-30,8.46106243133545,16.030000686645508,15.739999771118164,16.350000381469727,15.65999984741211,1067037,CMBT.BR,Tanker,2026-09-22
2022-10-03,8.276324272155762,15.680000305175781,15.75,15.850000381469727,15.229999542236328,255718,CMBT.BR,Tanker,2026-09-22
2022-10-04,7.943792343139648,15.050000190734863,15.649999618530273,15.920000076293945,14.949999809265137,275293,CMBT.BR,Tanker,2026-09-22
2022-10-05,7.695714950561523,14.579999923706055,14.9399995803833,14.9399995803833,14.369999885559082,936652,CMBT.BR,Tanker,2026-09-22
2022-10-06,7.949072360992432,15.0600004196167,14.710000038146973,15.6899995803833,14.699999809265137,456548,CMBT.BR,Tanker,2026-09-22
2022-10-07,8.286879539489746,15.699999809265137,15.260000228881836,15.75,15.25,183703,CMBT.BR,Tanker,2026-09-22
2022-10-10,8.439949035644531,15.989999771118164,15.739999771118164,16.270000457763672,15.470000267028809,334409,CMBT.BR,Tanker,2026-09-22
2022-10-11,8.139089584350586,15.420000076293945,15.800000190734863,15.869999885559082,15.140000343322754,274558,CMBT.BR,Tanker,2026-09-22
2022-10-12,8.128532409667969,15.399999618530273,15.420000076293945,15.59000015258789,15.050000190734863,224461,CMBT.BR,Tanker,2026-09-22
2022-10-13,8.397725105285645,15.90999984741211,15.520000457763672,16.06999969482422,15.199999809265137,413850,CMBT.BR,Tanker,2026-09-22
2022-10-14,8.941385269165039,16.940000534057617,16.270000457763672,17.1200008392334,16.229999542236328,387861,CMBT.BR,Tanker,2026-09-22
2022-10-17,9.215855598449707,17.459999084472656,17.209999084472656,17.649999618530273,17.170000076293945,447454,CMBT.BR,Tanker,2026-09-22
2022-10-18,9.648673057556152,18.280000686645508,17.850000381469727,18.450000762939453,17.809999465942383,351874,CMBT.BR,Tanker,2026-09-22
2022-10-19,9.400594711303711,17.809999465942383,18.40999984741211,18.40999984741211,17.440000534057617,296447,CMBT.BR,Tanker,2026-09-22
2022-10-20,9.358368873596191,17.729999542236328,17.93000030517578,18.030000686645508,17.459999084472656,223412,CMBT.BR,Tanker,2026-09-22
2022-10-21,9.316143035888672,17.649999618530273,17.6200008392334,17.729999542236328,17.290000915527344,118328,CMBT.BR,Tanker,2026-09-22
2022-10-24,9.627559661865234,18.239999771118164,17.649999618530273,18.5,17.649999618530273,304304,CMBT.BR,Tanker,2026-09-22
2022-10-25,9.432265281677246,17.8700008392334,18.299999237060547,18.399999618530273,17.790000915527344,250857,CMBT.BR,Tanker,2026-09-22
2022-10-26,9.7278470993042,18.43000030517578,18.149999618530273,18.530000686645508,18.110000610351562,197503,CMBT.BR,Tanker,2026-09-22
2022-10-27,9.648673057556152,18.280000686645508,18.469999313354492,18.639999389648438,18.010000228881836,218084,CMBT.BR,Tanker,2026-09-22
2022-10-28,9.321420669555664,17.65999984741211,18.06999969482422,18.219999313354492,17.6200008392334,161662,CMBT.BR,Tanker,2026-09-22
2022-10-31,9.305585861206055,17.6299991607666,17.399999618530273,17.899999618530273,17.299999237060547,264620,CMBT.BR,Tanker,2026-09-22
2022-11-01,9.949535369873047,18.850000381469727,18.020000457763672,19.09000015258789,17.969999313354492,443145,CMBT.BR,Tanker,2026-09-22
2022-11-02,10.012873649597168,18.969999313354492,18.8700008392334,19.18000030517578,18.670000076293945,273437,CMBT.BR,Tanker,2026-09-22
2022-11-03,9.986482620239258,18.920000076293945,18.520000457763672,19.290000915527344,18.309999465942383,368624,CMBT.BR,Tanker,2026-09-22
2022-11-04,9.991761207580566,18.93000030517578,19.149999618530273,19.65999984741211,18.850000381469727,372190,CMBT.BR,Tanker,2026-09-22
2022-11-07,10.107881546020508,19.149999618530273,18.8700008392334,19.6299991607666,18.799999237060547,183520,CMBT.BR,Tanker,2026-09-22
2022-11-08,10.292623519897461,19.5,19.1299991607666,19.65999984741211,18.8700008392334,223389,CMBT.BR,Tanker,2026-09-22
2022-11-09,10.097325325012207,19.1299991607666,19.459999084472656,19.920000076293945,19.1299991607666,238764,CMBT.BR,Tanker,2026-09-22
2022-11-10,9.553664207458496,18.100000381469727,19.0,19.1299991607666,18.079999923706055,237940,CMBT.BR,Tanker,2026-09-22
2022-11-11,9.543107986450195,18.079999923706055,18.600000381469727,19.0,17.989999771118164,207569,CMBT.BR,Tanker,2026-09-22
2022-11-14,9.812300682067871,18.59000015258789,18.139999389648438,18.84000015258789,18.139999389648438,189357,CMBT.BR,Tanker,2026-09-22
2022-11-15,9.83341121673584,18.6299991607666,18.399999618530273,18.93000030517578,18.350000381469727,159387,CMBT.BR,Tanker,2026-09-22
2022-11-16,10.076213836669922,19.09000015258789,19.049999237060547,19.739999771118164,19.049999237060547,341104,CMBT.BR,Tanker,2026-09-22
2022-11-17,10.134275436401367,19.200000762939453,18.969999313354492,19.8700008392334,18.670000076293945,337079,CMBT.BR,Tanker,2026-09-22
2022-11-18,10.276787757873535,19.469999313354492,19.31999969482422,19.760000228881836,19.0,263818,CMBT.BR,Tanker,2026-09-22
2022-11-21,10.213448524475098,19.350000381469727,19.299999237060547,20.219999313354492,19.280000686645508,429273,CMBT.BR,Tanker,2026-09-22
2022-11-22,10.340126991271973,19.59000015258789,19.81999969482422,20.200000762939453,19.510000228881836,244397,CMBT.BR,Tanker,2026-09-22
2022-11-23,10.08676815032959,19.110000610351562,19.450000762939453,19.719999313354492,19.010000228881836,266038,CMBT.BR,Tanker,2026-09-22
2022-11-24,9.558943748474121,18.110000610351562,18.799999237060547,18.799999237060547,18.110000610351562,325006,CMBT.BR,Tanker,2026-09-22
2022-11-25,9.770073890686035,18.510000228881836,18.15999984741211,18.610000610351562,17.829999923706055,372784,CMBT.BR,Tanker,2026-09-22
2022-11-28,9.300308227539062,17.6200008392334,18.360000610351562,18.489999771118164,17.549999237060547,250091,CMBT.BR,Tanker,2026-09-22
2022-11-29,9.506160736083984,18.010000228881836,17.829999923706055,18.190000534057617,17.43000030517578,333663,CMBT.BR,Tanker,2026-09-22
2022-11-30,9.822855949401855,18.610000610351562,17.8700008392334,18.790000915527344,17.049999237060547,1089828,CMBT.BR,Tanker,2026-09-22
2022-12-01,9.796463012695312,18.559999465942383,18.559999465942383,18.65999984741211,18.1200008392334,540768,CMBT.BR,Tanker,2026-09-22
2022-12-02,9.838690757751465,18.639999389648438,18.290000915527344,18.670000076293945,18.219999313354492,516976,CMBT.BR,Tanker,2026-09-22
2022-12-05,10.250396728515625,19.420000076293945,18.989999771118164,19.850000381469727,18.950000762939453,391583,CMBT.BR,Tanker,2026-09-22
2022-12-06,9.574777603149414,18.139999389648438,18.68000030517578,19.0,18.040000915527344,751125,CMBT.BR,Tanker,2026-09-22
2022-12-07,8.772480010986328,16.6200008392334,17.729999542236328,17.729999542236328,16.479999542236328,569784,CMBT.BR,Tanker,2026-09-22
2022-12-08,8.999446868896484,17.049999237060547,16.5,17.15999984741211,16.459999084472656,915167,CMBT.BR,Tanker,2026-09-22
2022-12-09,8.999446868896484,17.049999237060547,16.899999618530273,17.170000076293945,16.479999542236328,554687,CMBT.BR,Tanker,2026-09-22
2022-12-12,10.00759506225586,18.959999084472656,17.149999618530273,19.0,16.979999542236328,853614,CMBT.BR,Tanker,2026-09-22
2022-12-13,9.63283920288086,18.25,18.899999618530273,18.899999618530273,18.020000457763672,498999,CMBT.BR,Tanker,2026-09-22
2022-12-14,9.215855598449707,17.459999084472656,18.0,18.309999465942383,17.389999389648438,490501,CMBT.BR,Tanker,2026-09-22
2022-12-15,9.236968040466309,17.5,17.459999084472656,17.940000534057617,17.010000228881836,396579,CMBT.BR,Tanker,2026-09-22
2022-12-16,9.12084674835205,17.280000686645508,17.25,17.440000534057617,17.09000015258789,246740,CMBT.BR,Tanker,2026-09-22
2022-12-19,8.846376419067383,16.760000228881836,17.190000534057617,17.3700008392334,16.469999313354492,202370,CMBT.BR,Tanker,2026-09-22
2022-12-20,8.85693359375,16.780000686645508,16.540000915527344,17.06999969482422,16.440000534057617,181620,CMBT.BR,Tanker,2026-09-22
2022-12-21,8.793593406677246,16.65999984741211,17.030000686645508,17.25,16.6299991607666,170248,CMBT.BR,Tanker,2026-09-22
2022-12-22,8.57718563079834,16.25,16.639999389648438,16.649999618530273,16.06999969482422,132608,CMBT.BR,Tanker,2026-09-22
2022-12-23,8.46106243133545,16.030000686645508,16.049999237060547,16.31999969482422,15.670000076293945,160736,CMBT.BR,Tanker,2026-09-22
2022-12-27,8.51384449005127,16.1299991607666,16.059999465942383,16.270000457763672,16.049999237060547,90578,CMBT.BR,Tanker,2026-09-22
2022-12-28,8.371333122253418,15.859999656677246,16.219999313354492,16.299999237060547,15.630000114440918,139838,CMBT.BR,Tanker,2026-09-22
2022-12-29,8.3396635055542,15.800000190734863,15.739999771118164,15.930000305175781,15.489999771118164,148165,CMBT.BR,Tanker,2026-09-22
2022-12-30,8.28160285949707,15.6899995803833,15.8100004196167,15.899999618530273,15.550000190734863,224837,CMBT.BR,Tanker,2026-09-22
2023-01-02,8.698585510253906,16.479999542236328,16.110000610351562,16.65999984741211,16.020000457763672,121567,CMBT.BR,Tanker,2026-09-22
2023-01-03,8.212984085083008,15.5600004196167,16.34000015258789,16.75,15.449999809265137,829123,CMBT.BR,Tanker,2026-09-22
2023-01-04,7.658767223358154,14.510000228881836,15.390000343322754,15.460000038146973,14.449999809265137,520285,CMBT.BR,Tanker,2026-09-22
2023-01-05,7.817114353179932,14.8100004196167,14.34000015258789,14.859999656677246,14.119999885559082,393803,CMBT.BR,Tanker,2026-09-22
2023-01-06,7.933236598968506,15.029999732971191,14.800000190734863,15.40999984741211,14.770000457763672,305609,CMBT.BR,Tanker,2026-09-22
2023-01-09,7.986019611358643,15.130000114440918,14.880000114440918,15.220000267028809,14.770000457763672,225068,CMBT.BR,Tanker,2026-09-22
2023-01-10,6.576721668243408,12.460000038146973,12.579999923706055,13.039999961853027,12.010000228881836,3362724,CMBT.BR,Tanker,2026-09-22
2023-01-11,6.724513053894043,12.739999771118164,12.539999961853027,13.199999809265137,12.539999961853027,1534417,CMBT.BR,Tanker,2026-09-22
2023-01-12,6.877583026885986,13.029999732971191,12.470000267028809,13.09000015258789,12.350000381469727,1367028,CMBT.BR,Tanker,2026-09-22
2023-01-13,7.093992233276367,13.4399995803833,13.210000038146973,13.579999923706055,13.149999618530273,618945,CMBT.BR,Tanker,2026-09-22
2023-01-16,7.357904434204102,13.9399995803833,13.9399995803833,14.25,13.800000190734863,429412,CMBT.BR,Tanker,2026-09-22
2023-01-17,7.463469982147217,14.140000343322754,14.100000381469727,14.350000381469727,13.970000267028809,399438,CMBT.BR,Tanker,2026-09-22
2023-01-18,7.579592704772949,14.359999656677246,14.25,14.380000114440918,14.100000381469727,401770,CMBT.BR,Tanker,2026-09-22
2023-01-19,7.526810169219971,14.260000228881836,14.09000015258789,14.300000190734863,14.09000015258789,845249,CMBT.BR,Tanker,2026-09-22
2023-01-20,7.648209571838379,14.489999771118164,14.300000190734863,14.5,14.279999732971191,312106,CMBT.BR,Tanker,2026-09-22
2023-01-23,7.695714950561523,14.579999923706055,14.630000114440918,14.649999618530273,14.420000076293945,345693,CMBT.BR,Tanker,2026-09-22
2023-01-24,7.642930030822754,14.479999542236328,14.649999618530273,14.649999618530273,14.449999809265137,699948,CMBT.BR,Tanker,2026-09-22
2023-01-25,7.542644023895264,14.289999961853027,14.550000190734863,14.579999923706055,14.050000190734863,517248,CMBT.BR,Tanker,2026-09-22
2023-01-26,7.484584331512451,14.180000305175781,14.270000457763672,14.489999771118164,14.109999656677246,289398,CMBT.BR,Tanker,2026-09-22
2023-01-27,7.637652397155762,14.470000267028809,14.100000381469727,14.470000267028809,14.0600004196167,405941,CMBT.BR,Tanker,2026-09-22
2023-01-30,7.6693243980407715,14.529999732971191,14.40999984741211,14.550000190734863,14.199999809265137,312271,CMBT.BR,Tanker,2026-09-22
2023-01-31,7.637652397155762,14.470000267028809,14.550000190734863,14.5600004196167,14.289999961853027,400619,CMBT.BR,Tanker,2026-09-22
2023-02-01,7.711548805236816,14.609999656677246,14.489999771118164,14.800000190734863,14.460000038146973,794342,CMBT.BR,Tanker,2026-09-22
2023-02-02,7.827671051025391,14.829999923706055,14.800000190734863,15.0,14.40999984741211,452841,CMBT.BR,Tanker,2026-09-22
2023-02-03,7.848783016204834,14.869999885559082,14.800000190734863,15.1899995803833,14.489999771118164,457685,CMBT.BR,Tanker,2026-09-22
2023-02-06,8.08102798461914,15.3100004196167,14.819999694824219,15.380000114440918,14.75,426968,CMBT.BR,Tanker,2026-09-22
2023-02-07,8.065193176269531,15.279999732971191,15.5,15.779999732971191,14.949999809265137,668193,CMBT.BR,Tanker,2026-09-22
2023-02-08,8.001852989196777,15.15999984741211,15.140000343322754,15.34000015258789,14.869999885559082,360011,CMBT.BR,Tanker,2026-09-22
2023-02-09,8.149645805358887,15.4399995803833,15.25,15.779999732971191,15.210000038146973,370031,CMBT.BR,Tanker,2026-09-22
2023-02-10,7.774887561798096,14.729999542236328,15.25,15.399999618530273,14.609999656677246,342975,CMBT.BR,Tanker,2026-09-22
2023-02-13,8.096863746643066,15.34000015258789,14.729999542236328,15.359999656677246,14.699999809265137,280703,CMBT.BR,Tanker,2026-09-22
2023-02-14,8.334383964538574,15.789999961853027,15.5,16.020000457763672,15.359999656677246,319812,CMBT.BR,Tanker,2026-09-22
2023-02-15,8.218262672424316,15.569999694824219,15.460000038146973,15.640000343322754,15.15999984741211,284071,CMBT.BR,Tanker,2026-09-22
2023-02-16,8.197148323059082,15.529999732971191,15.520000457763672,15.850000381469727,15.449999809265137,151513,CMBT.BR,Tanker,2026-09-22
2023-02-17,8.218262672424316,15.569999694824219,15.380000114440918,15.680000305175781,15.359999656677246,123028,CMBT.BR,Tanker,2026-09-22
2023-02-20,8.012411117553711,15.180000305175781,15.569999694824219,15.569999694824219,14.989999771118164,115015,CMBT.BR,Tanker,2026-09-22
2023-02-21,8.08630657196045,15.319999694824219,15.149999618530273,15.739999771118164,15.109999656677246,246159,CMBT.BR,Tanker,2026-09-22
2023-02-22,8.075748443603516,15.300000190734863,15.319999694824219,15.5600004196167,15.119999885559082,174713,CMBT.BR,Tanker,2026-09-22
2023-02-23,8.47161865234375,16.049999237060547,15.420000076293945,16.100000381469727,15.350000381469727,292217,CMBT.BR,Tanker,2026-09-22
2023-02-24,9.01528263092041,17.079999923706055,16.520000457763672,17.209999084472656,16.479999542236328,515813,CMBT.BR,Tanker,2026-09-22
2023-02-27,9.115567207336426,17.270000457763672,17.200000762939453,17.479999542236328,17.110000610351562,246432,CMBT.BR,Tanker,2026-09-22
2023-02-28,9.131402015686035,17.299999237060547,17.1299991607666,17.780000686645508,16.920000076293945,482153,CMBT.BR,Tanker,2026-09-22
2023-03-01,9.073341369628906,17.190000534057617,17.260000228881836,17.459999084472656,17.059999465942383,345411,CMBT.BR,Tanker,2026-09-22
2023-03-02,9.263359069824219,17.549999237060547,17.399999618530273,17.75,17.309999465942383,516469,CMBT.BR,Tanker,2026-09-22
2023-03-03,9.358368873596191,17.729999542236328,17.559999465942383,17.739999771118164,17.18000030517578,441993,CMBT.BR,Tanker,2026-09-22
2023-03-06,9.141960144042969,17.31999969482422,17.6200008392334,17.829999923706055,17.1200008392334,394619,CMBT.BR,Tanker,2026-09-22
2023-03-07,9.09973430633545,17.239999771118164,17.260000228881836,17.31999969482422,16.969999313354492,229534,CMBT.BR,Tanker,2026-09-22
2023-03-08,9.289751052856445,17.600000381469727,17.360000610351562,17.81999969482422,17.299999237060547,338341,CMBT.BR,Tanker,2026-09-22
2023-03-09,9.316143035888672,17.649999618530273,17.540000915527344,17.940000534057617,17.43000030517578,235585,CMBT.BR,Tanker,2026-09-22
2023-03-10,9.15251636505127,17.34000015258789,17.229999542236328,17.399999618530273,17.059999465942383,401180,CMBT.BR,Tanker,2026-09-22
2023-03-13,8.682750701904297,16.450000762939453,17.270000457763672,17.270000457763672,16.149999618530273,623915,CMBT.BR,Tanker,2026-09-22
2023-03-14,8.883325576782227,16.829999923706055,16.15999984741211,16.860000610351562,16.139999389648438,240228,CMBT.BR,Tanker,2026-09-22
2023-03-15,8.276324272155762,15.680000305175781,16.56999969482422,16.56999969482422,15.539999961853027,461110,CMBT.BR,Tanker,2026-09-22
2023-03-16,8.234098434448242,15.600000381469727,15.859999656677246,15.899999618530273,15.220000267028809,326703,CMBT.BR,Tanker,2026-09-22
2023-03-17,8.149645805358887,15.4399995803833,15.510000228881836,16.059999465942383,15.300000190734863,1539046,CMBT.BR,Tanker,2026-09-22
2023-03-20,8.27104663848877,15.670000076293945,15.239999771118164,15.859999656677246,14.930000305175781,374800,CMBT.BR,Tanker,2026-09-22
2023-03-21,8.640525817871094,16.3700008392334,15.770000457763672,16.700000762939453,15.710000038146973,242721,CMBT.BR,Tanker,2026-09-22
2023-03-22,8.624690055847168,16.34000015258789,16.59000015258789,16.6200008392334,16.049999237060547,200705,CMBT.BR,Tanker,2026-09-22
2023-03-23,8.714420318603516,16.510000228881836,16.200000762939453,17.290000915527344,16.010000228881836,485479,CMBT.BR,Tanker,2026-09-22
2023-03-24,8.207706451416016,15.550000190734863,16.530000686645508,16.530000686645508,15.529999732971191,248844,CMBT.BR,Tanker,2026-09-22
2023-03-27,8.313272476196289,15.75,15.899999618530273,16.030000686645508,15.550000190734863,216027,CMBT.BR,Tanker,2026-09-22
2023-03-28,8.42939281463623,15.970000267028809,16.1200008392334,16.239999771118164,15.739999771118164,204152,CMBT.BR,Tanker,2026-09-22
2023-03-29,8.212984085083008,15.5600004196167,16.020000457763672,16.020000457763672,15.489999771118164,291783,CMBT.BR,Tanker,2026-09-22
2023-03-30,8.059916496276855,15.270000457763672,15.65999984741211,15.670000076293945,14.989999771118164,213540,CMBT.BR,Tanker,2026-09-22
2023-03-31,8.102142333984375,15.350000381469727,15.300000190734863,15.5,15.119999885559082,240179,CMBT.BR,Tanker,2026-09-22
2023-04-03,7.777527809143066,14.734999656677246,15.875,15.975000381469727,14.550000190734863,800674,CMBT.BR,Tanker,2026-09-22
2023-04-04,7.774887561798096,14.729999542236328,14.954999923706055,14.954999923706055,14.569999694824219,388502,CMBT.BR,Tanker,2026-09-22
2023-04-05,7.861979961395264,14.895000457763672,14.78499984741211,15.010000228881836,14.75,185242,CMBT.BR,Tanker,2026-09-22
2023-04-06,8.05463695526123,15.260000228881836,15.414999961853027,15.630000114440918,15.199999809265137,252390,CMBT.BR,Tanker,2026-09-22
2023-04-11,8.183954238891602,15.505000114440918,15.329999923706055,15.524999618530273,15.154999732971191,166564,CMBT.BR,Tanker,2026-09-22
2023-04-12,8.141728401184082,15.425000190734863,15.59000015258789,15.604999542236328,15.375,156084,CMBT.BR,Tanker,2026-09-22
2023-04-13,8.355498313903809,15.829999923706055,15.414999961853027,15.890000343322754,15.28499984741211,148886,CMBT.BR,Tanker,2026-09-22
2023-04-14,8.41356086730957,15.9399995803833,15.5,16.020000457763672,15.5,137863,CMBT.BR,Tanker,2026-09-22
2023-04-17,8.624690055847168,16.34000015258789,16.0,16.485000610351562,16.0,168435,CMBT.BR,Tanker,2026-09-22
2023-04-18,8.809429168701172,16.690000534057617,16.5,16.729999542236328,16.405000686645508,233951,CMBT.BR,Tanker,2026-09-22
2023-04-19,8.49537181854248,16.094999313354492,16.600000381469727,16.6200008392334,16.075000762939453,211045,CMBT.BR,Tanker,2026-09-22
2023-04-20,8.315911293029785,15.755000114440918,16.0,16.024999618530273,15.75,134056,CMBT.BR,Tanker,2026-09-22
2023-04-21,8.025606155395508,15.204999923706055,15.5,15.71500015258789,15.125,220887,CMBT.BR,Tanker,2026-09-22
2023-04-24,8.484816551208496,16.075000762939453,15.149999618530273,16.100000381469727,15.050000190734863,226649,CMBT.BR,Tanker,2026-09-22
2023-04-25,8.305354118347168,15.734999656677246,16.389999389648438,16.389999389648438,15.734999656677246,244707,CMBT.BR,Tanker,2026-09-22
2023-04-26,8.102142333984375,15.350000381469727,15.725000381469727,15.725000381469727,15.3100004196167,143770,CMBT.BR,Tanker,2026-09-22
2023-04-27,8.147006034851074,15.4350004196167,15.350000381469727,15.454999923706055,15.109999656677246,113791,CMBT.BR,Tanker,2026-09-22
2023-04-28,8.181314468383789,15.5,15.399999618530273,15.579999923706055,15.079999923706055,173639,CMBT.BR,Tanker,2026-09-22
2023-05-02,7.759053707122803,14.699999809265137,15.3100004196167,15.359999656677246,14.699999809265137,171400,CMBT.BR,Tanker,2026-09-22
2023-05-03,7.555840015411377,14.3149995803833,14.720000267028809,14.8149995803833,14.265000343322754,263656,CMBT.BR,Tanker,2026-09-22
2023-05-04,7.479305267333984,14.170000076293945,14.375,14.46500015258789,13.854999542236328,275973,CMBT.BR,Tanker,2026-09-22
2023-05-05,7.645570755004883,14.484999656677246,14.244999885559082,14.574999809265137,13.975000381469727,204329,CMBT.BR,Tanker,2026-09-22
2023-05-08,7.452914714813232,14.119999885559082,14.449999809265137,14.470000267028809,13.944999694824219,192212,CMBT.BR,Tanker,2026-09-22
2023-05-09,7.434440612792969,14.085000038146973,14.130000114440918,14.130000114440918,13.824999809265137,195848,CMBT.BR,Tanker,2026-09-22
2023-05-10,7.4766669273376465,14.164999961853027,14.015000343322754,14.229999542236328,13.975000381469727,220743,CMBT.BR,Tanker,2026-09-22
2023-05-11,8.070470809936523,15.289999961853027,14.199999809265137,15.295000076293945,14.199999809265137,486370,CMBT.BR,Tanker,2026-09-22
2023-05-12,8.133810997009277,15.40999984741211,15.380000114440918,15.484999656677246,14.829999923706055,329739,CMBT.BR,Tanker,2026-09-22
2023-05-15,7.885732650756836,14.9399995803833,15.100000381469727,15.145000457763672,14.604999542236328,212367,CMBT.BR,Tanker,2026-09-22
2023-05-16,8.049358367919922,15.25,14.795000076293945,15.329999923706055,14.585000038146973,273188,CMBT.BR,Tanker,2026-09-22
2023-05-17,8.07310962677002,15.295000076293945,15.21500015258789,15.319999694824219,15.085000038146973,162916,CMBT.BR,Tanker,2026-09-22
2023-05-18,7.777527809143066,14.734999656677246,15.149999618530273,15.149999618530273,14.649999618530273,195266,CMBT.BR,Tanker,2026-09-22
2023-05-19,8.062555313110352,15.274999618530273,15.045000076293945,15.449999809265137,14.890000343322754,201673,CMBT.BR,Tanker,2026-09-22
2023-05-22,8.13645076751709,15.414999961853027,15.279999732971191,15.529999732971191,15.100000381469727,223955,CMBT.BR,Tanker,2026-09-22
2023-05-23,7.925318717956543,15.015000343322754,15.210000038146973,15.279999732971191,14.9399995803833,219209,CMBT.BR,Tanker,2026-09-22
2023-05-24,7.877815246582031,14.925000190734863,14.949999809265137,14.96500015258789,14.520000457763672,205311,CMBT.BR,Tanker,2026-09-22
2023-05-25,7.748497009277344,14.680000305175781,14.770000457763672,14.949999809265137,14.649999618530273,232980,CMBT.BR,Tanker,2026-09-22
2023-05-26,7.737940788269043,14.65999984741211,14.609999656677246,14.84000015258789,14.449999809265137,217954,CMBT.BR,Tanker,2026-09-22
2023-05-29,7.806557655334473,14.789999961853027,14.739999771118164,15.149999618530273,14.739999771118164,93123,CMBT.BR,Tanker,2026-09-22
2023-05-30,7.766971111297607,14.71500015258789,14.885000228881836,14.960000038146973,14.46500015258789,228291,CMBT.BR,Tanker,2026-09-22
2023-05-31,7.822391986846924,14.819999694824219,14.850000381469727,15.010000228881836,13.930000305175781,2649749,CMBT.BR,Tanker,2026-09-22
2023-06-01,7.916466236114502,13.885000228881836,13.779999732971191,14.145000457763672,13.529999732971191,332201,CMBT.BR,Tanker,2026-09-22
2023-06-02,8.503716468811035,14.914999961853027,14.140000343322754,15.050000190734863,14.140000343322754,315593,CMBT.BR,Tanker,2026-09-22
2023-06-05,8.121718406677246,14.244999885559082,14.6850004196167,14.755000114440918,14.225000381469727,492459,CMBT.BR,Tanker,2026-09-22
2023-06-06,8.26140308380127,14.489999771118164,14.25,14.704999923706055,13.949999809265137,707101,CMBT.BR,Tanker,2026-09-22
2023-06-07,8.30416488647461,14.5649995803833,14.819999694824219,14.899999618530273,14.460000038146973,538259,CMBT.BR,Tanker,2026-09-22
2023-06-08,8.798282623291016,14.6899995803833,14.454999923706055,15.0649995803833,14.3149995803833,575743,CMBT.BR,Tanker,2026-09-22
2023-06-09,9.067801475524902,15.140000343322754,14.895000457763672,15.25,14.630000114440918,377670,CMBT.BR,Tanker,2026-09-22
2023-06-12,8.986946105957031,15.005000114440918,15.25,15.680000305175781,14.760000228881836,474751,CMBT.BR,Tanker,2026-09-22
2023-06-13,9.022880554199219,15.0649995803833,15.005000114440918,15.4399995803833,14.949999809265137,679617,CMBT.BR,Tanker,2026-09-22
2023-06-14,8.951009750366211,14.944999694824219,14.899999618530273,15.194999694824219,14.670000076293945,456228,CMBT.BR,Tanker,2026-09-22
2023-06-15,8.971972465515137,14.979999542236328,14.875,15.295000076293945,14.800000190734863,256363,CMBT.BR,Tanker,2026-09-22
2023-06-16,8.891117095947266,14.845000267028809,15.029999732971191,15.029999732971191,14.710000038146973,406778,CMBT.BR,Tanker,2026-09-22
2023-06-19,8.986946105957031,15.005000114440918,14.899999618530273,15.074999809265137,14.770000457763672,126488,CMBT.BR,Tanker,2026-09-22
2023-06-20,8.675500869750977,14.484999656677246,14.970000267028809,15.010000228881836,14.430000305175781,272372,CMBT.BR,Tanker,2026-09-22
2023-06-21,8.864164352416992,14.800000190734863,14.720000267028809,15.024999618530273,14.579999923706055,267526,CMBT.BR,Tanker,2026-09-22
2023-06-22,8.831223487854004,14.744999885559082,14.734999656677246,14.789999961853027,14.40999984741211,157425,CMBT.BR,Tanker,2026-09-22
2023-06-23,8.56470012664795,14.300000190734863,14.600000381469727,14.65999984741211,14.265000343322754,179345,CMBT.BR,Tanker,2026-09-22
2023-06-26,8.444914817810059,14.100000381469727,14.260000228881836,14.324999809265137,14.045000076293945,197177,CMBT.BR,Tanker,2026-09-22
2023-06-27,8.30117130279541,13.859999656677246,14.125,14.125,13.640000343322754,238756,CMBT.BR,Tanker,2026-09-22
2023-06-28,8.124485969543457,13.5649995803833,13.800000190734863,13.800000190734863,13.46500015258789,234061,CMBT.BR,Tanker,2026-09-22
2023-06-29,8.277212142944336,13.819999694824219,13.664999961853027,13.989999771118164,13.4399995803833,622114,CMBT.BR,Tanker,2026-09-22
2023-06-30,8.325127601623535,13.899999618530273,13.805000305175781,14.039999961853027,13.729999542236328,150793,CMBT.BR,Tanker,2026-09-22
2023-07-03,8.510795593261719,14.210000038146973,14.050000190734863,14.390000343322754,13.885000228881836,147199,CMBT.BR,Tanker,2026-09-22
2023-07-04,8.316143035888672,13.885000228881836,14.180000305175781,14.180000305175781,13.770000457763672,119417,CMBT.BR,Tanker,2026-09-22
2023-07-05,8.474858283996582,14.149999618530273,13.9399995803833,14.21500015258789,13.78499984741211,237839,CMBT.BR,Tanker,2026-09-22
2023-07-06,8.187374114990234,13.670000076293945,14.149999618530273,14.149999618530273,13.670000076293945,207367,CMBT.BR,Tanker,2026-09-22
2023-07-07,8.256251335144043,13.78499984741211,13.720000267028809,13.8100004196167,13.539999961853027,105847,CMBT.BR,Tanker,2026-09-22
2023-07-10,8.232293128967285,13.744999885559082,13.770000457763672,13.925000190734863,13.6850004196167,129983,CMBT.BR,Tanker,2026-09-22
2023-07-11,8.4209566116333,14.0600004196167,13.904999732971191,14.194999694824219,13.8149995803833,194711,CMBT.BR,Tanker,2026-09-22
2023-07-12,8.552721977233887,14.279999732971191,14.140000343322754,14.449999809265137,14.069999694824219,180432,CMBT.BR,Tanker,2026-09-22
2023-07-13,8.474858283996582,14.149999618530273,14.079999923706055,14.270000457763672,14.029999732971191,152255,CMBT.BR,Tanker,2026-09-22
2023-07-14,8.196359634399414,13.6850004196167,14.09000015258789,14.09000015258789,13.664999961853027,183631,CMBT.BR,Tanker,2026-09-22
2023-07-17,8.100528717041016,13.524999618530273,13.494999885559082,13.619999885559082,13.289999961853027,195689,CMBT.BR,Tanker,2026-09-22
2023-07-18,8.06159782409668,13.460000038146973,13.5,13.649999618530273,13.420000076293945,146590,CMBT.BR,Tanker,2026-09-22
2023-07-19,8.052614212036133,13.444999694824219,13.555000305175781,13.555000305175781,13.220000267028809,176191,CMBT.BR,Tanker,2026-09-22
2023-07-20,7.977747917175293,13.319999694824219,13.369999885559082,13.444999694824219,13.300000190734863,148465,CMBT.BR,Tanker,2026-09-22
2023-07-21,7.998711109161377,13.354999542236328,13.46500015258789,13.675000190734863,13.274999618530273,108218,CMBT.BR,Tanker,2026-09-22
2023-07-24,8.118496894836426,13.555000305175781,13.354999542236328,13.604999542236328,13.265000343322754,111846,CMBT.BR,Tanker,2026-09-22
2023-07-25,8.525769233703613,14.234999656677246,13.779999732971191,14.369999885559082,13.6899995803833,310893,CMBT.BR,Tanker,2026-09-22
2023-07-26,8.391011238098145,14.010000228881836,14.170000076293945,14.300000190734863,13.869999885559082,93583,CMBT.BR,Tanker,2026-09-22
2023-07-27,8.471866607666016,14.145000457763672,13.994999885559082,14.239999771118164,13.925000190734863,118550,CMBT.BR,Tanker,2026-09-22
2023-07-28,8.501812934875488,14.194999694824219,14.119999885559082,14.324999809265137,13.885000228881836,159701,CMBT.BR,Tanker,2026-09-22
2023-07-31,8.918068885803223,14.890000343322754,14.375,15.100000381469727,14.3100004196167,345889,CMBT.BR,Tanker,2026-09-22
2023-08-01,8.882132530212402,14.829999923706055,14.944999694824219,15.095000267028809,14.765000343322754,151727,CMBT.BR,Tanker,2026-09-22
2023-08-02,8.810260772705078,14.710000038146973,14.704999923706055,14.854999542236328,14.5600004196167,192746,CMBT.BR,Tanker,2026-09-22
2023-08-03,9.289403915405273,15.510000228881836,15.119999885559082,15.5600004196167,15.0,258220,CMBT.BR,Tanker,2026-09-22
2023-08-04,9.406194686889648,15.704999923706055,15.850000381469727,16.31999969482422,15.399999618530273,533007,CMBT.BR,Tanker,2026-09-22
2023-08-07,9.265448570251465,15.470000267028809,15.694999694824219,15.770000457763672,15.329999923706055,179166,CMBT.BR,Tanker,2026-09-22
2023-08-08,9.508013725280762,15.875,15.449999809265137,15.875,15.25,311648,CMBT.BR,Tanker,2026-09-22
2023-08-09,9.588871002197266,16.010000228881836,15.8149995803833,16.15999984741211,15.675000190734863,282311,CMBT.BR,Tanker,2026-09-22
2023-08-10,9.639779090881348,16.094999313354492,16.040000915527344,16.21500015258789,15.725000381469727,222291,CMBT.BR,Tanker,2026-09-22
2023-08-11,9.678709983825684,16.15999984741211,15.9399995803833,16.229999542236328,15.930000305175781,178593,CMBT.BR,Tanker,2026-09-22
2023-08-14,9.660741806030273,16.1299991607666,16.09000015258789,16.350000381469727,16.049999237060547,237404,CMBT.BR,Tanker,2026-09-22
2023-08-15,9.714644432067871,16.219999313354492,16.25,16.68000030517578,16.165000915527344,265732,CMBT.BR,Tanker,2026-09-22
2023-08-16,9.933253288269043,16.584999084472656,16.139999389648438,16.844999313354492,16.139999389648438,525475,CMBT.BR,Tanker,2026-09-22
2023-08-17,9.98416519165039,16.670000076293945,16.420000076293945,16.709999084472656,16.420000076293945,284689,CMBT.BR,Tanker,2026-09-22
2023-08-18,10.020099639892578,16.729999542236328,16.649999618530273,16.885000228881836,16.385000228881836,277799,CMBT.BR,Tanker,2026-09-22
2023-08-21,10.07699966430664,16.825000762939453,16.81999969482422,17.190000534057617,16.59000015258789,218230,CMBT.BR,Tanker,2026-09-22
2023-08-22,10.139886856079102,16.93000030517578,16.860000610351562,17.084999084472656,16.764999389648438,113996,CMBT.BR,Tanker,2026-09-22
2023-08-23,9.942239761352539,16.600000381469727,16.850000381469727,16.950000762939453,16.389999389648438,171629,CMBT.BR,Tanker,2026-09-22
2023-08-24,10.056035995483398,16.790000915527344,16.65999984741211,16.969999313354492,16.655000686645508,141647,CMBT.BR,Tanker,2026-09-22
2023-08-25,9.948227882385254,16.610000610351562,16.690000534057617,16.799999237060547,16.530000686645508,127577,CMBT.BR,Tanker,2026-09-22
2023-08-28,10.059029579162598,16.795000076293945,16.700000762939453,16.985000610351562,16.700000762939453,167558,CMBT.BR,Tanker,2026-09-22
2023-08-29,9.870367050170898,16.479999542236328,16.56999969482422,16.704999923706055,16.329999923706055,178843,CMBT.BR,Tanker,2026-09-22
2023-08-30,9.756570816040039,16.290000915527344,16.454999923706055,16.600000381469727,16.19499969482422,145910,CMBT.BR,Tanker,2026-09-22
2023-08-31,9.639779090881348,16.094999313354492,16.200000762939453,16.299999237060547,16.014999389648438,566296,CMBT.BR,Tanker,2026-09-22
2023-09-01,9.367265701293945,15.640000343322754,16.0,16.024999618530273,15.625,158091,CMBT.BR,Tanker,2026-09-22
2023-09-04,9.448121070861816,15.774999618530273,15.890000343322754,15.989999771118164,15.744999885559082,125315,CMBT.BR,Tanker,2026-09-22
2023-09-05,9.199565887451172,15.359999656677246,15.664999961853027,15.770000457763672,15.300000190734863,309037,CMBT.BR,Tanker,2026-09-22
2023-09-06,9.259589195251465,14.654999732971191,14.789999961853027,14.789999961853027,14.545000076293945,185914,CMBT.BR,Tanker,2026-09-22
2023-09-07,9.117425918579102,14.430000305175781,14.5,14.5,14.225000381469727,187510,CMBT.BR,Tanker,2026-09-22
2023-09-08,9.09531307220459,14.395000457763672,14.3149995803833,14.475000381469727,14.140000343322754,134664,CMBT.BR,Tanker,2026-09-22
2023-09-11,9.003695487976074,14.25,14.510000228881836,14.675000190734863,14.199999809265137,202120,CMBT.BR,Tanker,2026-09-22
2023-09-12,9.139540672302246,14.46500015258789,14.279999732971191,14.539999961853027,14.079999923706055,145903,CMBT.BR,Tanker,2026-09-22
2023-09-13,8.972103118896484,14.199999809265137,14.385000228881836,14.404999732971191,14.145000457763672,115491,CMBT.BR,Tanker,2026-09-22
2023-09-14,9.212203025817871,14.579999923706055,14.225000381469727,14.829999923706055,14.225000381469727,170189,CMBT.BR,Tanker,2026-09-22
2023-09-15,9.3006591796875,14.720000267028809,14.520000457763672,14.824999809265137,14.414999961853027,869269,CMBT.BR,Tanker,2026-09-22
2023-09-18,9.461779594421387,14.975000381469727,14.819999694824219,15.25,14.710000038146973,177555,CMBT.BR,Tanker,2026-09-22
2023-09-19,9.679762840270996,15.319999694824219,15.430000305175781,15.6899995803833,15.3149995803833,193346,CMBT.BR,Tanker,2026-09-22
2023-09-20,9.837722778320312,15.569999694824219,15.25,15.619999885559082,15.180000305175781,157045,CMBT.BR,Tanker,2026-09-22
2023-09-21,9.837722778320312,15.569999694824219,15.385000228881836,15.819999694824219,15.385000228881836,139221,CMBT.BR,Tanker,2026-09-22
2023-09-22,10.257894515991211,16.235000610351562,16.0,16.829999923706055,15.920000076293945,532889,CMBT.BR,Tanker,2026-09-22
2023-09-25,10.223143577575684,16.18000030517578,16.235000610351562,16.2450008392334,15.90999984741211,215741,CMBT.BR,Tanker,2026-09-22
2023-09-26,10.406376838684082,16.469999313354492,16.125,16.600000381469727,15.989999771118164,350582,CMBT.BR,Tanker,2026-09-22
2023-09-27,10.526426315307617,16.65999984741211,16.405000686645508,16.90999984741211,16.309999465942383,256607,CMBT.BR,Tanker,2026-09-22
2023-09-28,10.29896354675293,16.299999237060547,16.614999771118164,16.735000610351562,16.145000457763672,167802,CMBT.BR,Tanker,2026-09-22
2023-09-29,9.705035209655762,15.359999656677246,16.424999237060547,16.71500015258789,14.829999923706055,1732921,CMBT.BR,Tanker,2026-09-22
2023-10-02,9.436505317687988,14.9350004196167,15.229999542236328,15.470000267028809,14.789999961853027,594418,CMBT.BR,Tanker,2026-09-22
2023-10-03,9.205883026123047,14.569999694824219,14.6899995803833,14.880000114440918,14.510000228881836,279135,CMBT.BR,Tanker,2026-09-22
2023-10-04,8.785711288452148,13.904999732971191,14.399999618530273,14.399999618530273,13.800000190734863,449571,CMBT.BR,Tanker,2026-09-22
2023-10-05,10.302123069763184,16.30500030517578,14.005000114440918,16.549999237060547,13.84000015258789,1840909,CMBT.BR,Tanker,2026-09-22
2023-10-06,10.302123069763184,16.30500030517578,16.329999923706055,16.6299991607666,16.25,776171,CMBT.BR,Tanker,2026-09-22
2023-10-09,10.564335823059082,16.719999313354492,16.579999923706055,16.899999618530273,16.579999923706055,836957,CMBT.BR,Tanker,2026-09-22
2023-10-10,10.545381546020508,16.690000534057617,16.594999313354492,16.7450008392334,16.540000915527344,625729,CMBT.BR,Tanker,2026-09-22
2023-10-11,10.5516996383667,16.700000762939453,16.649999618530273,16.75,16.600000381469727,1376612,CMBT.BR,Tanker,2026-09-22
2023-10-12,10.703341484069824,16.940000534057617,16.71500015258789,16.940000534057617,16.649999618530273,776486,CMBT.BR,Tanker,2026-09-22
2023-10-13,10.747570037841797,17.010000228881836,16.850000381469727,17.020000457763672,16.770000457763672,582563,CMBT.BR,Tanker,2026-09-22
2023-10-16,10.646474838256836,16.850000381469727,17.0,17.0,16.80500030517578,502907,CMBT.BR,Tanker,2026-09-22
2023-10-17,10.662270545959473,16.875,16.795000076293945,16.969999313354492,16.770000457763672,265121,CMBT.BR,Tanker,2026-09-22
2023-10-18,10.681227684020996,16.905000686645508,16.80500030517578,16.90999984741211,16.770000457763672,353492,CMBT.BR,Tanker,2026-09-22
2023-10-19,10.636998176574707,16.834999084472656,16.8700008392334,16.90999984741211,16.795000076293945,278707,CMBT.BR,Tanker,2026-09-22
2023-10-20,10.605406761169434,16.78499984741211,16.850000381469727,16.875,16.770000457763672,328114,CMBT.BR,Tanker,2026-09-22
2023-10-23,10.583292007446289,16.75,16.7549991607666,16.8700008392334,16.71500015258789,409738,CMBT.BR,Tanker,2026-09-22
2023-10-24,10.662270545959473,16.875,16.729999542236328,16.889999389648438,16.68000030517578,424960,CMBT.BR,Tanker,2026-09-22
2023-10-25,10.633837699890137,16.829999923706055,16.899999618530273,16.90999984741211,16.80500030517578,222504,CMBT.BR,Tanker,2026-09-22
2023-10-26,10.684385299682617,16.90999984741211,16.899999618530273,16.90999984741211,16.8700008392334,335755,CMBT.BR,Tanker,2026-09-22
2023-10-27,10.62120246887207,16.809999465942383,16.90999984741211,16.940000534057617,16.809999465942383,176037,CMBT.BR,Tanker,2026-09-22
2023-10-30,10.62120246887207,16.809999465942383,16.854999542236328,16.950000762939453,16.760000228881836,176527,CMBT.BR,Tanker,2026-09-22
2023-10-31,10.671748161315918,16.889999389648438,16.7450008392334,16.895000457763672,16.700000762939453,316521,CMBT.BR,Tanker,2026-09-22
2023-11-01,10.763365745544434,17.03499984741211,16.854999542236328,17.040000915527344,16.809999465942383,166177,CMBT.BR,Tanker,2026-09-22
2023-11-02,10.731773376464844,16.985000610351562,17.049999237060547,17.100000381469727,16.78499984741211,348977,CMBT.BR,Tanker,2026-09-22
2023-11-03,10.608565330505371,16.790000915527344,16.885000228881836,16.975000381469727,16.790000915527344,403913,CMBT.BR,Tanker,2026-09-22
2023-11-06,10.564335823059082,16.719999313354492,16.799999237060547,16.829999923706055,16.704999923706055,198187,CMBT.BR,Tanker,2026-09-22
2023-11-07,10.55801773071289,16.709999084472656,16.700000762939453,16.799999237060547,16.549999237060547,294678,CMBT.BR,Tanker,2026-09-22
2023-11-08,10.583292007446289,16.75,16.649999618530273,16.860000610351562,16.649999618530273,273248,CMBT.BR,Tanker,2026-09-22
2023-11-09,10.595929145812988,16.770000457763672,16.704999923706055,16.84000015258789,16.700000762939453,245794,CMBT.BR,Tanker,2026-09-22
2023-11-10,10.633837699890137,16.829999923706055,16.770000457763672,16.895000457763672,16.770000457763672,164347,CMBT.BR,Tanker,2026-09-22
2023-11-13,10.611723899841309,16.795000076293945,16.700000762939453,16.8700008392334,16.700000762939453,155444,CMBT.BR,Tanker,2026-09-22
2023-11-14,10.475879669189453,16.579999923706055,16.790000915527344,16.790000915527344,16.575000762939453,551417,CMBT.BR,Tanker,2026-09-22
2023-11-15,10.494834899902344,16.610000610351562,16.549999237060547,16.719999313354492,16.549999237060547,178386,CMBT.BR,Tanker,2026-09-22
2023-11-16,10.450606346130371,16.540000915527344,16.55500030517578,16.579999923706055,16.459999084472656,213087,CMBT.BR,Tanker,2026-09-22
2023-11-17,10.4600830078125,16.55500030517578,16.55500030517578,16.625,16.485000610351562,301040,CMBT.BR,Tanker,2026-09-22
2023-11-20,10.400057792663574,16.459999084472656,16.440000534057617,16.610000610351562,16.415000915527344,170547,CMBT.BR,Tanker,2026-09-22
2023-11-21,10.425332069396973,16.5,16.389999389648438,16.5049991607666,16.360000610351562,180469,CMBT.BR,Tanker,2026-09-22
2023-11-22,10.488515853881836,16.600000381469727,16.559999465942383,16.6200008392334,16.420000076293945,126017,CMBT.BR,Tanker,2026-09-22
2023-11-23,10.507471084594727,16.6299991607666,16.674999237060547,16.704999923706055,16.559999465942383,72123,CMBT.BR,Tanker,2026-09-22
2023-11-24,10.494834899902344,16.610000610351562,16.690000534057617,16.690000534057617,16.584999084472656,85407,CMBT.BR,Tanker,2026-09-22
2023-11-27,10.463241577148438,16.559999465942383,16.524999618530273,16.594999313354492,16.520000457763672,138655,CMBT.BR,Tanker,2026-09-22
2023-11-28,10.42849063873291,16.5049991607666,16.5,16.584999084472656,16.489999771118164,121999,CMBT.BR,Tanker,2026-09-22
2023-11-29,10.333714485168457,16.354999542236328,16.46500015258789,16.46500015258789,16.270000457763672,227624,CMBT.BR,Tanker,2026-09-22
2023-11-30,10.362149238586426,16.399999618530273,16.25,16.5,16.25,568982,CMBT.BR,Tanker,2026-09-22
2023-12-01,10.44428825378418,16.530000686645508,16.450000762939453,16.579999923706055,16.415000915527344,169455,CMBT.BR,Tanker,2026-09-22
2023-12-04,10.52010726928711,16.649999618530273,16.479999542236328,16.649999618530273,16.440000534057617,186653,CMBT.BR,Tanker,2026-09-22
2023-12-05,10.532745361328125,16.670000076293945,16.649999618530273,16.670000076293945,16.545000076293945,203898,CMBT.BR,Tanker,2026-09-22
2023-12-06,10.510629653930664,16.635000228881836,16.610000610351562,16.729999542236328,16.610000610351562,152167,CMBT.BR,Tanker,2026-09-22
2023-12-07,10.52010726928711,16.649999618530273,16.649999618530273,16.719999313354492,16.614999771118164,207237,CMBT.BR,Tanker,2026-09-22
2023-12-08,10.542221069335938,16.684999465942383,16.6299991607666,16.7450008392334,16.59000015258789,147204,CMBT.BR,Tanker,2026-09-22
2023-12-11,10.554858207702637,16.704999923706055,16.68000030517578,16.719999313354492,16.645000457763672,213039,CMBT.BR,Tanker,2026-09-22
2023-12-12,10.607192039489746,16.21500015258789,16.2549991607666,16.2549991607666,16.104999542236328,152240,CMBT.BR,Tanker,2026-09-22
2023-12-13,10.607192039489746,16.21500015258789,16.110000610351562,16.225000381469727,16.110000610351562,92923,CMBT.BR,Tanker,2026-09-22
2023-12-14,10.397860527038574,15.895000457763672,16.1299991607666,16.174999237060547,15.895000457763672,177230,CMBT.BR,Tanker,2026-09-22
2023-12-15,10.486172676086426,16.030000686645508,15.805000305175781,16.084999084472656,15.805000305175781,256236,CMBT.BR,Tanker,2026-09-22
2023-12-18,10.55812931060791,16.139999389648438,16.0,16.204999923706055,16.0,273182,CMBT.BR,Tanker,2026-09-22
2023-12-19,10.495983123779297,16.045000076293945,16.075000762939453,16.084999084472656,15.970000267028809,111997,CMBT.BR,Tanker,2026-09-22
2023-12-20,10.492713928222656,16.040000915527344,16.05500030517578,16.145000457763672,15.96500015258789,193852,CMBT.BR,Tanker,2026-09-22
2023-12-21,10.492713928222656,16.040000915527344,15.9399995803833,16.06999969482422,15.9399995803833,143811,CMBT.BR,Tanker,2026-09-22
2023-12-22,10.525421142578125,16.09000015258789,16.09000015258789,16.100000381469727,16.0049991607666,48856,CMBT.BR,Tanker,2026-09-22
2023-12-27,10.371694564819336,15.854999542236328,16.100000381469727,16.114999771118164,15.824999809265137,107549,CMBT.BR,Tanker,2026-09-22
2023-12-28,10.401130676269531,15.899999618530273,15.890000343322754,15.930000305175781,15.789999961853027,131676,CMBT.BR,Tanker,2026-09-22
2023-12-29,10.446922302246094,15.970000267028809,15.824999809265137,15.970000267028809,15.8149995803833,49674,CMBT.BR,Tanker,2026-09-22
2024-01-02,10.489442825317383,16.03499984741211,16.0049991607666,16.094999313354492,16.0,73602,CMBT.BR,Tanker,2026-09-22
2024-01-03,10.538504600524902,16.110000610351562,16.100000381469727,16.170000076293945,15.975000381469727,84705,CMBT.BR,Tanker,2026-09-22
2024-01-04,10.492713928222656,16.040000915527344,16.06999969482422,16.219999313354492,16.040000915527344,133235,CMBT.BR,Tanker,2026-09-22
2024-01-05,10.479630470275879,16.020000457763672,15.960000038146973,16.125,15.960000038146973,227997,CMBT.BR,Tanker,2026-09-22
2024-01-08,10.50906753540039,16.065000534057617,16.020000457763672,16.125,16.020000457763672,229390,CMBT.BR,Tanker,2026-09-22
2024-01-09,10.545045852661133,16.1200008392334,16.05500030517578,16.155000686645508,16.05500030517578,123528,CMBT.BR,Tanker,2026-09-22
2024-01-10,10.522150039672852,16.084999084472656,16.040000915527344,16.190000534057617,16.040000915527344,108057,CMBT.BR,Tanker,2026-09-22
2024-01-11,10.515609741210938,16.075000762939453,16.05500030517578,16.094999313354492,16.010000228881836,111275,CMBT.BR,Tanker,2026-09-22
2024-01-12,10.489442825317383,16.03499984741211,16.09000015258789,16.100000381469727,16.0049991607666,129474,CMBT.BR,Tanker,2026-09-22
2024-01-15,10.538504600524902,16.110000610351562,16.094999313354492,16.139999389648438,16.065000534057617,56019,CMBT.BR,Tanker,2026-09-22
2024-01-16,10.577754020690918,16.170000076293945,16.030000686645508,16.21500015258789,16.030000686645508,115342,CMBT.BR,Tanker,2026-09-22
2024-01-17,10.62354564666748,16.239999771118164,16.049999237060547,16.239999771118164,16.049999237060547,147400,CMBT.BR,Tanker,2026-09-22
2024-01-18,10.610461235046387,16.219999313354492,16.25,16.25,16.135000228881836,70424,CMBT.BR,Tanker,2026-09-22
2024-01-19,10.577754020690918,16.170000076293945,16.104999542236328,16.21500015258789,16.104999542236328,46818,CMBT.BR,Tanker,2026-09-22
2024-01-22,10.590837478637695,16.190000534057617,16.104999542236328,16.19499969482422,16.104999542236328,44161,CMBT.BR,Tanker,2026-09-22
2024-01-23,10.66279411315918,16.299999237060547,16.18000030517578,16.299999237060547,16.100000381469727,105621,CMBT.BR,Tanker,2026-09-22
2024-01-24,10.62354564666748,16.239999771118164,16.190000534057617,16.270000457763672,16.145000457763672,64654,CMBT.BR,Tanker,2026-09-22
2024-01-25,10.643170356750488,16.270000457763672,16.274999618530273,16.280000686645508,16.145000457763672,89545,CMBT.BR,Tanker,2026-09-22
2024-01-26,10.61373233795166,16.225000381469727,16.280000686645508,16.334999084472656,16.209999084472656,189158,CMBT.BR,Tanker,2026-09-22
2024-01-29,10.702044486999512,16.360000610351562,16.229999542236328,16.375,16.229999542236328,105366,CMBT.BR,Tanker,2026-09-22
2024-01-30,10.649711608886719,16.280000686645508,16.3799991607666,16.3799991607666,16.25,88167,CMBT.BR,Tanker,2026-09-22
2024-01-31,10.66279411315918,16.299999237060547,16.239999771118164,16.360000610351562,16.229999542236328,177947,CMBT.BR,Tanker,2026-09-22
2024-02-01,10.711856842041016,16.375,16.3700008392334,16.53499984741211,16.344999313354492,266536,CMBT.BR,Tanker,2026-09-22
2024-02-02,10.770730972290039,16.46500015258789,16.30500030517578,16.46500015258789,16.25,134280,CMBT.BR,Tanker,2026-09-22
2024-02-05,10.819792747497559,16.540000915527344,16.459999084472656,16.545000076293945,16.459999084472656,141895,CMBT.BR,Tanker,2026-09-22
2024-02-06,10.79362678527832,16.5,16.434999465942383,16.549999237060547,16.350000381469727,108085,CMBT.BR,Tanker,2026-09-22
2024-02-07,10.79362678527832,16.5,16.350000381469727,16.5049991607666,16.350000381469727,83838,CMBT.BR,Tanker,2026-09-22
2024-02-08,10.796896934509277,16.5049991607666,16.520000457763672,16.540000915527344,16.3799991607666,105748,CMBT.BR,Tanker,2026-09-22
2024-02-09,10.787084579467773,16.489999771118164,16.405000686645508,16.524999618530273,16.399999618530273,57566,CMBT.BR,Tanker,2026-09-22
2024-02-12,10.800168991088867,16.510000228881836,16.399999618530273,16.545000076293945,16.399999618530273,236475,CMBT.BR,Tanker,2026-09-22
2024-02-13,10.852500915527344,16.59000015258789,16.510000228881836,16.645000457763672,16.5,258828,CMBT.BR,Tanker,2026-09-22
2024-02-14,10.84268856048584,16.575000762939453,16.59000015258789,16.684999465942383,16.55500030517578,125274,CMBT.BR,Tanker,2026-09-22
2024-02-15,10.770730972290039,16.46500015258789,16.46500015258789,16.575000762939453,16.334999084472656,160823,CMBT.BR,Tanker,2026-09-22
2024-02-16,10.767459869384766,16.459999084472656,16.5,16.584999084472656,16.440000534057617,99285,CMBT.BR,Tanker,2026-09-22
2024-02-19,10.751106262207031,16.434999465942383,16.399999618530273,16.489999771118164,16.3700008392334,94115,CMBT.BR,Tanker,2026-09-22
2024-02-20,10.760917663574219,16.450000762939453,16.364999771118164,16.46500015258789,16.30500030517578,187453,CMBT.BR,Tanker,2026-09-22
2024-02-21,10.751106262207031,16.434999465942383,16.489999771118164,16.549999237060547,16.420000076293945,130914,CMBT.BR,Tanker,2026-09-22
2024-02-22,10.711856842041016,16.375,16.43000030517578,16.440000534057617,16.375,103836,CMBT.BR,Tanker,2026-09-22
2024-02-23,10.715126991271973,16.3799991607666,16.34000015258789,16.420000076293945,16.184999465942383,82376,CMBT.BR,Tanker,2026-09-22
2024-02-26,10.682419776916504,16.329999923706055,16.350000381469727,16.43000030517578,16.329999923706055,120304,CMBT.BR,Tanker,2026-09-22
2024-02-27,10.702044486999512,16.360000610351562,16.299999237060547,16.389999389648438,16.299999237060547,96323,CMBT.BR,Tanker,2026-09-22
2024-02-28,10.698772430419922,16.354999542236328,16.325000762939453,16.399999618530273,16.295000076293945,101780,CMBT.BR,Tanker,2026-09-22
2024-02-29,10.692232131958008,16.344999313354492,16.30500030517578,16.375,16.25,110310,CMBT.BR,Tanker,2026-09-22
2024-03-01,10.698772430419922,16.354999542236328,16.354999542236328,16.43000030517578,16.344999313354492,103699,CMBT.BR,Tanker,2026-09-22
2024-03-04,10.66279411315918,16.299999237060547,16.325000762939453,16.375,16.299999237060547,196524,CMBT.BR,Tanker,2026-09-22
2024-03-05,10.679149627685547,16.325000762939453,16.28499984741211,16.420000076293945,16.28499984741211,77354,CMBT.BR,Tanker,2026-09-22
2024-03-06,10.633356094360352,16.2549991607666,16.329999923706055,16.375,16.25,58889,CMBT.BR,Tanker,2026-09-22
2024-03-07,10.66606616973877,16.30500030517578,16.299999237060547,16.389999389648438,16.280000686645508,100056,CMBT.BR,Tanker,2026-09-22
2024-03-08,10.62354564666748,16.239999771118164,16.329999923706055,16.375,16.209999084472656,49426,CMBT.BR,Tanker,2026-09-22
2024-03-11,10.65625286102295,16.290000915527344,16.219999313354492,16.30500030517578,16.19499969482422,59095,CMBT.BR,Tanker,2026-09-22
2024-03-12,10.682419776916504,16.329999923706055,16.2549991607666,16.344999313354492,16.25,90671,CMBT.BR,Tanker,2026-09-22
2024-03-13,10.630086898803711,16.25,16.270000457763672,16.389999389648438,16.19499969482422,141517,CMBT.BR,Tanker,2026-09-22
2024-03-14,10.66279411315918,16.299999237060547,16.200000762939453,16.344999313354492,16.200000762939453,61575,CMBT.BR,Tanker,2026-09-22
2024-03-15,10.204883575439453,15.600000381469727,16.200000762939453,16.334999084472656,15.600000381469727,756136,CMBT.BR,Tanker,2026-09-22
2024-03-18,9.27597713470459,14.180000305175781,15.600000381469727,15.600000381469727,14.149999618530273,424189,CMBT.BR,Tanker,2026-09-22
2024-03-19,9.298872947692871,14.21500015258789,14.100000381469727,14.484999656677246,13.404999732971191,235633,CMBT.BR,Tanker,2026-09-22
2024-03-20,8.530235290527344,13.039999961853027,14.0,14.0,12.694999694824219,533466,CMBT.BR,Tanker,2026-09-22
2024-03-21,9.132062911987305,13.960000038146973,14.119999885559082,14.119999885559082,13.600000381469727,4888832,CMBT.BR,Tanker,2026-09-22
2024-03-22,9.877803802490234,15.100000381469727,15.079999923706055,15.100000381469727,14.779999732971191,480961,CMBT.BR,Tanker,2026-09-22
2024-03-25,9.81238842010498,15.0,14.869999885559082,15.0,14.760000228881836,417087,CMBT.BR,Tanker,2026-09-22
2024-03-26,9.930136680603027,15.180000305175781,14.944999694824219,15.180000305175781,14.944999694824219,386703,CMBT.BR,Tanker,2026-09-22
2024-03-27,9.877803802490234,15.100000381469727,15.100000381469727,15.194999694824219,15.039999961853027,157897,CMBT.BR,Tanker,2026-09-22
2024-03-28,10.041342735290527,15.350000381469727,15.380000114440918,15.380000114440918,15.100000381469727,182518,CMBT.BR,Tanker,2026-09-22
2024-04-02,10.139467239379883,15.5,15.329999923706055,15.529999732971191,15.329999923706055,133757,CMBT.BR,Tanker,2026-09-22
2024-04-03,10.139467239379883,15.5,15.5,15.609999656677246,15.470000267028809,97408,CMBT.BR,Tanker,2026-09-22
2024-04-04,10.263757705688477,15.6899995803833,15.579999923706055,15.720000267028809,15.579999923706055,91607,CMBT.BR,Tanker,2026-09-22
2024-04-05,10.303007125854492,15.75,15.600000381469727,15.819999694824219,15.600000381469727,73029,CMBT.BR,Tanker,2026-09-22
2024-04-08,10.178716659545898,15.5600004196167,15.569999694824219,15.800000190734863,15.5600004196167,44367,CMBT.BR,Tanker,2026-09-22
2024-04-09,10.093676567077637,15.430000305175781,15.550000190734863,15.619999885559082,15.319999694824219,54971,CMBT.BR,Tanker,2026-09-22
2024-04-10,9.98246955871582,15.260000228881836,15.300000190734863,15.420000076293945,15.260000228881836,297938,CMBT.BR,Tanker,2026-09-22
2024-04-11,10.03480339050293,15.34000015258789,15.300000190734863,15.430000305175781,15.279999732971191,71251,CMBT.BR,Tanker,2026-09-22
2024-04-12,10.106760025024414,15.449999809265137,15.399999618530273,15.649999618530273,15.359999656677246,100824,CMBT.BR,Tanker,2026-09-22
2024-04-15,10.028261184692383,15.329999923706055,15.25,15.4399995803833,15.25,57293,CMBT.BR,Tanker,2026-09-22
2024-04-16,9.975927352905273,15.25,15.25,15.600000381469727,15.170000076293945,59875,CMBT.BR,Tanker,2026-09-22
2024-04-17,10.126384735107422,15.479999542236328,15.25,15.640000343322754,15.25,30839,CMBT.BR,Tanker,2026-09-22
2024-04-18,9.98246955871582,15.260000228881836,15.399999618530273,15.460000038146973,15.260000228881836,29779,CMBT.BR,Tanker,2026-09-22
2024-04-19,10.060967445373535,15.380000114440918,15.199999809265137,15.390000343322754,15.069999694824219,59888,CMBT.BR,Tanker,2026-09-22
2024-04-22,10.008635520935059,15.300000190734863,15.180000305175781,15.40999984741211,15.180000305175781,24422,CMBT.BR,Tanker,2026-09-22
2024-04-23,10.047884941101074,15.359999656677246,15.449999809265137,15.449999809265137,15.300000190734863,25364,CMBT.BR,Tanker,2026-09-22
2024-04-24,10.172175407409668,15.550000190734863,15.369999885559082,15.59000015258789,15.369999885559082,23581,CMBT.BR,Tanker,2026-09-22
2024-04-25,10.15255069732666,15.520000457763672,15.489999771118164,15.539999961853027,15.319999694824219,43784,CMBT.BR,Tanker,2026-09-22
2024-04-26,10.381505966186523,15.869999885559082,15.529999732971191,15.890000343322754,15.529999732971191,58088,CMBT.BR,Tanker,2026-09-22
2024-04-29,10.2506742477417,15.670000076293945,15.890000343322754,15.899999618530273,15.670000076293945,43851,CMBT.BR,Tanker,2026-09-22
2024-04-30,10.204883575439453,15.600000381469727,15.640000343322754,15.8100004196167,15.600000381469727,40265,CMBT.BR,Tanker,2026-09-22
2024-05-02,10.224507331848145,15.630000114440918,15.770000457763672,15.770000457763672,15.59000015258789,37295,CMBT.BR,Tanker,2026-09-22
2024-05-03,10.2833833694458,15.720000267028809,15.699999809265137,15.880000114440918,15.680000305175781,35658,CMBT.BR,Tanker,2026-09-22
2024-05-06,10.303007125854492,15.75,15.819999694824219,15.84000015258789,15.720000267028809,35667,CMBT.BR,Tanker,2026-09-22
2024-05-07,10.492713928222656,16.040000915527344,15.75,16.049999237060547,15.75,56494,CMBT.BR,Tanker,2026-09-22
2024-05-08,11.310413360595703,17.290000915527344,16.489999771118164,17.290000915527344,16.440000534057617,305641,CMBT.BR,Tanker,2026-09-22
2024-05-09,11.545909881591797,17.649999618530273,17.25,17.65999984741211,17.1200008392334,107821,CMBT.BR,Tanker,2026-09-22
2024-05-10,11.866447448730469,18.139999389648438,17.850000381469727,18.15999984741211,17.780000686645508,107951,CMBT.BR,Tanker,2026-09-22
2024-05-13,11.8729887008667,18.149999618530273,18.100000381469727,18.25,17.520000457763672,116669,CMBT.BR,Tanker,2026-09-22
2024-05-14,12.101944923400879,18.5,18.149999618530273,18.5,18.030000686645508,52598,CMBT.BR,Tanker,2026-09-22
2024-05-15,12.18044662475586,18.6200008392334,18.40999984741211,18.729999542236328,18.40999984741211,64455,CMBT.BR,Tanker,2026-09-22
2024-05-16,12.226235389709473,18.690000534057617,18.600000381469727,18.979999542236328,18.450000762939453,58524,CMBT.BR,Tanker,2026-09-22
2024-05-17,12.370149612426758,18.90999984741211,18.979999542236328,19.06999969482422,18.809999465942383,60093,CMBT.BR,Tanker,2026-09-22
2024-05-20,12.592564582824707,19.25,18.989999771118164,19.399999618530273,18.8700008392334,75614,CMBT.BR,Tanker,2026-09-22
2024-05-21,12.533690452575684,19.15999984741211,19.280000686645508,19.459999084472656,19.100000381469727,67051,CMBT.BR,Tanker,2026-09-22
2024-05-22,12.894495010375977,15.010000228881836,15.1899995803833,15.949999809265137,15.010000228881836,239412,CMBT.BR,Tanker,2026-09-22
2024-05-23,12.748456001281738,14.84000015258789,15.0,15.029999732971191,14.720000267028809,107844,CMBT.BR,Tanker,2026-09-22
2024-05-24,12.842951774597168,14.949999809265137,14.9399995803833,15.029999732971191,14.649999618530273,55172,CMBT.BR,Tanker,2026-09-22
2024-05-27,13.057716369628906,15.199999809265137,15.0,15.210000038146973,14.949999809265137,36592,CMBT.BR,Tanker,2026-09-22
2024-05-28,12.714094161987305,14.800000190734863,15.199999809265137,15.199999809265137,14.779999732971191,45059,CMBT.BR,Tanker,2026-09-22
2024-05-29,12.628186225891113,14.699999809265137,14.75,14.84000015258789,14.59000015258789,48121,CMBT.BR,Tanker,2026-09-22
2024-05-30,12.825770378112793,14.930000305175781,14.800000190734863,14.930000305175781,14.739999771118164,46132,CMBT.BR,Tanker,2026-09-22
2024-05-31,13.049126625061035,15.1899995803833,14.960000038146973,15.25,14.930000305175781,72494,CMBT.BR,Tanker,2026-09-22
2024-06-03,13.452884674072266,15.65999984741211,15.199999809265137,15.670000076293945,15.15999984741211,118768,CMBT.BR,Tanker,2026-09-22
2024-06-04,13.238120079040527,15.40999984741211,15.630000114440918,15.65999984741211,15.40999984741211,62937,CMBT.BR,Tanker,2026-09-22
2024-06-05,12.980401992797852,15.109999656677246,15.300000190734863,15.369999885559082,15.0,69497,CMBT.BR,Tanker,2026-09-22
2024-06-06,12.894495010375977,15.010000228881836,15.229999542236328,15.34000015258789,15.010000228881836,32544,CMBT.BR,Tanker,2026-09-22
2024-06-07,12.920267105102539,15.039999961853027,14.930000305175781,15.079999923706055,14.8100004196167,46826,CMBT.BR,Tanker,2026-09-22
2024-06-10,12.954629898071289,15.079999923706055,15.079999923706055,15.119999885559082,14.949999809265137,26055,CMBT.BR,Tanker,2026-09-22
2024-06-11,12.645368576049805,14.720000267028809,15.020000457763672,15.109999656677246,14.609999656677246,86848,CMBT.BR,Tanker,2026-09-22
2024-06-12,12.473557472229004,14.520000457763672,14.720000267028809,14.770000457763672,14.420000076293945,40293,CMBT.BR,Tanker,2026-09-22
2024-06-13,12.310335159301758,14.329999923706055,14.520000457763672,14.59000015258789,14.289999961853027,28418,CMBT.BR,Tanker,2026-09-22
2024-06-14,12.241609573364258,14.25,14.470000267028809,14.479999542236328,14.1899995803833,29117,CMBT.BR,Tanker,2026-09-22
2024-06-17,12.396241188049316,14.430000305175781,14.199999809265137,14.460000038146973,14.109999656677246,43549,CMBT.BR,Tanker,2026-09-22
2024-06-18,12.224428176879883,14.229999542236328,14.520000457763672,14.720000267028809,14.229999542236328,33333,CMBT.BR,Tanker,2026-09-22
2024-06-19,12.224428176879883,14.229999542236328,14.279999732971191,14.329999923706055,14.229999542236328,9569,CMBT.BR,Tanker,2026-09-22
2024-06-20,12.456375122070312,14.5,14.359999656677246,14.5,14.260000228881836,42815,CMBT.BR,Tanker,2026-09-22
2024-06-21,12.542281150817871,14.600000381469727,14.630000114440918,14.75,14.539999961853027,84846,CMBT.BR,Tanker,2026-09-22
2024-06-24,12.877314567565918,14.989999771118164,14.649999618530273,15.109999656677246,14.649999618530273,32412,CMBT.BR,Tanker,2026-09-22
2024-06-25,13.023353576660156,15.15999984741211,15.100000381469727,15.34000015258789,15.079999923706055,28936,CMBT.BR,Tanker,2026-09-22
2024-06-26,13.177986145019531,15.34000015258789,15.319999694824219,15.479999542236328,15.15999984741211,41799,CMBT.BR,Tanker,2026-09-22
2024-06-27,13.16080379486084,15.319999694824219,15.3100004196167,15.600000381469727,15.239999771118164,26446,CMBT.BR,Tanker,2026-09-22
2024-06-28,13.203757286071777,15.369999885559082,15.4399995803833,15.470000267028809,15.270000457763672,19533,CMBT.BR,Tanker,2026-09-22
2024-07-01,13.212347984313965,15.380000114440918,15.65999984741211,15.65999984741211,15.369999885559082,43424,CMBT.BR,Tanker,2026-09-22
2024-07-02,13.315434455871582,15.5,15.5,15.640000343322754,15.390000343322754,24402,CMBT.BR,Tanker,2026-09-22
2024-07-03,13.341207504272461,15.529999732971191,15.550000190734863,15.729999542236328,15.5,29806,CMBT.BR,Tanker,2026-09-22
2024-07-04,13.315434455871582,15.5,15.720000267028809,15.720000267028809,15.479999542236328,32971,CMBT.BR,Tanker,2026-09-22
2024-07-05,13.427112579345703,15.630000114440918,15.710000038146973,15.729999542236328,15.399999618530273,44494,CMBT.BR,Tanker,2026-09-22
2024-07-08,13.504427909851074,15.720000267028809,15.880000114440918,15.970000267028809,15.65999984741211,110331,CMBT.BR,Tanker,2026-09-22
2024-07-09,13.624920845031738,14.699999809265137,15.199999809265137,15.199999809265137,14.5,148217,CMBT.BR,Tanker,2026-09-22
2024-07-10,14.097622871398926,15.210000038146973,14.699999809265137,15.34000015258789,14.470000267028809,51063,CMBT.BR,Tanker,2026-09-22
2024-07-11,13.801025390625,14.890000343322754,15.34000015258789,15.34000015258789,14.75,59043,CMBT.BR,Tanker,2026-09-22
2024-07-12,13.801025390625,14.890000343322754,14.890000343322754,15.050000190734863,14.8100004196167,48136,CMBT.BR,Tanker,2026-09-22
2024-07-15,13.6712646484375,14.75,14.800000190734863,14.970000267028809,14.569999694824219,19116,CMBT.BR,Tanker,2026-09-22
2024-07-16,13.652727127075195,14.729999542236328,14.600000381469727,14.869999885559082,14.40999984741211,43867,CMBT.BR,Tanker,2026-09-22
2024-07-17,13.754682540893555,14.84000015258789,14.949999809265137,15.039999961853027,14.819999694824219,32493,CMBT.BR,Tanker,2026-09-22
2024-07-18,13.77322006225586,14.859999656677246,14.899999618530273,15.050000190734863,14.8100004196167,11045,CMBT.BR,Tanker,2026-09-22
2024-07-19,13.949323654174805,15.050000190734863,14.760000228881836,15.079999923706055,14.760000228881836,18170,CMBT.BR,Tanker,2026-09-22
2024-07-22,14.227384567260742,15.350000381469727,14.930000305175781,15.4399995803833,14.930000305175781,26522,CMBT.BR,Tanker,2026-09-22
2024-07-23,14.088353157043457,15.199999809265137,15.380000114440918,15.5600004196167,15.199999809265137,26278,CMBT.BR,Tanker,2026-09-22
2024-07-24,14.125428199768066,15.239999771118164,15.300000190734863,15.5,15.039999961853027,23682,CMBT.BR,Tanker,2026-09-22
2024-07-25,14.069816589355469,15.180000305175781,15.239999771118164,15.390000343322754,15.15999984741211,22011,CMBT.BR,Tanker,2026-09-22
2024-07-26,14.199576377868652,15.319999694824219,15.399999618530273,15.680000305175781,15.260000228881836,45420,CMBT.BR,Tanker,2026-09-22
2024-07-29,14.431293487548828,15.569999694824219,15.449999809265137,15.850000381469727,15.430000305175781,56895,CMBT.BR,Tanker,2026-09-22
2024-07-30,14.848383903503418,16.020000457763672,15.6899995803833,16.100000381469727,15.6899995803833,49380,CMBT.BR,Tanker,2026-09-22
2024-07-31,15.385965347290039,16.600000381469727,16.200000762939453,16.65999984741211,16.1299991607666,55431,CMBT.BR,Tanker,2026-09-22
2024-08-01,15.033756256103516,16.219999313354492,16.559999465942383,16.899999618530273,16.190000534057617,57064,CMBT.BR,Tanker,2026-09-22
2024-08-02,14.431293487548828,15.569999694824219,16.399999618530273,16.6299991607666,15.520000457763672,30927,CMBT.BR,Tanker,2026-09-22
2024-08-05,13.96786117553711,15.069999694824219,15.420000076293945,15.539999961853027,14.619999885559082,77931,CMBT.BR,Tanker,2026-09-22
2024-08-06,14.199576377868652,15.319999694824219,15.069999694824219,15.489999771118164,15.0,25343,CMBT.BR,Tanker,2026-09-22
2024-08-07,14.375682830810547,15.510000228881836,15.319999694824219,15.619999885559082,15.260000228881836,14018,CMBT.BR,Tanker,2026-09-22
2024-08-08,14.338608741760254,15.470000267028809,15.619999885559082,15.649999618530273,15.210000038146973,13832,CMBT.BR,Tanker,2026-09-22
2024-08-09,14.338608741760254,15.470000267028809,15.5,15.710000038146973,15.300000190734863,40625,CMBT.BR,Tanker,2026-09-22
2024-08-12,14.357144355773926,15.489999771118164,15.34000015258789,15.779999732971191,15.119999885559082,62327,CMBT.BR,Tanker,2026-09-22
2024-08-13,14.236652374267578,15.359999656677246,15.489999771118164,15.779999732971191,15.300000190734863,59238,CMBT.BR,Tanker,2026-09-22
2024-08-14,14.171772003173828,15.289999961853027,15.359999656677246,15.489999771118164,15.229999542236328,17514,CMBT.BR,Tanker,2026-09-22
2024-08-15,14.301532745361328,15.430000305175781,15.609999656677246,15.609999656677246,15.350000381469727,16063,CMBT.BR,Tanker,2026-09-22
2024-08-16,14.208846092224121,15.329999923706055,15.550000190734863,15.550000190734863,15.270000457763672,17593,CMBT.BR,Tanker,2026-09-22
2024-08-19,13.96786117553711,15.069999694824219,15.449999809265137,15.449999809265137,14.920000076293945,35777,CMBT.BR,Tanker,2026-09-22
2024-08-20,13.791756629943848,14.880000114440918,15.220000267028809,15.220000267028809,14.829999923706055,20251,CMBT.BR,Tanker,2026-09-22
2024-08-21,13.801025390625,14.890000343322754,14.8100004196167,14.960000038146973,14.8100004196167,10714,CMBT.BR,Tanker,2026-09-22
2024-08-22,13.624920845031738,14.699999809265137,14.800000190734863,14.8100004196167,14.550000190734863,36099,CMBT.BR,Tanker,2026-09-22
2024-08-23,13.615652084350586,14.6899995803833,14.539999961853027,14.779999732971191,14.390000343322754,34502,CMBT.BR,Tanker,2026-09-22
2024-08-26,13.560041427612305,14.630000114440918,14.600000381469727,14.789999961853027,14.430000305175781,40970,CMBT.BR,Tanker,2026-09-22
2024-08-27,13.64345932006836,14.720000267028809,14.600000381469727,14.920000076293945,14.600000381469727,39333,CMBT.BR,Tanker,2026-09-22
2024-08-28,13.504427909851074,14.569999694824219,14.979999542236328,14.979999542236328,14.550000190734863,44313,CMBT.BR,Tanker,2026-09-22
2024-08-29,13.532235145568848,14.600000381469727,14.5600004196167,14.75,14.5,29260,CMBT.BR,Tanker,2026-09-22
2024-08-30,13.6712646484375,14.75,14.90999984741211,14.90999984741211,14.479999542236328,41776,CMBT.BR,Tanker,2026-09-22
2024-09-02,13.541502952575684,14.609999656677246,14.90999984741211,14.979999542236328,14.609999656677246,12214,CMBT.BR,Tanker,2026-09-22
2024-09-03,13.4117431640625,14.470000267028809,14.640000343322754,14.739999771118164,14.390000343322754,43882,CMBT.BR,Tanker,2026-09-22
2024-09-04,13.170757293701172,14.210000038146973,14.0,14.279999732971191,14.0,36947,CMBT.BR,Tanker,2026-09-22
2024-09-05,13.050264358520508,14.079999923706055,14.130000114440918,14.1899995803833,14.010000228881836,21404,CMBT.BR,Tanker,2026-09-22
2024-09-06,12.744399070739746,13.75,14.0,14.140000343322754,13.75,49111,CMBT.BR,Tanker,2026-09-22
2024-09-09,12.642444610595703,13.640000343322754,13.930000305175781,13.9399995803833,13.640000343322754,49142,CMBT.BR,Tanker,2026-09-22
2024-09-10,12.540488243103027,13.529999732971191,13.800000190734863,13.800000190734863,13.420000076293945,37248,CMBT.BR,Tanker,2026-09-22
2024-09-11,12.429265022277832,13.40999984741211,13.479999542236328,13.550000190734863,13.40999984741211,25594,CMBT.BR,Tanker,2026-09-22
2024-09-12,12.790742874145508,13.800000190734863,13.850000381469727,13.949999809265137,13.630000114440918,16556,CMBT.BR,Tanker,2026-09-22
2024-09-13,12.966846466064453,13.989999771118164,13.800000190734863,14.050000190734863,13.800000190734863,10868,CMBT.BR,Tanker,2026-09-22
2024-09-16,12.92977237701416,13.949999809265137,13.989999771118164,14.260000228881836,13.949999809265137,13066,CMBT.BR,Tanker,2026-09-22
2024-09-17,13.272710800170898,14.319999694824219,14.029999732971191,14.470000267028809,14.029999732971191,19758,CMBT.BR,Tanker,2026-09-22
2024-09-18,13.393204689025879,14.449999809265137,14.5600004196167,14.5600004196167,14.350000381469727,11997,CMBT.BR,Tanker,2026-09-22
2024-09-19,13.346860885620117,14.399999618530273,14.550000190734863,14.5600004196167,14.399999618530273,7725,CMBT.BR,Tanker,2026-09-22
2024-09-20,13.078070640563965,14.109999656677246,14.399999618530273,14.4399995803833,13.949999809265137,57958,CMBT.BR,Tanker,2026-09-22
2024-09-23,12.985384941101074,14.010000228881836,13.930000305175781,14.180000305175781,13.880000114440918,19454,CMBT.BR,Tanker,2026-09-22
2024-09-24,13.272710800170898,14.319999694824219,14.140000343322754,14.420000076293945,14.100000381469727,22589,CMBT.BR,Tanker,2026-09-22
2024-09-25,13.22636890411377,14.270000457763672,14.210000038146973,14.399999618530273,14.210000038146973,8719,CMBT.BR,Tanker,2026-09-22
2024-09-26,13.42101001739502,14.479999542236328,14.399999618530273,14.649999618530273,14.399999618530273,23513,CMBT.BR,Tanker,2026-09-22
2024-09-27,13.522966384887695,14.59000015258789,14.609999656677246,14.729999542236328,14.550000190734863,6475,CMBT.BR,Tanker,2026-09-22
2024-09-30,13.634190559387207,14.710000038146973,14.550000190734863,14.75,14.460000038146973,30501,CMBT.BR,Tanker,2026-09-22
2024-10-01,13.9307861328125,15.029999732971191,14.75,15.15999984741211,14.739999771118164,43724,CMBT.BR,Tanker,2026-09-22
2024-10-02,14.310800552368164,15.4399995803833,15.0,15.600000381469727,15.0,66145,CMBT.BR,Tanker,2026-09-22
2024-10-03,14.533248901367188,15.680000305175781,15.5,15.800000190734863,15.420000076293945,37646,CMBT.BR,Tanker,2026-09-22
2024-10-04,14.598130226135254,15.75,15.65999984741211,15.859999656677246,15.649999618530273,25337,CMBT.BR,Tanker,2026-09-22
2024-10-07,14.625935554504395,15.779999732971191,15.800000190734863,15.899999618530273,15.649999618530273,32391,CMBT.BR,Tanker,2026-09-22
2024-10-08,14.5147123336792,15.65999984741211,15.779999732971191,15.859999656677246,15.65999984741211,23988,CMBT.BR,Tanker,2026-09-22
2024-10-09,13.856636047363281,14.949999809265137,15.609999656677246,15.699999809265137,14.899999618530273,38021,CMBT.BR,Tanker,2026-09-22
2024-10-10,13.977130889892578,15.079999923706055,14.890000343322754,15.220000267028809,14.890000343322754,23736,CMBT.BR,Tanker,2026-09-22
2024-10-11,14.097622871398926,15.210000038146973,15.079999923706055,15.210000038146973,14.979999542236328,20325,CMBT.BR,Tanker,2026-09-22
2024-10-14,13.810294151306152,14.899999618530273,15.0,15.100000381469727,14.829999923706055,18539,CMBT.BR,Tanker,2026-09-22
2024-10-15,13.578577041625977,14.649999618530273,14.899999618530273,14.899999618530273,14.619999885559082,21657,CMBT.BR,Tanker,2026-09-22
2024-10-16,13.782487869262695,14.869999885559082,14.5,14.9399995803833,14.5,20148,CMBT.BR,Tanker,2026-09-22
2024-10-17,13.689802169799805,14.770000457763672,14.9399995803833,15.0,14.710000038146973,18585,CMBT.BR,Tanker,2026-09-22
2024-10-18,13.782487869262695,14.869999885559082,14.779999732971191,14.9399995803833,14.75,10422,CMBT.BR,Tanker,2026-09-22
2024-10-21,13.70833969116211,14.789999961853027,14.90999984741211,15.0,14.789999961853027,12839,CMBT.BR,Tanker,2026-09-22
2024-10-22,13.763952255249023,14.850000381469727,14.899999618530273,14.960000038146973,14.800000190734863,11066,CMBT.BR,Tanker,2026-09-22
2024-10-23,13.560041427612305,14.630000114440918,14.710000038146973,14.869999885559082,14.550000190734863,26479,CMBT.BR,Tanker,2026-09-22
2024-10-24,13.09660816192627,14.130000114440918,14.25,14.399999618530273,14.130000114440918,37114,CMBT.BR,Tanker,2026-09-22
2024-10-25,12.985384941101074,14.010000228881836,14.100000381469727,14.149999618530273,13.880000114440918,61671,CMBT.BR,Tanker,2026-09-22
2024-10-28,12.679518699645996,13.680000305175781,14.0,14.0,13.65999984741211,34541,CMBT.BR,Tanker,2026-09-22
2024-10-29,12.410727500915527,13.390000343322754,13.529999732971191,13.90999984741211,13.369999885559082,50261,CMBT.BR,Tanker,2026-09-22
2024-10-30,12.12339973449707,13.079999923706055,13.270000457763672,13.270000457763672,13.050000190734863,31795,CMBT.BR,Tanker,2026-09-22
2024-10-31,12.0399808883667,12.989999771118164,13.0,13.079999923706055,12.989999771118164,25334,CMBT.BR,Tanker,2026-09-22
2024-11-01,11.854608535766602,12.789999961853027,12.960000038146973,12.960000038146973,12.760000228881836,19254,CMBT.BR,Tanker,2026-09-22
2024-11-04,11.622891426086426,12.539999961853027,12.75,12.770000457763672,12.510000228881836,30279,CMBT.BR,Tanker,2026-09-22
2024-11-05,11.446788787841797,12.350000381469727,12.5,12.569999694824219,12.319999694824219,38529,CMBT.BR,Tanker,2026-09-22
2024-11-06,11.446788787841797,12.350000381469727,12.359999656677246,12.449999809265137,12.270000457763672,24790,CMBT.BR,Tanker,2026-09-22
2024-11-07,11.418980598449707,12.319999694824219,12.350000381469727,12.5600004196167,12.149999618530273,22348,CMBT.BR,Tanker,2026-09-22
2024-11-08,11.076041221618652,11.949999809265137,12.220000267028809,12.329999923706055,11.90999984741211,41328,CMBT.BR,Tanker,2026-09-22
2024-11-11,10.937012672424316,11.800000190734863,12.0,12.0,11.760000228881836,19759,CMBT.BR,Tanker,2026-09-22
2024-11-12,11.02969741821289,11.899999618530273,11.8100004196167,11.9399995803833,11.800000190734863,16543,CMBT.BR,Tanker,2026-09-22
2024-11-13,11.103846549987793,11.979999542236328,11.819999694824219,12.140000343322754,11.710000038146973,36874,CMBT.BR,Tanker,2026-09-22
2024-11-14,11.16872787475586,12.050000190734863,12.199999809265137,12.460000038146973,12.050000190734863,31030,CMBT.BR,Tanker,2026-09-22
2024-11-15,11.048235893249512,11.920000076293945,12.050000190734863,12.069999694824219,11.920000076293945,16571,CMBT.BR,Tanker,2026-09-22
2024-11-18,11.076041221618652,11.949999809265137,12.0,12.039999961853027,11.930000305175781,14470,CMBT.BR,Tanker,2026-09-22
2024-11-19,11.011161804199219,11.880000114440918,11.930000305175781,12.010000228881836,11.859999656677246,15813,CMBT.BR,Tanker,2026-09-22
2024-11-20,10.983354568481445,11.850000381469727,11.899999618530273,12.010000228881836,11.850000381469727,10653,CMBT.BR,Tanker,2026-09-22
2024-11-21,10.668221473693848,11.510000228881836,11.890000343322754,11.890000343322754,11.5,16866,CMBT.BR,Tanker,2026-09-22
2024-11-22,10.696025848388672,11.539999961853027,11.600000381469727,11.710000038146973,11.510000228881836,18260,CMBT.BR,Tanker,2026-09-22
2024-11-25,10.482848167419434,11.3100004196167,11.600000381469727,11.6899995803833,11.239999771118164,41684,CMBT.BR,Tanker,2026-09-22
2024-11-26,10.241862297058105,11.050000190734863,11.390000343322754,11.390000343322754,10.949999809265137,24636,CMBT.BR,Tanker,2026-09-22
2024-11-27,9.824772834777832,10.600000381469727,11.399999618530273,11.399999618530273,10.260000228881836,59326,CMBT.BR,Tanker,2026-09-22
2024-11-28,10.510653495788574,11.34000015258789,11.960000038146973,11.960000038146973,10.890000343322754,85305,CMBT.BR,Tanker,2026-09-22
2024-11-29,10.037951469421387,10.829999923706055,11.350000381469727,11.430000305175781,10.5,64177,CMBT.BR,Tanker,2026-09-22
2024-12-02,9.81550407409668,10.59000015258789,10.829999923706055,10.970000267028809,10.569999694824219,26414,CMBT.BR,Tanker,2026-09-22
2024-12-03,10.037951469421387,10.829999923706055,10.680000305175781,11.020000457763672,10.640000343322754,37273,CMBT.BR,Tanker,2026-09-22
2024-12-04,9.908190727233887,10.6899995803833,11.09000015258789,11.3100004196167,10.550000190734863,32174,CMBT.BR,Tanker,2026-09-22
2024-12-05,9.759892463684082,10.529999732971191,10.609999656677246,10.819999694824219,10.510000228881836,35763,CMBT.BR,Tanker,2026-09-22
2024-12-06,9.472564697265625,10.220000267028809,10.5,11.25,10.199999809265137,55340,CMBT.BR,Tanker,2026-09-22
2024-12-09,9.435489654541016,10.180000305175781,10.199999809265137,10.380000114440918,10.010000228881836,22717,CMBT.BR,Tanker,2026-09-22
2024-12-10,9.268654823303223,10.0,10.199999809265137,10.239999771118164,10.0,52406,CMBT.BR,Tanker,2026-09-22
2024-12-11,9.115720748901367,9.835000038146973,10.199999809265137,10.199999809265137,9.75,44231,CMBT.BR,Tanker,2026-09-22
2024-12-12,8.531795501708984,9.204999923706055,9.789999961853027,9.789999961853027,9.024999618530273,94750,CMBT.BR,Tanker,2026-09-22
2024-12-13,8.263005256652832,8.914999961853027,9.100000381469727,9.3100004196167,8.895000457763672,45004,CMBT.BR,Tanker,2026-09-22
2024-12-16,7.924698829650879,8.550000190734863,8.899999618530273,8.989999771118164,8.550000190734863,44945,CMBT.BR,Tanker,2026-09-22
2024-12-17,7.887624740600586,8.510000228881836,8.449999809265137,8.914999961853027,8.34000015258789,56961,CMBT.BR,Tanker,2026-09-22
2024-12-18,8.341789245605469,9.0,8.75,9.0,8.604999542236328,46561,CMBT.BR,Tanker,2026-09-22
2024-12-19,8.309347152709961,8.96500015258789,8.890000343322754,9.149999618530273,8.819999694824219,24190,CMBT.BR,Tanker,2026-09-22
2024-12-20,8.221295356750488,8.869999885559082,8.914999961853027,8.979999542236328,8.8149995803833,33405,CMBT.BR,Tanker,2026-09-22
2024-12-23,8.503989219665527,9.175000190734863,8.869999885559082,9.199999809265137,8.869999885559082,20109,CMBT.BR,Tanker,2026-09-22
2024-12-24,9.342803001403809,10.079999923706055,9.5,10.079999923706055,9.395000457763672,37542,CMBT.BR,Tanker,2026-09-22
2024-12-27,8.823760032653809,9.520000457763672,9.899999618530273,9.994999885559082,9.5,34492,CMBT.BR,Tanker,2026-09-22
2024-12-30,8.81449031829834,9.510000228881836,9.550000190734863,9.71500015258789,9.229999542236328,19065,CMBT.BR,Tanker,2026-09-22
2024-12-31,9.092550277709961,9.8100004196167,9.6899995803833,9.989999771118164,9.510000228881836,12590,CMBT.BR,Tanker,2026-09-22
2025-01-02,9.25475025177002,9.984999656677246,9.819999694824219,10.029999732971191,9.614999771118164,51122,CMBT.BR,Tanker,2026-09-22
2025-01-03,9.134257316589355,9.854999542236328,10.239999771118164,10.25,9.835000038146973,11464,CMBT.BR,Tanker,2026-09-22
2025-01-06,9.20840835571289,9.9350004196167,9.800000190734863,10.09000015258789,9.800000190734863,24491,CMBT.BR,Tanker,2026-09-22
2025-01-07,9.379878044128418,10.119999885559082,9.925000190734863,10.279999732971191,9.619999885559082,31068,CMBT.BR,Tanker,2026-09-22
2025-01-08,9.49110221862793,10.239999771118164,10.300000190734863,10.460000038146973,10.119999885559082,37184,CMBT.BR,Tanker,2026-09-22
2025-01-09,9.574519157409668,10.329999923706055,10.239999771118164,10.329999923706055,10.010000228881836,8475,CMBT.BR,Tanker,2026-09-22
2025-01-10,10.028682708740234,10.819999694824219,10.329999923706055,10.880000114440918,10.3100004196167,23697,CMBT.BR,Tanker,2026-09-22
2025-01-13,10.214057922363281,11.020000457763672,11.119999885559082,11.25,10.770000457763672,33517,CMBT.BR,Tanker,2026-09-22
2025-01-14,10.538459777832031,11.369999885559082,11.130000114440918,11.649999618530273,11.109999656677246,64318,CMBT.BR,Tanker,2026-09-22
2025-01-15,10.556997299194336,11.390000343322754,11.670000076293945,11.710000038146973,11.239999771118164,38747,CMBT.BR,Tanker,2026-09-22
2025-01-16,10.501383781433105,11.329999923706055,11.489999771118164,11.600000381469727,11.25,26338,CMBT.BR,Tanker,2026-09-22
2025-01-17,10.19551944732666,11.0,11.5,11.5,10.899999618530273,25774,CMBT.BR,Tanker,2026-09-22
2025-01-20,10.603339195251465,11.4399995803833,11.5600004196167,11.5600004196167,11.210000038146973,17290,CMBT.BR,Tanker,2026-09-22
2025-01-21,10.139906883239746,10.9399995803833,11.329999923706055,11.539999961853027,10.899999618530273,40289,CMBT.BR,Tanker,2026-09-22
2025-01-22,10.121370315551758,10.920000076293945,10.9399995803833,11.020000457763672,10.800000190734863,25183,CMBT.BR,Tanker,2026-09-22
2025-01-23,10.037951469421387,10.829999923706055,10.9399995803833,10.979999542236328,10.729999542236328,14881,CMBT.BR,Tanker,2026-09-22
2025-01-24,9.824772834777832,10.600000381469727,10.670000076293945,10.930000305175781,10.5,21444,CMBT.BR,Tanker,2026-09-22
2025-01-27,9.852580070495605,10.630000114440918,10.510000228881836,10.770000457763672,10.399999618530273,14200,CMBT.BR,Tanker,2026-09-22
2025-01-28,9.472564697265625,10.220000267028809,10.479999542236328,10.680000305175781,10.1899995803833,40885,CMBT.BR,Tanker,2026-09-22
2025-01-29,9.379878044128418,10.119999885559082,10.329999923706055,10.390000343322754,10.0,56443,CMBT.BR,Tanker,2026-09-22
2025-01-30,9.732087135314941,10.5,10.539999961853027,10.710000038146973,10.229999542236328,36674,CMBT.BR,Tanker,2026-09-22
2025-01-31,9.732087135314941,10.5,10.600000381469727,10.90999984741211,10.5,26812,CMBT.BR,Tanker,2026-09-22
2025-02-03,9.676474571228027,10.4399995803833,10.279999732971191,10.649999618530273,10.279999732971191,13529,CMBT.BR,Tanker,2026-09-22
2025-02-04,9.9638032913208,10.75,10.4399995803833,10.789999961853027,10.4399995803833,11835,CMBT.BR,Tanker,2026-09-22
2025-02-05,9.917458534240723,10.699999809265137,10.800000190734863,10.84000015258789,10.529999732971191,17223,CMBT.BR,Tanker,2026-09-22
2025-02-06,9.917458534240723,10.699999809265137,10.899999618530273,10.989999771118164,10.609999656677246,38578,CMBT.BR,Tanker,2026-09-22
2025-02-07,9.81550407409668,10.59000015258789,10.520000457763672,10.770000457763672,10.5,8919,CMBT.BR,Tanker,2026-09-22
2025-02-10,9.630131721496582,10.390000343322754,10.539999961853027,10.640000343322754,10.319999694824219,15780,CMBT.BR,Tanker,2026-09-22
2025-02-11,9.778429985046387,10.550000190734863,10.319999694824219,10.640000343322754,10.319999694824219,3075,CMBT.BR,Tanker,2026-09-22
2025-02-12,9.676474571228027,10.4399995803833,10.449999809265137,10.539999961853027,10.34000015258789,6690,CMBT.BR,Tanker,2026-09-22
2025-02-13,9.657937049865723,10.420000076293945,10.350000381469727,10.489999771118164,10.220000267028809,22985,CMBT.BR,Tanker,2026-09-22
2025-02-14,9.268654823303223,10.0,10.350000381469727,10.399999618530273,9.90999984741211,46648,CMBT.BR,Tanker,2026-09-22
2025-02-17,8.907175064086914,9.609999656677246,9.800000190734863,10.029999732971191,9.550000190734863,31779,CMBT.BR,Tanker,2026-09-22
2025-02-18,9.064743041992188,9.779999732971191,9.789999961853027,9.914999961853027,9.600000381469727,37739,CMBT.BR,Tanker,2026-09-22
2025-02-19,8.851564407348633,9.550000190734863,9.619999885559082,9.670000076293945,9.510000228881836,20029,CMBT.BR,Tanker,2026-09-22
2025-02-20,8.680093765258789,9.364999771118164,9.6850004196167,9.6850004196167,9.300000190734863,27652,CMBT.BR,Tanker,2026-09-22
2025-02-21,8.81449031829834,9.510000228881836,9.510000228881836,9.645000457763672,9.449999809265137,21254,CMBT.BR,Tanker,2026-09-22
2025-02-24,8.666192054748535,9.350000381469727,9.539999961853027,9.539999961853027,9.25,24939,CMBT.BR,Tanker,2026-09-22
2025-02-25,8.61984920501709,9.300000190734863,9.390000343322754,9.675000190734863,9.289999961853027,23452,CMBT.BR,Tanker,2026-09-22
2025-02-26,8.610579490661621,9.289999961853027,9.260000228881836,9.350000381469727,9.164999961853027,16081,CMBT.BR,Tanker,2026-09-22
2025-02-27,8.656922340393066,9.34000015258789,9.484999656677246,9.595000267028809,9.25,31622,CMBT.BR,Tanker,2026-09-22
2025-02-28,8.235199928283691,8.885000228881836,9.300000190734863,9.300000190734863,8.8100004196167,75257,CMBT.BR,Tanker,2026-09-22
2025-03-03,8.263005256652832,8.914999961853027,8.9399995803833,9.28499984741211,8.885000228881836,37406,CMBT.BR,Tanker,2026-09-22
2025-03-04,7.989579677581787,8.619999885559082,8.9399995803833,8.9399995803833,8.550000190734863,31533,CMBT.BR,Tanker,2026-09-22
2025-03-05,7.665176868438721,8.270000457763672,8.899999618530273,9.154999732971191,8.255000114440918,61165,CMBT.BR,Tanker,2026-09-22
2025-03-06,7.869086742401123,8.489999771118164,8.399999618530273,8.505000114440918,8.3149995803833,26622,CMBT.BR,Tanker,2026-09-22
2025-03-07,7.9988484382629395,8.630000114440918,8.604999542236328,8.800000190734863,8.545000076293945,31563,CMBT.BR,Tanker,2026-09-22
2025-03-10,7.887624740600586,8.510000228881836,8.800000190734863,8.800000190734863,8.5,32561,CMBT.BR,Tanker,2026-09-22
2025-03-11,7.572490215301514,8.170000076293945,8.529999732971191,8.59000015258789,8.170000076293945,24914,CMBT.BR,Tanker,2026-09-22
2025-03-12,7.887624740600586,8.510000228881836,8.170000076293945,8.545000076293945,8.170000076293945,22041,CMBT.BR,Tanker,2026-09-22
2025-03-13,7.980309963226318,8.609999656677246,8.510000228881836,8.65999984741211,8.354999542236328,17950,CMBT.BR,Tanker,2026-09-22
2025-03-14,7.906161308288574,8.529999732971191,8.630000114440918,8.65999984741211,8.420000076293945,21972,CMBT.BR,Tanker,2026-09-22
2025-03-17,8.21666145324707,8.864999771118164,8.5,9.010000228881836,8.5,35228,CMBT.BR,Tanker,2026-09-22
2025-03-18,8.114706993103027,8.755000114440918,8.845000267028809,9.029999732971191,8.664999961853027,19684,CMBT.BR,Tanker,2026-09-22
2025-03-19,8.341789245605469,9.0,8.670000076293945,9.100000381469727,8.670000076293945,25454,CMBT.BR,Tanker,2026-09-22
2025-03-20,8.276907920837402,8.930000305175781,9.079999923706055,9.100000381469727,8.835000038146973,24015,CMBT.BR,Tanker,2026-09-22
2025-03-21,8.156415939331055,8.800000190734863,9.100000381469727,9.100000381469727,8.699999809265137,16751,CMBT.BR,Tanker,2026-09-22
2025-03-24,8.341789245605469,9.0,8.979999542236328,9.085000038146973,8.739999771118164,32577,CMBT.BR,Tanker,2026-09-22
2025-03-25,8.749608993530273,9.4399995803833,9.0,9.489999771118164,8.90999984741211,73678,CMBT.BR,Tanker,2026-09-22
2025-03-26,8.61984920501709,9.300000190734863,9.359999656677246,9.635000228881836,9.279999732971191,48245,CMBT.BR,Tanker,2026-09-22
2025-03-27,8.49935531616211,9.170000076293945,9.21500015258789,9.21500015258789,9.0,18431,CMBT.BR,Tanker,2026-09-22
2025-03-28,8.082265853881836,8.720000267028809,9.170000076293945,9.170000076293945,8.670000076293945,45222,CMBT.BR,Tanker,2026-09-22
2025-03-31,7.6929826736450195,8.300000190734863,8.5,8.515000343322754,8.270000457763672,62391,CMBT.BR,Tanker,2026-09-22
2025-04-01,7.753228664398193,8.364999771118164,8.350000381469727,8.585000038146973,8.300000190734863,44841,CMBT.BR,Tanker,2026-09-22
2025-04-02,7.734692096710205,8.345000267028809,8.449999809265137,8.449999809265137,8.279999732971191,22209,CMBT.BR,Tanker,2026-09-22
2025-04-03,7.451998233795166,8.039999961853027,8.210000038146973,8.210000038146973,8.0,38151,CMBT.BR,Tanker,2026-09-22
2025-04-04,6.766117572784424,7.300000190734863,8.0,8.010000228881836,7.289999961853027,105408,CMBT.BR,Tanker,2026-09-22
2025-04-07,6.997833728790283,7.550000190734863,6.909999847412109,8.0,6.78000020980835,118326,CMBT.BR,Tanker,2026-09-22
2025-04-08,7.2017436027526855,7.769999980926514,7.980000019073486,8.170000076293945,7.650000095367432,80115,CMBT.BR,Tanker,2026-09-22
2025-04-09,6.51586389541626,7.03000020980835,7.699999809265137,7.699999809265137,7.019999980926514,85901,CMBT.BR,Tanker,2026-09-22
2025-04-10,6.997833728790283,7.550000190734863,8.289999961853027,8.289999961853027,7.429999828338623,57215,CMBT.BR,Tanker,2026-09-22
2025-04-11,7.127594470977783,7.690000057220459,7.550000190734863,7.75,7.380000114440918,37030,CMBT.BR,Tanker,2026-09-22
2025-04-14,7.479803562164307,8.069999694824219,7.909999847412109,8.329999923706055,7.849999904632568,67673,CMBT.BR,Tanker,2026-09-22
2025-04-15,7.3778486251831055,7.960000038146973,8.1899995803833,8.199999809265137,7.869999885559082,20741,CMBT.BR,Tanker,2026-09-22
2025-04-16,7.414923191070557,8.0,8.0,8.0,7.800000190734863,23244,CMBT.BR,Tanker,2026-09-22
2025-04-17,7.424191951751709,8.010000228881836,8.069999694824219,8.069999694824219,7.829999923706055,39475,CMBT.BR,Tanker,2026-09-22
2025-04-22,7.368579387664795,7.949999809265137,8.020000457763672,8.100000381469727,7.889999866485596,37711,CMBT.BR,Tanker,2026-09-22
2025-04-23,7.674444675445557,8.279999732971191,8.170000076293945,8.5,7.889999866485596,240929,CMBT.BR,Tanker,2026-09-22
2025-04-24,7.1368632316589355,7.699999809265137,8.1899995803833,8.380000114440918,7.679999828338623,97412,CMBT.BR,Tanker,2026-09-22
2025-04-25,7.52614688873291,8.119999885559082,7.849999904632568,8.140000343322754,7.800000190734863,63209,CMBT.BR,Tanker,2026-09-22
2025-04-28,7.618833541870117,8.220000267028809,8.329999923706055,8.670000076293945,8.210000038146973,94553,CMBT.BR,Tanker,2026-09-22
2025-04-29,7.702251434326172,8.3100004196167,8.270000457763672,8.430000305175781,8.199999809265137,55025,CMBT.BR,Tanker,2026-09-22
2025-04-30,7.971042156219482,8.600000381469727,8.380000114440918,8.600000381469727,8.229999542236328,68508,CMBT.BR,Tanker,2026-09-22
2025-05-02,8.230565071105957,8.880000114440918,8.699999809265137,8.960000038146973,8.489999771118164,70969,CMBT.BR,Tanker,2026-09-22
2025-05-05,8.10080337524414,8.739999771118164,9.0,9.0,8.619999885559082,48533,CMBT.BR,Tanker,2026-09-22
2025-05-06,7.943236351013184,8.569999694824219,8.890000343322754,8.890000343322754,8.470000267028809,39016,CMBT.BR,Tanker,2026-09-22
2025-05-07,7.7300567626953125,8.34000015258789,8.520000457763672,8.520000457763672,8.319999694824219,40399,CMBT.BR,Tanker,2026-09-22
2025-05-08,7.563221454620361,8.15999984741211,8.359999656677246,8.359999656677246,8.010000228881836,80550,CMBT.BR,Tanker,2026-09-22
2025-05-09,7.618833541870117,8.220000267028809,8.1899995803833,8.399999618530273,8.119999885559082,40450,CMBT.BR,Tanker,2026-09-22
2025-05-12,7.822742938995361,8.4399995803833,8.369999885559082,8.720000267028809,8.350000381469727,84852,CMBT.BR,Tanker,2026-09-22
2025-05-13,7.757863521575928,8.369999885559082,8.4399995803833,8.449999809265137,8.260000228881836,42037,CMBT.BR,Tanker,2026-09-22
2025-05-14,8.063728332519531,8.699999809265137,8.380000114440918,8.699999809265137,8.329999923706055,60241,CMBT.BR,Tanker,2026-09-22
2025-05-15,7.980309963226318,8.609999656677246,8.670000076293945,8.670000076293945,8.350000381469727,45533,CMBT.BR,Tanker,2026-09-22
2025-05-16,7.822742938995361,8.4399995803833,8.649999618530273,8.779999732971191,8.350000381469727,45114,CMBT.BR,Tanker,2026-09-22
2025-05-19,7.702251434326172,8.3100004196167,8.430000305175781,8.470000267028809,8.270000457763672,39823,CMBT.BR,Tanker,2026-09-22
2025-05-20,7.878355503082275,8.5,8.449999809265137,8.520000457763672,8.300000190734863,37275,CMBT.BR,Tanker,2026-09-22
2025-05-21,7.591026782989502,8.1899995803833,8.369999885559082,8.479999542236328,8.0600004196167,91617,CMBT.BR,Tanker,2026-09-22
2025-05-22,7.350042819976807,7.929999828338623,8.100000381469727,8.329999923706055,7.929999828338623,47147,CMBT.BR,Tanker,2026-09-22
2025-05-23,7.303699016571045,7.880000114440918,7.880000114440918,7.960000038146973,7.71999979019165,61733,CMBT.BR,Tanker,2026-09-22
2025-05-26,7.646639347076416,8.25,8.010000228881836,8.25,8.0,25413,CMBT.BR,Tanker,2026-09-22
2025-05-27,7.498341083526611,8.09000015258789,8.199999809265137,8.199999809265137,8.020000457763672,32609,CMBT.BR,Tanker,2026-09-22
2025-05-28,7.479803562164307,8.069999694824219,8.020000457763672,8.100000381469727,7.980000019073486,24225,CMBT.BR,Tanker,2026-09-22
2025-05-29,7.4705352783203125,8.0600004196167,8.140000343322754,8.239999771118164,8.0,27489,CMBT.BR,Tanker,2026-09-22
2025-05-30,7.368579387664795,7.949999809265137,8.130000114440918,8.15999984741211,7.949999809265137,34316,CMBT.BR,Tanker,2026-09-22
2025-06-02,7.322237014770508,7.900000095367432,8.010000228881836,8.199999809265137,7.869999885559082,61560,CMBT.BR,Tanker,2026-09-22
2025-06-03,7.52614688873291,8.119999885559082,8.199999809265137,8.199999809265137,7.769999980926514,46153,CMBT.BR,Tanker,2026-09-22
2025-06-04,7.451998233795166,8.039999961853027,8.1899995803833,8.220000267028809,7.989999771118164,17521,CMBT.BR,Tanker,2026-09-22
2025-06-05,7.516878128051758,8.109999656677246,8.119999885559082,8.170000076293945,8.0,15466,CMBT.BR,Tanker,2026-09-22
2025-06-06,7.5354156494140625,8.130000114440918,8.229999542236328,8.239999771118164,7.989999771118164,24685,CMBT.BR,Tanker,2026-09-22
2025-06-09,7.655908584594727,8.260000228881836,8.210000038146973,8.329999923706055,8.119999885559082,23521,CMBT.BR,Tanker,2026-09-22
2025-06-10,7.581759929656982,8.180000305175781,8.34000015258789,8.350000381469727,8.15999984741211,54600,CMBT.BR,Tanker,2026-09-22
2025-06-11,7.52614688873291,8.119999885559082,8.34000015258789,8.380000114440918,8.119999885559082,41222,CMBT.BR,Tanker,2026-09-22
2025-06-12,7.442728519439697,8.029999732971191,8.130000114440918,8.260000228881836,7.949999809265137,100388,CMBT.BR,Tanker,2026-09-22
2025-06-13,7.507609844207764,8.100000381469727,8.109999656677246,8.449999809265137,8.100000381469727,66531,CMBT.BR,Tanker,2026-09-22
2025-06-16,7.563221454620361,8.15999984741211,8.170000076293945,8.399999618530273,8.029999732971191,53087,CMBT.BR,Tanker,2026-09-22
2025-06-17,7.767131805419922,8.380000114440918,8.15999984741211,8.449999809265137,8.119999885559082,45324,CMBT.BR,Tanker,2026-09-22
2025-06-18,7.433460235595703,8.020000457763672,8.390000343322754,8.390000343322754,7.960000038146973,80331,CMBT.BR,Tanker,2026-09-22
2025-06-19,7.451998233795166,8.039999961853027,8.020000457763672,8.140000343322754,7.840000152587891,44372,CMBT.BR,Tanker,2026-09-22
2025-06-20,7.720788478851318,8.329999923706055,8.050000190734863,8.449999809265137,7.900000095367432,76044,CMBT.BR,Tanker,2026-09-22
2025-06-23,7.628101348876953,8.229999542236328,8.460000038146973,8.569999694824219,8.15999984741211,66800,CMBT.BR,Tanker,2026-09-22
2025-06-24,7.3778486251831055,7.960000038146973,8.390000343322754,8.390000343322754,7.920000076293945,81559,CMBT.BR,Tanker,2026-09-22
2025-06-25,7.322237014770508,7.900000095367432,8.010000228881836,8.239999771118164,7.860000133514404,61399,CMBT.BR,Tanker,2026-09-22
2025-06-26,7.340774059295654,7.920000076293945,7.980000019073486,7.980000019073486,7.800000190734863,52582,CMBT.BR,Tanker,2026-09-22
2025-06-27,7.340774059295654,7.920000076293945,7.980000019073486,8.029999732971191,7.869999885559082,27690,CMBT.BR,Tanker,2026-09-22
2025-06-30,7.164669513702393,7.730000019073486,7.96999979019165,7.96999979019165,7.730000019073486,42061,CMBT.BR,Tanker,2026-09-22
2025-07-01,7.155400276184082,7.71999979019165,7.75,7.769999980926514,7.610000133514404,47307,CMBT.BR,Tanker,2026-09-22
2025-07-02,7.4705352783203125,8.0600004196167,7.730000019073486,8.09000015258789,7.690000057220459,30958,CMBT.BR,Tanker,2026-09-22
2025-07-03,7.507609844207764,8.100000381469727,8.09000015258789,8.180000305175781,8.0,47016,CMBT.BR,Tanker,2026-09-22
2025-07-04,7.516878128051758,8.109999656677246,8.079999923706055,8.210000038146973,8.029999732971191,23842,CMBT.BR,Tanker,2026-09-22
2025-07-07,7.794937610626221,8.40999984741211,8.09000015258789,8.5,8.039999961853027,69361,CMBT.BR,Tanker,2026-09-22
2025-07-08,7.563221454620361,8.15999984741211,8.390000343322754,8.40999984741211,8.130000114440918,35113,CMBT.BR,Tanker,2026-09-22
2025-07-09,7.46126651763916,8.050000190734863,8.3100004196167,8.329999923706055,8.020000457763672,39648,CMBT.BR,Tanker,2026-09-22
2025-07-10,7.544684410095215,8.140000343322754,7.920000076293945,8.180000305175781,7.920000076293945,59831,CMBT.BR,Tanker,2026-09-22
2025-07-11,7.748594284057617,8.359999656677246,8.100000381469727,8.369999885559082,8.100000381469727,49481,CMBT.BR,Tanker,2026-09-22
2025-07-14,7.581759929656982,8.180000305175781,8.199999809265137,8.300000190734863,8.119999885559082,44107,CMBT.BR,Tanker,2026-09-22
2025-07-15,7.572490215301514,8.170000076293945,8.100000381469727,8.25,8.0600004196167,19016,CMBT.BR,Tanker,2026-09-22
2025-07-16,7.442728519439697,8.029999732971191,8.09000015258789,8.149999618530273,8.0,51900,CMBT.BR,Tanker,2026-09-22
2025-07-17,7.52614688873291,8.119999885559082,8.0,8.149999618530273,8.0,41811,CMBT.BR,Tanker,2026-09-22
2025-07-18,7.4705352783203125,8.0600004196167,8.119999885559082,8.220000267028809,8.0,24782,CMBT.BR,Tanker,2026-09-22
2025-07-21,7.322237014770508,7.900000095367432,7.989999771118164,8.010000228881836,7.869999885559082,42115,CMBT.BR,Tanker,2026-09-22
2025-07-22,7.285162448883057,7.860000133514404,7.869999885559082,7.940000057220459,7.800000190734863,35255,CMBT.BR,Tanker,2026-09-22
2025-07-23,7.3871169090271,7.96999979019165,7.900000095367432,8.0,7.860000133514404,42009,CMBT.BR,Tanker,2026-09-22
2025-07-24,7.46126651763916,8.050000190734863,8.0,8.079999923706055,7.909999847412109,28169,CMBT.BR,Tanker,2026-09-22
2025-07-25,7.368579387664795,7.949999809265137,7.96999979019165,8.039999961853027,7.880000114440918,16984,CMBT.BR,Tanker,2026-09-22
2025-07-28,7.516878128051758,8.109999656677246,8.0,8.220000267028809,8.0,37165,CMBT.BR,Tanker,2026-09-22
2025-07-29,7.433460235595703,8.020000457763672,8.09000015258789,8.180000305175781,8.020000457763672,24538,CMBT.BR,Tanker,2026-09-22
2025-07-30,7.479803562164307,8.069999694824219,8.050000190734863,8.149999618530273,7.980000019073486,24673,CMBT.BR,Tanker,2026-09-22
2025-07-31,7.2480878829956055,7.820000171661377,7.900000095367432,8.010000228881836,7.800000190734863,35052,CMBT.BR,Tanker,2026-09-22
2025-08-01,7.211012840270996,7.78000020980835,7.800000190734863,7.849999904632568,7.710000038146973,32788,CMBT.BR,Tanker,2026-09-22
2025-08-04,7.442728519439697,8.029999732971191,7.78000020980835,8.15999984741211,7.78000020980835,44114,CMBT.BR,Tanker,2026-09-22
2025-08-05,7.5354156494140625,8.130000114440918,8.0600004196167,8.15999984741211,7.960000038146973,28290,CMBT.BR,Tanker,2026-09-22
2025-08-06,7.674444675445557,8.279999732971191,8.1899995803833,8.4399995803833,8.180000305175781,80630,CMBT.BR,Tanker,2026-09-22
2025-08-07,7.591026782989502,8.1899995803833,8.270000457763672,8.270000457763672,8.100000381469727,21665,CMBT.BR,Tanker,2026-09-22
2025-08-08,7.4705352783203125,8.0600004196167,8.050000190734863,8.25,8.029999732971191,28984,CMBT.BR,Tanker,2026-09-22
2025-08-11,7.099788188934326,7.659999847412109,8.020000457763672,8.039999961853027,7.659999847412109,96400,CMBT.BR,Tanker,2026-09-22
2025-08-12,7.118326187133789,7.679999828338623,7.690000057220459,7.769999980926514,7.579999923706055,55503,CMBT.BR,Tanker,2026-09-22
2025-08-13,7.09052038192749,7.650000095367432,7.630000114440918,7.710000038146973,7.550000190734863,29138,CMBT.BR,Tanker,2026-09-22
2025-08-14,6.877341270446777,7.420000076293945,7.650000095367432,7.75,7.409999847412109,70329,CMBT.BR,Tanker,2026-09-22
2025-08-15,6.775385856628418,7.309999942779541,7.429999828338623,7.559999942779541,7.159999847412109,71407,CMBT.BR,Tanker,2026-09-22
2025-08-18,6.932953357696533,7.480000019073486,7.260000228881836,7.619999885559082,7.21999979019165,78112,CMBT.BR,Tanker,2026-09-22
2025-08-19,6.7846550941467285,7.320000171661377,7.5,7.650000095367432,7.309999942779541,78015,CMBT.BR,Tanker,2026-09-22
2025-08-20,6.701236724853516,7.230000019073486,7.340000152587891,7.659999847412109,7.190000057220459,212536,CMBT.BR,Tanker,2026-09-22
2025-08-21,7.2480878829956055,7.820000171661377,7.369999885559082,8.0,7.25,505290,CMBT.BR,Tanker,2026-09-22
2025-08-22,6.95149040222168,7.5,8.149999618530273,8.3100004196167,7.480000019073486,1254741,CMBT.BR,Tanker,2026-09-22
2025-08-25,6.84953498840332,7.389999866485596,7.860000133514404,7.860000133514404,7.289999961853027,1278782,CMBT.BR,Tanker,2026-09-22
2025-08-26,6.830997943878174,7.369999885559082,7.590000152587891,7.679999828338623,7.309999942779541,1877732,CMBT.BR,Tanker,2026-09-22
2025-08-27,6.552938938140869,7.070000171661377,7.340000152587891,7.360000133514404,7.070000171661377,266809,CMBT.BR,Tanker,2026-09-22
2025-08-28,6.525132179260254,7.039999961853027,7.099999904632568,7.170000076293945,6.849999904632568,503001,CMBT.BR,Tanker,2026-09-22
2025-08-29,6.775385856628418,7.309999942779541,7.21999979019165,7.570000171661377,7.170000076293945,360769,CMBT.BR,Tanker,2026-09-22
2025-09-01,6.830997943878174,7.369999885559082,7.409999847412109,7.53000020980835,7.300000190734863,116793,CMBT.BR,Tanker,2026-09-22
2025-09-02,6.82172966003418,7.360000133514404,7.369999885559082,7.510000228881836,7.25,113113,CMBT.BR,Tanker,2026-09-22
2025-09-03,6.9792962074279785,7.53000020980835,7.440000057220459,7.679999828338623,7.409999847412109,180003,CMBT.BR,Tanker,2026-09-22
2025-09-04,7.266624450683594,7.840000152587891,7.5,8.029999732971191,7.5,476260,CMBT.BR,Tanker,2026-09-22
2025-09-05,7.118326187133789,7.679999828338623,7.869999885559082,7.909999847412109,7.639999866485596,239443,CMBT.BR,Tanker,2026-09-22
2025-09-08,7.516878128051758,8.109999656677246,7.75,8.119999885559082,7.730000019073486,266123,CMBT.BR,Tanker,2026-09-22
2025-09-09,7.859818458557129,8.479999542236328,8.149999618530273,8.479999542236328,8.09000015258789,326791,CMBT.BR,Tanker,2026-09-22
2025-09-10,7.553953170776367,8.149999618530273,8.460000038146973,8.460000038146973,8.130000114440918,163693,CMBT.BR,Tanker,2026-09-22
2025-09-11,7.414923191070557,8.0,8.170000076293945,8.220000267028809,7.949999809265137,130586,CMBT.BR,Tanker,2026-09-22
2025-09-12,7.655908584594727,8.260000228881836,8.140000343322754,8.399999618530273,8.09000015258789,199388,CMBT.BR,Tanker,2026-09-22
2025-09-15,7.757863521575928,8.369999885559082,8.300000190734863,8.5,8.289999961853027,535326,CMBT.BR,Tanker,2026-09-22
2025-09-16,7.405653953552246,7.989999771118164,8.380000114440918,8.40999984741211,7.96999979019165,367780,CMBT.BR,Tanker,2026-09-22
2025-09-17,7.3778486251831055,7.960000038146973,7.949999809265137,8.020000457763672,7.860000133514404,265962,CMBT.BR,Tanker,2026-09-22
2025-09-18,7.5354156494140625,8.130000114440918,7.96999979019165,8.279999732971191,7.96999979019165,175095,CMBT.BR,Tanker,2026-09-22
2025-09-19,7.266624450683594,7.840000152587891,8.149999618530273,8.199999809265137,7.769999980926514,874200,CMBT.BR,Tanker,2026-09-22
2025-09-22,7.2017436027526855,7.769999980926514,7.869999885559082,7.900000095367432,7.730000019073486,145245,CMBT.BR,Tanker,2026-09-22
2025-09-23,7.915430545806885,8.539999961853027,7.829999923706055,8.539999961853027,7.789999961853027,570451,CMBT.BR,Tanker,2026-09-22
2025-09-24,8.11007308959961,8.75,8.550000190734863,8.779999732971191,8.5,382326,CMBT.BR,Tanker,2026-09-22
2025-09-25,7.609565258026123,8.210000038146973,8.59000015258789,8.59000015258789,8.199999809265137,297387,CMBT.BR,Tanker,2026-09-22
2025-09-26,7.869086742401123,8.489999771118164,8.220000267028809,8.649999618530273,8.220000267028809,460219,CMBT.BR,Tanker,2026-09-22
2025-09-29,7.600295543670654,8.199999809265137,8.5,8.550000190734863,8.170000076293945,178448,CMBT.BR,Tanker,2026-09-22
2025-09-30,7.581759929656982,8.180000305175781,8.1899995803833,8.25,7.980000019073486,506535,CMBT.BR,Tanker,2026-09-22
2025-10-01,7.469851493835449,8.010000228881836,8.109999656677246,8.199999809265137,7.880000114440918,246487,CMBT.BR,Tanker,2026-09-22
2025-10-02,7.2367095947265625,7.760000228881836,8.0,8.039999961853027,7.760000228881836,249369,CMBT.BR,Tanker,2026-09-22
2025-10-03,7.413896560668945,7.949999809265137,7.880000114440918,8.010000228881836,7.760000228881836,250451,CMBT.BR,Tanker,2026-09-22
2025-10-06,7.52580451965332,8.069999694824219,8.039999961853027,8.1899995803833,7.980000019073486,171124,CMBT.BR,Tanker,2026-09-22
2025-10-07,7.292664051055908,7.820000171661377,8.050000190734863,8.069999694824219,7.760000228881836,300524,CMBT.BR,Tanker,2026-09-22
2025-10-08,7.190081596374512,7.710000038146973,7.809999942779541,7.900000095367432,7.659999847412109,242710,CMBT.BR,Tanker,2026-09-22
2025-10-09,7.339291572570801,7.869999885559082,7.690000057220459,7.900000095367432,7.690000057220459,159447,CMBT.BR,Tanker,2026-09-22
2025-10-10,7.274012088775635,7.800000190734863,7.849999904632568,8.109999656677246,7.75,281240,CMBT.BR,Tanker,2026-09-22
2025-10-13,7.786923408508301,8.350000381469727,8.020000457763672,8.550000190734863,7.900000095367432,626418,CMBT.BR,Tanker,2026-09-22
2025-10-14,7.367269039154053,7.900000095367432,8.289999961853027,8.300000190734863,7.730000019073486,547447,CMBT.BR,Tanker,2026-09-22
2025-10-15,7.544456481933594,8.09000015258789,7.929999828338623,8.149999618530273,7.920000076293945,198684,CMBT.BR,Tanker,2026-09-22
2025-10-16,7.758946418762207,8.319999694824219,8.100000381469727,8.380000114440918,8.0600004196167,332823,CMBT.BR,Tanker,2026-09-22
2025-10-17,7.572432994842529,8.119999885559082,8.039999961853027,8.210000038146973,7.909999847412109,233997,CMBT.BR,Tanker,2026-09-22
2025-10-20,7.702992916107178,8.260000228881836,8.199999809265137,8.359999656677246,8.199999809265137,185631,CMBT.BR,Tanker,2026-09-22
2025-10-21,7.52580451965332,8.069999694824219,8.25,8.319999694824219,8.029999732971191,226042,CMBT.BR,Tanker,2026-09-22
2025-10-22,7.52580451965332,8.069999694824219,8.050000190734863,8.09000015258789,7.909999847412109,245265,CMBT.BR,Tanker,2026-09-22
2025-10-23,7.712318420410156,8.270000457763672,8.149999618530273,8.369999885559082,8.0600004196167,361247,CMBT.BR,Tanker,2026-09-22
2025-10-24,7.600410461425781,8.149999618530273,8.229999542236328,8.300000190734863,8.140000343322754,193263,CMBT.BR,Tanker,2026-09-22
2025-10-27,7.404571533203125,7.940000057220459,8.140000343322754,8.140000343322754,7.869999885559082,219312,CMBT.BR,Tanker,2026-09-22
2025-10-28,7.274012088775635,7.800000190734863,7.849999904632568,7.920000076293945,7.769999980926514,205185,CMBT.BR,Tanker,2026-09-22
2025-10-29,7.4791765213012695,8.020000457763672,7.800000190734863,8.180000305175781,7.800000190734863,209851,CMBT.BR,Tanker,2026-09-22
2025-10-30,7.572432994842529,8.119999885559082,8.100000381469727,8.1899995803833,7.980000019073486,322651,CMBT.BR,Tanker,2026-09-22
2025-10-31,7.684340953826904,8.239999771118164,8.100000381469727,8.260000228881836,8.020000457763672,249572,CMBT.BR,Tanker,2026-09-22
2025-11-03,7.544456481933594,8.09000015258789,8.359999656677246,8.4399995803833,8.09000015258789,286940,CMBT.BR,Tanker,2026-09-22
2025-11-04,7.413896560668945,7.949999809265137,8.050000190734863,8.0600004196167,7.920000076293945,301736,CMBT.BR,Tanker,2026-09-22
2025-11-05,7.413896560668945,7.949999809265137,7.909999847412109,8.029999732971191,7.860000133514404,394892,CMBT.BR,Tanker,2026-09-22
2025-11-06,7.460525035858154,8.0,7.880000114440918,8.079999923706055,7.880000114440918,154867,CMBT.BR,Tanker,2026-09-22
2025-11-07,7.619061470031738,8.170000076293945,8.0,8.220000267028809,7.980000019073486,434701,CMBT.BR,Tanker,2026-09-22
2025-11-10,7.870853424072266,8.4399995803833,8.180000305175781,8.4399995803833,8.180000305175781,266466,CMBT.BR,Tanker,2026-09-22
2025-11-11,7.740294933319092,8.300000190734863,8.359999656677246,8.430000305175781,8.289999961853027,280613,CMBT.BR,Tanker,2026-09-22
2025-11-12,7.656364440917969,8.210000038146973,8.34000015258789,8.350000381469727,8.199999809265137,137697,CMBT.BR,Tanker,2026-09-22
2025-11-13,8.253206253051758,8.850000381469727,8.380000114440918,8.850000381469727,8.34000015258789,627377,CMBT.BR,Tanker,2026-09-22
2025-11-14,7.84287691116333,8.40999984741211,8.529999732971191,8.59000015258789,8.1899995803833,336541,CMBT.BR,Tanker,2026-09-22
2025-11-17,7.954784870147705,8.529999732971191,8.420000076293945,8.640000343322754,8.420000076293945,146118,CMBT.BR,Tanker,2026-09-22
2025-11-18,7.833551406860352,8.399999618530273,8.399999618530273,8.4399995803833,8.25,280675,CMBT.BR,Tanker,2026-09-22
2025-11-19,8.299834251403809,8.899999618530273,8.59000015258789,8.920000076293945,8.529999732971191,530938,CMBT.BR,Tanker,2026-09-22
2025-11-20,8.271857261657715,8.869999885559082,8.930000305175781,9.069999694824219,8.8100004196167,272809,CMBT.BR,Tanker,2026-09-22
2025-11-21,8.020064353942871,8.600000381469727,8.699999809265137,8.699999809265137,8.470000267028809,577450,CMBT.BR,Tanker,2026-09-22
2025-11-24,8.113321304321289,8.699999809265137,8.720000267028809,8.800000190734863,8.550000190734863,559850,CMBT.BR,Tanker,2026-09-22
2025-11-25,8.169275283813477,8.760000228881836,8.84000015258789,8.899999618530273,8.609999656677246,331860,CMBT.BR,Tanker,2026-09-22
2025-11-26,8.253206253051758,8.850000381469727,8.600000381469727,9.029999732971191,8.5,647565,CMBT.BR,Tanker,2026-09-22
2025-11-27,8.607580184936523,9.229999542236328,8.829999923706055,9.3100004196167,8.739999771118164,396565,CMBT.BR,Tanker,2026-09-22
2025-11-28,8.850048065185547,9.489999771118164,9.300000190734863,9.550000190734863,9.100000381469727,464095,CMBT.BR,Tanker,2026-09-22
2025-12-01,8.672861099243164,9.300000190734863,9.449999809265137,9.539999961853027,9.270000457763672,221894,CMBT.BR,Tanker,2026-09-22
2025-12-02,8.59825611114502,9.220000267028809,9.199999809265137,9.270000457763672,9.100000381469727,213269,CMBT.BR,Tanker,2026-09-22
2025-12-03,8.943304061889648,9.59000015258789,9.5,9.699999809265137,9.170000076293945,349897,CMBT.BR,Tanker,2026-09-22
2025-12-04,8.775443077087402,9.40999984741211,9.640000343322754,9.649999618530273,9.380000114440918,240964,CMBT.BR,Tanker,2026-09-22
2025-12-05,8.700837135314941,9.329999923706055,9.390000343322754,9.40999984741211,9.239999771118164,200514,CMBT.BR,Tanker,2026-09-22
2025-12-08,8.756792068481445,9.390000343322754,9.3100004196167,9.420000076293945,9.289999961853027,157225,CMBT.BR,Tanker,2026-09-22
2025-12-09,8.299834251403809,8.899999618530273,9.359999656677246,9.359999656677246,8.899999618530273,246284,CMBT.BR,Tanker,2026-09-22
2025-12-10,7.917481899261475,8.489999771118164,8.930000305175781,8.930000305175781,8.489999771118164,306243,CMBT.BR,Tanker,2026-09-22
2025-12-11,7.805574893951416,8.369999885559082,8.550000190734863,8.609999656677246,8.350000381469727,263839,CMBT.BR,Tanker,2026-09-22
2025-12-12,7.712318420410156,8.270000457763672,8.399999618530273,8.550000190734863,8.229999542236328,312678,CMBT.BR,Tanker,2026-09-22
2025-12-15,7.758946418762207,8.319999694824219,8.260000228881836,8.329999923706055,8.220000267028809,260478,CMBT.BR,Tanker,2026-09-22
2025-12-16,7.740294933319092,8.300000190734863,8.300000190734863,8.390000343322754,8.279999732971191,161748,CMBT.BR,Tanker,2026-09-22
2025-12-17,7.637712001800537,8.1899995803833,8.350000381469727,8.399999618530273,8.0600004196167,289401,CMBT.BR,Tanker,2026-09-22
2025-12-18,7.563107013702393,8.109999656677246,8.25,8.300000190734863,8.100000381469727,149780,CMBT.BR,Tanker,2026-09-22
2025-12-19,7.563107013702393,8.109999656677246,8.079999923706055,8.15999984741211,7.960000038146973,543160,CMBT.BR,Tanker,2026-09-22
2025-12-22,7.665689945220947,8.220000267028809,8.229999542236328,8.3100004196167,8.100000381469727,184754,CMBT.BR,Tanker,2026-09-22
2025-12-23,7.52580451965332,8.069999694824219,8.180000305175781,8.1899995803833,8.029999732971191,325437,CMBT.BR,Tanker,2026-09-22
2025-12-24,7.572432994842529,8.119999885559082,8.069999694824219,8.170000076293945,8.020000457763672,49715,CMBT.BR,Tanker,2026-09-22
2025-12-29,7.74962043762207,8.3100004196167,8.170000076293945,8.329999923706055,8.170000076293945,207127,CMBT.BR,Tanker,2026-09-22
2025-12-30,7.656364440917969,8.210000038146973,8.260000228881836,8.350000381469727,8.210000038146973,112257,CMBT.BR,Tanker,2026-09-22
2025-12-31,7.563107013702393,8.109999656677246,8.170000076293945,8.210000038146973,8.109999656677246,48570,CMBT.BR,Tanker,2026-09-22
2026-01-02,7.5164794921875,8.0600004196167,8.319999694824219,8.5600004196167,8.0600004196167,245509,CMBT.BR,Tanker,2026-09-22
2026-01-05,7.609735488891602,8.15999984741211,8.270000457763672,8.329999923706055,8.020000457763672,278313,CMBT.BR,Tanker,2026-09-22
2026-01-06,8.013211250305176,8.539999961853027,8.170000076293945,8.600000381469727,8.15999984741211,229492,CMBT.BR,Tanker,2026-09-22
2026-01-07,8.341622352600098,8.890000343322754,8.289999961853027,8.90999984741211,8.270000457763672,351768,CMBT.BR,Tanker,2026-09-22
2026-01-08,9.082891464233398,9.680000305175781,9.210000038146973,9.75,9.09000015258789,695963,CMBT.BR,Tanker,2026-09-22
2026-01-09,9.111040115356445,9.710000038146973,9.699999809265137,9.84000015258789,9.59000015258789,299677,CMBT.BR,Tanker,2026-09-22
2026-01-12,8.792012214660645,9.369999885559082,9.739999771118164,9.75,9.289999961853027,275279,CMBT.BR,Tanker,2026-09-22
2026-01-13,9.195488929748535,9.800000190734863,9.529999732971191,9.890000343322754,9.470000267028809,280336,CMBT.BR,Tanker,2026-09-22
2026-01-14,9.476983070373535,10.100000381469727,9.890000343322754,10.15999984741211,9.8100004196167,215185,CMBT.BR,Tanker,2026-09-22
2026-01-15,9.14857292175293,9.75,9.970000267028809,9.970000267028809,9.630000114440918,188054,CMBT.BR,Tanker,2026-09-22
2026-01-16,9.439451217651367,10.0600004196167,9.84000015258789,10.100000381469727,9.84000015258789,225943,CMBT.BR,Tanker,2026-09-22
2026-01-19,9.167339324951172,9.770000457763672,9.899999618530273,9.899999618530273,9.670000076293945,178240,CMBT.BR,Tanker,2026-09-22
2026-01-20,9.186105728149414,9.789999961853027,9.710000038146973,9.789999961853027,9.600000381469727,258756,CMBT.BR,Tanker,2026-09-22
2026-01-21,9.308086395263672,9.920000076293945,9.729999542236328,10.079999923706055,9.729999542236328,311226,CMBT.BR,Tanker,2026-09-22
2026-01-22,9.129806518554688,9.729999542236328,10.079999923706055,10.140000343322754,9.640000343322754,231876,CMBT.BR,Tanker,2026-09-22
2026-01-23,9.270553588867188,9.880000114440918,9.729999542236328,9.960000038146973,9.600000381469727,185641,CMBT.BR,Tanker,2026-09-22
2026-01-26,9.308086395263672,9.920000076293945,9.789999961853027,10.0600004196167,9.789999961853027,336511,CMBT.BR,Tanker,2026-09-22
2026-01-27,9.57081413269043,10.199999809265137,9.9399995803833,10.4399995803833,9.920000076293945,438738,CMBT.BR,Tanker,2026-09-22
2026-01-28,9.908608436584473,10.5600004196167,10.239999771118164,10.600000381469727,10.180000305175781,290700,CMBT.BR,Tanker,2026-09-22
2026-01-29,10.02120590209961,10.680000305175781,10.800000190734863,10.880000114440918,10.579999923706055,274589,CMBT.BR,Tanker,2026-09-22
2026-01-30,10.265167236328125,10.9399995803833,10.680000305175781,11.0600004196167,10.579999923706055,262996,CMBT.BR,Tanker,2026-09-22
2026-02-02,10.2464017868042,10.920000076293945,10.520000457763672,10.920000076293945,10.420000076293945,259090,CMBT.BR,Tanker,2026-09-22
2026-02-03,10.096270561218262,10.760000228881836,10.960000038146973,11.079999923706055,10.720000267028809,228644,CMBT.BR,Tanker,2026-09-22
2026-02-04,9.683411598205566,10.319999694824219,11.0,11.0,10.319999694824219,218320,CMBT.BR,Tanker,2026-09-22
2026-02-05,9.664647102355957,10.300000190734863,10.260000228881836,10.460000038146973,10.199999809265137,158517,CMBT.BR,Tanker,2026-09-22
2026-02-06,9.833541870117188,10.479999542236328,10.220000267028809,10.5,10.140000343322754,131016,CMBT.BR,Tanker,2026-09-22
2026-02-09,10.002439498901367,10.65999984741211,10.479999542236328,10.680000305175781,10.4399995803833,181189,CMBT.BR,Tanker,2026-09-22
2026-02-10,9.983674049377441,10.640000343322754,10.699999809265137,10.720000267028809,10.5600004196167,163720,CMBT.BR,Tanker,2026-09-22
2026-02-11,10.283934593200684,10.960000038146973,10.5600004196167,11.140000343322754,10.5600004196167,205453,CMBT.BR,Tanker,2026-09-22
2026-02-12,9.889841079711914,10.539999961853027,10.960000038146973,11.0600004196167,10.520000457763672,281810,CMBT.BR,Tanker,2026-09-22
2026-02-13,10.17133617401123,10.84000015258789,10.619999885559082,10.859999656677246,10.4399995803833,174757,CMBT.BR,Tanker,2026-09-22
2026-02-16,10.5278959274292,11.220000267028809,10.800000190734863,11.260000228881836,10.800000190734863,188428,CMBT.BR,Tanker,2026-09-22
2026-02-17,10.377765655517578,11.0600004196167,11.119999885559082,11.199999809265137,10.84000015258789,247295,CMBT.BR,Tanker,2026-09-22
2026-02-18,10.753091812133789,11.460000038146973,11.199999809265137,11.65999984741211,11.199999809265137,268642,CMBT.BR,Tanker,2026-09-22
2026-02-19,10.884455680847168,11.600000381469727,11.4399995803833,11.699999809265137,11.380000114440918,212420,CMBT.BR,Tanker,2026-09-22
2026-02-20,11.184717178344727,11.920000076293945,11.600000381469727,11.920000076293945,11.539999961853027,245039,CMBT.BR,Tanker,2026-09-22
2026-02-23,11.203482627868652,11.9399995803833,11.880000114440918,11.9399995803833,11.779999732971191,181653,CMBT.BR,Tanker,2026-09-22
2026-02-24,11.466211318969727,12.220000267028809,11.979999542236328,12.34000015258789,11.979999542236328,195552,CMBT.BR,Tanker,2026-09-22
2026-02-25,11.466211318969727,12.220000267028809,12.300000190734863,12.420000076293945,12.0600004196167,286283,CMBT.BR,Tanker,2026-09-22
2026-02-26,11.203482627868652,11.9399995803833,11.979999542236328,12.300000190734863,11.779999732971191,403881,CMBT.BR,Tanker,2026-09-22
2026-02-27,11.672639846801758,12.4399995803833,12.140000343322754,12.460000038146973,12.020000457763672,372218,CMBT.BR,Tanker,2026-09-22
2026-03-02,11.747706413269043,12.520000457763672,12.800000190734863,13.020000457763672,12.199999809265137,468187,CMBT.BR,Tanker,2026-09-22
2026-03-03,11.672639846801758,12.4399995803833,12.579999923706055,12.600000381469727,12.199999809265137,286637,CMBT.BR,Tanker,2026-09-22
2026-03-04,11.297313690185547,12.039999961853027,12.220000267028809,12.260000228881836,11.880000114440918,294516,CMBT.BR,Tanker,2026-09-22
2026-03-05,11.034585952758789,11.760000228881836,12.199999809265137,12.199999809265137,11.699999809265137,367321,CMBT.BR,Tanker,2026-09-22
2026-03-06,10.67802619934082,11.380000114440918,11.760000228881836,11.800000190734863,11.100000381469727,305222,CMBT.BR,Tanker,2026-09-22
2026-03-09,10.809391021728516,11.520000457763672,11.15999984741211,11.539999961853027,11.0,304496,CMBT.BR,Tanker,2026-09-22
2026-03-10,10.940754890441895,11.65999984741211,11.539999961853027,11.680000305175781,11.239999771118164,191826,CMBT.BR,Tanker,2026-09-22
2026-03-11,10.546662330627441,11.239999771118164,11.479999542236328,11.5,11.09000015258789,216938,CMBT.BR,Tanker,2026-09-22
2026-03-12,10.152569770812988,10.819999694824219,11.199999809265137,11.239999771118164,10.699999809265137,285247,CMBT.BR,Tanker,2026-09-22
2026-03-13,9.871076583862305,10.520000457763672,10.739999771118164,10.739999771118164,10.319999694824219,296477,CMBT.BR,Tanker,2026-09-22
2026-03-16,10.02120590209961,10.680000305175781,10.5,10.699999809265137,10.399999618530273,318589,CMBT.BR,Tanker,2026-09-22
2026-03-17,10.17133617401123,10.84000015258789,10.819999694824219,10.979999542236328,10.720000267028809,184095,CMBT.BR,Tanker,2026-09-22
2026-03-18,10.565428733825684,11.260000228881836,10.859999656677246,11.34000015258789,10.779999732971191,212379,CMBT.BR,Tanker,2026-09-22
2026-03-19,10.452831268310547,11.140000343322754,11.15999984741211,11.220000267028809,10.880000114440918,355861,CMBT.BR,Tanker,2026-09-22
2026-03-20,10.096270561218262,10.760000228881836,11.15999984741211,11.15999984741211,10.640000343322754,409764,CMBT.BR,Tanker,2026-09-22
2026-03-23,10.002439498901367,10.65999984741211,10.5,10.920000076293945,10.279999732971191,252861,CMBT.BR,Tanker,2026-09-22
2026-03-24,10.30270004272461,10.979999542236328,10.699999809265137,11.0,10.619999885559082,147479,CMBT.BR,Tanker,2026-09-22
2026-03-25,10.34023380279541,11.020000457763672,11.079999923706055,11.119999885559082,10.859999656677246,162599,CMBT.BR,Tanker,2026-09-22
2026-03-26,10.471596717834473,11.15999984741211,10.979999542236328,11.260000228881836,10.84000015258789,179327,CMBT.BR,Tanker,2026-09-22
2026-03-27,10.34023380279541,11.020000457763672,11.15999984741211,11.15999984741211,10.899999618530273,158503,CMBT.BR,Tanker,2026-09-22
2026-03-30,10.39653205871582,11.079999923706055,11.0,11.220000267028809,10.859999656677246,126261,CMBT.BR,Tanker,2026-09-22
2026-03-31,10.265167236328125,10.9399995803833,11.0,11.100000381469727,10.800000190734863,243879,CMBT.BR,Tanker,2026-09-22
2026-04-01,10.2464017868042,10.920000076293945,11.020000457763672,11.0600004196167,10.819999694824219,135530,CMBT.BR,Tanker,2026-09-22
2026-04-02,10.509129524230957,11.199999809265137,10.800000190734863,11.260000228881836,10.680000305175781,203280,CMBT.BR,Tanker,2026-09-22
2026-04-07,10.377765655517578,11.0600004196167,11.100000381469727,11.4399995803833,10.9399995803833,283436,CMBT.BR,Tanker,2026-09-22
2026-04-08,10.377765655517578,11.0600004196167,11.220000267028809,11.220000267028809,10.65999984741211,289991,CMBT.BR,Tanker,2026-09-22
2026-04-09,10.39653205871582,11.079999923706055,10.979999542236328,11.199999809265137,10.979999542236328,99943,CMBT.BR,Tanker,2026-09-22
2026-04-10,9.946141242980957,10.600000381469727,10.880000114440918,10.899999618530273,10.520000457763672,167520,CMBT.BR,Tanker,2026-09-22
2026-04-13,10.115036964416504,10.779999732971191,10.579999923706055,10.960000038146973,10.520000457763672,149894,CMBT.BR,Tanker,2026-09-22
2026-04-14,10.515067100524902,11.039999961853027,10.65999984741211,11.079999923706055,10.65999984741211,274668,CMBT.BR,Tanker,2026-09-22
2026-04-15,10.72460651397705,11.260000228881836,10.9399995803833,11.4399995803833,10.859999656677246,279337,CMBT.BR,Tanker,2026-09-22
2026-04-16,10.5531644821167,11.079999923706055,11.260000228881836,11.260000228881836,10.960000038146973,159559,CMBT.BR,Tanker,2026-09-22
2026-04-17,10.72460651397705,11.260000228881836,11.0,11.319999694824219,10.899999618530273,233373,CMBT.BR,Tanker,2026-09-22
2026-04-20,10.838900566101074,11.380000114440918,11.239999771118164,11.380000114440918,10.920000076293945,252664,CMBT.BR,Tanker,2026-09-22
2026-04-21,10.72460651397705,11.260000228881836,11.359999656677246,11.640000343322754,11.199999809265137,171982,CMBT.BR,Tanker,2026-09-22
2026-04-22,10.305526733398438,10.819999694824219,11.5,11.600000381469727,10.819999694824219,337360,CMBT.BR,Tanker,2026-09-22
2026-04-23,10.591262817382812,11.119999885559082,11.079999923706055,11.220000267028809,11.0,185231,CMBT.BR,Tanker,2026-09-22
2026-04-24,10.34362506866455,10.859999656677246,11.100000381469727,11.100000381469727,10.819999694824219,258582,CMBT.BR,Tanker,2026-09-22
2026-04-27,10.476968765258789,11.0,11.0,11.180000305175781,10.960000038146973,124683,CMBT.BR,Tanker,2026-09-22
2026-04-28,10.762704849243164,11.300000190734863,11.199999809265137,11.4399995803833,11.15999984741211,177568,CMBT.BR,Tanker,2026-09-22
2026-04-29,10.838900566101074,11.380000114440918,11.279999732971191,11.5,11.279999732971191,99954,CMBT.BR,Tanker,2026-09-22
2026-04-30,11.067488670349121,11.619999885559082,11.420000076293945,11.760000228881836,11.420000076293945,168425,CMBT.BR,Tanker,2026-09-22
2026-05-04,11.81040096282959,12.399999618530273,11.819999694824219,12.460000038146973,11.819999694824219,303361,CMBT.BR,Tanker,2026-09-22
2026-05-05,12.267578125,12.880000114440918,12.319999694824219,13.079999923706055,12.319999694824219,378918,CMBT.BR,Tanker,2026-09-22
2026-05-06,12.038990020751953,12.640000343322754,12.880000114440918,13.100000381469727,12.640000343322754,314637,CMBT.BR,Tanker,2026-09-22
2026-05-07,11.8865966796875,12.479999542236328,12.539999961853027,12.800000190734863,12.399999618530273,208932,CMBT.BR,Tanker,2026-09-22
2026-05-08,12.134234428405762,12.739999771118164,12.619999885559082,12.819999694824219,12.579999923706055,170212,CMBT.BR,Tanker,2026-09-22
2026-05-11,11.981842041015625,12.579999923706055,12.699999809265137,12.880000114440918,12.520000457763672,167190,CMBT.BR,Tanker,2026-09-22
2026-05-12,12.172332763671875,12.779999732971191,12.619999885559082,12.880000114440918,12.600000381469727,172486,CMBT.BR,Tanker,2026-09-22
2026-05-13,12.248528480529785,12.859999656677246,12.899999618530273,13.399999618530273,12.84000015258789,297494,CMBT.BR,Tanker,2026-09-22
2026-05-14,12.210430145263672,12.819999694824219,12.920000076293945,12.960000038146973,12.760000228881836,116729,CMBT.BR,Tanker,2026-09-22
2026-05-15,12.267578125,12.880000114440918,12.920000076293945,12.920000076293945,12.640000343322754,163574,CMBT.BR,Tanker,2026-09-22
2026-05-18,12.381872177124023,13.0,12.859999656677246,13.039999961853027,12.779999732971191,183486,CMBT.BR,Tanker,2026-09-22
2026-05-19,13.88674545288086,14.579999923706055,13.5600004196167,14.65999984741211,13.5600004196167,493275,CMBT.BR,Tanker,2026-09-22
2026-05-20,14.229628562927246,14.9399995803833,14.239999771118164,15.039999961853027,14.220000267028809,370843,CMBT.BR,Tanker,2026-09-22
2026-05-21,14.34392261505127,15.0600004196167,15.0,15.359999656677246,14.920000076293945,279134,CMBT.BR,Tanker,2026-09-22
2026-05-22,13.88674545288086,14.579999923706055,14.680000305175781,14.760000228881836,14.319999694824219,241201,CMBT.BR,Tanker,2026-09-22
2026-05-25,13.905795097351074,14.600000381469727,14.5,14.65999984741211,14.399999618530273,52666,CMBT.BR,Tanker,2026-09-22
2026-05-26,13.620059967041016,14.300000190734863,14.4399995803833,14.520000457763672,14.199999809265137,206860,CMBT.BR,Tanker,2026-09-22
2026-05-27,13.124784469604492,13.779999732971191,14.199999809265137,14.199999809265137,13.65999984741211,190437,CMBT.BR,Tanker,2026-09-22
2026-05-28,12.953343391418457,13.600000381469727,13.699999809265137,13.800000190734863,13.399999618530273,211365,CMBT.BR,Tanker,2026-09-22
2026-05-29,12.915245056152344,13.5600004196167,13.399999618530273,13.5600004196167,13.140000343322754,835016,CMBT.BR,Tanker,2026-09-22
2026-06-01,12.819999694824219,13.460000038146973,13.359999656677246,13.520000457763672,13.279999732971191,208781,CMBT.BR,Tanker,2026-09-22
2026-06-02,12.680000305175781,12.680000305175781,12.899999618530273,13.020000457763672,12.640000343322754,192043,CMBT.BR,Tanker,2026-09-22
2026-06-03,13.0,13.0,12.699999809265137,13.0,12.4399995803833,201345,CMBT.BR,Tanker,2026-09-22
2026-06-04,12.65999984741211,12.65999984741211,12.84000015258789,12.84000015258789,12.5600004196167,142349,CMBT.BR,Tanker,2026-09-22
2026-06-05,12.84000015258789,12.84000015258789,12.479999542236328,12.9399995803833,12.380000114440918,125892,CMBT.BR,Tanker,2026-09-22
2026-06-08,12.539999961853027,12.539999961853027,12.819999694824219,12.960000038146973,12.539999961853027,151802,CMBT.BR,Tanker,2026-09-22
2026-06-09,12.5600004196167,12.5600004196167,12.539999961853027,12.619999885559082,12.34000015258789,114961,CMBT.BR,Tanker,2026-09-22
2026-06-10,13.119999885559082,13.119999885559082,12.720000267028809,13.119999885559082,12.600000381469727,116363,CMBT.BR,Tanker,2026-09-22
2026-06-11,13.239999771118164,13.239999771118164,13.0,13.300000190734863,12.859999656677246,204100,CMBT.BR,Tanker,2026-09-22
2026-06-12,13.319999694824219,13.319999694824219,13.0,13.319999694824219,12.760000228881836,107415,CMBT.BR,Tanker,2026-09-22
2026-06-15,13.34000015258789,13.34000015258789,13.300000190734863,13.460000038146973,13.100000381469727,160024,CMBT.BR,Tanker,2026-09-22
2026-06-16,12.979999542236328,12.979999542236328,13.359999656677246,13.5,12.899999618530273,126613,CMBT.BR,Tanker,2026-09-22
2026-06-17,12.9399995803833,12.9399995803833,12.979999542236328,13.079999923706055,12.859999656677246,81501,CMBT.BR,Tanker,2026-09-22
2026-06-18,12.420000076293945,12.420000076293945,12.859999656677246,12.859999656677246,12.199999809265137,221624,CMBT.BR,Tanker,2026-09-22
2026-06-19,12.720000267028809,12.720000267028809,12.5600004196167,12.720000267028809,12.470000267028809,162408,CMBT.BR,Tanker,2026-09-22
2026-06-22,13.199999809265137,13.199999809265137,12.960000038146973,13.260000228881836,12.800000190734863,191915,CMBT.BR,Tanker,2026-09-22
2026-06-23,13.859999656677246,13.859999656677246,13.359999656677246,13.899999618530273,13.260000228881836,180391,CMBT.BR,Tanker,2026-09-22
2026-06-24,13.800000190734863,13.800000190734863,13.979999542236328,14.199999809265137,13.739999771118164,107803,CMBT.BR,Tanker,2026-09-22
2026-06-25,13.140000343322754,13.140000343322754,13.680000305175781,13.680000305175781,13.140000343322754,85578,CMBT.BR,Tanker,2026-09-22
2026-06-26,12.5,12.5,12.899999618530273,12.899999618530273,12.4399995803833,200754,CMBT.BR,Tanker,2026-09-22
2026-06-29,12.4399995803833,12.4399995803833,12.699999809265137,12.880000114440918,12.4399995803833,211567,CMBT.BR,Tanker,2026-09-22
2026-06-30,12.399999618530273,12.399999618530273,12.380000114440918,12.619999885559082,12.260000228881836,446910,CMBT.BR,Tanker,2026-09-22
2026-07-01,12.5,12.5,12.279999732971191,12.5600004196167,12.180000305175781,145231,CMBT.BR,Tanker,2026-09-22
2026-07-02,12.899999618530273,12.899999618530273,12.380000114440918,13.140000343322754,12.380000114440918,166275,CMBT.BR,Tanker,2026-09-22
2026-07-03,13.220000267028809,13.220000267028809,12.760000228881836,13.300000190734863,12.760000228881836,82969,CMBT.BR,Tanker,2026-09-22
2026-07-06,13.5,13.5,13.300000190734863,13.579999923706055,13.020000457763672,206575,CMBT.BR,Tanker,2026-09-22
2026-07-07,13.300000190734863,13.300000190734863,13.380000114440918,13.539999961853027,13.180000305175781,109915,CMBT.BR,Tanker,2026-09-22
2026-07-08,13.619999885559082,13.619999885559082,13.399999618530273,13.699999809265137,13.359999656677246,97294,CMBT.BR,Tanker,2026-09-22
2026-07-09,13.0,13.0,13.600000381469727,13.600000381469727,13.0,99176,CMBT.BR,Tanker,2026-09-22
2026-07-10,13.420000076293945,13.420000076293945,13.020000457763672,13.479999542236328,13.020000457763672,100491,CMBT.BR,Tanker,2026-09-22
2026-07-13,13.619999885559082,13.619999885559082,13.65999984741211,13.979999542236328,13.600000381469727,128987,CMBT.BR,Tanker,2026-09-22
2026-07-14,13.880000114440918,13.880000114440918,13.739999771118164,14.039999961853027,13.619999885559082,157602,CMBT.BR,Tanker,2026-09-22
2026-07-15,13.4399995803833,13.4399995803833,13.920000076293945,13.920000076293945,13.4399995803833,90395,CMBT.BR,Tanker,2026-09-22
2026-07-16,13.800000190734863,13.800000190734863,13.5600004196167,13.859999656677246,13.380000114440918,103302,CMBT.BR,Tanker,2026-09-22
2026-07-17,13.079999923706055,13.079999923706055,13.579999923706055,13.579999923706055,13.0,94583,CMBT.BR,Tanker,2026-09-22
2026-07-20,13.359999656677246,13.359999656677246,13.140000343322754,13.420000076293945,12.920000076293945,87940,CMBT.BR,Tanker,2026-09-22
2026-07-21,13.619999885559082,13.619999885559082,13.15999984741211,13.680000305175781,13.15999984741211,128745,CMBT.BR,Tanker,2026-09-22
2026-07-22,13.479999542236328,13.479999542236328,13.680000305175781,13.800000190734863,13.460000038146973,66576,CMBT.BR,Tanker,2026-09-22
2026-07-23,13.739999771118164,13.739999771118164,13.5,13.84000015258789,13.4399995803833,58062,CMBT.BR,Tanker,2026-09-22
2026-07-24,13.859999656677246,13.859999656677246,13.779999732971191,14.039999961853027,13.65999984741211,72821,CMBT.BR,Tanker,2026-09-22
2026-07-27,13.460000038146973,13.460000038146973,13.720000267028809,13.720000267028809,13.359999656677246,77948,CMBT.BR,Tanker,2026-09-22
2026-07-28,13.479999542236328,13.479999542236328,13.4399995803833,13.739999771118164,13.359999656677246,56752,CMBT.BR,Tanker,2026-09-22
2026-07-29,13.640000343322754,13.640000343322754,13.720000267028809,13.920000076293945,13.5600004196167,95235,CMBT.BR,Tanker,2026-09-22
2026-07-30,13.760000228881836,13.760000228881836,13.65999984741211,13.880000114440918,13.579999923706055,111724,CMBT.BR,Tanker,2026-09-22
2026-07-31,14.079999923706055,14.079999923706055,14.0,14.300000190734863,14.0,110419,CMBT.BR,Tanker,2026-09-22
2026-08-03,14.0600004196167,14.0600004196167,14.020000457763672,14.260000228881836,13.859999656677246,109778,CMBT.BR,Tanker,2026-09-22
2026-08-04,13.920000076293945,13.920000076293945,14.15999984741211,14.420000076293945,13.920000076293945,70617,CMBT.BR,Tanker,2026-09-22
2026-08-05,13.920000076293945,13.920000076293945,13.859999656677246,14.319999694824219,13.779999732971191,163880,CMBT.BR,Tanker,2026-09-22
2026-08-06,14.180000305175781,14.180000305175781,13.880000114440918,14.319999694824219,13.760000228881836,83573,CMBT.BR,Tanker,2026-09-22
2026-08-07,14.039999961853027,14.039999961853027,14.239999771118164,14.4399995803833,14.0,83000,CMBT.BR,Tanker,2026-09-22
2026-08-10,14.039999961853027,14.039999961853027,13.960000038146973,14.359999656677246,13.960000038146973,76289,CMBT.BR,Tanker,2026-09-22
2026-08-11,14.020000457763672,14.020000457763672,14.100000381469727,14.539999961853027,13.9399995803833,129949,CMBT.BR,Tanker,2026-09-22
2026-08-12,14.399999618530273,14.399999618530273,14.140000343322754,14.520000457763672,13.899999618530273,77290,CMBT.BR,Tanker,2026-09-22
2026-08-13,14.720000267028809,14.720000267028809,14.4399995803833,14.880000114440918,14.4399995803833,73575,CMBT.BR,Tanker,2026-09-22
2026-08-14,14.880000114440918,14.880000114440918,14.720000267028809,14.9399995803833,14.600000381469727,68015,CMBT.BR,Tanker,2026-09-22
2026-08-17,15.079999923706055,15.079999923706055,14.859999656677246,15.220000267028809,14.859999656677246,94687,CMBT.BR,Tanker,2026-09-22
2026-08-18,15.020000457763672,15.020000457763672,15.100000381469727,15.15999984741211,14.880000114440918,96256,CMBT.BR,Tanker,2026-09-22
2026-08-19,15.420000076293945,15.420000076293945,15.079999923706055,15.4399995803833,15.0600004196167,175334,CMBT.BR,Tanker,2026-09-22
2026-08-20,15.119999885559082,15.119999885559082,15.4399995803833,15.5,15.020000457763672,66319,CMBT.BR,Tanker,2026-09-22
2026-08-21,15.720000267028809,15.720000267028809,15.119999885559082,15.899999618530273,15.039999961853027,163029,CMBT.BR,Tanker,2026-09-22
2026-08-24,15.539999961853027,15.539999961853027,15.380000114440918,15.65999984741211,15.300000190734863,89021,CMBT.BR,Tanker,2026-09-22
2026-08-25,15.460000038146973,15.460000038146973,15.5,15.699999809265137,15.4399995803833,107057,CMBT.BR,Tanker,2026-09-22
2026-08-26,15.180000305175781,15.180000305175781,15.420000076293945,15.779999732971191,15.180000305175781,166936,CMBT.BR,Tanker,2026-09-22
2026-08-27,15.600000381469727,15.600000381469727,15.539999961853027,15.880000114440918,15.220000267028809,224643,CMBT.BR,Tanker,2026-09-22
2026-08-28,15.899999618530273,15.899999618530273,16.059999465942383,16.360000610351562,15.800000190734863,182301,CMBT.BR,Tanker,2026-09-22
2026-08-31,15.699999809265137,15.699999809265137,15.9399995803833,16.280000686645508,15.699999809265137,387555,CMBT.BR,Tanker,2026-09-22
2026-09-01,15.65999984741211,15.65999984741211,15.760000228881836,16.040000915527344,15.520000457763672,157929,CMBT.BR,Tanker,2026-09-22
2026-09-02,16.020000457763672,16.020000457763672,15.899999618530273,16.31999969482422,15.880000114440918,166043,CMBT.BR,Tanker,2026-09-22
2026-09-03,16.1200008392334,16.1200008392334,16.260000228881836,16.459999084472656,16.1200008392334,105238,CMBT.BR,Tanker,2026-09-22
2026-09-04,16.780000686645508,16.780000686645508,16.040000915527344,16.940000534057617,16.040000915527344,253953,CMBT.BR,Tanker,2026-09-22
2026-09-07,16.799999237060547,16.799999237060547,16.799999237060547,17.15999984741211,16.65999984741211,102004,CMBT.BR,Tanker,2026-09-22
2026-09-08,16.639999389648438,16.639999389648438,16.68000030517578,17.15999984741211,16.6200008392334,139549,CMBT.BR,Tanker,2026-09-22
2026-09-09,16.6200008392334,16.6200008392334,16.600000381469727,16.760000228881836,16.399999618530273,54650,CMBT.BR,Tanker,2026-09-22
2026-09-10,16.6200008392334,16.6200008392334,16.600000381469727,16.739999771118164,16.34000015258789,76340,CMBT.BR,Tanker,2026-09-22
2026-09-11,16.700000762939453,16.700000762939453,16.6200008392334,16.899999618530273,16.540000915527344,75397,CMBT.BR,Tanker,2026-09-22
2026-09-14,16.719999313354492,16.719999313354492,16.719999313354492,16.920000076293945,16.579999923706055,73330,CMBT.BR,Tanker,2026-09-22
2026-09-15,16.979999542236328,16.979999542236328,16.81999969482422,17.020000457763672,16.65999984741211,94749,CMBT.BR,Tanker,2026-09-22
2026-09-16,17.260000228881836,17.260000228881836,17.040000915527344,17.280000686645508,16.860000610351562,98251,CMBT.BR,Tanker,2026-09-22
2026-09-17,18.059999465942383,18.059999465942383,17.280000686645508,18.15999984741211,17.219999313354492,248848,CMBT.BR,Tanker,2026-09-22
2026-09-18,17.639999389648438,17.639999389648438,17.780000686645508,17.8799991607666,17.559999465942383,138376,CMBT.BR,Tanker,2026-09-22
2026-09-21,17.31999969482422,17.31999969482422,17.68000030517578,17.780000686645508,17.18000030517578,147998,CMBT.BR,Tanker,2026-09-22
