Date,Adj Close,Close,Open,High,Low,Volume,Ticker,Lineage,PullDate
2007-07-30,75.73999786376953,75.73999786376953,75.8499984741211,76.52999877929688,75.44000244140625,2575,BZ=F,Factor,2026-09-24
2007-07-31,77.05000305175781,77.05000305175781,75.69999694824219,77.16999816894531,75.66999816894531,3513,BZ=F,Factor,2026-09-24
2007-08-01,75.3499984741211,75.3499984741211,77.0,77.05999755859375,74.86000061035156,3930,BZ=F,Factor,2026-09-24
2007-08-02,75.76000213623047,75.76000213623047,75.22000122070312,76.20999908447266,74.2699966430664,6180,BZ=F,Factor,2026-09-24
2007-08-03,74.75,74.75,75.38999938964844,76.0,74.52999877929688,4387,BZ=F,Factor,2026-09-24
2007-08-06,71.16999816894531,71.16999816894531,74.54000091552734,74.5999984741211,70.87000274658203,7201,BZ=F,Factor,2026-09-24
2007-08-07,71.80000305175781,71.80000305175781,70.80000305175781,72.01000213623047,70.55999755859375,6775,BZ=F,Factor,2026-09-24
2007-08-08,70.98999786376953,70.98999786376953,71.44000244140625,72.02999877929688,70.66000366210938,5768,BZ=F,Factor,2026-09-24
2007-08-09,70.20999908447266,70.20999908447266,70.91000366210938,71.08000183105469,69.2699966430664,6232,BZ=F,Factor,2026-09-24
2007-08-10,70.38999938964844,70.38999938964844,69.91000366210938,70.44999694824219,68.97000122070312,3947,BZ=F,Factor,2026-09-24
2007-08-13,70.2300033569336,70.2300033569336,70.95999908447266,71.83000183105469,69.9000015258789,4088,BZ=F,Factor,2026-09-24
2007-08-14,70.51000213623047,70.51000213623047,70.30999755859375,70.80000305175781,69.61000061035156,3966,BZ=F,Factor,2026-09-24
2007-08-15,71.63999938964844,71.63999938964844,70.83999633789062,72.19999694824219,70.83000183105469,3664,BZ=F,Factor,2026-09-24
2007-08-16,69.7699966430664,69.7699966430664,70.62000274658203,70.62000274658203,69.05000305175781,4762,BZ=F,Factor,2026-09-24
2007-08-17,70.44000244140625,70.44000244140625,70.33000183105469,71.06999969482422,70.04000091552734,3279,BZ=F,Factor,2026-09-24
2007-08-20,69.8499984741211,69.8499984741211,69.68000030517578,70.31999969482422,68.94000244140625,3852,BZ=F,Factor,2026-09-24
2007-08-21,68.69000244140625,68.69000244140625,69.76000213623047,70.51000213623047,68.18000030517578,5588,BZ=F,Factor,2026-09-24
2007-08-22,68.69999694824219,68.69999694824219,68.97000122070312,69.36000061035156,68.19000244140625,4232,BZ=F,Factor,2026-09-24
2007-08-23,69.86000061035156,69.86000061035156,69.1500015258789,69.97000122070312,69.11000061035156,4087,BZ=F,Factor,2026-09-24
2007-08-24,70.62000274658203,70.62000274658203,69.55000305175781,70.80999755859375,69.5199966430664,2786,BZ=F,Factor,2026-09-24
2007-08-27,70.94999694824219,70.94999694824219,70.44000244140625,71.11000061035156,69.48999786376953,3128,BZ=F,Factor,2026-09-24
2007-08-28,70.55000305175781,70.55000305175781,71.05000305175781,71.05000305175781,70.19999694824219,3421,BZ=F,Factor,2026-09-24
2007-08-29,72.12999725341797,72.12999725341797,70.80000305175781,72.26000213623047,70.7699966430664,4245,BZ=F,Factor,2026-09-24
2007-08-30,71.9000015258789,71.9000015258789,72.0999984741211,72.45999908447266,71.37999725341797,3257,BZ=F,Factor,2026-09-24
2007-08-31,72.69000244140625,72.69000244140625,72.2300033569336,73.05999755859375,72.05000305175781,3257,BZ=F,Factor,2026-09-24
2007-09-04,73.91999816894531,73.91999816894531,73.26000213623047,74.05000305175781,72.80000305175781,4057,BZ=F,Factor,2026-09-24
2007-09-05,74.33999633789062,74.33999633789062,74.12999725341797,74.37999725341797,73.76000213623047,3139,BZ=F,Factor,2026-09-24
2007-09-06,74.7699966430664,74.7699966430664,74.77999877929688,75.63999938964844,73.75,4852,BZ=F,Factor,2026-09-24
2007-09-07,75.06999969482422,75.06999969482422,74.36000061035156,75.22000122070312,74.27999877929688,3685,BZ=F,Factor,2026-09-24
2007-09-10,75.4800033569336,75.4800033569336,74.56999969482422,75.73999786376953,73.86000061035156,3082,BZ=F,Factor,2026-09-24
2007-09-11,76.37999725341797,76.37999725341797,75.48999786376953,76.4000015258789,74.98999786376953,3305,BZ=F,Factor,2026-09-24
2007-09-12,77.68000030517578,77.68000030517578,76.37999725341797,77.8499984741211,76.27999877929688,3294,BZ=F,Factor,2026-09-24
2007-09-13,77.12000274658203,77.12000274658203,76.86000061035156,77.27999877929688,76.30000305175781,2470,BZ=F,Factor,2026-09-24
2007-09-14,76.22000122070312,76.22000122070312,76.69000244140625,77.23999786376953,76.06999969482422,2912,BZ=F,Factor,2026-09-24
2007-09-17,76.9800033569336,76.9800033569336,75.54000091552734,77.04000091552734,75.54000091552734,2573,BZ=F,Factor,2026-09-24
2007-09-18,77.58999633789062,77.58999633789062,76.66999816894531,78.33000183105469,76.33000183105469,3427,BZ=F,Factor,2026-09-24
2007-09-19,78.47000122070312,78.47000122070312,78.04000091552734,78.55999755859375,77.45999908447266,3109,BZ=F,Factor,2026-09-24
2007-09-20,79.08999633789062,79.08999633789062,77.87000274658203,79.2699966430664,77.81999969482422,2426,BZ=F,Factor,2026-09-24
2007-09-21,79.30000305175781,79.30000305175781,79.25,79.94999694824219,78.4800033569336,2768,BZ=F,Factor,2026-09-24
2007-09-24,78.91000366210938,78.91000366210938,78.6500015258789,79.47000122070312,78.2300033569336,2619,BZ=F,Factor,2026-09-24
2007-09-25,77.62000274658203,77.62000274658203,78.41999816894531,78.4800033569336,77.19000244140625,4042,BZ=F,Factor,2026-09-24
2007-09-26,77.43000030517578,77.43000030517578,77.9000015258789,78.27999877929688,76.37999725341797,4071,BZ=F,Factor,2026-09-24
2007-09-27,80.02999877929688,80.02999877929688,78.01000213623047,80.18000030517578,78.01000213623047,3604,BZ=F,Factor,2026-09-24
2007-09-28,79.16999816894531,79.16999816894531,80.05999755859375,81.02999877929688,78.91999816894531,2607,BZ=F,Factor,2026-09-24
2007-10-01,77.63999938964844,77.63999938964844,78.83000183105469,78.94000244140625,76.94000244140625,4079,BZ=F,Factor,2026-09-24
2007-10-02,77.37999725341797,77.37999725341797,77.06999969482422,77.44999694824219,76.33000183105469,3748,BZ=F,Factor,2026-09-24
2007-10-03,77.37999725341797,77.37999725341797,77.41999816894531,77.80999755859375,76.87000274658203,3765,BZ=F,Factor,2026-09-24
2007-10-04,78.97000122070312,78.97000122070312,76.9800033569336,79.23999786376953,76.55999755859375,3821,BZ=F,Factor,2026-09-24
2007-10-05,78.9000015258789,78.9000015258789,79.04000091552734,79.08000183105469,78.19000244140625,3024,BZ=F,Factor,2026-09-24
2007-10-08,76.58000183105469,76.58000183105469,78.33999633789062,78.33999633789062,76.16000366210938,2623,BZ=F,Factor,2026-09-24
2007-10-09,77.48999786376953,77.48999786376953,75.91999816894531,78.16000366210938,75.66999816894531,2981,BZ=F,Factor,2026-09-24
2007-10-10,78.5999984741211,78.5999984741211,77.44000244140625,78.6500015258789,76.98999786376953,5814,BZ=F,Factor,2026-09-24
2007-10-11,80.1500015258789,80.1500015258789,79.43000030517578,80.68000030517578,79.0999984741211,3076,BZ=F,Factor,2026-09-24
2007-10-12,80.55000305175781,80.55000305175781,79.87000274658203,80.88999938964844,79.79000091552734,1864,BZ=F,Factor,2026-09-24
2007-10-15,82.75,82.75,81.4000015258789,82.86000061035156,81.37000274658203,1211,BZ=F,Factor,2026-09-24
2007-10-16,83.55000305175781,83.55000305175781,82.93000030517578,83.79000091552734,82.16999816894531,3747,BZ=F,Factor,2026-09-24
2007-10-17,83.12999725341797,83.12999725341797,83.27999877929688,84.41000366210938,82.66999816894531,4623,BZ=F,Factor,2026-09-24
2007-10-18,84.5999984741211,84.5999984741211,83.33999633789062,84.69999694824219,83.13999938964844,3256,BZ=F,Factor,2026-09-24
2007-10-19,83.79000091552734,83.79000091552734,84.6500015258789,84.66000366210938,83.16999816894531,3570,BZ=F,Factor,2026-09-24
2007-10-22,83.2699966430664,83.2699966430664,81.94999694824219,84.06999969482422,81.94999694824219,3145,BZ=F,Factor,2026-09-24
2007-10-23,82.8499984741211,82.8499984741211,83.55999755859375,83.58000183105469,82.36000061035156,3005,BZ=F,Factor,2026-09-24
2007-10-24,84.37000274658203,84.37000274658203,82.73999786376953,84.47000122070312,82.69999694824219,2766,BZ=F,Factor,2026-09-24
2007-10-25,87.4800033569336,87.4800033569336,85.55999755859375,87.56999969482422,85.33000183105469,2467,BZ=F,Factor,2026-09-24
2007-10-26,88.69000244140625,88.69000244140625,88.13999938964844,88.75,87.63999938964844,2952,BZ=F,Factor,2026-09-24
2007-10-29,90.31999969482422,90.31999969482422,89.58999633789062,90.43000030517578,88.77999877929688,2303,BZ=F,Factor,2026-09-24
2007-10-30,87.44000244140625,87.44000244140625,88.9800033569336,89.55000305175781,86.91000366210938,4041,BZ=F,Factor,2026-09-24
2007-10-31,90.62999725341797,90.62999725341797,88.30999755859375,90.9000015258789,86.94000244140625,2093,BZ=F,Factor,2026-09-24
2007-11-01,89.72000122070312,89.72000122070312,91.19999694824219,91.25,88.5999984741211,3831,BZ=F,Factor,2026-09-24
2007-11-02,92.08000183105469,92.08000183105469,90.61000061035156,92.2300033569336,90.26000213623047,1781,BZ=F,Factor,2026-09-24
2007-11-05,90.48999786376953,90.48999786376953,90.58000183105469,92.2699966430664,90.26000213623047,1992,BZ=F,Factor,2026-09-24
2007-11-06,93.26000213623047,93.26000213623047,92.31999969482422,93.54000091552734,92.20999908447266,2594,BZ=F,Factor,2026-09-24
2007-11-07,93.23999786376953,93.23999786376953,94.37999725341797,94.58999633789062,91.75,2778,BZ=F,Factor,2026-09-24
2007-11-08,92.79000091552734,92.79000091552734,93.91999816894531,94.73999786376953,92.5199966430664,2421,BZ=F,Factor,2026-09-24
2007-11-09,93.18000030517578,93.18000030517578,92.05000305175781,93.7699966430664,91.80999755859375,2177,BZ=F,Factor,2026-09-24
2007-11-12,91.9800033569336,91.9800033569336,92.26000213623047,92.37999725341797,91.0,2000,BZ=F,Factor,2026-09-24
2007-11-13,88.83000183105469,88.83000183105469,91.01000213623047,91.33999633789062,87.91000366210938,2488,BZ=F,Factor,2026-09-24
2007-11-14,91.36000061035156,91.36000061035156,89.58000183105469,91.55000305175781,89.41999816894531,1082,BZ=F,Factor,2026-09-24
2007-11-15,90.2300033569336,90.2300033569336,90.55999755859375,90.6500015258789,88.72000122070312,935,BZ=F,Factor,2026-09-24
2007-11-16,91.62000274658203,91.62000274658203,90.93000030517578,91.94999694824219,90.88999938964844,1032,BZ=F,Factor,2026-09-24
2007-11-19,92.27999877929688,92.27999877929688,92.31999969482422,92.5199966430664,91.0199966430664,986,BZ=F,Factor,2026-09-24
2007-11-20,95.48999786376953,95.48999786376953,93.4800033569336,95.7300033569336,93.16000366210938,2063,BZ=F,Factor,2026-09-24
2007-11-21,94.83999633789062,94.83999633789062,95.62999725341797,96.13999938964844,94.04000091552734,1649,BZ=F,Factor,2026-09-24
2007-11-23,95.76000213623047,95.76000213623047,94.01000213623047,95.93000030517578,94.01000213623047,447,BZ=F,Factor,2026-09-24
2007-11-26,95.31999969482422,95.31999969482422,95.97000122070312,96.12000274658203,94.29000091552734,1358,BZ=F,Factor,2026-09-24
2007-11-27,92.5199966430664,92.5199966430664,93.86000061035156,93.86000061035156,92.43000030517578,2162,BZ=F,Factor,2026-09-24
2007-11-28,89.80999755859375,89.80999755859375,92.95999908447266,93.37000274658203,89.66000366210938,2968,BZ=F,Factor,2026-09-24
2007-11-29,90.22000122070312,90.22000122070312,91.72000122070312,91.93000030517578,89.75,2605,BZ=F,Factor,2026-09-24
2007-11-30,88.26000213623047,88.26000213623047,88.70999908447266,90.1500015258789,87.91000366210938,1332,BZ=F,Factor,2026-09-24
2007-12-03,89.80000305175781,89.80000305175781,87.6500015258789,90.02999877929688,87.05000305175781,1804,BZ=F,Factor,2026-09-24
2007-12-04,89.52999877929688,89.52999877929688,90.0199966430664,90.3499984741211,88.98999786376953,1948,BZ=F,Factor,2026-09-24
2007-12-05,88.48999786376953,88.48999786376953,91.0199966430664,91.22000122070312,88.37000274658203,1864,BZ=F,Factor,2026-09-24
2007-12-06,90.18000030517578,90.18000030517578,87.5,90.62999725341797,87.05999755859375,2366,BZ=F,Factor,2026-09-24
2007-12-07,88.63999938964844,88.63999938964844,89.97000122070312,90.41000366210938,87.55000305175781,1496,BZ=F,Factor,2026-09-24
2007-12-10,88.04000091552734,88.04000091552734,88.20999908447266,89.83999633789062,87.5,1526,BZ=F,Factor,2026-09-24
2007-12-11,89.98999786376953,89.98999786376953,88.51000213623047,90.36000061035156,88.19999694824219,1939,BZ=F,Factor,2026-09-24
2007-12-12,94.0199966430664,94.0199966430664,90.38999938964844,94.44000244140625,90.38999938964844,1383,BZ=F,Factor,2026-09-24
2007-12-13,92.12000274658203,92.12000274658203,94.04000091552734,94.33000183105469,92.01000213623047,1064,BZ=F,Factor,2026-09-24
2007-12-14,91.69000244140625,91.69000244140625,92.30999755859375,93.30999755859375,91.12999725341797,2077,BZ=F,Factor,2026-09-24
2007-12-17,91.29000091552734,91.29000091552734,91.80000305175781,92.33999633789062,90.1500015258789,1859,BZ=F,Factor,2026-09-24
2007-12-18,90.12000274658203,90.12000274658203,91.58000183105469,92.87999725341797,89.36000061035156,1446,BZ=F,Factor,2026-09-24
2007-12-19,91.4800033569336,91.4800033569336,90.69999694824219,92.27999877929688,89.79000091552734,1047,BZ=F,Factor,2026-09-24
2007-12-20,90.87999725341797,90.87999725341797,92.23999786376953,92.23999786376953,90.70999908447266,1137,BZ=F,Factor,2026-09-24
2007-12-21,92.45999908447266,92.45999908447266,90.76000213623047,92.91999816894531,90.70999908447266,885,BZ=F,Factor,2026-09-24
2007-12-24,92.69999694824219,92.69999694824219,92.2699966430664,92.3499984741211,91.37999725341797,87,BZ=F,Factor,2026-09-24
2007-12-26,93.94000244140625,93.94000244140625,93.08000183105469,95.04000091552734,92.83999633789062,1335,BZ=F,Factor,2026-09-24
2007-12-27,94.77999877929688,94.77999877929688,94.11000061035156,95.86000061035156,93.56999969482422,1453,BZ=F,Factor,2026-09-24
2007-12-28,93.87999725341797,93.87999725341797,95.19000244140625,95.8499984741211,93.8499984741211,1108,BZ=F,Factor,2026-09-24
2007-12-31,93.8499984741211,93.8499984741211,93.9000015258789,95.26000213623047,93.27999877929688,1108,BZ=F,Factor,2026-09-24
2008-01-02,97.83999633789062,97.83999633789062,94.30000305175781,98.0199966430664,94.19999694824219,1149,BZ=F,Factor,2026-09-24
2008-01-03,97.5999984741211,97.5999984741211,97.5,98.47000122070312,97.06999969482422,1386,BZ=F,Factor,2026-09-24
2008-01-04,96.79000091552734,96.79000091552734,97.73999786376953,97.88999938964844,96.20999908447266,1240,BZ=F,Factor,2026-09-24
2008-01-07,94.38999938964844,94.38999938964844,96.81999969482422,97.45999908447266,93.7300033569336,1826,BZ=F,Factor,2026-09-24
2008-01-08,95.54000091552734,95.54000091552734,95.44000244140625,96.66999816894531,94.51000213623047,1082,BZ=F,Factor,2026-09-24
2008-01-09,94.37000274658203,94.37000274658203,95.63999938964844,96.70999908447266,94.12000274658203,1903,BZ=F,Factor,2026-09-24
2008-01-10,92.22000122070312,92.22000122070312,94.23999786376953,94.83000183105469,92.16999816894531,2675,BZ=F,Factor,2026-09-24
2008-01-11,91.06999969482422,91.06999969482422,91.68000030517578,92.55999755859375,90.8499984741211,1646,BZ=F,Factor,2026-09-24
2008-01-14,92.91999816894531,92.91999816894531,91.19999694824219,93.0199966430664,91.19999694824219,1873,BZ=F,Factor,2026-09-24
2008-01-15,90.9800033569336,90.9800033569336,92.95999908447266,93.0,90.36000061035156,1165,BZ=F,Factor,2026-09-24
2008-01-16,89.5,89.5,89.94999694824219,90.47000122070312,88.31999969482422,918,BZ=F,Factor,2026-09-24
2008-01-17,88.75,88.75,90.06999969482422,90.69000244140625,88.19999694824219,1170,BZ=F,Factor,2026-09-24
2008-01-18,89.2300033569336,89.2300033569336,89.1500015258789,89.95999908447266,88.72000122070312,1170,BZ=F,Factor,2026-09-24
2008-01-22,88.44999694824219,88.44999694824219,88.5999984741211,88.87000274658203,85.0999984741211,2072,BZ=F,Factor,2026-09-24
2008-01-23,86.62000274658203,86.62000274658203,88.47000122070312,88.63999938964844,86.38999938964844,1197,BZ=F,Factor,2026-09-24
2008-01-24,89.06999969482422,89.06999969482422,87.66000366210938,89.31999969482422,86.9000015258789,1392,BZ=F,Factor,2026-09-24
2008-01-25,90.9000015258789,90.9000015258789,90.08999633789062,91.37000274658203,89.41000366210938,2660,BZ=F,Factor,2026-09-24
2008-01-28,91.37999725341797,91.37999725341797,89.9000015258789,91.73999786376953,89.31999969482422,1328,BZ=F,Factor,2026-09-24
2008-01-29,92.0,92.0,91.2699966430664,92.20999908447266,91.04000091552734,1358,BZ=F,Factor,2026-09-24
2008-01-30,92.52999877929688,92.52999877929688,92.43000030517578,92.76000213623047,91.4800033569336,848,BZ=F,Factor,2026-09-24
2008-01-31,92.20999908447266,92.20999908447266,91.44999694824219,92.80000305175781,90.19999694824219,1865,BZ=F,Factor,2026-09-24
2008-02-01,89.44000244140625,89.44000244140625,91.41999816894531,92.44000244140625,88.9800033569336,2110,BZ=F,Factor,2026-09-24
2008-02-04,90.4000015258789,90.4000015258789,89.01000213623047,91.11000061035156,88.66000366210938,1760,BZ=F,Factor,2026-09-24
2008-02-05,88.81999969482422,88.81999969482422,89.48999786376953,89.7300033569336,88.08999633789062,1819,BZ=F,Factor,2026-09-24
2008-02-06,87.77999877929688,87.77999877929688,88.51000213623047,89.56999969482422,87.55000305175781,1381,BZ=F,Factor,2026-09-24
2008-02-07,88.51000213623047,88.51000213623047,87.5,88.75,86.8499984741211,3593,BZ=F,Factor,2026-09-24
2008-02-08,91.94000244140625,91.94000244140625,89.6500015258789,92.30000305175781,89.11000061035156,2755,BZ=F,Factor,2026-09-24
2008-02-11,93.52999877929688,93.52999877929688,92.04000091552734,94.51000213623047,91.11000061035156,1816,BZ=F,Factor,2026-09-24
2008-02-12,92.86000061035156,92.86000061035156,92.56999969482422,94.12999725341797,92.22000122070312,1484,BZ=F,Factor,2026-09-24
2008-02-13,93.31999969482422,93.31999969482422,93.52999877929688,93.9800033569336,92.4000015258789,708,BZ=F,Factor,2026-09-24
2008-02-14,95.16000366210938,95.16000366210938,93.91000366210938,95.30999755859375,93.06999969482422,1054,BZ=F,Factor,2026-09-24
2008-02-15,94.62999725341797,94.62999725341797,95.02999877929688,95.77999877929688,94.04000091552734,1054,BZ=F,Factor,2026-09-24
2008-02-19,98.55999755859375,98.55999755859375,94.4800033569336,98.72000122070312,94.4800033569336,1837,BZ=F,Factor,2026-09-24
2008-02-20,98.41999816894531,98.41999816894531,97.4800033569336,99.19999694824219,96.77999877929688,1361,BZ=F,Factor,2026-09-24
2008-02-21,96.23999786376953,96.23999786376953,98.87999725341797,98.91999816894531,95.51000213623047,2049,BZ=F,Factor,2026-09-24
2008-02-22,97.01000213623047,97.01000213623047,96.26000213623047,97.55000305175781,95.75,1117,BZ=F,Factor,2026-09-24
2008-02-25,97.69000244140625,97.69000244140625,97.86000061035156,98.1500015258789,96.3499984741211,1547,BZ=F,Factor,2026-09-24
2008-02-26,99.47000122070312,99.47000122070312,97.6500015258789,99.75,97.20999908447266,2272,BZ=F,Factor,2026-09-24
2008-02-27,98.2699966430664,98.2699966430664,100.05999755859375,100.48999786376953,97.98999786376953,1629,BZ=F,Factor,2026-09-24
2008-02-28,100.9000015258789,100.9000015258789,98.12999725341797,101.27999877929688,97.51000213623047,2029,BZ=F,Factor,2026-09-24
2008-02-29,100.0999984741211,100.0999984741211,101.23999786376953,101.23999786376953,99.68000030517578,1601,BZ=F,Factor,2026-09-24
2008-03-03,100.4800033569336,100.4800033569336,100.25,102.26000213623047,99.26000213623047,2539,BZ=F,Factor,2026-09-24
2008-03-04,97.5199966430664,97.5199966430664,100.5999984741211,101.30999755859375,96.98999786376953,5074,BZ=F,Factor,2026-09-24
2008-03-05,101.63999938964844,101.63999938964844,97.5999984741211,102.0199966430664,97.58000183105469,3129,BZ=F,Factor,2026-09-24
2008-03-06,102.61000061035156,102.61000061035156,101.62000274658203,102.91999816894531,100.29000091552734,3977,BZ=F,Factor,2026-09-24
2008-03-07,102.37999725341797,102.37999725341797,102.41999816894531,103.94000244140625,101.38999938964844,3166,BZ=F,Factor,2026-09-24
2008-03-10,104.16000366210938,104.16000366210938,102.19000244140625,104.41999816894531,101.19999694824219,2395,BZ=F,Factor,2026-09-24
2008-03-11,105.25,105.25,104.94999694824219,105.79000091552734,103.30999755859375,2684,BZ=F,Factor,2026-09-24
2008-03-12,106.2699966430664,106.2699966430664,105.0999984741211,106.38999938964844,104.0199966430664,1607,BZ=F,Factor,2026-09-24
2008-03-13,107.54000091552734,107.54000091552734,106.4000015258789,107.86000061035156,105.62999725341797,674,BZ=F,Factor,2026-09-24
2008-03-14,106.19999694824219,106.19999694824219,106.16000366210938,106.9800033569336,105.08000183105469,768,BZ=F,Factor,2026-09-24
2008-03-17,101.75,101.75,102.87000274658203,104.16999816894531,99.69000244140625,933,BZ=F,Factor,2026-09-24
2008-03-18,105.55999755859375,105.55999755859375,102.08000183105469,106.11000061035156,101.76000213623047,1949,BZ=F,Factor,2026-09-24
2008-03-19,100.72000122070312,100.72000122070312,103.94999694824219,104.25,100.18000030517578,2602,BZ=F,Factor,2026-09-24
2008-03-20,100.37999725341797,100.37999725341797,99.93000030517578,100.79000091552734,97.9800033569336,1843,BZ=F,Factor,2026-09-24
2008-03-24,99.86000061035156,99.86000061035156,99.62000274658203,101.20999908447266,99.05000305175781,615,BZ=F,Factor,2026-09-24
2008-03-25,100.5999984741211,100.5999984741211,100.26000213623047,101.06999969482422,98.86000061035156,1484,BZ=F,Factor,2026-09-24
2008-03-26,103.98999786376953,103.98999786376953,101.29000091552734,104.12000274658203,101.0199966430664,2573,BZ=F,Factor,2026-09-24
2008-03-27,105.0,105.0,104.4000015258789,105.54000091552734,103.44000244140625,1559,BZ=F,Factor,2026-09-24
2008-03-28,103.7699966430664,103.7699966430664,105.08999633789062,105.37000274658203,103.04000091552734,1039,BZ=F,Factor,2026-09-24
2008-03-31,100.30000305175781,100.30000305175781,103.52999877929688,105.30999755859375,99.16000366210938,2274,BZ=F,Factor,2026-09-24
2008-04-01,100.16999816894531,100.16999816894531,100.02999877929688,101.47000122070312,98.9800033569336,1611,BZ=F,Factor,2026-09-24
2008-04-02,103.75,103.75,100.68000030517578,103.97000122070312,99.11000061035156,1605,BZ=F,Factor,2026-09-24
2008-04-03,102.5199966430664,102.5199966430664,102.25,104.5,102.12999725341797,1190,BZ=F,Factor,2026-09-24
2008-04-04,104.9000015258789,104.9000015258789,103.11000061035156,105.02999877929688,102.73999786376953,1108,BZ=F,Factor,2026-09-24
2008-04-07,107.13999938964844,107.13999938964844,105.61000061035156,107.48999786376953,104.62999725341797,1121,BZ=F,Factor,2026-09-24
2008-04-08,106.33999633789062,106.33999633789062,107.37999725341797,107.6500015258789,105.72000122070312,1189,BZ=F,Factor,2026-09-24
2008-04-09,108.47000122070312,108.47000122070312,105.97000122070312,109.5199966430664,105.79000091552734,2562,BZ=F,Factor,2026-09-24
2008-04-10,108.19999694824219,108.19999694824219,109.23999786376953,109.94999694824219,106.83999633789062,2029,BZ=F,Factor,2026-09-24
2008-04-11,108.75,108.75,108.70999908447266,109.11000061035156,107.7300033569336,1574,BZ=F,Factor,2026-09-24
2008-04-14,109.83999633789062,109.83999633789062,108.72000122070312,110.01000213623047,108.12999725341797,1079,BZ=F,Factor,2026-09-24
2008-04-15,111.58000183105469,111.58000183105469,110.08999633789062,111.87000274658203,110.08999633789062,605,BZ=F,Factor,2026-09-24
2008-04-16,112.66000366210938,112.66000366210938,111.61000061035156,112.83999633789062,110.12000274658203,1213,BZ=F,Factor,2026-09-24
2008-04-17,112.43000030517578,112.43000030517578,112.87999725341797,113.20999908447266,111.80000305175781,1098,BZ=F,Factor,2026-09-24
2008-04-18,113.91999816894531,113.91999816894531,111.87999725341797,114.16999816894531,110.66000366210938,936,BZ=F,Factor,2026-09-24
2008-04-21,114.43000030517578,114.43000030517578,114.30000305175781,114.86000061035156,113.05999755859375,1016,BZ=F,Factor,2026-09-24
2008-04-22,115.94999694824219,115.94999694824219,114.79000091552734,116.7300033569336,113.95999908447266,1396,BZ=F,Factor,2026-09-24
2008-04-23,116.45999908447266,116.45999908447266,115.41999816894531,116.63999938964844,114.62999725341797,966,BZ=F,Factor,2026-09-24
2008-04-24,114.33999633789062,114.33999633789062,115.69000244140625,116.80999755859375,112.69999694824219,2426,BZ=F,Factor,2026-09-24
2008-04-25,116.33999633789062,116.33999633789062,113.63999938964844,117.58000183105469,112.5199966430664,1229,BZ=F,Factor,2026-09-24
2008-04-28,116.73999786376953,116.73999786376953,116.9000015258789,117.47000122070312,116.06999969482422,630,BZ=F,Factor,2026-09-24
2008-04-29,113.43000030517578,113.43000030517578,115.31999969482422,115.83999633789062,113.04000091552734,1545,BZ=F,Factor,2026-09-24
2008-04-30,111.36000061035156,111.36000061035156,113.13999938964844,114.62999725341797,111.23999786376953,2069,BZ=F,Factor,2026-09-24
2008-05-01,110.5,110.5,112.11000061035156,112.91999816894531,108.44999694824219,1253,BZ=F,Factor,2026-09-24
2008-05-02,114.55999755859375,114.55999755859375,111.25,114.7699966430664,110.72000122070312,1433,BZ=F,Factor,2026-09-24
2008-05-05,117.98999786376953,117.98999786376953,115.19999694824219,118.56999969482422,114.25,693,BZ=F,Factor,2026-09-24
2008-05-06,120.30999755859375,120.30999755859375,118.38999938964844,121.0199966430664,117.72000122070312,1137,BZ=F,Factor,2026-09-24
2008-05-07,122.31999969482422,122.31999969482422,120.61000061035156,122.7300033569336,119.3499984741211,1550,BZ=F,Factor,2026-09-24
2008-05-08,122.83999633789062,122.83999633789062,122.06999969482422,123.80999755859375,120.93000030517578,854,BZ=F,Factor,2026-09-24
2008-05-09,125.4000015258789,125.4000015258789,124.25,125.87000274658203,123.7699966430664,1383,BZ=F,Factor,2026-09-24
2008-05-12,122.91000366210938,122.91000366210938,124.58999633789062,125.16999816894531,122.54000091552734,1327,BZ=F,Factor,2026-09-24
2008-05-13,124.0999984741211,124.0999984741211,122.94999694824219,124.94000244140625,121.93000030517578,1721,BZ=F,Factor,2026-09-24
2008-05-14,121.86000061035156,121.86000061035156,123.30000305175781,124.26000213623047,121.62000274658203,897,BZ=F,Factor,2026-09-24
2008-05-15,122.62999725341797,122.62999725341797,123.62000274658203,125.52999877929688,120.12999725341797,296,BZ=F,Factor,2026-09-24
2008-05-16,124.98999786376953,124.98999786376953,124.87000274658203,126.30999755859375,124.16000366210938,1345,BZ=F,Factor,2026-09-24
2008-05-19,125.05999755859375,125.05999755859375,124.26000213623047,126.01000213623047,123.6500015258789,1030,BZ=F,Factor,2026-09-24
2008-05-20,127.83999633789062,127.83999633789062,125.02999877929688,128.0500030517578,124.54000091552734,1055,BZ=F,Factor,2026-09-24
2008-05-21,132.6999969482422,132.6999969482422,128.52000427246094,133.58999633789062,127.91999816894531,1442,BZ=F,Factor,2026-09-24
2008-05-22,130.50999450683594,130.50999450683594,133.82000732421875,135.11000061035156,131.52000427246094,1953,BZ=F,Factor,2026-09-24
2008-05-23,131.57000732421875,131.57000732421875,132.22000122070312,133.72999572753906,130.11000061035156,1953,BZ=F,Factor,2026-09-24
2008-05-27,128.30999755859375,128.30999755859375,132.55999755859375,133.3800048828125,127.87000274658203,1968,BZ=F,Factor,2026-09-24
2008-05-28,130.92999267578125,130.92999267578125,128.9600067138672,131.13999938964844,126.08000183105469,2178,BZ=F,Factor,2026-09-24
2008-05-29,126.88999938964844,126.88999938964844,130.5500030517578,132.5500030517578,126.30000305175781,3138,BZ=F,Factor,2026-09-24
2008-05-30,127.77999877929688,127.77999877929688,125.0999984741211,128.97000122070312,125.0999984741211,2604,BZ=F,Factor,2026-09-24
2008-06-02,128.02000427246094,128.02000427246094,127.11000061035156,129.1999969482422,125.73999786376953,1457,BZ=F,Factor,2026-09-24
2008-06-03,124.58000183105469,124.58000183105469,128.0399932861328,128.05999755859375,124.22000122070312,1691,BZ=F,Factor,2026-09-24
2008-06-04,122.0999984741211,122.0999984741211,123.44999694824219,124.66999816894531,121.72000122070312,1157,BZ=F,Factor,2026-09-24
2008-06-05,127.54000091552734,127.54000091552734,121.98999786376953,127.83999633789062,121.38999938964844,1422,BZ=F,Factor,2026-09-24
2008-06-06,137.69000244140625,137.69000244140625,128.80999755859375,137.5399932861328,127.27999877929688,1510,BZ=F,Factor,2026-09-24
2008-06-09,133.91000366210938,133.91000366210938,137.11000061035156,137.47999572753906,132.5,1393,BZ=F,Factor,2026-09-24
2008-06-10,131.02000427246094,131.02000427246094,133.2100067138672,137.69000244140625,130.82000732421875,1832,BZ=F,Factor,2026-09-24
2008-06-11,135.02000427246094,135.02000427246094,132.60000610351562,137.22999572753906,131.72999572753906,930,BZ=F,Factor,2026-09-24
2008-06-12,136.08999633789062,136.08999633789062,133.55999755859375,136.6699981689453,131.33999633789062,723,BZ=F,Factor,2026-09-24
2008-06-13,135.11000061035156,135.11000061035156,136.6699981689453,137.4600067138672,134.22000122070312,544,BZ=F,Factor,2026-09-24
2008-06-16,134.7100067138672,134.7100067138672,135.13999938964844,139.10000610351562,132.97000122070312,996,BZ=F,Factor,2026-09-24
2008-06-17,133.72000122070312,133.72000122070312,134.61000061035156,135.24000549316406,132.00999450683594,1411,BZ=F,Factor,2026-09-24
2008-06-18,136.44000244140625,136.44000244140625,133.58999633789062,135.0399932861328,132.1999969482422,751,BZ=F,Factor,2026-09-24
2008-06-19,132.0,132.0,136.77000427246094,137.3699951171875,131.97000122070312,1667,BZ=F,Factor,2026-09-24
2008-06-20,134.86000061035156,134.86000061035156,132.9499969482422,136.75,131.5500030517578,998,BZ=F,Factor,2026-09-24
2008-06-23,135.91000366210938,135.91000366210938,136.97000122070312,137.27999877929688,133.69000244140625,1175,BZ=F,Factor,2026-09-24
2008-06-24,136.4600067138672,136.4600067138672,136.80999755859375,137.72000122070312,135.47000122070312,1660,BZ=F,Factor,2026-09-24
2008-06-25,134.3300018310547,134.3300018310547,137.02000427246094,137.17999267578125,132.07000732421875,1438,BZ=F,Factor,2026-09-24
2008-06-26,139.8300018310547,139.8300018310547,134.94000244140625,140.5500030517578,133.5500030517578,1771,BZ=F,Factor,2026-09-24
2008-06-27,140.30999755859375,140.30999755859375,140.3800048828125,142.91000366210938,139.02999877929688,1472,BZ=F,Factor,2026-09-24
2008-06-30,139.8300018310547,139.8300018310547,142.35000610351562,143.86000061035156,139.75999450683594,562,BZ=F,Factor,2026-09-24
2008-07-01,140.6699981689453,140.6699981689453,141.60000610351562,143.36000061035156,140.32000732421875,811,BZ=F,Factor,2026-09-24
2008-07-02,144.25999450683594,144.25999450683594,141.63999938964844,144.89999389648438,140.49000549316406,1064,BZ=F,Factor,2026-09-24
2008-07-03,146.0800018310547,146.0800018310547,146.0800018310547,146.27000427246094,144.27000427246094,1064,BZ=F,Factor,2026-09-24
2008-07-07,141.8699951171875,141.8699951171875,143.27000427246094,143.9499969482422,140.3699951171875,1332,BZ=F,Factor,2026-09-24
2008-07-08,136.42999267578125,136.42999267578125,139.27000427246094,139.42999267578125,135.6199951171875,1547,BZ=F,Factor,2026-09-24
2008-07-09,136.5800018310547,136.5800018310547,137.99000549316406,138.85000610351562,136.0800018310547,631,BZ=F,Factor,2026-09-24
2008-07-10,142.02999877929688,142.02999877929688,136.44000244140625,142.41000366210938,136.22999572753906,1035,BZ=F,Factor,2026-09-24
2008-07-11,144.49000549316406,144.49000549316406,144.75999450683594,147.42999267578125,141.64999389648438,1581,BZ=F,Factor,2026-09-24
2008-07-14,143.9199981689453,143.9199981689453,143.75999450683594,145.24000549316406,142.30999755859375,699,BZ=F,Factor,2026-09-24
2008-07-15,138.75,138.75,145.27999877929688,145.50999450683594,136.64999389648438,621,BZ=F,Factor,2026-09-24
2008-07-16,135.80999755859375,135.80999755859375,139.0500030517578,140.22999572753906,134.47999572753906,415,BZ=F,Factor,2026-09-24
2008-07-17,131.07000732421875,131.07000732421875,136.05999755859375,137.6300048828125,131.0399932861328,960,BZ=F,Factor,2026-09-24
2008-07-18,130.19000244140625,130.19000244140625,132.85000610351562,133.13999938964844,130.02000427246094,573,BZ=F,Factor,2026-09-24
2008-07-21,132.61000061035156,132.61000061035156,130.72000122070312,133.50999450683594,130.1999969482422,859,BZ=F,Factor,2026-09-24
2008-07-22,129.5500030517578,129.5500030517578,132.83999633789062,133.7100067138672,127.80000305175781,849,BZ=F,Factor,2026-09-24
2008-07-23,125.29000091552734,125.29000091552734,127.2699966430664,129.4499969482422,125.1500015258789,1292,BZ=F,Factor,2026-09-24
2008-07-24,126.44000244140625,126.44000244140625,125.05999755859375,126.5199966430664,124.62999725341797,1099,BZ=F,Factor,2026-09-24
2008-07-25,124.5199966430664,124.5199966430664,126.91000366210938,127.43000030517578,123.44999694824219,1159,BZ=F,Factor,2026-09-24
2008-07-28,125.83999633789062,125.83999633789062,125.87000274658203,126.44999694824219,124.55999755859375,845,BZ=F,Factor,2026-09-24
2008-07-29,122.70999908447266,122.70999908447266,125.3499984741211,126.75,121.27999877929688,1267,BZ=F,Factor,2026-09-24
2008-07-30,127.0999984741211,127.0999984741211,122.19999694824219,127.58999633789062,121.55999755859375,1633,BZ=F,Factor,2026-09-24
2008-07-31,123.9800033569336,123.9800033569336,126.29000091552734,127.48999786376953,122.9800033569336,1997,BZ=F,Factor,2026-09-24
2008-08-01,124.18000030517578,124.18000030517578,122.01000213623047,127.91000366210938,122.0,855,BZ=F,Factor,2026-09-24
2008-08-04,120.68000030517578,120.68000030517578,124.66000366210938,124.8499984741211,120.20999908447266,1339,BZ=F,Factor,2026-09-24
2008-08-05,117.69999694824219,117.69999694824219,118.08999633789062,119.80999755859375,117.0,1105,BZ=F,Factor,2026-09-24
2008-08-06,117.0,117.0,117.79000091552734,118.72000122070312,115.69999694824219,1216,BZ=F,Factor,2026-09-24
2008-08-07,117.86000061035156,117.86000061035156,117.88999938964844,119.69999694824219,116.30000305175781,1534,BZ=F,Factor,2026-09-24
2008-08-08,113.33000183105469,113.33000183105469,115.95999908447266,116.27999877929688,113.16999816894531,1523,BZ=F,Factor,2026-09-24
2008-08-11,112.66999816894531,112.66999816894531,115.08999633789062,115.08999633789062,111.12000274658203,1630,BZ=F,Factor,2026-09-24
2008-08-12,111.1500015258789,111.1500015258789,110.7300033569336,114.25,110.66999816894531,1568,BZ=F,Factor,2026-09-24
2008-08-13,113.47000122070312,113.47000122070312,111.91000366210938,114.81999969482422,111.4800033569336,1053,BZ=F,Factor,2026-09-24
2008-08-14,113.68000030517578,113.68000030517578,114.51000213623047,115.51000213623047,111.6500015258789,1132,BZ=F,Factor,2026-09-24
2008-08-15,112.55000305175781,112.55000305175781,112.26000213623047,112.95999908447266,110.36000061035156,952,BZ=F,Factor,2026-09-24
2008-08-18,111.94000244140625,111.94000244140625,113.12999725341797,113.80999755859375,110.87000274658203,1145,BZ=F,Factor,2026-09-24
2008-08-19,113.25,113.25,111.11000061035156,115.33000183105469,110.75,1106,BZ=F,Factor,2026-09-24
2008-08-20,114.36000061035156,114.36000061035156,114.08999633789062,115.4800033569336,111.6500015258789,1149,BZ=F,Factor,2026-09-24
2008-08-21,120.16000366210938,120.16000366210938,117.30999755859375,120.79000091552734,117.30999755859375,802,BZ=F,Factor,2026-09-24
2008-08-22,113.91999816894531,113.91999816894531,118.5199966430664,118.98999786376953,113.55999755859375,1049,BZ=F,Factor,2026-09-24
2008-08-25,114.02999877929688,114.02999877929688,114.79000091552734,115.4800033569336,113.2300033569336,422,BZ=F,Factor,2026-09-24
2008-08-26,114.62999725341797,114.62999725341797,114.33000183105469,116.33000183105469,113.75,961,BZ=F,Factor,2026-09-24
2008-08-27,116.22000122070312,116.22000122070312,115.80000305175781,117.27999877929688,115.16000366210938,1082,BZ=F,Factor,2026-09-24
2008-08-28,114.16999816894531,114.16999816894531,117.76000213623047,118.29000091552734,112.9000015258789,1015,BZ=F,Factor,2026-09-24
2008-08-29,114.05000305175781,114.05000305175781,116.69999694824219,116.69999694824219,113.98999786376953,1015,BZ=F,Factor,2026-09-24
2008-09-02,108.33999633789062,108.33999633789062,106.55000305175781,109.22000122070312,105.41999816894531,618,BZ=F,Factor,2026-09-24
2008-09-03,108.05999755859375,108.05999755859375,107.0999984741211,108.20999908447266,106.22000122070312,812,BZ=F,Factor,2026-09-24
2008-09-04,106.30000305175781,106.30000305175781,108.51000213623047,108.66000366210938,105.19000244140625,1352,BZ=F,Factor,2026-09-24
2008-09-05,104.08999633789062,104.08999633789062,105.87000274658203,106.2300033569336,103.4800033569336,802,BZ=F,Factor,2026-09-24
2008-09-08,103.44000244140625,103.44000244140625,105.43000030517578,105.5,102.43000030517578,938,BZ=F,Factor,2026-09-24
2008-09-09,100.33999633789062,100.33999633789062,101.80000305175781,101.9800033569336,100.66000366210938,826,BZ=F,Factor,2026-09-24
2008-09-10,98.97000122070312,98.97000122070312,100.81999969482422,101.30000305175781,98.12000274658203,1153,BZ=F,Factor,2026-09-24
2008-09-11,97.63999938964844,97.63999938964844,98.66000366210938,100.0199966430664,97.06999969482422,1060,BZ=F,Factor,2026-09-24
2008-09-12,97.58000183105469,97.58000183105469,98.29000091552734,98.91000366210938,96.5,255,BZ=F,Factor,2026-09-24
2008-09-15,94.23999786376953,94.23999786376953,94.55000305175781,95.75,94.22000122070312,589,BZ=F,Factor,2026-09-24
2008-09-16,89.22000122070312,89.22000122070312,90.18000030517578,91.93000030517578,89.08000183105469,689,BZ=F,Factor,2026-09-24
2008-09-17,94.83999633789062,94.83999633789062,91.81999969482422,94.25,89.16999816894531,751,BZ=F,Factor,2026-09-24
2008-09-18,95.19000244140625,95.19000244140625,98.43000030517578,98.43000030517578,94.37000274658203,840,BZ=F,Factor,2026-09-24
2008-09-19,99.61000061035156,99.61000061035156,98.08999633789062,100.41000366210938,96.22000122070312,974,BZ=F,Factor,2026-09-24
2008-09-22,106.04000091552734,106.04000091552734,102.20999908447266,106.30999755859375,102.20999908447266,1252,BZ=F,Factor,2026-09-24
2008-09-23,103.08000183105469,103.08000183105469,103.83000183105469,105.13999938964844,100.76000213623047,848,BZ=F,Factor,2026-09-24
2008-09-24,102.44999694824219,102.44999694824219,105.5999984741211,105.7699966430664,101.93000030517578,750,BZ=F,Factor,2026-09-24
2008-09-25,104.5999984741211,104.5999984741211,101.04000091552734,104.97000122070312,100.77999877929688,668,BZ=F,Factor,2026-09-24
2008-09-26,103.54000091552734,103.54000091552734,102.33999633789062,103.19000244140625,101.66999816894531,1058,BZ=F,Factor,2026-09-24
2008-09-29,93.9800033569336,93.9800033569336,98.51000213623047,99.0999984741211,94.47000122070312,433,BZ=F,Factor,2026-09-24
2008-09-30,98.16999816894531,98.16999816894531,95.98999786376953,98.83000183105469,95.55000305175781,678,BZ=F,Factor,2026-09-24
2008-10-01,95.33000183105469,95.33000183105469,97.4000015258789,97.4000015258789,92.91000366210938,855,BZ=F,Factor,2026-09-24
2008-10-02,90.55999755859375,90.55999755859375,92.3499984741211,93.19000244140625,90.5199966430664,1068,BZ=F,Factor,2026-09-24
2008-10-03,90.25,90.25,90.81999969482422,92.11000061035156,88.12000274658203,993,BZ=F,Factor,2026-09-24
2008-10-06,83.68000030517578,83.68000030517578,86.80999755859375,88.18000030517578,83.94999694824219,887,BZ=F,Factor,2026-09-24
2008-10-07,84.66000366210938,84.66000366210938,86.12000274658203,87.80999755859375,82.91000366210938,849,BZ=F,Factor,2026-09-24
2008-10-08,84.36000061035156,84.36000061035156,83.0999984741211,85.19999694824219,81.63999938964844,1069,BZ=F,Factor,2026-09-24
2008-10-09,82.66000366210938,82.66000366210938,84.41000366210938,84.88999938964844,82.2699966430664,583,BZ=F,Factor,2026-09-24
2008-10-10,74.08999633789062,74.08999633789062,78.69000244140625,78.69000244140625,74.25,971,BZ=F,Factor,2026-09-24
2008-10-13,77.45999908447266,77.45999908447266,78.01000213623047,78.44000244140625,76.05000305175781,756,BZ=F,Factor,2026-09-24
2008-10-14,74.52999877929688,74.52999877929688,79.23999786376953,79.33999633789062,74.77999877929688,765,BZ=F,Factor,2026-09-24
2008-10-15,70.80000305175781,70.80000305175781,71.9800033569336,72.2300033569336,70.37999725341797,400,BZ=F,Factor,2026-09-24
2008-10-17,69.5999984741211,69.5999984741211,67.77999877929688,71.75,67.77999877929688,703,BZ=F,Factor,2026-09-24
2008-10-20,72.02999877929688,72.02999877929688,71.20999908447266,73.12000274658203,69.62999725341797,897,BZ=F,Factor,2026-09-24
2008-10-21,69.72000122070312,69.72000122070312,68.94000244140625,69.9800033569336,68.16999816894531,253,BZ=F,Factor,2026-09-24
2008-10-22,64.5199966430664,64.5199966430664,66.44999694824219,66.51000213623047,64.66000366210938,519,BZ=F,Factor,2026-09-24
2008-10-23,65.91999816894531,65.91999816894531,64.4800033569336,67.30999755859375,64.4800033569336,461,BZ=F,Factor,2026-09-24
2008-10-24,62.04999923706055,62.04999923706055,61.79999923706055,63.540000915527344,61.06999969482422,577,BZ=F,Factor,2026-09-24
2008-10-27,61.40999984741211,61.40999984741211,61.349998474121094,63.4900016784668,60.2400016784668,386,BZ=F,Factor,2026-09-24
2008-10-28,60.290000915527344,60.290000915527344,62.36000061035156,62.529998779296875,59.4900016784668,200,BZ=F,Factor,2026-09-24
2008-10-29,65.47000122070312,65.47000122070312,64.5,66.69999694824219,63.75,318,BZ=F,Factor,2026-09-24
2008-10-30,63.709999084472656,63.709999084472656,66.41999816894531,66.41999816894531,62.290000915527344,491,BZ=F,Factor,2026-09-24
2008-10-31,65.31999969482422,65.31999969482422,61.20000076293945,66.0999984741211,60.9900016784668,275,BZ=F,Factor,2026-09-24
2008-11-03,60.47999954223633,60.47999954223633,63.040000915527344,64.16999816894531,60.2599983215332,635,BZ=F,Factor,2026-09-24
2008-11-04,66.44000244140625,66.44000244140625,61.33000183105469,67.66999816894531,61.130001068115234,955,BZ=F,Factor,2026-09-24
2008-11-05,61.869998931884766,61.869998931884766,64.62000274658203,65.48999786376953,61.41999816894531,928,BZ=F,Factor,2026-09-24
2008-11-06,57.43000030517578,57.43000030517578,61.119998931884766,61.209999084472656,56.810001373291016,1167,BZ=F,Factor,2026-09-24
2008-11-07,57.349998474121094,57.349998474121094,57.59000015258789,59.06999969482422,57.189998626708984,515,BZ=F,Factor,2026-09-24
2008-11-10,59.08000183105469,59.08000183105469,61.59000015258789,61.61000061035156,56.13999938964844,980,BZ=F,Factor,2026-09-24
2008-11-11,55.709999084472656,55.709999084472656,57.11000061035156,57.540000915527344,54.97999954223633,723,BZ=F,Factor,2026-09-24
2008-11-12,52.369998931884766,52.369998931884766,55.619998931884766,55.619998931884766,52.0,290,BZ=F,Factor,2026-09-24
2008-11-14,54.2400016784668,54.2400016784668,55.529998779296875,56.08000183105469,53.61000061035156,191,BZ=F,Factor,2026-09-24
2008-11-17,52.310001373291016,52.310001373291016,54.470001220703125,56.0099983215332,52.220001220703125,299,BZ=F,Factor,2026-09-24
2008-11-18,51.84000015258789,51.84000015258789,52.68000030517578,53.119998931884766,51.779998779296875,125,BZ=F,Factor,2026-09-24
2008-11-19,51.720001220703125,51.720001220703125,52.470001220703125,52.779998779296875,51.43000030517578,186,BZ=F,Factor,2026-09-24
2008-11-20,48.08000183105469,48.08000183105469,48.970001220703125,50.189998626708984,47.45000076293945,624,BZ=F,Factor,2026-09-24
2008-11-21,49.189998626708984,49.189998626708984,49.869998931884766,49.91999816894531,47.54999923706055,605,BZ=F,Factor,2026-09-24
2008-11-24,53.93000030517578,53.93000030517578,50.15999984741211,54.4900016784668,49.540000915527344,318,BZ=F,Factor,2026-09-24
2008-11-25,50.349998474121094,50.349998474121094,53.29999923706055,53.58000183105469,50.41999816894531,615,BZ=F,Factor,2026-09-24
2008-11-26,53.91999816894531,53.91999816894531,52.06999969482422,54.310001373291016,50.790000915527344,758,BZ=F,Factor,2026-09-24
2008-11-28,53.4900016784668,53.4900016784668,53.4900016784668,53.4900016784668,53.4900016784668,26,BZ=F,Factor,2026-09-24
2008-12-01,47.970001220703125,47.970001220703125,50.15999984741211,50.41999816894531,47.9900016784668,1103,BZ=F,Factor,2026-09-24
2008-12-02,45.439998626708984,45.439998626708984,48.29999923706055,48.91999816894531,45.5,900,BZ=F,Factor,2026-09-24
2008-12-03,45.439998626708984,45.439998626708984,45.13999938964844,46.25,44.95000076293945,869,BZ=F,Factor,2026-09-24
2008-12-04,42.279998779296875,42.279998779296875,44.5,45.5,42.22999954223633,519,BZ=F,Factor,2026-09-24
2008-12-05,39.7400016784668,39.7400016784668,41.939998626708984,42.04999923706055,39.380001068115234,496,BZ=F,Factor,2026-09-24
2008-12-08,43.41999816894531,43.41999816894531,43.06999969482422,44.029998779296875,42.34000015258789,433,BZ=F,Factor,2026-09-24
2008-12-09,41.529998779296875,41.529998779296875,43.04999923706055,43.869998931884766,41.36000061035156,548,BZ=F,Factor,2026-09-24
2008-12-10,42.400001525878906,42.400001525878906,43.220001220703125,45.099998474121094,41.119998931884766,284,BZ=F,Factor,2026-09-24
2008-12-11,47.38999938964844,47.38999938964844,44.150001525878906,48.310001373291016,44.150001525878906,452,BZ=F,Factor,2026-09-24
2008-12-12,46.40999984741211,46.40999984741211,44.56999969482422,47.040000915527344,43.40999984741211,668,BZ=F,Factor,2026-09-24
2008-12-15,44.599998474121094,44.599998474121094,49.540000915527344,49.7599983215332,44.52000045776367,261,BZ=F,Factor,2026-09-24
2008-12-17,45.529998779296875,45.529998779296875,47.439998626708984,48.29999923706055,45.470001220703125,747,BZ=F,Factor,2026-09-24
2008-12-18,43.36000061035156,43.36000061035156,46.0099983215332,46.33000183105469,43.25,902,BZ=F,Factor,2026-09-24
2008-12-19,44.0,44.0,44.029998779296875,45.040000915527344,43.33000183105469,568,BZ=F,Factor,2026-09-24
2008-12-22,41.45000076293945,41.45000076293945,43.470001220703125,44.380001068115234,41.33000183105469,445,BZ=F,Factor,2026-09-24
2008-12-23,40.36000061035156,40.36000061035156,41.90999984741211,41.90999984741211,39.369998931884766,772,BZ=F,Factor,2026-09-24
2008-12-24,36.61000061035156,36.61000061035156,38.45000076293945,39.22999954223633,37.0,112,BZ=F,Factor,2026-09-24
2008-12-26,38.369998931884766,38.369998931884766,37.33000183105469,38.650001525878906,37.06999969482422,64,BZ=F,Factor,2026-09-24
2008-12-29,40.54999923706055,40.54999923706055,39.880001068115234,40.790000915527344,38.22999954223633,430,BZ=F,Factor,2026-09-24
2008-12-30,40.150001525878906,40.150001525878906,39.779998779296875,40.63999938964844,38.66999816894531,377,BZ=F,Factor,2026-09-24
2008-12-31,45.59000015258789,45.59000015258789,39.54999923706055,45.66999816894531,39.54999923706055,14,BZ=F,Factor,2026-09-24
2009-01-02,46.90999984741211,46.90999984741211,46.90999984741211,46.90999984741211,46.90999984741211,50,BZ=F,Factor,2026-09-24
2009-01-05,49.619998931884766,49.619998931884766,46.400001525878906,49.97999954223633,46.400001525878906,560,BZ=F,Factor,2026-09-24
2009-01-06,50.529998779296875,50.529998779296875,51.779998779296875,52.130001068115234,49.599998474121094,203,BZ=F,Factor,2026-09-24
2009-01-07,45.86000061035156,45.86000061035156,50.43000030517578,50.54999923706055,45.72999954223633,244,BZ=F,Factor,2026-09-24
2009-01-08,44.66999816894531,44.66999816894531,45.810001373291016,46.34000015258789,43.79999923706055,370,BZ=F,Factor,2026-09-24
2009-01-09,44.41999816894531,44.41999816894531,43.97999954223633,44.630001068115234,42.849998474121094,457,BZ=F,Factor,2026-09-24
2009-01-12,42.90999984741211,42.90999984741211,42.959999084472656,43.380001068115234,42.650001525878906,256,BZ=F,Factor,2026-09-24
2009-01-13,44.83000183105469,44.83000183105469,44.41999816894531,45.209999084472656,44.25,74,BZ=F,Factor,2026-09-24
2009-01-14,45.08000183105469,45.08000183105469,44.84000015258789,45.61000061035156,43.84000015258789,139,BZ=F,Factor,2026-09-24
2009-01-16,46.56999969482422,46.56999969482422,48.75,48.869998931884766,46.060001373291016,139,BZ=F,Factor,2026-09-24
2009-01-20,43.619998931884766,43.619998931884766,44.25,45.599998474121094,43.20000076293945,216,BZ=F,Factor,2026-09-24
2009-01-21,45.02000045776367,45.02000045776367,43.58000183105469,45.16999816894531,43.380001068115234,191,BZ=F,Factor,2026-09-24
2009-01-22,45.38999938964844,45.38999938964844,44.720001220703125,45.38999938964844,43.41999816894531,140,BZ=F,Factor,2026-09-24
2009-01-23,48.369998931884766,48.369998931884766,44.65999984741211,48.47999954223633,43.93000030517578,208,BZ=F,Factor,2026-09-24
2009-01-26,46.959999084472656,46.959999084472656,47.66999816894531,49.5,46.83000183105469,259,BZ=F,Factor,2026-09-24
2009-01-27,43.72999954223633,43.72999954223633,46.150001525878906,46.33000183105469,43.59000015258789,235,BZ=F,Factor,2026-09-24
2009-01-28,44.900001525878906,44.900001525878906,44.630001068115234,46.130001068115234,43.900001525878906,423,BZ=F,Factor,2026-09-24
2009-01-29,45.400001525878906,45.400001525878906,44.22999954223633,45.970001220703125,44.189998626708984,105,BZ=F,Factor,2026-09-24
2009-01-30,45.880001068115234,45.880001068115234,45.83000183105469,47.47999954223633,45.630001068115234,114,BZ=F,Factor,2026-09-24
2009-02-02,43.81999969482422,43.81999969482422,44.9900016784668,45.16999816894531,44.400001525878906,36,BZ=F,Factor,2026-09-24
2009-02-03,44.08000183105469,44.08000183105469,44.40999984741211,44.5099983215332,43.900001525878906,143,BZ=F,Factor,2026-09-24
2009-02-04,44.150001525878906,44.150001525878906,44.5,44.97999954223633,43.68000030517578,538,BZ=F,Factor,2026-09-24
2009-02-05,46.459999084472656,46.459999084472656,44.880001068115234,46.470001220703125,44.18000030517578,134,BZ=F,Factor,2026-09-24
2009-02-06,46.209999084472656,46.209999084472656,44.81999969482422,47.060001373291016,44.22999954223633,206,BZ=F,Factor,2026-09-24
2009-02-09,46.02000045776367,46.02000045776367,48.20000076293945,48.20000076293945,46.43000030517578,42,BZ=F,Factor,2026-09-24
2009-02-10,44.61000061035156,44.61000061035156,47.060001373291016,47.060001373291016,44.65999984741211,68,BZ=F,Factor,2026-09-24
2009-02-11,44.279998779296875,44.279998779296875,45.16999816894531,45.29999923706055,44.06999969482422,240,BZ=F,Factor,2026-09-24
2009-02-13,46.2599983215332,46.2599983215332,46.2599983215332,46.2599983215332,46.2599983215332,240,BZ=F,Factor,2026-09-24
2009-02-17,42.45000076293945,42.45000076293945,42.45000076293945,42.45000076293945,42.45000076293945,240,BZ=F,Factor,2026-09-24
2009-02-18,40.75,40.75,40.75,40.75,40.75,240,BZ=F,Factor,2026-09-24
2009-02-19,43.279998779296875,43.279998779296875,43.279998779296875,43.279998779296875,43.279998779296875,240,BZ=F,Factor,2026-09-24
2009-02-20,43.13999938964844,43.13999938964844,43.13999938964844,43.13999938964844,43.13999938964844,240,BZ=F,Factor,2026-09-24
2009-02-23,42.36000061035156,42.36000061035156,42.279998779296875,42.279998779296875,42.279998779296875,2,BZ=F,Factor,2026-09-24
2009-02-24,43.84000015258789,43.84000015258789,42.4900016784668,43.439998626708984,42.4900016784668,4,BZ=F,Factor,2026-09-24
2009-02-25,45.41999816894531,45.41999816894531,44.209999084472656,45.47999954223633,44.18000030517578,176,BZ=F,Factor,2026-09-24
2009-02-26,47.61000061035156,47.61000061035156,46.849998474121094,47.459999084472656,46.599998474121094,7,BZ=F,Factor,2026-09-24
2009-02-27,47.20000076293945,47.20000076293945,46.27000045776367,46.56999969482422,46.27000045776367,4,BZ=F,Factor,2026-09-24
2009-03-02,43.15999984741211,43.15999984741211,44.369998931884766,44.61000061035156,43.0,13,BZ=F,Factor,2026-09-24
2009-03-03,44.560001373291016,44.560001373291016,43.540000915527344,44.599998474121094,42.90999984741211,9,BZ=F,Factor,2026-09-24
2009-03-04,46.9900016784668,46.9900016784668,46.95000076293945,47.150001525878906,46.0,18,BZ=F,Factor,2026-09-24
2009-03-05,44.779998779296875,44.779998779296875,45.939998626708984,45.939998626708984,44.040000915527344,12,BZ=F,Factor,2026-09-24
2009-03-06,45.939998626708984,45.939998626708984,44.540000915527344,46.13999938964844,44.43000030517578,13,BZ=F,Factor,2026-09-24
2009-03-09,45.349998474121094,45.349998474121094,45.59000015258789,45.939998626708984,45.279998779296875,16,BZ=F,Factor,2026-09-24
2009-03-10,45.150001525878906,45.150001525878906,46.7400016784668,46.86000061035156,45.029998779296875,7,BZ=F,Factor,2026-09-24
2009-03-11,42.54999923706055,42.54999923706055,44.27000045776367,44.619998931884766,42.4900016784668,20,BZ=F,Factor,2026-09-24
2009-03-12,46.20000076293945,46.20000076293945,43.43000030517578,46.439998626708984,43.2400016784668,74,BZ=F,Factor,2026-09-24
2009-03-13,45.880001068115234,45.880001068115234,46.72999954223633,47.290000915527344,45.16999816894531,35,BZ=F,Factor,2026-09-24
2009-03-16,46.459999084472656,46.459999084472656,44.02000045776367,46.72999954223633,43.790000915527344,83,BZ=F,Factor,2026-09-24
2009-03-17,48.2400016784668,48.2400016784668,46.93000030517578,48.630001068115234,46.290000915527344,52,BZ=F,Factor,2026-09-24
2009-03-18,47.65999984741211,47.65999984741211,47.58000183105469,48.880001068115234,46.09000015258789,99,BZ=F,Factor,2026-09-24
2009-03-19,50.66999816894531,50.66999816894531,50.9900016784668,51.16999816894531,49.58000183105469,91,BZ=F,Factor,2026-09-24
2009-03-20,51.220001220703125,51.220001220703125,50.2400016784668,51.599998474121094,49.939998626708984,36,BZ=F,Factor,2026-09-24
2009-03-23,53.470001220703125,53.470001220703125,51.619998931884766,53.81999969482422,51.18000030517578,59,BZ=F,Factor,2026-09-24
2009-03-24,53.5,53.5,53.060001373291016,53.540000915527344,52.540000915527344,5,BZ=F,Factor,2026-09-24
2009-03-25,51.75,51.75,51.91999816894531,53.459999084472656,51.20000076293945,82,BZ=F,Factor,2026-09-24
2009-03-26,53.459999084472656,53.459999084472656,53.290000915527344,53.77000045776367,52.5099983215332,79,BZ=F,Factor,2026-09-24
2009-03-27,51.97999954223633,51.97999954223633,51.95000076293945,52.220001220703125,51.220001220703125,92,BZ=F,Factor,2026-09-24
2009-03-30,47.9900016784668,47.9900016784668,50.380001068115234,50.529998779296875,47.689998626708984,74,BZ=F,Factor,2026-09-24
2009-03-31,49.22999954223633,49.22999954223633,49.09000015258789,49.66999816894531,47.5099983215332,31,BZ=F,Factor,2026-09-24
2009-04-01,48.439998626708984,48.439998626708984,47.619998931884766,48.66999816894531,47.290000915527344,82,BZ=F,Factor,2026-09-24
2009-04-02,52.75,52.75,51.540000915527344,53.02000045776367,51.41999816894531,194,BZ=F,Factor,2026-09-24
2009-04-03,53.470001220703125,53.470001220703125,52.290000915527344,53.5,51.560001373291016,10,BZ=F,Factor,2026-09-24
2009-04-06,52.2400016784668,52.2400016784668,52.25,53.09000015258789,51.18000030517578,76,BZ=F,Factor,2026-09-24
2009-04-07,51.220001220703125,51.220001220703125,51.310001373291016,51.849998474121094,50.88999938964844,37,BZ=F,Factor,2026-09-24
2009-04-08,51.59000015258789,51.59000015258789,50.970001220703125,53.540000915527344,50.599998474121094,70,BZ=F,Factor,2026-09-24
2009-04-09,54.060001373291016,54.060001373291016,53.06999969482422,54.209999084472656,52.619998931884766,29,BZ=F,Factor,2026-09-24
2009-04-13,52.13999938964844,52.13999938964844,53.34000015258789,53.56999969482422,50.959999084472656,62,BZ=F,Factor,2026-09-24
2009-04-14,51.959999084472656,51.959999084472656,53.529998779296875,53.529998779296875,51.630001068115234,130,BZ=F,Factor,2026-09-24
2009-05-01,52.849998474121094,52.849998474121094,51.70000076293945,53.029998779296875,50.619998931884766,53,BZ=F,Factor,2026-09-24
2009-05-04,54.58000183105469,54.58000183105469,52.630001068115234,54.650001525878906,52.439998626708984,90,BZ=F,Factor,2026-09-24
2009-05-05,54.119998931884766,54.119998931884766,54.79999923706055,54.79999923706055,53.65999984741211,254,BZ=F,Factor,2026-09-24
2009-05-06,56.150001525878906,56.150001525878906,54.959999084472656,56.279998779296875,54.75,183,BZ=F,Factor,2026-09-24
2009-05-07,56.470001220703125,56.470001220703125,58.099998474121094,58.189998626708984,55.5099983215332,188,BZ=F,Factor,2026-09-24
2009-05-08,58.13999938964844,58.13999938964844,57.63999938964844,58.29999923706055,56.880001068115234,95,BZ=F,Factor,2026-09-24
2009-05-11,57.47999954223633,57.47999954223633,56.61000061035156,57.7400016784668,56.5099983215332,68,BZ=F,Factor,2026-09-24
2009-05-12,57.939998626708984,57.939998626708984,58.459999084472656,58.81999969482422,57.22999954223633,34,BZ=F,Factor,2026-09-24
2009-05-13,57.34000015258789,57.34000015258789,58.290000915527344,58.7400016784668,56.93000030517578,17,BZ=F,Factor,2026-09-24
2009-05-15,55.97999954223633,55.97999954223633,57.790000915527344,58.20000076293945,55.900001525878906,17,BZ=F,Factor,2026-09-24
2009-05-18,58.470001220703125,58.470001220703125,57.93000030517578,58.79999923706055,57.52000045776367,52,BZ=F,Factor,2026-09-24
2009-05-19,58.91999816894531,58.91999816894531,59.040000915527344,59.25,57.720001220703125,97,BZ=F,Factor,2026-09-24
2009-05-20,60.59000015258789,60.59000015258789,59.529998779296875,60.75,59.189998626708984,96,BZ=F,Factor,2026-09-24
2009-05-21,59.93000030517578,59.93000030517578,58.97999954223633,60.2400016784668,58.849998474121094,142,BZ=F,Factor,2026-09-24
2009-05-22,60.779998779296875,60.779998779296875,60.31999969482422,60.869998931884766,59.630001068115234,18,BZ=F,Factor,2026-09-24
2009-05-26,61.2400016784668,61.2400016784668,59.349998474121094,61.2599983215332,59.13999938964844,34,BZ=F,Factor,2026-09-24
2009-05-27,62.5,62.5,61.939998626708984,62.68000030517578,61.36000061035156,67,BZ=F,Factor,2026-09-24
2009-05-28,64.38999938964844,64.38999938964844,63.040000915527344,64.62000274658203,62.52000045776367,70,BZ=F,Factor,2026-09-24
2009-05-29,65.5199966430664,65.5199966430664,64.91000366210938,65.6500015258789,64.36000061035156,34,BZ=F,Factor,2026-09-24
2009-06-01,67.97000122070312,67.97000122070312,67.18000030517578,67.9800033569336,66.62999725341797,39,BZ=F,Factor,2026-09-24
2009-06-02,68.16999816894531,68.16999816894531,67.23999786376953,68.5,67.20999908447266,68,BZ=F,Factor,2026-09-24
2009-06-03,65.87999725341797,65.87999725341797,67.31999969482422,68.19000244140625,64.91000366210938,94,BZ=F,Factor,2026-09-24
2009-06-04,68.70999908447266,68.70999908447266,67.88999938964844,69.45999908447266,67.5199966430664,73,BZ=F,Factor,2026-09-24
2009-06-05,68.33999633789062,68.33999633789062,68.7699966430664,69.8499984741211,67.38999938964844,109,BZ=F,Factor,2026-09-24
2009-06-08,67.87999725341797,67.87999725341797,67.88999938964844,68.75,67.0,24,BZ=F,Factor,2026-09-24
2009-06-09,69.62000274658203,69.62000274658203,69.36000061035156,69.80000305175781,68.62999725341797,27,BZ=F,Factor,2026-09-24
2009-06-10,70.80000305175781,70.80000305175781,70.25,71.13999938964844,70.08000183105469,13,BZ=F,Factor,2026-09-24
2009-06-11,71.79000091552734,71.79000091552734,71.58000183105469,72.2300033569336,70.86000061035156,23,BZ=F,Factor,2026-09-24
2009-06-12,70.91999816894531,70.91999816894531,71.0,71.23999786376953,70.04000091552734,20,BZ=F,Factor,2026-09-24
2009-06-15,69.44000244140625,69.44000244140625,69.44000244140625,69.44000244140625,68.62999725341797,2,BZ=F,Factor,2026-09-24
2009-06-16,70.23999786376953,70.23999786376953,72.0999984741211,72.33999633789062,69.68000030517578,25,BZ=F,Factor,2026-09-24
2009-06-17,70.8499984741211,70.8499984741211,69.45999908447266,70.9000015258789,69.06999969482422,35,BZ=F,Factor,2026-09-24
2009-06-18,71.05999755859375,71.05999755859375,70.05999755859375,71.41000366210938,69.94999694824219,34,BZ=F,Factor,2026-09-24
2009-06-19,69.19000244140625,69.19000244140625,71.41000366210938,71.87999725341797,68.72000122070312,36,BZ=F,Factor,2026-09-24
2009-06-22,66.9800033569336,66.9800033569336,66.9800033569336,66.9800033569336,66.16999816894531,36,BZ=F,Factor,2026-09-24
2009-06-23,68.80000305175781,68.80000305175781,67.11000061035156,69.18000030517578,66.6500015258789,56,BZ=F,Factor,2026-09-24
2009-06-24,68.33000183105469,68.33000183105469,68.19999694824219,69.31999969482422,68.05000305175781,515,BZ=F,Factor,2026-09-24
2009-06-25,69.77999877929688,69.77999877929688,68.87999725341797,70.51000213623047,68.55000305175781,110,BZ=F,Factor,2026-09-24
2009-06-26,68.91999816894531,68.91999816894531,69.04000091552734,70.4800033569336,68.54000091552734,4,BZ=F,Factor,2026-09-24
2009-06-29,70.98999786376953,70.98999786376953,69.72000122070312,71.41000366210938,69.44000244140625,78,BZ=F,Factor,2026-09-24
2009-06-30,69.30000305175781,69.30000305175781,70.83999633789062,71.6500015258789,68.44999694824219,61,BZ=F,Factor,2026-09-24
2009-07-01,68.79000091552734,68.79000091552734,71.20999908447266,71.2699966430664,68.16000366210938,72,BZ=F,Factor,2026-09-24
2009-07-02,66.6500015258789,66.6500015258789,67.75,67.75,66.62999725341797,20,BZ=F,Factor,2026-09-24
2009-07-06,64.05000305175781,64.05000305175781,64.05000305175781,64.62999725341797,63.33000183105469,12,BZ=F,Factor,2026-09-24
2009-07-07,63.22999954223633,63.22999954223633,64.5199966430664,64.81999969482422,62.72999954223633,20,BZ=F,Factor,2026-09-24
2009-07-08,60.43000030517578,60.43000030517578,62.45000076293945,62.5,60.36000061035156,23,BZ=F,Factor,2026-09-24
2009-07-09,61.099998474121094,61.099998474121094,61.369998931884766,62.119998931884766,59.880001068115234,55,BZ=F,Factor,2026-09-24
2009-07-10,60.52000045776367,60.52000045776367,60.279998779296875,60.77000045776367,59.56999969482422,24,BZ=F,Factor,2026-09-24
2009-07-13,60.689998626708984,60.689998626708984,60.279998779296875,61.5099983215332,59.540000915527344,20,BZ=F,Factor,2026-09-24
2009-07-14,60.86000061035156,60.86000061035156,61.900001525878906,62.209999084472656,60.52000045776367,23,BZ=F,Factor,2026-09-24
2009-07-15,63.09000015258789,63.09000015258789,61.97999954223633,63.77000045776367,61.970001220703125,2,BZ=F,Factor,2026-09-24
2009-07-17,65.37999725341797,65.37999725341797,64.08000183105469,65.86000061035156,63.13999938964844,2,BZ=F,Factor,2026-09-24
2009-07-20,66.44000244140625,66.44000244140625,65.4000015258789,66.6500015258789,65.30999755859375,3,BZ=F,Factor,2026-09-24
2009-07-21,66.87000274658203,66.87000274658203,67.66000366210938,67.8499984741211,66.11000061035156,6,BZ=F,Factor,2026-09-24
2009-07-22,67.20999908447266,67.20999908447266,66.45999908447266,67.38999938964844,65.55000305175781,15,BZ=F,Factor,2026-09-24
2009-07-23,69.25,69.25,68.0199966430664,69.69999694824219,66.73999786376953,32,BZ=F,Factor,2026-09-24
2009-07-24,70.31999969482422,70.31999969482422,70.31999969482422,70.29000091552734,69.08000183105469,32,BZ=F,Factor,2026-09-24
2009-07-27,70.80999755859375,70.80999755859375,70.5999984741211,71.05999755859375,70.11000061035156,16,BZ=F,Factor,2026-09-24
2009-07-28,69.87999725341797,69.87999725341797,69.87999725341797,70.97000122070312,69.11000061035156,16,BZ=F,Factor,2026-09-24
2009-07-29,66.52999877929688,66.52999877929688,69.0199966430664,69.19000244140625,66.19999694824219,42,BZ=F,Factor,2026-09-24
2009-07-30,70.11000061035156,70.11000061035156,68.91000366210938,70.29000091552734,67.56999969482422,18,BZ=F,Factor,2026-09-24
2009-07-31,71.69999694824219,71.69999694824219,69.83999633789062,72.05999755859375,68.26000213623047,18,BZ=F,Factor,2026-09-24
2009-08-03,73.55000305175781,73.55000305175781,72.94000244140625,73.91000366210938,72.91000366210938,7,BZ=F,Factor,2026-09-24
2009-08-04,74.27999877929688,74.27999877929688,73.29000091552734,74.66000366210938,72.5999984741211,15,BZ=F,Factor,2026-09-24
2009-08-05,75.51000213623047,75.51000213623047,74.37999725341797,75.5,73.25,16,BZ=F,Factor,2026-09-24
2009-08-06,74.83000183105469,74.83000183105469,74.73999786376953,75.81999969482422,74.08999633789062,5,BZ=F,Factor,2026-09-24
2009-08-07,73.58999633789062,73.58999633789062,74.47000122070312,75.5,73.20999908447266,7,BZ=F,Factor,2026-09-24
2009-08-10,73.5,73.5,73.31999969482422,74.19000244140625,73.13999938964844,3,BZ=F,Factor,2026-09-24
2009-08-11,72.45999908447266,72.45999908447266,72.77999877929688,74.12999725341797,71.95999908447266,18,BZ=F,Factor,2026-09-24
2009-08-12,72.88999938964844,72.88999938964844,72.91000366210938,73.45999908447266,72.16999816894531,5,BZ=F,Factor,2026-09-24
2009-08-13,73.4800033569336,73.4800033569336,73.9000015258789,73.9000015258789,73.9000015258789,2,BZ=F,Factor,2026-09-24
2009-08-14,72.41000366210938,72.41000366210938,71.94000244140625,71.94000244140625,71.94000244140625,8,BZ=F,Factor,2026-09-24
2009-08-17,70.54000091552734,70.54000091552734,70.05000305175781,70.05999755859375,69.26000213623047,11,BZ=F,Factor,2026-09-24
2009-08-18,72.37000274658203,72.37000274658203,70.0199966430664,73.0199966430664,69.51000213623047,16,BZ=F,Factor,2026-09-24
2009-08-19,74.58999633789062,74.58999633789062,73.0,74.81999969482422,71.26000213623047,11,BZ=F,Factor,2026-09-24
2009-08-20,73.33000183105469,73.33000183105469,73.33000183105469,73.33000183105469,73.19000244140625,11,BZ=F,Factor,2026-09-24
2009-08-21,74.19000244140625,74.19000244140625,74.51000213623047,74.69999694824219,74.04000091552734,8,BZ=F,Factor,2026-09-24
2009-08-24,74.26000213623047,74.26000213623047,74.26000213623047,74.56999969482422,73.93000030517578,8,BZ=F,Factor,2026-09-24
2009-08-25,71.81999969482422,71.81999969482422,73.62999725341797,73.9000015258789,71.16999816894531,23,BZ=F,Factor,2026-09-24
2009-08-26,71.6500015258789,71.6500015258789,71.8499984741211,72.3499984741211,70.68000030517578,7,BZ=F,Factor,2026-09-24
2009-08-27,72.51000213623047,72.51000213623047,70.88999938964844,72.77999877929688,70.47000122070312,2,BZ=F,Factor,2026-09-24
2009-08-28,72.79000091552734,72.79000091552734,73.37999725341797,73.37999725341797,71.9800033569336,2,BZ=F,Factor,2026-09-24
2009-08-31,69.6500015258789,69.6500015258789,70.51000213623047,70.5199966430664,68.93000030517578,13,BZ=F,Factor,2026-09-24
2009-09-01,67.7300033569336,67.7300033569336,69.58999633789062,70.9800033569336,67.66999816894531,22,BZ=F,Factor,2026-09-24
2009-09-02,67.66000366210938,67.66000366210938,67.44000244140625,68.5,66.83999633789062,39,BZ=F,Factor,2026-09-24
2009-09-03,67.12000274658203,67.12000274658203,67.38999938964844,68.41000366210938,67.01000213623047,4,BZ=F,Factor,2026-09-24
2009-09-04,66.81999969482422,66.81999969482422,66.81999969482422,67.48999786376953,66.0199966430664,4,BZ=F,Factor,2026-09-24
2009-09-08,69.41999816894531,69.41999816894531,69.4000015258789,70.0199966430664,68.05000305175781,15,BZ=F,Factor,2026-09-24
2009-09-09,69.83000183105469,69.83000183105469,70.33000183105469,70.80999755859375,69.72000122070312,6,BZ=F,Factor,2026-09-24
2009-09-10,69.86000061035156,69.86000061035156,70.05999755859375,70.55999755859375,69.16999816894531,4,BZ=F,Factor,2026-09-24
2009-09-11,67.69000244140625,67.69000244140625,70.45999908447266,70.69999694824219,67.05999755859375,21,BZ=F,Factor,2026-09-24
2009-09-14,67.44000244140625,67.44000244140625,67.41000366210938,67.91999816894531,66.95999908447266,13,BZ=F,Factor,2026-09-24
2009-09-16,71.66999816894531,71.66999816894531,69.9800033569336,71.66000366210938,69.29000091552734,13,BZ=F,Factor,2026-09-24
2009-09-17,71.55000305175781,71.55000305175781,71.16999816894531,72.16999816894531,70.9800033569336,80,BZ=F,Factor,2026-09-24
2009-09-18,71.31999969482422,71.31999969482422,71.75,71.75,71.75,114,BZ=F,Factor,2026-09-24
2009-09-21,68.69000244140625,68.69000244140625,69.12000274658203,69.26000213623047,68.13999938964844,22,BZ=F,Factor,2026-09-24
2009-09-22,70.52999877929688,70.52999877929688,69.76000213623047,70.68000030517578,69.5999984741211,8,BZ=F,Factor,2026-09-24
2009-09-23,67.98999786376953,67.98999786376953,69.20999908447266,69.41000366210938,67.5199966430664,9,BZ=F,Factor,2026-09-24
2009-09-24,64.81999969482422,64.81999969482422,67.45999908447266,67.45999908447266,66.05000305175781,20,BZ=F,Factor,2026-09-24
2009-09-25,65.11000061035156,65.11000061035156,64.80000305175781,65.05000305175781,64.56999969482422,12,BZ=F,Factor,2026-09-24
2009-09-28,65.54000091552734,65.54000091552734,66.16999816894531,66.16999816894531,64.83000183105469,17,BZ=F,Factor,2026-09-24
2009-09-29,65.48999786376953,65.48999786376953,65.70999908447266,65.83999633789062,64.8499984741211,4,BZ=F,Factor,2026-09-24
2009-09-30,69.06999969482422,69.06999969482422,65.29000091552734,69.25,65.04000091552734,14,BZ=F,Factor,2026-09-24
2009-10-01,69.19000244140625,69.19000244140625,68.4800033569336,69.72000122070312,67.69999694824219,26,BZ=F,Factor,2026-09-24
2009-10-02,68.06999969482422,68.06999969482422,67.45999908447266,68.36000061035156,66.80000305175781,27,BZ=F,Factor,2026-09-24
2009-10-05,68.04000091552734,68.04000091552734,65.94999694824219,68.44000244140625,65.94999694824219,2,BZ=F,Factor,2026-09-24
2009-10-06,68.55999755859375,68.55999755859375,69.19999694824219,69.68000030517578,68.3499984741211,2,BZ=F,Factor,2026-09-24
2009-10-07,67.19999694824219,67.19999694824219,68.9800033569336,69.06999969482422,66.8499984741211,2,BZ=F,Factor,2026-09-24
2009-10-08,69.7699966430664,69.7699966430664,67.37999725341797,70.1500015258789,67.23999786376953,11,BZ=F,Factor,2026-09-24
2009-10-09,70.0,70.0,69.26000213623047,70.30000305175781,69.11000061035156,18,BZ=F,Factor,2026-09-24
2009-10-12,71.36000061035156,71.36000061035156,71.66999816894531,71.66999816894531,71.5,4,BZ=F,Factor,2026-09-24
2009-10-13,72.4000015258789,72.4000015258789,71.54000091552734,72.48999786376953,71.30999755859375,4,BZ=F,Factor,2026-09-24
2009-10-14,73.0999984741211,73.0999984741211,73.13999938964844,73.25,72.4000015258789,9,BZ=F,Factor,2026-09-24
2009-10-16,76.98999786376953,76.98999786376953,76.05999755859375,76.27999877929688,76.05999755859375,4,BZ=F,Factor,2026-09-24
2009-10-19,77.7699966430664,77.7699966430664,77.3499984741211,77.80000305175781,76.58999633789062,2,BZ=F,Factor,2026-09-24
2009-10-20,77.23999786376953,77.23999786376953,76.52999877929688,77.9800033569336,76.5199966430664,8,BZ=F,Factor,2026-09-24
2009-10-21,79.69000244140625,79.69000244140625,77.18000030517578,80.19999694824219,76.3499984741211,58,BZ=F,Factor,2026-09-24
2009-10-22,79.51000213623047,79.51000213623047,79.4800033569336,79.70999908447266,78.6500015258789,8,BZ=F,Factor,2026-09-24
2009-10-23,78.91999816894531,78.91999816894531,79.4000015258789,79.54000091552734,78.23999786376953,22,BZ=F,Factor,2026-09-24
2009-10-26,77.26000213623047,77.26000213623047,78.38999938964844,80.02999877929688,76.69999694824219,48,BZ=F,Factor,2026-09-24
2009-10-27,77.91999816894531,77.91999816894531,77.05000305175781,78.30000305175781,76.48999786376953,16,BZ=F,Factor,2026-09-24
2009-10-28,75.86000061035156,75.86000061035156,76.80000305175781,76.91999816894531,75.72000122070312,23,BZ=F,Factor,2026-09-24
2009-10-29,78.04000091552734,78.04000091552734,77.76000213623047,78.55999755859375,76.77999877929688,5,BZ=F,Factor,2026-09-24
2009-10-30,75.19999694824219,75.19999694824219,76.9800033569336,77.05000305175781,75.2699966430664,14,BZ=F,Factor,2026-09-24
2009-11-02,76.55000305175781,76.55000305175781,75.62000274658203,77.0199966430664,75.25,12,BZ=F,Factor,2026-09-24
2009-11-03,78.11000061035156,78.11000061035156,75.48999786376953,78.23999786376953,75.16000366210938,26,BZ=F,Factor,2026-09-24
2009-11-04,78.88999938964844,78.88999938964844,78.52999877929688,79.37999725341797,78.12999725341797,18,BZ=F,Factor,2026-09-24
2009-11-05,77.98999786376953,77.98999786376953,78.30999755859375,78.4800033569336,77.95999908447266,2,BZ=F,Factor,2026-09-24
2009-11-06,75.87000274658203,75.87000274658203,77.01000213623047,77.1500015258789,75.30999755859375,2,BZ=F,Factor,2026-09-24
2009-11-09,77.7699966430664,77.7699966430664,77.7699966430664,78.20999908447266,77.7699966430664,2,BZ=F,Factor,2026-09-24
2009-11-10,77.5,77.5,77.5,78.66999816894531,76.58000183105469,2,BZ=F,Factor,2026-09-24
2009-11-11,77.94999694824219,77.94999694824219,77.8499984741211,78.55999755859375,77.33999633789062,9,BZ=F,Factor,2026-09-24
2009-11-12,76.0199966430664,76.0199966430664,76.6500015258789,76.76000213623047,75.69999694824219,12,BZ=F,Factor,2026-09-24
2009-11-13,75.55000305175781,75.55000305175781,75.9000015258789,75.9800033569336,75.33999633789062,3,BZ=F,Factor,2026-09-24
2009-11-16,78.76000213623047,78.76000213623047,77.87000274658203,79.20999908447266,76.63999938964844,5,BZ=F,Factor,2026-09-24
2009-11-17,78.97000122070312,78.97000122070312,78.97000122070312,79.48999786376953,78.2300033569336,5,BZ=F,Factor,2026-09-24
2009-11-18,79.47000122070312,79.47000122070312,79.68000030517578,80.06999969482422,78.7300033569336,2,BZ=F,Factor,2026-09-24
2009-11-19,77.63999938964844,77.63999938964844,77.93000030517578,78.25,77.2699966430664,6,BZ=F,Factor,2026-09-24
2009-11-20,77.19999694824219,77.19999694824219,77.19999694824219,77.19999694824219,76.70999908447266,6,BZ=F,Factor,2026-09-24
2009-11-23,77.45999908447266,77.45999908447266,79.31999969482422,79.51000213623047,77.19999694824219,12,BZ=F,Factor,2026-09-24
2009-11-24,76.45999908447266,76.45999908447266,76.2699966430664,77.77999877929688,76.08999633789062,2,BZ=F,Factor,2026-09-24
2009-11-25,78.44000244140625,78.44000244140625,76.41999816894531,78.56999969482422,76.38999938964844,2,BZ=F,Factor,2026-09-24
2009-11-27,77.18000030517578,77.18000030517578,77.18000030517578,77.18000030517578,74.91999816894531,3,BZ=F,Factor,2026-09-24
2009-11-30,78.47000122070312,78.47000122070312,78.47000122070312,79.22000122070312,76.5199966430664,3,BZ=F,Factor,2026-09-24
2009-12-01,79.3499984741211,79.3499984741211,79.3499984741211,79.66000366210938,78.36000061035156,3,BZ=F,Factor,2026-09-24
2009-12-02,77.87999725341797,77.87999725341797,78.54000091552734,79.5999984741211,77.55000305175781,4,BZ=F,Factor,2026-09-24
2009-12-03,78.36000061035156,78.36000061035156,78.22000122070312,78.86000061035156,77.48999786376953,1,BZ=F,Factor,2026-09-24
2009-12-04,77.5199966430664,77.5199966430664,78.16999816894531,79.69999694824219,77.0199966430664,10,BZ=F,Factor,2026-09-24
2009-12-07,76.43000030517578,76.43000030517578,76.43000030517578,77.95999908447266,76.55000305175781,10,BZ=F,Factor,2026-09-24
2009-12-08,75.19000244140625,75.19000244140625,75.19000244140625,76.79000091552734,75.31999969482422,10,BZ=F,Factor,2026-09-24
2009-12-09,72.38999938964844,72.38999938964844,75.29000091552734,76.0999984741211,72.08999633789062,13,BZ=F,Factor,2026-09-24
2009-12-10,71.86000061035156,71.86000061035156,71.86000061035156,72.88999938964844,71.22000122070312,13,BZ=F,Factor,2026-09-24
2009-12-11,71.87999725341797,71.87999725341797,71.5999984741211,72.52999877929688,71.08000183105469,105,BZ=F,Factor,2026-09-24
2009-12-14,71.88999938964844,71.88999938964844,71.88999938964844,72.29000091552734,71.26000213623047,105,BZ=F,Factor,2026-09-24
2009-12-15,72.05000305175781,72.05000305175781,72.05000305175781,72.73999786376953,71.69000244140625,105,BZ=F,Factor,2026-09-24
2009-12-16,73.55000305175781,73.55000305175781,73.55000305175781,73.75,73.55000305175781,4,BZ=F,Factor,2026-09-24
2009-12-17,73.37000274658203,73.37000274658203,73.37000274658203,73.37000274658203,72.62000274658203,4,BZ=F,Factor,2026-09-24
2009-12-18,73.75,73.75,73.75,73.75,73.75,1,BZ=F,Factor,2026-09-24
2009-12-21,72.98999786376953,72.98999786376953,72.98999786376953,73.95999908447266,72.94999694824219,1,BZ=F,Factor,2026-09-24
2009-12-22,73.45999908447266,73.45999908447266,73.45999908447266,73.83999633789062,72.58000183105469,1,BZ=F,Factor,2026-09-24
2009-12-23,75.44999694824219,75.44999694824219,75.44999694824219,75.12999725341797,75.44999694824219,1,BZ=F,Factor,2026-09-24
2009-12-24,76.30999755859375,76.30999755859375,76.30999755859375,75.93000030517578,76.30999755859375,1,BZ=F,Factor,2026-09-24
2009-12-28,77.31999969482422,77.31999969482422,77.31999969482422,77.31999969482422,77.31999969482422,1,BZ=F,Factor,2026-09-24
2009-12-29,77.63999938964844,77.63999938964844,77.63999938964844,77.86000061035156,76.87000274658203,1,BZ=F,Factor,2026-09-24
2009-12-30,78.02999877929688,78.02999877929688,78.02999877929688,78.56999969482422,78.02999877929688,1,BZ=F,Factor,2026-09-24
2009-12-31,77.93000030517578,77.93000030517578,77.93000030517578,78.5999984741211,77.87000274658203,1,BZ=F,Factor,2026-09-24
2010-01-04,80.12000274658203,80.12000274658203,80.12000274658203,79.81999969482422,80.12000274658203,97,BZ=F,Factor,2026-09-24
2010-01-05,80.58999633789062,80.58999633789062,80.58999633789062,80.26000213623047,80.58999633789062,97,BZ=F,Factor,2026-09-24
2010-01-06,81.88999938964844,81.88999938964844,81.12999725341797,81.69999694824219,80.12999725341797,7,BZ=F,Factor,2026-09-24
2010-01-07,81.51000213623047,81.51000213623047,81.51000213623047,81.51000213623047,81.62999725341797,7,BZ=F,Factor,2026-09-24
2010-01-08,81.37000274658203,81.37000274658203,81.37000274658203,81.52999877929688,81.08999633789062,7,BZ=F,Factor,2026-09-24
2010-01-11,80.97000122070312,80.97000122070312,80.97000122070312,81.70999908447266,81.01000213623047,7,BZ=F,Factor,2026-09-24
2010-01-12,79.30000305175781,79.30000305175781,79.30000305175781,79.30000305175781,79.02999877929688,7,BZ=F,Factor,2026-09-24
2010-01-13,78.30999755859375,78.30999755859375,78.52999877929688,79.0199966430664,77.25,18,BZ=F,Factor,2026-09-24
2010-01-14,77.81999969482422,77.81999969482422,77.81999969482422,78.47000122070312,78.01000213623047,6,BZ=F,Factor,2026-09-24
2010-01-15,77.11000061035156,77.11000061035156,77.55000305175781,77.81999969482422,76.87999725341797,4,BZ=F,Factor,2026-09-24
2010-01-19,77.62999725341797,77.62999725341797,77.62999725341797,77.75,76.26000213623047,200,BZ=F,Factor,2026-09-24
2010-01-20,76.31999969482422,76.31999969482422,76.31999969482422,76.31999969482422,75.87000274658203,200,BZ=F,Factor,2026-09-24
2010-01-21,74.58000183105469,74.58000183105469,74.58000183105469,76.45999908447266,74.29000091552734,1,BZ=F,Factor,2026-09-24
2010-01-22,72.83000183105469,72.83000183105469,73.72000122070312,73.9000015258789,72.45999908447266,1,BZ=F,Factor,2026-09-24
2010-01-25,73.69000244140625,73.69000244140625,73.68000030517578,73.7300033569336,72.83000183105469,1,BZ=F,Factor,2026-09-24
2010-01-26,73.29000091552734,73.29000091552734,73.29000091552734,73.29000091552734,72.91000366210938,15,BZ=F,Factor,2026-09-24
2010-01-27,72.23999786376953,72.23999786376953,72.97000122070312,73.54000091552734,71.37000274658203,5,BZ=F,Factor,2026-09-24
2010-01-28,72.12999725341797,72.12999725341797,72.12999725341797,72.61000061035156,71.72000122070312,9,BZ=F,Factor,2026-09-24
2010-01-29,71.45999908447266,71.45999908447266,71.45999908447266,73.18000030517578,71.2300033569336,9,BZ=F,Factor,2026-09-24
2010-02-01,73.11000061035156,73.11000061035156,72.13999938964844,73.58000183105469,71.66000366210938,8,BZ=F,Factor,2026-09-24
2010-02-02,76.05999755859375,76.05999755859375,74.30999755859375,76.18000030517578,73.81999969482422,27,BZ=F,Factor,2026-09-24
2010-02-03,75.91999816894531,75.91999816894531,76.58999633789062,76.86000061035156,75.5,224,BZ=F,Factor,2026-09-24
2010-02-04,72.12999725341797,72.12999725341797,74.81999969482422,74.81999969482422,71.44999694824219,35,BZ=F,Factor,2026-09-24
2010-02-05,69.58999633789062,69.58999633789062,71.69000244140625,72.5,67.94999694824219,30,BZ=F,Factor,2026-09-24
2010-02-08,70.11000061035156,70.11000061035156,70.0999984741211,70.44999694824219,69.2300033569336,5,BZ=F,Factor,2026-09-24
2010-02-09,72.12999725341797,72.12999725341797,71.11000061035156,72.36000061035156,70.47000122070312,211,BZ=F,Factor,2026-09-24
2010-02-10,72.54000091552734,72.54000091552734,71.37999725341797,72.91000366210938,70.94000244140625,16,BZ=F,Factor,2026-09-24
2010-02-11,73.05000305175781,73.05000305175781,73.05000305175781,73.05000305175781,73.05000305175781,41,BZ=F,Factor,2026-09-24
2010-02-12,72.9000015258789,72.9000015258789,72.48999786376953,72.93000030517578,71.68000030517578,11,BZ=F,Factor,2026-09-24
2010-02-16,75.68000030517578,75.68000030517578,74.16999816894531,75.98999786376953,73.83999633789062,12,BZ=F,Factor,2026-09-24
2010-02-17,76.2699966430664,76.2699966430664,75.97000122070312,76.3499984741211,75.43000030517578,7,BZ=F,Factor,2026-09-24
2010-02-18,77.77999877929688,77.77999877929688,75.91000366210938,77.83000183105469,75.4000015258789,50,BZ=F,Factor,2026-09-24
2010-02-19,78.19000244140625,78.19000244140625,77.05999755859375,78.2699966430664,76.73999786376953,35,BZ=F,Factor,2026-09-24
2010-02-22,78.61000061035156,78.61000061035156,78.2699966430664,78.69999694824219,77.94999694824219,119,BZ=F,Factor,2026-09-24
2010-02-23,77.25,77.25,77.36000061035156,77.81999969482422,76.6500015258789,28,BZ=F,Factor,2026-09-24
2010-02-24,78.08999633789062,78.08999633789062,77.33000183105469,78.4000015258789,76.83000183105469,87,BZ=F,Factor,2026-09-24
2010-02-25,76.29000091552734,76.29000091552734,77.44000244140625,77.51000213623047,75.30999755859375,76,BZ=F,Factor,2026-09-24
2010-02-26,77.58999633789062,77.58999633789062,76.7300033569336,77.91000366210938,76.0999984741211,17,BZ=F,Factor,2026-09-24
2010-03-01,76.88999938964844,76.88999938964844,77.54000091552734,78.37000274658203,76.30999755859375,11,BZ=F,Factor,2026-09-24
2010-03-02,78.18000030517578,78.18000030517578,77.94999694824219,79.2300033569336,77.47000122070312,27,BZ=F,Factor,2026-09-24
2010-03-03,79.25,79.25,77.93000030517578,79.54000091552734,77.93000030517578,29,BZ=F,Factor,2026-09-24
2010-03-04,78.54000091552734,78.54000091552734,79.0,79.20999908447266,78.16000366210938,26,BZ=F,Factor,2026-09-24
2010-03-05,79.88999938964844,79.88999938964844,79.62000274658203,80.5,79.36000061035156,80,BZ=F,Factor,2026-09-24
2010-03-08,80.47000122070312,80.47000122070312,80.45999908447266,80.79000091552734,79.4800033569336,18,BZ=F,Factor,2026-09-24
2010-03-09,79.91000366210938,79.91000366210938,79.38999938964844,80.37000274658203,78.79000091552734,18,BZ=F,Factor,2026-09-24
2010-03-10,80.4800033569336,80.4800033569336,79.94999694824219,81.43000030517578,79.2300033569336,43,BZ=F,Factor,2026-09-24
2010-03-11,80.27999877929688,80.27999877929688,79.76000213623047,80.48999786376953,79.66999816894531,11,BZ=F,Factor,2026-09-24
2010-03-12,79.38999938964844,79.38999938964844,81.23999786376953,81.23999786376953,78.79000091552734,3,BZ=F,Factor,2026-09-24
2010-03-15,77.88999938964844,77.88999938964844,77.88999938964844,77.88999938964844,77.88999938964844,6,BZ=F,Factor,2026-09-24
2010-03-16,79.0199966430664,79.0199966430664,79.0199966430664,79.0199966430664,79.0199966430664,16,BZ=F,Factor,2026-09-24
2010-03-17,81.95999908447266,81.95999908447266,81.4000015258789,82.05000305175781,80.83000183105469,31,BZ=F,Factor,2026-09-24
2010-03-18,81.4800033569336,81.4800033569336,81.38999938964844,81.79000091552734,80.93000030517578,31,BZ=F,Factor,2026-09-24
2010-03-19,79.87999725341797,79.87999725341797,80.83999633789062,81.36000061035156,79.2300033569336,96,BZ=F,Factor,2026-09-24
2010-03-22,80.54000091552734,80.54000091552734,78.81999969482422,80.62000274658203,78.01000213623047,70,BZ=F,Factor,2026-09-24
2010-03-23,80.69999694824219,80.69999694824219,79.94000244140625,81.1500015258789,79.86000061035156,201,BZ=F,Factor,2026-09-24
2010-03-24,79.62000274658203,79.62000274658203,79.37999725341797,79.87999725341797,78.98999786376953,29,BZ=F,Factor,2026-09-24
2010-03-25,79.61000061035156,79.61000061035156,80.11000061035156,80.44000244140625,79.47000122070312,24,BZ=F,Factor,2026-09-24
2010-03-26,79.29000091552734,79.29000091552734,80.29000091552734,80.6500015258789,78.80999755859375,28,BZ=F,Factor,2026-09-24
2010-03-29,81.16999816894531,81.16999816894531,80.11000061035156,81.88999938964844,79.87000274658203,21,BZ=F,Factor,2026-09-24
2010-03-30,81.27999877929688,81.27999877929688,81.27999877929688,81.5199966430664,80.73999786376953,2,BZ=F,Factor,2026-09-24
2010-03-31,82.69999694824219,82.69999694824219,82.37999725341797,82.77999877929688,81.29000091552734,20,BZ=F,Factor,2026-09-24
2010-04-01,84.01000213623047,84.01000213623047,83.62000274658203,84.30000305175781,83.25,14,BZ=F,Factor,2026-09-24
2010-04-05,85.87999725341797,85.87999725341797,85.11000061035156,86.08999633789062,84.37000274658203,22,BZ=F,Factor,2026-09-24
2010-04-06,86.1500015258789,86.1500015258789,86.05999755859375,86.37999725341797,85.6500015258789,37,BZ=F,Factor,2026-09-24
2010-04-07,85.58999633789062,85.58999633789062,85.6500015258789,86.44999694824219,85.30000305175781,58,BZ=F,Factor,2026-09-24
2010-04-08,84.80999755859375,84.80999755859375,84.55000305175781,85.2699966430664,84.2300033569336,37,BZ=F,Factor,2026-09-24
2010-04-09,84.83000183105469,84.83000183105469,85.58000183105469,85.66999816894531,83.98999786376953,54,BZ=F,Factor,2026-09-24
2010-04-12,84.7699966430664,84.7699966430664,84.79000091552734,85.5199966430664,84.58000183105469,88,BZ=F,Factor,2026-09-24
2010-04-13,84.72000122070312,84.72000122070312,84.27999877929688,84.80999755859375,84.25,12,BZ=F,Factor,2026-09-24
2010-04-14,86.1500015258789,86.1500015258789,85.18000030517578,85.19999694824219,84.86000061035156,15,BZ=F,Factor,2026-09-24
2010-04-15,87.16999816894531,87.16999816894531,87.16999816894531,87.12999725341797,87.16999816894531,14,BZ=F,Factor,2026-09-24
2010-04-16,85.98999786376953,85.98999786376953,87.2699966430664,87.33999633789062,85.1500015258789,63,BZ=F,Factor,2026-09-24
2010-04-19,84.2300033569336,84.2300033569336,83.68000030517578,84.31999969482422,83.58000183105469,34,BZ=F,Factor,2026-09-24
2010-04-20,84.80000305175781,84.80000305175781,85.0999984741211,85.4800033569336,84.5199966430664,54,BZ=F,Factor,2026-09-24
2010-04-21,85.69999694824219,85.69999694824219,85.19999694824219,86.16000366210938,84.70999908447266,87,BZ=F,Factor,2026-09-24
2010-04-22,85.66999816894531,85.66999816894531,84.83999633789062,85.83000183105469,84.16000366210938,56,BZ=F,Factor,2026-09-24
2010-04-23,87.25,87.25,85.83000183105469,87.31999969482422,85.4000015258789,55,BZ=F,Factor,2026-09-24
2010-04-26,86.83000183105469,86.83000183105469,87.51000213623047,87.51000213623047,86.51000213623047,35,BZ=F,Factor,2026-09-24
2010-04-27,85.77999877929688,85.77999877929688,86.20999908447266,86.69999694824219,85.4800033569336,18,BZ=F,Factor,2026-09-24
2010-04-28,86.16000366210938,86.16000366210938,85.5,86.27999877929688,85.08999633789062,37,BZ=F,Factor,2026-09-24
2010-04-29,86.9000015258789,86.9000015258789,87.25,87.55000305175781,86.91999816894531,22,BZ=F,Factor,2026-09-24
2010-04-30,87.44000244140625,87.44000244140625,87.1500015258789,87.6500015258789,86.76000213623047,25,BZ=F,Factor,2026-09-24
2010-05-03,88.94000244140625,88.94000244140625,88.45999908447266,89.45999908447266,88.30999755859375,89,BZ=F,Factor,2026-09-24
2010-05-05,82.61000061035156,82.61000061035156,84.95999908447266,84.95999908447266,82.16000366210938,95,BZ=F,Factor,2026-09-24
2010-05-06,79.83000183105469,79.83000183105469,82.36000061035156,82.36000061035156,79.41000366210938,49,BZ=F,Factor,2026-09-24
2010-05-07,78.2699966430664,78.2699966430664,80.5,80.62999725341797,77.58999633789062,94,BZ=F,Factor,2026-09-24
2010-05-10,80.12000274658203,80.12000274658203,81.33000183105469,81.48999786376953,79.58999633789062,60,BZ=F,Factor,2026-09-24
2010-05-11,80.48999786376953,80.48999786376953,79.9800033569336,80.81999969482422,79.97000122070312,56,BZ=F,Factor,2026-09-24
2010-05-12,81.19999694824219,81.19999694824219,81.3499984741211,81.69000244140625,80.5199966430664,57,BZ=F,Factor,2026-09-24
2010-05-13,80.11000061035156,80.11000061035156,80.11000061035156,80.11000061035156,79.91000366210938,1,BZ=F,Factor,2026-09-24
2010-05-14,77.18000030517578,77.18000030517578,77.18000030517578,77.18000030517578,77.18000030517578,230,BZ=F,Factor,2026-09-24
2010-05-17,75.0999984741211,75.0999984741211,77.62999725341797,77.62999725341797,75.06999969482422,20,BZ=F,Factor,2026-09-24
2010-05-18,74.43000030517578,74.43000030517578,76.48999786376953,76.48999786376953,74.05000305175781,32,BZ=F,Factor,2026-09-24
2010-05-19,73.69000244140625,73.69000244140625,73.75,74.33000183105469,72.93000030517578,55,BZ=F,Factor,2026-09-24
2010-05-20,71.83999633789062,71.83999633789062,72.2699966430664,72.45999908447266,70.37000274658203,45,BZ=F,Factor,2026-09-24
2010-05-21,71.68000030517578,71.68000030517578,71.36000061035156,72.77999877929688,70.62999725341797,445,BZ=F,Factor,2026-09-24
2010-05-24,71.16999816894531,71.16999816894531,71.73999786376953,71.94999694824219,71.05999755859375,117,BZ=F,Factor,2026-09-24
2010-05-25,69.55000305175781,69.55000305175781,68.62000274658203,69.91999816894531,68.2300033569336,63,BZ=F,Factor,2026-09-24
2010-05-26,71.73999786376953,71.73999786376953,71.12999725341797,72.06999969482422,70.77999877929688,75,BZ=F,Factor,2026-09-24
2010-05-27,74.66000366210938,74.66000366210938,73.1500015258789,74.80000305175781,72.93000030517578,48,BZ=F,Factor,2026-09-24
2010-05-28,74.0199966430664,74.0199966430664,74.77999877929688,75.58000183105469,73.33999633789062,26,BZ=F,Factor,2026-09-24
2010-06-01,72.70999908447266,72.70999908447266,73.93000030517578,75.05999755859375,72.36000061035156,89,BZ=F,Factor,2026-09-24
2010-06-02,73.75,73.75,72.66999816894531,74.4000015258789,72.31999969482422,77,BZ=F,Factor,2026-09-24
2010-06-03,75.41000366210938,75.41000366210938,74.55999755859375,75.47000122070312,73.9800033569336,117,BZ=F,Factor,2026-09-24
2010-06-04,72.08999633789062,72.08999633789062,75.4000015258789,76.48999786376953,71.51000213623047,300,BZ=F,Factor,2026-09-24
2010-06-07,72.08999633789062,72.08999633789062,72.30000305175781,72.80000305175781,71.61000061035156,46,BZ=F,Factor,2026-09-24
2010-06-08,72.08999633789062,72.08999633789062,71.94000244140625,72.5999984741211,71.4000015258789,61,BZ=F,Factor,2026-09-24
2010-06-09,72.08999633789062,72.08999633789062,72.86000061035156,74.6500015258789,72.83000183105469,126,BZ=F,Factor,2026-09-24
2010-06-10,75.29000091552734,75.29000091552734,74.54000091552734,75.86000061035156,74.5199966430664,459,BZ=F,Factor,2026-09-24
2010-06-11,74.3499984741211,74.3499984741211,75.3499984741211,75.54000091552734,73.58999633789062,154,BZ=F,Factor,2026-09-24
2010-06-14,75.19999694824219,75.19999694824219,75.8499984741211,76.0999984741211,75.83000183105469,88,BZ=F,Factor,2026-09-24
2010-06-15,76.19999694824219,76.19999694824219,76.19999694824219,76.19999694824219,76.19999694824219,244,BZ=F,Factor,2026-09-24
2010-06-16,78.13999938964844,78.13999938964844,76.95999908447266,78.54000091552734,76.7300033569336,239,BZ=F,Factor,2026-09-24
2010-06-17,78.68000030517578,78.68000030517578,78.51000213623047,79.05999755859375,78.19999694824219,316,BZ=F,Factor,2026-09-24
2010-06-18,78.22000122070312,78.22000122070312,77.44000244140625,78.63999938964844,77.3499984741211,71,BZ=F,Factor,2026-09-24
2010-06-21,78.81999969482422,78.81999969482422,79.38999938964844,79.77999877929688,77.75,256,BZ=F,Factor,2026-09-24
2010-06-22,78.04000091552734,78.04000091552734,77.83999633789062,79.05999755859375,77.81999969482422,166,BZ=F,Factor,2026-09-24
2010-06-23,76.2699966430664,76.2699966430664,77.91999816894531,77.91999816894531,75.69999694824219,351,BZ=F,Factor,2026-09-24
2010-06-24,76.47000122070312,76.47000122070312,75.94999694824219,76.54000091552734,75.45999908447266,66,BZ=F,Factor,2026-09-24
2010-06-25,78.12000274658203,78.12000274658203,76.45999908447266,78.47000122070312,76.36000061035156,195,BZ=F,Factor,2026-09-24
2010-06-28,77.58999633789062,77.58999633789062,77.61000061035156,77.72000122070312,77.16999816894531,96,BZ=F,Factor,2026-09-24
2010-06-29,75.44000244140625,75.44000244140625,76.16000366210938,76.16000366210938,74.86000061035156,161,BZ=F,Factor,2026-09-24
2010-06-30,75.01000213623047,75.01000213623047,75.58999633789062,75.94999694824219,74.05999755859375,242,BZ=F,Factor,2026-09-24
2010-07-01,72.33999633789062,72.33999633789062,74.12000274658203,74.26000213623047,71.58000183105469,300,BZ=F,Factor,2026-09-24
2010-07-02,71.6500015258789,71.6500015258789,72.48999786376953,72.70999908447266,71.4800033569336,156,BZ=F,Factor,2026-09-24
2010-07-06,71.44999694824219,71.44999694824219,72.44999694824219,73.23999786376953,71.01000213623047,232,BZ=F,Factor,2026-09-24
2010-07-07,73.51000213623047,73.51000213623047,72.26000213623047,73.73999786376953,72.26000213623047,116,BZ=F,Factor,2026-09-24
2010-07-08,74.70999908447266,74.70999908447266,74.2699966430664,75.16999816894531,73.97000122070312,231,BZ=F,Factor,2026-09-24
2010-07-09,75.41999816894531,75.41999816894531,74.52999877929688,75.83999633789062,74.44000244140625,206,BZ=F,Factor,2026-09-24
2010-07-12,74.37000274658203,74.37000274658203,74.98999786376953,75.58000183105469,73.93000030517578,192,BZ=F,Factor,2026-09-24
2010-07-13,76.6500015258789,76.6500015258789,74.94000244140625,76.91999816894531,74.8499984741211,143,BZ=F,Factor,2026-09-24
2010-07-14,76.7699966430664,76.7699966430664,76.66000366210938,76.98999786376953,76.19999694824219,561,BZ=F,Factor,2026-09-24
2010-07-16,75.37000274658203,75.37000274658203,76.06999969482422,76.19000244140625,74.66999816894531,92,BZ=F,Factor,2026-09-24
2010-07-19,75.62000274658203,75.62000274658203,75.18000030517578,77.18000030517578,74.79000091552734,259,BZ=F,Factor,2026-09-24
2010-07-20,76.22000122070312,76.22000122070312,75.08999633789062,76.4800033569336,74.7699966430664,408,BZ=F,Factor,2026-09-24
2010-07-21,75.37000274658203,75.37000274658203,76.93000030517578,77.20999908447266,75.08000183105469,576,BZ=F,Factor,2026-09-24
2010-07-22,77.81999969482422,77.81999969482422,75.62000274658203,77.91000366210938,75.5199966430664,521,BZ=F,Factor,2026-09-24
2010-07-23,77.44999694824219,77.44999694824219,77.47000122070312,77.83999633789062,76.94999694824219,120,BZ=F,Factor,2026-09-24
2010-07-26,77.5,77.5,76.87999725341797,77.6500015258789,76.62999725341797,116,BZ=F,Factor,2026-09-24
2010-07-27,76.12999725341797,76.12999725341797,77.66000366210938,78.08999633789062,75.54000091552734,304,BZ=F,Factor,2026-09-24
2010-07-28,76.05999755859375,76.05999755859375,76.05999755859375,76.26000213623047,74.8499984741211,269,BZ=F,Factor,2026-09-24
2010-07-29,77.58999633789062,77.58999633789062,76.30000305175781,78.12999725341797,75.66000366210938,497,BZ=F,Factor,2026-09-24
2010-07-30,78.18000030517578,78.18000030517578,76.7699966430664,78.30000305175781,76.2300033569336,161,BZ=F,Factor,2026-09-24
2010-08-02,80.81999969482422,80.81999969482422,79.25,81.08999633789062,79.1500015258789,146,BZ=F,Factor,2026-09-24
2010-08-03,82.68000030517578,82.68000030517578,81.04000091552734,82.77999877929688,81.04000091552734,270,BZ=F,Factor,2026-09-24
2010-08-04,82.19999694824219,82.19999694824219,82.31999969482422,82.79000091552734,81.62999725341797,219,BZ=F,Factor,2026-09-24
2010-08-05,81.61000061035156,81.61000061035156,81.75,81.75,81.0999984741211,54,BZ=F,Factor,2026-09-24
2010-08-06,80.16000366210938,80.16000366210938,81.16999816894531,81.5199966430664,79.56999969482422,264,BZ=F,Factor,2026-09-24
2010-08-09,80.98999786376953,80.98999786376953,81.01000213623047,81.2699966430664,80.4000015258789,156,BZ=F,Factor,2026-09-24
2010-08-10,79.5999984741211,79.5999984741211,79.38999938964844,79.95999908447266,78.51000213623047,266,BZ=F,Factor,2026-09-24
2010-08-11,77.63999938964844,77.63999938964844,79.02999877929688,79.02999877929688,77.43000030517578,188,BZ=F,Factor,2026-09-24
2010-08-12,75.5199966430664,75.5199966430664,76.48999786376953,76.77999877929688,75.33000183105469,283,BZ=F,Factor,2026-09-24
2010-08-13,75.11000061035156,75.11000061035156,75.5199966430664,75.75,74.75,116,BZ=F,Factor,2026-09-24
2010-08-16,74.8499984741211,74.8499984741211,74.8499984741211,74.8499984741211,74.8499984741211,119,BZ=F,Factor,2026-09-24
2010-08-17,76.93000030517578,76.93000030517578,76.7699966430664,77.69000244140625,76.4800033569336,302,BZ=F,Factor,2026-09-24
2010-08-18,76.47000122070312,76.47000122070312,75.95999908447266,76.66999816894531,75.33000183105469,247,BZ=F,Factor,2026-09-24
2010-08-19,75.30000305175781,75.30000305175781,76.73999786376953,76.73999786376953,75.0199966430664,260,BZ=F,Factor,2026-09-24
2010-08-20,74.26000213623047,74.26000213623047,74.51000213623047,74.77999877929688,74.01000213623047,160,BZ=F,Factor,2026-09-24
2010-08-23,73.62000274658203,73.62000274658203,74.83000183105469,74.8499984741211,73.2699966430664,421,BZ=F,Factor,2026-09-24
2010-08-24,72.37999725341797,72.37999725341797,72.80000305175781,73.13999938964844,72.12999725341797,284,BZ=F,Factor,2026-09-24
2010-08-25,73.4800033569336,73.4800033569336,72.55000305175781,73.79000091552734,71.75,328,BZ=F,Factor,2026-09-24
2010-08-26,75.0199966430664,75.0199966430664,74.80999755859375,75.55000305175781,74.36000061035156,255,BZ=F,Factor,2026-09-24
2010-08-27,76.6500015258789,76.6500015258789,75.38999938964844,76.97000122070312,74.41000366210938,329,BZ=F,Factor,2026-09-24
2010-08-30,76.5999984741211,76.5999984741211,76.27999877929688,76.66999816894531,76.04000091552734,148,BZ=F,Factor,2026-09-24
2010-08-31,74.63999938964844,74.63999938964844,75.83000183105469,76.70999908447266,74.43000030517578,762,BZ=F,Factor,2026-09-24
2010-09-01,76.3499984741211,76.3499984741211,75.37000274658203,76.73999786376953,75.37000274658203,297,BZ=F,Factor,2026-09-24
2010-09-02,76.93000030517578,76.93000030517578,75.66000366210938,77.0199966430664,75.26000213623047,161,BZ=F,Factor,2026-09-24
2010-09-03,76.66999816894531,76.66999816894531,76.5199966430664,77.43000030517578,75.33999633789062,193,BZ=F,Factor,2026-09-24
2010-09-07,77.73999786376953,77.73999786376953,75.80999755859375,78.31999969482422,75.56999969482422,242,BZ=F,Factor,2026-09-24
2010-09-08,78.16999816894531,78.16999816894531,77.48999786376953,78.75,77.2300033569336,210,BZ=F,Factor,2026-09-24
2010-09-09,77.47000122070312,77.47000122070312,78.01000213623047,78.79000091552734,77.12000274658203,250,BZ=F,Factor,2026-09-24
2010-09-10,78.16000366210938,78.16000366210938,77.66000366210938,78.37999725341797,77.16999816894531,643,BZ=F,Factor,2026-09-24
2010-09-13,79.02999877929688,79.02999877929688,78.3499984741211,79.37000274658203,77.91999816894531,1451,BZ=F,Factor,2026-09-24
2010-09-14,79.16000366210938,79.16000366210938,78.61000061035156,79.9000015258789,78.61000061035156,1067,BZ=F,Factor,2026-09-24
2010-09-15,78.91000366210938,78.91000366210938,78.66000366210938,78.66000366210938,78.56999969482422,551,BZ=F,Factor,2026-09-24
2010-09-16,78.4800033569336,78.4800033569336,79.44999694824219,79.61000061035156,77.93000030517578,502,BZ=F,Factor,2026-09-24
2010-09-17,78.20999908447266,78.20999908447266,79.1500015258789,79.1500015258789,77.2699966430664,425,BZ=F,Factor,2026-09-24
2010-09-20,79.31999969482422,79.31999969482422,77.72000122070312,79.9000015258789,77.68000030517578,218,BZ=F,Factor,2026-09-24
2010-09-21,78.41999816894531,78.41999816894531,79.56999969482422,79.94000244140625,78.12999725341797,364,BZ=F,Factor,2026-09-24
2010-09-22,77.94999694824219,77.94999694824219,78.38999938964844,78.7699966430664,77.48999786376953,298,BZ=F,Factor,2026-09-24
2010-09-23,78.11000061035156,78.11000061035156,76.94999694824219,78.44000244140625,76.69000244140625,516,BZ=F,Factor,2026-09-24
2010-09-24,78.87000274658203,78.87000274658203,78.37000274658203,79.38999938964844,78.05999755859375,396,BZ=F,Factor,2026-09-24
2010-09-27,78.56999969482422,78.56999969482422,78.79000091552734,79.06999969482422,77.68000030517578,393,BZ=F,Factor,2026-09-24
2010-09-28,78.70999908447266,78.70999908447266,78.1500015258789,79.52999877929688,77.79000091552734,402,BZ=F,Factor,2026-09-24
2010-09-29,80.7699966430664,80.7699966430664,78.80999755859375,80.91999816894531,78.33999633789062,586,BZ=F,Factor,2026-09-24
2010-09-30,82.30999755859375,82.30999755859375,81.55999755859375,82.37000274658203,81.22000122070312,426,BZ=F,Factor,2026-09-24
2010-10-01,83.75,83.75,82.5,83.7699966430664,82.5,413,BZ=F,Factor,2026-09-24
2010-10-04,83.27999877929688,83.27999877929688,83.3499984741211,84.4000015258789,83.06999969482422,228,BZ=F,Factor,2026-09-24
2010-10-05,84.83999633789062,84.83999633789062,83.4000015258789,84.9000015258789,83.4000015258789,791,BZ=F,Factor,2026-09-24
2010-10-06,85.05999755859375,85.05999755859375,84.47000122070312,85.81999969482422,84.36000061035156,298,BZ=F,Factor,2026-09-24
2010-10-07,83.43000030517578,83.43000030517578,85.52999877929688,86.01000213623047,82.94000244140625,325,BZ=F,Factor,2026-09-24
2010-10-08,84.02999877929688,84.02999877929688,82.43000030517578,84.55000305175781,81.9000015258789,353,BZ=F,Factor,2026-09-24
2010-10-11,83.72000122070312,83.72000122070312,83.87999725341797,84.02999877929688,83.3499984741211,122,BZ=F,Factor,2026-09-24
2010-10-12,83.5,83.5,83.29000091552734,83.95999908447266,82.98999786376953,184,BZ=F,Factor,2026-09-24
2010-10-13,84.63999938964844,84.63999938964844,84.22000122070312,84.94000244140625,84.13999938964844,174,BZ=F,Factor,2026-09-24
2010-10-14,84.52999877929688,84.52999877929688,84.52999877929688,84.52999877929688,84.52999877929688,136,BZ=F,Factor,2026-09-24
2010-10-15,82.44999694824219,82.44999694824219,83.86000061035156,84.51000213623047,82.0199966430664,1214,BZ=F,Factor,2026-09-24
2010-10-18,84.37000274658203,84.37000274658203,81.97000122070312,84.37999725341797,81.97000122070312,165,BZ=F,Factor,2026-09-24
2010-10-19,81.0999984741211,81.0999984741211,83.0999984741211,83.44000244140625,81.05000305175781,515,BZ=F,Factor,2026-09-24
2010-10-20,83.5999984741211,83.5999984741211,82.11000061035156,83.58000183105469,81.6500015258789,258,BZ=F,Factor,2026-09-24
2010-10-21,81.83000183105469,81.83000183105469,83.02999877929688,83.80999755859375,81.58999633789062,313,BZ=F,Factor,2026-09-24
2010-10-22,82.95999908447266,82.95999908447266,81.97000122070312,83.11000061035156,81.97000122070312,199,BZ=F,Factor,2026-09-24
2010-10-25,83.54000091552734,83.54000091552734,83.81999969482422,84.16000366210938,82.80000305175781,266,BZ=F,Factor,2026-09-24
2010-10-26,83.66000366210938,83.66000366210938,83.12999725341797,83.80999755859375,83.06999969482422,815,BZ=F,Factor,2026-09-24
2010-10-27,83.2300033569336,83.2300033569336,82.98999786376953,83.37000274658203,81.86000061035156,371,BZ=F,Factor,2026-09-24
2010-10-28,83.58999633789062,83.58999633789062,83.37000274658203,83.86000061035156,83.08000183105469,163,BZ=F,Factor,2026-09-24
2010-10-29,83.1500015258789,83.1500015258789,83.06999969482422,83.5,82.2300033569336,411,BZ=F,Factor,2026-09-24
2010-11-01,84.62000274658203,84.62000274658203,84.0,85.33000183105469,84.0,496,BZ=F,Factor,2026-09-24
2010-11-02,85.41000366210938,85.41000366210938,85.0999984741211,85.73999786376953,84.66999816894531,337,BZ=F,Factor,2026-09-24
2010-11-03,86.37999725341797,86.37999725341797,86.20999908447266,86.87999725341797,85.26000213623047,1276,BZ=F,Factor,2026-09-24
2010-11-04,88.0,88.0,87.5,88.22000122070312,87.33000183105469,421,BZ=F,Factor,2026-09-24
2010-11-05,88.11000061035156,88.11000061035156,87.8499984741211,88.47000122070312,87.36000061035156,421,BZ=F,Factor,2026-09-24
2010-11-08,88.45999908447266,88.45999908447266,87.7300033569336,88.55000305175781,87.36000061035156,3096,BZ=F,Factor,2026-09-24
2010-11-09,88.33000183105469,88.33000183105469,88.4000015258789,88.97000122070312,87.19000244140625,326,BZ=F,Factor,2026-09-24
2010-11-10,88.95999908447266,88.95999908447266,88.2300033569336,89.30000305175781,87.9800033569336,738,BZ=F,Factor,2026-09-24
2010-11-11,88.80999755859375,88.80999755859375,89.37000274658203,89.41000366210938,88.61000061035156,384,BZ=F,Factor,2026-09-24
2010-11-12,86.33999633789062,86.33999633789062,87.87000274658203,87.87000274658203,85.81999969482422,240,BZ=F,Factor,2026-09-24
2010-11-15,86.69999694824219,86.69999694824219,86.69999694824219,86.69999694824219,86.69999694824219,145,BZ=F,Factor,2026-09-24
2010-11-16,84.7300033569336,84.7300033569336,86.5,86.51000213623047,84.52999877929688,631,BZ=F,Factor,2026-09-24
2010-11-17,83.27999877929688,83.27999877929688,84.41999816894531,85.05000305175781,82.97000122070312,1014,BZ=F,Factor,2026-09-24
2010-11-18,85.05000305175781,85.05000305175781,84.80000305175781,85.4000015258789,84.43000030517578,428,BZ=F,Factor,2026-09-24
2010-11-19,84.33999633789062,84.33999633789062,84.6500015258789,85.5199966430664,83.88999938964844,1103,BZ=F,Factor,2026-09-24
2010-11-22,83.95999908447266,83.95999908447266,84.81999969482422,85.13999938964844,83.12000274658203,402,BZ=F,Factor,2026-09-24
2010-11-23,83.25,83.25,83.30000305175781,83.9000015258789,82.45999908447266,321,BZ=F,Factor,2026-09-24
2010-11-24,85.83999633789062,85.83999633789062,83.5999984741211,86.05999755859375,83.44999694824219,321,BZ=F,Factor,2026-09-24
2010-11-26,85.58000183105469,85.58000183105469,86.08999633789062,86.08999633789062,84.9000015258789,29,BZ=F,Factor,2026-09-24
2010-11-29,87.33999633789062,87.33999633789062,86.12999725341797,87.48999786376953,85.58000183105469,251,BZ=F,Factor,2026-09-24
2010-11-30,85.91999816894531,85.91999816894531,87.08999633789062,87.30000305175781,85.7699966430664,244,BZ=F,Factor,2026-09-24
2010-12-01,88.87000274658203,88.87000274658203,87.2300033569336,88.98999786376953,87.19000244140625,393,BZ=F,Factor,2026-09-24
2010-12-02,90.69000244140625,90.69000244140625,89.06999969482422,90.81999969482422,88.88999938964844,657,BZ=F,Factor,2026-09-24
2010-12-03,91.41999816894531,91.41999816894531,90.66999816894531,91.83999633789062,90.12000274658203,550,BZ=F,Factor,2026-09-24
2010-12-06,91.44999694824219,91.44999694824219,90.9800033569336,91.80000305175781,90.88999938964844,359,BZ=F,Factor,2026-09-24
2010-12-07,91.38999938964844,91.38999938964844,92.45999908447266,92.8499984741211,90.73999786376953,294,BZ=F,Factor,2026-09-24
2010-12-08,90.7699966430664,90.7699966430664,90.69999694824219,91.73999786376953,90.16000366210938,485,BZ=F,Factor,2026-09-24
2010-12-09,90.98999786376953,90.98999786376953,91.0999984741211,91.58000183105469,90.30000305175781,433,BZ=F,Factor,2026-09-24
2010-12-10,90.4800033569336,90.4800033569336,91.29000091552734,91.55000305175781,89.88999938964844,372,BZ=F,Factor,2026-09-24
2010-12-13,91.19000244140625,91.19000244140625,90.69999694824219,92.27999877929688,90.58999633789062,419,BZ=F,Factor,2026-09-24
2010-12-14,91.20999908447266,91.20999908447266,91.45999908447266,91.72000122070312,90.69000244140625,398,BZ=F,Factor,2026-09-24
2010-12-15,92.19999694824219,92.19999694824219,91.23999786376953,92.0999984741211,91.0,776,BZ=F,Factor,2026-09-24
2010-12-16,91.70999908447266,91.70999908447266,91.81999969482422,92.29000091552734,91.81999969482422,213,BZ=F,Factor,2026-09-24
2010-12-17,91.66999816894531,91.66999816894531,91.4000015258789,92.37000274658203,90.9800033569336,417,BZ=F,Factor,2026-09-24
2010-12-20,92.73999786376953,92.73999786376953,91.70999908447266,92.88999938964844,91.05000305175781,420,BZ=F,Factor,2026-09-24
2010-12-21,93.19999694824219,93.19999694824219,92.77999877929688,93.4000015258789,92.36000061035156,349,BZ=F,Factor,2026-09-24
2010-12-22,93.6500015258789,93.6500015258789,93.45999908447266,93.91999816894531,93.27999877929688,508,BZ=F,Factor,2026-09-24
2010-12-23,94.25,94.25,93.61000061035156,94.54000091552734,93.5,550,BZ=F,Factor,2026-09-24
2010-12-27,93.8499984741211,93.8499984741211,94.47000122070312,94.47000122070312,93.12000274658203,196,BZ=F,Factor,2026-09-24
2010-12-28,94.37999725341797,94.37999725341797,94.04000091552734,94.4000015258789,93.76000213623047,155,BZ=F,Factor,2026-09-24
2010-12-29,94.13999938964844,94.13999938964844,93.86000061035156,94.36000061035156,93.66000366210938,269,BZ=F,Factor,2026-09-24
2010-12-30,93.08999633789062,93.08999633789062,93.94999694824219,93.94999694824219,92.3499984741211,511,BZ=F,Factor,2026-09-24
2010-12-31,94.75,94.75,92.41000366210938,95.12000274658203,92.20999908447266,266,BZ=F,Factor,2026-09-24
2011-01-03,94.83999633789062,94.83999633789062,95.44999694824219,96.16000366210938,94.91000366210938,266,BZ=F,Factor,2026-09-24
2011-01-04,93.52999877929688,93.52999877929688,95.22000122070312,95.3499984741211,92.5999984741211,586,BZ=F,Factor,2026-09-24
2011-01-05,95.5,95.5,93.43000030517578,95.69999694824219,92.41999816894531,1265,BZ=F,Factor,2026-09-24
2011-01-06,94.5199966430664,94.5199966430664,95.66000366210938,96.0199966430664,94.02999877929688,1439,BZ=F,Factor,2026-09-24
2011-01-07,93.33000183105469,93.33000183105469,94.56999969482422,94.56999969482422,92.69000244140625,772,BZ=F,Factor,2026-09-24
2011-01-10,95.69999694824219,95.69999694824219,94.12999725341797,95.80999755859375,94.05000305175781,851,BZ=F,Factor,2026-09-24
2011-01-11,97.61000061035156,97.61000061035156,96.33999633789062,97.80000305175781,96.20999908447266,1355,BZ=F,Factor,2026-09-24
2011-01-12,98.12000274658203,98.12000274658203,97.80999755859375,98.83000183105469,97.80999755859375,503,BZ=F,Factor,2026-09-24
2011-01-13,98.05999755859375,98.05999755859375,98.23999786376953,98.62999725341797,97.81999969482422,391,BZ=F,Factor,2026-09-24
2011-01-18,97.80000305175781,97.80000305175781,98.0999984741211,98.19000244140625,96.6500015258789,445,BZ=F,Factor,2026-09-24
2011-01-19,98.16000366210938,98.16000366210938,98.26000213623047,98.55000305175781,97.62999725341797,369,BZ=F,Factor,2026-09-24
2011-01-20,96.58000183105469,96.58000183105469,97.79000091552734,97.79000091552734,95.5999984741211,804,BZ=F,Factor,2026-09-24
2011-01-21,97.5999984741211,97.5999984741211,96.58999633789062,97.81999969482422,96.58999633789062,675,BZ=F,Factor,2026-09-24
2011-01-24,96.61000061035156,96.61000061035156,97.9000015258789,98.0199966430664,96.33000183105469,683,BZ=F,Factor,2026-09-24
2011-01-25,95.25,95.25,95.91999816894531,95.91999816894531,94.86000061035156,668,BZ=F,Factor,2026-09-24
2011-01-26,97.91000366210938,97.91000366210938,96.05999755859375,97.9800033569336,96.05999755859375,1073,BZ=F,Factor,2026-09-24
2011-01-27,97.38999938964844,97.38999938964844,97.6500015258789,98.94999694824219,97.11000061035156,1752,BZ=F,Factor,2026-09-24
2011-01-28,99.41999816894531,99.41999816894531,98.0,99.55000305175781,97.05999755859375,2302,BZ=F,Factor,2026-09-24
2011-01-31,101.01000213623047,101.01000213623047,99.41999816894531,101.66999816894531,98.55999755859375,1505,BZ=F,Factor,2026-09-24
2011-02-01,101.73999786376953,101.73999786376953,100.48999786376953,102.04000091552734,100.41999816894531,1352,BZ=F,Factor,2026-09-24
2011-02-02,102.33999633789062,102.33999633789062,101.9800033569336,102.44999694824219,101.33000183105469,1008,BZ=F,Factor,2026-09-24
2011-02-03,101.76000213623047,101.76000213623047,103.45999908447266,103.45999908447266,101.44999694824219,722,BZ=F,Factor,2026-09-24
2011-02-04,99.83000183105469,99.83000183105469,101.55999755859375,102.12000274658203,99.47000122070312,1085,BZ=F,Factor,2026-09-24
2011-02-07,99.25,99.25,100.52999877929688,100.81999969482422,98.94000244140625,1008,BZ=F,Factor,2026-09-24
2011-02-08,99.91999816894531,99.91999816894531,98.97000122070312,100.3499984741211,97.55999755859375,2279,BZ=F,Factor,2026-09-24
2011-02-09,101.81999969482422,101.81999969482422,100.30000305175781,102.0999984741211,100.30000305175781,5013,BZ=F,Factor,2026-09-24
2011-02-10,100.87000274658203,100.87000274658203,101.97000122070312,102.81999969482422,100.5999984741211,1049,BZ=F,Factor,2026-09-24
2011-02-11,101.43000030517578,101.43000030517578,101.41999816894531,102.0,100.7699966430664,754,BZ=F,Factor,2026-09-24
2011-02-14,103.08000183105469,103.08000183105469,101.69999694824219,104.27999877929688,101.08000183105469,955,BZ=F,Factor,2026-09-24
2011-02-15,101.63999938964844,101.63999938964844,103.44000244140625,103.69999694824219,101.31999969482422,1325,BZ=F,Factor,2026-09-24
2011-02-16,103.77999877929688,103.77999877929688,101.62999725341797,104.4800033569336,101.62999725341797,940,BZ=F,Factor,2026-09-24
2011-02-17,102.58999633789062,102.58999633789062,104.25,104.26000213623047,102.4800033569336,1104,BZ=F,Factor,2026-09-24
2011-02-18,102.5199966430664,102.5199966430664,102.80000305175781,103.4800033569336,100.94999694824219,1687,BZ=F,Factor,2026-09-24
2011-02-22,105.77999877929688,105.77999877929688,104.41999816894531,108.58000183105469,103.98999786376953,1617,BZ=F,Factor,2026-09-24
2011-02-23,111.25,111.25,107.0,112.0,107.0,2032,BZ=F,Factor,2026-09-24
2011-02-24,111.36000061035156,111.36000061035156,112.19999694824219,118.02999877929688,109.87000274658203,2335,BZ=F,Factor,2026-09-24
2011-02-25,112.13999938964844,112.13999938964844,111.94000244140625,113.69999694824219,111.11000061035156,746,BZ=F,Factor,2026-09-24
2011-02-28,111.80000305175781,111.80000305175781,114.19999694824219,114.44000244140625,111.55000305175781,840,BZ=F,Factor,2026-09-24
2011-03-01,115.41999816894531,115.41999816894531,112.37000274658203,116.69999694824219,111.94000244140625,1160,BZ=F,Factor,2026-09-24
2011-03-02,116.3499984741211,116.3499984741211,116.0999984741211,117.80999755859375,115.16000366210938,2052,BZ=F,Factor,2026-09-24
2011-03-03,114.79000091552734,114.79000091552734,116.5,116.5,113.7300033569336,1958,BZ=F,Factor,2026-09-24
2011-03-04,115.97000122070312,115.97000122070312,116.12000274658203,116.4800033569336,115.23999786376953,1072,BZ=F,Factor,2026-09-24
2011-03-07,115.04000091552734,115.04000091552734,116.30000305175781,117.9000015258789,114.69000244140625,1859,BZ=F,Factor,2026-09-24
2011-03-08,113.05999755859375,113.05999755859375,113.8499984741211,114.8499984741211,112.25,1653,BZ=F,Factor,2026-09-24
2011-03-09,115.94000244140625,115.94000244140625,112.98999786376953,116.12000274658203,112.98999786376953,2496,BZ=F,Factor,2026-09-24
2011-03-10,115.43000030517578,115.43000030517578,116.5,116.5,113.54000091552734,2094,BZ=F,Factor,2026-09-24
2011-03-11,113.83999633789062,113.83999633789062,115.30999755859375,115.62000274658203,112.41000366210938,1526,BZ=F,Factor,2026-09-24
2011-03-14,113.66999816894531,113.66999816894531,111.41999816894531,113.9800033569336,111.41999816894531,1746,BZ=F,Factor,2026-09-24
2011-03-15,108.5199966430664,108.5199966430664,113.41000366210938,113.54000091552734,108.08000183105469,1085,BZ=F,Factor,2026-09-24
2011-03-16,110.62000274658203,110.62000274658203,110.37000274658203,111.0999984741211,110.25,1596,BZ=F,Factor,2026-09-24
2011-03-17,114.9000015258789,114.9000015258789,110.83000183105469,115.33999633789062,110.83000183105469,858,BZ=F,Factor,2026-09-24
2011-03-18,113.93000030517578,113.93000030517578,116.0,116.33000183105469,113.08999633789062,1686,BZ=F,Factor,2026-09-24
2011-03-21,114.95999908447266,114.95999908447266,114.9800033569336,116.0,114.69999694824219,705,BZ=F,Factor,2026-09-24
2011-03-22,115.69999694824219,115.69999694824219,114.56999969482422,115.98999786376953,114.23999786376953,650,BZ=F,Factor,2026-09-24
2011-03-23,115.55000305175781,115.55000305175781,115.69999694824219,116.33000183105469,115.18000030517578,818,BZ=F,Factor,2026-09-24
2011-03-24,115.72000122070312,115.72000122070312,115.5999984741211,115.8499984741211,114.54000091552734,1117,BZ=F,Factor,2026-09-24
2011-03-25,115.58999633789062,115.58999633789062,115.80000305175781,116.08000183105469,115.2699966430664,872,BZ=F,Factor,2026-09-24
2011-03-28,114.80000305175781,114.80000305175781,114.93000030517578,115.81999969482422,114.54000091552734,528,BZ=F,Factor,2026-09-24
2011-03-30,115.12999725341797,115.12999725341797,115.29000091552734,115.29000091552734,114.94000244140625,586,BZ=F,Factor,2026-09-24
2011-03-31,117.36000061035156,117.36000061035156,116.18000030517578,117.43000030517578,116.18000030517578,853,BZ=F,Factor,2026-09-24
2011-04-01,118.69999694824219,118.69999694824219,117.79000091552734,118.8499984741211,116.83999633789062,896,BZ=F,Factor,2026-09-24
2011-04-04,121.05999755859375,121.05999755859375,119.05000305175781,121.30000305175781,119.05000305175781,961,BZ=F,Factor,2026-09-24
2011-04-05,122.22000122070312,122.22000122070312,120.47000122070312,122.81999969482422,120.19999694824219,1512,BZ=F,Factor,2026-09-24
2011-04-06,122.30000305175781,122.30000305175781,122.0999984741211,123.37000274658203,121.55000305175781,929,BZ=F,Factor,2026-09-24
2011-04-07,122.66999816894531,122.66999816894531,122.37000274658203,122.9000015258789,121.4000015258789,1326,BZ=F,Factor,2026-09-24
2011-04-08,126.6500015258789,126.6500015258789,122.9000015258789,126.87000274658203,122.9000015258789,1320,BZ=F,Factor,2026-09-24
2011-04-11,123.9800033569336,123.9800033569336,126.80000305175781,127.30000305175781,123.69999694824219,1380,BZ=F,Factor,2026-09-24
2011-04-12,120.91999816894531,120.91999816894531,125.0999984741211,125.0999984741211,120.58999633789062,1362,BZ=F,Factor,2026-09-24
2011-04-13,122.87999725341797,122.87999725341797,121.55999755859375,122.36000061035156,121.5,1128,BZ=F,Factor,2026-09-24
2011-04-14,122.36000061035156,122.36000061035156,122.5999984741211,122.9000015258789,122.5999984741211,934,BZ=F,Factor,2026-09-24
2011-04-15,123.44999694824219,123.44999694824219,122.37000274658203,123.70999908447266,121.73999786376953,452,BZ=F,Factor,2026-09-24
2011-04-18,121.61000061035156,121.61000061035156,122.69999694824219,122.69999694824219,121.06999969482422,825,BZ=F,Factor,2026-09-24
2011-04-19,121.33000183105469,121.33000183105469,121.23999786376953,122.22000122070312,119.2699966430664,1099,BZ=F,Factor,2026-09-24
2011-04-21,123.98999786376953,123.98999786376953,124.33000183105469,124.4000015258789,123.19999694824219,966,BZ=F,Factor,2026-09-24
2011-04-25,123.66000366210938,123.66000366210938,124.63999938964844,124.70999908447266,122.87000274658203,326,BZ=F,Factor,2026-09-24
2011-04-26,124.13999938964844,124.13999938964844,124.01000213623047,124.30999755859375,123.56999969482422,1089,BZ=F,Factor,2026-09-24
2011-04-27,125.12999725341797,125.12999725341797,123.97000122070312,125.4800033569336,123.69000244140625,912,BZ=F,Factor,2026-09-24
2011-04-28,125.0199966430664,125.0199966430664,125.73999786376953,126.19000244140625,124.25,796,BZ=F,Factor,2026-09-24
2011-04-29,125.88999938964844,125.88999938964844,125.0,126.02999877929688,125.0,582,BZ=F,Factor,2026-09-24
2011-05-02,125.12000274658203,125.12000274658203,125.5,126.11000061035156,123.76000213623047,667,BZ=F,Factor,2026-09-24
2011-05-03,122.44999694824219,122.44999694824219,123.80000305175781,124.12999725341797,121.80999755859375,1289,BZ=F,Factor,2026-09-24
2011-05-04,121.19000244140625,121.19000244140625,123.01000213623047,123.01000213623047,120.56999969482422,829,BZ=F,Factor,2026-09-24
2011-05-05,110.80000305175781,110.80000305175781,118.22000122070312,118.22000122070312,110.37999725341797,1969,BZ=F,Factor,2026-09-24
2011-05-06,109.12999725341797,109.12999725341797,111.69000244140625,114.0999984741211,108.3499984741211,2944,BZ=F,Factor,2026-09-24
2011-05-09,115.9000015258789,115.9000015258789,110.61000061035156,115.94999694824219,110.61000061035156,1184,BZ=F,Factor,2026-09-24
2011-05-10,117.62999725341797,117.62999725341797,114.61000061035156,117.80000305175781,114.61000061035156,1082,BZ=F,Factor,2026-09-24
2011-05-11,112.56999969482422,112.56999969482422,116.94000244140625,116.94000244140625,112.68000030517578,2908,BZ=F,Factor,2026-09-24
2011-05-12,112.9800033569336,112.9800033569336,110.87999725341797,113.2699966430664,110.87999725341797,2746,BZ=F,Factor,2026-09-24
2011-05-13,113.83000183105469,113.83000183105469,112.05000305175781,114.05000305175781,111.9000015258789,628,BZ=F,Factor,2026-09-24
2011-05-16,112.7300033569336,112.7300033569336,113.33000183105469,113.73999786376953,113.19999694824219,462,BZ=F,Factor,2026-09-24
2011-05-17,109.98999786376953,109.98999786376953,111.23999786376953,111.33999633789062,108.63999938964844,462,BZ=F,Factor,2026-09-24
2011-05-18,112.30000305175781,112.30000305175781,111.7300033569336,113.04000091552734,111.05999755859375,287,BZ=F,Factor,2026-09-24
2011-05-19,111.41999816894531,111.41999816894531,112.11000061035156,112.88999938964844,111.73999786376953,246,BZ=F,Factor,2026-09-24
2011-05-20,112.38999938964844,112.38999938964844,111.5999984741211,112.66000366210938,109.3499984741211,416,BZ=F,Factor,2026-09-24
2011-05-23,110.0999984741211,110.0999984741211,109.5,110.37999725341797,109.33000183105469,423,BZ=F,Factor,2026-09-24
2011-05-24,112.52999877929688,112.52999877929688,110.72000122070312,112.68000030517578,110.48999786376953,398,BZ=F,Factor,2026-09-24
2011-05-25,114.93000030517578,114.93000030517578,112.45999908447266,115.0199966430664,111.23999786376953,768,BZ=F,Factor,2026-09-24
2011-05-26,115.05000305175781,115.05000305175781,114.5,115.36000061035156,114.26000213623047,579,BZ=F,Factor,2026-09-24
2011-05-27,115.02999877929688,115.02999877929688,115.54000091552734,115.54000091552734,114.48999786376953,498,BZ=F,Factor,2026-09-24
2011-05-31,116.7300033569336,116.7300033569336,114.62999725341797,116.86000061035156,114.62999725341797,696,BZ=F,Factor,2026-09-24
2011-06-01,114.52999877929688,114.52999877929688,115.97000122070312,116.16000366210938,114.5,537,BZ=F,Factor,2026-09-24
2011-06-02,115.54000091552734,115.54000091552734,114.3499984741211,115.66999816894531,113.80000305175781,879,BZ=F,Factor,2026-09-24
2011-06-03,115.83999633789062,115.83999633789062,114.94000244140625,116.16000366210938,113.58999633789062,902,BZ=F,Factor,2026-09-24
2011-06-06,114.4800033569336,114.4800033569336,114.9000015258789,115.55000305175781,114.1500015258789,443,BZ=F,Factor,2026-09-24
2011-06-07,116.77999877929688,116.77999877929688,115.48999786376953,117.05999755859375,114.87999725341797,1104,BZ=F,Factor,2026-09-24
2011-06-08,117.8499984741211,117.8499984741211,116.19999694824219,118.56999969482422,116.1500015258789,1192,BZ=F,Factor,2026-09-24
2011-06-09,119.56999969482422,119.56999969482422,118.4000015258789,119.5999984741211,117.62999725341797,609,BZ=F,Factor,2026-09-24
2011-06-10,118.77999877929688,118.77999877929688,119.19000244140625,119.38999938964844,117.66000366210938,910,BZ=F,Factor,2026-09-24
2011-06-13,119.0999984741211,119.0999984741211,118.52999877929688,120.05999755859375,117.30000305175781,1241,BZ=F,Factor,2026-09-24
2011-06-14,120.16000366210938,120.16000366210938,119.95999908447266,120.70999908447266,119.88999938964844,885,BZ=F,Factor,2026-09-24
2011-06-15,117.0999984741211,117.0999984741211,118.44999694824219,118.44999694824219,117.87999725341797,972,BZ=F,Factor,2026-09-24
2011-06-16,114.0199966430664,114.0199966430664,113.7300033569336,114.44000244140625,113.12000274658203,665,BZ=F,Factor,2026-09-24
2011-06-17,113.20999908447266,113.20999908447266,112.91000366210938,113.79000091552734,111.87999725341797,859,BZ=F,Factor,2026-09-24
2011-06-20,111.69000244140625,111.69000244140625,112.06999969482422,112.54000091552734,111.5,667,BZ=F,Factor,2026-09-24
2011-06-21,110.94999694824219,110.94999694824219,112.38999938964844,112.5,110.0,1160,BZ=F,Factor,2026-09-24
2011-06-22,114.20999908447266,114.20999908447266,110.9800033569336,114.31999969482422,110.9800033569336,1653,BZ=F,Factor,2026-09-24
2011-06-23,107.26000213623047,107.26000213623047,113.20999908447266,113.20999908447266,105.80000305175781,1434,BZ=F,Factor,2026-09-24
2011-06-24,105.12000274658203,105.12000274658203,108.44999694824219,108.44999694824219,103.72000122070312,850,BZ=F,Factor,2026-09-24
2011-06-27,105.98999786376953,105.98999786376953,104.91999816894531,106.75,102.4000015258789,672,BZ=F,Factor,2026-09-24
2011-06-28,108.77999877929688,108.77999877929688,107.26000213623047,108.81999969482422,106.80000305175781,537,BZ=F,Factor,2026-09-24
2011-06-29,112.4000015258789,112.4000015258789,108.9800033569336,112.58000183105469,108.9800033569336,756,BZ=F,Factor,2026-09-24
2011-06-30,112.4800033569336,112.4800033569336,112.0199966430664,112.91999816894531,111.41999816894531,598,BZ=F,Factor,2026-09-24
2011-07-01,111.7699966430664,111.7699966430664,110.58000183105469,111.8499984741211,109.94000244140625,651,BZ=F,Factor,2026-09-24
2011-07-06,113.62000274658203,113.62000274658203,113.6500015258789,114.08000183105469,112.58000183105469,521,BZ=F,Factor,2026-09-24
2011-07-07,118.58999633789062,118.58999633789062,114.19999694824219,118.25,114.19999694824219,986,BZ=F,Factor,2026-09-24
2011-07-08,118.33000183105469,118.33000183105469,118.0199966430664,119.79000091552734,117.18000030517578,966,BZ=F,Factor,2026-09-24
2011-07-11,117.23999786376953,117.23999786376953,116.62000274658203,118.12000274658203,115.37000274658203,1016,BZ=F,Factor,2026-09-24
2011-07-12,117.75,117.75,115.44000244140625,117.80999755859375,115.30000305175781,682,BZ=F,Factor,2026-09-24
2011-07-14,118.31999969482422,118.31999969482422,118.33000183105469,118.75,118.19999694824219,610,BZ=F,Factor,2026-09-24
2011-07-15,117.26000213623047,117.26000213623047,115.80000305175781,117.6500015258789,115.25,497,BZ=F,Factor,2026-09-24
2011-07-18,116.05000305175781,116.05000305175781,116.5,116.9000015258789,114.79000091552734,484,BZ=F,Factor,2026-09-24
2011-07-20,118.1500015258789,118.1500015258789,118.3499984741211,118.52999877929688,117.20999908447266,725,BZ=F,Factor,2026-09-24
2011-07-21,117.51000213623047,117.51000213623047,118.3499984741211,119.04000091552734,116.94999694824219,540,BZ=F,Factor,2026-09-24
2011-07-22,118.66999816894531,118.66999816894531,117.66999816894531,118.77999877929688,117.66999816894531,425,BZ=F,Factor,2026-09-24
2011-07-25,117.94000244140625,117.94000244140625,117.98999786376953,118.16999816894531,117.12999725341797,419,BZ=F,Factor,2026-09-24
2011-07-26,118.27999877929688,118.27999877929688,117.0999984741211,118.80000305175781,117.05000305175781,578,BZ=F,Factor,2026-09-24
2011-07-27,117.43000030517578,117.43000030517578,118.27999877929688,118.27999877929688,117.31999969482422,915,BZ=F,Factor,2026-09-24
2011-07-28,117.36000061035156,117.36000061035156,117.8499984741211,118.19000244140625,117.08999633789062,1446,BZ=F,Factor,2026-09-24
2011-07-29,116.73999786376953,116.73999786376953,116.5,117.05999755859375,115.80000305175781,631,BZ=F,Factor,2026-09-24
2011-08-01,116.80999755859375,116.80999755859375,118.08999633789062,119.94999694824219,114.94000244140625,1488,BZ=F,Factor,2026-09-24
2011-08-02,116.45999908447266,116.45999908447266,116.25,118.22000122070312,115.91999816894531,835,BZ=F,Factor,2026-09-24
2011-08-03,113.2300033569336,113.2300033569336,115.80999755859375,115.80999755859375,113.26000213623047,905,BZ=F,Factor,2026-09-24
2011-08-04,107.25,107.25,113.38999938964844,113.5999984741211,107.06999969482422,1386,BZ=F,Factor,2026-09-24
2011-08-05,109.37000274658203,109.37000274658203,107.06999969482422,109.9000015258789,105.69000244140625,1324,BZ=F,Factor,2026-09-24
2011-08-08,103.73999786376953,103.73999786376953,106.8499984741211,106.91999816894531,103.47000122070312,1080,BZ=F,Factor,2026-09-24
2011-08-09,102.56999969482422,102.56999969482422,101.63999938964844,105.16999816894531,99.05999755859375,1756,BZ=F,Factor,2026-09-24
2011-08-10,106.68000030517578,106.68000030517578,104.37999725341797,106.58000183105469,103.66000366210938,1410,BZ=F,Factor,2026-09-24
2011-08-11,108.0199966430664,108.0199966430664,106.44000244140625,108.02999877929688,104.66999816894531,1058,BZ=F,Factor,2026-09-24
2011-08-12,108.02999877929688,108.02999877929688,108.87999725341797,108.9000015258789,107.66999816894531,891,BZ=F,Factor,2026-09-24
2011-08-15,109.91000366210938,109.91000366210938,108.19999694824219,109.91999816894531,108.19999694824219,964,BZ=F,Factor,2026-09-24
2011-08-17,110.5999984741211,110.5999984741211,110.7300033569336,111.62999725341797,110.58000183105469,572,BZ=F,Factor,2026-09-24
2011-08-18,106.98999786376953,106.98999786376953,109.26000213623047,109.26000213623047,106.47000122070312,1462,BZ=F,Factor,2026-09-24
2011-08-19,108.62000274658203,108.62000274658203,106.52999877929688,109.30000305175781,106.43000030517578,1062,BZ=F,Factor,2026-09-24
2011-08-22,108.36000061035156,108.36000061035156,106.3499984741211,108.08999633789062,105.33000183105469,1287,BZ=F,Factor,2026-09-24
2011-08-23,109.30999755859375,109.30999755859375,108.8499984741211,110.0999984741211,107.51000213623047,1025,BZ=F,Factor,2026-09-24
2011-08-24,110.1500015258789,110.1500015258789,109.5,110.7699966430664,109.19999694824219,3287,BZ=F,Factor,2026-09-24
2011-08-26,111.36000061035156,111.36000061035156,110.23999786376953,111.52999877929688,109.4000015258789,1719,BZ=F,Factor,2026-09-24
2011-08-29,111.87999725341797,111.87999725341797,111.05999755859375,112.62999725341797,111.05999755859375,1153,BZ=F,Factor,2026-09-24
2011-08-30,114.0199966430664,114.0199966430664,111.4000015258789,114.19999694824219,111.4000015258789,800,BZ=F,Factor,2026-09-24
2011-08-31,114.8499984741211,114.8499984741211,114.01000213623047,115.05999755859375,113.73999786376953,896,BZ=F,Factor,2026-09-24
2011-09-01,114.29000091552734,114.29000091552734,114.08000183105469,115.27999877929688,114.08000183105469,770,BZ=F,Factor,2026-09-24
2011-09-02,112.33000183105469,112.33000183105469,112.05000305175781,113.58999633789062,111.41000366210938,1048,BZ=F,Factor,2026-09-24
2011-09-06,112.88999938964844,112.88999938964844,110.93000030517578,112.98999786376953,110.8499984741211,871,BZ=F,Factor,2026-09-24
2011-09-07,115.80000305175781,115.80000305175781,113.06999969482422,115.76000213623047,113.06999969482422,1062,BZ=F,Factor,2026-09-24
2011-09-08,114.55000305175781,114.55000305175781,115.58000183105469,116.48999786376953,114.19999694824219,770,BZ=F,Factor,2026-09-24
2011-09-09,112.7699966430664,112.7699966430664,113.88999938964844,113.88999938964844,111.08999633789062,684,BZ=F,Factor,2026-09-24
2011-09-12,112.25,112.25,111.62999725341797,113.02999877929688,110.98999786376953,480,BZ=F,Factor,2026-09-24
2011-09-13,111.88999938964844,111.88999938964844,112.4000015258789,112.4000015258789,111.37000274658203,299,BZ=F,Factor,2026-09-24
2011-09-14,112.4000015258789,112.4000015258789,111.58000183105469,112.41999816894531,111.58000183105469,260,BZ=F,Factor,2026-09-24
2011-09-15,115.33999633789062,115.33999633789062,115.33999633789062,115.33999633789062,115.33999633789062,1362,BZ=F,Factor,2026-09-24
2011-09-16,112.22000122070312,112.22000122070312,112.77999877929688,114.18000030517578,111.61000061035156,741,BZ=F,Factor,2026-09-24
2011-09-19,109.13999938964844,109.13999938964844,111.83999633789062,112.0,108.80000305175781,850,BZ=F,Factor,2026-09-24
2011-09-20,110.54000091552734,110.54000091552734,109.18000030517578,111.41000366210938,108.93000030517578,762,BZ=F,Factor,2026-09-24
2011-09-21,110.36000061035156,110.36000061035156,110.62000274658203,112.4000015258789,109.69999694824219,1922,BZ=F,Factor,2026-09-24
2011-09-22,105.48999786376953,105.48999786376953,108.6500015258789,108.94999694824219,105.0,1204,BZ=F,Factor,2026-09-24
2011-09-23,103.97000122070312,103.97000122070312,105.70999908447266,106.87999725341797,103.48999786376953,1050,BZ=F,Factor,2026-09-24
2011-09-27,107.13999938964844,107.13999938964844,105.55000305175781,107.22000122070312,105.08999633789062,822,BZ=F,Factor,2026-09-24
2011-09-28,103.80999755859375,103.80999755859375,106.72000122070312,107.1500015258789,103.63999938964844,985,BZ=F,Factor,2026-09-24
2011-09-29,103.94999694824219,103.94999694824219,104.9000015258789,105.7699966430664,102.5,814,BZ=F,Factor,2026-09-24
2011-09-30,102.76000213623047,102.76000213623047,102.33999633789062,104.7699966430664,101.83000183105469,831,BZ=F,Factor,2026-09-24
2011-10-03,101.70999908447266,101.70999908447266,101.8499984741211,102.5999984741211,100.91000366210938,1000,BZ=F,Factor,2026-09-24
2011-10-04,99.79000091552734,99.79000091552734,101.16000366210938,101.86000061035156,99.37999725341797,539,BZ=F,Factor,2026-09-24
2011-10-06,105.7300033569336,105.7300033569336,103.30000305175781,105.63999938964844,101.75,706,BZ=F,Factor,2026-09-24
2011-10-07,105.87999725341797,105.87999725341797,105.4000015258789,106.29000091552734,104.41000366210938,699,BZ=F,Factor,2026-09-24
2011-10-10,108.94999694824219,108.94999694824219,106.08000183105469,109.19999694824219,105.77999877929688,376,BZ=F,Factor,2026-09-24
2011-10-11,110.7300033569336,110.7300033569336,108.30000305175781,111.11000061035156,107.52999877929688,426,BZ=F,Factor,2026-09-24
2011-10-12,111.36000061035156,111.36000061035156,111.86000061035156,112.6500015258789,110.87999725341797,337,BZ=F,Factor,2026-09-24
2011-10-13,111.11000061035156,111.11000061035156,110.16999816894531,111.37000274658203,109.30999755859375,118,BZ=F,Factor,2026-09-24
2011-10-14,114.68000030517578,114.68000030517578,113.80999755859375,114.73999786376953,113.18000030517578,1820,BZ=F,Factor,2026-09-24
2011-10-17,110.16000366210938,110.16000366210938,112.0,112.31999969482422,109.73999786376953,849,BZ=F,Factor,2026-09-24
2011-10-18,111.1500015258789,111.1500015258789,109.5199966430664,111.76000213623047,108.44999694824219,1582,BZ=F,Factor,2026-09-24
2011-10-19,108.38999938964844,108.38999938964844,111.30000305175781,111.83999633789062,108.25,1933,BZ=F,Factor,2026-09-24
2011-10-20,109.76000213623047,109.76000213623047,108.0,110.12999725341797,107.3499984741211,1872,BZ=F,Factor,2026-09-24
2011-10-21,109.55999755859375,109.55999755859375,109.91000366210938,111.88999938964844,109.33000183105469,1024,BZ=F,Factor,2026-09-24
2011-10-24,111.44999694824219,111.44999694824219,110.2699966430664,111.54000091552734,109.87000274658203,1467,BZ=F,Factor,2026-09-24
2011-10-25,110.91999816894531,110.91999816894531,111.41000366210938,111.75,109.68000030517578,2164,BZ=F,Factor,2026-09-24
2011-10-26,108.91000366210938,108.91000366210938,110.56999969482422,110.91999816894531,108.83000183105469,2194,BZ=F,Factor,2026-09-24
2011-10-27,112.08000183105469,112.08000183105469,110.18000030517578,112.69999694824219,110.18000030517578,2726,BZ=F,Factor,2026-09-24
2011-10-28,109.91000366210938,109.91000366210938,110.41999816894531,111.01000213623047,109.70999908447266,1035,BZ=F,Factor,2026-09-24
2011-10-31,109.55999755859375,109.55999755859375,109.4000015258789,109.76000213623047,108.44000244140625,571,BZ=F,Factor,2026-09-24
2011-11-01,109.54000091552734,109.54000091552734,109.25,109.55999755859375,109.01000213623047,1035,BZ=F,Factor,2026-09-24
2011-11-02,109.33999633789062,109.33999633789062,109.83999633789062,111.41000366210938,108.58999633789062,1941,BZ=F,Factor,2026-09-24
2011-11-03,110.83000183105469,110.83000183105469,110.08999633789062,111.18000030517578,108.97000122070312,1495,BZ=F,Factor,2026-09-24
2011-11-04,111.97000122070312,111.97000122070312,111.37000274658203,111.97000122070312,110.55999755859375,841,BZ=F,Factor,2026-09-24
2011-11-07,114.55999755859375,114.55999755859375,113.0,114.8499984741211,112.81999969482422,1751,BZ=F,Factor,2026-09-24
2011-11-08,115.0,115.0,115.5999984741211,116.43000030517578,114.33999633789062,1647,BZ=F,Factor,2026-09-24
2011-11-09,112.30999755859375,112.30999755859375,115.56999969482422,115.56999969482422,111.94999694824219,1730,BZ=F,Factor,2026-09-24
2011-11-10,113.70999908447266,113.70999908447266,113.80000305175781,113.98999786376953,111.43000030517578,1778,BZ=F,Factor,2026-09-24
2011-11-11,114.16000366210938,114.16000366210938,114.2300033569336,114.83999633789062,113.16999816894531,1285,BZ=F,Factor,2026-09-24
2011-11-14,111.88999938964844,111.88999938964844,113.18000030517578,113.18000030517578,111.70999908447266,190,BZ=F,Factor,2026-09-24
2011-11-15,112.38999938964844,112.38999938964844,112.38999938964844,112.38999938964844,112.38999938964844,593,BZ=F,Factor,2026-09-24
2011-11-16,111.87999725341797,111.87999725341797,112.06999969482422,112.36000061035156,110.43000030517578,1628,BZ=F,Factor,2026-09-24
2011-11-17,108.22000122070312,108.22000122070312,108.80000305175781,110.19000244140625,107.94999694824219,1291,BZ=F,Factor,2026-09-24
2011-11-18,107.55999755859375,107.55999755859375,109.47000122070312,109.47000122070312,107.0,694,BZ=F,Factor,2026-09-24
2011-11-22,109.02999877929688,109.02999877929688,107.51000213623047,109.5,107.51000213623047,1135,BZ=F,Factor,2026-09-24
2011-11-23,107.0199966430664,107.0199966430664,107.83000183105469,108.0999984741211,106.86000061035156,669,BZ=F,Factor,2026-09-24
2011-11-25,106.4000015258789,106.4000015258789,107.56999969482422,107.75,107.56999969482422,448,BZ=F,Factor,2026-09-24
2011-11-28,109.0,109.0,108.86000061035156,109.45999908447266,107.63999938964844,638,BZ=F,Factor,2026-09-24
2011-11-29,110.81999969482422,110.81999969482422,109.7300033569336,111.01000213623047,109.52999877929688,744,BZ=F,Factor,2026-09-24
2011-12-01,108.98999786376953,108.98999786376953,109.68000030517578,110.55000305175781,108.29000091552734,701,BZ=F,Factor,2026-09-24
2011-12-02,109.94000244140625,109.94000244140625,110.30999755859375,110.30999755859375,108.70999908447266,628,BZ=F,Factor,2026-09-24
2011-12-05,109.80999755859375,109.80999755859375,111.22000122070312,111.45999908447266,109.37999725341797,597,BZ=F,Factor,2026-09-24
2011-12-06,110.80999755859375,110.80999755859375,109.61000061035156,110.87999725341797,109.54000091552734,712,BZ=F,Factor,2026-09-24
2011-12-07,109.52999877929688,109.52999877929688,110.36000061035156,110.47000122070312,109.08999633789062,824,BZ=F,Factor,2026-09-24
2011-12-08,108.11000061035156,108.11000061035156,110.23999786376953,110.23999786376953,107.5199966430664,1405,BZ=F,Factor,2026-09-24
2011-12-09,108.62000274658203,108.62000274658203,108.19999694824219,108.69999694824219,107.31999969482422,1494,BZ=F,Factor,2026-09-24
2011-12-12,107.26000213623047,107.26000213623047,107.5999984741211,108.31999969482422,107.25,372,BZ=F,Factor,2026-09-24
2011-12-13,109.5,109.5,108.25,109.68000030517578,108.1500015258789,921,BZ=F,Factor,2026-09-24
2011-12-14,105.0199966430664,105.0199966430664,107.93000030517578,107.93000030517578,104.77999877929688,160,BZ=F,Factor,2026-09-24
2011-12-15,105.08999633789062,105.08999633789062,106.0,106.0,105.08999633789062,399,BZ=F,Factor,2026-09-24
2011-12-16,103.3499984741211,103.3499984741211,104.23999786376953,104.23999786376953,102.83000183105469,289,BZ=F,Factor,2026-09-24
2011-12-19,103.63999938964844,103.63999938964844,104.19999694824219,104.27999877929688,103.2300033569336,265,BZ=F,Factor,2026-09-24
2011-12-20,106.7300033569336,106.7300033569336,105.5,107.25,105.41999816894531,542,BZ=F,Factor,2026-09-24
2011-12-21,107.70999908447266,107.70999908447266,106.47000122070312,107.86000061035156,106.47000122070312,432,BZ=F,Factor,2026-09-24
2011-12-22,107.88999938964844,107.88999938964844,108.04000091552734,108.2300033569336,107.77999877929688,235,BZ=F,Factor,2026-09-24
2011-12-23,107.95999908447266,107.95999908447266,107.4800033569336,108.16999816894531,107.4800033569336,189,BZ=F,Factor,2026-09-24
2011-12-27,109.2699966430664,109.2699966430664,108.33000183105469,109.4800033569336,108.33000183105469,137,BZ=F,Factor,2026-09-24
2011-12-28,107.55999755859375,107.55999755859375,108.69000244140625,108.69000244140625,107.25,357,BZ=F,Factor,2026-09-24
2011-12-29,108.01000213623047,108.01000213623047,107.5999984741211,108.01000213623047,106.91000366210938,334,BZ=F,Factor,2026-09-24
2011-12-30,107.37999725341797,107.37999725341797,107.2699966430664,107.37999725341797,107.2699966430664,396,BZ=F,Factor,2026-09-24
2012-01-03,112.12999725341797,112.12999725341797,109.94999694824219,112.29000091552734,109.94999694824219,1064,BZ=F,Factor,2026-09-24
2012-01-04,113.69999694824219,113.69999694824219,111.69999694824219,113.81999969482422,111.69999694824219,1426,BZ=F,Factor,2026-09-24
2012-01-05,112.73999786376953,112.73999786376953,113.94999694824219,114.05000305175781,112.56999969482422,687,BZ=F,Factor,2026-09-24
2012-01-06,113.05999755859375,113.05999755859375,112.91000366210938,113.30000305175781,112.19000244140625,709,BZ=F,Factor,2026-09-24
2012-01-09,112.44999694824219,112.44999694824219,113.43000030517578,113.58999633789062,112.20999908447266,595,BZ=F,Factor,2026-09-24
2012-01-10,113.27999877929688,113.27999877929688,113.26000213623047,113.43000030517578,113.16999816894531,715,BZ=F,Factor,2026-09-24
2012-01-11,112.23999786376953,112.23999786376953,113.1500015258789,113.1500015258789,112.16000366210938,783,BZ=F,Factor,2026-09-24
2012-01-12,111.26000213623047,111.26000213623047,113.38999938964844,114.5199966430664,110.66000366210938,513,BZ=F,Factor,2026-09-24
2012-01-13,110.44000244140625,110.44000244140625,110.5999984741211,111.0,109.79000091552734,801,BZ=F,Factor,2026-09-24
2012-01-17,111.52999877929688,111.52999877929688,112.4800033569336,112.4800033569336,110.97000122070312,858,BZ=F,Factor,2026-09-24
2012-01-18,110.66000366210938,110.66000366210938,111.3499984741211,111.3499984741211,110.5,911,BZ=F,Factor,2026-09-24
2012-01-19,111.55000305175781,111.55000305175781,111.44999694824219,111.5999984741211,110.54000091552734,793,BZ=F,Factor,2026-09-24
2012-01-20,109.86000061035156,109.86000061035156,111.4800033569336,111.4800033569336,109.6500015258789,367,BZ=F,Factor,2026-09-24
2012-01-23,110.58000183105469,110.58000183105469,110.87000274658203,111.26000213623047,110.4000015258789,363,BZ=F,Factor,2026-09-24
2012-01-24,110.02999877929688,110.02999877929688,110.33999633789062,110.33999633789062,109.83999633789062,524,BZ=F,Factor,2026-09-24
2012-01-25,109.80999755859375,109.80999755859375,109.6500015258789,110.83000183105469,109.04000091552734,580,BZ=F,Factor,2026-09-24
2012-01-26,110.79000091552734,110.79000091552734,111.19000244140625,111.83000183105469,110.58000183105469,500,BZ=F,Factor,2026-09-24
2012-01-27,111.45999908447266,111.45999908447266,111.22000122070312,111.95999908447266,110.88999938964844,1050,BZ=F,Factor,2026-09-24
2012-01-30,110.75,110.75,111.22000122070312,111.22000122070312,110.4800033569336,453,BZ=F,Factor,2026-09-24
2012-01-31,110.9800033569336,110.9800033569336,112.08999633789062,112.61000061035156,110.83999633789062,712,BZ=F,Factor,2026-09-24
2012-02-01,111.55999755859375,111.55999755859375,112.31999969482422,112.76000213623047,111.30000305175781,891,BZ=F,Factor,2026-09-24
2012-02-02,112.06999969482422,112.06999969482422,111.54000091552734,112.5,111.29000091552734,1348,BZ=F,Factor,2026-09-24
2012-02-03,114.58000183105469,114.58000183105469,112.75,114.62000274658203,112.75,758,BZ=F,Factor,2026-09-24
2012-02-06,115.93000030517578,115.93000030517578,114.05999755859375,116.5,113.91999816894531,980,BZ=F,Factor,2026-09-24
2012-02-07,116.2300033569336,116.2300033569336,116.06999969482422,117.25,115.6500015258789,1400,BZ=F,Factor,2026-09-24
2012-02-08,117.19999694824219,117.19999694824219,116.69999694824219,117.6500015258789,115.95999908447266,866,BZ=F,Factor,2026-09-24
2012-02-09,118.58999633789062,118.58999633789062,118.2300033569336,118.7699966430664,117.62000274658203,812,BZ=F,Factor,2026-09-24
2012-02-10,117.30999755859375,117.30999755859375,117.05000305175781,117.66999816894531,116.33999633789062,1055,BZ=F,Factor,2026-09-24
2012-02-13,117.93000030517578,117.93000030517578,118.29000091552734,118.44999694824219,117.44999694824219,602,BZ=F,Factor,2026-09-24
2012-02-14,118.16000366210938,118.16000366210938,117.80000305175781,118.16000366210938,117.66999816894531,815,BZ=F,Factor,2026-09-24
2012-02-15,118.93000030517578,118.93000030517578,118.68000030517578,119.52999877929688,118.37000274658203,756,BZ=F,Factor,2026-09-24
2012-02-16,120.11000061035156,120.11000061035156,119.1500015258789,120.30999755859375,119.1500015258789,1479,BZ=F,Factor,2026-09-24
2012-02-17,119.58000183105469,119.58000183105469,120.04000091552734,120.04000091552734,118.8499984741211,815,BZ=F,Factor,2026-09-24
2012-02-21,121.66000366210938,121.66000366210938,119.80000305175781,121.66999816894531,119.80000305175781,495,BZ=F,Factor,2026-09-24
2012-02-22,122.9000015258789,122.9000015258789,121.80000305175781,123.18000030517578,121.58000183105469,1019,BZ=F,Factor,2026-09-24
2012-02-23,123.62000274658203,123.62000274658203,124.2300033569336,124.4800033569336,122.0999984741211,884,BZ=F,Factor,2026-09-24
2012-02-24,125.47000122070312,125.47000122070312,123.9000015258789,125.55000305175781,123.68000030517578,389,BZ=F,Factor,2026-09-24
2012-02-27,124.16999816894531,124.16999816894531,124.30000305175781,124.58000183105469,123.05999755859375,575,BZ=F,Factor,2026-09-24
2012-02-28,121.55000305175781,121.55000305175781,123.05000305175781,123.79000091552734,121.55000305175781,2378,BZ=F,Factor,2026-09-24
2012-02-29,122.66000366210938,122.66000366210938,122.31999969482422,123.08000183105469,120.68000030517578,1389,BZ=F,Factor,2026-09-24
2012-03-01,126.19999694824219,126.19999694824219,123.45999908447266,128.25,123.38999938964844,1951,BZ=F,Factor,2026-09-24
2012-03-02,123.6500015258789,123.6500015258789,124.87999725341797,124.97000122070312,123.38999938964844,736,BZ=F,Factor,2026-09-24
2012-03-05,123.80000305175781,123.80000305175781,123.87000274658203,124.62000274658203,123.37000274658203,592,BZ=F,Factor,2026-09-24
2012-03-06,121.9800033569336,121.9800033569336,123.01000213623047,123.0199966430664,121.6500015258789,630,BZ=F,Factor,2026-09-24
2012-03-07,124.12000274658203,124.12000274658203,123.12000274658203,124.2699966430664,122.0999984741211,913,BZ=F,Factor,2026-09-24
2012-03-08,125.44000244140625,125.44000244140625,125.33999633789062,126.29000091552734,124.95999908447266,960,BZ=F,Factor,2026-09-24
2012-03-09,125.9800033569336,125.9800033569336,125.55999755859375,126.25,124.80999755859375,817,BZ=F,Factor,2026-09-24
2012-03-12,125.33999633789062,125.33999633789062,124.30000305175781,125.33999633789062,124.25,648,BZ=F,Factor,2026-09-24
2012-03-13,126.22000122070312,126.22000122070312,125.5999984741211,126.70999908447266,125.08000183105469,506,BZ=F,Factor,2026-09-24
2012-03-14,124.97000122070312,124.97000122070312,126.16000366210938,126.63999938964844,124.97000122070312,294,BZ=F,Factor,2026-09-24
2012-03-15,123.55000305175781,123.55000305175781,124.80999755859375,125.04000091552734,123.55000305175781,1260,BZ=F,Factor,2026-09-24
2012-03-16,125.80999755859375,125.80999755859375,123.30999755859375,126.0999984741211,123.20999908447266,412,BZ=F,Factor,2026-09-24
2012-03-19,125.70999908447266,125.70999908447266,125.12999725341797,125.91999816894531,125.12999725341797,453,BZ=F,Factor,2026-09-24
2012-03-20,124.12000274658203,124.12000274658203,125.12999725341797,125.91999816894531,123.20999908447266,665,BZ=F,Factor,2026-09-24
2012-03-21,124.19999694824219,124.19999694824219,124.41999816894531,124.77999877929688,123.79000091552734,741,BZ=F,Factor,2026-09-24
2012-03-22,123.13999938964844,123.13999938964844,123.33999633789062,123.79000091552734,122.31999969482422,567,BZ=F,Factor,2026-09-24
2012-03-23,125.12999725341797,125.12999725341797,123.68000030517578,127.0199966430664,123.68000030517578,747,BZ=F,Factor,2026-09-24
2012-03-26,125.6500015258789,125.6500015258789,125.68000030517578,125.81999969482422,125.30000305175781,265,BZ=F,Factor,2026-09-24
2012-03-27,125.54000091552734,125.54000091552734,125.1500015258789,126.12000274658203,124.93000030517578,765,BZ=F,Factor,2026-09-24
2012-03-28,124.16000366210938,124.16000366210938,124.27999877929688,124.33999633789062,123.62000274658203,797,BZ=F,Factor,2026-09-24
2012-03-29,122.38999938964844,122.38999938964844,123.81999969482422,124.3499984741211,121.43000030517578,646,BZ=F,Factor,2026-09-24
2012-03-30,122.87999725341797,122.87999725341797,123.2699966430664,124.04000091552734,122.69000244140625,701,BZ=F,Factor,2026-09-24
2012-04-02,125.43000030517578,125.43000030517578,122.20999908447266,125.48999786376953,121.75,481,BZ=F,Factor,2026-09-24
2012-04-03,124.86000061035156,124.86000061035156,125.18000030517578,125.94999694824219,124.38999938964844,592,BZ=F,Factor,2026-09-24
2012-04-04,122.33999633789062,122.33999633789062,124.12999725341797,124.55000305175781,122.33000183105469,822,BZ=F,Factor,2026-09-24
2012-04-05,123.43000030517578,123.43000030517578,122.0999984741211,123.4800033569336,121.83000183105469,449,BZ=F,Factor,2026-09-24
2012-04-09,122.66999816894531,122.66999816894531,121.87999725341797,122.70999908447266,121.0999984741211,256,BZ=F,Factor,2026-09-24
2012-04-10,119.87999725341797,119.87999725341797,121.5199966430664,122.2699966430664,119.80000305175781,627,BZ=F,Factor,2026-09-24
2012-04-11,120.18000030517578,120.18000030517578,120.0999984741211,120.73999786376953,119.30999755859375,781,BZ=F,Factor,2026-09-24
2012-04-12,121.70999908447266,121.70999908447266,119.98999786376953,121.70999908447266,119.45999908447266,280,BZ=F,Factor,2026-09-24
2012-04-13,121.83000183105469,121.83000183105469,121.62000274658203,121.83000183105469,120.87999725341797,441,BZ=F,Factor,2026-09-24
2012-04-16,118.68000030517578,118.68000030517578,120.02999877929688,120.05000305175781,118.27999877929688,832,BZ=F,Factor,2026-09-24
2012-04-17,118.77999877929688,118.77999877929688,118.62000274658203,119.27999877929688,118.19999694824219,741,BZ=F,Factor,2026-09-24
2012-04-18,117.97000122070312,117.97000122070312,117.69999694824219,118.26000213623047,116.73999786376953,894,BZ=F,Factor,2026-09-24
2012-04-19,118.0,118.0,118.8499984741211,119.1500015258789,117.70999908447266,1122,BZ=F,Factor,2026-09-24
2012-04-20,118.76000213623047,118.76000213623047,119.36000061035156,119.62999725341797,118.38999938964844,662,BZ=F,Factor,2026-09-24
2012-04-23,118.70999908447266,118.70999908447266,117.93000030517578,118.86000061035156,117.2699966430664,727,BZ=F,Factor,2026-09-24
2012-04-24,118.16000366210938,118.16000366210938,118.19000244140625,118.8499984741211,117.9000015258789,583,BZ=F,Factor,2026-09-24
2012-04-25,119.12000274658203,119.12000274658203,119.0,119.19000244140625,117.47000122070312,541,BZ=F,Factor,2026-09-24
2012-04-26,119.91999816894531,119.91999816894531,119.23999786376953,120.0999984741211,119.23999786376953,652,BZ=F,Factor,2026-09-24
2012-04-27,119.83000183105469,119.83000183105469,119.7699966430664,119.83000183105469,119.12000274658203,513,BZ=F,Factor,2026-09-24
2012-04-30,119.47000122070312,119.47000122070312,119.37000274658203,119.66999816894531,118.76000213623047,782,BZ=F,Factor,2026-09-24
2012-05-01,119.66000366210938,119.66000366210938,119.0,119.95999908447266,118.91000366210938,2605,BZ=F,Factor,2026-09-24
2012-05-02,118.19999694824219,118.19999694824219,119.19999694824219,119.19999694824219,117.7699966430664,2624,BZ=F,Factor,2026-09-24
2012-05-03,116.08000183105469,116.08000183105469,117.76000213623047,117.88999938964844,116.0,2253,BZ=F,Factor,2026-09-24
2012-05-04,113.18000030517578,113.18000030517578,114.80000305175781,114.80000305175781,111.83000183105469,3510,BZ=F,Factor,2026-09-24
2012-05-07,113.16000366210938,113.16000366210938,113.06999969482422,113.16000366210938,112.08999633789062,1462,BZ=F,Factor,2026-09-24
2012-05-08,112.7300033569336,112.7300033569336,112.23999786376953,113.04000091552734,110.55999755859375,2937,BZ=F,Factor,2026-09-24
2012-05-09,113.19999694824219,113.19999694824219,111.9000015258789,113.26000213623047,111.3499984741211,1530,BZ=F,Factor,2026-09-24
2012-05-10,112.7300033569336,112.7300033569336,112.93000030517578,113.6500015258789,112.16000366210938,2771,BZ=F,Factor,2026-09-24
2012-05-11,112.26000213623047,112.26000213623047,112.0199966430664,112.7699966430664,111.6500015258789,767,BZ=F,Factor,2026-09-24
2012-05-14,111.56999969482422,111.56999969482422,111.0199966430664,111.69000244140625,110.9800033569336,749,BZ=F,Factor,2026-09-24
2012-05-15,112.23999786376953,112.23999786376953,112.23999786376953,112.52999877929688,111.5,490,BZ=F,Factor,2026-09-24
2012-05-16,111.70999908447266,111.70999908447266,111.55000305175781,111.70999908447266,111.55000305175781,1327,BZ=F,Factor,2026-09-24
2012-05-17,107.48999786376953,107.48999786376953,109.25,109.62999725341797,106.95999908447266,1732,BZ=F,Factor,2026-09-24
2012-05-18,107.13999938964844,107.13999938964844,107.66999816894531,107.8499984741211,106.86000061035156,617,BZ=F,Factor,2026-09-24
2012-05-21,108.80999755859375,108.80999755859375,107.83000183105469,109.22000122070312,107.7699966430664,571,BZ=F,Factor,2026-09-24
2012-05-22,108.41000366210938,108.41000366210938,109.2699966430664,109.2699966430664,107.97000122070312,1151,BZ=F,Factor,2026-09-24
2012-05-23,105.55999755859375,105.55999755859375,107.23999786376953,107.33000183105469,105.47000122070312,656,BZ=F,Factor,2026-09-24
2012-05-24,106.55000305175781,106.55000305175781,105.9800033569336,107.12999725341797,105.76000213623047,1067,BZ=F,Factor,2026-09-24
2012-05-25,106.83000183105469,106.83000183105469,106.66000366210938,107.08999633789062,106.63999938964844,389,BZ=F,Factor,2026-09-24
2012-05-29,106.68000030517578,106.68000030517578,107.19000244140625,107.83000183105469,106.06999969482422,467,BZ=F,Factor,2026-09-24
2012-05-30,103.47000122070312,103.47000122070312,105.23999786376953,105.25,103.08000183105469,418,BZ=F,Factor,2026-09-24
2012-05-31,101.87000274658203,101.87000274658203,103.76000213623047,103.76000213623047,101.31999969482422,662,BZ=F,Factor,2026-09-24
2012-06-01,98.43000030517578,98.43000030517578,99.52999877929688,99.63999938964844,97.58000183105469,755,BZ=F,Factor,2026-09-24
2012-06-04,98.8499984741211,98.8499984741211,96.7699966430664,99.08000183105469,96.7300033569336,528,BZ=F,Factor,2026-09-24
2012-06-05,98.83999633789062,98.83999633789062,98.7699966430664,99.12000274658203,98.37999725341797,525,BZ=F,Factor,2026-09-24
2012-06-06,100.63999938964844,100.63999938964844,100.45999908447266,101.27999877929688,99.7300033569336,964,BZ=F,Factor,2026-09-24
2012-06-07,99.93000030517578,99.93000030517578,101.37999725341797,102.29000091552734,99.5199966430664,1301,BZ=F,Factor,2026-09-24
2012-06-08,99.47000122070312,99.47000122070312,97.3499984741211,99.88999938964844,97.3499984741211,451,BZ=F,Factor,2026-09-24
2012-06-11,98.0,98.0,100.38999938964844,100.58999633789062,96.94000244140625,1856,BZ=F,Factor,2026-09-24
2012-06-12,97.13999938964844,97.13999938964844,97.2300033569336,97.91000366210938,96.69999694824219,1258,BZ=F,Factor,2026-09-24
2012-06-13,97.12999725341797,97.12999725341797,97.16999816894531,98.23999786376953,96.77999877929688,1258,BZ=F,Factor,2026-09-24
2012-06-14,97.02999877929688,97.02999877929688,96.6500015258789,97.02999877929688,96.6500015258789,2047,BZ=F,Factor,2026-09-24
2012-06-15,97.61000061035156,97.61000061035156,97.62000274658203,98.05999755859375,97.06999969482422,282,BZ=F,Factor,2026-09-24
2012-06-18,96.05000305175781,96.05000305175781,97.0,97.0,95.5,2225,BZ=F,Factor,2026-09-24
2012-06-19,95.76000213623047,95.76000213623047,96.0,96.7300033569336,95.76000213623047,1795,BZ=F,Factor,2026-09-24
2012-06-20,92.69000244140625,92.69000244140625,95.25,95.48999786376953,92.47000122070312,718,BZ=F,Factor,2026-09-24
2012-06-21,89.2300033569336,89.2300033569336,92.4000015258789,92.44000244140625,89.04000091552734,1121,BZ=F,Factor,2026-09-24
2012-06-22,90.9800033569336,90.9800033569336,89.9000015258789,91.51000213623047,89.80999755859375,562,BZ=F,Factor,2026-09-24
2012-06-25,91.01000213623047,91.01000213623047,90.23999786376953,91.26000213623047,89.73999786376953,1452,BZ=F,Factor,2026-09-24
2012-06-26,93.0199966430664,93.0199966430664,91.73999786376953,93.13999938964844,91.30999755859375,2275,BZ=F,Factor,2026-09-24
2012-06-27,93.5,93.5,92.91000366210938,93.79000091552734,92.91000366210938,680,BZ=F,Factor,2026-09-24
2012-06-28,91.36000061035156,91.36000061035156,93.5199966430664,93.6500015258789,90.95999908447266,1468,BZ=F,Factor,2026-09-24
2012-06-29,97.80000305175781,97.80000305175781,94.05000305175781,98.2699966430664,94.05000305175781,1151,BZ=F,Factor,2026-09-24
2012-07-02,97.33999633789062,97.33999633789062,96.08999633789062,97.58999633789062,95.80999755859375,786,BZ=F,Factor,2026-09-24
2012-07-03,100.68000030517578,100.68000030517578,99.72000122070312,101.3499984741211,99.72000122070312,707,BZ=F,Factor,2026-09-24
2012-07-05,100.69999694824219,100.69999694824219,101.12000274658203,101.41999816894531,100.38999938964844,1271,BZ=F,Factor,2026-09-24
2012-07-06,98.19000244140625,98.19000244140625,98.97000122070312,98.97000122070312,97.93000030517578,1800,BZ=F,Factor,2026-09-24
2012-07-09,100.31999969482422,100.31999969482422,98.81999969482422,100.9800033569336,98.36000061035156,1912,BZ=F,Factor,2026-09-24
2012-07-10,97.97000122070312,97.97000122070312,98.94999694824219,99.19999694824219,97.87000274658203,1778,BZ=F,Factor,2026-09-24
2012-07-11,100.2300033569336,100.2300033569336,98.66999816894531,100.37999725341797,98.66999816894531,851,BZ=F,Factor,2026-09-24
2012-07-12,101.06999969482422,101.06999969482422,99.19000244140625,101.2699966430664,99.0199966430664,1345,BZ=F,Factor,2026-09-24
2012-07-13,102.4000015258789,102.4000015258789,102.41999816894531,102.69999694824219,101.38999938964844,624,BZ=F,Factor,2026-09-24
2012-07-16,103.55000305175781,103.55000305175781,103.55000305175781,103.55000305175781,103.55000305175781,1691,BZ=F,Factor,2026-09-24
2012-07-17,104.0,104.0,104.58000183105469,104.58000183105469,102.87000274658203,590,BZ=F,Factor,2026-09-24
2012-07-18,105.16000366210938,105.16000366210938,103.91000366210938,105.4000015258789,103.88999938964844,725,BZ=F,Factor,2026-09-24
2012-07-19,107.80000305175781,107.80000305175781,107.4000015258789,108.13999938964844,106.51000213623047,581,BZ=F,Factor,2026-09-24
2012-07-20,106.83000183105469,106.83000183105469,106.0999984741211,106.91000366210938,105.81999969482422,358,BZ=F,Factor,2026-09-24
2012-07-23,103.26000213623047,103.26000213623047,103.19999694824219,104.58999633789062,102.4800033569336,360,BZ=F,Factor,2026-09-24
2012-07-24,103.41999816894531,103.41999816894531,102.94000244140625,103.93000030517578,102.94000244140625,1642,BZ=F,Factor,2026-09-24
2012-07-25,104.37999725341797,104.37999725341797,103.69999694824219,104.6500015258789,102.18000030517578,2082,BZ=F,Factor,2026-09-24
2012-07-26,105.26000213623047,105.26000213623047,105.23999786376953,106.01000213623047,104.87000274658203,1479,BZ=F,Factor,2026-09-24
2012-07-27,106.47000122070312,106.47000122070312,105.94999694824219,106.5,105.69999694824219,2178,BZ=F,Factor,2026-09-24
2012-07-30,106.19999694824219,106.19999694824219,105.79000091552734,106.4800033569336,105.7300033569336,334,BZ=F,Factor,2026-09-24
2012-07-31,104.91999816894531,104.91999816894531,106.27999877929688,106.30000305175781,104.19999694824219,1532,BZ=F,Factor,2026-09-24
2012-08-01,105.95999908447266,105.95999908447266,105.63999938964844,106.2300033569336,105.52999877929688,1202,BZ=F,Factor,2026-09-24
2012-08-02,105.9000015258789,105.9000015258789,106.62000274658203,106.68000030517578,105.30999755859375,2631,BZ=F,Factor,2026-09-24
2012-08-03,108.94000244140625,108.94000244140625,106.5199966430664,109.06999969482422,106.4000015258789,1573,BZ=F,Factor,2026-09-24
2012-08-06,109.55000305175781,109.55000305175781,108.55999755859375,109.69000244140625,108.12000274658203,1714,BZ=F,Factor,2026-09-24
2012-08-07,112.0,112.0,110.55000305175781,112.37000274658203,110.45999908447266,2600,BZ=F,Factor,2026-09-24
2012-08-08,112.13999938964844,112.13999938964844,111.45999908447266,113.05999755859375,111.45999908447266,5380,BZ=F,Factor,2026-09-24
2012-08-09,113.22000122070312,113.22000122070312,112.3499984741211,113.30000305175781,112.19000244140625,2139,BZ=F,Factor,2026-09-24
2012-08-10,112.94999694824219,112.94999694824219,111.55999755859375,113.02999877929688,111.44000244140625,1994,BZ=F,Factor,2026-09-24
2012-08-13,113.5999984741211,113.5999984741211,114.77999877929688,114.77999877929688,113.25,1223,BZ=F,Factor,2026-09-24
2012-08-14,114.02999877929688,114.02999877929688,113.98999786376953,114.02999877929688,113.37999725341797,1201,BZ=F,Factor,2026-09-24
2012-08-15,116.25,116.25,113.88999938964844,116.5999984741211,113.88999938964844,718,BZ=F,Factor,2026-09-24
2012-08-16,116.9000015258789,116.9000015258789,116.19999694824219,116.9000015258789,116.19999694824219,3561,BZ=F,Factor,2026-09-24
2012-08-17,113.70999908447266,113.70999908447266,114.0999984741211,114.25,112.8499984741211,1201,BZ=F,Factor,2026-09-24
2012-08-20,113.69999694824219,113.69999694824219,114.41000366210938,114.41000366210938,112.9000015258789,3024,BZ=F,Factor,2026-09-24
2012-08-21,114.63999938964844,114.63999938964844,114.47000122070312,115.47000122070312,114.47000122070312,1481,BZ=F,Factor,2026-09-24
2012-08-22,114.91000366210938,114.91000366210938,113.58000183105469,115.12999725341797,113.58000183105469,3196,BZ=F,Factor,2026-09-24
2012-08-23,115.01000213623047,115.01000213623047,116.05000305175781,116.29000091552734,114.4800033569336,2201,BZ=F,Factor,2026-09-24
2012-08-24,113.58999633789062,113.58999633789062,114.6500015258789,115.12000274658203,113.11000061035156,2894,BZ=F,Factor,2026-09-24
2012-08-27,112.26000213623047,112.26000213623047,114.23999786376953,114.52999877929688,111.76000213623047,2318,BZ=F,Factor,2026-09-24
2012-08-28,112.58000183105469,112.58000183105469,112.77999877929688,112.77999877929688,112.0199966430664,1489,BZ=F,Factor,2026-09-24
2012-08-29,112.54000091552734,112.54000091552734,112.37999725341797,112.77999877929688,112.33999633789062,2957,BZ=F,Factor,2026-09-24
2012-08-30,112.6500015258789,112.6500015258789,113.12000274658203,113.27999877929688,112.38999938964844,2660,BZ=F,Factor,2026-09-24
2012-08-31,114.56999969482422,114.56999969482422,113.41000366210938,114.86000061035156,112.9000015258789,2428,BZ=F,Factor,2026-09-24
2012-09-04,114.18000030517578,114.18000030517578,115.80000305175781,115.80999755859375,114.12000274658203,564,BZ=F,Factor,2026-09-24
2012-09-05,113.08999633789062,113.08999633789062,113.8499984741211,114.01000213623047,112.91000366210938,551,BZ=F,Factor,2026-09-24
2012-09-06,113.48999786376953,113.48999786376953,113.94000244140625,115.0,113.0,2137,BZ=F,Factor,2026-09-24
2012-09-07,114.25,114.25,113.52999877929688,114.44000244140625,112.43000030517578,2186,BZ=F,Factor,2026-09-24
2012-09-10,114.80999755859375,114.80999755859375,114.56999969482422,114.95999908447266,114.12000274658203,826,BZ=F,Factor,2026-09-24
2012-09-11,115.4000015258789,115.4000015258789,114.8499984741211,115.43000030517578,114.73999786376953,1009,BZ=F,Factor,2026-09-24
2012-09-12,115.95999908447266,115.95999908447266,115.9800033569336,116.01000213623047,115.30000305175781,1015,BZ=F,Factor,2026-09-24
2012-09-13,116.9000015258789,116.9000015258789,116.69999694824219,117.0,116.26000213623047,336,BZ=F,Factor,2026-09-24
2012-09-18,112.02999877929688,112.02999877929688,113.76000213623047,113.83999633789062,111.70999908447266,564,BZ=F,Factor,2026-09-24
2012-09-19,108.19000244140625,108.19000244140625,111.0,111.0,107.66000366210938,559,BZ=F,Factor,2026-09-24
2012-09-20,110.02999877929688,110.02999877929688,108.4800033569336,110.3499984741211,108.1500015258789,1613,BZ=F,Factor,2026-09-24
2012-09-21,111.41999816894531,111.41999816894531,111.05999755859375,111.4800033569336,110.63999938964844,1140,BZ=F,Factor,2026-09-24
2012-09-24,109.80999755859375,109.80999755859375,109.87000274658203,110.12999725341797,109.1500015258789,1278,BZ=F,Factor,2026-09-24
2012-09-25,110.44999694824219,110.44999694824219,111.0199966430664,111.31999969482422,110.01000213623047,1516,BZ=F,Factor,2026-09-24
2012-09-26,110.04000091552734,110.04000091552734,108.9800033569336,110.05000305175781,108.69999694824219,2408,BZ=F,Factor,2026-09-24
2012-09-27,112.01000213623047,112.01000213623047,111.0,112.37000274658203,111.0,1191,BZ=F,Factor,2026-09-24
2012-09-28,112.38999938964844,112.38999938964844,112.7699966430664,112.79000091552734,111.56999969482422,1412,BZ=F,Factor,2026-09-24
2012-10-01,112.19000244140625,112.19000244140625,111.72000122070312,113.23999786376953,111.6500015258789,181,BZ=F,Factor,2026-09-24
2012-10-02,111.56999969482422,111.56999969482422,111.73999786376953,111.94999694824219,111.45999908447266,184,BZ=F,Factor,2026-09-24
2012-10-03,108.16999816894531,108.16999816894531,110.30999755859375,110.4000015258789,107.72000122070312,1316,BZ=F,Factor,2026-09-24
2012-10-04,112.58000183105469,112.58000183105469,109.4000015258789,112.63999938964844,109.26000213623047,1542,BZ=F,Factor,2026-09-24
2012-10-05,112.0199966430664,112.0199966430664,111.9000015258789,113.0,110.91000366210938,1184,BZ=F,Factor,2026-09-24
2012-10-08,111.81999969482422,111.81999969482422,111.27999877929688,112.25,111.16999816894531,1240,BZ=F,Factor,2026-09-24
2012-10-09,114.5,114.5,112.37999725341797,114.5999984741211,112.37999725341797,498,BZ=F,Factor,2026-09-24
2012-10-10,114.33000183105469,114.33000183105469,114.41000366210938,115.56999969482422,114.12000274658203,328,BZ=F,Factor,2026-09-24
2012-10-11,115.70999908447266,115.70999908447266,115.12999725341797,115.91000366210938,114.98999786376953,865,BZ=F,Factor,2026-09-24
2012-10-12,114.62000274658203,114.62000274658203,114.76000213623047,115.16000366210938,114.01000213623047,857,BZ=F,Factor,2026-09-24
2012-10-15,115.80000305175781,115.80000305175781,115.12000274658203,115.86000061035156,113.66999816894531,905,BZ=F,Factor,2026-09-24
2012-10-16,115.06999969482422,115.06999969482422,114.9800033569336,115.06999969482422,114.94999694824219,602,BZ=F,Factor,2026-09-24
2012-10-19,110.13999938964844,110.13999938964844,112.94000244140625,113.22000122070312,110.06999969482422,624,BZ=F,Factor,2026-09-24
2012-10-22,109.44000244140625,109.44000244140625,110.56999969482422,110.95999908447266,109.19000244140625,586,BZ=F,Factor,2026-09-24
2012-10-23,108.25,108.25,108.68000030517578,108.87999725341797,107.37999725341797,602,BZ=F,Factor,2026-09-24
2012-10-24,107.8499984741211,107.8499984741211,108.5,108.7699966430664,106.93000030517578,503,BZ=F,Factor,2026-09-24
2012-10-25,108.48999786376953,108.48999786376953,108.7699966430664,109.22000122070312,107.66999816894531,532,BZ=F,Factor,2026-09-24
2012-10-26,109.55000305175781,109.55000305175781,107.9800033569336,109.66999816894531,107.94000244140625,395,BZ=F,Factor,2026-09-24
2012-10-31,108.69999694824219,108.69999694824219,109.66000366210938,109.69999694824219,108.37000274658203,227,BZ=F,Factor,2026-09-24
2012-11-01,108.16999816894531,108.16999816894531,108.29000091552734,108.70999908447266,107.8499984741211,354,BZ=F,Factor,2026-09-24
2012-11-02,105.68000030517578,105.68000030517578,107.81999969482422,108.75,105.56999969482422,1081,BZ=F,Factor,2026-09-24
2012-11-05,107.7300033569336,107.7300033569336,105.4800033569336,108.12000274658203,105.05999755859375,388,BZ=F,Factor,2026-09-24
2012-11-06,111.06999969482422,111.06999969482422,108.66999816894531,111.0999984741211,108.51000213623047,515,BZ=F,Factor,2026-09-24
2012-11-07,106.81999969482422,106.81999969482422,109.87999725341797,110.48999786376953,106.72000122070312,888,BZ=F,Factor,2026-09-24
2012-11-08,107.25,107.25,107.66000366210938,107.93000030517578,106.3499984741211,364,BZ=F,Factor,2026-09-24
2012-11-09,109.4000015258789,109.4000015258789,106.51000213623047,109.5999984741211,106.27999877929688,744,BZ=F,Factor,2026-09-24
2012-11-12,109.06999969482422,109.06999969482422,109.0199966430664,110.0999984741211,108.83000183105469,922,BZ=F,Factor,2026-09-24
2012-11-13,108.26000213623047,108.26000213623047,108.36000061035156,108.58000183105469,107.5,609,BZ=F,Factor,2026-09-24
2012-11-14,109.61000061035156,109.61000061035156,108.51000213623047,109.80000305175781,108.51000213623047,762,BZ=F,Factor,2026-09-24
2012-11-15,110.9800033569336,110.9800033569336,110.76000213623047,110.9800033569336,110.41000366210938,735,BZ=F,Factor,2026-09-24
2012-11-19,110.83999633789062,110.83999633789062,110.83999633789062,110.83999633789062,110.83999633789062,782,BZ=F,Factor,2026-09-24
2012-11-20,109.83000183105469,109.83000183105469,111.25,111.63999938964844,109.02999877929688,420,BZ=F,Factor,2026-09-24
2012-11-21,110.86000061035156,110.86000061035156,111.0199966430664,111.33999633789062,109.62000274658203,480,BZ=F,Factor,2026-09-24
2012-11-23,111.37999725341797,111.37999725341797,110.52999877929688,111.52999877929688,110.51000213623047,483,BZ=F,Factor,2026-09-24
2012-11-26,110.91999816894531,110.91999816894531,111.04000091552734,111.29000091552734,110.30000305175781,506,BZ=F,Factor,2026-09-24
2012-11-27,109.87000274658203,109.87000274658203,111.01000213623047,111.08999633789062,109.30999755859375,426,BZ=F,Factor,2026-09-24
2012-11-28,109.51000213623047,109.51000213623047,109.19000244140625,109.73999786376953,108.5,665,BZ=F,Factor,2026-09-24
2012-11-29,110.76000213623047,110.76000213623047,110.83000183105469,111.29000091552734,110.27999877929688,619,BZ=F,Factor,2026-09-24
2012-11-30,111.2300033569336,111.2300033569336,110.47000122070312,111.25,110.47000122070312,464,BZ=F,Factor,2026-09-24
2012-12-03,110.91999816894531,110.91999816894531,111.41999816894531,112.31999969482422,110.5999984741211,749,BZ=F,Factor,2026-09-24
2012-12-04,109.83999633789062,109.83999633789062,110.30000305175781,110.33000183105469,109.25,484,BZ=F,Factor,2026-09-24
2012-12-05,108.80999755859375,108.80999755859375,110.0999984741211,110.33000183105469,108.73999786376953,302,BZ=F,Factor,2026-09-24
2012-12-06,107.02999877929688,107.02999877929688,108.86000061035156,108.87000274658203,106.69999694824219,945,BZ=F,Factor,2026-09-24
2012-12-07,107.0199966430664,107.0199966430664,107.08999633789062,107.87000274658203,106.80999755859375,1434,BZ=F,Factor,2026-09-24
2012-12-10,107.33000183105469,107.33000183105469,107.9000015258789,108.45999908447266,107.25,1972,BZ=F,Factor,2026-09-24
2012-12-11,108.01000213623047,108.01000213623047,108.31999969482422,108.33999633789062,107.43000030517578,1065,BZ=F,Factor,2026-09-24
2012-12-12,109.5,109.5,108.9000015258789,110.47000122070312,108.8499984741211,1756,BZ=F,Factor,2026-09-24
2012-12-13,107.91000366210938,107.91000366210938,108.98999786376953,109.16999816894531,107.80999755859375,833,BZ=F,Factor,2026-09-24
2012-12-14,109.1500015258789,109.1500015258789,109.1500015258789,109.1500015258789,109.1500015258789,306,BZ=F,Factor,2026-09-24
2012-12-19,110.36000061035156,110.36000061035156,109.9800033569336,110.43000030517578,109.30999755859375,703,BZ=F,Factor,2026-09-24
2012-12-20,110.19999694824219,110.19999694824219,110.2699966430664,110.52999877929688,109.75,473,BZ=F,Factor,2026-09-24
2012-12-21,108.97000122070312,108.97000122070312,109.58999633789062,109.83999633789062,108.76000213623047,571,BZ=F,Factor,2026-09-24
2012-12-24,108.80000305175781,108.80000305175781,108.45999908447266,109.0,108.18000030517578,287,BZ=F,Factor,2026-09-24
2012-12-26,111.06999969482422,111.06999969482422,109.93000030517578,111.45999908447266,109.93000030517578,413,BZ=F,Factor,2026-09-24
2012-12-27,110.80000305175781,110.80000305175781,110.83000183105469,111.1500015258789,110.12000274658203,682,BZ=F,Factor,2026-09-24
2012-12-28,110.62000274658203,110.62000274658203,110.43000030517578,110.76000213623047,109.83000183105469,1101,BZ=F,Factor,2026-09-24
2012-12-31,111.11000061035156,111.11000061035156,109.6500015258789,111.22000122070312,109.4800033569336,716,BZ=F,Factor,2026-09-24
2013-01-02,112.47000122070312,112.47000122070312,111.94000244140625,112.9000015258789,111.76000213623047,1343,BZ=F,Factor,2026-09-24
2013-01-03,112.13999938964844,112.13999938964844,111.91999816894531,112.38999938964844,111.69999694824219,752,BZ=F,Factor,2026-09-24
2013-01-04,111.30999755859375,111.30999755859375,110.72000122070312,111.73999786376953,110.72000122070312,1279,BZ=F,Factor,2026-09-24
2013-01-07,111.4000015258789,111.4000015258789,110.80000305175781,111.66999816894531,110.58000183105469,1860,BZ=F,Factor,2026-09-24
2013-01-08,111.94000244140625,111.94000244140625,112.38999938964844,112.44000244140625,111.4800033569336,1385,BZ=F,Factor,2026-09-24
2013-01-09,111.76000213623047,111.76000213623047,111.88999938964844,111.94999694824219,111.12999725341797,1368,BZ=F,Factor,2026-09-24
2013-01-10,111.88999938964844,111.88999938964844,112.97000122070312,112.98999786376953,111.66000366210938,1495,BZ=F,Factor,2026-09-24
2013-01-11,110.63999938964844,110.63999938964844,110.69000244140625,110.73999786376953,109.69999694824219,1141,BZ=F,Factor,2026-09-24
2013-01-14,111.87999725341797,111.87999725341797,111.1500015258789,112.0199966430664,110.41000366210938,1019,BZ=F,Factor,2026-09-24
2013-01-15,110.30000305175781,110.30000305175781,111.73999786376953,111.91000366210938,110.30000305175781,1227,BZ=F,Factor,2026-09-24
2013-01-16,110.61000061035156,110.61000061035156,110.5199966430664,110.61000061035156,110.44000244140625,33,BZ=F,Factor,2026-09-24
2013-01-17,110.61000061035156,110.61000061035156,110.61000061035156,110.61000061035156,110.61000061035156,0,BZ=F,Factor,2026-09-24
2013-01-18,110.61000061035156,110.61000061035156,110.61000061035156,110.61000061035156,110.61000061035156,5410,BZ=F,Factor,2026-09-24
2013-01-22,112.41999816894531,112.41999816894531,112.19999694824219,112.6500015258789,111.56999969482422,7873,BZ=F,Factor,2026-09-24
2013-01-23,112.80000305175781,112.80000305175781,112.38999938964844,113.1500015258789,112.20999908447266,5558,BZ=F,Factor,2026-09-24
2013-01-24,113.27999877929688,113.27999877929688,112.43000030517578,113.62000274658203,112.43000030517578,5086,BZ=F,Factor,2026-09-24
2013-01-25,113.27999877929688,113.27999877929688,113.62999725341797,113.81999969482422,112.83999633789062,3821,BZ=F,Factor,2026-09-24
2013-01-28,113.4800033569336,113.4800033569336,112.97000122070312,113.80000305175781,112.63999938964844,4057,BZ=F,Factor,2026-09-24
2013-01-29,114.36000061035156,114.36000061035156,113.30000305175781,114.47000122070312,113.19000244140625,3241,BZ=F,Factor,2026-09-24
2013-01-30,114.9000015258789,114.9000015258789,114.93000030517578,115.22000122070312,114.26000213623047,2414,BZ=F,Factor,2026-09-24
2013-01-31,115.55000305175781,115.55000305175781,114.79000091552734,115.7300033569336,114.30999755859375,3222,BZ=F,Factor,2026-09-24
2013-02-01,116.76000213623047,116.76000213623047,115.87000274658203,117.06999969482422,115.77999877929688,4956,BZ=F,Factor,2026-09-24
2013-02-04,115.5999984741211,115.5999984741211,115.95999908447266,116.30999755859375,115.33999633789062,2301,BZ=F,Factor,2026-09-24
2013-02-05,116.5199966430664,116.5199966430664,116.58000183105469,117.16999816894531,116.44000244140625,5214,BZ=F,Factor,2026-09-24
2013-02-06,116.7300033569336,116.7300033569336,116.18000030517578,117.02999877929688,115.7300033569336,3179,BZ=F,Factor,2026-09-24
2013-02-07,117.23999786376953,117.23999786376953,117.69000244140625,117.79000091552734,116.75,6168,BZ=F,Factor,2026-09-24
2013-02-08,118.9000015258789,118.9000015258789,118.22000122070312,119.1500015258789,118.0999984741211,3395,BZ=F,Factor,2026-09-24
2013-02-11,118.12999725341797,118.12999725341797,118.02999877929688,118.52999877929688,117.55000305175781,2152,BZ=F,Factor,2026-09-24
2013-02-12,118.66000366210938,118.66000366210938,118.81999969482422,118.81999969482422,117.95999908447266,1556,BZ=F,Factor,2026-09-24
2013-02-13,118.72000122070312,118.72000122070312,118.72000122070312,118.91999816894531,118.36000061035156,225,BZ=F,Factor,2026-09-24
2013-02-14,118.58000183105469,118.58000183105469,118.58000183105469,118.58000183105469,118.58000183105469,0,BZ=F,Factor,2026-09-24
2013-02-15,118.58000183105469,118.58000183105469,118.58000183105469,118.58000183105469,118.58000183105469,5321,BZ=F,Factor,2026-09-24
2013-02-19,117.5199966430664,117.5199966430664,117.30999755859375,117.56999969482422,116.55999755859375,3321,BZ=F,Factor,2026-09-24
2013-02-20,115.5999984741211,115.5999984741211,117.48999786376953,117.5,115.02999877929688,4641,BZ=F,Factor,2026-09-24
2013-02-21,113.52999877929688,113.52999877929688,114.37000274658203,114.37000274658203,113.33000183105469,4022,BZ=F,Factor,2026-09-24
2013-02-22,114.0999984741211,114.0999984741211,114.19000244140625,114.55999755859375,113.63999938964844,2836,BZ=F,Factor,2026-09-24
2013-02-25,114.44000244140625,114.44000244140625,115.51000213623047,115.81999969482422,113.47000122070312,4213,BZ=F,Factor,2026-09-24
2013-02-26,112.70999908447266,112.70999908447266,113.1500015258789,114.29000091552734,112.41000366210938,3942,BZ=F,Factor,2026-09-24
2013-02-27,111.87000274658203,111.87000274658203,113.08000183105469,113.12999725341797,111.66000366210938,4940,BZ=F,Factor,2026-09-24
2013-02-28,111.37999725341797,111.37999725341797,112.08000183105469,112.55999755859375,110.87000274658203,5369,BZ=F,Factor,2026-09-24
2013-03-01,110.4000015258789,110.4000015258789,110.55999755859375,110.73999786376953,109.83999633789062,5687,BZ=F,Factor,2026-09-24
2013-03-04,110.08999633789062,110.08999633789062,110.4000015258789,110.87999725341797,109.58000183105469,3618,BZ=F,Factor,2026-09-24
2013-03-05,111.61000061035156,111.61000061035156,110.55999755859375,111.80999755859375,110.41999816894531,5330,BZ=F,Factor,2026-09-24
2013-03-06,111.05999755859375,111.05999755859375,111.41999816894531,111.66999816894531,110.45999908447266,4002,BZ=F,Factor,2026-09-24
2013-03-07,111.1500015258789,111.1500015258789,110.79000091552734,111.4000015258789,110.41999816894531,4272,BZ=F,Factor,2026-09-24
2013-03-08,110.8499984741211,110.8499984741211,109.7699966430664,110.94000244140625,109.1500015258789,4486,BZ=F,Factor,2026-09-24
2013-03-11,110.22000122070312,110.22000122070312,110.16999816894531,110.4800033569336,109.54000091552734,2427,BZ=F,Factor,2026-09-24
2013-03-12,109.6500015258789,109.6500015258789,109.83999633789062,111.18000030517578,109.31999969482422,2388,BZ=F,Factor,2026-09-24
2013-03-13,108.5199966430664,108.5199966430664,109.66000366210938,109.66999816894531,108.31999969482422,950,BZ=F,Factor,2026-09-24
2013-03-14,109.41999816894531,109.41999816894531,108.97000122070312,109.94000244140625,108.97000122070312,269,BZ=F,Factor,2026-09-24
2013-03-15,109.37999725341797,109.37999725341797,109.37999725341797,109.37999725341797,109.37999725341797,2567,BZ=F,Factor,2026-09-24
2013-03-19,107.44999694824219,107.44999694824219,109.01000213623047,109.27999877929688,107.27999877929688,3327,BZ=F,Factor,2026-09-24
2013-03-20,108.72000122070312,108.72000122070312,108.16999816894531,108.88999938964844,107.75,2745,BZ=F,Factor,2026-09-24
2013-03-21,107.47000122070312,107.47000122070312,108.37000274658203,108.55999755859375,107.0999984741211,3484,BZ=F,Factor,2026-09-24
2013-03-22,107.66000366210938,107.66000366210938,107.55000305175781,107.94999694824219,107.01000213623047,2605,BZ=F,Factor,2026-09-24
2013-03-25,108.16999816894531,108.16999816894531,108.37999725341797,109.02999877929688,107.29000091552734,3055,BZ=F,Factor,2026-09-24
2013-03-26,109.36000061035156,109.36000061035156,108.33999633789062,109.52999877929688,107.95999908447266,3355,BZ=F,Factor,2026-09-24
2013-03-27,109.69000244140625,109.69000244140625,109.55000305175781,109.94000244140625,109.05000305175781,3926,BZ=F,Factor,2026-09-24
2013-03-28,110.0199966430664,110.0199966430664,109.87999725341797,110.02999877929688,109.0199966430664,2175,BZ=F,Factor,2026-09-24
2013-04-01,111.08000183105469,111.08000183105469,109.68000030517578,111.30000305175781,109.63999938964844,1788,BZ=F,Factor,2026-09-24
2013-04-02,110.69000244140625,110.69000244140625,111.41000366210938,111.77999877929688,110.0199966430664,4299,BZ=F,Factor,2026-09-24
2013-04-03,107.11000061035156,107.11000061035156,109.94000244140625,110.12000274658203,106.83000183105469,5172,BZ=F,Factor,2026-09-24
2013-04-04,106.33999633789062,106.33999633789062,107.18000030517578,108.02999877929688,105.30999755859375,7158,BZ=F,Factor,2026-09-24
2013-04-05,104.12000274658203,104.12000274658203,105.69000244140625,105.88999938964844,103.62999725341797,8817,BZ=F,Factor,2026-09-24
2013-04-08,104.66000366210938,104.66000366210938,105.37000274658203,105.55000305175781,103.44000244140625,3754,BZ=F,Factor,2026-09-24
2013-04-09,106.2300033569336,106.2300033569336,105.33999633789062,106.5,104.29000091552734,4934,BZ=F,Factor,2026-09-24
2013-04-10,105.79000091552734,105.79000091552734,105.80999755859375,106.12000274658203,105.16999816894531,3159,BZ=F,Factor,2026-09-24
2013-04-11,104.2699966430664,104.2699966430664,105.7300033569336,105.91999816894531,103.7300033569336,2429,BZ=F,Factor,2026-09-24
2013-04-12,103.11000061035156,103.11000061035156,102.94999694824219,103.23999786376953,101.30000305175781,3004,BZ=F,Factor,2026-09-24
2013-04-15,100.38999938964844,100.38999938964844,101.41999816894531,101.41999816894531,100.3499984741211,1126,BZ=F,Factor,2026-09-24
2013-04-16,100.36000061035156,100.36000061035156,100.36000061035156,100.36000061035156,100.36000061035156,0,BZ=F,Factor,2026-09-24
2013-04-17,100.36000061035156,100.36000061035156,100.36000061035156,100.36000061035156,100.36000061035156,4442,BZ=F,Factor,2026-09-24
2013-04-18,99.12999725341797,99.12999725341797,98.80999755859375,99.7699966430664,97.55000305175781,6283,BZ=F,Factor,2026-09-24
2013-04-19,99.6500015258789,99.6500015258789,100.11000061035156,100.11000061035156,99.05000305175781,4312,BZ=F,Factor,2026-09-24
2013-04-22,100.38999938964844,100.38999938964844,100.66000366210938,101.01000213623047,99.23999786376953,3890,BZ=F,Factor,2026-09-24
2013-04-23,100.30999755859375,100.30999755859375,99.52999877929688,100.56999969482422,99.02999877929688,4381,BZ=F,Factor,2026-09-24
2013-04-24,101.7300033569336,101.7300033569336,100.93000030517578,101.9800033569336,100.48999786376953,4467,BZ=F,Factor,2026-09-24
2013-04-25,103.41000366210938,103.41000366210938,102.0,103.4800033569336,101.6500015258789,5471,BZ=F,Factor,2026-09-24
2013-04-26,103.16000366210938,103.16000366210938,102.69999694824219,103.45999908447266,102.30000305175781,4974,BZ=F,Factor,2026-09-24
2013-04-29,103.80999755859375,103.80999755859375,103.18000030517578,103.93000030517578,102.95999908447266,4138,BZ=F,Factor,2026-09-24
2013-04-30,102.37000274658203,102.37000274658203,103.68000030517578,103.88999938964844,101.5,6356,BZ=F,Factor,2026-09-24
2013-05-01,99.94999694824219,99.94999694824219,100.80000305175781,101.16999816894531,98.76000213623047,8670,BZ=F,Factor,2026-09-24
2013-05-02,102.8499984741211,102.8499984741211,100.83999633789062,102.95999908447266,100.22000122070312,7583,BZ=F,Factor,2026-09-24
2013-05-03,104.19000244140625,104.19000244140625,103.44000244140625,104.9000015258789,103.37000274658203,7412,BZ=F,Factor,2026-09-24
2013-05-06,105.45999908447266,105.45999908447266,104.68000030517578,105.52999877929688,103.91000366210938,3668,BZ=F,Factor,2026-09-24
2013-05-07,104.4000015258789,104.4000015258789,105.08000183105469,105.93000030517578,104.02999877929688,7856,BZ=F,Factor,2026-09-24
2013-05-08,104.33999633789062,104.33999633789062,103.73999786376953,104.79000091552734,103.52999877929688,7772,BZ=F,Factor,2026-09-24
2013-05-09,104.47000122070312,104.47000122070312,103.80999755859375,104.5199966430664,103.45999908447266,5308,BZ=F,Factor,2026-09-24
2013-05-10,103.91000366210938,103.91000366210938,103.87999725341797,104.05000305175781,101.56999969482422,5241,BZ=F,Factor,2026-09-24
2013-05-13,102.81999969482422,102.81999969482422,102.72000122070312,103.5999984741211,102.2699966430664,5649,BZ=F,Factor,2026-09-24
2013-05-14,102.5999984741211,102.5999984741211,102.08000183105469,102.91000366210938,101.97000122070312,3504,BZ=F,Factor,2026-09-24
2013-05-15,103.68000030517578,103.68000030517578,102.2300033569336,103.79000091552734,101.25,2940,BZ=F,Factor,2026-09-24
2013-05-16,103.80000305175781,103.80000305175781,103.83999633789062,104.04000091552734,103.55999755859375,512,BZ=F,Factor,2026-09-24
2013-05-17,103.72000122070312,103.72000122070312,103.72000122070312,103.72000122070312,103.72000122070312,0,BZ=F,Factor,2026-09-24
2013-05-20,103.72000122070312,103.72000122070312,103.72000122070312,103.72000122070312,103.72000122070312,3976,BZ=F,Factor,2026-09-24
2013-05-21,103.91000366210938,103.91000366210938,104.3499984741211,104.5999984741211,103.51000213623047,3839,BZ=F,Factor,2026-09-24
2013-05-22,102.5999984741211,102.5999984741211,103.2699966430664,103.77999877929688,102.23999786376953,4718,BZ=F,Factor,2026-09-24
2013-05-23,102.44000244140625,102.44000244140625,102.0199966430664,102.66000366210938,100.66000366210938,4740,BZ=F,Factor,2026-09-24
2013-05-24,102.63999938964844,102.63999938964844,102.25,102.7699966430664,101.66999816894531,2671,BZ=F,Factor,2026-09-24
2013-05-28,104.2300033569336,104.2300033569336,104.06999969482422,104.68000030517578,103.98999786376953,4450,BZ=F,Factor,2026-09-24
2013-05-29,102.43000030517578,102.43000030517578,103.9000015258789,104.37999725341797,102.19000244140625,3856,BZ=F,Factor,2026-09-24
2013-05-30,102.19000244140625,102.19000244140625,101.8499984741211,102.8499984741211,101.0999984741211,4542,BZ=F,Factor,2026-09-24
2013-05-31,100.38999938964844,100.38999938964844,101.79000091552734,101.80000305175781,100.05000305175781,5185,BZ=F,Factor,2026-09-24
2013-06-03,102.05999755859375,102.05999755859375,101.05999755859375,102.37999725341797,101.0199966430664,4609,BZ=F,Factor,2026-09-24
2013-06-04,103.23999786376953,103.23999786376953,101.69000244140625,103.55000305175781,101.5,6820,BZ=F,Factor,2026-09-24
2013-06-05,103.04000091552734,103.04000091552734,103.36000061035156,104.05999755859375,102.8499984741211,4854,BZ=F,Factor,2026-09-24
2013-06-06,103.61000061035156,103.61000061035156,103.0,103.94000244140625,102.9000015258789,4502,BZ=F,Factor,2026-09-24
2013-06-07,104.55999755859375,104.55999755859375,104.12999725341797,105.0,102.9000015258789,7588,BZ=F,Factor,2026-09-24
2013-06-10,103.94999694824219,103.94999694824219,104.16999816894531,104.38999938964844,103.72000122070312,4235,BZ=F,Factor,2026-09-24
2013-06-11,102.95999908447266,102.95999908447266,102.7699966430664,103.0,101.81999969482422,4916,BZ=F,Factor,2026-09-24
2013-06-12,103.48999786376953,103.48999786376953,103.30000305175781,104.05000305175781,102.91000366210938,3238,BZ=F,Factor,2026-09-24
2013-06-13,104.25,104.25,103.08999633789062,104.25,103.08999633789062,34,BZ=F,Factor,2026-09-24
2013-06-14,104.29000091552734,104.29000091552734,104.29000091552734,104.29000091552734,104.29000091552734,4848,BZ=F,Factor,2026-09-24
2013-06-18,106.0199966430664,106.0199966430664,105.27999877929688,106.22000122070312,105.26000213623047,4524,BZ=F,Factor,2026-09-24
2013-06-19,106.12000274658203,106.12000274658203,106.33999633789062,106.52999877929688,105.45999908447266,4520,BZ=F,Factor,2026-09-24
2013-06-20,102.1500015258789,102.1500015258789,104.22000122070312,104.44000244140625,101.75,9237,BZ=F,Factor,2026-09-24
2013-06-21,100.91000366210938,100.91000366210938,102.62999725341797,102.69999694824219,100.08000183105469,7294,BZ=F,Factor,2026-09-24
2013-06-24,101.16000366210938,101.16000366210938,100.79000091552734,101.62000274658203,99.72000122070312,8744,BZ=F,Factor,2026-09-24
2013-06-25,101.26000213623047,101.26000213623047,101.8499984741211,101.91000366210938,100.94000244140625,5444,BZ=F,Factor,2026-09-24
2013-06-26,101.66000366210938,101.66000366210938,101.22000122070312,101.87000274658203,100.2699966430664,6116,BZ=F,Factor,2026-09-24
2013-06-27,102.81999969482422,102.81999969482422,102.06999969482422,103.33999633789062,101.83000183105469,8070,BZ=F,Factor,2026-09-24
2013-06-28,102.16000366210938,102.16000366210938,102.91000366210938,103.30000305175781,101.87999725341797,8321,BZ=F,Factor,2026-09-24
2013-07-01,103.0,103.0,102.72000122070312,103.69000244140625,102.5199966430664,7087,BZ=F,Factor,2026-09-24
2013-07-02,104.0,104.0,102.9800033569336,104.11000061035156,102.9800033569336,5326,BZ=F,Factor,2026-09-24
2013-07-03,105.76000213623047,105.76000213623047,104.80000305175781,106.0199966430664,104.80000305175781,6544,BZ=F,Factor,2026-09-24
2013-07-05,107.72000122070312,107.72000122070312,106.3499984741211,107.8499984741211,106.18000030517578,7411,BZ=F,Factor,2026-09-24
2013-07-08,107.43000030517578,107.43000030517578,107.08999633789062,107.66000366210938,106.80000305175781,4529,BZ=F,Factor,2026-09-24
2013-07-09,107.80999755859375,107.80999755859375,107.18000030517578,108.16999816894531,106.8499984741211,5029,BZ=F,Factor,2026-09-24
2013-07-10,108.51000213623047,108.51000213623047,108.13999938964844,108.62000274658203,107.87000274658203,4574,BZ=F,Factor,2026-09-24
2013-07-11,107.7300033569336,107.7300033569336,108.19000244140625,108.54000091552734,107.30999755859375,4952,BZ=F,Factor,2026-09-24
2013-07-12,108.80999755859375,108.80999755859375,107.80000305175781,109.05999755859375,107.7699966430664,4515,BZ=F,Factor,2026-09-24
2013-07-15,109.08999633789062,109.08999633789062,108.48999786376953,109.08999633789062,108.48999786376953,4334,BZ=F,Factor,2026-09-24
2013-07-16,109.4000015258789,109.4000015258789,109.1500015258789,109.4000015258789,109.1500015258789,18,BZ=F,Factor,2026-09-24
2013-07-17,109.36000061035156,109.36000061035156,109.36000061035156,109.36000061035156,109.36000061035156,3702,BZ=F,Factor,2026-09-24
2013-07-19,108.06999969482422,108.06999969482422,108.95999908447266,109.16999816894531,107.04000091552734,6176,BZ=F,Factor,2026-09-24
2013-07-22,108.1500015258789,108.1500015258789,108.37000274658203,108.66000366210938,107.58000183105469,8730,BZ=F,Factor,2026-09-24
2013-07-23,108.41999816894531,108.41999816894531,108.0199966430664,108.5999984741211,107.79000091552734,9570,BZ=F,Factor,2026-09-24
2013-07-24,107.19000244140625,107.19000244140625,107.80000305175781,107.88999938964844,106.2699966430664,5810,BZ=F,Factor,2026-09-24
2013-07-25,107.6500015258789,107.6500015258789,106.66999816894531,107.8499984741211,106.66999816894531,4913,BZ=F,Factor,2026-09-24
2013-07-26,107.16999816894531,107.16999816894531,107.0999984741211,107.27999877929688,106.52999877929688,3172,BZ=F,Factor,2026-09-24
2013-07-29,107.44999694824219,107.44999694824219,107.5999984741211,107.87000274658203,106.83999633789062,5249,BZ=F,Factor,2026-09-24
2013-07-30,106.91000366210938,106.91000366210938,107.23999786376953,107.37999725341797,106.55999755859375,7855,BZ=F,Factor,2026-09-24
2013-07-31,107.69999694824219,107.69999694824219,106.08999633789062,107.9000015258789,105.73999786376953,6517,BZ=F,Factor,2026-09-24
2013-08-01,109.54000091552734,109.54000091552734,109.19999694824219,109.62999725341797,108.52999877929688,5495,BZ=F,Factor,2026-09-24
2013-08-02,108.94999694824219,108.94999694824219,109.33999633789062,109.3499984741211,108.38999938964844,3957,BZ=F,Factor,2026-09-24
2013-08-05,108.69999694824219,108.69999694824219,108.13999938964844,108.87999725341797,107.55999755859375,4489,BZ=F,Factor,2026-09-24
2013-08-06,108.18000030517578,108.18000030517578,108.76000213623047,109.0199966430664,107.47000122070312,3859,BZ=F,Factor,2026-09-24
2013-08-07,107.44000244140625,107.44000244140625,107.69000244140625,107.93000030517578,107.08999633789062,4690,BZ=F,Factor,2026-09-24
2013-08-08,106.68000030517578,106.68000030517578,106.94999694824219,107.01000213623047,105.8499984741211,8136,BZ=F,Factor,2026-09-24
2013-08-09,108.22000122070312,108.22000122070312,107.37000274658203,108.26000213623047,106.62000274658203,5252,BZ=F,Factor,2026-09-24
2013-08-12,108.97000122070312,108.97000122070312,108.0199966430664,109.12000274658203,107.55000305175781,6891,BZ=F,Factor,2026-09-24
2013-08-13,109.81999969482422,109.81999969482422,109.58999633789062,110.04000091552734,109.0199966430664,5136,BZ=F,Factor,2026-09-24
2013-08-14,110.19999694824219,110.19999694824219,109.05000305175781,110.31999969482422,109.05000305175781,5913,BZ=F,Factor,2026-09-24
2013-08-15,111.11000061035156,111.11000061035156,110.9800033569336,111.29000091552734,110.55999755859375,121,BZ=F,Factor,2026-09-24
2013-08-16,111.16999816894531,111.16999816894531,111.16999816894531,111.16999816894531,111.16999816894531,8502,BZ=F,Factor,2026-09-24
2013-08-20,110.1500015258789,110.1500015258789,109.41000366210938,110.70999908447266,108.80000305175781,7184,BZ=F,Factor,2026-09-24
2013-08-21,109.80999755859375,109.80999755859375,109.68000030517578,110.27999877929688,109.55999755859375,6371,BZ=F,Factor,2026-09-24
2013-08-22,109.9000015258789,109.9000015258789,109.94000244140625,110.02999877929688,109.41000366210938,4848,BZ=F,Factor,2026-09-24
2013-08-23,111.04000091552734,111.04000091552734,110.12999725341797,111.2300033569336,109.93000030517578,7755,BZ=F,Factor,2026-09-24
2013-08-26,110.7300033569336,110.7300033569336,110.9000015258789,111.16000366210938,110.5,2251,BZ=F,Factor,2026-09-24
2013-08-27,114.36000061035156,114.36000061035156,111.94999694824219,114.41999816894531,111.86000061035156,11690,BZ=F,Factor,2026-09-24
2013-08-28,116.61000061035156,116.61000061035156,115.2699966430664,116.68000030517578,114.91999816894531,12397,BZ=F,Factor,2026-09-24
2013-08-29,115.16000366210938,115.16000366210938,116.05000305175781,117.0199966430664,114.2300033569336,7936,BZ=F,Factor,2026-09-24
2013-08-30,114.01000213623047,114.01000213623047,115.11000061035156,115.38999938964844,113.66000366210938,0,BZ=F,Factor,2026-09-24
2013-09-03,115.68000030517578,115.68000030517578,115.06999969482422,115.91999816894531,114.55000305175781,12654,BZ=F,Factor,2026-09-24
2013-09-04,114.91000366210938,114.91000366210938,115.16999816894531,115.5,114.41000366210938,7325,BZ=F,Factor,2026-09-24
2013-09-05,115.26000213623047,115.26000213623047,115.30000305175781,115.3499984741211,114.30999755859375,6811,BZ=F,Factor,2026-09-24
2013-09-06,116.12000274658203,116.12000274658203,115.3499984741211,116.51000213623047,115.33999633789062,5463,BZ=F,Factor,2026-09-24
2013-09-09,113.72000122070312,113.72000122070312,115.19999694824219,115.2699966430664,113.12000274658203,11349,BZ=F,Factor,2026-09-24
2013-09-10,111.25,111.25,113.38999938964844,113.47000122070312,110.6500015258789,9149,BZ=F,Factor,2026-09-24
2013-09-11,111.5,111.5,111.83000183105469,112.05999755859375,111.12000274658203,5381,BZ=F,Factor,2026-09-24
2013-09-12,112.62999725341797,112.62999725341797,112.44999694824219,112.87000274658203,112.13999938964844,2554,BZ=F,Factor,2026-09-24
2013-09-13,112.77999877929688,112.77999877929688,112.2699966430664,112.77999877929688,111.79000091552734,6998,BZ=F,Factor,2026-09-24
2013-09-18,110.5999984741211,110.5999984741211,108.2300033569336,111.02999877929688,107.87000274658203,7296,BZ=F,Factor,2026-09-24
2013-09-19,108.76000213623047,108.76000213623047,110.94999694824219,110.95999908447266,108.55000305175781,6103,BZ=F,Factor,2026-09-24
2013-09-20,109.22000122070312,109.22000122070312,109.20999908447266,109.66000366210938,108.70999908447266,5219,BZ=F,Factor,2026-09-24
2013-09-23,108.16000366210938,108.16000366210938,109.2300033569336,109.26000213623047,107.77999877929688,5869,BZ=F,Factor,2026-09-24
2013-09-24,108.63999938964844,108.63999938964844,107.87999725341797,108.88999938964844,107.44999694824219,6581,BZ=F,Factor,2026-09-24
2013-09-25,108.31999969482422,108.31999969482422,109.83000183105469,109.94000244140625,107.88999938964844,9360,BZ=F,Factor,2026-09-24
2013-09-26,109.20999908447266,109.20999908447266,108.86000061035156,109.23999786376953,108.4000015258789,5886,BZ=F,Factor,2026-09-24
2013-09-27,108.62999725341797,108.62999725341797,108.66000366210938,109.6500015258789,108.13999938964844,6955,BZ=F,Factor,2026-09-24
2013-09-30,108.37000274658203,108.37000274658203,107.69999694824219,108.66000366210938,107.2300033569336,6565,BZ=F,Factor,2026-09-24
2013-10-01,107.94000244140625,107.94000244140625,108.3499984741211,108.36000061035156,106.80999755859375,10793,BZ=F,Factor,2026-09-24
2013-10-02,109.19000244140625,109.19000244140625,107.94000244140625,109.47000122070312,107.69000244140625,9315,BZ=F,Factor,2026-09-24
2013-10-03,109.0,109.0,109.43000030517578,109.83999633789062,108.62000274658203,7082,BZ=F,Factor,2026-09-24
2013-10-04,109.45999908447266,109.45999908447266,109.29000091552734,109.73999786376953,108.72000122070312,6171,BZ=F,Factor,2026-09-24
2013-10-07,109.68000030517578,109.68000030517578,108.30999755859375,110.0999984741211,108.1500015258789,7563,BZ=F,Factor,2026-09-24
2013-10-08,110.16000366210938,110.16000366210938,110.58999633789062,110.79000091552734,110.01000213623047,4913,BZ=F,Factor,2026-09-24
2013-10-09,109.05999755859375,109.05999755859375,110.01000213623047,110.04000091552734,108.2300033569336,4948,BZ=F,Factor,2026-09-24
2013-10-10,111.80000305175781,111.80000305175781,109.94999694824219,111.9800033569336,109.69999694824219,8794,BZ=F,Factor,2026-09-24
2013-10-11,111.27999877929688,111.27999877929688,111.44000244140625,111.69999694824219,110.54000091552734,4319,BZ=F,Factor,2026-09-24
2013-10-14,111.04000091552734,111.04000091552734,110.41999816894531,111.19999694824219,109.87000274658203,3341,BZ=F,Factor,2026-09-24
2013-10-15,109.95999908447266,109.95999908447266,110.12000274658203,110.58000183105469,109.58999633789062,2247,BZ=F,Factor,2026-09-24
2013-10-16,110.86000061035156,110.86000061035156,109.80999755859375,110.86000061035156,109.75,38,BZ=F,Factor,2026-09-24
2013-10-17,110.97000122070312,110.97000122070312,110.97000122070312,110.97000122070312,110.97000122070312,6658,BZ=F,Factor,2026-09-24
2013-10-21,109.63999938964844,109.63999938964844,109.66999816894531,110.12999725341797,109.2300033569336,5329,BZ=F,Factor,2026-09-24
2013-10-22,109.97000122070312,109.97000122070312,110.12999725341797,110.9000015258789,109.62000274658203,5789,BZ=F,Factor,2026-09-24
2013-10-23,107.80000305175781,107.80000305175781,110.12999725341797,110.9000015258789,107.33000183105469,10576,BZ=F,Factor,2026-09-24
2013-10-24,106.98999786376953,106.98999786376953,107.69999694824219,108.2300033569336,106.87999725341797,7917,BZ=F,Factor,2026-09-24
2013-10-25,106.93000030517578,106.93000030517578,107.02999877929688,107.31999969482422,106.27999877929688,6723,BZ=F,Factor,2026-09-24
2013-10-28,109.61000061035156,109.61000061035156,107.16999816894531,109.69000244140625,107.1500015258789,8120,BZ=F,Factor,2026-09-24
2013-10-29,109.01000213623047,109.01000213623047,109.2699966430664,109.4000015258789,108.43000030517578,5454,BZ=F,Factor,2026-09-24
2013-10-30,109.86000061035156,109.86000061035156,108.66000366210938,110.12000274658203,108.66000366210938,7259,BZ=F,Factor,2026-09-24
2013-10-31,108.83999633789062,108.83999633789062,109.80000305175781,109.80000305175781,108.55999755859375,7077,BZ=F,Factor,2026-09-24
2013-11-01,105.91000366210938,105.91000366210938,109.18000030517578,109.38999938964844,105.79000091552734,9208,BZ=F,Factor,2026-09-24
2013-11-04,106.2300033569336,106.2300033569336,105.97000122070312,106.54000091552734,105.13999938964844,7029,BZ=F,Factor,2026-09-24
2013-11-05,105.33000183105469,105.33000183105469,106.41000366210938,106.48999786376953,105.19999694824219,5619,BZ=F,Factor,2026-09-24
2013-11-06,105.23999786376953,105.23999786376953,105.87999725341797,106.36000061035156,104.87999725341797,8063,BZ=F,Factor,2026-09-24
2013-11-07,103.45999908447266,103.45999908447266,104.94000244140625,105.12999725341797,103.23999786376953,10778,BZ=F,Factor,2026-09-24
2013-11-08,105.12000274658203,105.12000274658203,103.38999938964844,105.37999725341797,103.0,8183,BZ=F,Factor,2026-09-24
2013-11-11,106.4000015258789,106.4000015258789,105.6500015258789,106.48999786376953,105.30999755859375,4925,BZ=F,Factor,2026-09-24
2013-11-12,105.80999755859375,105.80999755859375,106.19000244140625,107.3499984741211,105.52999877929688,7598,BZ=F,Factor,2026-09-24
2013-11-13,107.12000274658203,107.12000274658203,106.0199966430664,107.41000366210938,106.0199966430664,4449,BZ=F,Factor,2026-09-24
2013-11-14,108.54000091552734,108.54000091552734,107.13999938964844,108.87000274658203,107.13999938964844,237,BZ=F,Factor,2026-09-24
2013-11-15,108.55000305175781,108.55000305175781,108.55000305175781,108.55000305175781,108.55000305175781,4900,BZ=F,Factor,2026-09-24
2013-11-19,106.91999816894531,106.91999816894531,108.13999938964844,108.61000061035156,106.81999969482422,5874,BZ=F,Factor,2026-09-24
2013-11-20,108.05999755859375,108.05999755859375,107.31999969482422,108.37000274658203,106.54000091552734,5560,BZ=F,Factor,2026-09-24
2013-11-21,110.08000183105469,110.08000183105469,107.8499984741211,110.2699966430664,107.69000244140625,8039,BZ=F,Factor,2026-09-24
2013-11-22,111.05000305175781,111.05000305175781,109.98999786376953,111.37000274658203,109.6500015258789,8917,BZ=F,Factor,2026-09-24
2013-11-25,111.0,111.0,109.9000015258789,111.66000366210938,108.08999633789062,9286,BZ=F,Factor,2026-09-24
2013-11-26,110.87999725341797,110.87999725341797,110.80999755859375,111.4800033569336,110.44000244140625,6731,BZ=F,Factor,2026-09-24
2013-11-27,111.30999755859375,111.30999755859375,110.91999816894531,111.6500015258789,110.52999877929688,6312,BZ=F,Factor,2026-09-24
2013-11-29,109.69000244140625,109.69000244140625,111.4000015258789,111.5,109.62000274658203,3145,BZ=F,Factor,2026-09-24
2013-12-02,111.44999694824219,111.44999694824219,109.75,112.31999969482422,109.31999969482422,7293,BZ=F,Factor,2026-09-24
2013-12-03,112.62000274658203,112.62000274658203,111.44999694824219,112.91000366210938,111.05999755859375,6822,BZ=F,Factor,2026-09-24
2013-12-04,111.87999725341797,111.87999725341797,112.94000244140625,112.94000244140625,111.47000122070312,10654,BZ=F,Factor,2026-09-24
2013-12-05,110.9800033569336,110.9800033569336,111.66000366210938,112.19999694824219,110.79000091552734,6867,BZ=F,Factor,2026-09-24
2013-12-06,111.61000061035156,111.61000061035156,111.2699966430664,112.05000305175781,111.04000091552734,3762,BZ=F,Factor,2026-09-24
2013-12-09,109.38999938964844,109.38999938964844,111.66999816894531,111.69999694824219,109.0999984741211,4871,BZ=F,Factor,2026-09-24
2013-12-10,109.37999725341797,109.37999725341797,109.47000122070312,110.44999694824219,108.55999755859375,5592,BZ=F,Factor,2026-09-24
2013-12-11,109.69999694824219,109.69999694824219,109.43000030517578,109.86000061035156,108.62999725341797,6192,BZ=F,Factor,2026-09-24
2013-12-12,108.66999816894531,108.66999816894531,109.76000213623047,109.91999816894531,108.44999694824219,5074,BZ=F,Factor,2026-09-24
2013-12-13,108.83000183105469,108.83000183105469,108.66999816894531,108.93000030517578,108.05000305175781,2888,BZ=F,Factor,2026-09-24
2013-12-16,110.47000122070312,110.47000122070312,109.3499984741211,110.69999694824219,109.3499984741211,29,BZ=F,Factor,2026-09-24
2013-12-17,110.41000366210938,110.41000366210938,110.41000366210938,110.41000366210938,110.41000366210938,7394,BZ=F,Factor,2026-09-24
2013-12-19,110.29000091552734,110.29000091552734,109.12999725341797,110.5199966430664,109.12000274658203,6496,BZ=F,Factor,2026-09-24
2013-12-20,111.7699966430664,111.7699966430664,109.95999908447266,111.8499984741211,109.87999725341797,6214,BZ=F,Factor,2026-09-24
2013-12-23,111.55999755859375,111.55999755859375,112.0,112.0,111.27999877929688,3285,BZ=F,Factor,2026-09-24
2013-12-24,111.9000015258789,111.9000015258789,111.58999633789062,112.05999755859375,111.44000244140625,2113,BZ=F,Factor,2026-09-24
2013-12-26,111.9800033569336,111.9800033569336,112.0199966430664,112.05999755859375,111.47000122070312,1241,BZ=F,Factor,2026-09-24
2013-12-27,112.18000030517578,112.18000030517578,111.91999816894531,112.80000305175781,111.55000305175781,5381,BZ=F,Factor,2026-09-24
2013-12-30,111.20999908447266,111.20999908447266,112.36000061035156,112.55000305175781,110.9000015258789,3396,BZ=F,Factor,2026-09-24
2013-12-31,110.80000305175781,110.80000305175781,111.20999908447266,111.44999694824219,110.41999816894531,2383,BZ=F,Factor,2026-09-24
2014-01-02,107.77999877929688,107.77999877929688,110.80000305175781,111.31999969482422,107.69000244140625,5131,BZ=F,Factor,2026-09-24
2014-01-03,106.88999938964844,106.88999938964844,107.91999816894531,108.62000274658203,106.77999877929688,5641,BZ=F,Factor,2026-09-24
2014-01-06,106.7300033569336,106.7300033569336,107.04000091552734,107.94999694824219,106.58000183105469,7015,BZ=F,Factor,2026-09-24
2014-01-07,107.3499984741211,107.3499984741211,107.18000030517578,107.70999908447266,106.91000366210938,4075,BZ=F,Factor,2026-09-24
2014-01-08,107.1500015258789,107.1500015258789,107.44999694824219,107.91999816894531,107.01000213623047,5124,BZ=F,Factor,2026-09-24
2014-01-09,106.38999938964844,106.38999938964844,107.51000213623047,108.16000366210938,106.12000274658203,3715,BZ=F,Factor,2026-09-24
2014-01-10,107.25,107.25,106.69999694824219,107.45999908447266,106.05000305175781,4589,BZ=F,Factor,2026-09-24
2014-01-13,106.75,106.75,107.63999938964844,107.7699966430664,106.5199966430664,3669,BZ=F,Factor,2026-09-24
2014-01-14,106.38999938964844,106.38999938964844,106.62999725341797,107.12999725341797,106.06999969482422,3983,BZ=F,Factor,2026-09-24
2014-01-15,107.12999725341797,107.12999725341797,106.26000213623047,107.5199966430664,105.83000183105469,3169,BZ=F,Factor,2026-09-24
2014-01-16,107.08999633789062,107.08999633789062,106.91999816894531,107.25,106.73999786376953,115,BZ=F,Factor,2026-09-24
2014-01-17,107.05999755859375,107.05999755859375,107.05999755859375,107.05999755859375,107.05999755859375,7458,BZ=F,Factor,2026-09-24
2014-01-22,108.2699966430664,108.2699966430664,106.98999786376953,108.31999969482422,106.98999786376953,5573,BZ=F,Factor,2026-09-24
2014-01-23,107.58000183105469,107.58000183105469,108.05000305175781,108.25,107.38999938964844,6494,BZ=F,Factor,2026-09-24
2014-01-24,107.87999725341797,107.87999725341797,107.68000030517578,108.0199966430664,106.25,7550,BZ=F,Factor,2026-09-24
2014-01-27,106.69000244140625,106.69000244140625,107.70999908447266,107.80000305175781,106.45999908447266,5447,BZ=F,Factor,2026-09-24
2014-01-28,107.41000366210938,107.41000366210938,106.91999816894531,107.77999877929688,106.8499984741211,5708,BZ=F,Factor,2026-09-24
2014-01-29,107.8499984741211,107.8499984741211,107.38999938964844,108.01000213623047,106.94999694824219,5192,BZ=F,Factor,2026-09-24
2014-01-30,107.94999694824219,107.94999694824219,107.97000122070312,108.4000015258789,107.66000366210938,5144,BZ=F,Factor,2026-09-24
2014-01-31,106.4000015258789,106.4000015258789,107.87999725341797,107.93000030517578,106.30000305175781,6123,BZ=F,Factor,2026-09-24
2014-02-03,106.04000091552734,106.04000091552734,106.06999969482422,106.70999908447266,105.3499984741211,6629,BZ=F,Factor,2026-09-24
2014-02-04,105.77999877929688,105.77999877929688,106.04000091552734,106.22000122070312,105.54000091552734,3583,BZ=F,Factor,2026-09-24
2014-02-05,106.25,106.25,105.9800033569336,106.43000030517578,105.58999633789062,4243,BZ=F,Factor,2026-09-24
2014-02-06,107.19000244140625,107.19000244140625,106.30000305175781,107.44999694824219,106.2300033569336,4889,BZ=F,Factor,2026-09-24
2014-02-07,109.56999969482422,109.56999969482422,107.31999969482422,109.72000122070312,106.83999633789062,6885,BZ=F,Factor,2026-09-24
2014-02-10,108.62999725341797,108.62999725341797,109.6500015258789,109.68000030517578,108.5199966430664,5009,BZ=F,Factor,2026-09-24
2014-02-11,108.68000030517578,108.68000030517578,108.68000030517578,109.2300033569336,108.4800033569336,4010,BZ=F,Factor,2026-09-24
2014-02-12,108.79000091552734,108.79000091552734,108.83000183105469,109.48999786376953,108.55000305175781,3784,BZ=F,Factor,2026-09-24
2014-02-13,108.7300033569336,108.7300033569336,108.2300033569336,108.7300033569336,108.19000244140625,467,BZ=F,Factor,2026-09-24
2014-02-14,108.7300033569336,108.7300033569336,108.7300033569336,108.7300033569336,108.7300033569336,5560,BZ=F,Factor,2026-09-24
2014-02-19,110.47000122070312,110.47000122070312,110.30999755859375,110.83000183105469,110.02999877929688,4749,BZ=F,Factor,2026-09-24
2014-02-20,110.30000305175781,110.30000305175781,110.06999969482422,110.44999694824219,109.58999633789062,5272,BZ=F,Factor,2026-09-24
2014-02-21,109.8499984741211,109.8499984741211,110.23999786376953,110.37999725341797,109.37000274658203,4938,BZ=F,Factor,2026-09-24
2014-02-24,110.63999938964844,110.63999938964844,109.9000015258789,110.76000213623047,109.52999877929688,4272,BZ=F,Factor,2026-09-24
2014-02-25,109.51000213623047,109.51000213623047,110.5,110.5199966430664,109.44999694824219,5613,BZ=F,Factor,2026-09-24
2014-02-26,109.5199966430664,109.5199966430664,109.29000091552734,109.97000122070312,109.22000122070312,5701,BZ=F,Factor,2026-09-24
2014-02-27,108.95999908447266,108.95999908447266,109.30000305175781,109.41999816894531,108.63999938964844,5476,BZ=F,Factor,2026-09-24
2014-02-28,109.06999969482422,109.06999969482422,108.83999633789062,109.36000061035156,108.4000015258789,5667,BZ=F,Factor,2026-09-24
2014-03-03,111.19999694824219,111.19999694824219,110.37000274658203,112.37999725341797,110.37000274658203,8433,BZ=F,Factor,2026-09-24
2014-03-04,109.30000305175781,109.30000305175781,111.41999816894531,111.80000305175781,109.02999877929688,6049,BZ=F,Factor,2026-09-24
2014-03-05,107.76000213623047,107.76000213623047,109.16000366210938,109.2699966430664,107.54000091552734,6452,BZ=F,Factor,2026-09-24
2014-03-06,108.0999984741211,108.0999984741211,107.5999984741211,108.52999877929688,107.37999725341797,7905,BZ=F,Factor,2026-09-24
2014-03-07,109.0,109.0,108.30000305175781,109.08000183105469,107.83000183105469,6678,BZ=F,Factor,2026-09-24
2014-03-10,108.08000183105469,108.08000183105469,108.56999969482422,108.66999816894531,107.76000213623047,5500,BZ=F,Factor,2026-09-24
2014-03-11,108.55000305175781,108.55000305175781,107.87000274658203,108.66999816894531,107.87000274658203,4841,BZ=F,Factor,2026-09-24
2014-03-12,108.0199966430664,108.0199966430664,108.31999969482422,108.55000305175781,107.63999938964844,5810,BZ=F,Factor,2026-09-24
2014-03-13,107.38999938964844,107.38999938964844,108.2300033569336,108.47000122070312,106.98999786376953,2507,BZ=F,Factor,2026-09-24
2014-03-14,108.56999969482422,108.56999969482422,107.5999984741211,108.6500015258789,107.30000305175781,403,BZ=F,Factor,2026-09-24
2014-03-17,108.54000091552734,108.54000091552734,108.54000091552734,108.54000091552734,108.54000091552734,6790,BZ=F,Factor,2026-09-24
2014-03-18,106.79000091552734,106.79000091552734,106.38999938964844,106.83000183105469,105.86000061035156,7074,BZ=F,Factor,2026-09-24
2014-03-19,105.8499984741211,105.8499984741211,106.58999633789062,106.80000305175781,105.72000122070312,8119,BZ=F,Factor,2026-09-24
2014-03-20,106.44999694824219,106.44999694824219,105.80000305175781,106.73999786376953,105.44999694824219,7396,BZ=F,Factor,2026-09-24
2014-03-21,106.91999816894531,106.91999816894531,106.23999786376953,107.76000213623047,106.08000183105469,4245,BZ=F,Factor,2026-09-24
2014-03-24,106.80999755859375,106.80999755859375,106.76000213623047,107.4800033569336,106.44999694824219,5090,BZ=F,Factor,2026-09-24
2014-03-25,106.98999786376953,106.98999786376953,106.69999694824219,107.47000122070312,106.61000061035156,4372,BZ=F,Factor,2026-09-24
2014-03-26,107.02999877929688,107.02999877929688,107.16999816894531,107.31999969482422,106.48999786376953,4838,BZ=F,Factor,2026-09-24
2014-03-27,107.83000183105469,107.83000183105469,107.0,107.97000122070312,106.77999877929688,4863,BZ=F,Factor,2026-09-24
2014-03-28,108.06999969482422,108.06999969482422,107.69999694824219,108.37000274658203,107.69999694824219,2793,BZ=F,Factor,2026-09-24
2014-03-31,107.76000213623047,107.76000213623047,107.86000061035156,108.33000183105469,107.05000305175781,4548,BZ=F,Factor,2026-09-24
2014-04-01,105.62000274658203,105.62000274658203,107.69000244140625,107.7699966430664,105.11000061035156,5824,BZ=F,Factor,2026-09-24
2014-04-02,104.79000091552734,104.79000091552734,105.43000030517578,105.77999877929688,103.97000122070312,6454,BZ=F,Factor,2026-09-24
2014-04-03,106.1500015258789,106.1500015258789,104.6500015258789,106.30999755859375,104.48999786376953,5408,BZ=F,Factor,2026-09-24
2014-04-04,106.72000122070312,106.72000122070312,106.19000244140625,107.02999877929688,106.12000274658203,4765,BZ=F,Factor,2026-09-24
2014-04-07,105.81999969482422,105.81999969482422,106.5,106.61000061035156,105.12999725341797,5167,BZ=F,Factor,2026-09-24
2014-04-08,107.66999816894531,107.66999816894531,106.0199966430664,107.83000183105469,105.77999877929688,6419,BZ=F,Factor,2026-09-24
2014-04-09,107.9800033569336,107.9800033569336,107.66999816894531,108.12999725341797,107.1500015258789,5342,BZ=F,Factor,2026-09-24
2014-04-10,107.45999908447266,107.45999908447266,107.69000244140625,107.8499984741211,107.27999877929688,3604,BZ=F,Factor,2026-09-24
2014-04-11,107.33000183105469,107.33000183105469,107.30000305175781,107.87000274658203,106.98999786376953,3022,BZ=F,Factor,2026-09-24
2014-04-14,109.06999969482422,109.06999969482422,107.5999984741211,109.12999725341797,107.29000091552734,4039,BZ=F,Factor,2026-09-24
2014-04-15,108.73999786376953,108.73999786376953,108.66000366210938,108.93000030517578,108.41999816894531,502,BZ=F,Factor,2026-09-24
2014-04-16,108.80000305175781,108.80000305175781,108.80000305175781,108.80000305175781,108.80000305175781,8875,BZ=F,Factor,2026-09-24
2014-04-17,109.52999877929688,109.52999877929688,109.62999725341797,110.18000030517578,109.0999984741211,6094,BZ=F,Factor,2026-09-24
2014-04-21,109.94999694824219,109.94999694824219,109.52999877929688,110.05000305175781,108.94000244140625,3084,BZ=F,Factor,2026-09-24
2014-04-22,109.2699966430664,109.2699966430664,109.87999725341797,109.95999908447266,108.54000091552734,6487,BZ=F,Factor,2026-09-24
2014-04-23,109.11000061035156,109.11000061035156,109.36000061035156,109.52999877929688,108.61000061035156,6163,BZ=F,Factor,2026-09-24
2014-04-24,110.33000183105469,110.33000183105469,109.22000122070312,110.62999725341797,109.0999984741211,6422,BZ=F,Factor,2026-09-24
2014-04-25,109.58000183105469,109.58000183105469,110.4000015258789,110.62000274658203,109.23999786376953,6164,BZ=F,Factor,2026-09-24
2014-04-28,108.12000274658203,108.12000274658203,109.83000183105469,110.16000366210938,107.87999725341797,7098,BZ=F,Factor,2026-09-24
2014-04-29,108.9800033569336,108.9800033569336,108.0999984741211,109.3499984741211,108.0999984741211,9236,BZ=F,Factor,2026-09-24
2014-04-30,108.06999969482422,108.06999969482422,108.69999694824219,108.7300033569336,107.55000305175781,9600,BZ=F,Factor,2026-09-24
2014-05-01,107.76000213623047,107.76000213623047,107.9800033569336,108.06999969482422,106.8499984741211,10420,BZ=F,Factor,2026-09-24
2014-05-02,108.58999633789062,108.58999633789062,107.68000030517578,108.93000030517578,107.68000030517578,11576,BZ=F,Factor,2026-09-24
2014-05-05,107.72000122070312,107.72000122070312,108.69000244140625,108.87999725341797,107.05000305175781,6335,BZ=F,Factor,2026-09-24
2014-05-06,107.05999755859375,107.05999755859375,107.55999755859375,108.19999694824219,106.9800033569336,8554,BZ=F,Factor,2026-09-24
2014-05-07,108.12999725341797,108.12999725341797,107.20999908447266,108.22000122070312,106.9800033569336,7544,BZ=F,Factor,2026-09-24
2014-05-08,108.04000091552734,108.04000091552734,108.01000213623047,108.13999938964844,107.37999725341797,6115,BZ=F,Factor,2026-09-24
2014-05-09,107.88999938964844,107.88999938964844,108.1500015258789,109.01000213623047,107.63999938964844,6891,BZ=F,Factor,2026-09-24
2014-05-12,108.41000366210938,108.41000366210938,108.30000305175781,108.7300033569336,108.08999633789062,7471,BZ=F,Factor,2026-09-24
2014-05-13,109.23999786376953,109.23999786376953,108.51000213623047,109.3499984741211,108.04000091552734,7626,BZ=F,Factor,2026-09-24
2014-05-14,110.19000244140625,110.19000244140625,109.44000244140625,110.33000183105469,109.33999633789062,4654,BZ=F,Factor,2026-09-24
2014-05-15,110.44000244140625,110.44000244140625,110.1500015258789,110.58999633789062,109.80000305175781,81,BZ=F,Factor,2026-09-24
2014-05-16,110.41999816894531,110.41999816894531,110.41999816894531,110.41999816894531,110.41999816894531,6131,BZ=F,Factor,2026-09-24
2014-05-19,109.37000274658203,109.37000274658203,109.80000305175781,110.30000305175781,109.31999969482422,7101,BZ=F,Factor,2026-09-24
2014-05-20,109.69000244140625,109.69000244140625,109.20999908447266,110.0,109.0,10468,BZ=F,Factor,2026-09-24
2014-05-21,110.55000305175781,110.55000305175781,109.75,110.7300033569336,109.70999908447266,7242,BZ=F,Factor,2026-09-24
2014-05-22,110.36000061035156,110.36000061035156,110.45999908447266,111.02999877929688,110.20999908447266,6092,BZ=F,Factor,2026-09-24
2014-05-23,110.54000091552734,110.54000091552734,110.37000274658203,110.69999694824219,110.2699966430664,5368,BZ=F,Factor,2026-09-24
2014-05-27,110.0199966430664,110.0199966430664,110.16000366210938,110.75,109.72000122070312,10773,BZ=F,Factor,2026-09-24
2014-05-28,109.80999755859375,109.80999755859375,110.19000244140625,110.36000061035156,109.44000244140625,8253,BZ=F,Factor,2026-09-24
2014-05-29,109.97000122070312,109.97000122070312,109.98999786376953,110.44999694824219,109.7699966430664,7680,BZ=F,Factor,2026-09-24
2014-05-30,109.41000366210938,109.41000366210938,110.01000213623047,110.0999984741211,109.20999908447266,8969,BZ=F,Factor,2026-09-24
2014-06-02,108.83000183105469,108.83000183105469,109.62000274658203,109.9000015258789,108.62999725341797,7678,BZ=F,Factor,2026-09-24
2014-06-03,108.81999969482422,108.81999969482422,108.93000030517578,108.9800033569336,108.37000274658203,5592,BZ=F,Factor,2026-09-24
2014-06-04,108.4000015258789,108.4000015258789,108.9000015258789,109.44999694824219,108.29000091552734,9443,BZ=F,Factor,2026-09-24
2014-06-05,108.79000091552734,108.79000091552734,108.08999633789062,108.93000030517578,107.7699966430664,8994,BZ=F,Factor,2026-09-24
2014-06-06,108.61000061035156,108.61000061035156,108.8499984741211,109.29000091552734,108.47000122070312,7125,BZ=F,Factor,2026-09-24
2014-06-09,109.98999786376953,109.98999786376953,108.5999984741211,110.16000366210938,108.5999984741211,11311,BZ=F,Factor,2026-09-24
2014-06-10,109.5199966430664,109.5199966430664,109.95999908447266,110.30999755859375,109.11000061035156,9638,BZ=F,Factor,2026-09-24
2014-06-11,109.94999694824219,109.94999694824219,109.5,110.25,109.5,6736,BZ=F,Factor,2026-09-24
2014-06-12,113.0199966430664,113.0199966430664,110.16000366210938,113.22000122070312,110.13999938964844,6415,BZ=F,Factor,2026-09-24
2014-06-13,113.41000366210938,113.41000366210938,114.4000015258789,114.4000015258789,112.94999694824219,315,BZ=F,Factor,2026-09-24
2014-06-16,113.22000122070312,113.22000122070312,113.22000122070312,113.22000122070312,113.22000122070312,10542,BZ=F,Factor,2026-09-24
2014-06-17,113.44999694824219,113.44999694824219,112.9000015258789,113.80000305175781,112.13999938964844,10642,BZ=F,Factor,2026-09-24
2014-06-18,114.26000213623047,114.26000213623047,113.27999877929688,114.4800033569336,113.06999969482422,12588,BZ=F,Factor,2026-09-24
2014-06-19,115.05999755859375,115.05999755859375,114.25,115.69000244140625,114.18000030517578,14027,BZ=F,Factor,2026-09-24
2014-06-20,114.80999755859375,114.80999755859375,114.76000213623047,115.08000183105469,114.43000030517578,11644,BZ=F,Factor,2026-09-24
2014-06-23,114.12000274658203,114.12000274658203,115.19999694824219,115.6500015258789,113.87000274658203,11582,BZ=F,Factor,2026-09-24
2014-06-24,114.45999908447266,114.45999908447266,113.75,114.81999969482422,113.55999755859375,11656,BZ=F,Factor,2026-09-24
2014-06-25,114.0,114.0,114.45999908447266,114.77999877929688,113.23999786376953,12861,BZ=F,Factor,2026-09-24
2014-06-26,113.20999908447266,113.20999908447266,114.23999786376953,114.23999786376953,113.0199966430664,9100,BZ=F,Factor,2026-09-24
2014-06-27,113.30000305175781,113.30000305175781,113.12999725341797,113.70999908447266,112.9000015258789,6922,BZ=F,Factor,2026-09-24
2014-06-30,112.36000061035156,112.36000061035156,113.0999984741211,113.0999984741211,112.16000366210938,10245,BZ=F,Factor,2026-09-24
2014-07-01,112.29000091552734,112.29000091552734,112.33000183105469,112.80000305175781,111.8499984741211,11049,BZ=F,Factor,2026-09-24
2014-07-02,111.23999786376953,111.23999786376953,112.06999969482422,112.36000061035156,110.91999816894531,14223,BZ=F,Factor,2026-09-24
2014-07-03,111.0,111.0,110.93000030517578,111.16000366210938,110.52999877929688,11415,BZ=F,Factor,2026-09-24
2014-07-07,110.23999786376953,110.23999786376953,110.98999786376953,111.2699966430664,109.95999908447266,12446,BZ=F,Factor,2026-09-24
2014-07-08,108.94000244140625,108.94000244140625,110.2300033569336,110.2300033569336,108.69999694824219,12267,BZ=F,Factor,2026-09-24
2014-07-09,108.27999877929688,108.27999877929688,108.87000274658203,108.98999786376953,108.13999938964844,10415,BZ=F,Factor,2026-09-24
2014-07-10,108.66999816894531,108.66999816894531,108.0999984741211,108.87999725341797,107.7699966430664,13514,BZ=F,Factor,2026-09-24
2014-07-11,106.66000366210938,106.66000366210938,108.56999969482422,108.56999969482422,106.26000213623047,11904,BZ=F,Factor,2026-09-24
2014-07-14,106.9800033569336,106.9800033569336,106.8499984741211,107.44999694824219,106.22000122070312,5303,BZ=F,Factor,2026-09-24
2014-07-15,106.0199966430664,106.0199966430664,106.87999725341797,106.88999938964844,104.51000213623047,3894,BZ=F,Factor,2026-09-24
2014-07-16,105.8499984741211,105.8499984741211,106.43000030517578,106.44000244140625,105.55000305175781,276,BZ=F,Factor,2026-09-24
2014-07-17,105.95999908447266,105.95999908447266,105.95999908447266,105.95999908447266,105.95999908447266,11847,BZ=F,Factor,2026-09-24
2014-07-18,107.23999786376953,107.23999786376953,108.41000366210938,108.63999938964844,106.9800033569336,10183,BZ=F,Factor,2026-09-24
2014-07-21,107.68000030517578,107.68000030517578,107.12999725341797,107.8499984741211,106.81999969482422,9604,BZ=F,Factor,2026-09-24
2014-07-22,107.33000183105469,107.33000183105469,107.68000030517578,108.37000274658203,107.05999755859375,8368,BZ=F,Factor,2026-09-24
2014-07-23,108.02999877929688,108.02999877929688,107.0999984741211,108.19999694824219,107.02999877929688,12856,BZ=F,Factor,2026-09-24
2014-07-24,107.06999969482422,107.06999969482422,108.08999633789062,108.08999633789062,106.83000183105469,8726,BZ=F,Factor,2026-09-24
2014-07-25,108.38999938964844,108.38999938964844,107.13999938964844,108.44999694824219,106.73999786376953,12114,BZ=F,Factor,2026-09-24
2014-07-28,107.56999969482422,107.56999969482422,108.06999969482422,108.08000183105469,107.0199966430664,10450,BZ=F,Factor,2026-09-24
2014-07-29,107.72000122070312,107.72000122070312,107.58000183105469,108.02999877929688,107.1500015258789,11704,BZ=F,Factor,2026-09-24
2014-07-30,106.51000213623047,106.51000213623047,107.48999786376953,107.8499984741211,105.86000061035156,15571,BZ=F,Factor,2026-09-24
2014-07-31,106.0199966430664,106.0199966430664,105.93000030517578,106.58000183105469,105.44000244140625,14434,BZ=F,Factor,2026-09-24
2014-08-01,104.83999633789062,104.83999633789062,105.70999908447266,106.11000061035156,104.4000015258789,14865,BZ=F,Factor,2026-09-24
2014-08-04,105.41000366210938,105.41000366210938,104.73999786376953,105.66000366210938,104.52999877929688,15245,BZ=F,Factor,2026-09-24
2014-08-05,104.61000061035156,104.61000061035156,105.58000183105469,105.62000274658203,104.08000183105469,13297,BZ=F,Factor,2026-09-24
2014-08-06,104.58999633789062,104.58999633789062,104.7699966430664,105.44000244140625,104.54000091552734,11339,BZ=F,Factor,2026-09-24
2014-08-07,105.44000244140625,105.44000244140625,104.6500015258789,105.88999938964844,104.18000030517578,14652,BZ=F,Factor,2026-09-24
2014-08-08,105.0199966430664,105.0199966430664,106.0,106.81999969482422,104.66999816894531,11237,BZ=F,Factor,2026-09-24
2014-08-11,104.68000030517578,104.68000030517578,104.88999938964844,105.41000366210938,104.5,6646,BZ=F,Factor,2026-09-24
2014-08-12,103.0199966430664,103.0199966430664,104.52999877929688,104.52999877929688,102.6500015258789,7832,BZ=F,Factor,2026-09-24
2014-08-13,104.27999877929688,104.27999877929688,102.91000366210938,104.33999633789062,102.38999938964844,6252,BZ=F,Factor,2026-09-24
2014-08-14,102.01000213623047,102.01000213623047,103.73999786376953,104.12999725341797,102.0,301,BZ=F,Factor,2026-09-24
2014-08-15,101.94999694824219,101.94999694824219,101.94999694824219,101.94999694824219,101.94999694824219,12437,BZ=F,Factor,2026-09-24
2014-08-18,101.5999984741211,101.5999984741211,102.94000244140625,102.98999786376953,101.11000061035156,9002,BZ=F,Factor,2026-09-24
2014-08-19,101.55999755859375,101.55999755859375,101.61000061035156,102.05999755859375,101.06999969482422,13304,BZ=F,Factor,2026-09-24
2014-08-20,102.27999877929688,102.27999877929688,101.7300033569336,102.36000061035156,101.43000030517578,10201,BZ=F,Factor,2026-09-24
2014-08-21,102.62999725341797,102.62999725341797,102.25,102.77999877929688,101.25,8468,BZ=F,Factor,2026-09-24
2014-08-22,102.29000091552734,102.29000091552734,102.58000183105469,102.81999969482422,102.0,9353,BZ=F,Factor,2026-09-24
2014-08-25,102.6500015258789,102.6500015258789,102.51000213623047,102.80000305175781,101.9000015258789,5087,BZ=F,Factor,2026-09-24
2014-08-26,102.5,102.5,102.70999908447266,103.37000274658203,102.37000274658203,8337,BZ=F,Factor,2026-09-24
2014-08-27,102.72000122070312,102.72000122070312,102.68000030517578,103.04000091552734,102.05999755859375,11601,BZ=F,Factor,2026-09-24
2014-08-28,102.45999908447266,102.45999908447266,102.63999938964844,103.20999908447266,102.26000213623047,9089,BZ=F,Factor,2026-09-24
2014-08-29,103.19000244140625,103.19000244140625,102.83000183105469,103.30999755859375,102.63999938964844,9570,BZ=F,Factor,2026-09-24
2014-09-02,100.33999633789062,100.33999633789062,103.0999984741211,103.27999877929688,100.19000244140625,16273,BZ=F,Factor,2026-09-24
2014-09-03,102.7699966430664,102.7699966430664,100.5,103.12999725341797,100.47000122070312,11649,BZ=F,Factor,2026-09-24
2014-09-04,101.83000183105469,101.83000183105469,102.33999633789062,102.94999694824219,101.69000244140625,10584,BZ=F,Factor,2026-09-24
2014-09-05,100.81999969482422,100.81999969482422,101.87000274658203,102.41000366210938,100.36000061035156,12409,BZ=F,Factor,2026-09-24
2014-09-08,100.19999694824219,100.19999694824219,100.94999694824219,100.98999786376953,99.37000274658203,12077,BZ=F,Factor,2026-09-24
2014-09-09,99.16000366210938,99.16000366210938,100.12999725341797,100.5999984741211,99.04000091552734,10783,BZ=F,Factor,2026-09-24
2014-09-10,98.04000091552734,98.04000091552734,99.43000030517578,99.43000030517578,97.62000274658203,13104,BZ=F,Factor,2026-09-24
2014-09-11,98.08000183105469,98.08000183105469,97.94000244140625,98.45999908447266,96.73999786376953,12548,BZ=F,Factor,2026-09-24
2014-09-12,97.11000061035156,97.11000061035156,98.12999725341797,98.77999877929688,96.91000366210938,7632,BZ=F,Factor,2026-09-24
2014-09-15,96.6500015258789,96.6500015258789,96.8499984741211,97.12999725341797,95.98999786376953,567,BZ=F,Factor,2026-09-24
2014-09-16,96.62999725341797,96.62999725341797,96.62999725341797,96.62999725341797,96.62999725341797,16751,BZ=F,Factor,2026-09-24
2014-09-17,98.97000122070312,98.97000122070312,98.95999908447266,99.54000091552734,98.5199966430664,14769,BZ=F,Factor,2026-09-24
2014-09-18,97.69999694824219,97.69999694824219,98.58000183105469,99.13999938964844,97.44000244140625,15316,BZ=F,Factor,2026-09-24
2014-09-19,98.38999938964844,98.38999938964844,97.54000091552734,98.4800033569336,97.19000244140625,12442,BZ=F,Factor,2026-09-24
2014-09-22,96.97000122070312,96.97000122070312,98.19999694824219,98.19999694824219,96.38999938964844,12582,BZ=F,Factor,2026-09-24
2014-09-23,96.8499984741211,96.8499984741211,96.87999725341797,97.56999969482422,96.55999755859375,13561,BZ=F,Factor,2026-09-24
2014-09-24,96.94999694824219,96.94999694824219,96.83999633789062,97.2699966430664,95.62000274658203,15460,BZ=F,Factor,2026-09-24
2014-09-25,97.0,97.0,96.87999725341797,97.55000305175781,96.23999786376953,14271,BZ=F,Factor,2026-09-24
2014-09-26,97.0,97.0,97.04000091552734,97.5,96.47000122070312,11382,BZ=F,Factor,2026-09-24
2014-09-29,97.19999694824219,97.19999694824219,97.0,97.33999633789062,96.27999877929688,14463,BZ=F,Factor,2026-09-24
2014-09-30,94.66999816894531,94.66999816894531,97.05000305175781,97.79000091552734,94.26000213623047,19337,BZ=F,Factor,2026-09-24
2014-10-01,94.16000366210938,94.16000366210938,94.55999755859375,96.22000122070312,93.81999969482422,19096,BZ=F,Factor,2026-09-24
2014-10-02,93.41999816894531,93.41999816894531,94.3499984741211,94.3499984741211,91.62000274658203,23807,BZ=F,Factor,2026-09-24
2014-10-03,92.30999755859375,92.30999755859375,93.58999633789062,93.95999908447266,91.4800033569336,19794,BZ=F,Factor,2026-09-24
2014-10-06,92.79000091552734,92.79000091552734,91.94999694824219,93.19000244140625,91.25,14363,BZ=F,Factor,2026-09-24
2014-10-07,92.11000061035156,92.11000061035156,92.9000015258789,92.93000030517578,91.41000366210938,14586,BZ=F,Factor,2026-09-24
2014-10-08,91.37999725341797,91.37999725341797,91.81999969482422,91.81999969482422,90.58000183105469,17109,BZ=F,Factor,2026-09-24
2014-10-09,90.05000305175781,90.05000305175781,91.5199966430664,91.83000183105469,88.47000122070312,23039,BZ=F,Factor,2026-09-24
2014-10-10,90.20999908447266,90.20999908447266,89.01000213623047,90.45999908447266,88.05000305175781,21001,BZ=F,Factor,2026-09-24
2014-10-13,88.88999938964844,88.88999938964844,89.69000244140625,89.69000244140625,87.93000030517578,10067,BZ=F,Factor,2026-09-24
2014-10-14,85.04000091552734,85.04000091552734,88.11000061035156,88.69999694824219,84.54000091552734,16949,BZ=F,Factor,2026-09-24
2014-10-15,83.77999877929688,83.77999877929688,85.58000183105469,85.61000061035156,83.0,15846,BZ=F,Factor,2026-09-24
2014-10-16,84.47000122070312,84.47000122070312,82.81999969482422,84.80000305175781,82.69999694824219,233,BZ=F,Factor,2026-09-24
2014-10-17,84.54000091552734,84.54000091552734,84.54000091552734,84.54000091552734,84.54000091552734,19641,BZ=F,Factor,2026-09-24
2014-10-20,85.4000015258789,85.4000015258789,86.22000122070312,86.68000030517578,84.41000366210938,20345,BZ=F,Factor,2026-09-24
2014-10-21,86.22000122070312,86.22000122070312,85.11000061035156,86.47000122070312,85.11000061035156,19391,BZ=F,Factor,2026-09-24
2014-10-22,84.70999908447266,84.70999908447266,86.38999938964844,87.05000305175781,84.51000213623047,17458,BZ=F,Factor,2026-09-24
2014-10-23,86.83000183105469,86.83000183105469,84.4000015258789,87.16000366210938,84.12999725341797,24796,BZ=F,Factor,2026-09-24
2014-10-24,86.12999725341797,86.12999725341797,86.6500015258789,86.68000030517578,85.36000061035156,19344,BZ=F,Factor,2026-09-24
2014-10-27,85.83000183105469,85.83000183105469,86.16999816894531,86.25,84.54000091552734,15291,BZ=F,Factor,2026-09-24
2014-10-28,86.02999877929688,86.02999877929688,85.4800033569336,86.3499984741211,85.08999633789062,13937,BZ=F,Factor,2026-09-24
2014-10-29,87.12000274658203,87.12000274658203,86.30000305175781,87.91999816894531,86.20999908447266,14546,BZ=F,Factor,2026-09-24
2014-10-30,86.23999786376953,86.23999786376953,87.0,87.12000274658203,85.73999786376953,12493,BZ=F,Factor,2026-09-24
2014-10-31,85.86000061035156,85.86000061035156,86.04000091552734,86.22000122070312,84.58999633789062,11967,BZ=F,Factor,2026-09-24
2014-11-03,84.77999877929688,84.77999877929688,85.86000061035156,86.38999938964844,84.06999969482422,14973,BZ=F,Factor,2026-09-24
2014-11-04,82.81999969482422,82.81999969482422,84.29000091552734,84.38999938964844,82.0999984741211,18879,BZ=F,Factor,2026-09-24
2014-11-05,82.94999694824219,82.94999694824219,82.76000213623047,84.45999908447266,81.6500015258789,28238,BZ=F,Factor,2026-09-24
2014-11-06,82.86000061035156,82.86000061035156,83.02999877929688,83.22000122070312,82.02999877929688,17660,BZ=F,Factor,2026-09-24
2014-11-07,83.38999938964844,83.38999938964844,82.58999633789062,83.8499984741211,82.20999908447266,14848,BZ=F,Factor,2026-09-24
2014-11-10,82.33999633789062,82.33999633789062,83.72000122070312,84.94999694824219,82.0,17349,BZ=F,Factor,2026-09-24
2014-11-11,81.66999816894531,81.66999816894531,81.9800033569336,82.30999755859375,80.47000122070312,20813,BZ=F,Factor,2026-09-24
2014-11-12,80.37999725341797,80.37999725341797,81.22000122070312,81.6500015258789,79.81999969482422,8560,BZ=F,Factor,2026-09-24
2014-11-13,77.91999816894531,77.91999816894531,79.91000366210938,79.91000366210938,77.91999816894531,467,BZ=F,Factor,2026-09-24
2014-11-14,77.73999786376953,77.73999786376953,77.73999786376953,77.73999786376953,77.73999786376953,15018,BZ=F,Factor,2026-09-24
2014-11-17,79.30999755859375,79.30999755859375,79.20999908447266,79.44000244140625,77.94999694824219,12896,BZ=F,Factor,2026-09-24
2014-11-18,78.47000122070312,78.47000122070312,78.94999694824219,79.93000030517578,78.19000244140625,15851,BZ=F,Factor,2026-09-24
2014-11-19,78.0999984741211,78.0999984741211,77.8499984741211,79.44000244140625,77.7300033569336,21619,BZ=F,Factor,2026-09-24
2014-11-20,79.33000183105469,79.33000183105469,78.20999908447266,79.9000015258789,77.58000183105469,16540,BZ=F,Factor,2026-09-24
2014-11-21,80.36000061035156,80.36000061035156,80.0999984741211,81.55999755859375,79.12000274658203,19896,BZ=F,Factor,2026-09-24
2014-11-24,79.68000030517578,79.68000030517578,80.41999816894531,80.79000091552734,79.41000366210938,11108,BZ=F,Factor,2026-09-24
2014-11-25,78.33000183105469,78.33000183105469,79.47000122070312,80.44000244140625,78.01000213623047,16700,BZ=F,Factor,2026-09-24
2014-11-26,77.75,77.75,78.11000061035156,78.86000061035156,77.33000183105469,13570,BZ=F,Factor,2026-09-24
2014-11-28,70.1500015258789,70.1500015258789,77.02999877929688,77.38999938964844,69.83000183105469,20894,BZ=F,Factor,2026-09-24
2014-12-01,72.54000091552734,72.54000091552734,70.19000244140625,73.01000213623047,67.58999633789062,25064,BZ=F,Factor,2026-09-24
2014-12-02,70.54000091552734,70.54000091552734,72.66000366210938,73.01000213623047,70.41000366210938,16953,BZ=F,Factor,2026-09-24
2014-12-03,69.91999816894531,69.91999816894531,71.12000274658203,71.44999694824219,69.4800033569336,22352,BZ=F,Factor,2026-09-24
2014-12-04,69.63999938964844,69.63999938964844,70.25,70.61000061035156,68.83000183105469,17516,BZ=F,Factor,2026-09-24
2014-12-05,69.06999969482422,69.06999969482422,69.38999938964844,69.87999725341797,68.11000061035156,19073,BZ=F,Factor,2026-09-24
2014-12-08,66.19000244140625,66.19000244140625,68.38999938964844,68.44000244140625,65.94000244140625,14787,BZ=F,Factor,2026-09-24
2014-12-09,66.83999633789062,66.83999633789062,66.05000305175781,67.0199966430664,65.3499984741211,14593,BZ=F,Factor,2026-09-24
2014-12-10,64.23999786376953,64.23999786376953,66.30999755859375,66.30999755859375,63.56999969482422,17189,BZ=F,Factor,2026-09-24
2014-12-11,63.68000030517578,63.68000030517578,64.7699966430664,65.0999984741211,63.13999938964844,17122,BZ=F,Factor,2026-09-24
2014-12-12,61.849998474121094,61.849998474121094,63.150001525878906,63.54999923706055,61.36000061035156,16645,BZ=F,Factor,2026-09-24
2014-12-15,61.060001373291016,61.060001373291016,60.72999954223633,63.22999954223633,60.349998474121094,13288,BZ=F,Factor,2026-09-24
2014-12-16,59.86000061035156,59.86000061035156,60.75,60.959999084472656,58.59000015258789,732,BZ=F,Factor,2026-09-24
2014-12-17,59.79999923706055,59.79999923706055,59.79999923706055,59.79999923706055,59.79999923706055,27234,BZ=F,Factor,2026-09-24
2014-12-18,59.27000045776367,59.27000045776367,60.95000076293945,63.630001068115234,59.16999816894531,23123,BZ=F,Factor,2026-09-24
2014-12-19,61.380001068115234,61.380001068115234,59.880001068115234,62.63999938964844,59.11000061035156,15698,BZ=F,Factor,2026-09-24
2014-12-22,60.11000061035156,60.11000061035156,61.880001068115234,62.939998626708984,59.869998931884766,20497,BZ=F,Factor,2026-09-24
2014-12-23,61.689998626708984,61.689998626708984,60.29999923706055,62.11000061035156,59.88999938964844,13242,BZ=F,Factor,2026-09-24
2014-12-24,60.2400016784668,60.2400016784668,61.68000030517578,61.68000030517578,59.400001525878906,6504,BZ=F,Factor,2026-09-24
2014-12-26,59.45000076293945,59.45000076293945,60.61000061035156,60.95000076293945,59.2400016784668,2778,BZ=F,Factor,2026-09-24
2014-12-29,57.880001068115234,57.880001068115234,59.849998474121094,60.40999984741211,57.380001068115234,11672,BZ=F,Factor,2026-09-24
2014-12-30,57.900001525878906,57.900001525878906,57.90999984741211,58.369998931884766,56.75,8111,BZ=F,Factor,2026-09-24
2014-12-31,57.33000183105469,57.33000183105469,57.29999923706055,57.77000045776367,55.81999969482422,8412,BZ=F,Factor,2026-09-24
2015-01-02,56.41999816894531,56.41999816894531,57.630001068115234,58.220001220703125,55.52000045776367,16707,BZ=F,Factor,2026-09-24
2015-01-05,53.11000061035156,53.11000061035156,56.290000915527344,56.290000915527344,52.66999816894531,30065,BZ=F,Factor,2026-09-24
2015-01-06,51.099998474121094,51.099998474121094,53.22999954223633,53.52000045776367,50.529998779296875,35494,BZ=F,Factor,2026-09-24
2015-01-07,51.150001525878906,51.150001525878906,51.060001373291016,51.84000015258789,49.68000030517578,37082,BZ=F,Factor,2026-09-24
2015-01-08,50.959999084472656,50.959999084472656,51.0,51.88999938964844,49.81999969482422,29469,BZ=F,Factor,2026-09-24
2015-01-09,50.11000061035156,50.11000061035156,51.25,51.560001373291016,48.900001525878906,48123,BZ=F,Factor,2026-09-24
2015-01-12,47.43000030517578,47.43000030517578,49.88999938964844,49.88999938964844,47.16999816894531,29297,BZ=F,Factor,2026-09-24
2015-01-13,46.59000015258789,46.59000015258789,47.27000045776367,47.27000045776367,45.22999954223633,33516,BZ=F,Factor,2026-09-24
2015-01-14,48.689998626708984,48.689998626708984,46.849998474121094,49.06999969482422,45.63999938964844,17863,BZ=F,Factor,2026-09-24
2015-01-15,47.66999816894531,47.66999816894531,48.25,50.33000183105469,46.93000030517578,2088,BZ=F,Factor,2026-09-24
2015-01-16,47.689998626708984,47.689998626708984,47.689998626708984,47.689998626708984,47.689998626708984,29134,BZ=F,Factor,2026-09-24
2015-01-20,47.9900016784668,47.9900016784668,50.20000076293945,50.31999969482422,47.79999923706055,33926,BZ=F,Factor,2026-09-24
2015-01-21,49.029998779296875,49.029998779296875,48.2599983215332,49.59000015258789,48.20000076293945,28618,BZ=F,Factor,2026-09-24
2015-01-22,48.52000045776367,48.52000045776367,48.77000045776367,50.439998626708984,47.52000045776367,33790,BZ=F,Factor,2026-09-24
2015-01-23,48.790000915527344,48.790000915527344,49.18000030517578,50.099998474121094,48.58000183105469,29460,BZ=F,Factor,2026-09-24
2015-01-26,48.15999984741211,48.15999984741211,48.709999084472656,49.27000045776367,47.599998474121094,25814,BZ=F,Factor,2026-09-24
2015-01-27,49.599998474121094,49.599998474121094,48.279998779296875,49.97999954223633,47.689998626708984,25318,BZ=F,Factor,2026-09-24
2015-01-28,48.470001220703125,48.470001220703125,48.939998626708984,49.709999084472656,48.31999969482422,29379,BZ=F,Factor,2026-09-24
2015-01-29,49.130001068115234,49.130001068115234,48.61000061035156,49.27000045776367,48.400001525878906,26641,BZ=F,Factor,2026-09-24
2015-01-30,52.9900016784668,52.9900016784668,49.119998931884766,53.060001373291016,48.79999923706055,35139,BZ=F,Factor,2026-09-24
2015-02-02,54.75,54.75,52.65999984741211,55.70000076293945,51.40999984741211,43658,BZ=F,Factor,2026-09-24
2015-02-03,57.90999984741211,57.90999984741211,55.04999923706055,58.9900016784668,54.849998474121094,55610,BZ=F,Factor,2026-09-24
2015-02-04,54.15999984741211,54.15999984741211,57.0,58.04999923706055,53.5,42937,BZ=F,Factor,2026-09-24
2015-02-05,56.56999969482422,56.56999969482422,54.849998474121094,57.849998474121094,52.95000076293945,48325,BZ=F,Factor,2026-09-24
2015-02-06,57.79999923706055,57.79999923706055,57.349998474121094,59.029998779296875,56.790000915527344,38508,BZ=F,Factor,2026-09-24
2015-02-09,58.34000015258789,58.34000015258789,58.560001373291016,59.560001373291016,57.349998474121094,35734,BZ=F,Factor,2026-09-24
2015-02-10,56.43000030517578,56.43000030517578,58.0099983215332,58.540000915527344,56.099998474121094,23490,BZ=F,Factor,2026-09-24
2015-02-11,54.65999984741211,54.65999984741211,56.880001068115234,56.959999084472656,53.95000076293945,25029,BZ=F,Factor,2026-09-24
2015-02-12,57.04999923706055,57.04999923706055,55.09000015258789,57.38999938964844,55.0,961,BZ=F,Factor,2026-09-24
2015-02-13,57.38999938964844,57.38999938964844,57.38999938964844,57.38999938964844,57.38999938964844,36448,BZ=F,Factor,2026-09-24
2015-02-17,62.529998779296875,62.529998779296875,61.779998779296875,63.029998779296875,60.279998779296875,40754,BZ=F,Factor,2026-09-24
2015-02-18,60.529998779296875,60.529998779296875,62.20000076293945,62.38999938964844,59.2599983215332,24334,BZ=F,Factor,2026-09-24
2015-02-19,60.209999084472656,60.209999084472656,59.2599983215332,60.970001220703125,57.79999923706055,39699,BZ=F,Factor,2026-09-24
2015-02-20,60.220001220703125,60.220001220703125,60.099998474121094,61.130001068115234,59.88999938964844,33712,BZ=F,Factor,2026-09-24
2015-02-23,58.900001525878906,58.900001525878906,60.099998474121094,60.63999938964844,58.380001068115234,42658,BZ=F,Factor,2026-09-24
2015-02-24,58.65999984741211,58.65999984741211,59.09000015258789,60.310001373291016,58.119998931884766,37567,BZ=F,Factor,2026-09-24
2015-02-25,61.630001068115234,61.630001068115234,58.70000076293945,62.130001068115234,58.40999984741211,34789,BZ=F,Factor,2026-09-24
2015-02-26,60.04999923706055,60.04999923706055,62.470001220703125,62.630001068115234,59.650001525878906,31062,BZ=F,Factor,2026-09-24
2015-02-27,62.58000183105469,62.58000183105469,60.79999923706055,62.810001373291016,60.70000076293945,30548,BZ=F,Factor,2026-09-24
2015-03-02,59.540000915527344,59.540000915527344,62.25,62.400001525878906,59.36000061035156,36182,BZ=F,Factor,2026-09-24
2015-03-03,61.02000045776367,61.02000045776367,60.0,61.810001373291016,59.869998931884766,35924,BZ=F,Factor,2026-09-24
2015-03-04,60.54999923706055,60.54999923706055,60.709999084472656,60.90999984741211,59.4900016784668,29920,BZ=F,Factor,2026-09-24
2015-03-05,60.47999954223633,60.47999954223633,60.47999954223633,61.54999923706055,60.08000183105469,29245,BZ=F,Factor,2026-09-24
2015-03-06,59.72999954223633,59.72999954223633,61.029998779296875,61.20000076293945,59.18000030517578,22107,BZ=F,Factor,2026-09-24
2015-03-09,58.529998779296875,58.529998779296875,59.72999954223633,60.029998779296875,58.400001525878906,21968,BZ=F,Factor,2026-09-24
2015-03-10,56.38999938964844,56.38999938964844,58.400001525878906,58.72999954223633,56.130001068115234,24701,BZ=F,Factor,2026-09-24
2015-03-11,57.540000915527344,57.540000915527344,56.209999084472656,57.91999816894531,55.93000030517578,23434,BZ=F,Factor,2026-09-24
2015-03-12,57.08000183105469,57.08000183105469,57.939998626708984,58.790000915527344,56.52000045776367,16466,BZ=F,Factor,2026-09-24
2015-03-13,54.66999816894531,54.66999816894531,57.2599983215332,57.2599983215332,54.439998626708984,11914,BZ=F,Factor,2026-09-24
2015-03-16,53.439998626708984,53.439998626708984,54.27000045776367,54.619998931884766,52.58000183105469,510,BZ=F,Factor,2026-09-24
2015-03-17,53.43000030517578,53.43000030517578,53.43000030517578,53.43000030517578,53.43000030517578,25633,BZ=F,Factor,2026-09-24
2015-03-18,55.90999984741211,55.90999984741211,53.33000183105469,56.849998474121094,52.70000076293945,23370,BZ=F,Factor,2026-09-24
2015-03-19,54.43000030517578,54.43000030517578,56.0,56.540000915527344,53.91999816894531,19163,BZ=F,Factor,2026-09-24
2015-03-20,55.31999969482422,55.31999969482422,54.63999938964844,55.68000030517578,53.56999969482422,17597,BZ=F,Factor,2026-09-24
2015-03-23,55.91999816894531,55.91999816894531,55.34000015258789,56.189998626708984,54.15999984741211,20185,BZ=F,Factor,2026-09-24
2015-03-24,55.11000061035156,55.11000061035156,55.959999084472656,56.790000915527344,54.869998931884766,16166,BZ=F,Factor,2026-09-24
2015-03-25,56.47999954223633,56.47999954223633,55.22999954223633,57.15999984741211,54.72999954223633,25158,BZ=F,Factor,2026-09-24
2015-03-26,59.189998626708984,59.189998626708984,56.380001068115234,59.7400016784668,56.380001068115234,32679,BZ=F,Factor,2026-09-24
2015-03-27,56.40999984741211,56.40999984741211,59.0,59.0099983215332,55.95000076293945,23801,BZ=F,Factor,2026-09-24
2015-03-30,56.290000915527344,56.290000915527344,56.08000183105469,56.650001525878906,55.189998626708984,21505,BZ=F,Factor,2026-09-24
2015-03-31,55.11000061035156,55.11000061035156,56.369998931884766,56.369998931884766,54.709999084472656,21606,BZ=F,Factor,2026-09-24
2015-04-01,57.099998474121094,57.099998474121094,55.11000061035156,57.689998626708984,54.689998626708984,27858,BZ=F,Factor,2026-09-24
2015-04-02,54.95000076293945,54.95000076293945,56.70000076293945,57.2400016784668,54.0,28427,BZ=F,Factor,2026-09-24
2015-04-06,58.119998931884766,58.119998931884766,54.88999938964844,58.25,54.790000915527344,14071,BZ=F,Factor,2026-09-24
2015-04-07,59.099998474121094,59.099998474121094,57.70000076293945,59.27000045776367,57.040000915527344,23259,BZ=F,Factor,2026-09-24
2015-04-08,55.54999923706055,55.54999923706055,58.220001220703125,58.709999084472656,55.470001220703125,24755,BZ=F,Factor,2026-09-24
2015-04-09,56.56999969482422,56.56999969482422,56.06999969482422,58.040000915527344,56.0099983215332,20538,BZ=F,Factor,2026-09-24
2015-04-10,57.869998931884766,57.869998931884766,56.7400016784668,58.130001068115234,56.290000915527344,16883,BZ=F,Factor,2026-09-24
2015-04-13,57.93000030517578,57.93000030517578,57.95000076293945,59.529998779296875,57.459999084472656,14746,BZ=F,Factor,2026-09-24
2015-04-14,58.43000030517578,58.43000030517578,58.2400016784668,59.13999938964844,57.79999923706055,15993,BZ=F,Factor,2026-09-24
2015-04-15,60.31999969482422,60.31999969482422,58.84000015258789,60.31999969482422,58.84000015258789,823,BZ=F,Factor,2026-09-24
2015-04-16,60.400001525878906,60.400001525878906,60.400001525878906,60.400001525878906,60.400001525878906,26829,BZ=F,Factor,2026-09-24
2015-04-17,63.45000076293945,63.45000076293945,63.93000030517578,64.48999786376953,62.93000030517578,18872,BZ=F,Factor,2026-09-24
2015-04-20,63.45000076293945,63.45000076293945,63.900001525878906,64.33999633789062,62.099998474121094,18561,BZ=F,Factor,2026-09-24
2015-04-21,62.08000183105469,62.08000183105469,63.36000061035156,63.470001220703125,61.65999984741211,16815,BZ=F,Factor,2026-09-24
2015-04-22,62.72999954223633,62.72999954223633,61.91999816894531,63.310001373291016,61.40999984741211,19144,BZ=F,Factor,2026-09-24
2015-04-23,64.8499984741211,64.8499984741211,62.81999969482422,65.58999633789062,62.209999084472656,32671,BZ=F,Factor,2026-09-24
2015-04-24,65.27999877929688,65.27999877929688,64.87000274658203,65.7699966430664,64.5,20163,BZ=F,Factor,2026-09-24
2015-04-27,64.83000183105469,64.83000183105469,65.48999786376953,65.56999969482422,64.41000366210938,17993,BZ=F,Factor,2026-09-24
2015-04-28,64.63999938964844,64.63999938964844,64.58999633789062,65.4800033569336,63.90999984741211,18757,BZ=F,Factor,2026-09-24
2015-04-29,65.83999633789062,65.83999633789062,64.48999786376953,66.70999908447266,64.16000366210938,23625,BZ=F,Factor,2026-09-24
2015-04-30,66.77999877929688,66.77999877929688,65.54000091552734,66.94000244140625,65.44000244140625,26652,BZ=F,Factor,2026-09-24
2015-05-01,66.45999908447266,66.45999908447266,66.6500015258789,66.87999725341797,65.52999877929688,19131,BZ=F,Factor,2026-09-24
2015-05-04,66.44999694824219,66.44999694824219,66.43000030517578,67.08999633789062,65.95999908447266,15798,BZ=F,Factor,2026-09-24
2015-05-05,67.5199966430664,67.5199966430664,66.41000366210938,68.38999938964844,66.23999786376953,33003,BZ=F,Factor,2026-09-24
2015-05-06,67.7699966430664,67.7699966430664,67.66999816894531,69.5999984741211,67.37000274658203,34300,BZ=F,Factor,2026-09-24
2015-05-07,65.54000091552734,65.54000091552734,67.30000305175781,68.45999908447266,65.18000030517578,23841,BZ=F,Factor,2026-09-24
2015-05-08,65.38999938964844,65.38999938964844,65.6500015258789,66.0999984741211,64.25,37090,BZ=F,Factor,2026-09-24
2015-05-11,64.91000366210938,64.91000366210938,65.30999755859375,65.69000244140625,64.29000091552734,20593,BZ=F,Factor,2026-09-24
2015-05-12,66.86000061035156,66.86000061035156,64.69999694824219,67.2699966430664,64.68000030517578,24717,BZ=F,Factor,2026-09-24
2015-05-13,66.80999755859375,66.80999755859375,67.19999694824219,68.1500015258789,66.38999938964844,13803,BZ=F,Factor,2026-09-24
2015-05-14,66.58999633789062,66.58999633789062,66.2300033569336,67.20999908447266,66.05000305175781,447,BZ=F,Factor,2026-09-24
2015-05-15,66.56999969482422,66.56999969482422,66.56999969482422,66.56999969482422,66.56999969482422,14466,BZ=F,Factor,2026-09-24
2015-05-18,66.2699966430664,66.2699966430664,66.87000274658203,67.88999938964844,65.93000030517578,14256,BZ=F,Factor,2026-09-24
2015-05-19,64.0199966430664,64.0199966430664,66.23999786376953,66.2699966430664,63.959999084472656,23142,BZ=F,Factor,2026-09-24
2015-05-20,65.02999877929688,65.02999877929688,64.48999786376953,65.16999816894531,64.18000030517578,15742,BZ=F,Factor,2026-09-24
2015-05-21,66.54000091552734,66.54000091552734,64.98999786376953,66.86000061035156,64.9800033569336,22573,BZ=F,Factor,2026-09-24
2015-05-22,65.37000274658203,65.37000274658203,66.56999969482422,66.58999633789062,65.08999633789062,15935,BZ=F,Factor,2026-09-24
2015-05-26,63.720001220703125,63.720001220703125,65.58000183105469,66.22000122070312,63.279998779296875,19097,BZ=F,Factor,2026-09-24
2015-05-27,62.060001373291016,62.060001373291016,63.880001068115234,64.66000366210938,61.970001220703125,21550,BZ=F,Factor,2026-09-24
2015-05-28,62.58000183105469,62.58000183105469,62.380001068115234,62.95000076293945,61.27000045776367,21318,BZ=F,Factor,2026-09-24
2015-05-29,65.55999755859375,65.55999755859375,63.09000015258789,65.83000183105469,62.689998626708984,24899,BZ=F,Factor,2026-09-24
2015-06-01,64.87999725341797,64.87999725341797,65.4000015258789,65.73999786376953,64.25,20587,BZ=F,Factor,2026-09-24
2015-06-02,65.48999786376953,65.48999786376953,64.80999755859375,65.8499984741211,64.58000183105469,23176,BZ=F,Factor,2026-09-24
2015-06-03,63.79999923706055,63.79999923706055,65.38999938964844,65.38999938964844,63.459999084472656,23281,BZ=F,Factor,2026-09-24
2015-06-04,62.029998779296875,62.029998779296875,63.81999969482422,64.08000183105469,61.79999923706055,20041,BZ=F,Factor,2026-09-24
2015-06-05,63.310001373291016,63.310001373291016,62.099998474121094,63.41999816894531,60.939998626708984,24912,BZ=F,Factor,2026-09-24
2015-06-08,62.689998626708984,62.689998626708984,62.900001525878906,63.31999969482422,62.470001220703125,18851,BZ=F,Factor,2026-09-24
2015-06-09,64.87999725341797,64.87999725341797,62.880001068115234,65.19999694824219,62.79999923706055,23651,BZ=F,Factor,2026-09-24
2015-06-10,65.69999694824219,65.69999694824219,65.13999938964844,66.3499984741211,64.91999816894531,27640,BZ=F,Factor,2026-09-24
2015-06-11,65.11000061035156,65.11000061035156,65.56999969482422,66.04000091552734,64.51000213623047,12496,BZ=F,Factor,2026-09-24
2015-06-12,63.869998931884766,63.869998931884766,64.91000366210938,64.91999816894531,63.709999084472656,11735,BZ=F,Factor,2026-09-24
2015-06-15,62.61000061035156,62.61000061035156,63.439998626708984,63.720001220703125,62.279998779296875,837,BZ=F,Factor,2026-09-24
2015-06-16,62.630001068115234,62.630001068115234,62.630001068115234,62.630001068115234,62.630001068115234,22148,BZ=F,Factor,2026-09-24
2015-06-17,63.869998931884766,63.869998931884766,63.66999816894531,65.45999908447266,62.58000183105469,30479,BZ=F,Factor,2026-09-24
2015-06-18,64.26000213623047,64.26000213623047,63.790000915527344,64.94999694824219,63.45000076293945,18570,BZ=F,Factor,2026-09-24
2015-06-19,63.02000045776367,63.02000045776367,64.06999969482422,64.54000091552734,62.349998474121094,19112,BZ=F,Factor,2026-09-24
2015-06-22,63.34000015258789,63.34000015258789,62.810001373291016,63.72999954223633,62.099998474121094,22360,BZ=F,Factor,2026-09-24
2015-06-23,64.44999694824219,64.44999694824219,63.33000183105469,64.94999694824219,62.7599983215332,25137,BZ=F,Factor,2026-09-24
2015-06-24,63.4900016784668,63.4900016784668,64.68000030517578,65.05999755859375,63.02000045776367,25722,BZ=F,Factor,2026-09-24
2015-06-25,63.20000076293945,63.20000076293945,63.560001373291016,63.93000030517578,62.72999954223633,19341,BZ=F,Factor,2026-09-24
2015-06-26,63.2599983215332,63.2599983215332,63.279998779296875,63.619998931884766,62.47999954223633,19797,BZ=F,Factor,2026-09-24
2015-06-29,62.0099983215332,62.0099983215332,62.650001525878906,62.959999084472656,61.36000061035156,28570,BZ=F,Factor,2026-09-24
2015-06-30,63.59000015258789,63.59000015258789,61.97999954223633,63.81999969482422,61.720001220703125,28326,BZ=F,Factor,2026-09-24
2015-07-01,62.0099983215332,62.0099983215332,63.06999969482422,63.349998474121094,61.84000015258789,34865,BZ=F,Factor,2026-09-24
2015-07-02,62.06999969482422,62.06999969482422,62.08000183105469,63.189998626708984,61.7599983215332,28960,BZ=F,Factor,2026-09-24
2015-07-06,56.540000915527344,56.540000915527344,60.34000015258789,60.34000015258789,56.38999938964844,44988,BZ=F,Factor,2026-09-24
2015-07-07,56.849998474121094,56.849998474121094,57.02000045776367,57.83000183105469,55.099998474121094,48111,BZ=F,Factor,2026-09-24
2015-07-08,57.04999923706055,57.04999923706055,57.47999954223633,57.75,55.880001068115234,43120,BZ=F,Factor,2026-09-24
2015-07-09,58.61000061035156,58.61000061035156,57.25,59.25,56.939998626708984,45873,BZ=F,Factor,2026-09-24
2015-07-10,58.72999954223633,58.72999954223633,58.27000045776367,59.68000030517578,57.869998931884766,27423,BZ=F,Factor,2026-09-24
2015-07-13,57.849998474121094,57.849998474121094,58.2599983215332,58.83000183105469,56.849998474121094,31544,BZ=F,Factor,2026-09-24
2015-07-14,58.5099983215332,58.5099983215332,57.63999938964844,58.7400016784668,56.43000030517578,25176,BZ=F,Factor,2026-09-24
2015-07-15,57.04999923706055,57.04999923706055,58.70000076293945,58.7599983215332,56.939998626708984,9759,BZ=F,Factor,2026-09-24
2015-07-16,57.5099983215332,57.5099983215332,57.380001068115234,58.34000015258789,57.189998626708984,935,BZ=F,Factor,2026-09-24
2015-07-17,57.52000045776367,57.52000045776367,57.720001220703125,57.720001220703125,57.720001220703125,18931,BZ=F,Factor,2026-09-24
2015-07-20,56.650001525878906,56.650001525878906,57.09000015258789,57.43000030517578,56.34000015258789,20026,BZ=F,Factor,2026-09-24
2015-07-21,57.040000915527344,57.040000915527344,56.5099983215332,57.43000030517578,56.34000015258789,24714,BZ=F,Factor,2026-09-24
2015-07-22,56.130001068115234,56.130001068115234,56.84000015258789,56.88999938964844,55.939998626708984,25241,BZ=F,Factor,2026-09-24
2015-07-23,55.27000045776367,55.27000045776367,55.95000076293945,56.52000045776367,55.09000015258789,28668,BZ=F,Factor,2026-09-24
2015-07-24,54.619998931884766,54.619998931884766,55.470001220703125,55.59000015258789,54.29999923706055,23004,BZ=F,Factor,2026-09-24
2015-07-27,53.470001220703125,53.470001220703125,54.45000076293945,54.86000061035156,52.81999969482422,27516,BZ=F,Factor,2026-09-24
2015-07-28,53.29999923706055,53.29999923706055,53.0,54.06999969482422,52.29999923706055,38323,BZ=F,Factor,2026-09-24
2015-07-29,53.380001068115234,53.380001068115234,53.0099983215332,54.31999969482422,52.52000045776367,46631,BZ=F,Factor,2026-09-24
2015-07-30,53.310001373291016,53.310001373291016,53.560001373291016,54.36000061035156,53.029998779296875,33368,BZ=F,Factor,2026-09-24
2015-07-31,52.209999084472656,52.209999084472656,53.5,53.63999938964844,51.63999938964844,30224,BZ=F,Factor,2026-09-24
2015-08-03,49.52000045776367,49.52000045776367,51.959999084472656,51.970001220703125,49.369998931884766,40476,BZ=F,Factor,2026-09-24
2015-08-04,49.9900016784668,49.9900016784668,49.72999954223633,50.45000076293945,49.65999984741211,25495,BZ=F,Factor,2026-09-24
2015-08-05,49.59000015258789,49.59000015258789,50.150001525878906,51.029998779296875,49.029998779296875,43403,BZ=F,Factor,2026-09-24
2015-08-06,49.52000045776367,49.52000045776367,49.65999984741211,49.81999969482422,48.880001068115234,37183,BZ=F,Factor,2026-09-24
2015-08-07,48.61000061035156,48.61000061035156,49.63999938964844,50.04999923706055,48.43000030517578,36781,BZ=F,Factor,2026-09-24
2015-08-10,50.40999984741211,50.40999984741211,48.220001220703125,50.4900016784668,48.08000183105469,25425,BZ=F,Factor,2026-09-24
2015-08-11,49.18000030517578,49.18000030517578,50.22999954223633,51.099998474121094,48.619998931884766,29670,BZ=F,Factor,2026-09-24
2015-08-12,49.65999984741211,49.65999984741211,49.20000076293945,50.02000045776367,48.7599983215332,21347,BZ=F,Factor,2026-09-24
2015-08-13,49.220001220703125,49.220001220703125,49.849998474121094,50.349998474121094,48.86000061035156,18543,BZ=F,Factor,2026-09-24
2015-08-14,49.029998779296875,49.029998779296875,49.04999923706055,49.619998931884766,48.72999954223633,392,BZ=F,Factor,2026-09-24
2015-08-17,49.029998779296875,49.029998779296875,49.029998779296875,49.029998779296875,49.029998779296875,17487,BZ=F,Factor,2026-09-24
2015-08-18,48.810001373291016,48.810001373291016,48.5099983215332,49.029998779296875,48.2400016784668,16384,BZ=F,Factor,2026-09-24
2015-08-19,47.15999984741211,47.15999984741211,48.709999084472656,49.099998474121094,46.790000915527344,25829,BZ=F,Factor,2026-09-24
2015-08-20,46.619998931884766,46.619998931884766,47.04999923706055,47.369998931884766,46.040000915527344,21904,BZ=F,Factor,2026-09-24
2015-08-21,45.459999084472656,45.459999084472656,46.119998931884766,46.5,45.08000183105469,29553,BZ=F,Factor,2026-09-24
2015-08-24,42.689998626708984,42.689998626708984,45.349998474121094,45.45000076293945,42.220001220703125,38819,BZ=F,Factor,2026-09-24
2015-08-25,43.209999084472656,43.209999084472656,42.790000915527344,44.4900016784668,42.66999816894531,37063,BZ=F,Factor,2026-09-24
2015-08-26,43.13999938964844,43.13999938964844,43.439998626708984,43.7599983215332,42.81999969482422,37502,BZ=F,Factor,2026-09-24
2015-08-27,47.560001373291016,47.560001373291016,43.709999084472656,47.72999954223633,43.709999084472656,41974,BZ=F,Factor,2026-09-24
2015-08-28,50.04999923706055,50.04999923706055,47.4900016784668,50.97999954223633,46.619998931884766,46963,BZ=F,Factor,2026-09-24
2015-08-31,54.150001525878906,54.150001525878906,49.86000061035156,54.290000915527344,48.2400016784668,42864,BZ=F,Factor,2026-09-24
2015-09-01,49.560001373291016,49.560001373291016,52.779998779296875,53.459999084472656,48.47999954223633,47532,BZ=F,Factor,2026-09-24
2015-09-02,50.5,50.5,48.5,51.0099983215332,47.72999954223633,49127,BZ=F,Factor,2026-09-24
2015-09-03,50.68000030517578,50.68000030517578,50.400001525878906,52.45000076293945,49.83000183105469,38231,BZ=F,Factor,2026-09-24
2015-09-04,49.61000061035156,49.61000061035156,50.88999938964844,51.040000915527344,49.2599983215332,23953,BZ=F,Factor,2026-09-24
2015-09-08,49.52000045776367,49.52000045776367,49.220001220703125,49.849998474121094,47.619998931884766,34271,BZ=F,Factor,2026-09-24
2015-09-09,47.58000183105469,47.58000183105469,49.380001068115234,50.029998779296875,47.439998626708984,22039,BZ=F,Factor,2026-09-24
2015-09-10,48.88999938964844,48.88999938964844,47.52000045776367,48.970001220703125,46.81999969482422,23873,BZ=F,Factor,2026-09-24
2015-09-11,48.13999938964844,48.13999938964844,48.65999984741211,48.959999084472656,47.18000030517578,14408,BZ=F,Factor,2026-09-24
2015-09-14,46.369998931884766,46.369998931884766,48.150001525878906,48.31999969482422,46.290000915527344,13286,BZ=F,Factor,2026-09-24
2015-09-15,46.630001068115234,46.630001068115234,46.25,46.880001068115234,46.15999984741211,313,BZ=F,Factor,2026-09-24
2015-09-16,46.61000061035156,46.61000061035156,46.61000061035156,46.61000061035156,46.61000061035156,29740,BZ=F,Factor,2026-09-24
2015-09-17,49.08000183105469,49.08000183105469,49.939998626708984,50.13999938964844,48.33000183105469,25780,BZ=F,Factor,2026-09-24
2015-09-18,47.470001220703125,47.470001220703125,49.209999084472656,49.79999923706055,47.16999816894531,20464,BZ=F,Factor,2026-09-24
2015-09-21,48.91999816894531,48.91999816894531,47.59000015258789,48.97999954223633,47.54999923706055,18265,BZ=F,Factor,2026-09-24
2015-09-22,49.08000183105469,49.08000183105469,48.52000045776367,49.209999084472656,47.70000076293945,17143,BZ=F,Factor,2026-09-24
2015-09-23,47.75,47.75,49.04999923706055,50.2599983215332,47.66999816894531,22344,BZ=F,Factor,2026-09-24
2015-09-24,48.16999816894531,48.16999816894531,47.959999084472656,48.470001220703125,47.400001525878906,21355,BZ=F,Factor,2026-09-24
2015-09-25,48.599998474121094,48.599998474121094,48.130001068115234,49.18000030517578,47.849998474121094,18510,BZ=F,Factor,2026-09-24
2015-09-28,47.34000015258789,47.34000015258789,48.34000015258789,48.38999938964844,47.2599983215332,17889,BZ=F,Factor,2026-09-24
2015-09-29,48.22999954223633,48.22999954223633,47.209999084472656,48.63999938964844,47.209999084472656,15186,BZ=F,Factor,2026-09-24
2015-09-30,48.369998931884766,48.369998931884766,47.93000030517578,49.0,47.810001373291016,23384,BZ=F,Factor,2026-09-24
2015-10-01,47.689998626708984,47.689998626708984,48.380001068115234,49.84000015258789,47.63999938964844,23765,BZ=F,Factor,2026-09-24
2015-10-02,48.130001068115234,48.130001068115234,48.060001373291016,48.4900016784668,46.939998626708984,21721,BZ=F,Factor,2026-09-24
2015-10-05,49.25,49.25,48.25,49.86000061035156,47.88999938964844,19936,BZ=F,Factor,2026-09-24
2015-10-06,51.91999816894531,51.91999816894531,49.27000045776367,52.2599983215332,48.86000061035156,27925,BZ=F,Factor,2026-09-24
2015-10-07,51.33000183105469,51.33000183105469,51.4900016784668,53.13999938964844,51.220001220703125,28754,BZ=F,Factor,2026-09-24
2015-10-08,53.04999923706055,53.04999923706055,51.810001373291016,53.560001373291016,51.290000915527344,28101,BZ=F,Factor,2026-09-24
2015-10-09,52.650001525878906,52.650001525878906,53.27000045776367,54.04999923706055,52.22999954223633,32991,BZ=F,Factor,2026-09-24
2015-10-12,49.86000061035156,49.86000061035156,52.61000061035156,53.29999923706055,49.779998779296875,30617,BZ=F,Factor,2026-09-24
2015-10-13,49.2400016784668,49.2400016784668,50.29999923706055,50.689998626708984,48.900001525878906,18780,BZ=F,Factor,2026-09-24
2015-10-14,49.150001525878906,49.150001525878906,49.16999816894531,49.5,48.72999954223633,8412,BZ=F,Factor,2026-09-24
2015-10-15,48.709999084472656,48.709999084472656,49.290000915527344,49.36000061035156,48.25,342,BZ=F,Factor,2026-09-24
2015-10-16,48.72999954223633,48.72999954223633,48.72999954223633,48.72999954223633,48.72999954223633,21575,BZ=F,Factor,2026-09-24
2015-10-19,48.61000061035156,48.61000061035156,50.560001373291016,50.63999938964844,48.58000183105469,18932,BZ=F,Factor,2026-09-24
2015-10-20,48.709999084472656,48.709999084472656,48.9900016784668,49.189998626708984,48.220001220703125,25631,BZ=F,Factor,2026-09-24
2015-10-21,47.849998474121094,47.849998474121094,48.4900016784668,48.65999984741211,47.529998779296875,20633,BZ=F,Factor,2026-09-24
2015-10-22,48.08000183105469,48.08000183105469,48.02000045776367,48.72999954223633,47.63999938964844,18472,BZ=F,Factor,2026-09-24
2015-10-23,47.9900016784668,47.9900016784668,48.2599983215332,48.63999938964844,47.439998626708984,22871,BZ=F,Factor,2026-09-24
2015-10-26,47.540000915527344,47.540000915527344,47.90999984741211,48.310001373291016,47.29999923706055,15230,BZ=F,Factor,2026-09-24
2015-10-27,46.810001373291016,46.810001373291016,47.52000045776367,47.540000915527344,46.40999984741211,19347,BZ=F,Factor,2026-09-24
2015-10-28,49.04999923706055,49.04999923706055,46.88999938964844,49.22999954223633,46.61000061035156,32294,BZ=F,Factor,2026-09-24
2015-10-29,48.79999923706055,48.79999923706055,49.130001068115234,49.400001525878906,48.16999816894531,23743,BZ=F,Factor,2026-09-24
2015-10-30,49.560001373291016,49.560001373291016,48.540000915527344,50.0,48.29999923706055,22329,BZ=F,Factor,2026-09-24
2015-11-02,48.790000915527344,48.790000915527344,49.459999084472656,49.68000030517578,48.599998474121094,19352,BZ=F,Factor,2026-09-24
2015-11-03,50.540000915527344,50.540000915527344,48.88999938964844,50.91999816894531,48.47999954223633,31478,BZ=F,Factor,2026-09-24
2015-11-04,48.58000183105469,48.58000183105469,50.38999938964844,50.86000061035156,48.5,35211,BZ=F,Factor,2026-09-24
2015-11-05,47.97999954223633,47.97999954223633,48.939998626708984,49.0,47.939998626708984,26058,BZ=F,Factor,2026-09-24
2015-11-06,47.41999816894531,47.41999816894531,48.09000015258789,48.56999969482422,47.2599983215332,24275,BZ=F,Factor,2026-09-24
2015-11-09,47.189998626708984,47.189998626708984,47.4900016784668,48.400001525878906,47.02000045776367,19896,BZ=F,Factor,2026-09-24
2015-11-10,47.439998626708984,47.439998626708984,47.38999938964844,47.849998474121094,46.95000076293945,24475,BZ=F,Factor,2026-09-24
2015-11-11,45.810001373291016,45.810001373291016,47.119998931884766,47.7400016784668,45.630001068115234,23241,BZ=F,Factor,2026-09-24
2015-11-12,44.060001373291016,44.060001373291016,45.86000061035156,46.18000030517578,44.02000045776367,13932,BZ=F,Factor,2026-09-24
2015-11-13,43.61000061035156,43.61000061035156,44.040000915527344,44.84000015258789,43.599998474121094,687,BZ=F,Factor,2026-09-24
2015-11-16,43.58000183105469,43.58000183105469,43.58000183105469,43.58000183105469,43.58000183105469,35040,BZ=F,Factor,2026-09-24
2015-11-17,43.56999969482422,43.56999969482422,44.720001220703125,45.099998474121094,43.5,29198,BZ=F,Factor,2026-09-24
2015-11-18,44.13999938964844,44.13999938964844,43.970001220703125,44.72999954223633,43.349998474121094,28751,BZ=F,Factor,2026-09-24
2015-11-19,44.18000030517578,44.18000030517578,44.279998779296875,44.7599983215332,43.70000076293945,23334,BZ=F,Factor,2026-09-24
2015-11-20,44.65999984741211,44.65999984741211,44.29999923706055,45.5,44.060001373291016,29144,BZ=F,Factor,2026-09-24
2015-11-23,44.83000183105469,44.83000183105469,44.349998474121094,45.720001220703125,43.58000183105469,38534,BZ=F,Factor,2026-09-24
2015-11-24,46.119998931884766,46.119998931884766,45.15999984741211,46.5,44.939998626708984,32819,BZ=F,Factor,2026-09-24
2015-11-25,46.16999816894531,46.16999816894531,45.9900016784668,46.47999954223633,45.02000045776367,29899,BZ=F,Factor,2026-09-24
2015-11-27,44.86000061035156,44.86000061035156,46.27000045776367,46.290000915527344,44.79999923706055,23430,BZ=F,Factor,2026-09-24
2015-11-30,44.61000061035156,44.61000061035156,44.849998474121094,45.7400016784668,44.45000076293945,29255,BZ=F,Factor,2026-09-24
2015-12-01,44.439998626708984,44.439998626708984,44.61000061035156,45.16999816894531,44.02000045776367,35190,BZ=F,Factor,2026-09-24
2015-12-02,42.4900016784668,42.4900016784668,44.34000015258789,44.619998931884766,42.439998626708984,43813,BZ=F,Factor,2026-09-24
2015-12-03,43.84000015258789,43.84000015258789,42.77000045776367,44.689998626708984,42.630001068115234,40848,BZ=F,Factor,2026-09-24
2015-12-04,43.0,43.0,44.119998931884766,44.81999969482422,42.68000030517578,43809,BZ=F,Factor,2026-09-24
2015-12-07,40.72999954223633,40.72999954223633,43.220001220703125,43.220001220703125,40.599998474121094,39060,BZ=F,Factor,2026-09-24
2015-12-08,40.2599983215332,40.2599983215332,40.88999938964844,41.45000076293945,39.81999969482422,43430,BZ=F,Factor,2026-09-24
2015-12-09,40.11000061035156,40.11000061035156,40.540000915527344,41.56999969482422,39.59000015258789,54288,BZ=F,Factor,2026-09-24
2015-12-10,39.72999954223633,39.72999954223633,40.43000030517578,40.66999816894531,39.45000076293945,36499,BZ=F,Factor,2026-09-24
2015-12-11,37.93000030517578,37.93000030517578,39.619998931884766,39.7400016784668,37.36000061035156,31092,BZ=F,Factor,2026-09-24
2015-12-14,37.91999816894531,37.91999816894531,37.810001373291016,38.40999984741211,36.380001068115234,12552,BZ=F,Factor,2026-09-24
2015-12-15,38.45000076293945,38.45000076293945,37.84000015258789,39.400001525878906,37.56999969482422,8075,BZ=F,Factor,2026-09-24
2015-12-16,37.189998626708984,37.189998626708984,38.150001525878906,38.20000076293945,37.11000061035156,1118,BZ=F,Factor,2026-09-24
2015-12-17,37.18000030517578,37.18000030517578,37.18000030517578,37.18000030517578,37.18000030517578,24297,BZ=F,Factor,2026-09-24
2015-12-18,36.880001068115234,36.880001068115234,36.849998474121094,37.720001220703125,36.40999984741211,30194,BZ=F,Factor,2026-09-24
2015-12-21,36.349998474121094,36.349998474121094,36.619998931884766,36.810001373291016,36.040000915527344,22041,BZ=F,Factor,2026-09-24
2015-12-22,36.11000061035156,36.11000061035156,36.31999969482422,36.720001220703125,35.9900016784668,22874,BZ=F,Factor,2026-09-24
2015-12-23,37.36000061035156,37.36000061035156,36.41999816894531,37.88999938964844,36.29999923706055,28728,BZ=F,Factor,2026-09-24
2015-12-24,37.88999938964844,37.88999938964844,37.72999954223633,38.099998474121094,36.93000030517578,12069,BZ=F,Factor,2026-09-24
2015-12-28,36.619998931884766,36.619998931884766,37.81999969482422,37.970001220703125,36.41999816894531,11717,BZ=F,Factor,2026-09-24
2015-12-29,37.790000915527344,37.790000915527344,36.54999923706055,37.970001220703125,36.54999923706055,19524,BZ=F,Factor,2026-09-24
2015-12-30,36.459999084472656,36.459999084472656,37.40999984741211,37.540000915527344,36.36000061035156,18092,BZ=F,Factor,2026-09-24
2015-12-31,37.279998779296875,37.279998779296875,36.66999816894531,37.95000076293945,36.11000061035156,17689,BZ=F,Factor,2026-09-24
2016-01-04,37.220001220703125,37.220001220703125,37.400001525878906,38.9900016784668,36.779998779296875,41288,BZ=F,Factor,2026-09-24
2016-01-05,36.41999816894531,36.41999816894531,37.31999969482422,37.56999969482422,36.25,29327,BZ=F,Factor,2026-09-24
2016-01-06,34.22999954223633,34.22999954223633,36.720001220703125,36.720001220703125,34.13999938964844,43019,BZ=F,Factor,2026-09-24
2016-01-07,33.75,33.75,34.52000045776367,34.72999954223633,32.18000030517578,44381,BZ=F,Factor,2026-09-24
2016-01-08,33.54999923706055,33.54999923706055,33.79999923706055,34.72999954223633,32.790000915527344,39985,BZ=F,Factor,2026-09-24
2016-01-11,31.549999237060547,31.549999237060547,33.15999984741211,33.380001068115234,31.200000762939453,38666,BZ=F,Factor,2026-09-24
2016-01-12,30.860000610351562,30.860000610351562,30.8799991607666,32.380001068115234,30.360000610351562,20138,BZ=F,Factor,2026-09-24
2016-01-13,30.309999465942383,30.309999465942383,31.690000534057617,31.989999771118164,29.959999084472656,9674,BZ=F,Factor,2026-09-24
2016-01-14,31.030000686645508,31.030000686645508,30.5,31.200000762939453,30.020000457763672,663,BZ=F,Factor,2026-09-24
2016-01-15,31.010000228881836,31.010000228881836,31.010000228881836,31.010000228881836,31.010000228881836,37163,BZ=F,Factor,2026-09-24
2016-01-19,28.760000228881836,28.760000228881836,28.799999237060547,30.31999969482422,27.670000076293945,60326,BZ=F,Factor,2026-09-24
2016-01-20,27.8799991607666,27.8799991607666,28.940000534057617,28.969999313354492,27.110000610351562,39000,BZ=F,Factor,2026-09-24
2016-01-21,29.25,29.25,27.950000762939453,29.829999923706055,27.299999237060547,55017,BZ=F,Factor,2026-09-24
2016-01-22,32.18000030517578,32.18000030517578,29.68000030517578,32.290000915527344,29.299999237060547,63281,BZ=F,Factor,2026-09-24
2016-01-25,30.5,30.5,32.18000030517578,32.79999923706055,30.0,41320,BZ=F,Factor,2026-09-24
2016-01-26,31.799999237060547,31.799999237060547,30.0,32.720001220703125,29.280000686645508,50983,BZ=F,Factor,2026-09-24
2016-01-27,33.099998474121094,33.099998474121094,31.030000686645508,33.5,30.84000015258789,51381,BZ=F,Factor,2026-09-24
2016-01-28,33.88999938964844,33.88999938964844,32.90999984741211,35.83000183105469,32.58000183105469,59667,BZ=F,Factor,2026-09-24
2016-01-29,34.7400016784668,34.7400016784668,34.16999816894531,35.0,33.61000061035156,678,BZ=F,Factor,2026-09-24
2016-02-01,34.689998626708984,34.689998626708984,34.689998626708984,34.689998626708984,34.689998626708984,36878,BZ=F,Factor,2026-09-24
2016-02-02,32.720001220703125,32.720001220703125,34.2400016784668,34.31999969482422,32.2400016784668,37956,BZ=F,Factor,2026-09-24
2016-02-03,35.040000915527344,35.040000915527344,32.560001373291016,35.47999954223633,32.310001373291016,51237,BZ=F,Factor,2026-09-24
2016-02-04,34.459999084472656,34.459999084472656,35.25,35.81999969482422,34.15999984741211,37559,BZ=F,Factor,2026-09-24
2016-02-05,34.060001373291016,34.060001373291016,34.439998626708984,35.130001068115234,33.810001373291016,34903,BZ=F,Factor,2026-09-24
2016-02-08,32.880001068115234,32.880001068115234,33.95000076293945,34.66999816894531,32.779998779296875,27425,BZ=F,Factor,2026-09-24
2016-02-09,30.31999969482422,30.31999969482422,33.08000183105469,33.54999923706055,30.280000686645508,28881,BZ=F,Factor,2026-09-24
2016-02-10,30.84000015258789,30.84000015258789,30.889999389648438,31.899999618530273,30.360000610351562,30705,BZ=F,Factor,2026-09-24
2016-02-11,30.059999465942383,30.059999465942383,30.889999389648438,31.350000381469727,29.940000534057617,35929,BZ=F,Factor,2026-09-24
2016-02-12,33.36000061035156,33.36000061035156,31.149999618530273,33.43000030517578,30.8700008392334,44770,BZ=F,Factor,2026-09-24
2016-02-16,32.18000030517578,32.18000030517578,32.72999954223633,35.529998779296875,31.940000534057617,48407,BZ=F,Factor,2026-09-24
2016-02-17,34.5,34.5,32.369998931884766,34.959999084472656,31.84000015258789,40298,BZ=F,Factor,2026-09-24
2016-02-18,34.279998779296875,34.279998779296875,34.90999984741211,35.72999954223633,33.79999923706055,33585,BZ=F,Factor,2026-09-24
2016-02-19,33.0099983215332,33.0099983215332,34.040000915527344,34.439998626708984,32.68000030517578,32381,BZ=F,Factor,2026-09-24
2016-02-22,34.689998626708984,34.689998626708984,33.119998931884766,34.970001220703125,32.81999969482422,28302,BZ=F,Factor,2026-09-24
2016-02-23,33.27000045776367,33.27000045776367,34.540000915527344,35.11000061035156,32.93000030517578,41038,BZ=F,Factor,2026-09-24
2016-02-24,34.40999984741211,34.40999984741211,32.9900016784668,34.65999984741211,32.369998931884766,48659,BZ=F,Factor,2026-09-24
2016-02-25,35.290000915527344,35.290000915527344,34.43000030517578,35.72999954223633,33.29999923706055,25470,BZ=F,Factor,2026-09-24
2016-02-26,35.099998474121094,35.099998474121094,35.09000015258789,36.9900016784668,34.849998474121094,16272,BZ=F,Factor,2026-09-24
2016-02-29,35.970001220703125,35.970001220703125,35.13999938964844,36.209999084472656,34.88999938964844,2779,BZ=F,Factor,2026-09-24
2016-03-01,35.959999084472656,35.959999084472656,35.959999084472656,35.959999084472656,35.959999084472656,28210,BZ=F,Factor,2026-09-24
2016-03-02,36.93000030517578,36.93000030517578,36.560001373291016,37.380001068115234,36.11000061035156,32186,BZ=F,Factor,2026-09-24
2016-03-03,37.06999969482422,37.06999969482422,37.029998779296875,37.36000061035156,36.36000061035156,25866,BZ=F,Factor,2026-09-24
2016-03-04,38.720001220703125,38.720001220703125,36.959999084472656,38.97999954223633,36.83000183105469,32203,BZ=F,Factor,2026-09-24
2016-03-07,40.84000015258789,40.84000015258789,38.9900016784668,41.040000915527344,38.880001068115234,33230,BZ=F,Factor,2026-09-24
2016-03-08,39.650001525878906,39.650001525878906,40.84000015258789,41.47999954223633,39.310001373291016,35047,BZ=F,Factor,2026-09-24
2016-03-09,41.06999969482422,41.06999969482422,39.52000045776367,41.2400016784668,39.41999816894531,29231,BZ=F,Factor,2026-09-24
2016-03-10,40.04999923706055,40.04999923706055,40.84000015258789,41.0,39.650001525878906,28194,BZ=F,Factor,2026-09-24
2016-03-11,40.38999938964844,40.38999938964844,40.25,41.0099983215332,40.029998779296875,22689,BZ=F,Factor,2026-09-24
2016-03-14,39.529998779296875,39.529998779296875,40.2599983215332,40.54999923706055,38.81999969482422,31277,BZ=F,Factor,2026-09-24
2016-03-15,38.7400016784668,38.7400016784668,39.7400016784668,39.77000045776367,38.31999969482422,24741,BZ=F,Factor,2026-09-24
2016-03-16,40.33000183105469,40.33000183105469,38.9900016784668,40.41999816894531,38.849998474121094,31153,BZ=F,Factor,2026-09-24
2016-03-17,41.540000915527344,41.540000915527344,40.20000076293945,41.59000015258789,40.20000076293945,32670,BZ=F,Factor,2026-09-24
2016-03-18,41.20000076293945,41.20000076293945,41.380001068115234,42.540000915527344,40.84000015258789,36422,BZ=F,Factor,2026-09-24
2016-03-21,41.540000915527344,41.540000915527344,41.20000076293945,41.869998931884766,40.4900016784668,24893,BZ=F,Factor,2026-09-24
2016-03-22,41.790000915527344,41.790000915527344,41.5099983215332,42.119998931884766,40.97999954223633,31640,BZ=F,Factor,2026-09-24
2016-03-23,40.470001220703125,40.470001220703125,41.56999969482422,41.810001373291016,40.400001525878906,30553,BZ=F,Factor,2026-09-24
2016-03-24,40.439998626708984,40.439998626708984,40.33000183105469,40.63999938964844,39.220001220703125,24268,BZ=F,Factor,2026-09-24
2016-03-28,40.27000045776367,40.27000045776367,40.5,41.0,39.65999984741211,10405,BZ=F,Factor,2026-09-24
2016-03-29,39.13999938964844,39.13999938964844,40.209999084472656,40.22999954223633,38.77000045776367,18903,BZ=F,Factor,2026-09-24
2016-03-30,39.2599983215332,39.2599983215332,39.400001525878906,40.59000015258789,39.130001068115234,10641,BZ=F,Factor,2026-09-24
2016-03-31,39.599998474121094,39.599998474121094,39.11000061035156,40.02000045776367,38.81999969482422,399,BZ=F,Factor,2026-09-24
2016-04-01,39.65999984741211,39.65999984741211,39.65999984741211,39.65999984741211,39.65999984741211,20407,BZ=F,Factor,2026-09-24
2016-04-04,37.689998626708984,37.689998626708984,38.66999816894531,38.90999984741211,37.5099983215332,24270,BZ=F,Factor,2026-09-24
2016-04-05,37.869998931884766,37.869998931884766,37.439998626708984,38.38999938964844,37.279998779296875,26655,BZ=F,Factor,2026-09-24
2016-04-06,39.84000015258789,39.84000015258789,38.400001525878906,39.93000030517578,38.20000076293945,33370,BZ=F,Factor,2026-09-24
2016-04-07,39.43000030517578,39.43000030517578,39.93000030517578,40.279998779296875,38.709999084472656,34351,BZ=F,Factor,2026-09-24
2016-04-08,41.939998626708984,41.939998626708984,39.72999954223633,42.0,39.619998931884766,32319,BZ=F,Factor,2026-09-24
2016-04-11,42.83000183105469,42.83000183105469,42.06999969482422,43.060001373291016,41.43000030517578,26930,BZ=F,Factor,2026-09-24
2016-04-12,44.689998626708984,44.689998626708984,42.599998474121094,44.79999923706055,42.43000030517578,39987,BZ=F,Factor,2026-09-24
2016-04-13,44.18000030517578,44.18000030517578,44.209999084472656,44.93000030517578,43.77000045776367,37539,BZ=F,Factor,2026-09-24
2016-04-14,43.84000015258789,43.84000015258789,44.0099983215332,44.599998474121094,43.29999923706055,25907,BZ=F,Factor,2026-09-24
2016-04-15,43.099998474121094,43.099998474121094,43.81999969482422,44.060001373291016,42.290000915527344,30288,BZ=F,Factor,2026-09-24
2016-04-18,42.90999984741211,42.90999984741211,41.75,43.40999984741211,40.06999969482422,39238,BZ=F,Factor,2026-09-24
2016-04-19,44.029998779296875,44.029998779296875,43.119998931884766,44.5099983215332,42.599998474121094,43258,BZ=F,Factor,2026-09-24
2016-04-20,45.79999923706055,45.79999923706055,43.939998626708984,45.88999938964844,42.83000183105469,32343,BZ=F,Factor,2026-09-24
2016-04-21,44.529998779296875,44.529998779296875,45.40999984741211,46.16999816894531,44.459999084472656,35228,BZ=F,Factor,2026-09-24
2016-04-22,45.11000061035156,45.11000061035156,44.65999984741211,45.88999938964844,44.29999923706055,35201,BZ=F,Factor,2026-09-24
2016-04-25,44.47999954223633,44.47999954223633,45.130001068115234,45.59000015258789,44.27000045776367,31478,BZ=F,Factor,2026-09-24
2016-04-26,45.7400016784668,45.7400016784668,44.77000045776367,46.47999954223633,44.380001068115234,28109,BZ=F,Factor,2026-09-24
2016-04-27,47.18000030517578,47.18000030517578,46.2599983215332,47.439998626708984,45.63999938964844,17458,BZ=F,Factor,2026-09-24
2016-04-28,48.13999938964844,48.13999938964844,47.0099983215332,48.18000030517578,46.75,10505,BZ=F,Factor,2026-09-24
2016-04-29,48.130001068115234,48.130001068115234,47.77000045776367,48.4900016784668,47.47999954223633,520,BZ=F,Factor,2026-09-24
2016-05-02,48.099998474121094,48.099998474121094,48.099998474121094,48.099998474121094,48.099998474121094,0,BZ=F,Factor,2026-09-24
2016-05-03,46.75,46.75,46.75,46.75,46.75,23630,BZ=F,Factor,2026-09-24
2016-05-04,44.619998931884766,44.619998931884766,45.22999954223633,46.0,44.20000076293945,28903,BZ=F,Factor,2026-09-24
2016-05-05,45.0099983215332,45.0099983215332,45.0,46.77000045776367,44.65999984741211,24432,BZ=F,Factor,2026-09-24
2016-05-06,45.369998931884766,45.369998931884766,45.16999816894531,46.11000061035156,44.18000030517578,24512,BZ=F,Factor,2026-09-24
2016-05-09,43.630001068115234,43.630001068115234,45.869998931884766,46.459999084472656,43.4900016784668,36293,BZ=F,Factor,2026-09-24
2016-05-10,45.52000045776367,45.52000045776367,43.560001373291016,45.689998626708984,43.34000015258789,32801,BZ=F,Factor,2026-09-24
2016-05-11,47.599998474121094,47.599998474121094,45.529998779296875,47.75,44.83000183105469,40873,BZ=F,Factor,2026-09-24
2016-05-12,48.08000183105469,48.08000183105469,47.279998779296875,48.18000030517578,46.79999923706055,36256,BZ=F,Factor,2026-09-24
2016-05-13,47.83000183105469,47.83000183105469,47.81999969482422,48.099998474121094,47.2599983215332,24243,BZ=F,Factor,2026-09-24
2016-05-16,48.970001220703125,48.970001220703125,47.79999923706055,49.470001220703125,47.79999923706055,34770,BZ=F,Factor,2026-09-24
2016-05-17,49.279998779296875,49.279998779296875,49.11000061035156,49.630001068115234,48.56999969482422,32460,BZ=F,Factor,2026-09-24
2016-05-18,48.93000030517578,48.93000030517578,49.43000030517578,49.84000015258789,48.459999084472656,33480,BZ=F,Factor,2026-09-24
2016-05-19,48.810001373291016,48.810001373291016,48.560001373291016,48.869998931884766,47.38999938964844,33279,BZ=F,Factor,2026-09-24
2016-05-20,48.720001220703125,48.720001220703125,48.70000076293945,49.34000015258789,48.040000915527344,26839,BZ=F,Factor,2026-09-24
2016-05-23,48.349998474121094,48.349998474121094,48.7599983215332,48.810001373291016,47.599998474121094,25366,BZ=F,Factor,2026-09-24
2016-05-24,48.61000061035156,48.61000061035156,48.36000061035156,49.25,47.81999969482422,27698,BZ=F,Factor,2026-09-24
2016-05-25,49.7400016784668,49.7400016784668,49.150001525878906,49.93000030517578,48.900001525878906,26667,BZ=F,Factor,2026-09-24
2016-05-26,49.59000015258789,49.59000015258789,49.79999923706055,50.5,49.2400016784668,24441,BZ=F,Factor,2026-09-24
2016-05-27,49.31999969482422,49.31999969482422,49.459999084472656,49.540000915527344,48.689998626708984,13383,BZ=F,Factor,2026-09-24
2016-05-31,49.689998626708984,49.689998626708984,49.54999923706055,50.04999923706055,48.93000030517578,3997,BZ=F,Factor,2026-09-24
2016-06-01,49.709999084472656,49.709999084472656,49.689998626708984,49.709999084472656,49.689998626708984,25507,BZ=F,Factor,2026-09-24
2016-06-02,50.040000915527344,50.040000915527344,49.7400016784668,50.29999923706055,48.849998474121094,28156,BZ=F,Factor,2026-09-24
2016-06-03,49.63999938964844,49.63999938964844,49.95000076293945,50.33000183105469,49.290000915527344,22460,BZ=F,Factor,2026-09-24
2016-06-06,50.54999923706055,50.54999923706055,49.81999969482422,50.81999969482422,49.720001220703125,22446,BZ=F,Factor,2026-09-24
2016-06-07,51.439998626708984,51.439998626708984,50.45000076293945,51.540000915527344,50.310001373291016,21088,BZ=F,Factor,2026-09-24
2016-06-08,52.5099983215332,52.5099983215332,51.400001525878906,52.79999923706055,51.31999969482422,22382,BZ=F,Factor,2026-09-24
2016-06-09,51.95000076293945,51.95000076293945,52.65999984741211,52.849998474121094,51.529998779296875,19759,BZ=F,Factor,2026-09-24
2016-06-10,50.540000915527344,50.540000915527344,51.91999816894531,52.08000183105469,50.34000015258789,19899,BZ=F,Factor,2026-09-24
2016-06-13,50.349998474121094,50.349998474121094,50.36000061035156,50.779998779296875,49.61000061035156,18914,BZ=F,Factor,2026-09-24
2016-06-14,49.83000183105469,49.83000183105469,50.0099983215332,50.04999923706055,49.189998626708984,20904,BZ=F,Factor,2026-09-24
2016-06-15,48.970001220703125,48.970001220703125,49.310001373291016,49.79999923706055,48.38999938964844,33399,BZ=F,Factor,2026-09-24
2016-06-16,47.189998626708984,47.189998626708984,48.58000183105469,48.77000045776367,46.959999084472656,26672,BZ=F,Factor,2026-09-24
2016-06-17,49.16999816894531,49.16999816894531,47.02000045776367,49.38999938964844,46.939998626708984,22172,BZ=F,Factor,2026-09-24
2016-06-20,50.650001525878906,50.650001525878906,49.47999954223633,50.68000030517578,49.2599983215332,21739,BZ=F,Factor,2026-09-24
2016-06-21,50.619998931884766,50.619998931884766,50.459999084472656,51.099998474121094,49.47999954223633,29249,BZ=F,Factor,2026-09-24
2016-06-22,49.880001068115234,49.880001068115234,50.970001220703125,51.22999954223633,49.189998626708984,34368,BZ=F,Factor,2026-09-24
2016-06-23,50.90999984741211,50.90999984741211,49.93000030517578,51.0,49.88999938964844,31356,BZ=F,Factor,2026-09-24
2016-06-24,48.40999984741211,48.40999984741211,51.209999084472656,51.22999954223633,47.540000915527344,52110,BZ=F,Factor,2026-09-24
2016-06-27,47.15999984741211,47.15999984741211,48.40999984741211,48.90999984741211,46.689998626708984,34439,BZ=F,Factor,2026-09-24
2016-06-28,48.58000183105469,48.58000183105469,47.54999923706055,48.7599983215332,47.470001220703125,22475,BZ=F,Factor,2026-09-24
2016-06-29,50.61000061035156,50.61000061035156,48.91999816894531,50.720001220703125,48.63999938964844,13050,BZ=F,Factor,2026-09-24
2016-06-30,49.68000030517578,49.68000030517578,50.0099983215332,50.29999923706055,49.5,1313,BZ=F,Factor,2026-09-24
2016-07-01,49.84000015258789,49.84000015258789,49.84000015258789,49.84000015258789,49.84000015258789,21731,BZ=F,Factor,2026-09-24
2016-07-05,47.959999084472656,47.959999084472656,50.70000076293945,50.72999954223633,47.560001373291016,37154,BZ=F,Factor,2026-09-24
2016-07-06,48.79999923706055,48.79999923706055,48.11000061035156,49.29999923706055,47.16999816894531,33332,BZ=F,Factor,2026-09-24
2016-07-07,46.400001525878906,46.400001525878906,49.150001525878906,49.599998474121094,46.150001525878906,37267,BZ=F,Factor,2026-09-24
2016-07-08,46.7599983215332,46.7599983215332,46.599998474121094,47.22999954223633,46.150001525878906,24682,BZ=F,Factor,2026-09-24
2016-07-11,46.25,46.25,46.529998779296875,47.11000061035156,45.90999984741211,20339,BZ=F,Factor,2026-09-24
2016-07-12,48.470001220703125,48.470001220703125,46.20000076293945,48.560001373291016,46.119998931884766,32157,BZ=F,Factor,2026-09-24
2016-07-13,46.2599983215332,46.2599983215332,48.040000915527344,48.20000076293945,46.09000015258789,29323,BZ=F,Factor,2026-09-24
2016-07-14,47.369998931884766,47.369998931884766,46.599998474121094,47.470001220703125,46.349998474121094,27528,BZ=F,Factor,2026-09-24
2016-07-15,47.61000061035156,47.61000061035156,47.15999984741211,48.08000183105469,46.65999984741211,24450,BZ=F,Factor,2026-09-24
2016-07-18,46.959999084472656,46.959999084472656,47.77000045776367,47.869998931884766,46.5,22151,BZ=F,Factor,2026-09-24
2016-07-19,46.65999984741211,46.65999984741211,47.029998779296875,47.47999954223633,46.54999923706055,20962,BZ=F,Factor,2026-09-24
2016-07-20,47.16999816894531,47.16999816894531,46.720001220703125,47.5,45.900001525878906,30188,BZ=F,Factor,2026-09-24
2016-07-21,46.20000076293945,46.20000076293945,47.15999984741211,47.54999923706055,46.040000915527344,22328,BZ=F,Factor,2026-09-24
2016-07-22,45.689998626708984,45.689998626708984,46.08000183105469,46.4900016784668,45.18000030517578,25423,BZ=F,Factor,2026-09-24
2016-07-25,44.720001220703125,44.720001220703125,45.7400016784668,45.86000061035156,44.560001373291016,19167,BZ=F,Factor,2026-09-24
2016-07-26,44.869998931884766,44.869998931884766,44.790000915527344,44.97999954223633,44.150001525878906,26793,BZ=F,Factor,2026-09-24
2016-07-27,43.470001220703125,43.470001220703125,44.54999923706055,44.90999984741211,43.310001373291016,27266,BZ=F,Factor,2026-09-24
2016-07-28,42.70000076293945,42.70000076293945,43.619998931884766,43.75,42.58000183105469,10527,BZ=F,Factor,2026-09-24
2016-07-29,42.459999084472656,42.459999084472656,42.540000915527344,42.79999923706055,41.81999969482422,428,BZ=F,Factor,2026-09-24
2016-08-01,42.45000076293945,42.45000076293945,42.45000076293945,42.45000076293945,42.45000076293945,21767,BZ=F,Factor,2026-09-24
2016-08-02,41.79999923706055,41.79999923706055,42.279998779296875,43.16999816894531,41.5099983215332,23088,BZ=F,Factor,2026-09-24
2016-08-03,43.099998474121094,43.099998474121094,41.939998626708984,43.439998626708984,41.5,30000,BZ=F,Factor,2026-09-24
2016-08-04,44.290000915527344,44.290000915527344,43.369998931884766,44.33000183105469,42.5099983215332,25204,BZ=F,Factor,2026-09-24
2016-08-05,44.27000045776367,44.27000045776367,44.189998626708984,44.4900016784668,43.5,24997,BZ=F,Factor,2026-09-24
2016-08-08,45.38999938964844,45.38999938964844,44.38999938964844,45.709999084472656,44.2400016784668,19192,BZ=F,Factor,2026-09-24
2016-08-09,44.97999954223633,44.97999954223633,45.15999984741211,45.7599983215332,44.75,18269,BZ=F,Factor,2026-09-24
2016-08-10,44.04999923706055,44.04999923706055,45.0,45.66999816894531,43.81999969482422,24646,BZ=F,Factor,2026-09-24
2016-08-11,46.040000915527344,46.040000915527344,43.849998474121094,46.310001373291016,43.459999084472656,29698,BZ=F,Factor,2026-09-24
2016-08-12,46.970001220703125,46.970001220703125,46.16999816894531,47.25,45.7599983215332,23652,BZ=F,Factor,2026-09-24
2016-08-15,48.349998474121094,48.349998474121094,47.150001525878906,48.529998779296875,46.84000015258789,21340,BZ=F,Factor,2026-09-24
2016-08-16,49.22999954223633,49.22999954223633,48.209999084472656,49.349998474121094,47.90999984741211,27839,BZ=F,Factor,2026-09-24
2016-08-17,49.849998474121094,49.849998474121094,48.97999954223633,49.9900016784668,48.54999923706055,39930,BZ=F,Factor,2026-09-24
2016-08-18,50.88999938964844,50.88999938964844,49.720001220703125,51.04999923706055,49.5099983215332,28379,BZ=F,Factor,2026-09-24
2016-08-19,50.880001068115234,50.880001068115234,50.880001068115234,51.220001220703125,50.33000183105469,25452,BZ=F,Factor,2026-09-24
2016-08-22,49.15999984741211,49.15999984741211,50.7400016784668,50.7400016784668,49.099998474121094,27608,BZ=F,Factor,2026-09-24
2016-08-23,49.959999084472656,49.959999084472656,49.22999954223633,50.20000076293945,48.4900016784668,36665,BZ=F,Factor,2026-09-24
2016-08-24,49.04999923706055,49.04999923706055,49.459999084472656,49.86000061035156,48.68000030517578,41304,BZ=F,Factor,2026-09-24
2016-08-25,49.66999816894531,49.66999816894531,49.029998779296875,49.779998779296875,48.70000076293945,31721,BZ=F,Factor,2026-09-24
2016-08-26,49.91999816894531,49.91999816894531,49.65999984741211,50.75,49.13999938964844,27534,BZ=F,Factor,2026-09-24
2016-08-29,49.2599983215332,49.2599983215332,49.619998931884766,49.619998931884766,48.97999954223633,6703,BZ=F,Factor,2026-09-24
2016-08-30,48.369998931884766,48.369998931884766,49.29999923706055,49.7599983215332,48.2599983215332,10607,BZ=F,Factor,2026-09-24
2016-08-31,47.040000915527344,47.040000915527344,48.02000045776367,48.400001525878906,46.970001220703125,668,BZ=F,Factor,2026-09-24
2016-09-01,47.04999923706055,47.04999923706055,47.04999923706055,47.04999923706055,47.04999923706055,23846,BZ=F,Factor,2026-09-24
2016-09-02,46.83000183105469,46.83000183105469,45.77000045776367,47.0099983215332,45.41999816894531,22597,BZ=F,Factor,2026-09-24
2016-09-06,47.2599983215332,47.2599983215332,46.650001525878906,49.369998931884766,46.29999923706055,37751,BZ=F,Factor,2026-09-24
2016-09-07,47.97999954223633,47.97999954223633,47.130001068115234,48.540000915527344,46.970001220703125,17745,BZ=F,Factor,2026-09-24
2016-09-08,49.9900016784668,49.9900016784668,48.560001373291016,50.13999938964844,48.209999084472656,30011,BZ=F,Factor,2026-09-24
2016-09-09,48.0099983215332,48.0099983215332,49.619998931884766,49.68000030517578,47.77000045776367,18847,BZ=F,Factor,2026-09-24
2016-09-12,48.31999969482422,48.31999969482422,47.779998779296875,48.619998931884766,46.90999984741211,18373,BZ=F,Factor,2026-09-24
2016-09-13,47.099998474121094,47.099998474121094,48.130001068115234,48.209999084472656,46.9900016784668,21761,BZ=F,Factor,2026-09-24
2016-09-14,45.849998474121094,45.849998474121094,47.220001220703125,47.470001220703125,45.709999084472656,28376,BZ=F,Factor,2026-09-24
2016-09-15,46.59000015258789,46.59000015258789,46.150001525878906,47.0,45.689998626708984,28412,BZ=F,Factor,2026-09-24
2016-09-16,45.77000045776367,45.77000045776367,46.18000030517578,46.400001525878906,45.47999954223633,19165,BZ=F,Factor,2026-09-24
2016-09-19,45.95000076293945,45.95000076293945,45.88999938964844,46.91999816894531,45.86000061035156,19674,BZ=F,Factor,2026-09-24
2016-09-20,45.880001068115234,45.880001068115234,45.7400016784668,46.290000915527344,45.09000015258789,28150,BZ=F,Factor,2026-09-24
2016-09-21,46.83000183105469,46.83000183105469,46.25,47.150001525878906,46.25,25248,BZ=F,Factor,2026-09-24
2016-09-22,47.650001525878906,47.650001525878906,47.119998931884766,47.84000015258789,47.040000915527344,32336,BZ=F,Factor,2026-09-24
2016-09-23,45.88999938964844,45.88999938964844,47.41999816894531,48.25,45.66999816894531,39822,BZ=F,Factor,2026-09-24
2016-09-26,47.349998474121094,47.349998474121094,46.08000183105469,47.65999984741211,45.7400016784668,21045,BZ=F,Factor,2026-09-24
2016-09-27,45.970001220703125,45.970001220703125,47.09000015258789,47.279998779296875,45.63999938964844,34389,BZ=F,Factor,2026-09-24
2016-09-28,48.689998626708984,48.689998626708984,46.29999923706055,48.939998626708984,45.720001220703125,27630,BZ=F,Factor,2026-09-24
2016-09-29,49.2400016784668,49.2400016784668,48.959999084472656,49.79999923706055,48.029998779296875,9721,BZ=F,Factor,2026-09-24
2016-09-30,49.060001373291016,49.060001373291016,48.970001220703125,49.279998779296875,48.18000030517578,387,BZ=F,Factor,2026-09-24
2016-10-03,49.099998474121094,49.099998474121094,49.099998474121094,49.099998474121094,49.099998474121094,27245,BZ=F,Factor,2026-09-24
2016-10-04,50.869998931884766,50.869998931884766,50.5,51.349998474121094,50.349998474121094,24858,BZ=F,Factor,2026-09-24
2016-10-05,51.86000061035156,51.86000061035156,51.380001068115234,52.09000015258789,51.22999954223633,26124,BZ=F,Factor,2026-09-24
2016-10-06,52.5099983215332,52.5099983215332,51.68000030517578,52.720001220703125,51.34000015258789,25994,BZ=F,Factor,2026-09-24
2016-10-07,51.93000030517578,51.93000030517578,52.66999816894531,52.84000015258789,51.34000015258789,26575,BZ=F,Factor,2026-09-24
2016-10-11,52.40999984741211,52.40999984741211,52.9900016784668,53.310001373291016,52.119998931884766,33630,BZ=F,Factor,2026-09-24
2016-10-12,51.810001373291016,51.810001373291016,52.619998931884766,52.849998474121094,51.61000061035156,24471,BZ=F,Factor,2026-09-24
2016-10-13,52.029998779296875,52.029998779296875,51.720001220703125,52.150001525878906,50.939998626708984,25642,BZ=F,Factor,2026-09-24
2016-10-14,51.95000076293945,51.95000076293945,52.099998474121094,52.560001373291016,51.5,22127,BZ=F,Factor,2026-09-24
2016-10-17,51.52000045776367,51.52000045776367,51.959999084472656,52.279998779296875,51.16999816894531,26730,BZ=F,Factor,2026-09-24
2016-10-18,51.68000030517578,51.68000030517578,51.689998626708984,52.119998931884766,51.27000045776367,28432,BZ=F,Factor,2026-09-24
2016-10-19,52.66999816894531,52.66999816894531,52.130001068115234,53.13999938964844,52.099998474121094,31624,BZ=F,Factor,2026-09-24
2016-10-20,51.380001068115234,51.380001068115234,52.630001068115234,52.68000030517578,51.18000030517578,29822,BZ=F,Factor,2026-09-24
2016-10-21,51.779998779296875,51.779998779296875,51.439998626708984,51.93000030517578,51.130001068115234,31385,BZ=F,Factor,2026-09-24
2016-10-24,51.459999084472656,51.459999084472656,51.959999084472656,52.0,50.5,39723,BZ=F,Factor,2026-09-24
2016-10-25,50.790000915527344,50.790000915527344,51.349998474121094,51.83000183105469,50.220001220703125,34420,BZ=F,Factor,2026-09-24
2016-10-26,49.97999954223633,49.97999954223633,50.25,50.689998626708984,49.65999984741211,50026,BZ=F,Factor,2026-09-24
2016-10-27,50.470001220703125,50.470001220703125,49.9900016784668,50.900001525878906,49.869998931884766,21189,BZ=F,Factor,2026-09-24
2016-10-28,49.709999084472656,49.709999084472656,50.310001373291016,50.56999969482422,49.34000015258789,15283,BZ=F,Factor,2026-09-24
2016-10-31,48.29999923706055,48.29999923706055,49.45000076293945,49.689998626708984,47.9900016784668,1765,BZ=F,Factor,2026-09-24
2016-11-01,48.33000183105469,48.33000183105469,48.33000183105469,48.33000183105469,48.33000183105469,56065,BZ=F,Factor,2026-09-24
2016-11-02,46.86000061035156,46.86000061035156,47.97999954223633,48.06999969482422,46.47999954223633,47015,BZ=F,Factor,2026-09-24
2016-11-03,46.349998474121094,46.349998474121094,46.959999084472656,47.5099983215332,46.0,33590,BZ=F,Factor,2026-09-24
2016-11-04,45.58000183105469,45.58000183105469,46.380001068115234,46.540000915527344,45.08000183105469,54210,BZ=F,Factor,2026-09-24
2016-11-07,46.150001525878906,46.150001525878906,46.06999969482422,46.380001068115234,45.380001068115234,30522,BZ=F,Factor,2026-09-24
2016-11-08,46.040000915527344,46.040000915527344,46.2400016784668,46.68000030517578,45.61000061035156,33500,BZ=F,Factor,2026-09-24
2016-11-09,46.36000061035156,46.36000061035156,45.95000076293945,46.95000076293945,44.38999938964844,53512,BZ=F,Factor,2026-09-24
2016-11-10,45.84000015258789,45.84000015258789,46.599998474121094,46.90999984741211,45.54999923706055,35421,BZ=F,Factor,2026-09-24
2016-11-14,44.43000030517578,44.43000030517578,44.68000030517578,44.97999954223633,43.58000183105469,37427,BZ=F,Factor,2026-09-24
2016-11-15,46.95000076293945,46.95000076293945,44.72999954223633,47.2599983215332,44.68000030517578,43809,BZ=F,Factor,2026-09-24
2016-11-16,46.630001068115234,46.630001068115234,47.0,47.560001373291016,46.27000045776367,43917,BZ=F,Factor,2026-09-24
2016-11-17,46.4900016784668,46.4900016784668,46.439998626708984,47.61000061035156,46.02000045776367,39989,BZ=F,Factor,2026-09-24
2016-11-18,46.86000061035156,46.86000061035156,46.09000015258789,46.97999954223633,45.7599983215332,39532,BZ=F,Factor,2026-09-24
2016-11-21,48.900001525878906,48.900001525878906,47.0099983215332,49.150001525878906,47.0,42541,BZ=F,Factor,2026-09-24
2016-11-22,49.119998931884766,49.119998931884766,49.099998474121094,49.970001220703125,48.13999938964844,62072,BZ=F,Factor,2026-09-24
2016-11-23,48.95000076293945,48.95000076293945,49.130001068115234,49.5,48.56999969482422,46018,BZ=F,Factor,2026-09-24
2016-11-25,47.2400016784668,47.2400016784668,49.0,49.20000076293945,47.0099983215332,27459,BZ=F,Factor,2026-09-24
2016-11-28,48.2400016784668,48.2400016784668,46.7599983215332,48.810001373291016,46.15999984741211,25170,BZ=F,Factor,2026-09-24
2016-11-29,46.380001068115234,46.380001068115234,48.09000015258789,48.099998474121094,45.91999816894531,15550,BZ=F,Factor,2026-09-24
2016-11-30,50.470001220703125,50.470001220703125,46.7599983215332,50.470001220703125,46.75,1083,BZ=F,Factor,2026-09-24
2016-12-01,50.459999084472656,50.459999084472656,50.459999084472656,50.459999084472656,50.459999084472656,71317,BZ=F,Factor,2026-09-24
2016-12-02,54.459999084472656,54.459999084472656,53.869998931884766,54.5,52.86000061035156,39305,BZ=F,Factor,2026-09-24
2016-12-05,54.939998626708984,54.939998626708984,54.22999954223633,55.33000183105469,53.810001373291016,33656,BZ=F,Factor,2026-09-24
2016-12-06,53.93000030517578,53.93000030517578,54.209999084472656,54.93000030517578,53.52000045776367,34688,BZ=F,Factor,2026-09-24
2016-12-07,53.0,53.0,53.959999084472656,54.209999084472656,52.91999816894531,34297,BZ=F,Factor,2026-09-24
2016-12-08,53.88999938964844,53.88999938964844,53.04999923706055,54.04999923706055,52.83000183105469,44044,BZ=F,Factor,2026-09-24
2016-12-09,54.33000183105469,54.33000183105469,53.95000076293945,54.439998626708984,53.77000045776367,30445,BZ=F,Factor,2026-09-24
2016-12-12,55.689998626708984,55.689998626708984,54.75,57.4900016784668,54.75,45732,BZ=F,Factor,2026-09-24
2016-12-13,55.720001220703125,55.720001220703125,55.369998931884766,56.43000030517578,55.150001525878906,38210,BZ=F,Factor,2026-09-24
2016-12-14,53.900001525878906,53.900001525878906,55.22999954223633,55.79999923706055,53.61000061035156,39813,BZ=F,Factor,2026-09-24
2016-12-15,54.02000045776367,54.02000045776367,53.720001220703125,54.5,53.150001525878906,34744,BZ=F,Factor,2026-09-24
2016-12-16,55.209999084472656,55.209999084472656,54.220001220703125,55.380001068115234,53.709999084472656,31303,BZ=F,Factor,2026-09-24
2016-12-19,54.91999816894531,54.91999816894531,55.4900016784668,55.790000915527344,54.689998626708984,30608,BZ=F,Factor,2026-09-24
2016-12-20,55.349998474121094,55.349998474121094,55.119998931884766,55.90999984741211,54.75,37241,BZ=F,Factor,2026-09-24
2016-12-21,54.459999084472656,54.459999084472656,55.599998474121094,55.86000061035156,54.31999969482422,31242,BZ=F,Factor,2026-09-24
2016-12-22,55.04999923706055,55.04999923706055,54.59000015258789,55.22999954223633,54.04999923706055,30938,BZ=F,Factor,2026-09-24
2016-12-23,55.15999984741211,55.15999984741211,54.880001068115234,55.34000015258789,54.27000045776367,15503,BZ=F,Factor,2026-09-24
2016-12-27,56.09000015258789,56.09000015258789,55.47999954223633,56.2599983215332,55.04999923706055,8294,BZ=F,Factor,2026-09-24
2016-12-28,56.220001220703125,56.220001220703125,56.08000183105469,56.560001373291016,55.88999938964844,10677,BZ=F,Factor,2026-09-24
2016-12-29,56.13999938964844,56.13999938964844,55.970001220703125,56.63999938964844,55.970001220703125,595,BZ=F,Factor,2026-09-24
2016-12-30,56.130001068115234,56.130001068115234,56.130001068115234,56.130001068115234,56.130001068115234,13775,BZ=F,Factor,2026-09-24
2017-01-03,55.470001220703125,55.470001220703125,57.04999923706055,58.369998931884766,55.290000915527344,42688,BZ=F,Factor,2026-09-24
2017-01-04,56.459999084472656,56.459999084472656,55.689998626708984,56.529998779296875,55.34000015258789,27804,BZ=F,Factor,2026-09-24
2017-01-05,56.88999938964844,56.88999938964844,56.540000915527344,57.34000015258789,56.0099983215332,32833,BZ=F,Factor,2026-09-24
2017-01-06,57.099998474121094,57.099998474121094,56.880001068115234,57.459999084472656,56.29999923706055,24948,BZ=F,Factor,2026-09-24
2017-01-09,54.939998626708984,54.939998626708984,56.86000061035156,56.9900016784668,54.7400016784668,25860,BZ=F,Factor,2026-09-24
2017-01-10,53.63999938964844,53.63999938964844,54.84000015258789,55.34000015258789,53.56999969482422,33801,BZ=F,Factor,2026-09-24
2017-01-11,55.099998474121094,55.099998474121094,53.70000076293945,55.66999816894531,53.65999984741211,45944,BZ=F,Factor,2026-09-24
2017-01-12,56.0099983215332,56.0099983215332,55.22999954223633,56.43000030517578,55.029998779296875,36424,BZ=F,Factor,2026-09-24
2017-01-13,55.45000076293945,55.45000076293945,56.060001373291016,56.20000076293945,55.310001373291016,25417,BZ=F,Factor,2026-09-24
2017-01-17,55.470001220703125,55.470001220703125,55.650001525878906,56.970001220703125,55.20000076293945,44899,BZ=F,Factor,2026-09-24
2017-01-18,53.91999816894531,53.91999816894531,55.470001220703125,55.88999938964844,53.779998779296875,40148,BZ=F,Factor,2026-09-24
2017-01-19,54.15999984741211,54.15999984741211,54.310001373291016,54.75,53.900001525878906,33327,BZ=F,Factor,2026-09-24
2017-01-20,55.4900016784668,55.4900016784668,54.279998779296875,55.790000915527344,54.189998626708984,29231,BZ=F,Factor,2026-09-24
2017-01-23,55.22999954223633,55.22999954223633,55.470001220703125,55.7400016784668,54.650001525878906,33859,BZ=F,Factor,2026-09-24
2017-01-24,55.439998626708984,55.439998626708984,55.38999938964844,55.849998474121094,55.04999923706055,32411,BZ=F,Factor,2026-09-24
2017-01-25,55.08000183105469,55.08000183105469,55.2400016784668,55.63999938964844,54.7599983215332,34247,BZ=F,Factor,2026-09-24
2017-01-26,56.2400016784668,56.2400016784668,55.369998931884766,56.54999923706055,55.209999084472656,45145,BZ=F,Factor,2026-09-24
2017-01-27,55.52000045776367,55.52000045776367,56.11000061035156,56.5,54.849998474121094,20964,BZ=F,Factor,2026-09-24
2017-01-30,55.22999954223633,55.22999954223633,55.400001525878906,55.63999938964844,54.970001220703125,9982,BZ=F,Factor,2026-09-24
2017-01-31,55.70000076293945,55.70000076293945,55.220001220703125,55.939998626708984,54.939998626708984,578,BZ=F,Factor,2026-09-24
2017-02-01,55.65999984741211,55.65999984741211,55.65999984741211,55.65999984741211,55.65999984741211,34772,BZ=F,Factor,2026-09-24
2017-02-02,56.560001373291016,56.560001373291016,56.529998779296875,57.43000030517578,56.34000015258789,31371,BZ=F,Factor,2026-09-24
2017-02-03,56.810001373291016,56.810001373291016,56.83000183105469,57.290000915527344,56.38999938964844,26703,BZ=F,Factor,2026-09-24
2017-02-06,55.720001220703125,55.720001220703125,56.79999923706055,57.11000061035156,55.650001525878906,26706,BZ=F,Factor,2026-09-24
2017-02-07,55.04999923706055,55.04999923706055,55.93000030517578,55.97999954223633,54.63999938964844,32659,BZ=F,Factor,2026-09-24
2017-02-08,55.119998931884766,55.119998931884766,54.54999923706055,55.66999816894531,54.209999084472656,44864,BZ=F,Factor,2026-09-24
2017-02-09,55.630001068115234,55.630001068115234,55.2599983215332,55.91999816894531,55.20000076293945,29628,BZ=F,Factor,2026-09-24
2017-02-10,56.70000076293945,56.70000076293945,55.689998626708984,56.869998931884766,55.58000183105469,30763,BZ=F,Factor,2026-09-24
2017-02-13,55.59000015258789,55.59000015258789,56.77000045776367,56.79999923706055,55.43000030517578,25049,BZ=F,Factor,2026-09-24
2017-02-14,55.970001220703125,55.970001220703125,55.709999084472656,56.45000076293945,55.54999923706055,25975,BZ=F,Factor,2026-09-24
2017-02-15,55.75,55.75,55.84000015258789,56.25,55.54999923706055,26608,BZ=F,Factor,2026-09-24
2017-02-16,55.650001525878906,55.650001525878906,55.66999816894531,56.22999954223633,55.130001068115234,32712,BZ=F,Factor,2026-09-24
2017-02-17,55.810001373291016,55.810001373291016,55.66999816894531,55.869998931884766,55.11000061035156,27599,BZ=F,Factor,2026-09-24
2017-02-21,56.65999984741211,56.65999984741211,55.90999984741211,57.29999923706055,55.709999084472656,57648,BZ=F,Factor,2026-09-24
2017-02-22,55.84000015258789,55.84000015258789,56.689998626708984,56.9900016784668,55.58000183105469,36358,BZ=F,Factor,2026-09-24
2017-02-23,56.58000183105469,56.58000183105469,56.189998626708984,57.349998474121094,56.150001525878906,36155,BZ=F,Factor,2026-09-24
2017-02-24,55.9900016784668,55.9900016784668,56.5099983215332,56.650001525878906,55.75,18720,BZ=F,Factor,2026-09-24
2017-02-27,55.93000030517578,55.93000030517578,56.040000915527344,56.7599983215332,55.90999984741211,10972,BZ=F,Factor,2026-09-24
2017-02-28,55.59000015258789,55.59000015258789,55.97999954223633,56.06999969482422,55.27000045776367,685,BZ=F,Factor,2026-09-24
2017-03-01,55.599998474121094,55.599998474121094,55.599998474121094,55.599998474121094,55.599998474121094,25932,BZ=F,Factor,2026-09-24
2017-03-02,55.08000183105469,55.08000183105469,56.310001373291016,56.439998626708984,55.0099983215332,34925,BZ=F,Factor,2026-09-24
2017-03-03,55.900001525878906,55.900001525878906,55.18000030517578,55.939998626708984,55.09000015258789,24688,BZ=F,Factor,2026-09-24
2017-03-06,56.0099983215332,56.0099983215332,55.79999923706055,56.2400016784668,55.31999969482422,25402,BZ=F,Factor,2026-09-24
2017-03-07,55.91999816894531,55.91999816894531,55.9900016784668,56.63999938964844,55.54999923706055,28162,BZ=F,Factor,2026-09-24
2017-03-08,53.11000061035156,53.11000061035156,55.61000061035156,55.7599983215332,52.939998626708984,43000,BZ=F,Factor,2026-09-24
2017-03-09,52.189998626708984,52.189998626708984,53.130001068115234,53.849998474121094,51.47999954223633,61215,BZ=F,Factor,2026-09-24
2017-03-10,51.369998931884766,51.369998931884766,52.439998626708984,53.0099983215332,51.150001525878906,41261,BZ=F,Factor,2026-09-24
2017-03-13,51.349998474121094,51.349998474121094,51.369998931884766,51.689998626708984,50.84000015258789,28880,BZ=F,Factor,2026-09-24
2017-03-14,50.91999816894531,50.91999816894531,51.400001525878906,51.83000183105469,50.25,49660,BZ=F,Factor,2026-09-24
2017-03-15,51.810001373291016,51.810001373291016,51.790000915527344,52.040000915527344,51.36000061035156,36290,BZ=F,Factor,2026-09-24
2017-03-16,51.7400016784668,51.7400016784668,52.09000015258789,52.59000015258789,51.5,28932,BZ=F,Factor,2026-09-24
2017-03-17,51.7599983215332,51.7599983215332,51.720001220703125,52.16999816894531,51.529998779296875,20151,BZ=F,Factor,2026-09-24
2017-03-20,51.619998931884766,51.619998931884766,51.75,51.93000030517578,51.0099983215332,25177,BZ=F,Factor,2026-09-24
2017-03-21,50.959999084472656,50.959999084472656,51.65999984741211,52.209999084472656,50.72999954223633,30377,BZ=F,Factor,2026-09-24
2017-03-22,50.63999938964844,50.63999938964844,50.869998931884766,50.970001220703125,49.63999938964844,39102,BZ=F,Factor,2026-09-24
2017-03-23,50.560001373291016,50.560001373291016,50.7599983215332,51.09000015258789,50.2599983215332,35569,BZ=F,Factor,2026-09-24
2017-03-24,50.79999923706055,50.79999923706055,50.599998474121094,51.04999923706055,50.400001525878906,27105,BZ=F,Factor,2026-09-24
2017-03-27,50.75,50.75,51.02000045776367,51.099998474121094,50.029998779296875,27398,BZ=F,Factor,2026-09-24
2017-03-28,51.33000183105469,51.33000183105469,50.86000061035156,51.869998931884766,50.790000915527344,27375,BZ=F,Factor,2026-09-24
2017-03-29,52.41999816894531,52.41999816894531,51.34000015258789,52.459999084472656,51.34000015258789,17105,BZ=F,Factor,2026-09-24
2017-03-30,52.959999084472656,52.959999084472656,52.400001525878906,53.09000015258789,52.029998779296875,14493,BZ=F,Factor,2026-09-24
2017-03-31,52.83000183105469,52.83000183105469,52.650001525878906,53.31999969482422,52.400001525878906,31997,BZ=F,Factor,2026-09-24
2017-04-03,53.119998931884766,53.119998931884766,53.63999938964844,53.720001220703125,53.040000915527344,18746,BZ=F,Factor,2026-09-24
2017-04-04,54.16999816894531,54.16999816894531,53.13999938964844,54.36000061035156,52.75,27204,BZ=F,Factor,2026-09-24
2017-04-05,54.36000061035156,54.36000061035156,54.27000045776367,55.08000183105469,53.97999954223633,33157,BZ=F,Factor,2026-09-24
2017-04-06,54.88999938964844,54.88999938964844,54.150001525878906,54.9900016784668,54.02000045776367,21011,BZ=F,Factor,2026-09-24
2017-04-07,55.2400016784668,55.2400016784668,54.75,56.06999969482422,54.56999969482422,34387,BZ=F,Factor,2026-09-24
2017-04-10,55.97999954223633,55.97999954223633,55.2400016784668,56.04999923706055,55.2400016784668,29224,BZ=F,Factor,2026-09-24
2017-04-11,56.22999954223633,56.22999954223633,56.04999923706055,56.279998779296875,55.459999084472656,32054,BZ=F,Factor,2026-09-24
2017-04-12,55.86000061035156,55.86000061035156,56.279998779296875,56.630001068115234,55.5099983215332,33978,BZ=F,Factor,2026-09-24
2017-04-13,55.88999938964844,55.88999938964844,55.66999816894531,56.060001373291016,55.58000183105469,27171,BZ=F,Factor,2026-09-24
2017-04-17,55.36000061035156,55.36000061035156,55.849998474121094,55.970001220703125,55.29999923706055,18101,BZ=F,Factor,2026-09-24
2017-04-18,54.88999938964844,54.88999938964844,55.47999954223633,55.4900016784668,54.619998931884766,38436,BZ=F,Factor,2026-09-24
2017-04-19,52.93000030517578,52.93000030517578,54.7400016784668,55.220001220703125,52.59000015258789,43655,BZ=F,Factor,2026-09-24
2017-04-20,52.9900016784668,52.9900016784668,53.060001373291016,53.540000915527344,52.689998626708984,48381,BZ=F,Factor,2026-09-24
2017-04-21,51.959999084472656,51.959999084472656,53.029998779296875,53.279998779296875,51.56999969482422,36665,BZ=F,Factor,2026-09-24
2017-04-24,51.599998474121094,51.599998474121094,52.04999923706055,52.58000183105469,51.43000030517578,27284,BZ=F,Factor,2026-09-24
2017-04-25,52.099998474121094,52.099998474121094,51.650001525878906,52.380001068115234,51.310001373291016,31348,BZ=F,Factor,2026-09-24
2017-04-26,51.81999969482422,51.81999969482422,51.86000061035156,52.439998626708984,51.400001525878906,24549,BZ=F,Factor,2026-09-24
2017-04-27,51.439998626708984,51.439998626708984,51.470001220703125,51.75,50.43000030517578,20588,BZ=F,Factor,2026-09-24
2017-04-28,51.72999954223633,51.72999954223633,51.43000030517578,52.099998474121094,51.40999984741211,33680,BZ=F,Factor,2026-09-24
2017-05-01,51.52000045776367,51.52000045776367,51.849998474121094,51.97999954223633,51.220001220703125,12936,BZ=F,Factor,2026-09-24
2017-05-02,50.459999084472656,50.459999084472656,51.38999938964844,52.13999938964844,50.15999984741211,38556,BZ=F,Factor,2026-09-24
2017-05-03,50.790000915527344,50.790000915527344,51.04999923706055,51.119998931884766,50.209999084472656,34131,BZ=F,Factor,2026-09-24
2017-05-04,48.380001068115234,48.380001068115234,50.619998931884766,50.720001220703125,48.18000030517578,52061,BZ=F,Factor,2026-09-24
2017-05-05,49.099998474121094,49.099998474121094,48.38999938964844,49.619998931884766,46.650001525878906,54485,BZ=F,Factor,2026-09-24
2017-05-08,49.34000015258789,49.34000015258789,49.290000915527344,49.880001068115234,48.4900016784668,35179,BZ=F,Factor,2026-09-24
2017-05-09,48.72999954223633,48.72999954223633,49.439998626708984,49.709999084472656,48.40999984741211,33410,BZ=F,Factor,2026-09-24
2017-05-10,50.220001220703125,50.220001220703125,48.9900016784668,50.619998931884766,48.849998474121094,37961,BZ=F,Factor,2026-09-24
2017-05-11,50.77000045776367,50.77000045776367,50.279998779296875,51.150001525878906,50.2400016784668,31243,BZ=F,Factor,2026-09-24
2017-05-12,50.84000015258789,50.84000015258789,50.77000045776367,51.08000183105469,50.34000015258789,29339,BZ=F,Factor,2026-09-24
2017-05-15,51.81999969482422,51.81999969482422,50.84000015258789,52.619998931884766,50.650001525878906,31972,BZ=F,Factor,2026-09-24
2017-05-16,51.650001525878906,51.650001525878906,51.86000061035156,52.349998474121094,51.189998626708984,29359,BZ=F,Factor,2026-09-24
2017-05-17,52.209999084472656,52.209999084472656,51.2400016784668,52.599998474121094,51.04999923706055,32800,BZ=F,Factor,2026-09-24
2017-05-18,52.5099983215332,52.5099983215332,52.099998474121094,52.7400016784668,51.11000061035156,41239,BZ=F,Factor,2026-09-24
2017-05-19,53.61000061035156,53.61000061035156,52.529998779296875,53.790000915527344,52.529998779296875,34681,BZ=F,Factor,2026-09-24
2017-05-22,53.869998931884766,53.869998931884766,53.869998931884766,54.369998931884766,53.650001525878906,41324,BZ=F,Factor,2026-09-24
2017-05-23,54.150001525878906,54.150001525878906,53.849998474121094,54.470001220703125,53.209999084472656,39671,BZ=F,Factor,2026-09-24
2017-05-24,53.959999084472656,53.959999084472656,54.20000076293945,54.619998931884766,53.66999816894531,52627,BZ=F,Factor,2026-09-24
2017-05-25,51.459999084472656,51.459999084472656,53.90999984741211,54.65999984741211,51.029998779296875,72089,BZ=F,Factor,2026-09-24
2017-05-26,52.150001525878906,52.150001525878906,51.369998931884766,52.2599983215332,50.709999084472656,28004,BZ=F,Factor,2026-09-24
2017-05-30,51.84000015258789,51.84000015258789,52.29999923706055,52.599998474121094,51.20000076293945,18705,BZ=F,Factor,2026-09-24
2017-05-31,50.310001373291016,50.310001373291016,51.66999816894531,51.75,49.83000183105469,545,BZ=F,Factor,2026-09-24
2017-06-01,50.33000183105469,50.33000183105469,50.33000183105469,50.33000183105469,50.33000183105469,43640,BZ=F,Factor,2026-09-24
2017-06-02,49.95000076293945,49.95000076293945,50.400001525878906,50.5099983215332,48.959999084472656,44207,BZ=F,Factor,2026-09-24
2017-06-05,49.470001220703125,49.470001220703125,49.959999084472656,50.72999954223633,49.04999923706055,38387,BZ=F,Factor,2026-09-24
2017-06-06,50.119998931884766,50.119998931884766,49.47999954223633,50.29999923706055,48.9900016784668,41397,BZ=F,Factor,2026-09-24
2017-06-07,48.060001373291016,48.060001373291016,49.9900016784668,50.130001068115234,47.970001220703125,50234,BZ=F,Factor,2026-09-24
2017-06-08,47.86000061035156,47.86000061035156,48.22999954223633,48.58000183105469,47.560001373291016,40901,BZ=F,Factor,2026-09-24
2017-06-09,48.150001525878906,48.150001525878906,47.90999984741211,48.540000915527344,47.439998626708984,29536,BZ=F,Factor,2026-09-24
2017-06-12,48.290000915527344,48.290000915527344,48.18000030517578,49.119998931884766,48.0099983215332,28229,BZ=F,Factor,2026-09-24
2017-06-13,48.720001220703125,48.720001220703125,48.27000045776367,48.810001373291016,47.880001068115234,26775,BZ=F,Factor,2026-09-24
2017-06-14,47.0,47.0,48.18000030517578,48.68000030517578,46.77000045776367,44939,BZ=F,Factor,2026-09-24
2017-06-15,46.91999816894531,46.91999816894531,46.9900016784668,47.189998626708984,46.70000076293945,26749,BZ=F,Factor,2026-09-24
2017-06-16,47.369998931884766,47.369998931884766,46.84000015258789,47.599998474121094,46.81999969482422,19728,BZ=F,Factor,2026-09-24
2017-06-19,46.90999984741211,46.90999984741211,47.29999923706055,47.75,46.77000045776367,19703,BZ=F,Factor,2026-09-24
2017-06-20,46.02000045776367,46.02000045776367,46.900001525878906,47.220001220703125,45.43000030517578,30670,BZ=F,Factor,2026-09-24
2017-06-21,44.81999969482422,44.81999969482422,45.84000015258789,46.61000061035156,44.36000061035156,40210,BZ=F,Factor,2026-09-24
2017-06-22,45.220001220703125,45.220001220703125,44.84000015258789,45.779998779296875,44.54999923706055,28351,BZ=F,Factor,2026-09-24
2017-06-23,45.540000915527344,45.540000915527344,45.290000915527344,45.7400016784668,45.040000915527344,27319,BZ=F,Factor,2026-09-24
2017-06-26,45.83000183105469,45.83000183105469,45.689998626708984,46.220001220703125,45.040000915527344,22998,BZ=F,Factor,2026-09-24
2017-06-27,46.650001525878906,46.650001525878906,45.959999084472656,47.040000915527344,45.81999969482422,29887,BZ=F,Factor,2026-09-24
2017-06-28,47.310001373291016,47.310001373291016,46.25,47.470001220703125,46.189998626708984,13352,BZ=F,Factor,2026-09-24
2017-06-29,47.41999816894531,47.41999816894531,47.439998626708984,48.0,47.189998626708984,9980,BZ=F,Factor,2026-09-24
2017-06-30,47.91999816894531,47.91999816894531,47.47999954223633,48.20000076293945,47.47999954223633,23479,BZ=F,Factor,2026-09-24
2017-07-03,49.68000030517578,49.68000030517578,48.88999938964844,49.70000076293945,48.540000915527344,17462,BZ=F,Factor,2026-09-24
2017-07-05,47.790000915527344,47.790000915527344,49.599998474121094,49.88999938964844,47.279998779296875,40863,BZ=F,Factor,2026-09-24
2017-07-06,48.11000061035156,48.11000061035156,48.29999923706055,49.16999816894531,47.779998779296875,25556,BZ=F,Factor,2026-09-24
2017-07-07,46.709999084472656,46.709999084472656,47.97999954223633,47.9900016784668,46.279998779296875,28644,BZ=F,Factor,2026-09-24
2017-07-10,46.880001068115234,46.880001068115234,46.900001525878906,47.369998931884766,46.119998931884766,21447,BZ=F,Factor,2026-09-24
2017-07-11,47.52000045776367,47.52000045776367,47.02000045776367,48.16999816894531,46.29999923706055,22689,BZ=F,Factor,2026-09-24
2017-07-12,47.7400016784668,47.7400016784668,48.209999084472656,48.75,47.349998474121094,31345,BZ=F,Factor,2026-09-24
2017-07-13,48.41999816894531,48.41999816894531,47.650001525878906,48.529998779296875,47.18000030517578,22846,BZ=F,Factor,2026-09-24
2017-07-14,48.90999984741211,48.90999984741211,48.400001525878906,49.08000183105469,48.15999984741211,22014,BZ=F,Factor,2026-09-24
2017-07-17,48.41999816894531,48.41999816894531,49.060001373291016,49.25,48.310001373291016,17905,BZ=F,Factor,2026-09-24
2017-07-18,48.84000015258789,48.84000015258789,48.40999984741211,49.400001525878906,48.2400016784668,20301,BZ=F,Factor,2026-09-24
2017-07-19,49.70000076293945,49.70000076293945,48.70000076293945,49.79999923706055,48.599998474121094,20340,BZ=F,Factor,2026-09-24
2017-07-20,49.29999923706055,49.29999923706055,49.599998474121094,50.18000030517578,49.189998626708984,26566,BZ=F,Factor,2026-09-24
2017-07-21,48.060001373291016,48.060001373291016,49.27000045776367,49.63999938964844,47.810001373291016,27053,BZ=F,Factor,2026-09-24
2017-07-24,48.599998474121094,48.599998474121094,47.88999938964844,48.7599983215332,47.68000030517578,25408,BZ=F,Factor,2026-09-24
2017-07-25,50.20000076293945,50.20000076293945,48.7400016784668,50.900001525878906,48.650001525878906,27529,BZ=F,Factor,2026-09-24
2017-07-26,50.970001220703125,50.970001220703125,50.7599983215332,51.029998779296875,50.08000183105469,26137,BZ=F,Factor,2026-09-24
2017-07-27,51.4900016784668,51.4900016784668,50.869998931884766,51.63999938964844,50.5099983215332,21851,BZ=F,Factor,2026-09-24
2017-07-28,52.52000045776367,52.52000045776367,51.58000183105469,52.66999816894531,51.310001373291016,12631,BZ=F,Factor,2026-09-24
2017-07-31,52.650001525878906,52.650001525878906,52.7599983215332,52.849998474121094,52.25,844,BZ=F,Factor,2026-09-24
2017-08-01,52.630001068115234,52.630001068115234,52.630001068115234,52.630001068115234,52.630001068115234,33859,BZ=F,Factor,2026-09-24
2017-08-02,52.36000061035156,52.36000061035156,51.56999969482422,52.41999816894531,51.189998626708984,34625,BZ=F,Factor,2026-09-24
2017-08-03,52.0099983215332,52.0099983215332,52.290000915527344,52.869998931884766,51.790000915527344,34779,BZ=F,Factor,2026-09-24
2017-08-04,52.41999816894531,52.41999816894531,51.90999984741211,52.52000045776367,51.439998626708984,26969,BZ=F,Factor,2026-09-24
2017-08-07,52.369998931884766,52.369998931884766,52.380001068115234,52.560001373291016,51.369998931884766,29496,BZ=F,Factor,2026-09-24
2017-08-08,52.13999938964844,52.13999938964844,52.2400016784668,52.72999954223633,51.81999969482422,24795,BZ=F,Factor,2026-09-24
2017-08-09,52.70000076293945,52.70000076293945,51.83000183105469,52.81999969482422,51.83000183105469,26143,BZ=F,Factor,2026-09-24
2017-08-10,51.900001525878906,51.900001525878906,52.779998779296875,53.630001068115234,51.68000030517578,52899,BZ=F,Factor,2026-09-24
2017-08-11,52.099998474121094,52.099998474121094,51.91999816894531,52.27000045776367,51.310001373291016,25318,BZ=F,Factor,2026-09-24
2017-08-14,50.72999954223633,50.72999954223633,52.0099983215332,52.38999938964844,50.58000183105469,29797,BZ=F,Factor,2026-09-24
2017-08-15,50.79999923706055,50.79999923706055,50.650001525878906,51.099998474121094,50.029998779296875,35111,BZ=F,Factor,2026-09-24
2017-08-16,50.27000045776367,50.27000045776367,50.959999084472656,51.349998474121094,50.150001525878906,33911,BZ=F,Factor,2026-09-24
2017-08-17,51.029998779296875,51.029998779296875,50.380001068115234,51.11000061035156,49.9900016784668,43863,BZ=F,Factor,2026-09-24
2017-08-18,52.720001220703125,52.720001220703125,50.86000061035156,52.95000076293945,50.779998779296875,41235,BZ=F,Factor,2026-09-24
2017-08-21,51.65999984741211,51.65999984741211,52.900001525878906,52.900001525878906,51.290000915527344,33088,BZ=F,Factor,2026-09-24
2017-08-22,51.869998931884766,51.869998931884766,51.68000030517578,52.27000045776367,51.400001525878906,36291,BZ=F,Factor,2026-09-24
2017-08-23,52.56999969482422,52.56999969482422,51.630001068115234,52.619998931884766,51.45000076293945,31540,BZ=F,Factor,2026-09-24
2017-08-24,52.040000915527344,52.040000915527344,52.54999923706055,52.709999084472656,51.61000061035156,38326,BZ=F,Factor,2026-09-24
2017-08-25,52.40999984741211,52.40999984741211,52.20000076293945,52.790000915527344,51.91999816894531,32957,BZ=F,Factor,2026-09-24
2017-08-28,51.88999938964844,51.88999938964844,52.66999816894531,53.15999984741211,51.52000045776367,23706,BZ=F,Factor,2026-09-24
2017-08-29,52.0,52.0,52.150001525878906,52.150001525878906,51.369998931884766,20366,BZ=F,Factor,2026-09-24
2017-08-30,50.86000061035156,50.86000061035156,51.880001068115234,52.02000045776367,50.630001068115234,20366,BZ=F,Factor,2026-09-24
2017-08-31,52.380001068115234,52.380001068115234,50.5099983215332,52.380001068115234,50.130001068115234,9938,BZ=F,Factor,2026-09-24
2017-09-01,52.31999969482422,52.31999969482422,52.31999969482422,52.31999969482422,52.31999969482422,43495,BZ=F,Factor,2026-09-24
2017-09-05,53.380001068115234,53.380001068115234,52.79999923706055,53.650001525878906,51.97999954223633,24873,BZ=F,Factor,2026-09-24
2017-09-06,54.20000076293945,54.20000076293945,53.18000030517578,54.29999923706055,53.09000015258789,30783,BZ=F,Factor,2026-09-24
2017-09-07,54.4900016784668,54.4900016784668,54.08000183105469,54.66999816894531,53.88999938964844,34793,BZ=F,Factor,2026-09-24
2017-09-08,53.779998779296875,53.779998779296875,54.540000915527344,54.86000061035156,53.560001373291016,28912,BZ=F,Factor,2026-09-24
2017-09-11,53.84000015258789,53.84000015258789,53.75,54.11000061035156,53.040000915527344,30263,BZ=F,Factor,2026-09-24
2017-09-12,54.27000045776367,54.27000045776367,53.86000061035156,54.439998626708984,53.43000030517578,22720,BZ=F,Factor,2026-09-24
2017-09-13,55.15999984741211,55.15999984741211,54.2599983215332,55.20000076293945,54.029998779296875,24868,BZ=F,Factor,2026-09-24
2017-09-14,55.470001220703125,55.470001220703125,55.06999969482422,56.0,54.93000030517578,27549,BZ=F,Factor,2026-09-24
2017-09-15,55.619998931884766,55.619998931884766,55.27000045776367,55.849998474121094,54.869998931884766,22004,BZ=F,Factor,2026-09-24
2017-09-18,55.47999954223633,55.47999954223633,55.529998779296875,55.939998626708984,54.81999969482422,23767,BZ=F,Factor,2026-09-24
2017-09-19,55.13999938964844,55.13999938964844,55.45000076293945,55.880001068115234,54.88999938964844,19337,BZ=F,Factor,2026-09-24
2017-09-20,56.290000915527344,56.290000915527344,55.40999984741211,56.47999954223633,55.279998779296875,27031,BZ=F,Factor,2026-09-24
2017-09-21,56.43000030517578,56.43000030517578,56.18000030517578,56.529998779296875,55.779998779296875,23549,BZ=F,Factor,2026-09-24
2017-09-22,56.86000061035156,56.86000061035156,56.5,56.900001525878906,56.22999954223633,18348,BZ=F,Factor,2026-09-24
2017-09-25,59.02000045776367,59.02000045776367,56.88999938964844,59.220001220703125,56.70000076293945,23811,BZ=F,Factor,2026-09-24
2017-09-26,58.439998626708984,58.439998626708984,59.20000076293945,59.4900016784668,57.779998779296875,28328,BZ=F,Factor,2026-09-24
2017-09-27,57.900001525878906,57.900001525878906,58.599998474121094,58.86000061035156,57.56999969482422,15305,BZ=F,Factor,2026-09-24
2017-09-28,57.40999984741211,57.40999984741211,57.66999816894531,58.619998931884766,56.849998474121094,7005,BZ=F,Factor,2026-09-24
2017-09-29,57.540000915527344,57.540000915527344,57.529998779296875,57.7599983215332,57.209999084472656,27369,BZ=F,Factor,2026-09-24
2017-10-02,56.119998931884766,56.119998931884766,56.619998931884766,56.75,55.5099983215332,19371,BZ=F,Factor,2026-09-24
2017-10-03,56.0,56.0,56.08000183105469,56.38999938964844,55.689998626708984,21948,BZ=F,Factor,2026-09-24
2017-10-04,55.79999923706055,55.79999923706055,55.70000076293945,56.189998626708984,55.38999938964844,25898,BZ=F,Factor,2026-09-24
2017-10-05,57.0,57.0,55.77000045776367,57.2400016784668,55.70000076293945,32050,BZ=F,Factor,2026-09-24
2017-10-06,55.619998931884766,55.619998931884766,56.97999954223633,57.27000045776367,55.13999938964844,33642,BZ=F,Factor,2026-09-24
2017-10-09,55.790000915527344,55.790000915527344,55.4900016784668,55.97999954223633,55.060001373291016,23056,BZ=F,Factor,2026-09-24
2017-10-10,56.61000061035156,56.61000061035156,55.70000076293945,56.90999984741211,55.689998626708984,21094,BZ=F,Factor,2026-09-24
2017-10-11,56.939998626708984,56.939998626708984,56.540000915527344,57.09000015258789,56.15999984741211,21840,BZ=F,Factor,2026-09-24
2017-10-12,56.25,56.25,56.65999984741211,56.81999969482422,55.880001068115234,22286,BZ=F,Factor,2026-09-24
2017-10-13,57.16999816894531,57.16999816894531,56.470001220703125,57.560001373291016,56.380001068115234,23433,BZ=F,Factor,2026-09-24
2017-10-16,57.81999969482422,57.81999969482422,57.119998931884766,58.470001220703125,57.119998931884766,22799,BZ=F,Factor,2026-09-24
2017-10-17,57.880001068115234,57.880001068115234,57.84000015258789,58.349998474121094,57.18000030517578,31599,BZ=F,Factor,2026-09-24
2017-10-18,58.150001525878906,58.150001525878906,58.06999969482422,58.540000915527344,57.75,25606,BZ=F,Factor,2026-09-24
2017-10-19,57.22999954223633,57.22999954223633,58.20000076293945,58.279998779296875,57.040000915527344,29999,BZ=F,Factor,2026-09-24
2017-10-20,57.75,57.75,57.290000915527344,57.900001525878906,56.599998474121094,28185,BZ=F,Factor,2026-09-24
2017-10-23,57.369998931884766,57.369998931884766,57.970001220703125,58.029998779296875,57.279998779296875,25947,BZ=F,Factor,2026-09-24
2017-10-24,58.33000183105469,58.33000183105469,57.36000061035156,58.47999954223633,57.029998779296875,32802,BZ=F,Factor,2026-09-24
2017-10-25,58.439998626708984,58.439998626708984,58.459999084472656,58.72999954223633,57.86000061035156,26265,BZ=F,Factor,2026-09-24
2017-10-26,59.29999923706055,59.29999923706055,58.47999954223633,59.54999923706055,58.040000915527344,26572,BZ=F,Factor,2026-09-24
2017-10-27,60.439998626708984,60.439998626708984,59.4900016784668,60.65999984741211,58.81999969482422,15873,BZ=F,Factor,2026-09-24
2017-10-30,60.900001525878906,60.900001525878906,60.650001525878906,61.0,60.15999984741211,14987,BZ=F,Factor,2026-09-24
2017-10-31,61.369998931884766,61.369998931884766,60.869998931884766,61.380001068115234,60.54999923706055,1113,BZ=F,Factor,2026-09-24
2017-11-01,61.290000915527344,61.290000915527344,61.290000915527344,61.290000915527344,61.290000915527344,30560,BZ=F,Factor,2026-09-24
2017-11-02,60.619998931884766,60.619998931884766,60.439998626708984,60.81999969482422,60.040000915527344,27721,BZ=F,Factor,2026-09-24
2017-11-03,62.06999969482422,62.06999969482422,60.72999954223633,62.220001220703125,60.599998474121094,25695,BZ=F,Factor,2026-09-24
2017-11-06,64.2699966430664,64.2699966430664,62.130001068115234,64.44000244140625,62.130001068115234,32269,BZ=F,Factor,2026-09-24
2017-11-07,63.689998626708984,63.689998626708984,64.08999633789062,64.63999938964844,63.4900016784668,34317,BZ=F,Factor,2026-09-24
2017-11-08,63.4900016784668,63.4900016784668,63.630001068115234,64.63999938964844,62.95000076293945,41527,BZ=F,Factor,2026-09-24
2017-11-09,63.93000030517578,63.93000030517578,63.5,64.23999786376953,63.27000045776367,24929,BZ=F,Factor,2026-09-24
2017-11-10,63.52000045776367,63.52000045776367,63.83000183105469,64.2699966430664,63.349998474121094,24446,BZ=F,Factor,2026-09-24
2017-11-13,63.15999984741211,63.15999984741211,63.619998931884766,63.72999954223633,62.619998931884766,29816,BZ=F,Factor,2026-09-24
2017-11-14,62.209999084472656,62.209999084472656,63.15999984741211,63.209999084472656,61.209999084472656,46259,BZ=F,Factor,2026-09-24
2017-11-15,61.869998931884766,61.869998931884766,61.5,62.119998931884766,61.310001373291016,27356,BZ=F,Factor,2026-09-24
2017-11-16,61.36000061035156,61.36000061035156,61.869998931884766,62.150001525878906,61.25,28684,BZ=F,Factor,2026-09-24
2017-11-17,62.720001220703125,62.720001220703125,61.45000076293945,62.900001525878906,61.09000015258789,30936,BZ=F,Factor,2026-09-24
2017-11-20,62.220001220703125,62.220001220703125,62.720001220703125,62.79999923706055,61.439998626708984,23428,BZ=F,Factor,2026-09-24
2017-11-21,62.56999969482422,62.56999969482422,62.130001068115234,62.84000015258789,62.040000915527344,30389,BZ=F,Factor,2026-09-24
2017-11-22,63.31999969482422,63.31999969482422,62.709999084472656,63.40999984741211,62.630001068115234,29926,BZ=F,Factor,2026-09-24
2017-11-24,63.86000061035156,63.86000061035156,63.22999954223633,63.95000076293945,62.88999938964844,21047,BZ=F,Factor,2026-09-24
2017-11-27,63.84000015258789,63.84000015258789,63.849998474121094,63.97999954223633,63.099998474121094,22019,BZ=F,Factor,2026-09-24
2017-11-28,63.61000061035156,63.61000061035156,63.709999084472656,63.900001525878906,63.11000061035156,15235,BZ=F,Factor,2026-09-24
2017-11-29,63.11000061035156,63.11000061035156,63.34000015258789,64.04000091552734,62.54999923706055,10166,BZ=F,Factor,2026-09-24
2017-11-30,63.56999969482422,63.56999969482422,63.34000015258789,64.19999694824219,63.20000076293945,2034,BZ=F,Factor,2026-09-24
2017-12-01,63.4900016784668,63.4900016784668,63.4900016784668,63.4900016784668,63.4900016784668,28073,BZ=F,Factor,2026-09-24
2017-12-04,62.45000076293945,62.45000076293945,63.4900016784668,63.63999938964844,62.31999969482422,27437,BZ=F,Factor,2026-09-24
2017-12-05,62.86000061035156,62.86000061035156,62.38999938964844,63.130001068115234,62.13999938964844,21380,BZ=F,Factor,2026-09-24
2017-12-06,61.220001220703125,61.220001220703125,62.77000045776367,62.91999816894531,61.13999938964844,25263,BZ=F,Factor,2026-09-24
2017-12-07,62.20000076293945,62.20000076293945,61.2400016784668,62.25,61.15999984741211,19281,BZ=F,Factor,2026-09-24
2017-12-08,63.400001525878906,63.400001525878906,61.939998626708984,63.630001068115234,61.939998626708984,28508,BZ=F,Factor,2026-09-24
2017-12-11,64.69000244140625,64.69000244140625,63.34000015258789,64.91999816894531,62.9900016784668,44515,BZ=F,Factor,2026-09-24
2017-12-12,63.34000015258789,63.34000015258789,64.73999786376953,65.81999969482422,63.09000015258789,55976,BZ=F,Factor,2026-09-24
2017-12-13,62.439998626708984,62.439998626708984,63.900001525878906,64.30999755859375,62.36000061035156,34080,BZ=F,Factor,2026-09-24
2017-12-14,63.310001373291016,63.310001373291016,62.84000015258789,63.5,62.02000045776367,29866,BZ=F,Factor,2026-09-24
2017-12-15,63.22999954223633,63.22999954223633,63.41999816894531,63.66999816894531,63.08000183105469,21478,BZ=F,Factor,2026-09-24
2017-12-18,63.40999984741211,63.40999984741211,63.31999969482422,63.90999984741211,63.0,20560,BZ=F,Factor,2026-09-24
2017-12-19,63.79999923706055,63.79999923706055,63.439998626708984,63.90999984741211,63.29999923706055,22157,BZ=F,Factor,2026-09-24
2017-12-20,64.55999755859375,64.55999755859375,63.849998474121094,64.5999984741211,63.68000030517578,26006,BZ=F,Factor,2026-09-24
2017-12-21,64.9000015258789,64.9000015258789,64.4800033569336,64.91999816894531,64.19000244140625,17911,BZ=F,Factor,2026-09-24
2017-12-22,65.25,65.25,64.5999984741211,65.27999877929688,64.38999938964844,14337,BZ=F,Factor,2026-09-24
2017-12-26,67.0199966430664,67.0199966430664,65.06999969482422,67.08000183105469,65.01000213623047,9850,BZ=F,Factor,2026-09-24
2017-12-27,66.44000244140625,66.44000244140625,66.72000122070312,66.94000244140625,66.05000305175781,11890,BZ=F,Factor,2026-09-24
2017-12-28,66.72000122070312,66.72000122070312,66.41999816894531,66.77999877929688,66.29000091552734,2057,BZ=F,Factor,2026-09-24
2017-12-29,66.5999984741211,66.5999984741211,66.5999984741211,66.5999984741211,66.5999984741211,12234,BZ=F,Factor,2026-09-24
2018-01-02,66.56999969482422,66.56999969482422,66.41999816894531,67.27999877929688,66.2300033569336,24294,BZ=F,Factor,2026-09-24
2018-01-03,67.83999633789062,67.83999633789062,66.48999786376953,68.01000213623047,66.4000015258789,25878,BZ=F,Factor,2026-09-24
2018-01-04,68.06999969482422,68.06999969482422,68.0,68.26000213623047,67.52999877929688,22840,BZ=F,Factor,2026-09-24
2018-01-05,67.62000274658203,67.62000274658203,68.05999755859375,68.08999633789062,67.2699966430664,18290,BZ=F,Factor,2026-09-24
2018-01-08,67.77999877929688,67.77999877929688,67.81999969482422,67.9800033569336,67.44999694824219,17704,BZ=F,Factor,2026-09-24
2018-01-09,68.81999969482422,68.81999969482422,67.93000030517578,69.19999694824219,67.69000244140625,25548,BZ=F,Factor,2026-09-24
2018-01-10,69.19999694824219,69.19999694824219,69.16999816894531,69.36000061035156,68.75,21538,BZ=F,Factor,2026-09-24
2018-01-11,69.26000213623047,69.26000213623047,69.08000183105469,70.02999877929688,69.0,33268,BZ=F,Factor,2026-09-24
2018-01-12,69.87000274658203,69.87000274658203,69.12999725341797,69.91999816894531,68.61000061035156,23032,BZ=F,Factor,2026-09-24
2018-01-16,69.1500015258789,69.1500015258789,69.91000366210938,70.37000274658203,68.83999633789062,33284,BZ=F,Factor,2026-09-24
2018-01-17,69.37999725341797,69.37999725341797,69.38999938964844,69.58999633789062,68.54000091552734,20500,BZ=F,Factor,2026-09-24
2018-01-18,69.30999755859375,69.30999755859375,69.43000030517578,69.66000366210938,68.80000305175781,20117,BZ=F,Factor,2026-09-24
2018-01-19,68.61000061035156,68.61000061035156,69.13999938964844,69.1500015258789,68.2699966430664,22077,BZ=F,Factor,2026-09-24
2018-01-22,69.02999877929688,69.02999877929688,68.77999877929688,69.51000213623047,68.38999938964844,23250,BZ=F,Factor,2026-09-24
2018-01-23,69.95999908447266,69.95999908447266,69.25,70.23999786376953,69.12000274658203,23749,BZ=F,Factor,2026-09-24
2018-01-24,70.52999877929688,70.52999877929688,69.87999725341797,70.91000366210938,69.54000091552734,23732,BZ=F,Factor,2026-09-24
2018-01-25,70.41999816894531,70.41999816894531,70.70999908447266,71.26000213623047,69.97000122070312,24111,BZ=F,Factor,2026-09-24
2018-01-26,70.5199966430664,70.5199966430664,70.0999984741211,70.83000183105469,69.83999633789062,30361,BZ=F,Factor,2026-09-24
2018-01-29,69.45999908447266,69.45999908447266,70.5199966430664,70.63999938964844,69.08000183105469,17623,BZ=F,Factor,2026-09-24
2018-01-30,69.0199966430664,69.0199966430664,69.5199966430664,69.5199966430664,68.41999816894531,12571,BZ=F,Factor,2026-09-24
2018-01-31,69.05000305175781,69.05000305175781,68.37999725341797,69.06999969482422,68.30000305175781,1494,BZ=F,Factor,2026-09-24
2018-02-01,69.08000183105469,69.08000183105469,69.08000183105469,69.08000183105469,69.08000183105469,29317,BZ=F,Factor,2026-09-24
2018-02-02,68.58000183105469,68.58000183105469,69.75,70.01000213623047,67.95999908447266,27547,BZ=F,Factor,2026-09-24
2018-02-05,67.62000274658203,67.62000274658203,68.19999694824219,68.45999908447266,67.0,32399,BZ=F,Factor,2026-09-24
2018-02-06,66.86000061035156,66.86000061035156,66.98999786376953,67.58999633789062,66.55000305175781,32169,BZ=F,Factor,2026-09-24
2018-02-07,65.51000213623047,65.51000213623047,67.2300033569336,67.72000122070312,65.16000366210938,56412,BZ=F,Factor,2026-09-24
2018-02-08,64.80999755859375,64.80999755859375,65.44000244140625,65.58999633789062,64.11000061035156,37936,BZ=F,Factor,2026-09-24
2018-02-09,62.790000915527344,62.790000915527344,64.37999725341797,64.62999725341797,61.77000045776367,34853,BZ=F,Factor,2026-09-24
2018-02-12,62.59000015258789,62.59000015258789,62.63999938964844,64.41000366210938,62.560001373291016,33192,BZ=F,Factor,2026-09-24
2018-02-13,62.720001220703125,62.720001220703125,62.7400016784668,63.099998474121094,61.7599983215332,38693,BZ=F,Factor,2026-09-24
2018-02-14,64.36000061035156,64.36000061035156,62.470001220703125,64.55999755859375,61.959999084472656,40865,BZ=F,Factor,2026-09-24
2018-02-15,64.33000183105469,64.33000183105469,64.31999969482422,65.0999984741211,63.119998931884766,36176,BZ=F,Factor,2026-09-24
2018-02-16,64.83999633789062,64.83999633789062,64.41000366210938,65.19999694824219,64.19000244140625,27034,BZ=F,Factor,2026-09-24
2018-02-20,65.25,65.25,64.86000061035156,65.83000183105469,64.77999877929688,34029,BZ=F,Factor,2026-09-24
2018-02-21,65.41999816894531,65.41999816894531,65.11000061035156,65.52999877929688,64.4000015258789,26015,BZ=F,Factor,2026-09-24
2018-02-22,66.38999938964844,66.38999938964844,65.01000213623047,66.55000305175781,64.63999938964844,29052,BZ=F,Factor,2026-09-24
2018-02-23,67.30999755859375,67.30999755859375,66.25,67.37000274658203,65.80000305175781,20948,BZ=F,Factor,2026-09-24
2018-02-26,67.5,67.5,67.30000305175781,67.9000015258789,66.73999786376953,20385,BZ=F,Factor,2026-09-24
2018-02-27,66.62999725341797,66.62999725341797,67.55999755859375,67.62999725341797,66.37000274658203,9005,BZ=F,Factor,2026-09-24
2018-02-28,65.77999877929688,65.77999877929688,66.33000183105469,66.87999725341797,65.54000091552734,1241,BZ=F,Factor,2026-09-24
2018-03-01,65.70999908447266,65.70999908447266,65.70999908447266,65.70999908447266,65.70999908447266,44819,BZ=F,Factor,2026-09-24
2018-03-02,64.37000274658203,64.37000274658203,64.23999786376953,64.68000030517578,63.20000076293945,39587,BZ=F,Factor,2026-09-24
2018-03-05,65.54000091552734,65.54000091552734,64.69000244140625,65.87000274658203,64.0999984741211,31209,BZ=F,Factor,2026-09-24
2018-03-06,65.79000091552734,65.79000091552734,65.58999633789062,66.1500015258789,65.30999755859375,24251,BZ=F,Factor,2026-09-24
2018-03-07,64.33999633789062,64.33999633789062,65.43000030517578,65.77999877929688,63.84000015258789,36313,BZ=F,Factor,2026-09-24
2018-03-08,63.61000061035156,63.61000061035156,64.55000305175781,64.55000305175781,63.43000030517578,44008,BZ=F,Factor,2026-09-24
2018-03-09,65.48999786376953,65.48999786376953,63.849998474121094,65.62000274658203,63.70000076293945,33619,BZ=F,Factor,2026-09-24
2018-03-12,64.94999694824219,64.94999694824219,65.54000091552734,65.83000183105469,64.18000030517578,19165,BZ=F,Factor,2026-09-24
2018-03-13,64.63999938964844,64.63999938964844,64.91999816894531,65.66000366210938,64.04000091552734,34247,BZ=F,Factor,2026-09-24
2018-03-14,64.88999938964844,64.88999938964844,64.66999816894531,65.19000244140625,64.06999969482422,29439,BZ=F,Factor,2026-09-24
2018-03-15,65.12000274658203,65.12000274658203,64.8499984741211,65.38999938964844,64.61000061035156,22542,BZ=F,Factor,2026-09-24
2018-03-16,66.20999908447266,66.20999908447266,65.05000305175781,66.41999816894531,64.88999938964844,29187,BZ=F,Factor,2026-09-24
2018-03-19,66.05000305175781,66.05000305175781,66.12000274658203,66.3499984741211,65.38999938964844,28050,BZ=F,Factor,2026-09-24
2018-03-20,67.41999816894531,67.41999816894531,66.19999694824219,67.88999938964844,66.16999816894531,35782,BZ=F,Factor,2026-09-24
2018-03-21,69.47000122070312,69.47000122070312,67.55999755859375,69.8499984741211,67.47000122070312,43370,BZ=F,Factor,2026-09-24
2018-03-22,68.91000366210938,68.91000366210938,69.7699966430664,69.91000366210938,68.58000183105469,37699,BZ=F,Factor,2026-09-24
2018-03-23,70.44999694824219,70.44999694824219,68.9000015258789,70.56999969482422,68.80000305175781,49285,BZ=F,Factor,2026-09-24
2018-03-26,70.12000274658203,70.12000274658203,70.63999938964844,71.05000305175781,69.66999816894531,28882,BZ=F,Factor,2026-09-24
2018-03-27,70.11000061035156,70.11000061035156,70.20999908447266,71.02999877929688,69.45999908447266,15583,BZ=F,Factor,2026-09-24
2018-03-28,69.52999877929688,69.52999877929688,69.68000030517578,70.25,68.77999877929688,16988,BZ=F,Factor,2026-09-24
2018-03-29,70.2699966430664,70.2699966430664,69.80999755859375,70.43000030517578,69.12999725341797,37805,BZ=F,Factor,2026-09-24
2018-04-02,67.63999938964844,67.63999938964844,69.41999816894531,70.02999877929688,67.4800033569336,25064,BZ=F,Factor,2026-09-24
2018-04-03,68.12000274658203,68.12000274658203,67.6500015258789,68.41999816894531,67.58999633789062,22815,BZ=F,Factor,2026-09-24
2018-04-04,68.0199966430664,68.0199966430664,68.13999938964844,68.2699966430664,66.69999694824219,39674,BZ=F,Factor,2026-09-24
2018-04-05,68.33000183105469,68.33000183105469,68.3499984741211,68.91999816894531,67.7300033569336,28888,BZ=F,Factor,2026-09-24
2018-04-06,67.11000061035156,67.11000061035156,68.58999633789062,68.62000274658203,66.86000061035156,30749,BZ=F,Factor,2026-09-24
2018-04-09,68.6500015258789,68.6500015258789,67.02999877929688,68.80000305175781,67.02999877929688,23967,BZ=F,Factor,2026-09-24
2018-04-10,71.04000091552734,71.04000091552734,68.55999755859375,71.31999969482422,68.4800033569336,45123,BZ=F,Factor,2026-09-24
2018-04-11,72.05999755859375,72.05999755859375,71.02999877929688,73.08000183105469,70.55999755859375,50064,BZ=F,Factor,2026-09-24
2018-04-12,72.0199966430664,72.0199966430664,71.93000030517578,72.45999908447266,71.08999633789062,38029,BZ=F,Factor,2026-09-24
2018-04-13,72.58000183105469,72.58000183105469,72.16999816894531,72.86000061035156,71.61000061035156,36895,BZ=F,Factor,2026-09-24
2018-04-16,71.41999816894531,71.41999816894531,72.62000274658203,72.87999725341797,71.12999725341797,33532,BZ=F,Factor,2026-09-24
2018-04-17,71.58000183105469,71.58000183105469,71.5999984741211,71.87999725341797,70.83000183105469,36784,BZ=F,Factor,2026-09-24
2018-04-18,73.4800033569336,73.4800033569336,71.7699966430664,73.91999816894531,71.6500015258789,34300,BZ=F,Factor,2026-09-24
2018-04-19,73.77999877929688,73.77999877929688,73.76000213623047,74.73999786376953,73.45999908447266,37579,BZ=F,Factor,2026-09-24
2018-04-20,74.05999755859375,74.05999755859375,74.0,74.19999694824219,72.83000183105469,32478,BZ=F,Factor,2026-09-24
2018-04-23,74.70999908447266,74.70999908447266,73.87999725341797,75.11000061035156,73.12999725341797,41835,BZ=F,Factor,2026-09-24
2018-04-24,73.86000061035156,73.86000061035156,74.9000015258789,75.45999908447266,73.69999694824219,46897,BZ=F,Factor,2026-09-24
2018-04-25,74.0,74.0,73.94999694824219,74.18000030517578,73.18000030517578,38845,BZ=F,Factor,2026-09-24
2018-04-26,74.73999786376953,74.73999786376953,74.06999969482422,74.94999694824219,74.05999755859375,26826,BZ=F,Factor,2026-09-24
2018-04-27,74.63999938964844,74.63999938964844,74.70999908447266,75.01000213623047,74.37999725341797,15535,BZ=F,Factor,2026-09-24
2018-04-30,75.16999816894531,75.16999816894531,74.37999725341797,75.36000061035156,73.55000305175781,1630,BZ=F,Factor,2026-09-24
2018-05-01,75.16999816894531,75.16999816894531,75.16999816894531,75.16999816894531,75.16999816894531,39208,BZ=F,Factor,2026-09-24
2018-05-02,73.36000061035156,73.36000061035156,73.20999908447266,73.62000274658203,72.37000274658203,34769,BZ=F,Factor,2026-09-24
2018-05-03,73.62000274658203,73.62000274658203,73.13999938964844,74.08000183105469,72.4800033569336,35839,BZ=F,Factor,2026-09-24
2018-05-04,74.87000274658203,74.87000274658203,73.76000213623047,75.05000305175781,73.25,30457,BZ=F,Factor,2026-09-24
2018-05-07,76.16999816894531,76.16999816894531,74.9800033569336,76.33000183105469,74.8499984741211,21266,BZ=F,Factor,2026-09-24
2018-05-08,74.8499984741211,74.8499984741211,75.66000366210938,76.18000030517578,73.0999984741211,50813,BZ=F,Factor,2026-09-24
2018-05-09,77.20999908447266,77.20999908447266,75.86000061035156,77.41000366210938,75.86000061035156,34902,BZ=F,Factor,2026-09-24
2018-05-10,77.47000122070312,77.47000122070312,77.29000091552734,77.97000122070312,76.5,32445,BZ=F,Factor,2026-09-24
2018-05-11,77.12000274658203,77.12000274658203,77.41000366210938,77.58999633789062,76.94999694824219,25651,BZ=F,Factor,2026-09-24
2018-05-14,78.2300033569336,78.2300033569336,77.08999633789062,78.5199966430664,76.54000091552734,29917,BZ=F,Factor,2026-09-24
2018-05-15,78.43000030517578,78.43000030517578,78.52999877929688,79.44999694824219,77.9000015258789,41100,BZ=F,Factor,2026-09-24
2018-05-16,79.27999877929688,79.27999877929688,78.12999725341797,79.33000183105469,77.62999725341797,31226,BZ=F,Factor,2026-09-24
2018-05-17,79.30000305175781,79.30000305175781,79.23999786376953,80.5,79.12000274658203,38385,BZ=F,Factor,2026-09-24
2018-05-18,78.51000213623047,78.51000213623047,79.51000213623047,79.86000061035156,78.33000183105469,30828,BZ=F,Factor,2026-09-24
2018-05-21,79.22000122070312,79.22000122070312,78.52999877929688,79.58999633789062,78.11000061035156,19520,BZ=F,Factor,2026-09-24
2018-05-22,79.56999969482422,79.56999969482422,79.48999786376953,80.48999786376953,79.16999816894531,29522,BZ=F,Factor,2026-09-24
2018-05-23,79.80000305175781,79.80000305175781,79.48999786376953,79.8499984741211,78.2300033569336,30786,BZ=F,Factor,2026-09-24
2018-05-24,78.79000091552734,78.79000091552734,79.70999908447266,79.83999633789062,78.56999969482422,25431,BZ=F,Factor,2026-09-24
2018-05-25,76.44000244140625,76.44000244140625,78.86000061035156,78.86000061035156,76.0,42387,BZ=F,Factor,2026-09-24
2018-05-29,75.38999938964844,75.38999938964844,75.5,76.18000030517578,74.51000213623047,19800,BZ=F,Factor,2026-09-24
2018-05-30,77.5,77.5,75.4000015258789,77.72000122070312,74.87999725341797,9673,BZ=F,Factor,2026-09-24
2018-05-31,77.58999633789062,77.58999633789062,77.54000091552734,78.72000122070312,77.08000183105469,1039,BZ=F,Factor,2026-09-24
2018-06-01,77.58999633789062,77.58999633789062,77.58999633789062,77.58999633789062,77.58999633789062,35684,BZ=F,Factor,2026-09-24
2018-06-04,75.29000091552734,75.29000091552734,76.61000061035156,76.93000030517578,75.19999694824219,31642,BZ=F,Factor,2026-09-24
2018-06-05,75.37999725341797,75.37999725341797,75.5199966430664,75.7300033569336,73.81999969482422,43436,BZ=F,Factor,2026-09-24
2018-06-06,75.36000061035156,75.36000061035156,75.08999633789062,76.26000213623047,74.47000122070312,37262,BZ=F,Factor,2026-09-24
2018-06-07,77.31999969482422,77.31999969482422,75.91000366210938,77.37000274658203,75.41999816894531,36710,BZ=F,Factor,2026-09-24
2018-06-08,76.45999908447266,76.45999908447266,77.26000213623047,77.58000183105469,76.13999938964844,21902,BZ=F,Factor,2026-09-24
2018-06-11,76.45999908447266,76.45999908447266,76.38999938964844,76.81999969482422,75.52999877929688,22516,BZ=F,Factor,2026-09-24
2018-06-12,75.87999725341797,75.87999725341797,76.44999694824219,77.06999969482422,75.44999694824219,26330,BZ=F,Factor,2026-09-24
2018-06-13,76.73999786376953,76.73999786376953,75.4800033569336,76.87000274658203,75.19999694824219,30468,BZ=F,Factor,2026-09-24
2018-06-14,75.94000244140625,75.94000244140625,76.55000305175781,76.91000366210938,75.7699966430664,24181,BZ=F,Factor,2026-09-24
2018-06-15,73.44000244140625,73.44000244140625,76.55000305175781,76.91000366210938,73.06999969482422,30144,BZ=F,Factor,2026-09-24
2018-06-18,75.33999633789062,75.33999633789062,73.05000305175781,75.54000091552734,72.44000244140625,31861,BZ=F,Factor,2026-09-24
2018-06-19,75.08000183105469,75.08000183105469,75.41999816894531,75.52999877929688,74.44999694824219,33282,BZ=F,Factor,2026-09-24
2018-06-20,74.73999786376953,74.73999786376953,75.0199966430664,75.8499984741211,74.11000061035156,47160,BZ=F,Factor,2026-09-24
2018-06-21,73.05000305175781,73.05000305175781,74.36000061035156,74.68000030517578,72.94000244140625,49077,BZ=F,Factor,2026-09-24
2018-06-22,75.55000305175781,75.55000305175781,73.37000274658203,75.80999755859375,73.18000030517578,59882,BZ=F,Factor,2026-09-24
2018-06-25,74.7300033569336,74.7300033569336,75.06999969482422,75.12999725341797,73.73999786376953,41565,BZ=F,Factor,2026-09-24
2018-06-26,76.30999755859375,76.30999755859375,74.75,76.69999694824219,74.12999725341797,41470,BZ=F,Factor,2026-09-24
2018-06-27,77.62000274658203,77.62000274658203,76.4800033569336,78.16999816894531,76.27999877929688,24472,BZ=F,Factor,2026-09-24
2018-06-28,77.8499984741211,77.8499984741211,77.51000213623047,78.4000015258789,77.11000061035156,14662,BZ=F,Factor,2026-09-24
2018-06-29,79.44000244140625,79.44000244140625,77.7699966430664,79.69999694824219,77.7699966430664,37117,BZ=F,Factor,2026-09-24
2018-07-02,77.30000305175781,77.30000305175781,78.9000015258789,78.93000030517578,77.18000030517578,30859,BZ=F,Factor,2026-09-24
2018-07-03,77.76000213623047,77.76000213623047,77.41999816894531,78.55999755859375,76.68000030517578,22785,BZ=F,Factor,2026-09-24
2018-07-05,77.38999938964844,77.38999938964844,78.11000061035156,78.48999786376953,77.30999755859375,27678,BZ=F,Factor,2026-09-24
2018-07-06,77.11000061035156,77.11000061035156,77.58000183105469,77.69999694824219,76.37000274658203,25487,BZ=F,Factor,2026-09-24
2018-07-09,78.06999969482422,78.06999969482422,77.23999786376953,78.30999755859375,77.06999969482422,14925,BZ=F,Factor,2026-09-24
2018-07-10,78.86000061035156,78.86000061035156,78.25,79.5,78.20999908447266,19767,BZ=F,Factor,2026-09-24
2018-07-11,73.4000015258789,73.4000015258789,78.83000183105469,78.88999938964844,73.04000091552734,48913,BZ=F,Factor,2026-09-24
2018-07-12,74.44999694824219,74.44999694824219,73.77999877929688,75.12999725341797,72.68000030517578,46443,BZ=F,Factor,2026-09-24
2018-07-13,75.33000183105469,75.33000183105469,74.33000183105469,75.91999816894531,73.2300033569336,27308,BZ=F,Factor,2026-09-24
2018-07-16,71.83999633789062,71.83999633789062,75.0,75.37000274658203,71.52999877929688,27134,BZ=F,Factor,2026-09-24
2018-07-17,72.16000366210938,72.16000366210938,71.9000015258789,72.77999877929688,71.36000061035156,28197,BZ=F,Factor,2026-09-24
2018-07-18,72.9000015258789,72.9000015258789,71.63999938964844,73.2699966430664,71.19999694824219,25625,BZ=F,Factor,2026-09-24
2018-07-19,72.58000183105469,72.58000183105469,72.9800033569336,73.80000305175781,71.83000183105469,31672,BZ=F,Factor,2026-09-24
2018-07-20,73.06999969482422,73.06999969482422,72.58999633789062,73.47000122070312,72.29000091552734,24861,BZ=F,Factor,2026-09-24
2018-07-23,73.05999755859375,73.05999755859375,72.91999816894531,74.48999786376953,72.52999877929688,29479,BZ=F,Factor,2026-09-24
2018-07-24,73.44000244140625,73.44000244140625,73.0,74.01000213623047,72.68000030517578,21747,BZ=F,Factor,2026-09-24
2018-07-25,73.93000030517578,73.93000030517578,73.66000366210938,74.30000305175781,73.08000183105469,25329,BZ=F,Factor,2026-09-24
2018-07-26,74.54000091552734,74.54000091552734,74.3499984741211,74.81999969482422,73.77999877929688,26293,BZ=F,Factor,2026-09-24
2018-07-27,74.29000091552734,74.29000091552734,74.47000122070312,74.8499984741211,73.83000183105469,15109,BZ=F,Factor,2026-09-24
2018-07-30,74.97000122070312,74.97000122070312,74.3499984741211,75.2699966430664,74.1500015258789,9053,BZ=F,Factor,2026-09-24
2018-07-31,74.25,74.25,74.88999938964844,75.0999984741211,74.18000030517578,1463,BZ=F,Factor,2026-09-24
2018-08-01,74.25,74.25,74.25,74.25,74.25,23660,BZ=F,Factor,2026-09-24
2018-08-02,73.44999694824219,73.44999694824219,72.5999984741211,73.73999786376953,71.83999633789062,21038,BZ=F,Factor,2026-09-24
2018-08-03,73.20999908447266,73.20999908447266,73.44000244140625,73.7300033569336,72.4800033569336,15946,BZ=F,Factor,2026-09-24
2018-08-06,73.75,73.75,73.29000091552734,74.45999908447266,73.13999938964844,20253,BZ=F,Factor,2026-09-24
2018-08-07,74.6500015258789,74.6500015258789,73.66000366210938,74.9000015258789,73.5999984741211,18289,BZ=F,Factor,2026-09-24
2018-08-08,72.27999877929688,72.27999877929688,74.52999877929688,74.86000061035156,71.66000366210938,23735,BZ=F,Factor,2026-09-24
2018-08-09,72.06999969482422,72.06999969482422,72.12999725341797,72.87999725341797,71.8499984741211,15939,BZ=F,Factor,2026-09-24
2018-08-10,72.80999755859375,72.80999755859375,72.0,73.13999938964844,71.41000366210938,16195,BZ=F,Factor,2026-09-24
2018-08-13,72.61000061035156,72.61000061035156,72.98999786376953,73.08999633789062,71.04000091552734,17644,BZ=F,Factor,2026-09-24
2018-08-14,72.45999908447266,72.45999908447266,72.87999725341797,73.93000030517578,72.0999984741211,20737,BZ=F,Factor,2026-09-24
2018-08-15,70.76000213623047,70.76000213623047,72.16999816894531,72.44000244140625,70.30000305175781,25245,BZ=F,Factor,2026-09-24
2018-08-16,71.43000030517578,71.43000030517578,70.7699966430664,71.51000213623047,70.4000015258789,18403,BZ=F,Factor,2026-09-24
2018-08-17,71.83000183105469,71.83000183105469,71.3499984741211,72.4800033569336,71.2699966430664,15051,BZ=F,Factor,2026-09-24
2018-08-20,72.20999908447266,72.20999908447266,71.77999877929688,72.73999786376953,71.44999694824219,18514,BZ=F,Factor,2026-09-24
2018-08-21,72.62999725341797,72.62999725341797,72.12999725341797,72.94999694824219,72.05999755859375,15578,BZ=F,Factor,2026-09-24
2018-08-22,74.77999877929688,74.77999877929688,72.75,74.98999786376953,72.68000030517578,19801,BZ=F,Factor,2026-09-24
2018-08-23,74.7300033569336,74.7300033569336,74.88999938964844,74.88999938964844,74.20999908447266,14222,BZ=F,Factor,2026-09-24
2018-08-24,75.81999969482422,75.81999969482422,74.73999786376953,76.4000015258789,74.69999694824219,19745,BZ=F,Factor,2026-09-24
2018-08-27,76.20999908447266,76.20999908447266,75.61000061035156,76.3499984741211,75.4000015258789,9993,BZ=F,Factor,2026-09-24
2018-08-28,75.94999694824219,75.94999694824219,76.29000091552734,76.95999908447266,75.7300033569336,17281,BZ=F,Factor,2026-09-24
2018-08-29,77.13999938964844,77.13999938964844,75.91000366210938,77.41999816894531,75.69999694824219,8895,BZ=F,Factor,2026-09-24
2018-08-30,77.7699966430664,77.7699966430664,77.30999755859375,78.0,77.20999908447266,9125,BZ=F,Factor,2026-09-24
2018-08-31,77.41999816894531,77.41999816894531,77.5,77.79000091552734,77.0999984741211,17690,BZ=F,Factor,2026-09-24
2018-09-04,78.16999816894531,78.16999816894531,78.19000244140625,79.70999908447266,77.45999908447266,36059,BZ=F,Factor,2026-09-24
2018-09-05,77.2699966430664,77.2699966430664,77.88999938964844,78.05999755859375,76.91999816894531,27811,BZ=F,Factor,2026-09-24
2018-09-06,76.5,76.5,77.13999938964844,77.75,75.63999938964844,31739,BZ=F,Factor,2026-09-24
2018-09-07,76.83000183105469,76.83000183105469,76.58000183105469,77.08000183105469,75.88999938964844,17798,BZ=F,Factor,2026-09-24
2018-09-10,77.37000274658203,77.37000274658203,76.8499984741211,77.91000366210938,76.8499984741211,23036,BZ=F,Factor,2026-09-24
2018-09-11,79.05999755859375,79.05999755859375,77.36000061035156,79.5199966430664,77.36000061035156,29921,BZ=F,Factor,2026-09-24
2018-09-12,79.73999786376953,79.73999786376953,79.47000122070312,80.11000061035156,78.75,29906,BZ=F,Factor,2026-09-24
2018-09-13,78.18000030517578,78.18000030517578,79.7699966430664,79.7699966430664,77.87000274658203,28501,BZ=F,Factor,2026-09-24
2018-09-14,78.08999633789062,78.08999633789062,78.36000061035156,78.93000030517578,77.37999725341797,24296,BZ=F,Factor,2026-09-24
2018-09-17,78.05000305175781,78.05000305175781,78.06999969482422,78.88999938964844,77.7300033569336,21749,BZ=F,Factor,2026-09-24
2018-09-18,79.02999877929688,79.02999877929688,77.88999938964844,79.72000122070312,77.5,22637,BZ=F,Factor,2026-09-24
2018-09-19,79.4000015258789,79.4000015258789,78.86000061035156,79.5,78.5199966430664,19118,BZ=F,Factor,2026-09-24
2018-09-20,78.69999694824219,78.69999694824219,79.33000183105469,79.81999969482422,78.5199966430664,22855,BZ=F,Factor,2026-09-24
2018-09-21,78.80000305175781,78.80000305175781,78.69999694824219,80.12000274658203,78.23999786376953,36594,BZ=F,Factor,2026-09-24
2018-09-24,81.19999694824219,81.19999694824219,79.0999984741211,81.4800033569336,79.0999984741211,21939,BZ=F,Factor,2026-09-24
2018-09-25,81.87000274658203,81.87000274658203,81.44999694824219,82.54000091552734,81.16999816894531,30081,BZ=F,Factor,2026-09-24
2018-09-26,81.33999633789062,81.33999633789062,81.51000213623047,82.19000244140625,81.12000274658203,17271,BZ=F,Factor,2026-09-24
2018-09-27,81.72000122070312,81.72000122070312,81.80999755859375,82.41999816894531,81.33999633789062,14317,BZ=F,Factor,2026-09-24
2018-09-28,82.72000122070312,82.72000122070312,81.54000091552734,82.8499984741211,81.54000091552734,38868,BZ=F,Factor,2026-09-24
2018-10-01,84.9800033569336,84.9800033569336,82.91999816894531,85.44000244140625,82.55999755859375,34024,BZ=F,Factor,2026-09-24
2018-10-02,84.80000305175781,84.80000305175781,85.05999755859375,85.37000274658203,84.31999969482422,25338,BZ=F,Factor,2026-09-24
2018-10-03,86.29000091552734,86.29000091552734,84.70999908447266,86.72000122070312,84.01000213623047,31424,BZ=F,Factor,2026-09-24
2018-10-04,84.58000183105469,84.58000183105469,86.12999725341797,86.41999816894531,84.1500015258789,35552,BZ=F,Factor,2026-09-24
2018-10-05,84.16000366210938,84.16000366210938,84.70999908447266,85.11000061035156,83.91999816894531,27778,BZ=F,Factor,2026-09-24
2018-10-08,83.91000366210938,83.91000366210938,84.11000061035156,84.30999755859375,82.66000366210938,31603,BZ=F,Factor,2026-09-24
2018-10-09,85.0,85.0,83.7699966430664,85.44000244140625,83.72000122070312,39232,BZ=F,Factor,2026-09-24
2018-10-10,83.08999633789062,83.08999633789062,84.87999725341797,85.16000366210938,82.27999877929688,31715,BZ=F,Factor,2026-09-24
2018-10-11,80.26000213623047,80.26000213623047,82.58999633789062,82.61000061035156,79.80000305175781,48195,BZ=F,Factor,2026-09-24
2018-10-12,80.43000030517578,80.43000030517578,80.27999877929688,81.47000122070312,79.22000122070312,37537,BZ=F,Factor,2026-09-24
2018-10-15,80.77999877929688,80.77999877929688,80.97000122070312,81.91000366210938,79.8499984741211,31577,BZ=F,Factor,2026-09-24
2018-10-16,81.41000366210938,81.41000366210938,80.69999694824219,81.73999786376953,79.80000305175781,33816,BZ=F,Factor,2026-09-24
2018-10-17,80.05000305175781,80.05000305175781,81.5999984741211,81.83999633789062,79.16999816894531,38202,BZ=F,Factor,2026-09-24
2018-10-18,79.29000091552734,79.29000091552734,80.33000183105469,80.33000183105469,78.69000244140625,41270,BZ=F,Factor,2026-09-24
2018-10-19,79.77999877929688,79.77999877929688,79.33999633789062,80.88999938964844,79.22000122070312,34401,BZ=F,Factor,2026-09-24
2018-10-22,79.83000183105469,79.83000183105469,80.08000183105469,80.38999938964844,78.97000122070312,37080,BZ=F,Factor,2026-09-24
2018-10-23,76.44000244140625,76.44000244140625,80.0199966430664,80.12000274658203,75.87999725341797,60226,BZ=F,Factor,2026-09-24
2018-10-24,76.16999816894531,76.16999816894531,76.19000244140625,77.55999755859375,75.12999725341797,57413,BZ=F,Factor,2026-09-24
2018-10-25,76.88999938964844,76.88999938964844,75.69999694824219,77.05000305175781,75.37000274658203,33325,BZ=F,Factor,2026-09-24
2018-10-26,77.62000274658203,77.62000274658203,76.62000274658203,77.91000366210938,75.7699966430664,33549,BZ=F,Factor,2026-09-24
2018-10-29,77.33999633789062,77.33999633789062,77.69000244140625,78.01000213623047,76.55000305175781,17057,BZ=F,Factor,2026-09-24
2018-10-30,75.91000366210938,75.91000366210938,76.83999633789062,77.31999969482422,75.11000061035156,19196,BZ=F,Factor,2026-09-24
2018-10-31,75.47000122070312,75.47000122070312,76.18000030517578,76.88999938964844,75.47000122070312,2451,BZ=F,Factor,2026-09-24
2018-11-01,75.5,75.5,75.5,75.5,75.5,33938,BZ=F,Factor,2026-09-24
2018-11-02,72.83000183105469,72.83000183105469,72.66000366210938,73.4800033569336,72.16999816894531,36090,BZ=F,Factor,2026-09-24
2018-11-05,73.16999816894531,73.16999816894531,72.75,74.12000274658203,72.2300033569336,28438,BZ=F,Factor,2026-09-24
2018-11-06,72.12999725341797,72.12999725341797,72.72000122070312,73.2699966430664,71.18000030517578,32871,BZ=F,Factor,2026-09-24
2018-11-07,72.06999969482422,72.06999969482422,71.75,73.52999877929688,71.3499984741211,36648,BZ=F,Factor,2026-09-24
2018-11-08,70.6500015258789,70.6500015258789,72.13999938964844,73.05999755859375,70.51000213623047,39896,BZ=F,Factor,2026-09-24
2018-11-09,70.18000030517578,70.18000030517578,70.94999694824219,70.9800033569336,69.16000366210938,32611,BZ=F,Factor,2026-09-24
2018-11-12,70.12000274658203,70.12000274658203,70.54000091552734,71.86000061035156,68.88999938964844,39814,BZ=F,Factor,2026-09-24
2018-11-13,65.47000122070312,65.47000122070312,69.13999938964844,69.66999816894531,64.63999938964844,56981,BZ=F,Factor,2026-09-24
2018-11-14,66.12000274658203,66.12000274658203,65.27999877929688,67.62000274658203,65.01000213623047,47372,BZ=F,Factor,2026-09-24
2018-11-15,66.62000274658203,66.62000274658203,65.91999816894531,67.4000015258789,65.75,35140,BZ=F,Factor,2026-09-24
2018-11-16,66.76000213623047,66.76000213623047,66.75,68.37999725341797,66.0999984741211,37139,BZ=F,Factor,2026-09-24
2018-11-19,66.79000091552734,66.79000091552734,67.01000213623047,67.62000274658203,65.2699966430664,29353,BZ=F,Factor,2026-09-24
2018-11-20,62.529998779296875,62.529998779296875,66.91000366210938,66.95999908447266,61.7599983215332,44030,BZ=F,Factor,2026-09-24
2018-11-21,63.47999954223633,63.47999954223633,62.40999984741211,64.45999908447266,62.40999984741211,41292,BZ=F,Factor,2026-09-24
2018-11-23,58.79999923706055,58.79999923706055,62.619998931884766,62.810001373291016,58.43000030517578,56080,BZ=F,Factor,2026-09-24
2018-11-26,60.47999954223633,60.47999954223633,59.150001525878906,61.09000015258789,58.599998474121094,35607,BZ=F,Factor,2026-09-24
2018-11-27,60.209999084472656,60.209999084472656,60.40999984741211,61.400001525878906,58.95000076293945,47106,BZ=F,Factor,2026-09-24
2018-11-28,58.7599983215332,58.7599983215332,60.83000183105469,61.2599983215332,58.560001373291016,18435,BZ=F,Factor,2026-09-24
2018-11-29,59.5099983215332,59.5099983215332,58.77000045776367,60.369998931884766,57.52000045776367,8794,BZ=F,Factor,2026-09-24
2018-11-30,58.709999084472656,58.709999084472656,59.22999954223633,59.88999938964844,58.25,39344,BZ=F,Factor,2026-09-24
2018-12-03,61.689998626708984,61.689998626708984,59.88999938964844,62.59000015258789,59.5,33207,BZ=F,Factor,2026-09-24
2018-12-04,62.08000183105469,62.08000183105469,61.86000061035156,63.560001373291016,61.2400016784668,35475,BZ=F,Factor,2026-09-24
2018-12-06,60.060001373291016,60.060001373291016,61.70000076293945,61.959999084472656,58.38999938964844,60772,BZ=F,Factor,2026-09-24
2018-12-07,61.66999816894531,61.66999816894531,60.310001373291016,63.709999084472656,59.099998474121094,59861,BZ=F,Factor,2026-09-24
2018-12-10,59.970001220703125,59.970001220703125,61.45000076293945,62.310001373291016,59.560001373291016,34114,BZ=F,Factor,2026-09-24
2018-12-11,60.20000076293945,60.20000076293945,59.88999938964844,61.09000015258789,59.619998931884766,31823,BZ=F,Factor,2026-09-24
2018-12-12,60.150001525878906,60.150001525878906,60.5099983215332,61.41999816894531,59.9900016784668,31651,BZ=F,Factor,2026-09-24
2018-12-13,61.45000076293945,61.45000076293945,60.310001373291016,62.02000045776367,59.34000015258789,29600,BZ=F,Factor,2026-09-24
2018-12-14,60.279998779296875,60.279998779296875,61.65999984741211,61.75,59.91999816894531,24871,BZ=F,Factor,2026-09-24
2018-12-17,59.61000061035156,59.61000061035156,60.369998931884766,61.189998626708984,58.630001068115234,32165,BZ=F,Factor,2026-09-24
2018-12-18,56.2599983215332,56.2599983215332,58.810001373291016,59.220001220703125,55.66999816894531,41690,BZ=F,Factor,2026-09-24
2018-12-19,57.2400016784668,57.2400016784668,56.209999084472656,58.099998474121094,56.029998779296875,47399,BZ=F,Factor,2026-09-24
2018-12-20,54.349998474121094,54.349998474121094,56.54999923706055,56.7400016784668,54.279998779296875,40553,BZ=F,Factor,2026-09-24
2018-12-21,53.81999969482422,53.81999969482422,54.81999969482422,55.29999923706055,52.810001373291016,40930,BZ=F,Factor,2026-09-24
2018-12-24,50.470001220703125,50.470001220703125,53.58000183105469,54.63999938964844,50.380001068115234,19160,BZ=F,Factor,2026-09-24
2018-12-26,54.470001220703125,54.470001220703125,51.130001068115234,55.279998779296875,49.959999084472656,16444,BZ=F,Factor,2026-09-24
2018-12-27,52.15999984741211,52.15999984741211,54.91999816894531,54.91999816894531,51.9900016784668,8946,BZ=F,Factor,2026-09-24
2018-12-28,52.20000076293945,52.20000076293945,53.029998779296875,53.5099983215332,51.630001068115234,31833,BZ=F,Factor,2026-09-24
2018-12-31,53.79999923706055,53.79999923706055,53.060001373291016,54.790000915527344,52.65999984741211,21966,BZ=F,Factor,2026-09-24
2019-01-02,54.90999984741211,54.90999984741211,54.25,56.560001373291016,52.5,43517,BZ=F,Factor,2026-09-24
2019-01-03,55.95000076293945,55.95000076293945,54.77000045776367,56.290000915527344,53.93000030517578,36535,BZ=F,Factor,2026-09-24
2019-01-04,57.060001373291016,57.060001373291016,55.58000183105469,58.29999923706055,55.36000061035156,42426,BZ=F,Factor,2026-09-24
2019-01-07,57.33000183105469,57.33000183105469,57.369998931884766,58.91999816894531,57.279998779296875,41677,BZ=F,Factor,2026-09-24
2019-01-08,58.720001220703125,58.720001220703125,57.630001068115234,58.86000061035156,57.11000061035156,34135,BZ=F,Factor,2026-09-24
2019-01-09,61.439998626708984,61.439998626708984,58.650001525878906,61.68000030517578,58.619998931884766,38989,BZ=F,Factor,2026-09-24
2019-01-10,61.68000030517578,61.68000030517578,61.33000183105469,61.900001525878906,60.45000076293945,31333,BZ=F,Factor,2026-09-24
2019-01-11,60.47999954223633,60.47999954223633,61.25,62.470001220703125,60.08000183105469,31369,BZ=F,Factor,2026-09-24
2019-01-14,58.9900016784668,58.9900016784668,60.540000915527344,61.02000045776367,58.90999984741211,31241,BZ=F,Factor,2026-09-24
2019-01-15,60.63999938964844,60.63999938964844,59.2599983215332,60.849998474121094,59.11000061035156,29948,BZ=F,Factor,2026-09-24
2019-01-16,61.31999969482422,61.31999969482422,60.63999938964844,61.43000030517578,60.040000915527344,32025,BZ=F,Factor,2026-09-24
2019-01-17,61.18000030517578,61.18000030517578,61.18000030517578,61.540000915527344,60.040000915527344,30131,BZ=F,Factor,2026-09-24
2019-01-18,62.70000076293945,62.70000076293945,61.189998626708984,62.9900016784668,61.060001373291016,39637,BZ=F,Factor,2026-09-24
2019-01-22,61.5,61.5,62.7400016784668,63.119998931884766,60.58000183105469,53602,BZ=F,Factor,2026-09-24
2019-01-23,61.13999938964844,61.13999938964844,61.56999969482422,62.29999923706055,60.220001220703125,35364,BZ=F,Factor,2026-09-24
2019-01-24,61.09000015258789,61.09000015258789,61.02000045776367,61.5,60.40999984741211,35861,BZ=F,Factor,2026-09-24
2019-01-25,61.63999938964844,61.63999938964844,61.13999938964844,61.90999984741211,60.709999084472656,30262,BZ=F,Factor,2026-09-24
2019-01-28,59.93000030517578,59.93000030517578,61.33000183105469,61.66999816894531,59.47999954223633,34315,BZ=F,Factor,2026-09-24
2019-01-29,61.31999969482422,61.31999969482422,59.97999954223633,61.790000915527344,59.7599983215332,18715,BZ=F,Factor,2026-09-24
2019-01-30,61.650001525878906,61.650001525878906,61.25,62.63999938964844,61.06999969482422,12039,BZ=F,Factor,2026-09-24
2019-01-31,61.88999938964844,61.88999938964844,61.689998626708984,62.31999969482422,61.63999938964844,1288,BZ=F,Factor,2026-09-24
2019-02-01,61.869998931884766,61.869998931884766,61.869998931884766,61.869998931884766,61.869998931884766,30044,BZ=F,Factor,2026-09-24
2019-02-04,62.5099983215332,62.5099983215332,62.70000076293945,63.630001068115234,61.279998779296875,36025,BZ=F,Factor,2026-09-24
2019-02-05,61.97999954223633,61.97999954223633,62.779998779296875,63.02000045776367,61.720001220703125,27285,BZ=F,Factor,2026-09-24
2019-02-06,62.689998626708984,62.689998626708984,62.040000915527344,62.79999923706055,61.04999923706055,26542,BZ=F,Factor,2026-09-24
2019-02-07,61.630001068115234,61.630001068115234,62.65999984741211,62.900001525878906,60.61000061035156,33982,BZ=F,Factor,2026-09-24
2019-02-08,62.099998474121094,62.099998474121094,61.599998474121094,62.349998474121094,61.04999923706055,36111,BZ=F,Factor,2026-09-24
2019-02-11,61.5099983215332,61.5099983215332,62.0,62.34000015258789,60.900001525878906,35285,BZ=F,Factor,2026-09-24
2019-02-12,62.41999816894531,62.41999816894531,61.599998474121094,63.31999969482422,61.540000915527344,36801,BZ=F,Factor,2026-09-24
2019-02-13,63.61000061035156,63.61000061035156,62.650001525878906,63.959999084472656,62.650001525878906,33859,BZ=F,Factor,2026-09-24
2019-02-14,64.56999969482422,64.56999969482422,63.630001068115234,64.80999755859375,63.279998779296875,39526,BZ=F,Factor,2026-09-24
2019-02-15,66.25,66.25,64.61000061035156,66.4000015258789,64.43000030517578,36154,BZ=F,Factor,2026-09-24
2019-02-19,66.44999694824219,66.44999694824219,66.30999755859375,66.83000183105469,65.58000183105469,46238,BZ=F,Factor,2026-09-24
2019-02-20,67.08000183105469,67.08000183105469,66.36000061035156,67.37000274658203,65.62999725341797,29155,BZ=F,Factor,2026-09-24
2019-02-21,67.06999969482422,67.06999969482422,67.1500015258789,67.31999969482422,66.69999694824219,27113,BZ=F,Factor,2026-09-24
2019-02-22,67.12000274658203,67.12000274658203,66.88999938964844,67.7300033569336,66.83000183105469,23973,BZ=F,Factor,2026-09-24
2019-02-25,64.76000213623047,64.76000213623047,66.80000305175781,67.47000122070312,64.55999755859375,31914,BZ=F,Factor,2026-09-24
2019-02-26,65.20999908447266,65.20999908447266,64.72000122070312,65.72000122070312,64.33999633789062,18661,BZ=F,Factor,2026-09-24
2019-02-27,66.38999938964844,66.38999938964844,65.54000091552734,66.69999694824219,65.30000305175781,10200,BZ=F,Factor,2026-09-24
2019-02-28,66.02999877929688,66.02999877929688,66.31999969482422,66.36000061035156,65.75,28959,BZ=F,Factor,2026-09-24
2019-03-01,65.06999969482422,65.06999969482422,66.41000366210938,67.13999938964844,64.58999633789062,38355,BZ=F,Factor,2026-09-24
2019-03-04,65.66999816894531,65.66999816894531,65.01000213623047,66.33999633789062,65.01000213623047,28931,BZ=F,Factor,2026-09-24
2019-03-05,65.86000061035156,65.86000061035156,65.72000122070312,66.22000122070312,65.04000091552734,28346,BZ=F,Factor,2026-09-24
2019-03-06,65.98999786376953,65.98999786376953,65.62999725341797,66.16999816894531,65.2300033569336,41210,BZ=F,Factor,2026-09-24
2019-03-07,66.30000305175781,66.30000305175781,65.93000030517578,66.98999786376953,65.76000213623047,35738,BZ=F,Factor,2026-09-24
2019-03-08,65.73999786376953,65.73999786376953,66.06999969482422,66.08000183105469,64.01000213623047,49867,BZ=F,Factor,2026-09-24
2019-03-11,66.58000183105469,66.58000183105469,65.7300033569336,66.77999877929688,65.6500015258789,37538,BZ=F,Factor,2026-09-24
2019-03-12,66.66999816894531,66.66999816894531,66.68000030517578,67.38999938964844,66.3499984741211,37897,BZ=F,Factor,2026-09-24
2019-03-13,67.55000305175781,67.55000305175781,66.87999725341797,67.75,66.70999908447266,36739,BZ=F,Factor,2026-09-24
2019-03-14,67.2300033569336,67.2300033569336,67.58999633789062,68.12999725341797,67.02999877929688,32817,BZ=F,Factor,2026-09-24
2019-03-15,67.16000366210938,67.16000366210938,67.12999725341797,67.70999908447266,66.13999938964844,34969,BZ=F,Factor,2026-09-24
2019-03-18,67.54000091552734,67.54000091552734,67.05000305175781,67.69000244140625,66.69999694824219,31752,BZ=F,Factor,2026-09-24
2019-03-19,67.61000061035156,67.61000061035156,67.44999694824219,68.22000122070312,67.13999938964844,30329,BZ=F,Factor,2026-09-24
2019-03-20,68.5,68.5,67.5199966430664,68.56999969482422,67.19000244140625,35132,BZ=F,Factor,2026-09-24
2019-03-21,67.86000061035156,67.86000061035156,68.31999969482422,68.69999694824219,67.61000061035156,35417,BZ=F,Factor,2026-09-24
2019-03-22,67.02999877929688,67.02999877929688,67.70999908447266,67.97000122070312,66.20999908447266,45565,BZ=F,Factor,2026-09-24
2019-03-25,67.20999908447266,67.20999908447266,66.93000030517578,67.63999938964844,66.37000274658203,36691,BZ=F,Factor,2026-09-24
2019-03-26,67.97000122070312,67.97000122070312,67.25,68.22000122070312,67.25,38187,BZ=F,Factor,2026-09-24
2019-03-27,67.83000183105469,67.83000183105469,67.87000274658203,68.3499984741211,67.19999694824219,26692,BZ=F,Factor,2026-09-24
2019-03-28,67.81999969482422,67.81999969482422,67.87000274658203,68.0,66.55000305175781,11876,BZ=F,Factor,2026-09-24
2019-03-29,68.38999938964844,68.38999938964844,68.0,68.87999725341797,67.81999969482422,43566,BZ=F,Factor,2026-09-24
2019-04-01,69.01000213623047,69.01000213623047,67.54000091552734,69.19000244140625,67.54000091552734,49439,BZ=F,Factor,2026-09-24
2019-04-02,69.37000274658203,69.37000274658203,69.20999908447266,69.5199966430664,68.69000244140625,46166,BZ=F,Factor,2026-09-24
2019-04-03,69.30999755859375,69.30999755859375,69.79000091552734,69.95999908447266,68.80000305175781,46550,BZ=F,Factor,2026-09-24
2019-04-04,69.4000015258789,69.4000015258789,69.48999786376953,70.01000213623047,68.87999725341797,37531,BZ=F,Factor,2026-09-24
2019-04-05,70.33999633789062,70.33999633789062,69.26000213623047,70.47000122070312,68.93000030517578,36491,BZ=F,Factor,2026-09-24
2019-04-08,71.0999984741211,71.0999984741211,70.5,71.19000244140625,70.44000244140625,40966,BZ=F,Factor,2026-09-24
2019-04-09,70.61000061035156,70.61000061035156,71.08000183105469,71.33999633789062,70.30000305175781,37189,BZ=F,Factor,2026-09-24
2019-04-10,71.7300033569336,71.7300033569336,70.83000183105469,71.79000091552734,70.58000183105469,46506,BZ=F,Factor,2026-09-24
2019-04-11,70.83000183105469,70.83000183105469,71.66000366210938,71.68000030517578,70.58000183105469,39968,BZ=F,Factor,2026-09-24
2019-04-12,71.55000305175781,71.55000305175781,70.91999816894531,71.86000061035156,70.9000015258789,32729,BZ=F,Factor,2026-09-24
2019-04-15,71.18000030517578,71.18000030517578,71.62000274658203,71.6500015258789,70.77999877929688,28582,BZ=F,Factor,2026-09-24
2019-04-16,71.72000122070312,71.72000122070312,71.2699966430664,71.94000244140625,70.75,43907,BZ=F,Factor,2026-09-24
2019-04-17,71.62000274658203,71.62000274658203,71.83999633789062,72.26000213623047,71.45999908447266,40910,BZ=F,Factor,2026-09-24
2019-04-18,71.97000122070312,71.97000122070312,71.55000305175781,72.02999877929688,71.20999908447266,38122,BZ=F,Factor,2026-09-24
2019-04-22,74.04000091552734,74.04000091552734,72.05000305175781,74.51000213623047,71.9000015258789,48893,BZ=F,Factor,2026-09-24
2019-04-23,74.51000213623047,74.51000213623047,74.19999694824219,74.7300033569336,73.98999786376953,50165,BZ=F,Factor,2026-09-24
2019-04-24,74.56999969482422,74.56999969482422,74.31999969482422,74.72000122070312,74.0,46326,BZ=F,Factor,2026-09-24
2019-04-25,74.3499984741211,74.3499984741211,74.52999877929688,75.58999633789062,74.0,62237,BZ=F,Factor,2026-09-24
2019-04-26,72.1500015258789,72.1500015258789,74.30000305175781,74.41000366210938,71.29000091552734,32803,BZ=F,Factor,2026-09-24
2019-04-29,72.04000091552734,72.04000091552734,71.69999694824219,72.5,71.11000061035156,16694,BZ=F,Factor,2026-09-24
2019-04-30,72.80000305175781,72.80000305175781,72.0999984741211,73.19999694824219,71.7300033569336,43783,BZ=F,Factor,2026-09-24
2019-05-01,72.18000030517578,72.18000030517578,71.5199966430664,72.36000061035156,71.29000091552734,32617,BZ=F,Factor,2026-09-24
2019-05-02,70.75,70.75,72.1500015258789,72.22000122070312,69.68000030517578,51722,BZ=F,Factor,2026-09-24
2019-05-03,70.8499984741211,70.8499984741211,70.31999969482422,71.54000091552734,69.95999908447266,39000,BZ=F,Factor,2026-09-24
2019-05-06,71.23999786376953,71.23999786376953,70.5999984741211,71.79000091552734,68.76000213623047,36208,BZ=F,Factor,2026-09-24
2019-05-07,69.87999725341797,69.87999725341797,71.16000366210938,71.30999755859375,69.38999938964844,48729,BZ=F,Factor,2026-09-24
2019-05-08,70.37000274658203,70.37000274658203,69.81999969482422,70.80000305175781,69.31999969482422,45312,BZ=F,Factor,2026-09-24
2019-05-09,70.38999938964844,70.38999938964844,70.2300033569336,70.63999938964844,69.4000015258789,46554,BZ=F,Factor,2026-09-24
2019-05-10,70.62000274658203,70.62000274658203,70.30000305175781,71.2300033569336,70.16999816894531,50395,BZ=F,Factor,2026-09-24
2019-05-13,70.2300033569336,70.2300033569336,70.9000015258789,72.56999969482422,69.7300033569336,62747,BZ=F,Factor,2026-09-24
2019-05-14,71.23999786376953,71.23999786376953,69.98999786376953,71.63999938964844,69.93000030517578,57905,BZ=F,Factor,2026-09-24
2019-05-15,71.7699966430664,71.7699966430664,70.9800033569336,72.25,70.41999816894531,48596,BZ=F,Factor,2026-09-24
2019-05-16,72.62000274658203,72.62000274658203,71.94999694824219,73.3499984741211,71.81999969482422,56835,BZ=F,Factor,2026-09-24
2019-05-17,72.20999908447266,72.20999908447266,72.86000061035156,73.2300033569336,71.77999877929688,43365,BZ=F,Factor,2026-09-24
2019-05-20,71.97000122070312,71.97000122070312,73.0999984741211,73.38999938964844,71.58999633789062,48963,BZ=F,Factor,2026-09-24
2019-05-21,72.18000030517578,72.18000030517578,72.02999877929688,72.5199966430664,71.61000061035156,55652,BZ=F,Factor,2026-09-24
2019-05-22,70.98999786376953,70.98999786376953,71.87999725341797,72.0199966430664,70.41999816894531,57458,BZ=F,Factor,2026-09-24
2019-05-23,67.76000213623047,67.76000213623047,70.69999694824219,70.7300033569336,67.0,80487,BZ=F,Factor,2026-09-24
2019-05-24,68.69000244140625,68.69000244140625,68.01000213623047,69.30000305175781,67.31999969482422,66452,BZ=F,Factor,2026-09-24
2019-05-28,70.11000061035156,70.11000061035156,69.0999984741211,70.58000183105469,68.55000305175781,65297,BZ=F,Factor,2026-09-24
2019-05-29,69.44999694824219,69.44999694824219,70.05000305175781,70.08999633789062,68.06999969482422,32769,BZ=F,Factor,2026-09-24
2019-05-30,66.87000274658203,66.87000274658203,69.7300033569336,69.94999694824219,66.30000305175781,19076,BZ=F,Factor,2026-09-24
2019-05-31,64.48999786376953,64.48999786376953,66.70999908447266,66.7300033569336,64.41999816894531,67969,BZ=F,Factor,2026-09-24
2019-06-03,61.279998779296875,61.279998779296875,61.599998474121094,62.83000183105469,60.459999084472656,60640,BZ=F,Factor,2026-09-24
2019-06-04,61.970001220703125,61.970001220703125,60.84000015258789,62.099998474121094,60.220001220703125,58666,BZ=F,Factor,2026-09-24
2019-06-05,60.630001068115234,60.630001068115234,61.47999954223633,62.2599983215332,59.45000076293945,67012,BZ=F,Factor,2026-09-24
2019-06-06,61.66999816894531,61.66999816894531,60.58000183105469,62.41999816894531,60.13999938964844,51701,BZ=F,Factor,2026-09-24
2019-06-07,63.290000915527344,63.290000915527344,62.220001220703125,63.58000183105469,61.779998779296875,44888,BZ=F,Factor,2026-09-24
2019-06-10,62.290000915527344,62.290000915527344,63.689998626708984,64.12999725341797,62.04999923706055,34096,BZ=F,Factor,2026-09-24
2019-06-11,62.290000915527344,62.290000915527344,62.36000061035156,62.869998931884766,62.0099983215332,41448,BZ=F,Factor,2026-09-24
2019-06-12,59.970001220703125,59.970001220703125,62.11000061035156,62.11000061035156,59.56999969482422,47691,BZ=F,Factor,2026-09-24
2019-06-13,61.310001373291016,61.310001373291016,59.81999969482422,62.63999938964844,59.7599983215332,72728,BZ=F,Factor,2026-09-24
2019-06-14,62.0099983215332,62.0099983215332,61.380001068115234,62.56999969482422,60.7400016784668,38166,BZ=F,Factor,2026-09-24
2019-06-17,60.939998626708984,60.939998626708984,61.970001220703125,62.349998474121094,60.720001220703125,46699,BZ=F,Factor,2026-09-24
2019-06-18,62.13999938964844,62.13999938964844,61.02000045776367,62.83000183105469,60.25,46430,BZ=F,Factor,2026-09-24
2019-06-19,61.81999969482422,61.81999969482422,62.25,62.52000045776367,61.38999938964844,51499,BZ=F,Factor,2026-09-24
2019-06-20,64.44999694824219,64.44999694824219,62.209999084472656,64.80999755859375,62.16999816894531,64896,BZ=F,Factor,2026-09-24
2019-06-21,65.19999694824219,65.19999694824219,64.73999786376953,65.75,63.9900016784668,51282,BZ=F,Factor,2026-09-24
2019-06-24,64.86000061035156,64.86000061035156,65.54000091552734,65.80000305175781,64.0999984741211,39427,BZ=F,Factor,2026-09-24
2019-06-25,65.05000305175781,65.05000305175781,64.72000122070312,65.95999908447266,64.18000030517578,37722,BZ=F,Factor,2026-09-24
2019-06-26,66.48999786376953,66.48999786376953,65.7699966430664,66.86000061035156,65.61000061035156,26217,BZ=F,Factor,2026-09-24
2019-06-27,66.55000305175781,66.55000305175781,66.08999633789062,66.79000091552734,65.6500015258789,13127,BZ=F,Factor,2026-09-24
2019-06-28,66.55000305175781,66.55000305175781,66.6500015258789,66.77999877929688,66.05999755859375,32575,BZ=F,Factor,2026-09-24
2019-07-01,65.05999755859375,65.05999755859375,65.27999877929688,66.73999786376953,64.22000122070312,46308,BZ=F,Factor,2026-09-24
2019-07-02,62.400001525878906,62.400001525878906,65.19000244140625,65.5,62.22999954223633,47774,BZ=F,Factor,2026-09-24
2019-07-03,63.81999969482422,63.81999969482422,62.75,64.0,62.06999969482422,35881,BZ=F,Factor,2026-09-24
2019-07-05,64.2300033569336,64.2300033569336,63.880001068115234,64.5199966430664,62.90999984741211,34614,BZ=F,Factor,2026-09-24
2019-07-08,64.11000061035156,64.11000061035156,64.37000274658203,65.12999725341797,63.79999923706055,29582,BZ=F,Factor,2026-09-24
2019-07-09,64.16000366210938,64.16000366210938,63.91999816894531,65.0199966430664,63.7400016784668,28731,BZ=F,Factor,2026-09-24
2019-07-10,67.01000213623047,67.01000213623047,64.48999786376953,67.12999725341797,64.48999786376953,40838,BZ=F,Factor,2026-09-24
2019-07-11,66.5199966430664,66.5199966430664,66.72000122070312,67.63999938964844,66.44000244140625,37676,BZ=F,Factor,2026-09-24
2019-07-12,66.72000122070312,66.72000122070312,66.77999877929688,67.2699966430664,66.51000213623047,31996,BZ=F,Factor,2026-09-24
2019-07-15,66.4800033569336,66.4800033569336,66.6500015258789,67.45999908447266,66.06999969482422,35583,BZ=F,Factor,2026-09-24
2019-07-16,64.3499984741211,64.3499984741211,66.12999725341797,67.08000183105469,63.849998474121094,41087,BZ=F,Factor,2026-09-24
2019-07-17,63.65999984741211,63.65999984741211,64.33000183105469,65.27999877929688,63.22999954223633,34392,BZ=F,Factor,2026-09-24
2019-07-18,61.93000030517578,61.93000030517578,63.630001068115234,64.45999908447266,61.290000915527344,48628,BZ=F,Factor,2026-09-24
2019-07-19,62.470001220703125,62.470001220703125,62.58000183105469,63.34000015258789,61.84000015258789,36709,BZ=F,Factor,2026-09-24
2019-07-22,63.2599983215332,63.2599983215332,62.90999984741211,64.0199966430664,62.77000045776367,33851,BZ=F,Factor,2026-09-24
2019-07-23,63.83000183105469,63.83000183105469,63.290000915527344,64.44999694824219,62.65999984741211,31220,BZ=F,Factor,2026-09-24
2019-07-24,63.18000030517578,63.18000030517578,64.23999786376953,64.66000366210938,62.59000015258789,42616,BZ=F,Factor,2026-09-24
2019-07-25,63.38999938964844,63.38999938964844,63.150001525878906,64.2300033569336,63.029998779296875,27929,BZ=F,Factor,2026-09-24
2019-07-26,63.459999084472656,63.459999084472656,63.2400016784668,63.959999084472656,63.02000045776367,26232,BZ=F,Factor,2026-09-24
2019-07-29,63.709999084472656,63.709999084472656,63.119998931884766,63.90999984741211,62.90999984741211,14517,BZ=F,Factor,2026-09-24
2019-07-30,64.72000122070312,64.72000122070312,63.849998474121094,65.04000091552734,63.849998474121094,11005,BZ=F,Factor,2026-09-24
2019-07-31,65.16999816894531,65.16999816894531,64.61000061035156,65.36000061035156,64.54000091552734,34287,BZ=F,Factor,2026-09-24
2019-08-01,60.5,60.5,64.29000091552734,64.5199966430664,60.029998779296875,63060,BZ=F,Factor,2026-09-24
2019-08-02,61.88999938964844,61.88999938964844,61.099998474121094,62.93000030517578,60.88999938964844,47421,BZ=F,Factor,2026-09-24
2019-08-05,59.810001373291016,59.810001373291016,61.54999923706055,61.54999923706055,59.66999816894531,47722,BZ=F,Factor,2026-09-24
2019-08-06,58.939998626708984,58.939998626708984,60.0,60.540000915527344,58.56999969482422,34335,BZ=F,Factor,2026-09-24
2019-08-07,56.22999954223633,56.22999954223633,58.560001373291016,59.189998626708984,55.880001068115234,52628,BZ=F,Factor,2026-09-24
2019-08-08,57.380001068115234,57.380001068115234,57.369998931884766,58.0099983215332,56.77000045776367,36965,BZ=F,Factor,2026-09-24
2019-08-09,58.529998779296875,58.529998779296875,57.650001525878906,59.099998474121094,57.119998931884766,34015,BZ=F,Factor,2026-09-24
2019-08-12,58.56999969482422,58.56999969482422,58.36000061035156,58.869998931884766,57.880001068115234,30960,BZ=F,Factor,2026-09-24
2019-08-13,61.29999923706055,61.29999923706055,58.400001525878906,61.5,57.97999954223633,45522,BZ=F,Factor,2026-09-24
2019-08-14,59.47999954223633,59.47999954223633,60.97999954223633,61.08000183105469,58.22999954223633,45545,BZ=F,Factor,2026-09-24
2019-08-15,58.22999954223633,58.22999954223633,59.04999923706055,59.41999816894531,57.689998626708984,45864,BZ=F,Factor,2026-09-24
2019-08-16,58.63999938964844,58.63999938964844,58.41999816894531,59.5,58.290000915527344,25244,BZ=F,Factor,2026-09-24
2019-08-19,59.7400016784668,59.7400016784668,58.630001068115234,59.91999816894531,58.59000015258789,30652,BZ=F,Factor,2026-09-24
2019-08-20,60.029998779296875,60.029998779296875,59.7400016784668,60.31999969482422,58.959999084472656,30782,BZ=F,Factor,2026-09-24
2019-08-21,60.29999923706055,60.29999923706055,60.060001373291016,61.40999984741211,60.04999923706055,33717,BZ=F,Factor,2026-09-24
2019-08-22,59.91999816894531,59.91999816894531,60.41999816894531,60.88999938964844,59.470001220703125,33800,BZ=F,Factor,2026-09-24
2019-08-23,59.34000015258789,59.34000015258789,60.040000915527344,60.279998779296875,58.31999969482422,41613,BZ=F,Factor,2026-09-24
2019-08-26,58.70000076293945,58.70000076293945,58.400001525878906,60.16999816894531,58.27000045776367,26628,BZ=F,Factor,2026-09-24
2019-08-27,59.5099983215332,59.5099983215332,58.709999084472656,60.13999938964844,58.5099983215332,30198,BZ=F,Factor,2026-09-24
2019-08-28,60.4900016784668,60.4900016784668,60.13999938964844,61.04999923706055,59.81999969482422,17141,BZ=F,Factor,2026-09-24
2019-08-29,61.08000183105469,61.08000183105469,60.4900016784668,61.18000030517578,60.0099983215332,10658,BZ=F,Factor,2026-09-24
2019-08-30,60.43000030517578,60.43000030517578,61.029998779296875,61.13999938964844,60.29999923706055,41940,BZ=F,Factor,2026-09-24
2019-09-03,58.2599983215332,58.2599983215332,59.06999969482422,59.25,57.220001220703125,51149,BZ=F,Factor,2026-09-24
2019-09-04,60.70000076293945,60.70000076293945,58.2400016784668,60.959999084472656,58.09000015258789,36192,BZ=F,Factor,2026-09-24
2019-09-05,60.95000076293945,60.95000076293945,60.5099983215332,62.38999938964844,60.25,37813,BZ=F,Factor,2026-09-24
2019-09-06,61.540000915527344,61.540000915527344,60.810001373291016,61.880001068115234,59.40999984741211,37585,BZ=F,Factor,2026-09-24
2019-09-09,62.59000015258789,62.59000015258789,61.540000915527344,62.9900016784668,61.540000915527344,31505,BZ=F,Factor,2026-09-24
2019-09-10,62.380001068115234,62.380001068115234,62.7400016784668,63.77000045776367,62.16999816894531,32170,BZ=F,Factor,2026-09-24
2019-09-11,60.810001373291016,60.810001373291016,62.68000030517578,63.25,60.52000045776367,37485,BZ=F,Factor,2026-09-24
2019-09-12,60.380001068115234,60.380001068115234,61.029998779296875,61.38999938964844,58.90999984741211,44952,BZ=F,Factor,2026-09-24
2019-09-13,60.220001220703125,60.220001220703125,60.40999984741211,60.79999923706055,59.599998474121094,26153,BZ=F,Factor,2026-09-24
2019-09-16,69.0199966430664,69.0199966430664,67.0,71.0,64.77999877929688,69899,BZ=F,Factor,2026-09-24
2019-09-17,64.55000305175781,64.55000305175781,68.16999816894531,69.25,63.560001373291016,87185,BZ=F,Factor,2026-09-24
2019-09-18,63.599998474121094,63.599998474121094,64.25,64.98999786376953,63.06999969482422,37459,BZ=F,Factor,2026-09-24
2019-09-19,64.4000015258789,64.4000015258789,63.650001525878906,65.56999969482422,63.470001220703125,36971,BZ=F,Factor,2026-09-24
2019-09-20,64.27999877929688,64.27999877929688,64.9800033569336,65.2699966430664,64.05000305175781,23355,BZ=F,Factor,2026-09-24
2019-09-23,64.7699966430664,64.7699966430664,65.31999969482422,65.31999969482422,63.540000915527344,25895,BZ=F,Factor,2026-09-24
2019-09-24,63.099998474121094,63.099998474121094,64.4800033569336,64.52999877929688,62.349998474121094,30503,BZ=F,Factor,2026-09-24
2019-09-25,62.38999938964844,62.38999938964844,62.43000030517578,62.810001373291016,61.220001220703125,25272,BZ=F,Factor,2026-09-24
2019-09-26,62.7400016784668,62.7400016784668,62.58000183105469,62.91999816894531,61.459999084472656,11043,BZ=F,Factor,2026-09-24
2019-09-27,61.90999984741211,61.90999984741211,62.529998779296875,62.720001220703125,60.77000045776367,9063,BZ=F,Factor,2026-09-24
2019-09-30,60.779998779296875,60.779998779296875,61.880001068115234,62.08000183105469,60.77000045776367,34510,BZ=F,Factor,2026-09-24
2019-10-01,58.88999938964844,58.88999938964844,59.529998779296875,60.09000015258789,58.40999984741211,41174,BZ=F,Factor,2026-09-24
2019-10-02,57.689998626708984,57.689998626708984,59.220001220703125,59.4900016784668,57.22999954223633,40386,BZ=F,Factor,2026-09-24
2019-10-03,57.709999084472656,57.709999084472656,57.5,57.9900016784668,56.150001525878906,49093,BZ=F,Factor,2026-09-24
2019-10-04,58.369998931884766,58.369998931884766,57.599998474121094,58.95000076293945,57.599998474121094,41717,BZ=F,Factor,2026-09-24
2019-10-07,58.349998474121094,58.349998474121094,57.70000076293945,59.66999816894531,57.70000076293945,28765,BZ=F,Factor,2026-09-24
2019-10-08,58.2400016784668,58.2400016784668,58.470001220703125,58.93000030517578,57.369998931884766,38868,BZ=F,Factor,2026-09-24
2019-10-09,58.31999969482422,58.31999969482422,58.099998474121094,59.34000015258789,57.95000076293945,36036,BZ=F,Factor,2026-09-24
2019-10-10,59.099998474121094,59.099998474121094,58.38999938964844,59.529998779296875,57.11000061035156,36561,BZ=F,Factor,2026-09-24
2019-10-11,60.5099983215332,60.5099983215332,59.58000183105469,60.689998626708984,59.209999084472656,51613,BZ=F,Factor,2026-09-24
2019-10-14,59.349998474121094,59.349998474121094,60.560001373291016,60.75,58.5099983215332,39154,BZ=F,Factor,2026-09-24
2019-10-15,58.7400016784668,58.7400016784668,59.290000915527344,59.68000030517578,58.0,49695,BZ=F,Factor,2026-09-24
2019-10-16,59.41999816894531,59.41999816894531,58.7599983215332,59.72999954223633,58.349998474121094,43443,BZ=F,Factor,2026-09-24
2019-10-17,59.90999984741211,59.90999984741211,59.099998474121094,60.029998779296875,58.63999938964844,44951,BZ=F,Factor,2026-09-24
2019-10-18,59.41999816894531,59.41999816894531,59.880001068115234,60.27000045776367,59.0,33528,BZ=F,Factor,2026-09-24
2019-10-21,58.959999084472656,58.959999084472656,59.36000061035156,59.540000915527344,58.2599983215332,35588,BZ=F,Factor,2026-09-24
2019-10-22,59.70000076293945,59.70000076293945,59.04999923706055,60.2599983215332,58.77000045776367,37803,BZ=F,Factor,2026-09-24
2019-10-23,61.16999816894531,61.16999816894531,59.630001068115234,61.29999923706055,58.849998474121094,37010,BZ=F,Factor,2026-09-24
2019-10-24,61.66999816894531,61.66999816894531,61.09000015258789,61.90999984741211,60.65999984741211,35367,BZ=F,Factor,2026-09-24
2019-10-25,62.02000045776367,62.02000045776367,61.52000045776367,62.11000061035156,60.939998626708984,31392,BZ=F,Factor,2026-09-24
2019-10-28,61.56999969482422,61.56999969482422,61.9900016784668,62.34000015258789,61.20000076293945,24870,BZ=F,Factor,2026-09-24
2019-10-29,61.59000015258789,61.59000015258789,61.650001525878906,61.97999954223633,60.66999816894531,16903,BZ=F,Factor,2026-09-24
2019-10-30,60.61000061035156,60.61000061035156,61.310001373291016,61.90999984741211,60.470001220703125,13275,BZ=F,Factor,2026-09-24
2019-10-31,60.22999954223633,60.22999954223633,60.689998626708984,61.029998779296875,60.06999969482422,36213,BZ=F,Factor,2026-09-24
2019-11-01,61.689998626708984,61.689998626708984,59.54999923706055,61.810001373291016,59.400001525878906,28361,BZ=F,Factor,2026-09-24
2019-11-04,62.130001068115234,62.130001068115234,62.0,62.779998779296875,61.290000915527344,28961,BZ=F,Factor,2026-09-24
2019-11-05,62.959999084472656,62.959999084472656,62.060001373291016,63.16999816894531,61.900001525878906,27103,BZ=F,Factor,2026-09-24
2019-11-06,61.7400016784668,61.7400016784668,62.939998626708984,63.31999969482422,61.59000015258789,34901,BZ=F,Factor,2026-09-24
2019-11-07,62.290000915527344,62.290000915527344,61.779998779296875,62.900001525878906,61.63999938964844,33158,BZ=F,Factor,2026-09-24
2019-11-08,62.5099983215332,62.5099983215332,62.34000015258789,62.689998626708984,60.65999984741211,34325,BZ=F,Factor,2026-09-24
2019-11-11,62.18000030517578,62.18000030517578,62.5099983215332,62.75,61.58000183105469,23316,BZ=F,Factor,2026-09-24
2019-11-12,62.060001373291016,62.060001373291016,62.16999816894531,62.849998474121094,61.79999923706055,30687,BZ=F,Factor,2026-09-24
2019-11-13,62.369998931884766,62.369998931884766,61.970001220703125,62.72999954223633,61.22999954223633,33278,BZ=F,Factor,2026-09-24
2019-11-14,62.279998779296875,62.279998779296875,62.54999923706055,63.20000076293945,62.13999938964844,27803,BZ=F,Factor,2026-09-24
2019-11-15,63.29999923706055,63.29999923706055,62.33000183105469,63.63999938964844,61.70000076293945,32240,BZ=F,Factor,2026-09-24
2019-11-18,62.439998626708984,62.439998626708984,63.29999923706055,63.58000183105469,61.939998626708984,29294,BZ=F,Factor,2026-09-24
2019-11-19,60.90999984741211,60.90999984741211,62.33000183105469,62.54999923706055,60.630001068115234,32258,BZ=F,Factor,2026-09-24
2019-11-20,62.400001525878906,62.400001525878906,60.7400016784668,62.79999923706055,60.29999923706055,39331,BZ=F,Factor,2026-09-24
2019-11-21,63.970001220703125,63.970001220703125,62.439998626708984,64.02999877929688,61.93000030517578,36374,BZ=F,Factor,2026-09-24
2019-11-22,63.38999938964844,63.38999938964844,63.66999816894531,64.30000305175781,62.9900016784668,33785,BZ=F,Factor,2026-09-24
2019-11-25,63.650001525878906,63.650001525878906,63.459999084472656,63.790000915527344,62.959999084472656,25178,BZ=F,Factor,2026-09-24
2019-11-26,64.2699966430664,64.2699966430664,63.5099983215332,64.30999755859375,63.45000076293945,23433,BZ=F,Factor,2026-09-24
2019-11-27,64.05999755859375,64.05999755859375,64.13999938964844,64.5999984741211,63.529998779296875,15263,BZ=F,Factor,2026-09-24
2019-11-29,62.43000030517578,62.43000030517578,64.04000091552734,64.04000091552734,62.400001525878906,47386,BZ=F,Factor,2026-09-24
2019-12-02,60.91999816894531,60.91999816894531,60.79999923706055,62.08000183105469,60.5,39023,BZ=F,Factor,2026-09-24
2019-12-03,60.81999969482422,60.81999969482422,60.90999984741211,61.59000015258789,60.29999923706055,32863,BZ=F,Factor,2026-09-24
2019-12-04,63.0,63.0,61.15999984741211,63.529998779296875,60.9900016784668,41730,BZ=F,Factor,2026-09-24
2019-12-05,63.38999938964844,63.38999938964844,63.04999923706055,63.900001525878906,62.75,38903,BZ=F,Factor,2026-09-24
2019-12-06,64.38999938964844,64.38999938964844,63.290000915527344,64.86000061035156,62.83000183105469,43303,BZ=F,Factor,2026-09-24
2019-12-09,64.25,64.25,64.4000015258789,64.5,63.61000061035156,32410,BZ=F,Factor,2026-09-24
2019-12-10,64.33999633789062,64.33999633789062,64.0,64.68000030517578,63.77000045776367,31170,BZ=F,Factor,2026-09-24
2019-12-11,63.720001220703125,63.720001220703125,64.16000366210938,64.25,63.0099983215332,31647,BZ=F,Factor,2026-09-24
2019-12-12,64.19999694824219,64.19999694824219,63.88999938964844,64.83999633789062,63.869998931884766,32866,BZ=F,Factor,2026-09-24
2019-12-13,65.22000122070312,65.22000122070312,64.41000366210938,65.77999877929688,64.38999938964844,34575,BZ=F,Factor,2026-09-24
2019-12-16,65.33999633789062,65.33999633789062,64.9800033569336,65.6500015258789,64.87999725341797,31476,BZ=F,Factor,2026-09-24
2019-12-17,66.0999984741211,66.0999984741211,65.37000274658203,66.2300033569336,65.12000274658203,35092,BZ=F,Factor,2026-09-24
2019-12-18,66.16999816894531,66.16999816894531,65.83000183105469,66.41999816894531,65.56999969482422,31943,BZ=F,Factor,2026-09-24
2019-12-19,66.54000091552734,66.54000091552734,66.12000274658203,66.77999877929688,66.04000091552734,29280,BZ=F,Factor,2026-09-24
2019-12-20,66.13999938964844,66.13999938964844,66.5199966430664,66.70999908447266,65.7300033569336,33986,BZ=F,Factor,2026-09-24
2019-12-23,66.38999938964844,66.38999938964844,66.20999908447266,66.5999984741211,65.80999755859375,21599,BZ=F,Factor,2026-09-24
2019-12-24,67.19999694824219,67.19999694824219,66.51000213623047,67.25,66.37000274658203,18562,BZ=F,Factor,2026-09-24
2019-12-26,67.91999816894531,67.91999816894531,67.37000274658203,67.94999694824219,67.19000244140625,10745,BZ=F,Factor,2026-09-24
2019-12-27,68.16000366210938,68.16000366210938,67.91999816894531,68.29000091552734,67.58000183105469,8223,BZ=F,Factor,2026-09-24
2019-12-30,68.44000244140625,68.44000244140625,68.20999908447266,68.91000366210938,68.18000030517578,34100,BZ=F,Factor,2026-09-24
2019-12-31,66.0,66.0,66.68000030517578,66.91999816894531,65.63999938964844,30892,BZ=F,Factor,2026-09-24
2020-01-02,66.25,66.25,66.47000122070312,66.56999969482422,65.7300033569336,25810,BZ=F,Factor,2026-09-24
2020-01-03,68.5999984741211,68.5999984741211,66.29000091552734,69.4800033569336,66.22000122070312,78848,BZ=F,Factor,2026-09-24
2020-01-06,68.91000366210938,68.91000366210938,69.06999969482422,70.72000122070312,68.19000244140625,51933,BZ=F,Factor,2026-09-24
2020-01-07,68.2699966430664,68.2699966430664,68.58000183105469,68.73999786376953,67.6500015258789,41178,BZ=F,Factor,2026-09-24
2020-01-08,65.44000244140625,65.44000244140625,68.47000122070312,71.98999786376953,64.94000244140625,85232,BZ=F,Factor,2026-09-24
2020-01-09,65.37000274658203,65.37000274658203,65.79000091552734,66.08999633789062,64.55000305175781,50520,BZ=F,Factor,2026-09-24
2020-01-10,64.9800033569336,64.9800033569336,65.41000366210938,65.66000366210938,64.86000061035156,46595,BZ=F,Factor,2026-09-24
2020-01-13,64.19999694824219,64.19999694824219,65.18000030517578,65.25,63.91999816894531,35430,BZ=F,Factor,2026-09-24
2020-01-14,64.48999786376953,64.48999786376953,64.22000122070312,65.04000091552734,63.90999984741211,34682,BZ=F,Factor,2026-09-24
2020-01-15,64.0,64.0,64.45999908447266,64.61000061035156,63.54999923706055,34164,BZ=F,Factor,2026-09-24
2020-01-16,64.62000274658203,64.62000274658203,64.30999755859375,64.95999908447266,63.91999816894531,38391,BZ=F,Factor,2026-09-24
2020-01-17,64.8499984741211,64.8499984741211,64.75,65.13999938964844,64.48999786376953,35541,BZ=F,Factor,2026-09-24
2020-01-21,64.58999633789062,64.58999633789062,65.4000015258789,66.0,64.05999755859375,50484,BZ=F,Factor,2026-09-24
2020-01-22,63.209999084472656,63.209999084472656,64.54000091552734,64.58999633789062,62.529998779296875,35127,BZ=F,Factor,2026-09-24
2020-01-23,62.040000915527344,62.040000915527344,62.630001068115234,62.779998779296875,61.25,43330,BZ=F,Factor,2026-09-24
2020-01-24,60.689998626708984,60.689998626708984,62.119998931884766,62.459999084472656,60.220001220703125,43263,BZ=F,Factor,2026-09-24
2020-01-27,59.31999969482422,59.31999969482422,60.279998779296875,60.4900016784668,58.5,39367,BZ=F,Factor,2026-09-24
2020-01-28,59.5099983215332,59.5099983215332,58.95000076293945,60.11000061035156,58.5,41537,BZ=F,Factor,2026-09-24
2020-01-29,59.810001373291016,59.810001373291016,59.66999816894531,60.61000061035156,59.25,21453,BZ=F,Factor,2026-09-24
2020-01-30,58.290000915527344,58.290000915527344,59.61000061035156,59.61000061035156,57.72999954223633,17435,BZ=F,Factor,2026-09-24
2020-01-31,58.15999984741211,58.15999984741211,59.06999969482422,59.529998779296875,57.97999954223633,68547,BZ=F,Factor,2026-09-24
2020-02-03,54.45000076293945,54.45000076293945,55.849998474121094,56.7599983215332,54.06999969482422,66338,BZ=F,Factor,2026-09-24
2020-02-04,53.959999084472656,53.959999084472656,54.150001525878906,55.63999938964844,53.689998626708984,52393,BZ=F,Factor,2026-09-24
2020-02-05,55.279998779296875,55.279998779296875,53.880001068115234,56.470001220703125,53.880001068115234,56117,BZ=F,Factor,2026-09-24
2020-02-06,54.93000030517578,54.93000030517578,55.56999969482422,56.560001373291016,54.2400016784668,50605,BZ=F,Factor,2026-09-24
2020-02-07,54.470001220703125,54.470001220703125,55.36000061035156,55.470001220703125,54.209999084472656,43796,BZ=F,Factor,2026-09-24
2020-02-10,53.27000045776367,53.27000045776367,54.2400016784668,54.70000076293945,53.11000061035156,35920,BZ=F,Factor,2026-09-24
2020-02-11,54.0099983215332,54.0099983215332,53.349998474121094,54.65999984741211,53.349998474121094,36294,BZ=F,Factor,2026-09-24
2020-02-12,55.790000915527344,55.790000915527344,54.18000030517578,56.29999923706055,54.18000030517578,43350,BZ=F,Factor,2026-09-24
2020-02-13,56.34000015258789,56.34000015258789,56.34000015258789,56.83000183105469,54.970001220703125,48775,BZ=F,Factor,2026-09-24
2020-02-14,57.31999969482422,57.31999969482422,56.400001525878906,57.529998779296875,56.15999984741211,41913,BZ=F,Factor,2026-09-24
2020-02-18,57.75,57.75,57.34000015258789,57.81999969482422,56.290000915527344,47337,BZ=F,Factor,2026-09-24
2020-02-19,59.119998931884766,59.119998931884766,57.70000076293945,59.40999984741211,57.540000915527344,36217,BZ=F,Factor,2026-09-24
2020-02-20,59.310001373291016,59.310001373291016,59.34000015258789,60.02000045776367,58.900001525878906,34207,BZ=F,Factor,2026-09-24
2020-02-21,58.5,58.5,59.15999984741211,59.27000045776367,57.7400016784668,39006,BZ=F,Factor,2026-09-24
2020-02-24,56.29999923706055,56.29999923706055,58.02000045776367,58.119998931884766,55.13999938964844,28258,BZ=F,Factor,2026-09-24
2020-02-25,54.95000076293945,54.95000076293945,56.220001220703125,56.970001220703125,54.61000061035156,27751,BZ=F,Factor,2026-09-24
2020-02-26,53.43000030517578,53.43000030517578,55.08000183105469,55.439998626708984,53.040000915527344,26216,BZ=F,Factor,2026-09-24
2020-02-27,52.18000030517578,52.18000030517578,53.439998626708984,53.439998626708984,51.04999923706055,9616,BZ=F,Factor,2026-09-24
2020-02-28,50.52000045776367,50.52000045776367,51.369998931884766,51.4900016784668,50.119998931884766,53362,BZ=F,Factor,2026-09-24
2020-03-02,51.900001525878906,51.900001525878906,49.040000915527344,52.779998779296875,48.380001068115234,47286,BZ=F,Factor,2026-09-24
2020-03-03,51.86000061035156,51.86000061035156,52.97999954223633,53.869998931884766,51.2400016784668,42862,BZ=F,Factor,2026-09-24
2020-03-04,51.130001068115234,51.130001068115234,51.72999954223633,53.029998779296875,51.040000915527344,39712,BZ=F,Factor,2026-09-24
2020-03-05,49.9900016784668,49.9900016784668,51.650001525878906,52.0099983215332,49.70000076293945,39679,BZ=F,Factor,2026-09-24
2020-03-06,45.27000045776367,45.27000045776367,50.119998931884766,50.43000030517578,45.15999984741211,69464,BZ=F,Factor,2026-09-24
2020-03-09,34.36000061035156,34.36000061035156,39.2400016784668,39.2400016784668,31.25,76517,BZ=F,Factor,2026-09-24
2020-03-10,37.220001220703125,37.220001220703125,33.459999084472656,38.209999084472656,33.439998626708984,67054,BZ=F,Factor,2026-09-24
2020-03-11,35.790000915527344,35.790000915527344,37.79999923706055,39.619998931884766,35.36000061035156,60513,BZ=F,Factor,2026-09-24
2020-03-12,33.220001220703125,33.220001220703125,36.130001068115234,36.529998779296875,32.47999954223633,67484,BZ=F,Factor,2026-09-24
2020-03-13,33.849998474121094,33.849998474121094,32.86000061035156,35.9900016784668,32.16999816894531,50707,BZ=F,Factor,2026-09-24
2020-03-16,30.049999237060547,30.049999237060547,34.459999084472656,34.54999923706055,29.34000015258789,43527,BZ=F,Factor,2026-09-24
2020-03-17,28.729999542236328,28.729999542236328,29.700000762939453,31.219999313354492,28.459999084472656,32969,BZ=F,Factor,2026-09-24
2020-03-18,24.8799991607666,24.8799991607666,28.65999984741211,29.190000534057617,24.510000228881836,47500,BZ=F,Factor,2026-09-24
2020-03-19,28.469999313354492,28.469999313354492,26.440000534057617,29.3799991607666,24.979999542236328,41724,BZ=F,Factor,2026-09-24
2020-03-20,26.979999542236328,26.979999542236328,28.0,30.93000030517578,26.790000915527344,51866,BZ=F,Factor,2026-09-24
2020-03-23,27.030000686645508,27.030000686645508,26.5,27.520000457763672,24.68000030517578,31642,BZ=F,Factor,2026-09-24
2020-03-24,27.149999618530273,27.149999618530273,27.639999389648438,28.639999389648438,26.690000534057617,30946,BZ=F,Factor,2026-09-24
2020-03-25,27.389999389648438,27.389999389648438,27.600000381469727,28.280000686645508,25.729999542236328,27352,BZ=F,Factor,2026-09-24
2020-03-26,26.34000015258789,26.34000015258789,27.59000015258789,27.670000076293945,26.040000915527344,26819,BZ=F,Factor,2026-09-24
2020-03-27,24.93000030517578,24.93000030517578,26.709999084472656,27.0,24.170000076293945,23547,BZ=F,Factor,2026-09-24
2020-03-30,22.760000228881836,22.760000228881836,24.0,24.25,21.690000534057617,9112,BZ=F,Factor,2026-09-24
2020-03-31,22.739999771118164,22.739999771118164,22.959999084472656,23.860000610351562,22.579999923706055,40694,BZ=F,Factor,2026-09-24
2020-04-01,24.739999771118164,24.739999771118164,25.93000030517578,26.270000457763672,24.540000915527344,43466,BZ=F,Factor,2026-09-24
2020-04-02,29.940000534057617,29.940000534057617,25.6299991607666,32.599998474121094,25.43000030517578,65518,BZ=F,Factor,2026-09-24
2020-04-03,34.11000061035156,34.11000061035156,29.959999084472656,35.0,28.280000686645508,55373,BZ=F,Factor,2026-09-24
2020-04-06,33.04999923706055,33.04999923706055,31.25,34.22999954223633,30.549999237060547,36779,BZ=F,Factor,2026-09-24
2020-04-07,31.8700008392334,31.8700008392334,33.310001373291016,34.18000030517578,31.729999542236328,36246,BZ=F,Factor,2026-09-24
2020-04-08,32.84000015258789,32.84000015258789,32.40999984741211,33.869998931884766,31.549999237060547,39293,BZ=F,Factor,2026-09-24
2020-04-09,31.479999542236328,31.479999542236328,33.65999984741211,36.43000030517578,31.239999771118164,48214,BZ=F,Factor,2026-09-24
2020-04-13,31.739999771118164,31.739999771118164,33.0,33.22999954223633,30.639999389648438,28098,BZ=F,Factor,2026-09-24
2020-04-14,29.600000381469727,29.600000381469727,32.09000015258789,32.380001068115234,29.399999618530273,32146,BZ=F,Factor,2026-09-24
2020-04-15,27.690000534057617,27.690000534057617,30.010000228881836,30.420000076293945,27.170000076293945,32129,BZ=F,Factor,2026-09-24
2020-04-16,27.81999969482422,27.81999969482422,28.059999465942383,29.010000228881836,27.200000762939453,30922,BZ=F,Factor,2026-09-24
2020-04-17,28.079999923706055,28.079999923706055,28.469999313354492,29.0,27.600000381469727,44417,BZ=F,Factor,2026-09-24
2020-04-20,25.56999969482422,25.56999969482422,28.049999237060547,28.239999771118164,25.3799991607666,46467,BZ=F,Factor,2026-09-24
2020-04-21,19.329999923706055,19.329999923706055,25.959999084472656,27.229999542236328,17.520000457763672,83111,BZ=F,Factor,2026-09-24
2020-04-22,20.3700008392334,20.3700008392334,19.559999465942383,22.459999084472656,16.0,51051,BZ=F,Factor,2026-09-24
2020-04-23,21.329999923706055,21.329999923706055,21.299999237060547,23.18000030517578,20.059999465942383,44993,BZ=F,Factor,2026-09-24
2020-04-24,21.440000534057617,21.440000534057617,21.790000915527344,22.670000076293945,20.510000228881836,36158,BZ=F,Factor,2026-09-24
2020-04-27,19.989999771118164,19.989999771118164,21.299999237060547,21.90999984741211,19.110000610351562,25906,BZ=F,Factor,2026-09-24
2020-04-28,20.459999084472656,20.459999084472656,20.170000076293945,21.270000457763672,18.729999542236328,21996,BZ=F,Factor,2026-09-24
2020-04-29,22.540000915527344,22.540000915527344,20.75,23.829999923706055,20.350000381469727,14425,BZ=F,Factor,2026-09-24
2020-04-30,25.270000457763672,25.270000457763672,23.110000610351562,25.809999465942383,23.110000610351562,42900,BZ=F,Factor,2026-09-24
2020-05-01,26.440000534057617,26.440000534057617,26.719999313354492,27.950000762939453,25.75,28681,BZ=F,Factor,2026-09-24
2020-05-04,27.200000762939453,27.200000762939453,26.209999084472656,28.079999923706055,25.479999542236328,30309,BZ=F,Factor,2026-09-24
2020-05-05,30.969999313354492,30.969999313354492,27.940000534057617,31.690000534057617,27.799999237060547,38518,BZ=F,Factor,2026-09-24
2020-05-06,29.719999313354492,29.719999313354492,31.8799991607666,32.4900016784668,28.670000076293945,37505,BZ=F,Factor,2026-09-24
2020-05-07,29.459999084472656,29.459999084472656,30.1200008392334,31.84000015258789,29.06999969482422,36701,BZ=F,Factor,2026-09-24
2020-05-08,30.969999313354492,30.969999313354492,29.43000030517578,31.1299991607666,29.399999618530273,20277,BZ=F,Factor,2026-09-24
2020-05-11,29.6299991607666,29.6299991607666,30.68000030517578,31.450000762939453,29.360000610351562,33638,BZ=F,Factor,2026-09-24
2020-05-12,29.979999542236328,29.979999542236328,30.06999969482422,30.68000030517578,29.450000762939453,25820,BZ=F,Factor,2026-09-24
2020-05-13,29.190000534057617,29.190000534057617,29.469999313354492,30.540000915527344,28.8700008392334,25072,BZ=F,Factor,2026-09-24
2020-05-14,31.1299991607666,31.1299991607666,29.389999389648438,31.489999771118164,28.899999618530273,25953,BZ=F,Factor,2026-09-24
2020-05-15,32.5,32.5,31.350000381469727,32.900001525878906,30.959999084472656,29410,BZ=F,Factor,2026-09-24
2020-05-18,34.810001373291016,34.810001373291016,32.709999084472656,35.720001220703125,32.709999084472656,28869,BZ=F,Factor,2026-09-24
2020-05-19,34.650001525878906,34.650001525878906,35.439998626708984,35.86000061035156,34.20000076293945,24952,BZ=F,Factor,2026-09-24
2020-05-20,35.75,35.75,34.43000030517578,36.400001525878906,34.369998931884766,25571,BZ=F,Factor,2026-09-24
2020-05-21,36.060001373291016,36.060001373291016,35.79999923706055,36.97999954223633,35.709999084472656,29933,BZ=F,Factor,2026-09-24
2020-05-22,35.130001068115234,35.130001068115234,35.939998626708984,36.22999954223633,33.54999923706055,31482,BZ=F,Factor,2026-09-24
2020-05-26,36.16999816894531,36.16999816894531,35.130001068115234,36.68000030517578,34.459999084472656,29328,BZ=F,Factor,2026-09-24
2020-05-27,34.7400016784668,34.7400016784668,36.099998474121094,36.18000030517578,34.0,16676,BZ=F,Factor,2026-09-24
2020-05-28,35.290000915527344,35.290000915527344,34.34000015258789,35.88999938964844,33.38999938964844,9367,BZ=F,Factor,2026-09-24
2020-05-29,35.33000183105469,35.33000183105469,35.029998779296875,35.36000061035156,34.18000030517578,32101,BZ=F,Factor,2026-09-24
2020-06-01,38.31999969482422,38.31999969482422,37.540000915527344,38.68000030517578,37.16999816894531,26475,BZ=F,Factor,2026-09-24
2020-06-02,39.56999969482422,39.56999969482422,38.47999954223633,39.790000915527344,38.34000015258789,27662,BZ=F,Factor,2026-09-24
2020-06-03,39.790000915527344,39.790000915527344,39.52000045776367,40.529998779296875,38.75,34099,BZ=F,Factor,2026-09-24
2020-06-04,39.9900016784668,39.9900016784668,39.380001068115234,40.099998474121094,39.060001373291016,22661,BZ=F,Factor,2026-09-24
2020-06-05,42.29999923706055,42.29999923706055,39.93000030517578,42.47999954223633,39.720001220703125,28827,BZ=F,Factor,2026-09-24
2020-06-08,40.79999923706055,40.79999923706055,42.40999984741211,43.43000030517578,40.68000030517578,28718,BZ=F,Factor,2026-09-24
2020-06-09,41.18000030517578,41.18000030517578,40.95000076293945,41.43000030517578,39.849998474121094,26258,BZ=F,Factor,2026-09-24
2020-06-10,41.72999954223633,41.72999954223633,40.869998931884766,41.9900016784668,40.130001068115234,23565,BZ=F,Factor,2026-09-24
2020-06-11,38.54999923706055,38.54999923706055,41.310001373291016,41.310001373291016,37.83000183105469,36881,BZ=F,Factor,2026-09-24
2020-06-12,38.72999954223633,38.72999954223633,38.380001068115234,39.439998626708984,37.0,29653,BZ=F,Factor,2026-09-24
2020-06-15,39.720001220703125,39.720001220703125,38.689998626708984,39.880001068115234,37.2400016784668,30674,BZ=F,Factor,2026-09-24
2020-06-16,40.959999084472656,40.959999084472656,39.77000045776367,41.65999984741211,38.970001220703125,35087,BZ=F,Factor,2026-09-24
2020-06-17,40.709999084472656,40.709999084472656,40.709999084472656,41.45000076293945,40.029998779296875,29078,BZ=F,Factor,2026-09-24
2020-06-18,41.5099983215332,41.5099983215332,40.58000183105469,41.63999938964844,40.04999923706055,31042,BZ=F,Factor,2026-09-24
2020-06-19,42.189998626708984,42.189998626708984,41.41999816894531,42.93000030517578,41.0099983215332,34079,BZ=F,Factor,2026-09-24
2020-06-22,43.08000183105469,43.08000183105469,41.54999923706055,43.16999816894531,41.5099983215332,24433,BZ=F,Factor,2026-09-24
2020-06-23,42.630001068115234,42.630001068115234,43.16999816894531,43.93000030517578,42.209999084472656,27036,BZ=F,Factor,2026-09-24
2020-06-24,40.310001373291016,40.310001373291016,42.33000183105469,42.88999938964844,39.619998931884766,28537,BZ=F,Factor,2026-09-24
2020-06-25,41.04999923706055,41.04999923706055,40.43000030517578,41.63999938964844,39.470001220703125,32530,BZ=F,Factor,2026-09-24
2020-06-26,41.02000045776367,41.02000045776367,41.470001220703125,41.779998779296875,40.290000915527344,13481,BZ=F,Factor,2026-09-24
2020-06-29,41.709999084472656,41.709999084472656,40.310001373291016,41.939998626708984,40.060001373291016,9783,BZ=F,Factor,2026-09-24
2020-06-30,41.150001525878906,41.150001525878906,41.54999923706055,41.619998931884766,40.939998626708984,29381,BZ=F,Factor,2026-09-24
2020-07-01,42.029998779296875,42.029998779296875,41.720001220703125,42.619998931884766,41.029998779296875,26731,BZ=F,Factor,2026-09-24
2020-07-02,43.13999938964844,43.13999938964844,42.02000045776367,43.220001220703125,41.75,21825,BZ=F,Factor,2026-09-24
2020-07-06,43.099998474121094,43.099998474121094,42.75,43.709999084472656,42.75,28969,BZ=F,Factor,2026-09-24
2020-07-07,43.08000183105469,43.08000183105469,43.150001525878906,43.45000076293945,42.459999084472656,18827,BZ=F,Factor,2026-09-24
2020-07-08,43.290000915527344,43.290000915527344,42.959999084472656,43.459999084472656,42.779998779296875,19171,BZ=F,Factor,2026-09-24
2020-07-09,42.349998474121094,42.349998474121094,43.380001068115234,43.5,41.93000030517578,23249,BZ=F,Factor,2026-09-24
2020-07-10,43.2400016784668,43.2400016784668,42.400001525878906,43.40999984741211,41.31999969482422,24083,BZ=F,Factor,2026-09-24
2020-07-13,42.720001220703125,42.720001220703125,43.11000061035156,43.33000183105469,42.189998626708984,22911,BZ=F,Factor,2026-09-24
2020-07-14,42.900001525878906,42.900001525878906,42.31999969482422,43.20000076293945,41.79999923706055,21724,BZ=F,Factor,2026-09-24
2020-07-15,43.790000915527344,43.790000915527344,43.150001525878906,43.84000015258789,42.70000076293945,23596,BZ=F,Factor,2026-09-24
2020-07-16,43.369998931884766,43.369998931884766,43.63999938964844,43.810001373291016,43.13999938964844,20484,BZ=F,Factor,2026-09-24
2020-07-17,43.13999938964844,43.13999938964844,43.34000015258789,43.459999084472656,42.630001068115234,21774,BZ=F,Factor,2026-09-24
2020-07-20,43.279998779296875,43.279998779296875,43.09000015258789,43.43000030517578,42.369998931884766,18019,BZ=F,Factor,2026-09-24
2020-07-21,44.31999969482422,44.31999969482422,43.18000030517578,44.880001068115234,43.119998931884766,24167,BZ=F,Factor,2026-09-24
2020-07-22,44.290000915527344,44.290000915527344,43.900001525878906,44.400001525878906,43.619998931884766,19676,BZ=F,Factor,2026-09-24
2020-07-23,43.310001373291016,43.310001373291016,44.349998474121094,44.77000045776367,43.130001068115234,25759,BZ=F,Factor,2026-09-24
2020-07-24,43.34000015258789,43.34000015258789,43.36000061035156,43.900001525878906,42.79999923706055,21918,BZ=F,Factor,2026-09-24
2020-07-27,43.40999984741211,43.40999984741211,43.400001525878906,43.77000045776367,42.380001068115234,22507,BZ=F,Factor,2026-09-24
2020-07-28,43.220001220703125,43.220001220703125,43.619998931884766,43.81999969482422,43.0099983215332,17828,BZ=F,Factor,2026-09-24
2020-07-29,43.75,43.75,43.29999923706055,43.939998626708984,43.20000076293945,10911,BZ=F,Factor,2026-09-24
2020-07-30,42.939998626708984,42.939998626708984,43.79999923706055,43.81999969482422,41.380001068115234,8373,BZ=F,Factor,2026-09-24
2020-07-31,43.29999923706055,43.29999923706055,43.31999969482422,43.52000045776367,43.06999969482422,23641,BZ=F,Factor,2026-09-24
2020-08-03,44.150001525878906,44.150001525878906,43.54999923706055,44.45000076293945,42.88999938964844,26883,BZ=F,Factor,2026-09-24
2020-08-04,44.43000030517578,44.43000030517578,43.90999984741211,44.81999969482422,43.2400016784668,27305,BZ=F,Factor,2026-09-24
2020-08-05,45.16999816894531,45.16999816894531,44.400001525878906,46.2400016784668,44.25,29337,BZ=F,Factor,2026-09-24
2020-08-06,45.09000015258789,45.09000015258789,45.2400016784668,45.709999084472656,44.849998474121094,23131,BZ=F,Factor,2026-09-24
2020-08-07,44.400001525878906,44.400001525878906,45.119998931884766,45.25,44.2599983215332,20363,BZ=F,Factor,2026-09-24
2020-08-10,44.9900016784668,44.9900016784668,44.61000061035156,45.2599983215332,44.400001525878906,13672,BZ=F,Factor,2026-09-24
2020-08-11,44.5,44.5,44.9900016784668,45.779998779296875,44.40999984741211,19786,BZ=F,Factor,2026-09-24
2020-08-12,45.43000030517578,45.43000030517578,44.58000183105469,45.619998931884766,44.5099983215332,16995,BZ=F,Factor,2026-09-24
2020-08-13,44.959999084472656,44.959999084472656,45.43000030517578,45.58000183105469,44.81999969482422,13877,BZ=F,Factor,2026-09-24
2020-08-14,44.79999923706055,44.79999923706055,45.04999923706055,45.41999816894531,44.47999954223633,16681,BZ=F,Factor,2026-09-24
2020-08-17,45.369998931884766,45.369998931884766,44.959999084472656,45.41999816894531,44.5,19441,BZ=F,Factor,2026-09-24
2020-08-18,45.459999084472656,45.459999084472656,45.380001068115234,45.540000915527344,44.77000045776367,18063,BZ=F,Factor,2026-09-24
2020-08-19,45.369998931884766,45.369998931884766,45.040000915527344,45.4900016784668,44.810001373291016,18063,BZ=F,Factor,2026-09-24
2020-08-20,44.900001525878906,44.900001525878906,45.27000045776367,45.27000045776367,44.0099983215332,24042,BZ=F,Factor,2026-09-24
2020-08-21,44.349998474121094,44.349998474121094,44.90999984741211,45.119998931884766,43.599998474121094,25495,BZ=F,Factor,2026-09-24
2020-08-24,45.130001068115234,45.130001068115234,44.41999816894531,45.16999816894531,44.279998779296875,21033,BZ=F,Factor,2026-09-24
2020-08-25,45.86000061035156,45.86000061035156,44.9900016784668,46.040000915527344,44.9900016784668,23808,BZ=F,Factor,2026-09-24
2020-08-26,45.63999938964844,45.63999938964844,45.97999954223633,46.09000015258789,45.54999923706055,16657,BZ=F,Factor,2026-09-24
2020-08-27,45.09000015258789,45.09000015258789,45.619998931884766,45.81999969482422,44.560001373291016,10776,BZ=F,Factor,2026-09-24
2020-08-28,45.04999923706055,45.04999923706055,45.04999923706055,45.290000915527344,44.81999969482422,21040,BZ=F,Factor,2026-09-24
2020-08-31,45.279998779296875,45.279998779296875,45.709999084472656,46.5099983215332,45.220001220703125,18967,BZ=F,Factor,2026-09-24
2020-09-01,45.58000183105469,45.58000183105469,45.56999969482422,46.220001220703125,45.470001220703125,19914,BZ=F,Factor,2026-09-24
2020-09-02,44.43000030517578,44.43000030517578,45.849998474121094,46.040000915527344,44.20000076293945,31416,BZ=F,Factor,2026-09-24
2020-09-03,44.06999969482422,44.06999969482422,44.369998931884766,44.61000061035156,43.15999984741211,30615,BZ=F,Factor,2026-09-24
2020-09-04,42.65999984741211,42.65999984741211,43.869998931884766,44.540000915527344,42.29999923706055,32210,BZ=F,Factor,2026-09-24
2020-09-08,39.779998779296875,39.779998779296875,42.220001220703125,42.45000076293945,39.29999923706055,52172,BZ=F,Factor,2026-09-24
2020-09-09,40.790000915527344,40.790000915527344,39.79999923706055,41.20000076293945,39.279998779296875,30286,BZ=F,Factor,2026-09-24
2020-09-10,40.060001373291016,40.060001373291016,40.63999938964844,40.95000076293945,39.720001220703125,24171,BZ=F,Factor,2026-09-24
2020-09-11,39.83000183105469,39.83000183105469,39.95000076293945,40.349998474121094,39.380001068115234,24576,BZ=F,Factor,2026-09-24
2020-09-14,39.61000061035156,39.61000061035156,39.77000045776367,40.09000015258789,39.310001373291016,22118,BZ=F,Factor,2026-09-24
2020-09-15,40.529998779296875,40.529998779296875,39.65999984741211,40.81999969482422,39.38999938964844,25333,BZ=F,Factor,2026-09-24
2020-09-16,42.220001220703125,42.220001220703125,40.75,42.439998626708984,40.58000183105469,29327,BZ=F,Factor,2026-09-24
2020-09-17,43.29999923706055,43.29999923706055,42.2599983215332,43.5099983215332,41.52000045776367,27245,BZ=F,Factor,2026-09-24
2020-09-18,43.150001525878906,43.150001525878906,43.2599983215332,43.810001373291016,42.529998779296875,26032,BZ=F,Factor,2026-09-24
2020-09-21,41.439998626708984,41.439998626708984,43.02000045776367,43.279998779296875,40.97999954223633,24298,BZ=F,Factor,2026-09-24
2020-09-22,41.720001220703125,41.720001220703125,41.790000915527344,42.189998626708984,41.209999084472656,19914,BZ=F,Factor,2026-09-24
2020-09-23,41.77000045776367,41.77000045776367,41.7400016784668,42.63999938964844,41.25,23779,BZ=F,Factor,2026-09-24
2020-09-24,41.939998626708984,41.939998626708984,41.5,42.02000045776367,41.119998931884766,21940,BZ=F,Factor,2026-09-24
2020-09-25,41.91999816894531,41.91999816894531,41.93000030517578,42.33000183105469,41.529998779296875,17141,BZ=F,Factor,2026-09-24
2020-09-28,42.43000030517578,42.43000030517578,41.849998474121094,42.619998931884766,41.47999954223633,11999,BZ=F,Factor,2026-09-24
2020-09-29,41.029998779296875,41.029998779296875,42.43000030517578,42.52000045776367,40.439998626708984,8209,BZ=F,Factor,2026-09-24
2020-09-30,40.95000076293945,40.95000076293945,40.75,40.970001220703125,40.41999816894531,35524,BZ=F,Factor,2026-09-24
2020-10-01,40.93000030517578,40.93000030517578,42.02000045776367,42.560001373291016,39.91999816894531,36595,BZ=F,Factor,2026-09-24
2020-10-02,39.27000045776367,39.27000045776367,40.790000915527344,40.81999969482422,38.790000915527344,37290,BZ=F,Factor,2026-09-24
2020-10-05,41.290000915527344,41.290000915527344,39.220001220703125,41.779998779296875,39.209999084472656,30456,BZ=F,Factor,2026-09-24
2020-10-06,42.650001525878906,42.650001525878906,41.52000045776367,42.84000015258789,41.220001220703125,37426,BZ=F,Factor,2026-09-24
2020-10-07,41.9900016784668,41.9900016784668,41.939998626708984,42.41999816894531,41.36000061035156,30170,BZ=F,Factor,2026-09-24
2020-10-08,43.34000015258789,43.34000015258789,42.060001373291016,43.470001220703125,41.86000061035156,33351,BZ=F,Factor,2026-09-24
2020-10-09,42.849998474121094,42.849998474121094,43.40999984741211,43.560001373291016,42.61000061035156,26041,BZ=F,Factor,2026-09-24
2020-10-12,41.720001220703125,41.720001220703125,42.689998626708984,42.810001373291016,41.349998474121094,24754,BZ=F,Factor,2026-09-24
2020-10-13,42.45000076293945,42.45000076293945,41.83000183105469,42.66999816894531,41.650001525878906,22528,BZ=F,Factor,2026-09-24
2020-10-14,43.31999969482422,43.31999969482422,42.41999816894531,43.43000030517578,42.130001068115234,28837,BZ=F,Factor,2026-09-24
2020-10-15,43.15999984741211,43.15999984741211,43.40999984741211,43.599998474121094,41.560001373291016,40144,BZ=F,Factor,2026-09-24
2020-10-16,42.93000030517578,42.93000030517578,43.040000915527344,43.20000076293945,42.27000045776367,24159,BZ=F,Factor,2026-09-24
2020-10-19,42.619998931884766,42.619998931884766,42.7400016784668,43.220001220703125,42.369998931884766,26265,BZ=F,Factor,2026-09-24
2020-10-20,43.15999984741211,43.15999984741211,42.43000030517578,43.310001373291016,42.189998626708984,31677,BZ=F,Factor,2026-09-24
2020-10-21,41.72999954223633,41.72999954223633,42.81999969482422,43.040000915527344,41.459999084472656,31681,BZ=F,Factor,2026-09-24
2020-10-22,42.459999084472656,42.459999084472656,41.720001220703125,42.790000915527344,41.470001220703125,30590,BZ=F,Factor,2026-09-24
2020-10-23,41.77000045776367,41.77000045776367,42.439998626708984,42.79999923706055,41.5,26207,BZ=F,Factor,2026-09-24
2020-10-26,40.459999084472656,40.459999084472656,41.630001068115234,41.630001068115234,40.220001220703125,28463,BZ=F,Factor,2026-09-24
2020-10-27,41.20000076293945,41.20000076293945,40.52000045776367,41.470001220703125,40.400001525878906,26720,BZ=F,Factor,2026-09-24
2020-10-28,39.119998931884766,39.119998931884766,40.709999084472656,40.709999084472656,38.7400016784668,21228,BZ=F,Factor,2026-09-24
2020-10-29,37.650001525878906,37.650001525878906,39.31999969482422,39.5,36.68000030517578,14205,BZ=F,Factor,2026-09-24
2020-10-30,37.459999084472656,37.459999084472656,37.619998931884766,38.02000045776367,37.0,43651,BZ=F,Factor,2026-09-24
2020-11-02,38.970001220703125,38.970001220703125,37.41999816894531,39.34000015258789,35.72999954223633,40454,BZ=F,Factor,2026-09-24
2020-11-03,39.709999084472656,39.709999084472656,39.220001220703125,40.439998626708984,38.650001525878906,39534,BZ=F,Factor,2026-09-24
2020-11-04,41.22999954223633,41.22999954223633,40.150001525878906,41.34000015258789,39.40999984741211,39329,BZ=F,Factor,2026-09-24
2020-11-05,40.93000030517578,40.93000030517578,41.16999816894531,41.52000045776367,40.34000015258789,30961,BZ=F,Factor,2026-09-24
2020-11-06,39.45000076293945,39.45000076293945,40.77000045776367,40.779998779296875,39.33000183105469,33078,BZ=F,Factor,2026-09-24
2020-11-09,42.400001525878906,42.400001525878906,39.70000076293945,43.4900016784668,39.61000061035156,55156,BZ=F,Factor,2026-09-24
2020-11-10,43.61000061035156,43.61000061035156,42.130001068115234,44.06999969482422,41.54999923706055,41973,BZ=F,Factor,2026-09-24
2020-11-11,43.79999923706055,43.79999923706055,43.959999084472656,45.310001373291016,43.61000061035156,43047,BZ=F,Factor,2026-09-24
2020-11-12,43.529998779296875,43.529998779296875,43.779998779296875,44.47999954223633,43.279998779296875,36578,BZ=F,Factor,2026-09-24
2020-11-13,42.779998779296875,42.779998779296875,43.33000183105469,43.34000015258789,42.630001068115234,34737,BZ=F,Factor,2026-09-24
2020-11-16,43.81999969482422,43.81999969482422,42.72999954223633,44.68000030517578,42.63999938964844,37770,BZ=F,Factor,2026-09-24
2020-11-17,43.75,43.75,43.900001525878906,44.22999954223633,43.08000183105469,27858,BZ=F,Factor,2026-09-24
2020-11-18,44.34000015258789,44.34000015258789,43.779998779296875,44.880001068115234,43.4900016784668,28668,BZ=F,Factor,2026-09-24
2020-11-19,44.20000076293945,44.20000076293945,44.15999984741211,44.58000183105469,43.790000915527344,25836,BZ=F,Factor,2026-09-24
2020-11-20,44.959999084472656,44.959999084472656,44.220001220703125,45.189998626708984,44.0,24489,BZ=F,Factor,2026-09-24
2020-11-23,46.060001373291016,46.060001373291016,45.130001068115234,46.119998931884766,44.900001525878906,35378,BZ=F,Factor,2026-09-24
2020-11-24,47.86000061035156,47.86000061035156,45.84000015258789,48.029998779296875,45.84000015258789,31692,BZ=F,Factor,2026-09-24
2020-11-25,48.61000061035156,48.61000061035156,47.86000061035156,49.04999923706055,47.599998474121094,24897,BZ=F,Factor,2026-09-24
2020-11-27,48.18000030517578,48.18000030517578,48.900001525878906,49.06999969482422,47.36000061035156,12454,BZ=F,Factor,2026-09-24
2020-11-30,47.59000015258789,47.59000015258789,47.75,47.95000076293945,46.849998474121094,37651,BZ=F,Factor,2026-09-24
2020-12-01,47.41999816894531,47.41999816894531,47.70000076293945,48.29999923706055,46.88999938964844,31987,BZ=F,Factor,2026-09-24
2020-12-02,48.25,48.25,47.13999938964844,48.75,46.77000045776367,35514,BZ=F,Factor,2026-09-24
2020-12-03,48.709999084472656,48.709999084472656,48.08000183105469,48.93000030517578,47.68000030517578,36526,BZ=F,Factor,2026-09-24
2020-12-04,49.25,49.25,48.81999969482422,49.86000061035156,48.77000045776367,31658,BZ=F,Factor,2026-09-24
2020-12-07,48.790000915527344,48.790000915527344,49.22999954223633,49.43000030517578,48.38999938964844,23896,BZ=F,Factor,2026-09-24
2020-12-08,48.84000015258789,48.84000015258789,48.68000030517578,49.0,48.11000061035156,27102,BZ=F,Factor,2026-09-24
2020-12-09,48.86000061035156,48.86000061035156,48.83000183105469,49.540000915527344,48.380001068115234,36534,BZ=F,Factor,2026-09-24
2020-12-10,50.25,50.25,48.97999954223633,51.06999969482422,48.86000061035156,30919,BZ=F,Factor,2026-09-24
2020-12-11,49.970001220703125,49.970001220703125,50.34000015258789,50.7400016784668,49.75,25222,BZ=F,Factor,2026-09-24
2020-12-14,50.290000915527344,50.290000915527344,50.060001373291016,50.79999923706055,49.18000030517578,28782,BZ=F,Factor,2026-09-24
2020-12-15,50.7599983215332,50.7599983215332,50.33000183105469,50.880001068115234,49.790000915527344,24071,BZ=F,Factor,2026-09-24
2020-12-16,51.08000183105469,51.08000183105469,50.720001220703125,51.20000076293945,50.36000061035156,25996,BZ=F,Factor,2026-09-24
2020-12-17,51.5,51.5,51.08000183105469,51.880001068115234,51.0099983215332,24947,BZ=F,Factor,2026-09-24
2020-12-18,52.2599983215332,52.2599983215332,51.45000076293945,52.470001220703125,51.13999938964844,24749,BZ=F,Factor,2026-09-24
2020-12-21,50.90999984741211,50.90999984741211,52.310001373291016,52.34000015258789,49.209999084472656,33507,BZ=F,Factor,2026-09-24
2020-12-22,50.08000183105469,50.08000183105469,50.900001525878906,50.93000030517578,49.560001373291016,22381,BZ=F,Factor,2026-09-24
2020-12-23,51.20000076293945,51.20000076293945,49.79999923706055,51.59000015258789,49.18000030517578,18879,BZ=F,Factor,2026-09-24
2020-12-24,51.290000915527344,51.290000915527344,51.099998474121094,51.7599983215332,50.63999938964844,11666,BZ=F,Factor,2026-09-24
2020-12-28,50.86000061035156,50.86000061035156,51.20000076293945,52.02000045776367,50.52000045776367,9704,BZ=F,Factor,2026-09-24
2020-12-29,51.09000015258789,51.09000015258789,51.060001373291016,51.630001068115234,50.869998931884766,5788,BZ=F,Factor,2026-09-24
2020-12-30,51.34000015258789,51.34000015258789,51.04999923706055,51.52000045776367,51.04999923706055,23958,BZ=F,Factor,2026-09-24
2020-12-31,51.79999923706055,51.79999923706055,51.5099983215332,51.90999984741211,50.900001525878906,18326,BZ=F,Factor,2026-09-24
2021-01-04,51.09000015258789,51.09000015258789,51.65999984741211,53.31999969482422,50.58000183105469,50232,BZ=F,Factor,2026-09-24
2021-01-05,53.599998474121094,53.599998474121094,50.7400016784668,53.880001068115234,50.619998931884766,62791,BZ=F,Factor,2026-09-24
2021-01-06,54.29999923706055,54.29999923706055,53.59000015258789,54.720001220703125,53.150001525878906,49186,BZ=F,Factor,2026-09-24
2021-01-07,54.380001068115234,54.380001068115234,54.13999938964844,54.900001525878906,53.939998626708984,30800,BZ=F,Factor,2026-09-24
2021-01-08,55.9900016784668,55.9900016784668,54.459999084472656,56.29999923706055,54.36000061035156,37597,BZ=F,Factor,2026-09-24
2021-01-11,55.65999984741211,55.65999984741211,56.209999084472656,56.279998779296875,54.97999954223633,33199,BZ=F,Factor,2026-09-24
2021-01-12,56.58000183105469,56.58000183105469,55.560001373291016,56.779998779296875,55.529998779296875,27874,BZ=F,Factor,2026-09-24
2021-01-13,56.060001373291016,56.060001373291016,56.72999954223633,57.41999816894531,55.779998779296875,32953,BZ=F,Factor,2026-09-24
2021-01-14,56.41999816894531,56.41999816894531,55.939998626708984,56.540000915527344,55.2400016784668,33446,BZ=F,Factor,2026-09-24
2021-01-15,55.099998474121094,55.099998474121094,56.43000030517578,56.63999938964844,54.650001525878906,30604,BZ=F,Factor,2026-09-24
2021-01-19,55.900001525878906,55.900001525878906,54.7400016784668,56.08000183105469,54.5,36910,BZ=F,Factor,2026-09-24
2021-01-20,56.08000183105469,56.08000183105469,55.900001525878906,56.619998931884766,55.650001525878906,33793,BZ=F,Factor,2026-09-24
2021-01-21,56.099998474121094,56.099998474121094,55.779998779296875,56.2400016784668,55.5099983215332,22792,BZ=F,Factor,2026-09-24
2021-01-22,55.40999984741211,55.40999984741211,56.150001525878906,56.16999816894531,54.4900016784668,33071,BZ=F,Factor,2026-09-24
2021-01-25,55.880001068115234,55.880001068115234,55.20000076293945,56.02000045776367,55.09000015258789,24457,BZ=F,Factor,2026-09-24
2021-01-26,55.90999984741211,55.90999984741211,55.97999954223633,56.34000015258789,55.400001525878906,19102,BZ=F,Factor,2026-09-24
2021-01-27,55.810001373291016,55.810001373291016,56.08000183105469,56.47999954223633,55.20000076293945,20094,BZ=F,Factor,2026-09-24
2021-01-28,55.529998779296875,55.529998779296875,55.66999816894531,56.59000015258789,55.220001220703125,6141,BZ=F,Factor,2026-09-24
2021-01-29,55.880001068115234,55.880001068115234,55.52000045776367,56.349998474121094,55.43000030517578,37454,BZ=F,Factor,2026-09-24
2021-02-01,56.349998474121094,56.349998474121094,54.900001525878906,56.529998779296875,54.619998931884766,34234,BZ=F,Factor,2026-09-24
2021-02-02,57.459999084472656,57.459999084472656,56.290000915527344,58.04999923706055,56.220001220703125,34815,BZ=F,Factor,2026-09-24
2021-02-03,58.459999084472656,58.459999084472656,57.790000915527344,58.939998626708984,57.529998779296875,34146,BZ=F,Factor,2026-09-24
2021-02-04,58.84000015258789,58.84000015258789,58.66999816894531,59.04999923706055,58.060001373291016,24732,BZ=F,Factor,2026-09-24
2021-02-05,59.34000015258789,59.34000015258789,59.099998474121094,59.790000915527344,59.08000183105469,23510,BZ=F,Factor,2026-09-24
2021-02-08,60.560001373291016,60.560001373291016,59.560001373291016,60.70000076293945,59.54999923706055,21098,BZ=F,Factor,2026-09-24
2021-02-09,61.09000015258789,61.09000015258789,60.63999938964844,61.27000045776367,60.040000915527344,31230,BZ=F,Factor,2026-09-24
2021-02-10,61.470001220703125,61.470001220703125,61.22999954223633,61.68000030517578,60.88999938964844,28344,BZ=F,Factor,2026-09-24
2021-02-11,61.13999938964844,61.13999938964844,61.209999084472656,61.5,60.72999954223633,26169,BZ=F,Factor,2026-09-24
2021-02-12,62.43000030517578,62.43000030517578,60.86000061035156,62.83000183105469,60.34000015258789,36933,BZ=F,Factor,2026-09-24
2021-02-16,63.349998474121094,63.349998474121094,62.77000045776367,63.810001373291016,62.689998626708984,65492,BZ=F,Factor,2026-09-24
2021-02-17,64.33999633789062,64.33999633789062,63.54999923706055,64.94999694824219,62.75,47339,BZ=F,Factor,2026-09-24
2021-02-18,63.93000030517578,63.93000030517578,64.87000274658203,65.48999786376953,63.22999954223633,43309,BZ=F,Factor,2026-09-24
2021-02-19,62.90999984741211,62.90999984741211,63.650001525878906,63.93000030517578,62.11000061035156,54254,BZ=F,Factor,2026-09-24
2021-02-22,65.23999786376953,65.23999786376953,62.72999954223633,65.83999633789062,62.59000015258789,32173,BZ=F,Factor,2026-09-24
2021-02-23,65.37000274658203,65.37000274658203,65.66000366210938,66.79000091552734,64.4800033569336,34643,BZ=F,Factor,2026-09-24
2021-02-24,67.04000091552734,67.04000091552734,65.2300033569336,67.29000091552734,64.80000305175781,27000,BZ=F,Factor,2026-09-24
2021-02-25,66.87999725341797,66.87999725341797,67.33999633789062,67.69999694824219,66.48999786376953,11746,BZ=F,Factor,2026-09-24
2021-02-26,66.12999725341797,66.12999725341797,66.70999908447266,66.87999725341797,65.69999694824219,42394,BZ=F,Factor,2026-09-24
2021-03-01,63.689998626708984,63.689998626708984,64.70999908447266,65.91000366210938,63.18000030517578,33869,BZ=F,Factor,2026-09-24
2021-03-02,62.70000076293945,62.70000076293945,63.38999938964844,64.12999725341797,62.369998931884766,37996,BZ=F,Factor,2026-09-24
2021-03-03,64.06999969482422,64.06999969482422,62.470001220703125,64.69999694824219,62.34000015258789,35401,BZ=F,Factor,2026-09-24
2021-03-04,66.73999786376953,66.73999786376953,63.939998626708984,67.7300033569336,63.36000061035156,67790,BZ=F,Factor,2026-09-24
2021-03-05,69.36000061035156,69.36000061035156,67.26000213623047,69.69000244140625,66.66000366210938,40754,BZ=F,Factor,2026-09-24
2021-03-08,68.23999786376953,68.23999786376953,69.9000015258789,71.36000061035156,67.80999755859375,37511,BZ=F,Factor,2026-09-24
2021-03-09,67.5199966430664,67.5199966430664,68.0999984741211,69.31999969482422,67.13999938964844,30989,BZ=F,Factor,2026-09-24
2021-03-10,67.9000015258789,67.9000015258789,67.33000183105469,68.43000030517578,66.5199966430664,37089,BZ=F,Factor,2026-09-24
2021-03-11,69.62999725341797,69.62999725341797,68.26000213623047,69.83000183105469,68.0,30629,BZ=F,Factor,2026-09-24
2021-03-12,69.22000122070312,69.22000122070312,69.58999633789062,69.9000015258789,69.02999877929688,27364,BZ=F,Factor,2026-09-24
2021-03-15,68.87999725341797,68.87999725341797,69.12000274658203,70.0199966430664,67.83000183105469,30212,BZ=F,Factor,2026-09-24
2021-03-16,68.38999938964844,68.38999938964844,68.86000061035156,68.95999908447266,67.36000061035156,27321,BZ=F,Factor,2026-09-24
2021-03-17,68.0,68.0,68.38999938964844,68.87999725341797,66.95999908447266,37607,BZ=F,Factor,2026-09-24
2021-03-18,63.279998779296875,63.279998779296875,67.93000030517578,68.1500015258789,61.41999816894531,61688,BZ=F,Factor,2026-09-24
2021-03-19,64.52999877929688,64.52999877929688,62.83000183105469,64.9000015258789,62.08000183105469,54241,BZ=F,Factor,2026-09-24
2021-03-22,64.62000274658203,64.62000274658203,64.66000366210938,65.06999969482422,63.45000076293945,29644,BZ=F,Factor,2026-09-24
2021-03-23,60.790000915527344,60.790000915527344,64.30999755859375,64.33999633789062,60.2599983215332,43200,BZ=F,Factor,2026-09-24
2021-03-24,64.41000366210938,64.41000366210938,60.349998474121094,64.55999755859375,60.34000015258789,36451,BZ=F,Factor,2026-09-24
2021-03-25,61.95000076293945,61.95000076293945,64.1500015258789,64.1500015258789,60.97999954223633,27894,BZ=F,Factor,2026-09-24
2021-03-26,64.56999969482422,64.56999969482422,61.7400016784668,64.87999725341797,61.7400016784668,23364,BZ=F,Factor,2026-09-24
2021-03-29,64.9800033569336,64.9800033569336,64.04000091552734,65.44999694824219,63.13999938964844,18231,BZ=F,Factor,2026-09-24
2021-03-30,64.13999938964844,64.13999938964844,65.30999755859375,65.6500015258789,63.63999938964844,4695,BZ=F,Factor,2026-09-24
2021-03-31,63.540000915527344,63.540000915527344,64.4800033569336,64.69000244140625,63.540000915527344,38444,BZ=F,Factor,2026-09-24
2021-04-01,64.86000061035156,64.86000061035156,62.9900016784668,65.16000366210938,62.369998931884766,66715,BZ=F,Factor,2026-09-24
2021-04-05,62.150001525878906,62.150001525878906,64.80999755859375,64.80999755859375,61.2400016784668,37285,BZ=F,Factor,2026-09-24
2021-04-06,62.7400016784668,62.7400016784668,62.29999923706055,64.2699966430664,62.08000183105469,44319,BZ=F,Factor,2026-09-24
2021-04-07,63.15999984741211,63.15999984741211,62.68000030517578,63.52000045776367,61.599998474121094,42225,BZ=F,Factor,2026-09-24
2021-04-08,63.20000076293945,63.20000076293945,62.97999954223633,63.41999816894531,62.380001068115234,32283,BZ=F,Factor,2026-09-24
2021-04-09,62.95000076293945,62.95000076293945,63.290000915527344,63.459999084472656,62.56999969482422,29073,BZ=F,Factor,2026-09-24
2021-04-12,63.279998779296875,63.279998779296875,63.02000045776367,64.30999755859375,62.40999984741211,36366,BZ=F,Factor,2026-09-24
2021-04-13,63.66999816894531,63.66999816894531,63.2400016784668,64.18000030517578,63.22999954223633,26957,BZ=F,Factor,2026-09-24
2021-04-14,66.58000183105469,66.58000183105469,64.01000213623047,66.9000015258789,63.88999938964844,35988,BZ=F,Factor,2026-09-24
2021-04-15,66.94000244140625,66.94000244140625,66.3499984741211,67.02999877929688,65.95999908447266,23442,BZ=F,Factor,2026-09-24
2021-04-16,66.7699966430664,66.7699966430664,66.86000061035156,67.37999725341797,66.44999694824219,24035,BZ=F,Factor,2026-09-24
2021-04-19,67.05000305175781,67.05000305175781,66.69000244140625,67.2300033569336,66.19000244140625,19740,BZ=F,Factor,2026-09-24
2021-04-20,66.56999969482422,66.56999969482422,67.12000274658203,68.08000183105469,65.5,40194,BZ=F,Factor,2026-09-24
2021-04-21,65.31999969482422,65.31999969482422,66.36000061035156,66.5199966430664,64.95999908447266,32764,BZ=F,Factor,2026-09-24
2021-04-22,65.4000015258789,65.4000015258789,65.11000061035156,65.83999633789062,64.58000183105469,26722,BZ=F,Factor,2026-09-24
2021-04-23,66.11000061035156,66.11000061035156,65.62000274658203,66.30999755859375,65.16999816894531,22397,BZ=F,Factor,2026-09-24
2021-04-26,65.6500015258789,65.6500015258789,66.0199966430664,66.25,64.56999969482422,27250,BZ=F,Factor,2026-09-24
2021-04-27,66.41999816894531,66.41999816894531,65.7699966430664,66.80000305175781,65.69999694824219,33604,BZ=F,Factor,2026-09-24
2021-04-28,67.2699966430664,67.2699966430664,66.66000366210938,67.86000061035156,66.16000366210938,24119,BZ=F,Factor,2026-09-24
2021-04-29,68.55999755859375,68.55999755859375,67.04000091552734,68.94999694824219,67.04000091552734,10592,BZ=F,Factor,2026-09-24
2021-04-30,67.25,67.25,68.31999969482422,68.31999969482422,67.1500015258789,31012,BZ=F,Factor,2026-09-24
2021-05-03,67.55999755859375,67.55999755859375,66.7699966430664,67.83000183105469,66.08000183105469,17852,BZ=F,Factor,2026-09-24
2021-05-04,68.87999725341797,68.87999725341797,67.6500015258789,69.43000030517578,67.37999725341797,27613,BZ=F,Factor,2026-09-24
2021-05-05,68.95999908447266,68.95999908447266,69.5,69.95999908447266,68.33999633789062,32004,BZ=F,Factor,2026-09-24
2021-05-06,68.08999633789062,68.08999633789062,68.56999969482422,69.37000274658203,67.93000030517578,25171,BZ=F,Factor,2026-09-24
2021-05-07,68.27999877929688,68.27999877929688,68.29000091552734,68.61000061035156,67.37999725341797,29163,BZ=F,Factor,2026-09-24
2021-05-10,68.31999969482422,68.31999969482422,68.62000274658203,70.26000213623047,67.41000366210938,31833,BZ=F,Factor,2026-09-24
2021-05-11,68.55000305175781,68.55000305175781,68.23999786376953,68.75,67.12999725341797,40504,BZ=F,Factor,2026-09-24
2021-05-12,69.31999969482422,69.31999969482422,68.72000122070312,69.9000015258789,68.19000244140625,31702,BZ=F,Factor,2026-09-24
2021-05-13,67.05000305175781,67.05000305175781,69.0199966430664,69.0199966430664,66.47000122070312,38726,BZ=F,Factor,2026-09-24
2021-05-14,68.70999908447266,68.70999908447266,67.01000213623047,68.86000061035156,66.5,31042,BZ=F,Factor,2026-09-24
2021-05-17,69.45999908447266,69.45999908447266,68.86000061035156,69.62999725341797,68.19999694824219,26662,BZ=F,Factor,2026-09-24
2021-05-18,68.70999908447266,68.70999908447266,69.52999877929688,70.23999786376953,67.27999877929688,43138,BZ=F,Factor,2026-09-24
2021-05-19,66.66000366210938,66.66000366210938,68.58000183105469,68.5999984741211,65.29000091552734,42607,BZ=F,Factor,2026-09-24
2021-05-20,65.11000061035156,65.11000061035156,66.7300033569336,67.1500015258789,64.79000091552734,35448,BZ=F,Factor,2026-09-24
2021-05-21,66.44000244140625,66.44000244140625,65.04000091552734,66.94000244140625,64.55999755859375,33829,BZ=F,Factor,2026-09-24
2021-05-24,68.45999908447266,68.45999908447266,66.63999938964844,68.63999938964844,66.47000122070312,29400,BZ=F,Factor,2026-09-24
2021-05-25,68.6500015258789,68.6500015258789,68.38999938964844,68.88999938964844,67.83999633789062,20377,BZ=F,Factor,2026-09-24
2021-05-26,68.87000274658203,68.87000274658203,68.62999725341797,69.16000366210938,68.02999877929688,21097,BZ=F,Factor,2026-09-24
2021-05-27,69.45999908447266,69.45999908447266,68.87999725341797,69.51000213623047,68.11000061035156,6546,BZ=F,Factor,2026-09-24
2021-05-28,69.62999725341797,69.62999725341797,69.62000274658203,69.83000183105469,69.41999816894531,31275,BZ=F,Factor,2026-09-24
2021-06-01,70.25,70.25,69.02999877929688,71.3499984741211,68.7699966430664,39925,BZ=F,Factor,2026-09-24
2021-06-02,71.3499984741211,71.3499984741211,70.55999755859375,71.48999786376953,70.37000274658203,22202,BZ=F,Factor,2026-09-24
2021-06-03,71.30999755859375,71.30999755859375,71.2699966430664,71.9800033569336,70.66000366210938,25178,BZ=F,Factor,2026-09-24
2021-06-04,71.88999938964844,71.88999938964844,71.3499984741211,72.16999816894531,70.76000213623047,24006,BZ=F,Factor,2026-09-24
2021-06-07,71.48999786376953,71.48999786376953,71.69999694824219,72.26000213623047,71.0999984741211,21019,BZ=F,Factor,2026-09-24
2021-06-08,72.22000122070312,72.22000122070312,71.38999938964844,72.41000366210938,70.72000122070312,29742,BZ=F,Factor,2026-09-24
2021-06-09,72.22000122070312,72.22000122070312,72.13999938964844,72.87999725341797,71.81999969482422,31013,BZ=F,Factor,2026-09-24
2021-06-10,72.5199966430664,72.5199966430664,72.08999633789062,72.91999816894531,70.94999694824219,37080,BZ=F,Factor,2026-09-24
2021-06-11,72.69000244140625,72.69000244140625,72.38999938964844,73.08000183105469,71.87999725341797,36538,BZ=F,Factor,2026-09-24
2021-06-14,72.86000061035156,72.86000061035156,72.48999786376953,73.63999938964844,72.48999786376953,25816,BZ=F,Factor,2026-09-24
2021-06-15,73.98999786376953,73.98999786376953,73.0999984741211,74.33000183105469,72.77999877929688,32191,BZ=F,Factor,2026-09-24
2021-06-16,74.38999938964844,74.38999938964844,74.30000305175781,74.95999908447266,73.88999938964844,42294,BZ=F,Factor,2026-09-24
2021-06-17,73.08000183105469,73.08000183105469,73.9800033569336,74.48999786376953,72.0,42085,BZ=F,Factor,2026-09-24
2021-06-18,73.51000213623047,73.51000213623047,73.06999969482422,73.75,72.18000030517578,26417,BZ=F,Factor,2026-09-24
2021-06-21,74.9000015258789,74.9000015258789,73.33000183105469,74.94999694824219,72.9800033569336,38734,BZ=F,Factor,2026-09-24
2021-06-22,74.80999755859375,74.80999755859375,74.80999755859375,75.29000091552734,74.33999633789062,39381,BZ=F,Factor,2026-09-24
2021-06-23,75.19000244140625,75.19000244140625,74.76000213623047,76.0,74.7300033569336,32883,BZ=F,Factor,2026-09-24
2021-06-24,75.55999755859375,75.55999755859375,75.37000274658203,75.7699966430664,74.5199966430664,26664,BZ=F,Factor,2026-09-24
2021-06-25,76.18000030517578,76.18000030517578,75.61000061035156,76.20999908447266,74.94999694824219,31417,BZ=F,Factor,2026-09-24
2021-06-28,74.68000030517578,74.68000030517578,76.16000366210938,76.58999633789062,74.5199966430664,27711,BZ=F,Factor,2026-09-24
2021-06-29,74.76000213623047,74.76000213623047,74.5999984741211,75.51000213623047,73.91000366210938,4089,BZ=F,Factor,2026-09-24
2021-06-30,75.12999725341797,75.12999725341797,75.13999938964844,75.5999984741211,74.54000091552734,33596,BZ=F,Factor,2026-09-24
2021-07-01,75.83999633789062,75.83999633789062,74.69999694824219,76.75,74.55000305175781,52210,BZ=F,Factor,2026-09-24
2021-07-02,76.16999816894531,76.16999816894531,75.58999633789062,76.43000030517578,75.2300033569336,31167,BZ=F,Factor,2026-09-24
2021-07-06,74.52999877929688,74.52999877929688,76.08999633789062,77.83000183105469,74.12000274658203,58679,BZ=F,Factor,2026-09-24
2021-07-07,73.43000030517578,73.43000030517578,74.95999908447266,75.98999786376953,72.58999633789062,51166,BZ=F,Factor,2026-09-24
2021-07-08,74.12000274658203,74.12000274658203,73.47000122070312,74.38999938964844,72.0999984741211,42366,BZ=F,Factor,2026-09-24
2021-07-09,75.55000305175781,75.55000305175781,74.36000061035156,75.79000091552734,73.81999969482422,31967,BZ=F,Factor,2026-09-24
2021-07-12,75.16000366210938,75.16000366210938,75.63999938964844,75.83999633789062,74.23999786376953,32255,BZ=F,Factor,2026-09-24
2021-07-13,76.48999786376953,76.48999786376953,75.2300033569336,76.61000061035156,74.95999908447266,32219,BZ=F,Factor,2026-09-24
2021-07-14,74.76000213623047,74.76000213623047,76.4000015258789,76.70999908447266,73.76000213623047,49772,BZ=F,Factor,2026-09-24
2021-07-15,73.47000122070312,73.47000122070312,74.55000305175781,74.63999938964844,73.16000366210938,41748,BZ=F,Factor,2026-09-24
2021-07-16,73.58999633789062,73.58999633789062,73.26000213623047,74.06999969482422,72.33999633789062,33536,BZ=F,Factor,2026-09-24
2021-07-19,68.62000274658203,68.62000274658203,73.0,73.29000091552734,67.8499984741211,58659,BZ=F,Factor,2026-09-24
2021-07-20,69.3499984741211,69.3499984741211,68.76000213623047,69.7300033569336,67.41999816894531,43067,BZ=F,Factor,2026-09-24
2021-07-21,72.2300033569336,72.2300033569336,68.73999786376953,72.36000061035156,68.63999938964844,43341,BZ=F,Factor,2026-09-24
2021-07-22,73.79000091552734,73.79000091552734,72.0999984741211,73.9000015258789,71.75,34425,BZ=F,Factor,2026-09-24
2021-07-23,74.0999984741211,74.0999984741211,73.70999908447266,74.20999908447266,73.33000183105469,23724,BZ=F,Factor,2026-09-24
2021-07-26,74.5,74.5,74.16999816894531,74.83000183105469,72.75,31628,BZ=F,Factor,2026-09-24
2021-07-27,74.4800033569336,74.4800033569336,74.79000091552734,75.05000305175781,74.0199966430664,26028,BZ=F,Factor,2026-09-24
2021-07-28,74.73999786376953,74.73999786376953,74.66000366210938,75.30999755859375,74.44000244140625,20863,BZ=F,Factor,2026-09-24
2021-07-29,76.05000305175781,76.05000305175781,74.80999755859375,76.13999938964844,74.62999725341797,9158,BZ=F,Factor,2026-09-24
2021-07-30,76.33000183105469,76.33000183105469,75.80000305175781,76.38999938964844,75.51000213623047,27919,BZ=F,Factor,2026-09-24
2021-08-02,72.88999938964844,72.88999938964844,75.18000030517578,75.33000183105469,72.30999755859375,38106,BZ=F,Factor,2026-09-24
2021-08-03,72.41000366210938,72.41000366210938,73.2300033569336,73.52999877929688,71.04000091552734,41458,BZ=F,Factor,2026-09-24
2021-08-04,70.37999725341797,70.37999725341797,72.33000183105469,72.81999969482422,70.12000274658203,44616,BZ=F,Factor,2026-09-24
2021-08-05,71.29000091552734,71.29000091552734,70.25,71.5,69.75,32444,BZ=F,Factor,2026-09-24
2021-08-06,70.69999694824219,70.69999694824219,71.26000213623047,72.43000030517578,70.27999877929688,35762,BZ=F,Factor,2026-09-24
2021-08-09,69.04000091552734,69.04000091552734,70.05999755859375,70.05999755859375,67.61000061035156,42738,BZ=F,Factor,2026-09-24
2021-08-10,70.62999725341797,70.62999725341797,69.29000091552734,71.2300033569336,68.97000122070312,30525,BZ=F,Factor,2026-09-24
2021-08-11,71.44000244140625,71.44000244140625,70.91000366210938,71.62999725341797,69.06999969482422,34214,BZ=F,Factor,2026-09-24
2021-08-12,71.30999755859375,71.30999755859375,71.58000183105469,71.88999938964844,70.68000030517578,22952,BZ=F,Factor,2026-09-24
2021-08-13,70.58999633789062,70.58999633789062,71.12000274658203,71.38999938964844,70.0,26874,BZ=F,Factor,2026-09-24
2021-08-16,69.51000213623047,69.51000213623047,70.22000122070312,70.4000015258789,68.13999938964844,33537,BZ=F,Factor,2026-09-24
2021-08-17,69.02999877929688,69.02999877929688,69.6500015258789,70.01000213623047,68.81999969482422,29163,BZ=F,Factor,2026-09-24
2021-08-18,68.2300033569336,68.2300033569336,69.01000213623047,70.04000091552734,67.22000122070312,34264,BZ=F,Factor,2026-09-24
2021-08-19,66.44999694824219,66.44999694824219,67.41999816894531,67.6500015258789,65.55999755859375,35816,BZ=F,Factor,2026-09-24
2021-08-20,65.18000030517578,65.18000030517578,66.5999984741211,66.91999816894531,64.80000305175781,27104,BZ=F,Factor,2026-09-24
2021-08-23,68.75,68.75,65.18000030517578,68.91000366210938,64.83000183105469,29582,BZ=F,Factor,2026-09-24
2021-08-24,71.05000305175781,71.05000305175781,68.68000030517578,71.30000305175781,68.5199966430664,38685,BZ=F,Factor,2026-09-24
2021-08-25,72.25,72.25,71.12999725341797,72.41000366210938,70.51000213623047,32345,BZ=F,Factor,2026-09-24
2021-08-26,71.06999969482422,71.06999969482422,71.83999633789062,72.12999725341797,70.68000030517578,24373,BZ=F,Factor,2026-09-24
2021-08-27,72.69999694824219,72.69999694824219,71.41999816894531,72.73999786376953,71.16000366210938,13316,BZ=F,Factor,2026-09-24
2021-08-30,73.41000366210938,73.41000366210938,73.58999633789062,73.69999694824219,71.98999786376953,3291,BZ=F,Factor,2026-09-24
2021-08-31,72.98999786376953,72.98999786376953,73.02999877929688,73.48999786376953,72.91000366210938,28933,BZ=F,Factor,2026-09-24
2021-09-01,71.58999633789062,71.58999633789062,71.69999694824219,72.37000274658203,70.41000366210938,32339,BZ=F,Factor,2026-09-24
2021-09-02,73.02999877929688,73.02999877929688,71.23999786376953,73.45999908447266,70.91999816894531,30185,BZ=F,Factor,2026-09-24
2021-09-03,72.61000061035156,72.61000061035156,72.80999755859375,73.69999694824219,72.4000015258789,27095,BZ=F,Factor,2026-09-24
2021-09-07,71.69000244140625,71.69000244140625,72.69000244140625,72.7699966430664,71.0999984741211,35294,BZ=F,Factor,2026-09-24
2021-09-08,72.5999984741211,72.5999984741211,71.58000183105469,72.94999694824219,71.55999755859375,31671,BZ=F,Factor,2026-09-24
2021-09-09,71.44999694824219,71.44999694824219,72.62000274658203,73.19000244140625,70.88999938964844,35106,BZ=F,Factor,2026-09-24
2021-09-10,72.91999816894531,72.91999816894531,71.30999755859375,73.13999938964844,70.95999908447266,26654,BZ=F,Factor,2026-09-24
2021-09-13,73.51000213623047,73.51000213623047,73.05000305175781,73.93000030517578,72.69999694824219,26510,BZ=F,Factor,2026-09-24
2021-09-14,73.5999984741211,73.5999984741211,73.7300033569336,74.2699966430664,73.08000183105469,27690,BZ=F,Factor,2026-09-24
2021-09-15,75.45999908447266,75.45999908447266,73.83999633789062,76.12999725341797,73.77999877929688,35197,BZ=F,Factor,2026-09-24
2021-09-16,75.66999816894531,75.66999816894531,75.45999908447266,75.86000061035156,74.4800033569336,27363,BZ=F,Factor,2026-09-24
2021-09-17,75.33999633789062,75.33999633789062,75.01000213623047,75.77999877929688,74.58000183105469,26771,BZ=F,Factor,2026-09-24
2021-09-20,73.91999816894531,73.91999816894531,75.38999938964844,75.38999938964844,73.51000213623047,28251,BZ=F,Factor,2026-09-24
2021-09-21,74.36000061035156,74.36000061035156,74.2300033569336,75.16999816894531,73.25,25140,BZ=F,Factor,2026-09-24
2021-09-22,76.19000244140625,76.19000244140625,74.61000061035156,76.26000213623047,74.51000213623047,26605,BZ=F,Factor,2026-09-24
2021-09-23,77.25,77.25,75.87000274658203,77.33999633789062,75.5999984741211,26832,BZ=F,Factor,2026-09-24
2021-09-24,78.08999633789062,78.08999633789062,77.18000030517578,78.25,76.87000274658203,20417,BZ=F,Factor,2026-09-24
2021-09-27,79.52999877929688,79.52999877929688,78.2300033569336,79.87999725341797,78.20999908447266,20799,BZ=F,Factor,2026-09-24
2021-09-28,79.08999633789062,79.08999633789062,79.41999816894531,80.73999786376953,78.08000183105469,21656,BZ=F,Factor,2026-09-24
2021-09-29,78.63999938964844,78.63999938964844,78.25,79.41000366210938,77.52999877929688,8319,BZ=F,Factor,2026-09-24
2021-09-30,78.5199966430664,78.5199966430664,78.33000183105469,79.16000366210938,77.63999938964844,51076,BZ=F,Factor,2026-09-24
2021-10-01,79.27999877929688,79.27999877929688,78.41000366210938,79.41000366210938,77.56999969482422,31697,BZ=F,Factor,2026-09-24
2021-10-04,81.26000213623047,81.26000213623047,79.36000061035156,82.0,78.76000213623047,43286,BZ=F,Factor,2026-09-24
2021-10-05,82.55999755859375,82.55999755859375,81.27999877929688,83.11000061035156,81.19999694824219,44439,BZ=F,Factor,2026-09-24
2021-10-06,81.08000183105469,81.08000183105469,82.66000366210938,83.44000244140625,80.58999633789062,41389,BZ=F,Factor,2026-09-24
2021-10-07,81.94999694824219,81.94999694824219,80.80000305175781,82.5,79.08000183105469,43830,BZ=F,Factor,2026-09-24
2021-10-08,82.38999938964844,82.38999938964844,82.38999938964844,83.43000030517578,81.95999908447266,48729,BZ=F,Factor,2026-09-24
2021-10-11,83.6500015258789,83.6500015258789,82.58999633789062,84.5999984741211,82.55999755859375,46216,BZ=F,Factor,2026-09-24
2021-10-12,83.41999816894531,83.41999816894531,83.61000061035156,84.2300033569336,82.72000122070312,47351,BZ=F,Factor,2026-09-24
2021-10-13,83.18000030517578,83.18000030517578,83.16000366210938,83.69000244140625,82.20999908447266,39594,BZ=F,Factor,2026-09-24
2021-10-14,84.0,84.0,83.3499984741211,84.52999877929688,83.19000244140625,37348,BZ=F,Factor,2026-09-24
2021-10-15,84.86000061035156,84.86000061035156,84.19999694824219,85.0999984741211,84.16999816894531,33044,BZ=F,Factor,2026-09-24
2021-10-18,84.33000183105469,84.33000183105469,85.05000305175781,86.02999877929688,83.95999908447266,40153,BZ=F,Factor,2026-09-24
2021-10-19,85.08000183105469,85.08000183105469,84.11000061035156,85.4000015258789,83.70999908447266,45141,BZ=F,Factor,2026-09-24
2021-10-20,85.81999969482422,85.81999969482422,85.0999984741211,85.88999938964844,83.62999725341797,43107,BZ=F,Factor,2026-09-24
2021-10-21,84.61000061035156,84.61000061035156,85.87999725341797,86.12000274658203,83.36000061035156,49004,BZ=F,Factor,2026-09-24
2021-10-22,85.52999877929688,85.52999877929688,84.6500015258789,85.94000244140625,83.83000183105469,41174,BZ=F,Factor,2026-09-24
2021-10-25,85.98999786376953,85.98999786376953,85.70999908447266,86.72000122070312,85.44000244140625,43061,BZ=F,Factor,2026-09-24
2021-10-26,86.4000015258789,86.4000015258789,86.02999877929688,86.52999877929688,85.27999877929688,32042,BZ=F,Factor,2026-09-24
2021-10-27,84.58000183105469,84.58000183105469,86.12999725341797,86.2699966430664,84.05000305175781,25643,BZ=F,Factor,2026-09-24
2021-10-28,84.31999969482422,84.31999969482422,84.18000030517578,84.56999969482422,82.30999755859375,10576,BZ=F,Factor,2026-09-24
2021-10-29,84.37999725341797,84.37999725341797,84.19000244140625,84.55999755859375,84.05999755859375,35155,BZ=F,Factor,2026-09-24
2021-11-01,84.70999908447266,84.70999908447266,83.7300033569336,85.11000061035156,83.02999877929688,36245,BZ=F,Factor,2026-09-24
2021-11-02,84.72000122070312,84.72000122070312,84.41999816894531,85.22000122070312,83.76000213623047,40105,BZ=F,Factor,2026-09-24
2021-11-03,81.98999786376953,81.98999786376953,84.04000091552734,84.18000030517578,81.08000183105469,50062,BZ=F,Factor,2026-09-24
2021-11-04,80.54000091552734,80.54000091552734,81.31999969482422,84.5,80.19000244140625,72626,BZ=F,Factor,2026-09-24
2021-11-05,82.73999786376953,82.73999786376953,81.0,83.1500015258789,80.2699966430664,43130,BZ=F,Factor,2026-09-24
2021-11-08,83.43000030517578,83.43000030517578,82.56999969482422,83.98999786376953,82.5,27655,BZ=F,Factor,2026-09-24
2021-11-09,84.77999877929688,84.77999877929688,83.58999633789062,85.13999938964844,83.18000030517578,34996,BZ=F,Factor,2026-09-24
2021-11-10,82.63999938964844,82.63999938964844,85.16000366210938,85.5,82.08999633789062,36273,BZ=F,Factor,2026-09-24
2021-11-11,82.87000274658203,82.87000274658203,82.63999938964844,83.43000030517578,81.66000366210938,31162,BZ=F,Factor,2026-09-24
2021-11-12,82.16999816894531,82.16999816894531,82.66999816894531,82.87000274658203,81.26000213623047,27167,BZ=F,Factor,2026-09-24
2021-11-15,82.05000305175781,82.05000305175781,81.91999816894531,82.48999786376953,80.68000030517578,32804,BZ=F,Factor,2026-09-24
2021-11-16,82.43000030517578,82.43000030517578,82.11000061035156,83.13999938964844,81.55000305175781,25767,BZ=F,Factor,2026-09-24
2021-11-17,80.27999877929688,80.27999877929688,82.33000183105469,82.36000061035156,79.7699966430664,38038,BZ=F,Factor,2026-09-24
2021-11-18,81.23999786376953,81.23999786376953,80.27999877929688,81.41999816894531,79.2699966430664,30490,BZ=F,Factor,2026-09-24
2021-11-19,78.88999938964844,78.88999938964844,81.01000213623047,82.2300033569336,78.05000305175781,44180,BZ=F,Factor,2026-09-24
2021-11-22,79.69999694824219,79.69999694824219,78.66999816894531,80.08999633789062,77.54000091552734,39085,BZ=F,Factor,2026-09-24
2021-11-23,82.30999755859375,82.30999755859375,79.41999816894531,82.58999633789062,78.56999969482422,41865,BZ=F,Factor,2026-09-24
2021-11-24,82.25,82.25,82.19999694824219,83.0,81.63999938964844,30734,BZ=F,Factor,2026-09-24
2021-11-26,72.72000122070312,72.72000122070312,82.2699966430664,82.55999755859375,72.11000061035156,29171,BZ=F,Factor,2026-09-24
2021-11-29,73.44000244140625,73.44000244140625,73.58999633789062,77.0,72.63999938964844,12507,BZ=F,Factor,2026-09-24
2021-11-30,70.56999969482422,70.56999969482422,74.56999969482422,74.56999969482422,70.22000122070312,77840,BZ=F,Factor,2026-09-24
2021-12-01,68.87000274658203,68.87000274658203,70.13999938964844,72.86000061035156,68.1500015258789,56808,BZ=F,Factor,2026-09-24
2021-12-02,69.66999816894531,69.66999816894531,68.80999755859375,70.70999908447266,65.7699966430664,81072,BZ=F,Factor,2026-09-24
2021-12-03,69.87999725341797,69.87999725341797,70.5,72.5999984741211,69.2300033569336,43639,BZ=F,Factor,2026-09-24
2021-12-06,73.08000183105469,73.08000183105469,70.30000305175781,73.77999877929688,70.29000091552734,32294,BZ=F,Factor,2026-09-24
2021-12-07,75.44000244140625,75.44000244140625,73.54000091552734,76.26000213623047,73.2300033569336,34533,BZ=F,Factor,2026-09-24
2021-12-08,75.81999969482422,75.81999969482422,75.2699966430664,76.37000274658203,74.4000015258789,31080,BZ=F,Factor,2026-09-24
2021-12-09,74.41999816894531,74.41999816894531,76.0199966430664,76.69999694824219,73.83000183105469,27715,BZ=F,Factor,2026-09-24
2021-12-10,75.1500015258789,75.1500015258789,74.0999984741211,75.69999694824219,73.80000305175781,24682,BZ=F,Factor,2026-09-24
2021-12-13,74.38999938964844,74.38999938964844,75.54000091552734,76.38999938964844,74.19000244140625,27562,BZ=F,Factor,2026-09-24
2021-12-14,73.69999694824219,73.69999694824219,74.30000305175781,75.1500015258789,72.56999969482422,31237,BZ=F,Factor,2026-09-24
2021-12-15,73.87999725341797,73.87999725341797,73.26000213623047,74.56999969482422,72.4800033569336,29294,BZ=F,Factor,2026-09-24
2021-12-16,75.0199966430664,75.0199966430664,74.56999969482422,75.58999633789062,74.0,26965,BZ=F,Factor,2026-09-24
2021-12-17,73.5199966430664,73.5199966430664,74.51000213623047,74.95999908447266,72.62000274658203,26087,BZ=F,Factor,2026-09-24
2021-12-20,71.5199966430664,71.5199966430664,73.05999755859375,73.06999969482422,69.26000213623047,36842,BZ=F,Factor,2026-09-24
2021-12-21,73.9800033569336,73.9800033569336,72.0999984741211,74.26000213623047,71.23999786376953,27386,BZ=F,Factor,2026-09-24
2021-12-22,75.29000091552734,75.29000091552734,74.04000091552734,75.69000244140625,73.58999633789062,28541,BZ=F,Factor,2026-09-24
2021-12-23,76.8499984741211,76.8499984741211,75.66999816894531,76.9800033569336,74.79000091552734,27624,BZ=F,Factor,2026-09-24
2021-12-27,78.5999984741211,78.5999984741211,76.30000305175781,79.05999755859375,75.76000213623047,15723,BZ=F,Factor,2026-09-24
2021-12-28,78.94000244140625,78.94000244140625,78.87000274658203,79.8499984741211,78.47000122070312,8523,BZ=F,Factor,2026-09-24
2021-12-29,79.2300033569336,79.2300033569336,79.0,80.16000366210938,78.13999938964844,7057,BZ=F,Factor,2026-09-24
2021-12-30,79.31999969482422,79.31999969482422,79.25,79.62000274658203,78.66000366210938,24512,BZ=F,Factor,2026-09-24
2021-12-31,77.77999877929688,77.77999877929688,79.1500015258789,79.68000030517578,77.13999938964844,21740,BZ=F,Factor,2026-09-24
2022-01-03,78.9800033569336,78.9800033569336,77.94000244140625,79.27999877929688,77.04000091552734,27224,BZ=F,Factor,2026-09-24
2022-01-04,80.0,80.0,78.94999694824219,80.55000305175781,78.5999984741211,31321,BZ=F,Factor,2026-09-24
2022-01-05,80.80000305175781,80.80000305175781,80.08000183105469,81.48999786376953,79.55000305175781,35152,BZ=F,Factor,2026-09-24
2022-01-06,81.98999786376953,81.98999786376953,80.1500015258789,82.83999633789062,79.62999725341797,41582,BZ=F,Factor,2026-09-24
2022-01-07,81.75,81.75,82.05999755859375,82.98999786376953,81.44000244140625,29501,BZ=F,Factor,2026-09-24
2022-01-10,80.87000274658203,80.87000274658203,81.79000091552734,82.2699966430664,80.48999786376953,30035,BZ=F,Factor,2026-09-24
2022-01-11,83.72000122070312,83.72000122070312,80.95999908447266,83.97000122070312,80.87999725341797,37934,BZ=F,Factor,2026-09-24
2022-01-12,84.66999816894531,84.66999816894531,83.69000244140625,85.19999694824219,83.51000213623047,32298,BZ=F,Factor,2026-09-24
2022-01-13,84.47000122070312,84.47000122070312,84.77999877929688,85.08999633789062,83.79000091552734,27107,BZ=F,Factor,2026-09-24
2022-01-14,86.05999755859375,86.05999755859375,84.12999725341797,86.5,84.02999877929688,31970,BZ=F,Factor,2026-09-24
2022-01-18,87.51000213623047,87.51000213623047,86.5,88.55000305175781,85.55000305175781,45875,BZ=F,Factor,2026-09-24
2022-01-19,88.44000244140625,88.44000244140625,88.44999694824219,89.16999816894531,87.62999725341797,37483,BZ=F,Factor,2026-09-24
2022-01-20,88.37999725341797,88.37999725341797,87.7300033569336,89.51000213623047,87.02999877929688,30524,BZ=F,Factor,2026-09-24
2022-01-21,87.88999938964844,87.88999938964844,87.3499984741211,88.22000122070312,85.70999908447266,29566,BZ=F,Factor,2026-09-24
2022-01-24,86.2699966430664,86.2699966430664,87.6500015258789,88.87999725341797,85.0199966430664,34253,BZ=F,Factor,2026-09-24
2022-01-25,88.19999694824219,88.19999694824219,87.16999816894531,88.36000061035156,86.19000244140625,29496,BZ=F,Factor,2026-09-24
2022-01-26,89.95999908447266,89.95999908447266,88.0199966430664,90.4800033569336,87.80000305175781,29805,BZ=F,Factor,2026-09-24
2022-01-27,89.33999633789062,89.33999633789062,89.77999877929688,91.04000091552734,88.9800033569336,15201,BZ=F,Factor,2026-09-24
2022-01-28,90.02999877929688,90.02999877929688,89.88999938964844,91.69000244140625,89.41000366210938,10824,BZ=F,Factor,2026-09-24
2022-01-31,91.20999908447266,91.20999908447266,90.80000305175781,91.30000305175781,90.75,33664,BZ=F,Factor,2026-09-24
2022-02-01,89.16000366210938,89.16000366210938,89.37999725341797,89.95999908447266,87.72000122070312,36248,BZ=F,Factor,2026-09-24
2022-02-02,89.47000122070312,89.47000122070312,89.29000091552734,90.51000213623047,88.27999877929688,38172,BZ=F,Factor,2026-09-24
2022-02-03,91.11000061035156,91.11000061035156,89.05999755859375,91.29000091552734,88.01000213623047,33059,BZ=F,Factor,2026-09-24
2022-02-04,93.2699966430664,93.2699966430664,91.04000091552734,93.69999694824219,90.88999938964844,33357,BZ=F,Factor,2026-09-24
2022-02-07,92.69000244140625,92.69000244140625,92.7300033569336,93.98999786376953,92.1500015258789,37016,BZ=F,Factor,2026-09-24
2022-02-08,90.77999877929688,90.77999877929688,93.01000213623047,93.01000213623047,89.93000030517578,39288,BZ=F,Factor,2026-09-24
2022-02-09,91.55000305175781,91.55000305175781,91.2699966430664,92.05999755859375,90.05999755859375,34759,BZ=F,Factor,2026-09-24
2022-02-10,91.41000366210938,91.41000366210938,91.72000122070312,93.08999633789062,90.9000015258789,43235,BZ=F,Factor,2026-09-24
2022-02-11,94.44000244140625,94.44000244140625,91.26000213623047,95.63999938964844,90.5199966430664,53045,BZ=F,Factor,2026-09-24
2022-02-14,96.4800033569336,96.4800033569336,95.30999755859375,96.77999877929688,93.45999908447266,48449,BZ=F,Factor,2026-09-24
2022-02-15,93.27999877929688,93.27999877929688,95.76000213623047,96.23999786376953,92.05999755859375,45181,BZ=F,Factor,2026-09-24
2022-02-16,94.80999755859375,94.80999755859375,93.58999633789062,96.06999969482422,91.13999938964844,45148,BZ=F,Factor,2026-09-24
2022-02-17,92.97000122070312,92.97000122070312,92.08999633789062,94.51000213623047,91.81999969482422,38045,BZ=F,Factor,2026-09-24
2022-02-18,93.54000091552734,93.54000091552734,92.9800033569336,94.1500015258789,90.26000213623047,42436,BZ=F,Factor,2026-09-24
2022-02-22,96.83999633789062,96.83999633789062,94.27999877929688,99.44000244140625,92.55999755859375,59945,BZ=F,Factor,2026-09-24
2022-02-23,96.83999633789062,96.83999633789062,96.62999725341797,98.69999694824219,95.80000305175781,33549,BZ=F,Factor,2026-09-24
2022-02-24,99.08000183105469,99.08000183105469,97.55999755859375,105.75,97.48999786376953,21282,BZ=F,Factor,2026-09-24
2022-02-25,97.93000030517578,97.93000030517578,99.6500015258789,101.98999786376953,96.0,7025,BZ=F,Factor,2026-09-24
2022-02-28,100.98999786376953,100.98999786376953,100.4800033569336,104.4800033569336,99.9000015258789,38241,BZ=F,Factor,2026-09-24
2022-03-01,104.97000122070312,104.97000122070312,98.11000061035156,107.5999984741211,97.69000244140625,56428,BZ=F,Factor,2026-09-24
2022-03-02,112.93000030517578,112.93000030517578,107.54000091552734,115.05000305175781,106.48999786376953,59273,BZ=F,Factor,2026-09-24
2022-03-03,110.45999908447266,110.45999908447266,114.25,119.7699966430664,109.41999816894531,37420,BZ=F,Factor,2026-09-24
2022-03-04,118.11000061035156,118.11000061035156,110.58000183105469,118.97000122070312,109.61000061035156,34984,BZ=F,Factor,2026-09-24
2022-03-07,123.20999908447266,123.20999908447266,121.23999786376953,137.0,119.06999969482422,29504,BZ=F,Factor,2026-09-24
2022-03-08,127.9800033569336,127.9800033569336,124.25,133.1300048828125,121.37000274658203,38358,BZ=F,Factor,2026-09-24
2022-03-09,111.13999938964844,111.13999938964844,129.57000732421875,131.6300048828125,108.0,42740,BZ=F,Factor,2026-09-24
2022-03-10,109.33000183105469,109.33000183105469,112.73999786376953,118.33000183105469,108.94999694824219,30414,BZ=F,Factor,2026-09-24
2022-03-11,112.66999816894531,112.66999816894531,109.72000122070312,113.87999725341797,107.12999725341797,18819,BZ=F,Factor,2026-09-24
2022-03-14,106.9000015258789,106.9000015258789,112.9000015258789,113.04000091552734,103.44999694824219,19364,BZ=F,Factor,2026-09-24
2022-03-15,99.91000366210938,99.91000366210938,106.0,106.45999908447266,97.5,26067,BZ=F,Factor,2026-09-24
2022-03-16,98.0199966430664,98.0199966430664,99.04000091552734,103.68000030517578,96.94999694824219,18514,BZ=F,Factor,2026-09-24
2022-03-17,106.63999938964844,106.63999938964844,98.0999984741211,107.56999969482422,97.87999725341797,15091,BZ=F,Factor,2026-09-24
2022-03-18,107.93000030517578,107.93000030517578,107.23999786376953,109.56999969482422,105.80000305175781,10489,BZ=F,Factor,2026-09-24
2022-03-21,115.62000274658203,115.62000274658203,107.37000274658203,116.7300033569336,107.08999633789062,11620,BZ=F,Factor,2026-09-24
2022-03-22,115.4800033569336,115.4800033569336,116.8499984741211,119.41999816894531,112.7699966430664,14222,BZ=F,Factor,2026-09-24
2022-03-23,121.5999984741211,121.5999984741211,114.73999786376953,122.29000091552734,114.41999816894531,14286,BZ=F,Factor,2026-09-24
2022-03-24,119.02999877929688,119.02999877929688,121.2699966430664,123.69999694824219,116.94999694824219,12778,BZ=F,Factor,2026-09-24
2022-03-25,120.6500015258789,120.6500015258789,118.27999877929688,120.87000274658203,115.20999908447266,14026,BZ=F,Factor,2026-09-24
2022-03-28,112.4800033569336,112.4800033569336,120.30999755859375,120.30999755859375,109.05999755859375,15212,BZ=F,Factor,2026-09-24
2022-03-29,110.2300033569336,110.2300033569336,109.7300033569336,114.70999908447266,104.9800033569336,7152,BZ=F,Factor,2026-09-24
2022-03-30,113.44999694824219,113.44999694824219,111.0,114.6500015258789,110.9000015258789,4472,BZ=F,Factor,2026-09-24
2022-03-31,107.91000366210938,107.91000366210938,108.70999908447266,109.36000061035156,107.37000274658203,22850,BZ=F,Factor,2026-09-24
2022-04-01,104.38999938964844,104.38999938964844,105.98999786376953,106.19999694824219,102.37000274658203,17144,BZ=F,Factor,2026-09-24
2022-04-04,107.52999877929688,107.52999877929688,104.25,108.55000305175781,102.91000366210938,18406,BZ=F,Factor,2026-09-24
2022-04-05,106.63999938964844,106.63999938964844,108.23999786376953,109.8499984741211,104.55999755859375,15613,BZ=F,Factor,2026-09-24
2022-04-06,101.06999969482422,101.06999969482422,105.79000091552734,108.66000366210938,100.54000091552734,20212,BZ=F,Factor,2026-09-24
2022-04-07,100.58000183105469,100.58000183105469,102.1500015258789,103.5,98.44999694824219,19577,BZ=F,Factor,2026-09-24
2022-04-08,102.77999877929688,102.77999877929688,101.69000244140625,103.25,99.70999908447266,16735,BZ=F,Factor,2026-09-24
2022-04-11,98.4800033569336,98.4800033569336,103.06999969482422,103.08999633789062,97.62000274658203,23852,BZ=F,Factor,2026-09-24
2022-04-12,104.63999938964844,104.63999938964844,99.25,105.5999984741211,98.9800033569336,22697,BZ=F,Factor,2026-09-24
2022-04-13,108.77999877929688,108.77999877929688,104.9800033569336,109.0,104.06999969482422,22260,BZ=F,Factor,2026-09-24
2022-04-14,111.69999694824219,111.69999694824219,108.37000274658203,112.38999938964844,106.63999938964844,17418,BZ=F,Factor,2026-09-24
2022-04-18,113.16000366210938,113.16000366210938,111.88999938964844,114.81999969482422,110.72000122070312,13187,BZ=F,Factor,2026-09-24
2022-04-19,107.25,107.25,112.6500015258789,114.05000305175781,106.7699966430664,18972,BZ=F,Factor,2026-09-24
2022-04-20,106.80000305175781,106.80000305175781,107.72000122070312,108.9800033569336,104.66999816894531,15985,BZ=F,Factor,2026-09-24
2022-04-21,108.33000183105469,108.33000183105469,107.01000213623047,109.79000091552734,106.77999877929688,13203,BZ=F,Factor,2026-09-24
2022-04-22,106.6500015258789,106.6500015258789,108.63999938964844,108.7300033569336,105.52999877929688,11040,BZ=F,Factor,2026-09-24
2022-04-25,102.31999969482422,102.31999969482422,105.73999786376953,105.94999694824219,99.47000122070312,15464,BZ=F,Factor,2026-09-24
2022-04-26,104.98999786376953,104.98999786376953,102.56999969482422,106.1500015258789,101.12000274658203,13279,BZ=F,Factor,2026-09-24
2022-04-27,105.31999969482422,105.31999969482422,105.37000274658203,106.3499984741211,103.2699966430664,8064,BZ=F,Factor,2026-09-24
2022-04-28,107.58999633789062,107.58999633789062,104.76000213623047,107.93000030517578,103.30000305175781,8567,BZ=F,Factor,2026-09-24
2022-04-29,109.33999633789062,109.33999633789062,107.6500015258789,109.7699966430664,107.6500015258789,32573,BZ=F,Factor,2026-09-24
2022-05-02,107.58000183105469,107.58000183105469,106.19999694824219,108.41000366210938,103.12999725341797,23606,BZ=F,Factor,2026-09-24
2022-05-03,104.97000122070312,104.97000122070312,107.37000274658203,108.30000305175781,104.62000274658203,23410,BZ=F,Factor,2026-09-24
2022-05-04,110.13999938964844,110.13999938964844,106.0999984741211,111.0,105.5,21158,BZ=F,Factor,2026-09-24
2022-05-05,110.9000015258789,110.9000015258789,110.13999938964844,113.98999786376953,109.2300033569336,26443,BZ=F,Factor,2026-09-24
2022-05-06,112.38999938964844,112.38999938964844,111.1500015258789,113.5199966430664,109.87999725341797,23902,BZ=F,Factor,2026-09-24
2022-05-09,105.94000244140625,105.94000244140625,113.05000305175781,113.22000122070312,104.94999694824219,28134,BZ=F,Factor,2026-09-24
2022-05-10,102.45999908447266,102.45999908447266,105.55999755859375,106.91000366210938,101.69999694824219,25904,BZ=F,Factor,2026-09-24
2022-05-11,107.51000213623047,107.51000213623047,101.69999694824219,108.26000213623047,100.93000030517578,31560,BZ=F,Factor,2026-09-24
2022-05-12,107.44999694824219,107.44999694824219,107.55999755859375,108.69000244140625,104.69000244140625,27037,BZ=F,Factor,2026-09-24
2022-05-13,111.55000305175781,111.55000305175781,108.0,111.69000244140625,107.80999755859375,25050,BZ=F,Factor,2026-09-24
2022-05-16,114.23999786376953,114.23999786376953,111.41000366210938,114.77999877929688,109.04000091552734,20871,BZ=F,Factor,2026-09-24
2022-05-17,111.93000030517578,111.93000030517578,114.29000091552734,115.66000366210938,111.12000274658203,23254,BZ=F,Factor,2026-09-24
2022-05-18,109.11000061035156,109.11000061035156,112.88999938964844,114.12999725341797,108.3499984741211,21217,BZ=F,Factor,2026-09-24
2022-05-19,112.04000091552734,112.04000091552734,109.30000305175781,112.2699966430664,105.69999694824219,26098,BZ=F,Factor,2026-09-24
2022-05-20,112.55000305175781,112.55000305175781,111.5,113.22000122070312,110.54000091552734,16942,BZ=F,Factor,2026-09-24
2022-05-23,113.41999816894531,113.41999816894531,112.73999786376953,114.36000061035156,111.86000061035156,20660,BZ=F,Factor,2026-09-24
2022-05-24,113.55999755859375,113.55999755859375,113.36000061035156,114.62999725341797,111.72000122070312,20941,BZ=F,Factor,2026-09-24
2022-05-25,114.02999877929688,114.02999877929688,113.91999816894531,115.31999969482422,113.04000091552734,12885,BZ=F,Factor,2026-09-24
2022-05-26,117.4000015258789,117.4000015258789,114.44999694824219,118.0,113.83999633789062,11590,BZ=F,Factor,2026-09-24
2022-05-27,119.43000030517578,119.43000030517578,117.54000091552734,119.7300033569336,116.68000030517578,4384,BZ=F,Factor,2026-09-24
2022-05-31,122.83999633789062,122.83999633789062,119.47000122070312,124.12999725341797,119.36000061035156,41020,BZ=F,Factor,2026-09-24
2022-06-01,116.29000091552734,116.29000091552734,116.62999725341797,118.58000183105469,115.43000030517578,21546,BZ=F,Factor,2026-09-24
2022-06-02,117.61000061035156,117.61000061035156,115.81999969482422,118.44000244140625,112.4800033569336,22117,BZ=F,Factor,2026-09-24
2022-06-03,119.72000122070312,119.72000122070312,118.26000213623047,121.44000244140625,116.08000183105469,11028,BZ=F,Factor,2026-09-24
2022-06-06,119.51000213623047,119.51000213623047,121.3499984741211,121.88999938964844,118.76000213623047,16523,BZ=F,Factor,2026-09-24
2022-06-07,120.56999969482422,120.56999969482422,120.08000183105469,121.37999725341797,118.55999755859375,20488,BZ=F,Factor,2026-09-24
2022-06-08,123.58000183105469,123.58000183105469,121.02999877929688,124.41000366210938,120.45999908447266,21778,BZ=F,Factor,2026-09-24
2022-06-09,123.06999969482422,123.06999969482422,123.88999938964844,124.33000183105469,122.5,21008,BZ=F,Factor,2026-09-24
2022-06-10,122.01000213623047,122.01000213623047,122.94000244140625,124.33000183105469,119.87000274658203,26036,BZ=F,Factor,2026-09-24
2022-06-13,122.2699966430664,122.2699966430664,121.69000244140625,123.61000061035156,118.94999694824219,21136,BZ=F,Factor,2026-09-24
2022-06-14,121.16999816894531,121.16999816894531,122.5,125.18000030517578,118.94000244140625,27702,BZ=F,Factor,2026-09-24
2022-06-15,118.51000213623047,118.51000213623047,121.0,121.8499984741211,117.75,22360,BZ=F,Factor,2026-09-24
2022-06-16,119.80999755859375,119.80999755859375,119.12000274658203,120.27999877929688,115.58000183105469,24329,BZ=F,Factor,2026-09-24
2022-06-17,113.12000274658203,113.12000274658203,119.33999633789062,121.25,111.72000122070312,26686,BZ=F,Factor,2026-09-24
2022-06-21,114.6500015258789,114.6500015258789,113.80000305175781,116.25,111.56999969482422,22868,BZ=F,Factor,2026-09-24
2022-06-22,111.73999786376953,111.73999786376953,114.56999969482422,114.56999969482422,107.02999877929688,33112,BZ=F,Factor,2026-09-24
2022-06-23,110.05000305175781,110.05000305175781,110.22000122070312,112.69000244140625,108.11000061035156,21806,BZ=F,Factor,2026-09-24
2022-06-24,113.12000274658203,113.12000274658203,109.80999755859375,113.98999786376953,109.2699966430664,13431,BZ=F,Factor,2026-09-24
2022-06-27,115.08999633789062,115.08999633789062,112.45999908447266,116.04000091552734,111.25,11252,BZ=F,Factor,2026-09-24
2022-06-28,117.9800033569336,117.9800033569336,115.83999633789062,118.23999786376953,115.4000015258789,6673,BZ=F,Factor,2026-09-24
2022-06-29,116.26000213623047,116.26000213623047,117.95999908447266,120.37999725341797,115.41000366210938,4346,BZ=F,Factor,2026-09-24
2022-06-30,114.80999755859375,114.80999755859375,116.04000091552734,116.33000183105469,114.80999755859375,24733,BZ=F,Factor,2026-09-24
2022-07-01,111.62999725341797,111.62999725341797,109.45999908447266,112.41999816894531,108.01000213623047,17090,BZ=F,Factor,2026-09-24
2022-07-05,102.7699966430664,102.7699966430664,111.61000061035156,114.69000244140625,101.11000061035156,43356,BZ=F,Factor,2026-09-24
2022-07-06,100.69000244140625,100.69000244140625,104.0,105.80000305175781,98.51000213623047,28820,BZ=F,Factor,2026-09-24
2022-07-07,104.6500015258789,104.6500015258789,99.95999908447266,106.3499984741211,98.47000122070312,22837,BZ=F,Factor,2026-09-24
2022-07-08,107.0199966430664,107.0199966430664,104.48999786376953,107.44999694824219,103.75,20610,BZ=F,Factor,2026-09-24
2022-07-11,107.0999984741211,107.0999984741211,106.76000213623047,107.66000366210938,103.66000366210938,17691,BZ=F,Factor,2026-09-24
2022-07-12,99.48999786376953,99.48999786376953,106.2300033569336,106.51000213623047,98.91000366210938,22827,BZ=F,Factor,2026-09-24
2022-07-13,99.56999969482422,99.56999969482422,99.30999755859375,101.19999694824219,97.30000305175781,22358,BZ=F,Factor,2026-09-24
2022-07-14,99.0999984741211,99.0999984741211,99.8499984741211,100.37000274658203,94.5,27515,BZ=F,Factor,2026-09-24
2022-07-15,101.16000366210938,101.16000366210938,99.5999984741211,102.62000274658203,98.20999908447266,19146,BZ=F,Factor,2026-09-24
2022-07-18,106.2699966430664,106.2699966430664,100.91999816894531,106.47000122070312,99.4800033569336,20217,BZ=F,Factor,2026-09-24
2022-07-19,107.3499984741211,107.3499984741211,105.58999633789062,107.5999984741211,103.58999633789062,21900,BZ=F,Factor,2026-09-24
2022-07-20,106.91999816894531,106.91999816894531,107.1500015258789,107.43000030517578,105.08999633789062,23989,BZ=F,Factor,2026-09-24
2022-07-21,103.86000061035156,103.86000061035156,106.79000091552734,106.80000305175781,101.5199966430664,26598,BZ=F,Factor,2026-09-24
2022-07-22,103.19999694824219,103.19999694824219,104.25,105.68000030517578,101.91000366210938,17586,BZ=F,Factor,2026-09-24
2022-07-25,105.1500015258789,105.1500015258789,103.44000244140625,105.3499984741211,101.66999816894531,14999,BZ=F,Factor,2026-09-24
2022-07-26,104.4000015258789,104.4000015258789,104.80999755859375,107.3499984741211,103.9800033569336,20242,BZ=F,Factor,2026-09-24
2022-07-27,106.62000274658203,106.62000274658203,104.77999877929688,107.80000305175781,103.72000122070312,11024,BZ=F,Factor,2026-09-24
2022-07-28,107.13999938964844,107.13999938964844,107.48999786376953,108.9800033569336,105.95999908447266,6831,BZ=F,Factor,2026-09-24
2022-07-29,110.01000213623047,110.01000213623047,108.05000305175781,110.43000030517578,108.02999877929688,24476,BZ=F,Factor,2026-09-24
2022-08-01,100.02999877929688,100.02999877929688,103.87000274658203,104.37000274658203,99.0999984741211,25670,BZ=F,Factor,2026-09-24
2022-08-02,100.54000091552734,100.54000091552734,100.0,102.41000366210938,98.47000122070312,17357,BZ=F,Factor,2026-09-24
2022-08-03,96.77999877929688,96.77999877929688,99.63999938964844,102.37000274658203,96.4800033569336,22263,BZ=F,Factor,2026-09-24
2022-08-04,94.12000274658203,94.12000274658203,97.01000213623047,97.62999725341797,93.1500015258789,21011,BZ=F,Factor,2026-09-24
2022-08-05,94.91999816894531,94.91999816894531,93.58999633789062,96.4000015258789,92.75,16576,BZ=F,Factor,2026-09-24
2022-08-08,96.6500015258789,96.6500015258789,94.2699966430664,96.7300033569336,92.98999786376953,17288,BZ=F,Factor,2026-09-24
2022-08-09,96.30999755859375,96.30999755859375,96.54000091552734,98.38999938964844,94.91000366210938,20553,BZ=F,Factor,2026-09-24
2022-08-10,97.4000015258789,97.4000015258789,96.45999908447266,97.9800033569336,93.61000061035156,29520,BZ=F,Factor,2026-09-24
2022-08-11,99.5999984741211,99.5999984741211,97.2699966430664,100.16000366210938,96.6500015258789,20958,BZ=F,Factor,2026-09-24
2022-08-12,98.1500015258789,98.1500015258789,99.29000091552734,100.3499984741211,96.94000244140625,20095,BZ=F,Factor,2026-09-24
2022-08-15,95.0999984741211,95.0999984741211,97.76000213623047,98.04000091552734,92.72000122070312,20714,BZ=F,Factor,2026-09-24
2022-08-16,92.33999633789062,92.33999633789062,93.63999938964844,95.94999694824219,91.72000122070312,22549,BZ=F,Factor,2026-09-24
2022-08-17,93.6500015258789,93.6500015258789,92.7699966430664,94.45999908447266,91.5199966430664,21011,BZ=F,Factor,2026-09-24
2022-08-18,96.58999633789062,96.58999633789062,93.18000030517578,97.41000366210938,93.05000305175781,21327,BZ=F,Factor,2026-09-24
2022-08-19,96.72000122070312,96.72000122070312,96.62999725341797,97.87000274658203,94.25,22212,BZ=F,Factor,2026-09-24
2022-08-22,96.4800033569336,96.4800033569336,95.66000366210938,97.25,92.36000061035156,26974,BZ=F,Factor,2026-09-24
2022-08-23,100.22000122070312,100.22000122070312,96.58000183105469,100.44999694824219,96.51000213623047,22624,BZ=F,Factor,2026-09-24
2022-08-24,101.22000122070312,101.22000122070312,100.16000366210938,102.0,99.06999969482422,24490,BZ=F,Factor,2026-09-24
2022-08-25,99.33999633789062,99.33999633789062,101.5999984741211,102.47000122070312,99.12000274658203,20704,BZ=F,Factor,2026-09-24
2022-08-26,100.98999786376953,100.98999786376953,99.87999725341797,101.16999816894531,98.13999938964844,14241,BZ=F,Factor,2026-09-24
2022-08-29,105.08999633789062,105.08999633789062,100.83000183105469,105.4800033569336,100.29000091552734,6048,BZ=F,Factor,2026-09-24
2022-08-30,99.30999755859375,99.30999755859375,105.0,105.37000274658203,97.66999816894531,7116,BZ=F,Factor,2026-09-24
2022-08-31,96.48999786376953,96.48999786376953,99.70999908447266,100.30000305175781,95.76000213623047,24672,BZ=F,Factor,2026-09-24
2022-09-01,92.36000061035156,92.36000061035156,94.77999877929688,95.66000366210938,91.80999755859375,22870,BZ=F,Factor,2026-09-24
2022-09-02,93.0199966430664,93.0199966430664,92.0,95.31999969482422,92.0,22869,BZ=F,Factor,2026-09-24
2022-09-06,92.83000183105469,92.83000183105469,93.08999633789062,96.98999786376953,92.27999877929688,34757,BZ=F,Factor,2026-09-24
2022-09-07,88.0,88.0,92.80000305175781,93.79000091552734,87.4000015258789,28966,BZ=F,Factor,2026-09-24
2022-09-08,89.1500015258789,89.1500015258789,87.63999938964844,89.83000183105469,87.2300033569336,21562,BZ=F,Factor,2026-09-24
2022-09-09,92.83999633789062,92.83999633789062,88.45999908447266,93.0999984741211,88.31999969482422,22448,BZ=F,Factor,2026-09-24
2022-09-12,94.0,94.0,92.30000305175781,95.16999816894531,91.20999908447266,22758,BZ=F,Factor,2026-09-24
2022-09-13,93.16999816894531,93.16999816894531,94.20999908447266,95.51000213623047,91.06999969482422,27762,BZ=F,Factor,2026-09-24
2022-09-14,94.0999984741211,94.0999984741211,93.48999786376953,95.80999755859375,91.94999694824219,30880,BZ=F,Factor,2026-09-24
2022-09-15,90.83999633789062,90.83999633789062,94.43000030517578,94.6500015258789,90.05000305175781,29483,BZ=F,Factor,2026-09-24
2022-09-16,91.3499984741211,91.3499984741211,90.6500015258789,92.63999938964844,90.22000122070312,20652,BZ=F,Factor,2026-09-24
2022-09-19,92.0,92.0,91.6500015258789,92.58000183105469,88.4800033569336,17627,BZ=F,Factor,2026-09-24
2022-09-20,90.62000274658203,90.62000274658203,91.97000122070312,93.0199966430664,89.80000305175781,24688,BZ=F,Factor,2026-09-24
2022-09-21,89.83000183105469,89.83000183105469,90.69000244140625,93.51000213623047,89.30000305175781,27621,BZ=F,Factor,2026-09-24
2022-09-22,90.45999908447266,90.45999908447266,89.91999816894531,92.80000305175781,89.29000091552734,22375,BZ=F,Factor,2026-09-24
2022-09-23,86.1500015258789,86.1500015258789,90.3499984741211,90.70999908447266,85.45999908447266,18951,BZ=F,Factor,2026-09-24
2022-09-26,84.05999755859375,84.05999755859375,86.72000122070312,87.66000366210938,83.62999725341797,14034,BZ=F,Factor,2026-09-24
2022-09-27,86.2699966430664,86.2699966430664,83.91000366210938,87.12999725341797,83.91000366210938,10008,BZ=F,Factor,2026-09-24
2022-09-28,89.31999969482422,89.31999969482422,85.83000183105469,89.48999786376953,84.2699966430664,9937,BZ=F,Factor,2026-09-24
2022-09-29,88.48999786376953,88.48999786376953,88.94999694824219,90.0999984741211,87.44999694824219,7456,BZ=F,Factor,2026-09-24
2022-09-30,87.95999908447266,87.95999908447266,88.55999755859375,89.5199966430664,87.8499984741211,33026,BZ=F,Factor,2026-09-24
2022-10-03,88.86000061035156,88.86000061035156,86.51000213623047,89.83000183105469,86.51000213623047,38251,BZ=F,Factor,2026-09-24
2022-10-04,91.80000305175781,91.80000305175781,88.88999938964844,92.38999938964844,88.69000244140625,38971,BZ=F,Factor,2026-09-24
2022-10-05,93.37000274658203,93.37000274658203,91.6500015258789,93.97000122070312,90.9000015258789,39563,BZ=F,Factor,2026-09-24
2022-10-06,94.41999816894531,94.41999816894531,93.83000183105469,95.01000213623047,92.7300033569336,26200,BZ=F,Factor,2026-09-24
2022-10-07,97.91999816894531,97.91999816894531,94.98999786376953,98.58999633789062,93.93000030517578,36871,BZ=F,Factor,2026-09-24
2022-10-10,96.19000244140625,96.19000244140625,98.69999694824219,98.76000213623047,95.62000274658203,24699,BZ=F,Factor,2026-09-24
2022-10-11,94.29000091552734,94.29000091552734,96.1500015258789,96.44999694824219,93.11000061035156,31431,BZ=F,Factor,2026-09-24
2022-10-12,92.44999694824219,92.44999694824219,93.69000244140625,95.16999816894531,91.58000183105469,29821,BZ=F,Factor,2026-09-24
2022-10-13,94.56999969482422,94.56999969482422,92.47000122070312,94.9000015258789,91.08999633789062,32826,BZ=F,Factor,2026-09-24
2022-10-14,91.62999725341797,91.62999725341797,94.75,95.11000061035156,91.2699966430664,29344,BZ=F,Factor,2026-09-24
2022-10-17,91.62000274658203,91.62000274658203,91.70999908447266,93.2300033569336,90.83999633789062,23783,BZ=F,Factor,2026-09-24
2022-10-18,90.02999877929688,90.02999877929688,92.0199966430664,92.6500015258789,88.7699966430664,40941,BZ=F,Factor,2026-09-24
2022-10-19,92.41000366210938,92.41000366210938,90.79000091552734,92.83999633789062,89.37999725341797,43364,BZ=F,Factor,2026-09-24
2022-10-20,92.37999725341797,92.37999725341797,92.51000213623047,94.7699966430664,91.91999816894531,40748,BZ=F,Factor,2026-09-24
2022-10-21,93.5,93.5,92.79000091552734,93.80000305175781,91.0199966430664,26861,BZ=F,Factor,2026-09-24
2022-10-24,93.26000213623047,93.26000213623047,93.61000061035156,94.44000244140625,91.20999908447266,28074,BZ=F,Factor,2026-09-24
2022-10-25,93.5199966430664,93.5199966430664,93.55999755859375,94.37000274658203,91.62999725341797,22553,BZ=F,Factor,2026-09-24
2022-10-26,95.69000244140625,95.69000244140625,93.25,96.19000244140625,92.04000091552734,15637,BZ=F,Factor,2026-09-24
2022-10-27,96.95999908447266,96.95999908447266,96.16000366210938,97.27999877929688,95.08000183105469,14677,BZ=F,Factor,2026-09-24
2022-10-28,95.7699966430664,95.7699966430664,96.77999877929688,96.88999938964844,95.0,12135,BZ=F,Factor,2026-09-24
2022-10-31,94.83000183105469,94.83000183105469,96.0,96.0,94.31999969482422,23096,BZ=F,Factor,2026-09-24
2022-11-01,94.6500015258789,94.6500015258789,92.80000305175781,95.55000305175781,92.36000061035156,21355,BZ=F,Factor,2026-09-24
2022-11-02,96.16000366210938,96.16000366210938,94.66999816894531,96.47000122070312,93.98999786376953,28689,BZ=F,Factor,2026-09-24
2022-11-03,94.66999816894531,94.66999816894531,95.66000366210938,95.94000244140625,94.16000366210938,21292,BZ=F,Factor,2026-09-24
2022-11-04,98.56999969482422,98.56999969482422,94.4800033569336,98.81999969482422,94.33999633789062,31256,BZ=F,Factor,2026-09-24
2022-11-07,97.91999816894531,97.91999816894531,97.77999877929688,99.55999755859375,96.69999694824219,22568,BZ=F,Factor,2026-09-24
2022-11-08,95.36000061035156,95.36000061035156,98.0,98.2699966430664,94.9800033569336,28901,BZ=F,Factor,2026-09-24
2022-11-09,92.6500015258789,92.6500015258789,95.01000213623047,95.69000244140625,92.30000305175781,26729,BZ=F,Factor,2026-09-24
2022-11-10,93.66999816894531,93.66999816894531,92.54000091552734,94.30999755859375,91.69000244140625,31486,BZ=F,Factor,2026-09-24
2022-11-11,95.98999786376953,95.98999786376953,93.2699966430664,96.91999816894531,93.2699966430664,23629,BZ=F,Factor,2026-09-24
2022-11-14,93.13999938964844,93.13999938964844,95.97000122070312,96.91999816894531,92.48999786376953,22959,BZ=F,Factor,2026-09-24
2022-11-15,93.86000061035156,93.86000061035156,92.52999877929688,95.75,91.52999877929688,30904,BZ=F,Factor,2026-09-24
2022-11-16,92.86000061035156,92.86000061035156,93.76000213623047,94.77999877929688,91.68000030517578,22376,BZ=F,Factor,2026-09-24
2022-11-17,89.77999877929688,89.77999877929688,92.80000305175781,92.87999725341797,89.54000091552734,29012,BZ=F,Factor,2026-09-24
2022-11-18,87.62000274658203,87.62000274658203,89.9800033569336,90.61000061035156,85.79000091552734,34614,BZ=F,Factor,2026-09-24
2022-11-21,87.44999694824219,87.44999694824219,87.80000305175781,88.04000091552734,82.31999969482422,39835,BZ=F,Factor,2026-09-24
2022-11-22,88.36000061035156,88.36000061035156,87.6500015258789,89.87999725341797,87.37000274658203,23782,BZ=F,Factor,2026-09-24
2022-11-23,85.41000366210938,85.41000366210938,88.41000366210938,89.54000091552734,84.12000274658203,27071,BZ=F,Factor,2026-09-24
2022-11-25,83.62999725341797,83.62999725341797,84.94000244140625,86.9000015258789,83.55999755859375,12021,BZ=F,Factor,2026-09-24
2022-11-28,83.19000244140625,83.19000244140625,83.80000305175781,84.05000305175781,80.63999938964844,12583,BZ=F,Factor,2026-09-24
2022-11-29,83.02999877929688,83.02999877929688,82.33000183105469,86.0,82.19000244140625,12182,BZ=F,Factor,2026-09-24
2022-11-30,85.43000030517578,85.43000030517578,83.58000183105469,85.81999969482422,83.51000213623047,23710,BZ=F,Factor,2026-09-24
2022-12-01,86.87999725341797,86.87999725341797,86.5999984741211,89.41000366210938,86.25,23123,BZ=F,Factor,2026-09-24
2022-12-02,85.56999969482422,85.56999969482422,87.12999725341797,87.88999938964844,85.19000244140625,23562,BZ=F,Factor,2026-09-24
2022-12-05,82.68000030517578,82.68000030517578,85.5199966430664,88.43000030517578,82.54000091552734,25039,BZ=F,Factor,2026-09-24
2022-12-06,79.3499984741211,79.3499984741211,83.08999633789062,83.66999816894531,78.70999908447266,26680,BZ=F,Factor,2026-09-24
2022-12-07,77.16999816894531,77.16999816894531,79.79000091552734,80.4800033569336,76.94000244140625,26919,BZ=F,Factor,2026-09-24
2022-12-08,76.1500015258789,76.1500015258789,77.48999786376953,79.18000030517578,75.76000213623047,33131,BZ=F,Factor,2026-09-24
2022-12-09,76.0999984741211,76.0999984741211,76.7300033569336,77.47000122070312,75.11000061035156,24479,BZ=F,Factor,2026-09-24
2022-12-12,77.98999786376953,77.98999786376953,76.66999816894531,78.58000183105469,75.26000213623047,23020,BZ=F,Factor,2026-09-24
2022-12-13,80.68000030517578,80.68000030517578,78.19000244140625,81.27999877929688,78.04000091552734,30052,BZ=F,Factor,2026-09-24
2022-12-14,82.69999694824219,82.69999694824219,80.33999633789062,83.13999938964844,80.12999725341797,27330,BZ=F,Factor,2026-09-24
2022-12-15,81.20999908447266,81.20999908447266,82.83999633789062,83.19000244140625,80.83000183105469,26470,BZ=F,Factor,2026-09-24
2022-12-16,79.04000091552734,79.04000091552734,81.33999633789062,81.76000213623047,78.27999877929688,24439,BZ=F,Factor,2026-09-24
2022-12-19,79.80000305175781,79.80000305175781,79.08999633789062,80.88999938964844,78.62999725341797,19676,BZ=F,Factor,2026-09-24
2022-12-20,79.98999786376953,79.98999786376953,80.27999877929688,80.9000015258789,78.30000305175781,19646,BZ=F,Factor,2026-09-24
2022-12-21,82.19999694824219,82.19999694824219,79.94999694824219,82.54000091552734,79.5999984741211,17234,BZ=F,Factor,2026-09-24
2022-12-22,80.9800033569336,80.9800033569336,82.37000274658203,83.86000061035156,80.68000030517578,16647,BZ=F,Factor,2026-09-24
2022-12-23,83.91999816894531,83.91999816894531,81.7300033569336,84.37000274658203,81.33999633789062,8621,BZ=F,Factor,2026-09-24
2022-12-27,84.33000183105469,84.33000183105469,84.45999908447266,85.66999816894531,83.66000366210938,7512,BZ=F,Factor,2026-09-24
2022-12-28,83.26000213623047,83.26000213623047,84.5999984741211,84.63999938964844,81.94999694824219,5384,BZ=F,Factor,2026-09-24
2022-12-29,82.26000213623047,82.26000213623047,82.86000061035156,82.91000366210938,81.30000305175781,20599,BZ=F,Factor,2026-09-24
2022-12-30,85.91000366210938,85.91000366210938,83.66000366210938,86.27999877929688,82.87999725341797,19375,BZ=F,Factor,2026-09-24
2023-01-03,82.0999984741211,82.0999984741211,86.04000091552734,87.0199966430664,81.7699966430664,27559,BZ=F,Factor,2026-09-24
2023-01-04,77.83999633789062,77.83999633789062,82.2300033569336,82.66999816894531,77.72000122070312,24772,BZ=F,Factor,2026-09-24
2023-01-05,78.69000244140625,78.69000244140625,78.08999633789062,79.95999908447266,77.61000061035156,28051,BZ=F,Factor,2026-09-24
2023-01-06,78.56999969482422,78.56999969482422,78.80999755859375,80.56999969482422,78.05000305175781,23767,BZ=F,Factor,2026-09-24
2023-01-09,79.6500015258789,79.6500015258789,78.4800033569336,81.37000274658203,78.33999633789062,29985,BZ=F,Factor,2026-09-24
2023-01-10,80.0999984741211,80.0999984741211,79.70999908447266,80.87999725341797,78.80999755859375,21541,BZ=F,Factor,2026-09-24
2023-01-11,82.66999816894531,82.66999816894531,79.58999633789062,82.97000122070312,79.30000305175781,29995,BZ=F,Factor,2026-09-24
2023-01-12,84.02999877929688,84.02999877929688,82.86000061035156,84.61000061035156,82.37999725341797,29360,BZ=F,Factor,2026-09-24
2023-01-13,85.27999877929688,85.27999877929688,83.94999694824219,85.48999786376953,83.48999786376953,17857,BZ=F,Factor,2026-09-24
2023-01-17,85.91999816894531,85.91999816894531,85.44000244140625,86.81999969482422,83.86000061035156,36658,BZ=F,Factor,2026-09-24
2023-01-18,84.9800033569336,84.9800033569336,86.72000122070312,87.83999633789062,84.4000015258789,26461,BZ=F,Factor,2026-09-24
2023-01-19,86.16000366210938,86.16000366210938,84.58999633789062,86.8499984741211,83.73999786376953,28822,BZ=F,Factor,2026-09-24
2023-01-20,87.62999725341797,87.62999725341797,86.36000061035156,87.7699966430664,85.58000183105469,24374,BZ=F,Factor,2026-09-24
2023-01-23,88.19000244140625,88.19000244140625,87.80999755859375,89.0999984741211,86.93000030517578,21194,BZ=F,Factor,2026-09-24
2023-01-24,86.12999725341797,86.12999725341797,88.02999877929688,88.70999908447266,85.80999755859375,26572,BZ=F,Factor,2026-09-24
2023-01-25,86.12000274658203,86.12000274658203,86.30000305175781,87.01000213623047,85.41000366210938,19993,BZ=F,Factor,2026-09-24
2023-01-26,87.47000122070312,87.47000122070312,86.12999725341797,88.01000213623047,85.77999877929688,14187,BZ=F,Factor,2026-09-24
2023-01-27,86.66000366210938,86.66000366210938,87.5999984741211,88.91000366210938,85.68000030517578,10012,BZ=F,Factor,2026-09-24
2023-01-30,84.9000015258789,84.9000015258789,86.80000305175781,87.37000274658203,84.75,5879,BZ=F,Factor,2026-09-24
2023-01-31,84.48999786376953,84.48999786376953,85.16000366210938,85.16000366210938,83.69000244140625,30498,BZ=F,Factor,2026-09-24
2023-02-01,82.83999633789062,82.83999633789062,85.5199966430664,86.19999694824219,82.37000274658203,28085,BZ=F,Factor,2026-09-24
2023-02-02,82.16999816894531,82.16999816894531,83.08999633789062,83.5999984741211,81.23999786376953,24611,BZ=F,Factor,2026-09-24
2023-02-03,79.94000244140625,79.94000244140625,82.1500015258789,84.19000244140625,79.62000274658203,24743,BZ=F,Factor,2026-09-24
2023-02-06,80.98999786376953,80.98999786376953,79.75,81.4000015258789,79.08999633789062,31365,BZ=F,Factor,2026-09-24
2023-02-07,83.69000244140625,83.69000244140625,81.4000015258789,84.0999984741211,81.18000030517578,24432,BZ=F,Factor,2026-09-24
2023-02-08,85.08999633789062,85.08999633789062,84.02999877929688,85.16000366210938,83.5,29853,BZ=F,Factor,2026-09-24
2023-02-09,84.5,84.5,85.06999969482422,85.5,83.05999755859375,30520,BZ=F,Factor,2026-09-24
2023-02-10,86.38999938964844,86.38999938964844,84.2300033569336,86.91000366210938,83.94000244140625,30882,BZ=F,Factor,2026-09-24
2023-02-13,86.61000061035156,86.61000061035156,86.5999984741211,86.94999694824219,85.08999633789062,19426,BZ=F,Factor,2026-09-24
2023-02-14,85.58000183105469,85.58000183105469,85.75,86.4000015258789,84.12000274658203,19585,BZ=F,Factor,2026-09-24
2023-02-15,85.37999725341797,85.37999725341797,85.29000091552734,85.8499984741211,83.9000015258789,21161,BZ=F,Factor,2026-09-24
2023-02-16,85.13999938964844,85.13999938964844,85.13999938964844,86.19999694824219,84.5999984741211,20089,BZ=F,Factor,2026-09-24
2023-02-17,83.0,83.0,84.66999816894531,84.8499984741211,81.79000091552734,27191,BZ=F,Factor,2026-09-24
2023-02-21,83.05000305175781,83.05000305175781,83.01000213623047,84.29000091552734,82.54000091552734,31936,BZ=F,Factor,2026-09-24
2023-02-22,80.5999984741211,80.5999984741211,82.73999786376953,83.2300033569336,80.4000015258789,20309,BZ=F,Factor,2026-09-24
2023-02-23,82.20999908447266,82.20999908447266,80.47000122070312,82.75,80.33999633789062,14474,BZ=F,Factor,2026-09-24
2023-02-24,83.16000366210938,83.16000366210938,82.3499984741211,83.37999725341797,81.06999969482422,13365,BZ=F,Factor,2026-09-24
2023-02-27,82.44999694824219,82.44999694824219,83.12000274658203,83.62999725341797,81.73999786376953,5691,BZ=F,Factor,2026-09-24
2023-02-28,83.88999938964844,83.88999938964844,82.63999938964844,84.12000274658203,82.61000061035156,24882,BZ=F,Factor,2026-09-24
2023-03-01,84.30999755859375,84.30999755859375,83.0999984741211,84.48999786376953,82.61000061035156,26723,BZ=F,Factor,2026-09-24
2023-03-02,84.75,84.75,84.30999755859375,85.08999633789062,83.83999633789062,17997,BZ=F,Factor,2026-09-24
2023-03-03,85.83000183105469,85.83000183105469,84.41000366210938,86.0,82.36000061035156,27594,BZ=F,Factor,2026-09-24
2023-03-06,86.18000030517578,86.18000030517578,85.93000030517578,86.36000061035156,84.3499984741211,24587,BZ=F,Factor,2026-09-24
2023-03-07,83.29000091552734,83.29000091552734,86.2300033569336,86.76000213623047,82.6500015258789,26092,BZ=F,Factor,2026-09-24
2023-03-08,82.66000366210938,82.66000366210938,82.9800033569336,83.58999633789062,82.05000305175781,23661,BZ=F,Factor,2026-09-24
2023-03-09,81.58999633789062,81.58999633789062,82.62000274658203,84.01000213623047,81.41000366210938,25018,BZ=F,Factor,2026-09-24
2023-03-10,82.77999877929688,82.77999877929688,81.47000122070312,83.08000183105469,80.7300033569336,26753,BZ=F,Factor,2026-09-24
2023-03-13,80.7699966430664,80.7699966430664,82.54000091552734,83.47000122070312,78.33999633789062,38195,BZ=F,Factor,2026-09-24
2023-03-14,77.44999694824219,77.44999694824219,80.69000244140625,80.87999725341797,76.87999725341797,33198,BZ=F,Factor,2026-09-24
2023-03-15,73.69000244140625,73.69000244140625,77.56999969482422,78.70999908447266,71.62999725341797,46598,BZ=F,Factor,2026-09-24
2023-03-16,74.69999694824219,74.69999694824219,74.3499984741211,75.5199966430664,71.86000061035156,29873,BZ=F,Factor,2026-09-24
2023-03-17,72.97000122070312,72.97000122070312,74.55000305175781,75.9000015258789,71.3499984741211,34734,BZ=F,Factor,2026-09-24
2023-03-20,73.79000091552734,73.79000091552734,72.88999938964844,73.8499984741211,70.12999725341797,22185,BZ=F,Factor,2026-09-24
2023-03-21,75.31999969482422,75.31999969482422,73.73999786376953,75.4000015258789,72.80999755859375,18784,BZ=F,Factor,2026-09-24
2023-03-22,76.69000244140625,76.69000244140625,75.08999633789062,77.08999633789062,74.5199966430664,19933,BZ=F,Factor,2026-09-24
2023-03-23,75.91000366210938,75.91000366210938,75.73999786376953,77.43000030517578,75.12000274658203,18685,BZ=F,Factor,2026-09-24
2023-03-24,74.98999786376953,74.98999786376953,75.41999816894531,76.27999877929688,72.69000244140625,18941,BZ=F,Factor,2026-09-24
2023-03-27,78.12000274658203,78.12000274658203,75.23999786376953,78.43000030517578,74.80000305175781,13874,BZ=F,Factor,2026-09-24
2023-03-28,78.6500015258789,78.6500015258789,78.18000030517578,79.20999908447266,77.55000305175781,17782,BZ=F,Factor,2026-09-24
2023-03-29,78.27999877929688,78.27999877929688,79.0199966430664,79.69999694824219,77.94999694824219,11027,BZ=F,Factor,2026-09-24
2023-03-30,79.2699966430664,79.2699966430664,78.22000122070312,79.55000305175781,77.8499984741211,6818,BZ=F,Factor,2026-09-24
2023-03-31,79.7699966430664,79.7699966430664,79.27999877929688,79.7699966430664,79.06999969482422,38477,BZ=F,Factor,2026-09-24
2023-04-03,84.93000030517578,84.93000030517578,83.29000091552734,86.23999786376953,83.29000091552734,37587,BZ=F,Factor,2026-09-24
2023-04-04,84.94000244140625,84.94000244140625,84.77999877929688,86.05000305175781,83.87000274658203,32987,BZ=F,Factor,2026-09-24
2023-04-05,84.98999786376953,84.98999786376953,85.0999984741211,85.55000305175781,84.01000213623047,28362,BZ=F,Factor,2026-09-24
2023-04-06,85.12000274658203,85.12000274658203,84.83000183105469,85.44000244140625,84.05000305175781,0,BZ=F,Factor,2026-09-24
2023-04-10,84.18000030517578,84.18000030517578,84.94999694824219,85.63999938964844,84.08000183105469,14242,BZ=F,Factor,2026-09-24
2023-04-11,85.61000061035156,85.61000061035156,84.27999877929688,85.68000030517578,83.75,28189,BZ=F,Factor,2026-09-24
2023-04-12,87.33000183105469,87.33000183105469,85.55000305175781,87.48999786376953,85.41000366210938,36337,BZ=F,Factor,2026-09-24
2023-04-13,86.08999633789062,86.08999633789062,87.1500015258789,87.47000122070312,86.05999755859375,26363,BZ=F,Factor,2026-09-24
2023-04-14,86.30999755859375,86.30999755859375,86.33999633789062,86.86000061035156,85.54000091552734,28360,BZ=F,Factor,2026-09-24
2023-04-17,84.76000213623047,84.76000213623047,86.2699966430664,86.51000213623047,84.3499984741211,30271,BZ=F,Factor,2026-09-24
2023-04-18,84.7699966430664,84.7699966430664,84.81999969482422,85.4000015258789,83.81999969482422,27241,BZ=F,Factor,2026-09-24
2023-04-19,83.12000274658203,83.12000274658203,84.86000061035156,85.1500015258789,82.41000366210938,30732,BZ=F,Factor,2026-09-24
2023-04-20,81.0999984741211,81.0999984741211,83.0,83.04000091552734,80.7699966430664,26114,BZ=F,Factor,2026-09-24
2023-04-21,81.66000366210938,81.66000366210938,80.83000183105469,82.04000091552734,80.44999694824219,17805,BZ=F,Factor,2026-09-24
2023-04-24,82.7300033569336,82.7300033569336,81.5999984741211,82.98999786376953,80.48999786376953,16684,BZ=F,Factor,2026-09-24
2023-04-25,80.7699966430664,80.7699966430664,82.58000183105469,83.05000305175781,80.3499984741211,17134,BZ=F,Factor,2026-09-24
2023-04-26,77.69000244140625,77.69000244140625,81.0,81.47000122070312,77.4800033569336,15436,BZ=F,Factor,2026-09-24
2023-04-27,78.37000274658203,78.37000274658203,77.87000274658203,78.62999725341797,77.38999938964844,8926,BZ=F,Factor,2026-09-24
2023-04-28,79.54000091552734,79.54000091552734,78.30999755859375,79.5999984741211,77.97000122070312,26788,BZ=F,Factor,2026-09-24
2023-05-01,79.30999755859375,79.30999755859375,80.18000030517578,80.19000244140625,78.12999725341797,12551,BZ=F,Factor,2026-09-24
2023-05-02,75.31999969482422,75.31999969482422,79.26000213623047,79.77999877929688,75.08999633789062,35700,BZ=F,Factor,2026-09-24
2023-05-03,72.33000183105469,72.33000183105469,75.2699966430664,75.55000305175781,71.68000030517578,34878,BZ=F,Factor,2026-09-24
2023-05-04,72.5,72.5,71.88999938964844,73.7300033569336,68.19999694824219,30132,BZ=F,Factor,2026-09-24
2023-05-05,75.30000305175781,75.30000305175781,72.6500015258789,75.7300033569336,72.41000366210938,20363,BZ=F,Factor,2026-09-24
2023-05-08,77.01000213623047,77.01000213623047,75.41000366210938,77.41999816894531,74.95999908447266,17211,BZ=F,Factor,2026-09-24
2023-05-09,77.44000244140625,77.44000244140625,76.8499984741211,77.48999786376953,75.06999969482422,24836,BZ=F,Factor,2026-09-24
2023-05-10,76.41000366210938,76.41000366210938,77.25,77.5999984741211,75.68000030517578,30289,BZ=F,Factor,2026-09-24
2023-05-11,74.9800033569336,74.9800033569336,76.63999938964844,77.4000015258789,74.62000274658203,32136,BZ=F,Factor,2026-09-24
2023-05-12,74.16999816894531,74.16999816894531,75.45999908447266,75.83999633789062,74.02999877929688,26553,BZ=F,Factor,2026-09-24
2023-05-15,75.2300033569336,75.2300033569336,74.25,75.75,73.48999786376953,24312,BZ=F,Factor,2026-09-24
2023-05-16,74.91000366210938,74.91000366210938,75.44999694824219,75.94999694824219,74.5,23070,BZ=F,Factor,2026-09-24
2023-05-17,76.95999908447266,76.95999908447266,74.68000030517578,77.30999755859375,74.08999633789062,31285,BZ=F,Factor,2026-09-24
2023-05-18,75.86000061035156,75.86000061035156,76.79000091552734,76.9800033569336,75.4800033569336,20152,BZ=F,Factor,2026-09-24
2023-05-19,75.58000183105469,75.58000183105469,75.9000015258789,77.5,75.0999984741211,22388,BZ=F,Factor,2026-09-24
2023-05-22,75.98999786376953,75.98999786376953,75.73999786376953,76.45999908447266,74.55000305175781,22801,BZ=F,Factor,2026-09-24
2023-05-23,76.83999633789062,76.83999633789062,75.97000122070312,77.73999786376953,75.6500015258789,30676,BZ=F,Factor,2026-09-24
2023-05-24,78.36000061035156,78.36000061035156,77.58999633789062,78.66000366210938,77.04000091552734,33849,BZ=F,Factor,2026-09-24
2023-05-25,76.26000213623047,76.26000213623047,78.26000213623047,78.5,75.12000274658203,36272,BZ=F,Factor,2026-09-24
2023-05-26,76.94999694824219,76.94999694824219,76.12000274658203,77.3499984741211,75.72000122070312,15522,BZ=F,Factor,2026-09-24
2023-05-30,73.54000091552734,73.54000091552734,77.37000274658203,77.73999786376953,73.16000366210938,13840,BZ=F,Factor,2026-09-24
2023-05-31,72.66000366210938,72.66000366210938,73.6500015258789,73.7699966430664,71.55000305175781,34611,BZ=F,Factor,2026-09-24
2023-06-01,74.27999877929688,74.27999877929688,72.08999633789062,75.25,72.01000213623047,31338,BZ=F,Factor,2026-09-24
2023-06-02,76.12999725341797,76.12999725341797,74.41000366210938,76.48999786376953,74.18000030517578,26080,BZ=F,Factor,2026-09-24
2023-06-05,76.70999908447266,76.70999908447266,77.5,78.72000122070312,76.30000305175781,34658,BZ=F,Factor,2026-09-24
2023-06-06,76.29000091552734,76.29000091552734,76.47000122070312,76.76000213623047,74.7300033569336,27997,BZ=F,Factor,2026-09-24
2023-06-07,76.94999694824219,76.94999694824219,76.06999969482422,77.62000274658203,75.51000213623047,35446,BZ=F,Factor,2026-09-24
2023-06-08,75.95999908447266,75.95999908447266,76.80000305175781,77.66000366210938,73.56999969482422,45284,BZ=F,Factor,2026-09-24
2023-06-09,74.79000091552734,74.79000091552734,75.52999877929688,76.55000305175781,74.72000122070312,25616,BZ=F,Factor,2026-09-24
2023-06-12,71.83999633789062,71.83999633789062,74.87999725341797,74.87999725341797,71.56999969482422,33191,BZ=F,Factor,2026-09-24
2023-06-13,74.29000091552734,74.29000091552734,72.0,74.6500015258789,71.94999694824219,28142,BZ=F,Factor,2026-09-24
2023-06-14,73.19999694824219,73.19999694824219,74.06999969482422,75.4800033569336,73.02999877929688,26201,BZ=F,Factor,2026-09-24
2023-06-15,75.66999816894531,75.66999816894531,73.47000122070312,75.95999908447266,72.91000366210938,21211,BZ=F,Factor,2026-09-24
2023-06-16,76.61000061035156,76.61000061035156,75.58000183105469,76.73999786376953,75.08000183105469,20871,BZ=F,Factor,2026-09-24
2023-06-20,75.9000015258789,75.9000015258789,76.2300033569336,77.1500015258789,74.5199966430664,34421,BZ=F,Factor,2026-09-24
2023-06-21,77.12000274658203,77.12000274658203,75.5,77.23999786376953,75.37999725341797,22470,BZ=F,Factor,2026-09-24
2023-06-22,74.13999938964844,74.13999938964844,76.95999908447266,77.19000244140625,73.58000183105469,30975,BZ=F,Factor,2026-09-24
2023-06-23,73.8499984741211,73.8499984741211,74.1500015258789,74.37000274658203,72.0999984741211,15800,BZ=F,Factor,2026-09-24
2023-06-26,74.18000030517578,74.18000030517578,74.44999694824219,74.83000183105469,73.43000030517578,20960,BZ=F,Factor,2026-09-24
2023-06-27,72.26000213623047,72.26000213623047,74.2300033569336,74.88999938964844,72.08999633789062,15262,BZ=F,Factor,2026-09-24
2023-06-28,74.02999877929688,74.02999877929688,72.55999755859375,74.20999908447266,71.58000183105469,12437,BZ=F,Factor,2026-09-24
2023-06-29,74.33999633789062,74.33999633789062,73.75,74.97000122070312,73.41000366210938,6372,BZ=F,Factor,2026-09-24
2023-06-30,74.9000015258789,74.9000015258789,74.25,75.12999725341797,74.25,29055,BZ=F,Factor,2026-09-24
2023-07-03,74.6500015258789,74.6500015258789,75.12999725341797,76.58000183105469,74.58000183105469,24066,BZ=F,Factor,2026-09-24
2023-07-05,76.6500015258789,76.6500015258789,74.94000244140625,76.94000244140625,74.77999877929688,35538,BZ=F,Factor,2026-09-24
2023-07-06,76.5199966430664,76.5199966430664,76.54000091552734,77.08000183105469,75.01000213623047,29695,BZ=F,Factor,2026-09-24
2023-07-07,78.47000122070312,78.47000122070312,76.4800033569336,78.52999877929688,76.0199966430664,26656,BZ=F,Factor,2026-09-24
2023-07-10,77.69000244140625,77.69000244140625,78.48999786376953,78.77999877929688,77.33999633789062,21082,BZ=F,Factor,2026-09-24
2023-07-11,79.4000015258789,79.4000015258789,77.86000061035156,79.5,77.63999938964844,22736,BZ=F,Factor,2026-09-24
2023-07-12,80.11000061035156,80.11000061035156,79.27999877929688,80.56999969482422,79.22000122070312,25367,BZ=F,Factor,2026-09-24
2023-07-13,81.36000061035156,81.36000061035156,80.1500015258789,81.75,79.87000274658203,28794,BZ=F,Factor,2026-09-24
2023-07-14,79.87000274658203,79.87000274658203,81.61000061035156,81.69000244140625,79.56999969482422,23286,BZ=F,Factor,2026-09-24
2023-07-17,78.5,78.5,79.44999694824219,80.62000274658203,78.26000213623047,29152,BZ=F,Factor,2026-09-24
2023-07-18,79.62999725341797,79.62999725341797,78.52999877929688,80.01000213623047,78.19999694824219,30304,BZ=F,Factor,2026-09-24
2023-07-19,79.45999908447266,79.45999908447266,79.80000305175781,80.94999694824219,79.18000030517578,33372,BZ=F,Factor,2026-09-24
2023-07-20,79.63999938964844,79.63999938964844,79.5,80.2699966430664,78.66999816894531,24867,BZ=F,Factor,2026-09-24
2023-07-21,81.06999969482422,81.06999969482422,79.66000366210938,81.23999786376953,79.66000366210938,23563,BZ=F,Factor,2026-09-24
2023-07-24,82.73999786376953,82.73999786376953,80.98999786376953,83.16000366210938,80.41999816894531,28032,BZ=F,Factor,2026-09-24
2023-07-25,83.63999938964844,83.63999938964844,82.83000183105469,83.87999725341797,82.23999786376953,22083,BZ=F,Factor,2026-09-24
2023-07-26,82.91999816894531,82.91999816894531,83.2699966430664,83.86000061035156,82.5999984741211,19315,BZ=F,Factor,2026-09-24
2023-07-27,84.23999786376953,84.23999786376953,83.02999877929688,84.51000213623047,82.98999786376953,18467,BZ=F,Factor,2026-09-24
2023-07-28,84.98999786376953,84.98999786376953,84.05000305175781,85.0999984741211,83.22000122070312,11121,BZ=F,Factor,2026-09-24
2023-07-31,85.55999755859375,85.55999755859375,84.87999725341797,85.66000366210938,84.5199966430664,23446,BZ=F,Factor,2026-09-24
2023-08-01,84.91000366210938,84.91000366210938,85.3499984741211,85.79000091552734,84.26000213623047,27179,BZ=F,Factor,2026-09-24
2023-08-02,83.19999694824219,83.19999694824219,85.7300033569336,85.9800033569336,82.75,32246,BZ=F,Factor,2026-09-24
2023-08-03,85.13999938964844,85.13999938964844,83.44000244140625,85.41999816894531,82.37000274658203,30333,BZ=F,Factor,2026-09-24
2023-08-04,86.23999786376953,86.23999786376953,85.31999969482422,86.6500015258789,85.11000061035156,22130,BZ=F,Factor,2026-09-24
2023-08-07,85.33999633789062,85.33999633789062,86.13999938964844,86.70999908447266,85.04000091552734,19591,BZ=F,Factor,2026-09-24
2023-08-08,86.16999816894531,86.16999816894531,85.83999633789062,86.3499984741211,83.31999969482422,26377,BZ=F,Factor,2026-09-24
2023-08-09,87.55000305175781,87.55000305175781,86.01000213623047,87.66000366210938,85.94000244140625,29154,BZ=F,Factor,2026-09-24
2023-08-10,86.4000015258789,86.4000015258789,87.37000274658203,88.0999984741211,86.1500015258789,28721,BZ=F,Factor,2026-09-24
2023-08-11,86.80999755859375,86.80999755859375,86.38999938964844,87.3499984741211,85.8499984741211,33204,BZ=F,Factor,2026-09-24
2023-08-14,86.20999908447266,86.20999908447266,86.63999938964844,86.69999694824219,85.5,24768,BZ=F,Factor,2026-09-24
2023-08-15,84.88999938964844,84.88999938964844,86.30000305175781,86.66999816894531,84.29000091552734,29945,BZ=F,Factor,2026-09-24
2023-08-16,83.44999694824219,83.44999694824219,85.12000274658203,85.36000061035156,83.12000274658203,31925,BZ=F,Factor,2026-09-24
2023-08-17,84.12000274658203,84.12000274658203,83.3499984741211,84.88999938964844,83.05000305175781,33977,BZ=F,Factor,2026-09-24
2023-08-18,84.80000305175781,84.80000305175781,83.83000183105469,85.06999969482422,83.31999969482422,26072,BZ=F,Factor,2026-09-24
2023-08-21,84.45999908447266,84.45999908447266,85.05999755859375,85.87000274658203,84.30999755859375,27958,BZ=F,Factor,2026-09-24
2023-08-22,84.02999877929688,84.02999877929688,84.38999938964844,84.6500015258789,83.83999633789062,27081,BZ=F,Factor,2026-09-24
2023-08-23,83.20999908447266,83.20999908447266,83.9800033569336,84.23999786376953,81.97000122070312,35103,BZ=F,Factor,2026-09-24
2023-08-24,83.36000061035156,83.36000061035156,82.98999786376953,83.61000061035156,81.97000122070312,27997,BZ=F,Factor,2026-09-24
2023-08-25,84.4800033569336,84.4800033569336,83.19999694824219,84.97000122070312,82.69000244140625,20715,BZ=F,Factor,2026-09-24
2023-08-28,84.41999816894531,84.41999816894531,84.87000274658203,85.22000122070312,84.11000061035156,14607,BZ=F,Factor,2026-09-24
2023-08-29,85.48999786376953,85.48999786376953,84.37999725341797,85.6500015258789,83.77999877929688,14579,BZ=F,Factor,2026-09-24
2023-08-30,85.86000061035156,85.86000061035156,85.62999725341797,86.20999908447266,85.12999725341797,12280,BZ=F,Factor,2026-09-24
2023-08-31,86.86000061035156,86.86000061035156,85.8499984741211,86.9000015258789,85.8499984741211,33559,BZ=F,Factor,2026-09-24
2023-09-01,88.55000305175781,88.55000305175781,86.81999969482422,88.95999908447266,86.73999786376953,33224,BZ=F,Factor,2026-09-24
2023-09-05,90.04000091552734,90.04000091552734,88.69999694824219,91.18000030517578,88.06999969482422,46893,BZ=F,Factor,2026-09-24
2023-09-06,90.5999984741211,90.5999984741211,89.9800033569336,91.11000061035156,89.25,25396,BZ=F,Factor,2026-09-24
2023-09-07,89.91999816894531,89.91999816894531,90.61000061035156,90.86000061035156,89.47000122070312,22300,BZ=F,Factor,2026-09-24
2023-09-08,90.6500015258789,90.6500015258789,89.80000305175781,91.0199966430664,89.30000305175781,27150,BZ=F,Factor,2026-09-24
2023-09-11,90.63999938964844,90.63999938964844,90.66000366210938,91.44999694824219,90.12000274658203,29901,BZ=F,Factor,2026-09-24
2023-09-12,92.05999755859375,92.05999755859375,90.55999755859375,92.41999816894531,90.54000091552734,31070,BZ=F,Factor,2026-09-24
2023-09-13,91.87999725341797,91.87999725341797,91.93000030517578,92.83000183105469,91.62999725341797,31803,BZ=F,Factor,2026-09-24
2023-09-14,93.69999694824219,93.69999694824219,92.19999694824219,94.20999908447266,92.02999877929688,36699,BZ=F,Factor,2026-09-24
2023-09-15,93.93000030517578,93.93000030517578,94.12999725341797,94.61000061035156,92.66999816894531,35162,BZ=F,Factor,2026-09-24
2023-09-18,94.43000030517578,94.43000030517578,94.19999694824219,94.94999694824219,93.77999877929688,33918,BZ=F,Factor,2026-09-24
2023-09-19,94.33999633789062,94.33999633789062,94.62999725341797,95.94999694824219,94.16999816894531,43614,BZ=F,Factor,2026-09-24
2023-09-20,93.52999877929688,93.52999877929688,94.4800033569336,94.7300033569336,92.76000213623047,43515,BZ=F,Factor,2026-09-24
2023-09-21,93.30000305175781,93.30000305175781,93.22000122070312,94.5999984741211,92.19999694824219,38711,BZ=F,Factor,2026-09-24
2023-09-22,93.2699966430664,93.2699966430664,93.31999969482422,94.62999725341797,92.80000305175781,31511,BZ=F,Factor,2026-09-24
2023-09-25,93.29000091552734,93.29000091552734,93.75,94.25,92.54000091552734,18626,BZ=F,Factor,2026-09-24
2023-09-26,93.95999908447266,93.95999908447266,93.26000213623047,94.20999908447266,91.80000305175781,18509,BZ=F,Factor,2026-09-24
2023-09-27,96.55000305175781,96.55000305175781,94.16000366210938,97.04000091552734,94.1500015258789,23665,BZ=F,Factor,2026-09-24
2023-09-28,95.37999725341797,95.37999725341797,96.62000274658203,97.62999725341797,94.75,9192,BZ=F,Factor,2026-09-24
2023-09-29,95.30999755859375,95.30999755859375,95.0999984741211,96.23999786376953,94.95999908447266,47666,BZ=F,Factor,2026-09-24
2023-10-02,90.70999908447266,90.70999908447266,92.19000244140625,93.31999969482422,90.3499984741211,38153,BZ=F,Factor,2026-09-24
2023-10-03,90.91999816894531,90.91999816894531,90.44000244140625,91.55999755859375,89.5199966430664,50094,BZ=F,Factor,2026-09-24
2023-10-04,85.80999755859375,85.80999755859375,90.95999908447266,91.19000244140625,85.7300033569336,49185,BZ=F,Factor,2026-09-24
2023-10-05,84.06999969482422,84.06999969482422,86.02999877929688,86.51000213623047,83.83999633789062,44895,BZ=F,Factor,2026-09-24
2023-10-06,84.58000183105469,84.58000183105469,84.22000122070312,84.95999908447266,83.44999694824219,41254,BZ=F,Factor,2026-09-24
2023-10-09,88.1500015258789,88.1500015258789,86.3499984741211,89.0,86.06999969482422,37096,BZ=F,Factor,2026-09-24
2023-10-10,87.6500015258789,87.6500015258789,88.11000061035156,88.47000122070312,86.91999816894531,29704,BZ=F,Factor,2026-09-24
2023-10-11,85.81999969482422,85.81999969482422,87.75,88.25,85.22000122070312,37902,BZ=F,Factor,2026-09-24
2023-10-12,86.0,86.0,85.5999984741211,87.63999938964844,85.18000030517578,40488,BZ=F,Factor,2026-09-24
2023-10-13,90.88999938964844,90.88999938964844,86.41000366210938,90.98999786376953,86.27999877929688,44455,BZ=F,Factor,2026-09-24
2023-10-16,89.6500015258789,89.6500015258789,90.91999816894531,91.38999938964844,89.48999786376953,28811,BZ=F,Factor,2026-09-24
2023-10-17,89.9000015258789,89.9000015258789,90.05999755859375,90.91999816894531,88.87000274658203,27054,BZ=F,Factor,2026-09-24
2023-10-18,91.5,91.5,90.9000015258789,92.97000122070312,90.5999984741211,35456,BZ=F,Factor,2026-09-24
2023-10-19,92.37999725341797,92.37999725341797,91.33999633789062,93.47000122070312,89.52999877929688,34880,BZ=F,Factor,2026-09-24
2023-10-20,92.16000366210938,92.16000366210938,92.8499984741211,93.79000091552734,91.68000030517578,30081,BZ=F,Factor,2026-09-24
2023-10-23,89.83000183105469,89.83000183105469,92.12999725341797,92.43000030517578,89.62000274658203,36158,BZ=F,Factor,2026-09-24
2023-10-24,88.06999969482422,88.06999969482422,90.3499984741211,90.66999816894531,87.3499984741211,42436,BZ=F,Factor,2026-09-24
2023-10-25,90.12999725341797,90.12999725341797,88.13999938964844,90.33999633789062,86.66999816894531,47506,BZ=F,Factor,2026-09-24
2023-10-26,87.93000030517578,87.93000030517578,90.04000091552734,90.36000061035156,87.55000305175781,22662,BZ=F,Factor,2026-09-24
2023-10-27,90.4800033569336,90.4800033569336,88.26000213623047,90.73999786376953,87.83999633789062,21249,BZ=F,Factor,2026-09-24
2023-10-30,87.44999694824219,87.44999694824219,90.30000305175781,90.30000305175781,87.22000122070312,15413,BZ=F,Factor,2026-09-24
2023-10-31,87.41000366210938,87.41000366210938,87.80999755859375,88.52999877929688,87.41000366210938,35673,BZ=F,Factor,2026-09-24
2023-11-01,84.62999725341797,84.62999725341797,85.44999694824219,87.22000122070312,84.55999755859375,36235,BZ=F,Factor,2026-09-24
2023-11-02,86.8499984741211,86.8499984741211,84.94000244140625,87.02999877929688,84.61000061035156,31512,BZ=F,Factor,2026-09-24
2023-11-03,84.88999938964844,84.88999938964844,86.86000061035156,87.77999877929688,84.55000305175781,36172,BZ=F,Factor,2026-09-24
2023-11-06,85.18000030517578,85.18000030517578,85.38999938964844,86.44999694824219,84.91000366210938,26524,BZ=F,Factor,2026-09-24
2023-11-07,81.61000061035156,81.61000061035156,85.2300033569336,85.31999969482422,81.41999816894531,38007,BZ=F,Factor,2026-09-24
2023-11-08,79.54000091552734,79.54000091552734,81.47000122070312,81.93000030517578,79.16000366210938,36137,BZ=F,Factor,2026-09-24
2023-11-09,80.01000213623047,80.01000213623047,79.77999877929688,81.4800033569336,79.44000244140625,32592,BZ=F,Factor,2026-09-24
2023-11-10,81.43000030517578,81.43000030517578,79.69999694824219,82.05000305175781,79.61000061035156,20653,BZ=F,Factor,2026-09-24
2023-11-13,82.5199966430664,82.5199966430664,81.44999694824219,82.81999969482422,80.41000366210938,22380,BZ=F,Factor,2026-09-24
2023-11-14,82.47000122070312,82.47000122070312,82.75,83.97000122070312,82.05000305175781,25753,BZ=F,Factor,2026-09-24
2023-11-15,81.18000030517578,81.18000030517578,82.37999725341797,83.01000213623047,80.80000305175781,32261,BZ=F,Factor,2026-09-24
2023-11-16,77.41999816894531,77.41999816894531,80.94000244140625,81.16000366210938,76.5999984741211,37692,BZ=F,Factor,2026-09-24
2023-11-17,80.61000061035156,80.61000061035156,77.52999877929688,80.80000305175781,77.27999877929688,35037,BZ=F,Factor,2026-09-24
2023-11-20,82.31999969482422,82.31999969482422,80.47000122070312,82.93000030517578,79.97000122070312,24121,BZ=F,Factor,2026-09-24
2023-11-21,82.44999694824219,82.44999694824219,82.12999725341797,82.52999877929688,81.41000366210938,22699,BZ=F,Factor,2026-09-24
2023-11-22,81.95999908447266,81.95999908447266,82.4000015258789,82.62999725341797,78.41000366210938,40651,BZ=F,Factor,2026-09-24
2023-11-23,81.37000274658203,81.37000274658203,81.62999725341797,81.62999725341797,80.18000030517578,40651,BZ=F,Factor,2026-09-24
2023-11-24,80.58000183105469,80.58000183105469,81.62999725341797,82.19999694824219,80.18000030517578,19356,BZ=F,Factor,2026-09-24
2023-11-27,79.9800033569336,79.9800033569336,80.33999633789062,81.18000030517578,79.12999725341797,15161,BZ=F,Factor,2026-09-24
2023-11-28,81.68000030517578,81.68000030517578,80.13999938964844,82.18000030517578,79.83000183105469,15095,BZ=F,Factor,2026-09-24
2023-11-29,83.0999984741211,83.0999984741211,81.93000030517578,83.23999786376953,80.95999908447266,8045,BZ=F,Factor,2026-09-24
2023-11-30,82.83000183105469,82.83000183105469,82.87000274658203,84.70999908447266,82.66999816894531,59320,BZ=F,Factor,2026-09-24
2023-12-01,78.87999725341797,78.87999725341797,80.47000122070312,81.5199966430664,78.75,29551,BZ=F,Factor,2026-09-24
2023-12-04,78.02999877929688,78.02999877929688,79.43000030517578,79.66000366210938,77.5199966430664,32582,BZ=F,Factor,2026-09-24
2023-12-05,77.19999694824219,77.19999694824219,78.19999694824219,79.06999969482422,76.9800033569336,30931,BZ=F,Factor,2026-09-24
2023-12-06,74.30000305175781,74.30000305175781,77.05999755859375,77.62999725341797,74.11000061035156,34004,BZ=F,Factor,2026-09-24
2023-12-07,74.05000305175781,74.05000305175781,74.30000305175781,75.4800033569336,73.61000061035156,26600,BZ=F,Factor,2026-09-24
2023-12-08,75.83999633789062,75.83999633789062,74.5,76.36000061035156,74.2300033569336,21497,BZ=F,Factor,2026-09-24
2023-12-11,76.02999877929688,76.02999877929688,75.66000366210938,76.4800033569336,75.0,20413,BZ=F,Factor,2026-09-24
2023-12-12,73.23999786376953,73.23999786376953,76.25,76.63999938964844,72.86000061035156,29568,BZ=F,Factor,2026-09-24
2023-12-13,74.26000213623047,74.26000213623047,73.36000061035156,74.69999694824219,72.30000305175781,27711,BZ=F,Factor,2026-09-24
2023-12-14,76.61000061035156,76.61000061035156,74.70999908447266,77.3499984741211,74.45999908447266,28386,BZ=F,Factor,2026-09-24
2023-12-15,76.55000305175781,76.55000305175781,76.5999984741211,77.22000122070312,75.33000183105469,19442,BZ=F,Factor,2026-09-24
2023-12-18,77.94999694824219,77.94999694824219,76.97000122070312,79.51000213623047,75.77999877929688,30258,BZ=F,Factor,2026-09-24
2023-12-19,79.2300033569336,79.2300033569336,78.05000305175781,79.66000366210938,77.43000030517578,25735,BZ=F,Factor,2026-09-24
2023-12-20,79.69999694824219,79.69999694824219,79.25,80.61000061035156,79.08000183105469,26913,BZ=F,Factor,2026-09-24
2023-12-21,79.38999938964844,79.38999938964844,79.13999938964844,80.12000274658203,77.8499984741211,22237,BZ=F,Factor,2026-09-24
2023-12-22,79.06999969482422,79.06999969482422,79.44000244140625,80.37000274658203,78.83000183105469,12334,BZ=F,Factor,2026-09-24
2023-12-26,81.06999969482422,81.06999969482422,79.19000244140625,81.70999908447266,78.80999755859375,10247,BZ=F,Factor,2026-09-24
2023-12-27,79.6500015258789,79.6500015258789,80.73999786376953,81.31999969482422,79.48999786376953,8282,BZ=F,Factor,2026-09-24
2023-12-28,78.38999938964844,78.38999938964844,79.83999633789062,79.95999908447266,78.33999633789062,24301,BZ=F,Factor,2026-09-24
2023-12-29,77.04000091552734,77.04000091552734,77.41999816894531,77.97000122070312,76.75,20115,BZ=F,Factor,2026-09-24
2024-01-02,75.88999938964844,75.88999938964844,77.20999908447266,79.04000091552734,75.5999984741211,28591,BZ=F,Factor,2026-09-24
2024-01-03,78.25,78.25,75.98999786376953,78.66999816894531,74.79000091552734,32172,BZ=F,Factor,2026-09-24
2024-01-04,77.58999633789062,77.58999633789062,78.5,79.4000015258789,76.5,33154,BZ=F,Factor,2026-09-24
2024-01-05,78.76000213623047,78.76000213623047,77.5999984741211,79.25,77.5,30994,BZ=F,Factor,2026-09-24
2024-01-08,76.12000274658203,76.12000274658203,78.5999984741211,78.94999694824219,75.26000213623047,32539,BZ=F,Factor,2026-09-24
2024-01-09,77.58999633789062,77.58999633789062,76.36000061035156,78.18000030517578,75.95999908447266,27914,BZ=F,Factor,2026-09-24
2024-01-10,76.80000305175781,76.80000305175781,77.45999908447266,78.7300033569336,76.37999725341797,34395,BZ=F,Factor,2026-09-24
2024-01-11,77.41000366210938,77.41000366210938,76.73999786376953,79.08999633789062,76.6500015258789,35565,BZ=F,Factor,2026-09-24
2024-01-12,78.29000091552734,78.29000091552734,78.45999908447266,80.73999786376953,77.93000030517578,31824,BZ=F,Factor,2026-09-24
2024-01-16,78.29000091552734,78.29000091552734,78.08000183105469,79.38999938964844,76.83000183105469,46742,BZ=F,Factor,2026-09-24
2024-01-17,77.87999725341797,77.87999725341797,77.86000061035156,78.18000030517578,76.5,35892,BZ=F,Factor,2026-09-24
2024-01-18,79.0999984741211,79.0999984741211,78.05000305175781,79.30000305175781,77.33999633789062,28190,BZ=F,Factor,2026-09-24
2024-01-19,78.55999755859375,78.55999755859375,78.9800033569336,79.75,78.33000183105469,23734,BZ=F,Factor,2026-09-24
2024-01-22,80.05999755859375,80.05999755859375,78.8499984741211,80.55000305175781,77.81999969482422,27825,BZ=F,Factor,2026-09-24
2024-01-23,79.55000305175781,79.55000305175781,79.91000366210938,80.44000244140625,78.69999694824219,27835,BZ=F,Factor,2026-09-24
2024-01-24,80.04000091552734,80.04000091552734,79.73999786376953,80.73999786376953,79.05000305175781,22429,BZ=F,Factor,2026-09-24
2024-01-25,82.43000030517578,82.43000030517578,80.30999755859375,82.55999755859375,80.06999969482422,21420,BZ=F,Factor,2026-09-24
2024-01-26,83.55000305175781,83.55000305175781,82.38999938964844,83.83000183105469,81.31999969482422,19128,BZ=F,Factor,2026-09-24
2024-01-29,82.4000015258789,82.4000015258789,84.12999725341797,84.79000091552734,82.04000091552734,12802,BZ=F,Factor,2026-09-24
2024-01-30,82.87000274658203,82.87000274658203,82.56999969482422,83.25,81.33999633789062,7284,BZ=F,Factor,2026-09-24
2024-01-31,81.70999908447266,81.70999908447266,82.58999633789062,82.80000305175781,81.70999908447266,33486,BZ=F,Factor,2026-09-24
2024-02-01,78.69999694824219,78.69999694824219,80.66999816894531,81.55000305175781,78.58000183105469,48919,BZ=F,Factor,2026-09-24
2024-02-02,77.33000183105469,77.33000183105469,78.91999816894531,79.44000244140625,76.86000061035156,32405,BZ=F,Factor,2026-09-24
2024-02-05,77.98999786376953,77.98999786376953,77.66000366210938,78.33000183105469,76.62000274658203,24879,BZ=F,Factor,2026-09-24
2024-02-06,78.58999633789062,78.58999633789062,77.94000244140625,79.06999969482422,77.6500015258789,24904,BZ=F,Factor,2026-09-24
2024-02-07,79.20999908447266,79.20999908447266,78.69999694824219,79.47000122070312,78.48999786376953,26342,BZ=F,Factor,2026-09-24
2024-02-08,81.62999725341797,81.62999725341797,79.37999725341797,81.88999938964844,79.0199966430664,32568,BZ=F,Factor,2026-09-24
2024-02-09,82.19000244140625,82.19000244140625,81.7300033569336,82.45999908447266,81.20999908447266,26408,BZ=F,Factor,2026-09-24
2024-02-12,82.0,82.0,81.76000213623047,82.20999908447266,80.79000091552734,22915,BZ=F,Factor,2026-09-24
2024-02-13,82.7699966430664,82.7699966430664,82.05000305175781,83.2300033569336,81.95999908447266,29306,BZ=F,Factor,2026-09-24
2024-02-14,81.5999984741211,81.5999984741211,82.66000366210938,83.61000061035156,81.38999938964844,28305,BZ=F,Factor,2026-09-24
2024-02-15,82.86000061035156,82.86000061035156,81.5199966430664,83.25,80.72000122070312,31230,BZ=F,Factor,2026-09-24
2024-02-16,83.47000122070312,83.47000122070312,82.83000183105469,83.66000366210938,81.9000015258789,34125,BZ=F,Factor,2026-09-24
2024-02-20,82.33999633789062,82.33999633789062,83.30000305175781,83.62999725341797,82.05000305175781,34581,BZ=F,Factor,2026-09-24
2024-02-21,83.02999877929688,83.02999877929688,82.55999755859375,83.16999816894531,81.66999816894531,23038,BZ=F,Factor,2026-09-24
2024-02-22,83.66999816894531,83.66999816894531,83.16000366210938,83.97000122070312,82.33999633789062,27885,BZ=F,Factor,2026-09-24
2024-02-23,81.62000274658203,81.62000274658203,83.41999816894531,83.4800033569336,81.44000244140625,19427,BZ=F,Factor,2026-09-24
2024-02-26,82.52999877929688,82.52999877929688,81.58999633789062,83.05999755859375,81.0199966430664,15694,BZ=F,Factor,2026-09-24
2024-02-27,83.6500015258789,83.6500015258789,82.55000305175781,83.73999786376953,82.0999984741211,10882,BZ=F,Factor,2026-09-24
2024-02-28,83.68000030517578,83.68000030517578,83.4000015258789,84.30000305175781,82.62000274658203,6015,BZ=F,Factor,2026-09-24
2024-02-29,83.62000274658203,83.62000274658203,83.6500015258789,83.73999786376953,83.04000091552734,27327,BZ=F,Factor,2026-09-24
2024-03-01,83.55000305175781,83.55000305175781,81.97000122070312,84.3499984741211,81.80999755859375,30885,BZ=F,Factor,2026-09-24
2024-03-04,82.80000305175781,82.80000305175781,83.58999633789062,84.06999969482422,82.58000183105469,26396,BZ=F,Factor,2026-09-24
2024-03-05,82.04000091552734,82.04000091552734,82.97000122070312,83.13999938964844,81.7300033569336,37442,BZ=F,Factor,2026-09-24
2024-03-06,82.95999908447266,82.95999908447266,82.08000183105469,84.05999755859375,81.88999938964844,35173,BZ=F,Factor,2026-09-24
2024-03-07,82.95999908447266,82.95999908447266,82.83999633789062,83.47000122070312,82.06999969482422,32447,BZ=F,Factor,2026-09-24
2024-03-08,82.08000183105469,82.08000183105469,83.33999633789062,83.83999633789062,81.70999908447266,26605,BZ=F,Factor,2026-09-24
2024-03-11,82.20999908447266,82.20999908447266,81.91000366210938,82.7300033569336,81.08000183105469,28619,BZ=F,Factor,2026-09-24
2024-03-12,81.91999816894531,81.91999816894531,82.43000030517578,83.01000213623047,81.69000244140625,29951,BZ=F,Factor,2026-09-24
2024-03-13,84.02999877929688,84.02999877929688,82.38999938964844,84.22000122070312,81.97000122070312,34043,BZ=F,Factor,2026-09-24
2024-03-14,85.41999816894531,85.41999816894531,83.9800033569336,85.68000030517578,83.94000244140625,34250,BZ=F,Factor,2026-09-24
2024-03-15,85.33999633789062,85.33999633789062,85.12999725341797,85.55000305175781,84.62999725341797,23623,BZ=F,Factor,2026-09-24
2024-03-18,86.88999938964844,86.88999938964844,85.37999725341797,87.18000030517578,85.26000213623047,33687,BZ=F,Factor,2026-09-24
2024-03-19,87.37999725341797,87.37999725341797,86.8499984741211,87.70999908447266,86.48999786376953,30045,BZ=F,Factor,2026-09-24
2024-03-20,85.94999694824219,85.94999694824219,87.22000122070312,87.3499984741211,85.58000183105469,35304,BZ=F,Factor,2026-09-24
2024-03-21,85.77999877929688,85.77999877929688,86.16000366210938,86.63999938964844,85.05000305175781,23829,BZ=F,Factor,2026-09-24
2024-03-22,85.43000030517578,85.43000030517578,85.55000305175781,86.1500015258789,85.11000061035156,14778,BZ=F,Factor,2026-09-24
2024-03-25,86.75,86.75,85.5999984741211,87.18000030517578,85.4000015258789,21176,BZ=F,Factor,2026-09-24
2024-03-26,86.25,86.25,86.7699966430664,87.05000305175781,85.80999755859375,12736,BZ=F,Factor,2026-09-24
2024-03-27,86.08999633789062,86.08999633789062,85.97000122070312,86.36000061035156,85.18000030517578,8449,BZ=F,Factor,2026-09-24
2024-03-28,87.4800033569336,87.4800033569336,86.52999877929688,87.4800033569336,86.31999969482422,30759,BZ=F,Factor,2026-09-24
2024-04-01,87.41999816894531,87.41999816894531,86.93000030517578,87.98999786376953,86.4000015258789,29598,BZ=F,Factor,2026-09-24
2024-04-02,88.91999816894531,88.91999816894531,87.80000305175781,89.27999877929688,87.6500015258789,40754,BZ=F,Factor,2026-09-24
2024-04-03,89.3499984741211,89.3499984741211,89.20999908447266,89.9800033569336,88.68000030517578,35138,BZ=F,Factor,2026-09-24
2024-04-04,90.6500015258789,90.6500015258789,89.5,91.30000305175781,88.7300033569336,38764,BZ=F,Factor,2026-09-24
2024-04-05,91.16999816894531,91.16999816894531,91.01000213623047,91.91000366210938,90.56999969482422,37391,BZ=F,Factor,2026-09-24
2024-04-08,90.37999725341797,90.37999725341797,90.30999755859375,91.0999984741211,88.80000305175781,39142,BZ=F,Factor,2026-09-24
2024-04-09,89.41999816894531,89.41999816894531,90.55000305175781,90.94000244140625,89.2699966430664,33993,BZ=F,Factor,2026-09-24
2024-04-10,90.4800033569336,90.4800033569336,89.51000213623047,90.66000366210938,88.83000183105469,51136,BZ=F,Factor,2026-09-24
2024-04-11,89.73999786376953,89.73999786376953,90.54000091552734,90.91999816894531,89.37000274658203,47337,BZ=F,Factor,2026-09-24
2024-04-12,90.44999694824219,90.44999694824219,90.29000091552734,92.18000030517578,90.01000213623047,43560,BZ=F,Factor,2026-09-24
2024-04-15,90.0999984741211,90.0999984741211,90.37000274658203,91.1500015258789,88.7300033569336,35488,BZ=F,Factor,2026-09-24
2024-04-16,90.0199966430664,90.0199966430664,90.43000030517578,90.83000183105469,89.41000366210938,34348,BZ=F,Factor,2026-09-24
2024-04-17,87.29000091552734,87.29000091552734,90.05000305175781,90.1500015258789,87.13999938964844,45933,BZ=F,Factor,2026-09-24
2024-04-18,87.11000061035156,87.11000061035156,87.44000244140625,87.79000091552734,86.0999984741211,38630,BZ=F,Factor,2026-09-24
2024-04-19,87.29000091552734,87.29000091552734,86.95999908447266,90.77999877929688,86.16000366210938,45203,BZ=F,Factor,2026-09-24
2024-04-22,87.0,87.0,87.04000091552734,87.25,85.79000091552734,32395,BZ=F,Factor,2026-09-24
2024-04-23,88.41999816894531,88.41999816894531,87.2300033569336,88.48999786376953,86.04000091552734,35381,BZ=F,Factor,2026-09-24
2024-04-24,88.0199966430664,88.0199966430664,88.45999908447266,88.80000305175781,87.6500015258789,26662,BZ=F,Factor,2026-09-24
2024-04-25,89.01000213623047,89.01000213623047,88.11000061035156,89.26000213623047,87.29000091552734,24588,BZ=F,Factor,2026-09-24
2024-04-26,89.5,89.5,89.20999908447266,89.83000183105469,88.80000305175781,15475,BZ=F,Factor,2026-09-24
2024-04-29,88.4000015258789,88.4000015258789,89.25,89.30000305175781,88.0999984741211,15093,BZ=F,Factor,2026-09-24
2024-04-30,87.86000061035156,87.86000061035156,88.31999969482422,88.70999908447266,87.47000122070312,39816,BZ=F,Factor,2026-09-24
2024-05-01,83.44000244140625,83.44000244140625,85.95999908447266,85.95999908447266,83.29000091552734,48165,BZ=F,Factor,2026-09-24
2024-05-02,83.66999816894531,83.66999816894531,83.55999755859375,84.41999816894531,83.02999877929688,39951,BZ=F,Factor,2026-09-24
2024-05-03,82.95999908447266,82.95999908447266,83.80000305175781,84.4000015258789,82.80000305175781,31511,BZ=F,Factor,2026-09-24
2024-05-06,83.33000183105469,83.33000183105469,82.9800033569336,83.81999969482422,82.76000213623047,23246,BZ=F,Factor,2026-09-24
2024-05-07,83.16000366210938,83.16000366210938,83.58999633789062,83.87000274658203,82.4000015258789,33414,BZ=F,Factor,2026-09-24
2024-05-08,83.58000183105469,83.58000183105469,83.04000091552734,83.81999969482422,81.72000122070312,35419,BZ=F,Factor,2026-09-24
2024-05-09,83.87999725341797,83.87999725341797,83.77999877929688,84.33000183105469,83.45999908447266,25231,BZ=F,Factor,2026-09-24
2024-05-10,82.79000091552734,82.79000091552734,84.20999908447266,84.5199966430664,82.70999908447266,25062,BZ=F,Factor,2026-09-24
2024-05-13,83.36000061035156,83.36000061035156,82.69999694824219,83.83000183105469,82.26000213623047,29242,BZ=F,Factor,2026-09-24
2024-05-14,82.37999725341797,82.37999725341797,83.5,83.62000274658203,82.0999984741211,33169,BZ=F,Factor,2026-09-24
2024-05-15,82.75,82.75,82.7699966430664,83.06999969482422,81.05999755859375,41744,BZ=F,Factor,2026-09-24
2024-05-16,83.2699966430664,83.2699966430664,82.93000030517578,83.77999877929688,82.30999755859375,27576,BZ=F,Factor,2026-09-24
2024-05-17,83.9800033569336,83.9800033569336,83.44000244140625,84.04000091552734,83.08999633789062,23516,BZ=F,Factor,2026-09-24
2024-05-20,83.70999908447266,83.70999908447266,84.0,84.5,83.12000274658203,22320,BZ=F,Factor,2026-09-24
2024-05-21,82.87999725341797,82.87999725341797,83.69999694824219,83.73999786376953,82.05999755859375,29726,BZ=F,Factor,2026-09-24
2024-05-22,81.9000015258789,81.9000015258789,82.4800033569336,82.63999938964844,81.58000183105469,32042,BZ=F,Factor,2026-09-24
2024-05-23,81.36000061035156,81.36000061035156,81.69000244140625,82.97000122070312,80.93000030517578,27035,BZ=F,Factor,2026-09-24
2024-05-24,82.12000274658203,82.12000274658203,81.54000091552734,82.44999694824219,80.66000366210938,17991,BZ=F,Factor,2026-09-24
2024-05-28,84.22000122070312,84.22000122070312,82.1500015258789,84.62999725341797,82.06999969482422,23477,BZ=F,Factor,2026-09-24
2024-05-29,83.5999984741211,83.5999984741211,84.62000274658203,85.01000213623047,83.30000305175781,15987,BZ=F,Factor,2026-09-24
2024-05-30,81.86000061035156,81.86000061035156,83.5,83.76000213623047,81.81999969482422,9220,BZ=F,Factor,2026-09-24
2024-05-31,81.62000274658203,81.62000274658203,81.77999877929688,82.12000274658203,81.18000030517578,33414,BZ=F,Factor,2026-09-24
2024-06-03,78.36000061035156,78.36000061035156,81.19000244140625,81.62999725341797,78.08999633789062,42771,BZ=F,Factor,2026-09-24
2024-06-04,77.5199966430664,77.5199966430664,78.16000366210938,78.20999908447266,76.75,41209,BZ=F,Factor,2026-09-24
2024-06-05,78.41000366210938,78.41000366210938,77.16999816894531,78.5999984741211,77.13999938964844,37039,BZ=F,Factor,2026-09-24
2024-06-06,79.87000274658203,79.87000274658203,78.58000183105469,80.06999969482422,78.37000274658203,36186,BZ=F,Factor,2026-09-24
2024-06-07,79.62000274658203,79.62000274658203,80.0199966430664,80.37999725341797,79.33000183105469,26371,BZ=F,Factor,2026-09-24
2024-06-10,81.62999725341797,81.62999725341797,79.41000366210938,82.16000366210938,79.3499984741211,36413,BZ=F,Factor,2026-09-24
2024-06-11,81.91999816894531,81.91999816894531,81.97000122070312,82.36000061035156,81.19999694824219,35178,BZ=F,Factor,2026-09-24
2024-06-12,82.5999984741211,82.5999984741211,82.12000274658203,83.33999633789062,81.97000122070312,40802,BZ=F,Factor,2026-09-24
2024-06-13,82.75,82.75,82.54000091552734,83.04000091552734,81.80000305175781,39191,BZ=F,Factor,2026-09-24
2024-06-14,82.62000274658203,82.62000274658203,82.13999938964844,83.38999938964844,81.91999816894531,39346,BZ=F,Factor,2026-09-24
2024-06-17,84.25,84.25,82.62000274658203,84.55000305175781,82.11000061035156,32978,BZ=F,Factor,2026-09-24
2024-06-18,85.33000183105469,85.33000183105469,84.4000015258789,85.4800033569336,83.66000366210938,45690,BZ=F,Factor,2026-09-24
2024-06-20,85.70999908447266,85.70999908447266,85.37999725341797,85.97000122070312,84.88999938964844,52543,BZ=F,Factor,2026-09-24
2024-06-21,85.23999786376953,85.23999786376953,85.68000030517578,86.2300033569336,84.83999633789062,25055,BZ=F,Factor,2026-09-24
2024-06-24,86.01000213623047,86.01000213623047,85.08999633789062,86.16999816894531,84.7300033569336,28043,BZ=F,Factor,2026-09-24
2024-06-25,85.01000213623047,85.01000213623047,86.1500015258789,86.31999969482422,84.76000213623047,26591,BZ=F,Factor,2026-09-24
2024-06-26,85.25,85.25,84.88999938964844,85.81999969482422,84.4800033569336,18107,BZ=F,Factor,2026-09-24
2024-06-27,86.38999938964844,86.38999938964844,85.25,86.51000213623047,84.88999938964844,11216,BZ=F,Factor,2026-09-24
2024-06-28,86.41000366210938,86.41000366210938,86.54000091552734,87.2300033569336,86.29000091552734,38920,BZ=F,Factor,2026-09-24
2024-07-01,86.5999984741211,86.5999984741211,84.9000015258789,86.87999725341797,84.87999725341797,55468,BZ=F,Factor,2026-09-24
2024-07-02,86.23999786376953,86.23999786376953,86.69000244140625,87.44999694824219,86.16999816894531,52311,BZ=F,Factor,2026-09-24
2024-07-03,87.33999633789062,87.33999633789062,86.5,87.37999725341797,85.88999938964844,39021,BZ=F,Factor,2026-09-24
2024-07-05,86.54000091552734,86.54000091552734,87.02999877929688,87.94999694824219,86.48999786376953,51456,BZ=F,Factor,2026-09-24
2024-07-08,85.75,85.75,86.75,86.91000366210938,85.55000305175781,36568,BZ=F,Factor,2026-09-24
2024-07-09,84.66000366210938,84.66000366210938,85.68000030517578,85.8499984741211,84.54000091552734,44667,BZ=F,Factor,2026-09-24
2024-07-10,85.08000183105469,85.08000183105469,85.01000213623047,85.6500015258789,84.0,51274,BZ=F,Factor,2026-09-24
2024-07-11,85.4000015258789,85.4000015258789,85.41999816894531,85.88999938964844,84.6500015258789,47743,BZ=F,Factor,2026-09-24
2024-07-12,85.02999877929688,85.02999877929688,85.58999633789062,86.33999633789062,84.95999908447266,48430,BZ=F,Factor,2026-09-24
2024-07-15,84.8499984741211,84.8499984741211,85.02999877929688,85.36000061035156,84.41000366210938,36586,BZ=F,Factor,2026-09-24
2024-07-16,83.7300033569336,83.7300033569336,84.86000061035156,84.87000274658203,83.30000305175781,45546,BZ=F,Factor,2026-09-24
2024-07-17,85.08000183105469,85.08000183105469,83.83999633789062,85.19999694824219,83.44000244140625,44273,BZ=F,Factor,2026-09-24
2024-07-18,85.11000061035156,85.11000061035156,85.19999694824219,85.81999969482422,84.22000122070312,45867,BZ=F,Factor,2026-09-24
2024-07-19,82.62999725341797,82.62999725341797,84.80000305175781,85.3499984741211,82.56999969482422,45739,BZ=F,Factor,2026-09-24
2024-07-22,82.4000015258789,82.4000015258789,82.83000183105469,83.20999908447266,81.58999633789062,36408,BZ=F,Factor,2026-09-24
2024-07-23,81.01000213623047,81.01000213623047,82.20999908447266,82.77999877929688,80.5199966430664,45436,BZ=F,Factor,2026-09-24
2024-07-24,81.70999908447266,81.70999908447266,81.48999786376953,82.22000122070312,80.94000244140625,47261,BZ=F,Factor,2026-09-24
2024-07-25,82.37000274658203,82.37000274658203,81.52999877929688,82.5199966430664,80.08999633789062,51868,BZ=F,Factor,2026-09-24
2024-07-26,81.12999725341797,81.12999725341797,82.44999694824219,82.69000244140625,80.31999969482422,27491,BZ=F,Factor,2026-09-24
2024-07-29,79.77999877929688,79.77999877929688,81.0199966430664,81.72000122070312,79.37999725341797,22531,BZ=F,Factor,2026-09-24
2024-07-30,78.62999725341797,78.62999725341797,79.83999633789062,79.94999694824219,78.41999816894531,15035,BZ=F,Factor,2026-09-24
2024-07-31,80.72000122070312,80.72000122070312,79.05999755859375,80.83999633789062,79.0,54838,BZ=F,Factor,2026-09-24
2024-08-01,79.5199966430664,79.5199966430664,81.51000213623047,81.80000305175781,79.44000244140625,44000,BZ=F,Factor,2026-09-24
2024-08-02,76.80999755859375,76.80999755859375,80.04000091552734,80.44999694824219,76.41999816894531,58894,BZ=F,Factor,2026-09-24
2024-08-05,76.30000305175781,76.30000305175781,77.44000244140625,77.75,75.05000305175781,59442,BZ=F,Factor,2026-09-24
2024-08-06,76.4800033569336,76.4800033569336,77.2300033569336,77.80000305175781,75.58999633789062,45238,BZ=F,Factor,2026-09-24
2024-08-07,78.33000183105469,78.33000183105469,76.19999694824219,78.86000061035156,75.94999694824219,49730,BZ=F,Factor,2026-09-24
2024-08-08,79.16000366210938,79.16000366210938,78.4800033569336,79.37000274658203,77.62999725341797,40462,BZ=F,Factor,2026-09-24
2024-08-09,79.66000366210938,79.66000366210938,79.01000213623047,79.81999969482422,78.7699966430664,32227,BZ=F,Factor,2026-09-24
2024-08-12,82.30000305175781,82.30000305175781,79.66999816894531,82.4000015258789,79.4800033569336,45234,BZ=F,Factor,2026-09-24
2024-08-13,80.69000244140625,80.69000244140625,81.98999786376953,82.30000305175781,80.55000305175781,50485,BZ=F,Factor,2026-09-24
2024-08-14,79.76000213623047,79.76000213623047,80.9800033569336,81.44000244140625,79.61000061035156,50327,BZ=F,Factor,2026-09-24
2024-08-15,81.04000091552734,81.04000091552734,79.98999786376953,81.41000366210938,79.6500015258789,33165,BZ=F,Factor,2026-09-24
2024-08-16,79.68000030517578,79.68000030517578,80.95999908447266,81.0,78.63999938964844,33753,BZ=F,Factor,2026-09-24
2024-08-19,77.66000366210938,77.66000366210938,79.6500015258789,79.75,77.5,45853,BZ=F,Factor,2026-09-24
2024-08-20,77.19999694824219,77.19999694824219,77.73999786376953,78.33999633789062,76.54000091552734,39162,BZ=F,Factor,2026-09-24
2024-08-21,76.05000305175781,76.05000305175781,77.08000183105469,78.19999694824219,75.6500015258789,45081,BZ=F,Factor,2026-09-24
2024-08-22,77.22000122070312,77.22000122070312,76.16000366210938,77.69999694824219,75.77999877929688,33822,BZ=F,Factor,2026-09-24
2024-08-23,79.0199966430664,79.0199966430664,77.12000274658203,79.26000213623047,77.05000305175781,19275,BZ=F,Factor,2026-09-24
2024-08-26,81.43000030517578,81.43000030517578,79.31999969482422,81.58000183105469,79.23999786376953,25997,BZ=F,Factor,2026-09-24
2024-08-27,79.55000305175781,79.55000305175781,81.22000122070312,81.56999969482422,79.4800033569336,21261,BZ=F,Factor,2026-09-24
2024-08-28,78.6500015258789,78.6500015258789,79.83999633789062,80.01000213623047,77.93000030517578,16512,BZ=F,Factor,2026-09-24
2024-08-29,79.94000244140625,79.94000244140625,78.36000061035156,80.79000091552734,78.11000061035156,9726,BZ=F,Factor,2026-09-24
2024-08-30,78.80000305175781,78.80000305175781,79.5199966430664,80.5,78.5999984741211,50268,BZ=F,Factor,2026-09-24
2024-09-03,73.75,73.75,76.88999938964844,77.61000061035156,73.5199966430664,70646,BZ=F,Factor,2026-09-24
2024-09-04,72.69999694824219,72.69999694824219,73.68000030517578,74.79000091552734,72.3499984741211,56979,BZ=F,Factor,2026-09-24
2024-09-05,72.69000244140625,72.69000244140625,72.62000274658203,74.18000030517578,72.36000061035156,47879,BZ=F,Factor,2026-09-24
2024-09-06,71.05999755859375,71.05999755859375,72.8499984741211,73.5199966430664,70.62000274658203,36035,BZ=F,Factor,2026-09-24
2024-09-09,71.83999633789062,71.83999633789062,71.5199966430664,72.22000122070312,70.6500015258789,35995,BZ=F,Factor,2026-09-24
2024-09-10,69.19000244140625,69.19000244140625,71.9000015258789,72.26000213623047,68.69000244140625,47963,BZ=F,Factor,2026-09-24
2024-09-11,70.61000061035156,70.61000061035156,69.68000030517578,71.08000183105469,69.01000213623047,42995,BZ=F,Factor,2026-09-24
2024-09-12,71.97000122070312,71.97000122070312,70.72000122070312,72.86000061035156,70.58999633789062,42690,BZ=F,Factor,2026-09-24
2024-09-13,71.61000061035156,71.61000061035156,72.37000274658203,73.2300033569336,71.4800033569336,34281,BZ=F,Factor,2026-09-24
2024-09-16,72.75,72.75,72.0199966430664,73.37999725341797,71.5199966430664,36417,BZ=F,Factor,2026-09-24
2024-09-17,73.69999694824219,73.69999694824219,73.01000213623047,74.2699966430664,72.16999816894531,38565,BZ=F,Factor,2026-09-24
2024-09-18,73.6500015258789,73.6500015258789,73.68000030517578,74.08999633789062,72.30999755859375,35693,BZ=F,Factor,2026-09-24
2024-09-19,74.87999725341797,74.87999725341797,72.9000015258789,75.19000244140625,72.87999725341797,36126,BZ=F,Factor,2026-09-24
2024-09-20,74.48999786376953,74.48999786376953,74.87999725341797,75.01000213623047,74.0,27358,BZ=F,Factor,2026-09-24
2024-09-23,73.9000015258789,73.9000015258789,74.76000213623047,75.16000366210938,73.11000061035156,29116,BZ=F,Factor,2026-09-24
2024-09-24,75.16999816894531,75.16999816894531,74.27999877929688,75.87000274658203,73.97000122070312,31341,BZ=F,Factor,2026-09-24
2024-09-25,73.45999908447266,73.45999908447266,75.12999725341797,75.31999969482422,73.04000091552734,31571,BZ=F,Factor,2026-09-24
2024-09-26,71.5999984741211,71.5999984741211,73.47000122070312,73.7699966430664,70.7699966430664,18234,BZ=F,Factor,2026-09-24
2024-09-27,71.9800033569336,71.9800033569336,71.23999786376953,72.36000061035156,70.93000030517578,7872,BZ=F,Factor,2026-09-24
2024-09-30,71.7699966430664,71.7699966430664,71.83999633789062,73.0999984741211,71.38999938964844,41928,BZ=F,Factor,2026-09-24
2024-10-01,73.55999755859375,73.55999755859375,72.0,75.44999694824219,69.91000366210938,90111,BZ=F,Factor,2026-09-24
2024-10-02,73.9000015258789,73.9000015258789,74.4000015258789,76.12999725341797,73.58999633789062,53911,BZ=F,Factor,2026-09-24
2024-10-03,77.62000274658203,77.62000274658203,74.7300033569336,77.97000122070312,74.30999755859375,68997,BZ=F,Factor,2026-09-24
2024-10-04,78.05000305175781,78.05000305175781,77.98999786376953,79.30000305175781,77.38999938964844,57481,BZ=F,Factor,2026-09-24
2024-10-07,80.93000030517578,80.93000030517578,78.01000213623047,81.16000366210938,77.26000213623047,55050,BZ=F,Factor,2026-09-24
2024-10-08,77.18000030517578,77.18000030517578,81.16000366210938,82.08000183105469,76.37000274658203,66184,BZ=F,Factor,2026-09-24
2024-10-09,76.58000183105469,76.58000183105469,77.5199966430664,78.0199966430664,75.1500015258789,46931,BZ=F,Factor,2026-09-24
2024-10-10,79.4000015258789,79.4000015258789,76.75,79.72000122070312,76.73999786376953,43562,BZ=F,Factor,2026-09-24
2024-10-11,79.04000091552734,79.04000091552734,79.2300033569336,79.48999786376953,78.05000305175781,44341,BZ=F,Factor,2026-09-24
2024-10-14,77.45999908447266,77.45999908447266,78.5999984741211,78.5999984741211,75.38999938964844,35593,BZ=F,Factor,2026-09-24
2024-10-15,74.25,74.25,75.20999908447266,75.62999725341797,73.33000183105469,47877,BZ=F,Factor,2026-09-24
2024-10-16,74.22000122070312,74.22000122070312,74.72000122070312,74.91999816894531,73.41999816894531,40980,BZ=F,Factor,2026-09-24
2024-10-17,74.44999694824219,74.44999694824219,74.5,74.91000366210938,73.25,36901,BZ=F,Factor,2026-09-24
2024-10-18,73.05999755859375,73.05999755859375,74.5199966430664,74.94000244140625,72.48999786376953,34009,BZ=F,Factor,2026-09-24
2024-10-21,74.29000091552734,74.29000091552734,73.13999938964844,74.55999755859375,72.80000305175781,29891,BZ=F,Factor,2026-09-24
2024-10-22,76.04000091552734,76.04000091552734,74.13999938964844,76.31999969482422,73.56999969482422,36505,BZ=F,Factor,2026-09-24
2024-10-23,74.95999908447266,74.95999908447266,75.6500015258789,76.01000213623047,74.44000244140625,28090,BZ=F,Factor,2026-09-24
2024-10-24,74.37999725341797,74.37999725341797,75.20999908447266,76.52999877929688,74.0,23845,BZ=F,Factor,2026-09-24
2024-10-25,76.05000305175781,76.05000305175781,74.55000305175781,76.13999938964844,74.16999816894531,20056,BZ=F,Factor,2026-09-24
2024-10-28,71.41999816894531,71.41999816894531,74.0,74.0,71.16999816894531,28003,BZ=F,Factor,2026-09-24
2024-10-29,71.12000274658203,71.12000274658203,72.11000061035156,72.56999969482422,70.7300033569336,16776,BZ=F,Factor,2026-09-24
2024-10-30,72.55000305175781,72.55000305175781,71.31999969482422,73.08000183105469,71.16000366210938,11034,BZ=F,Factor,2026-09-24
2024-10-31,73.16000366210938,73.16000366210938,72.76000213623047,73.36000061035156,72.37000274658203,36772,BZ=F,Factor,2026-09-24
2024-11-01,73.0999984741211,73.0999984741211,74.12999725341797,74.94999694824219,72.88999938964844,32059,BZ=F,Factor,2026-09-24
2024-11-04,75.08000183105469,75.08000183105469,73.7300033569336,75.38999938964844,73.7300033569336,31292,BZ=F,Factor,2026-09-24
2024-11-05,75.52999877929688,75.52999877929688,75.19999694824219,76.2300033569336,74.91999816894531,40233,BZ=F,Factor,2026-09-24
2024-11-06,74.91999816894531,74.91999816894531,75.48999786376953,76.01000213623047,73.3499984741211,57996,BZ=F,Factor,2026-09-24
2024-11-07,75.62999725341797,75.62999725341797,75.11000061035156,76.06999969482422,74.05000305175781,41262,BZ=F,Factor,2026-09-24
2024-11-08,73.87000274658203,73.87000274658203,75.5199966430664,75.62000274658203,73.44000244140625,35855,BZ=F,Factor,2026-09-24
2024-11-11,71.83000183105469,71.83000183105469,73.73999786376953,74.12999725341797,71.58999633789062,33838,BZ=F,Factor,2026-09-24
2024-11-12,71.88999938964844,71.88999938964844,71.91999816894531,72.81999969482422,71.55999755859375,38295,BZ=F,Factor,2026-09-24
2024-11-13,72.27999877929688,72.27999877929688,71.77999877929688,72.62000274658203,70.75,43666,BZ=F,Factor,2026-09-24
2024-11-14,72.55999755859375,72.55999755859375,71.98999786376953,73.22000122070312,71.80000305175781,32367,BZ=F,Factor,2026-09-24
2024-11-15,71.04000091552734,71.04000091552734,72.43000030517578,72.47000122070312,70.83999633789062,30126,BZ=F,Factor,2026-09-24
2024-11-18,73.30000305175781,73.30000305175781,70.87999725341797,73.45999908447266,70.69999694824219,30425,BZ=F,Factor,2026-09-24
2024-11-19,73.30999755859375,73.30999755859375,73.18000030517578,73.87000274658203,72.61000061035156,32668,BZ=F,Factor,2026-09-24
2024-11-20,72.80999755859375,72.80999755859375,73.33999633789062,73.94000244140625,72.69999694824219,26041,BZ=F,Factor,2026-09-24
2024-11-21,74.2300033569336,74.2300033569336,73.12000274658203,74.37000274658203,72.91000366210938,35756,BZ=F,Factor,2026-09-24
2024-11-22,75.16999816894531,75.16999816894531,74.29000091552734,75.41999816894531,73.51000213623047,29569,BZ=F,Factor,2026-09-24
2024-11-25,73.01000213623047,73.01000213623047,75.20999908447266,75.30999755859375,72.8499984741211,29335,BZ=F,Factor,2026-09-24
2024-11-26,72.80999755859375,72.80999755859375,73.12000274658203,74.33000183105469,72.12000274658203,17616,BZ=F,Factor,2026-09-24
2024-11-27,72.83000183105469,72.83000183105469,72.94000244140625,73.3499984741211,72.2699966430664,10246,BZ=F,Factor,2026-09-24
2024-11-29,72.94000244140625,72.94000244140625,72.91999816894531,73.5,72.12000274658203,45282,BZ=F,Factor,2026-09-24
2024-12-02,71.83000183105469,71.83000183105469,71.73999786376953,72.87999725341797,71.5199966430664,31283,BZ=F,Factor,2026-09-24
2024-12-03,73.62000274658203,73.62000274658203,71.86000061035156,73.9000015258789,71.69000244140625,40365,BZ=F,Factor,2026-09-24
2024-12-04,72.30999755859375,72.30999755859375,73.80999755859375,74.26000213623047,72.25,36988,BZ=F,Factor,2026-09-24
2024-12-05,72.08999633789062,72.08999633789062,72.44999694824219,72.9000015258789,71.80000305175781,32373,BZ=F,Factor,2026-09-24
2024-12-06,71.12000274658203,71.12000274658203,72.16999816894531,72.2300033569336,70.83000183105469,27572,BZ=F,Factor,2026-09-24
2024-12-09,72.13999938964844,72.13999938964844,71.04000091552734,72.6500015258789,70.95999908447266,25921,BZ=F,Factor,2026-09-24
2024-12-10,72.19000244140625,72.19000244140625,71.93000030517578,72.72000122070312,71.52999877929688,32220,BZ=F,Factor,2026-09-24
2024-12-11,73.5199966430664,73.5199966430664,72.02999877929688,73.73999786376953,72.0199966430664,35954,BZ=F,Factor,2026-09-24
2024-12-12,73.41000366210938,73.41000366210938,73.58999633789062,73.9800033569336,72.43000030517578,36231,BZ=F,Factor,2026-09-24
2024-12-13,74.48999786376953,74.48999786376953,73.43000030517578,74.58999633789062,73.2699966430664,26225,BZ=F,Factor,2026-09-24
2024-12-16,73.91000366210938,73.91000366210938,74.51000213623047,74.54000091552734,73.69999694824219,25458,BZ=F,Factor,2026-09-24
2024-12-17,73.19000244140625,73.19000244140625,73.86000061035156,74.18000030517578,72.45999908447266,26356,BZ=F,Factor,2026-09-24
2024-12-18,73.38999938964844,73.38999938964844,73.33999633789062,74.19000244140625,72.80000305175781,25873,BZ=F,Factor,2026-09-24
2024-12-19,72.87999725341797,72.87999725341797,72.93000030517578,73.87000274658203,72.52999877929688,27742,BZ=F,Factor,2026-09-24
2024-12-20,72.94000244140625,72.94000244140625,72.70999908447266,73.27999877929688,71.97000122070312,25362,BZ=F,Factor,2026-09-24
2024-12-23,72.62999725341797,72.62999725341797,72.83000183105469,73.37000274658203,71.9800033569336,20997,BZ=F,Factor,2026-09-24
2024-12-24,73.58000183105469,73.58000183105469,72.83999633789062,73.80999755859375,72.77999877929688,8922,BZ=F,Factor,2026-09-24
2024-12-26,73.26000213623047,73.26000213623047,73.77999877929688,74.18000030517578,72.9800033569336,5773,BZ=F,Factor,2026-09-24
2024-12-27,74.16999816894531,74.16999816894531,73.13999938964844,74.33999633789062,73.06999969482422,5515,BZ=F,Factor,2026-09-24
2024-12-30,74.38999938964844,74.38999938964844,74.2300033569336,75.04000091552734,73.76000213623047,30436,BZ=F,Factor,2026-09-24
2024-12-31,74.63999938964844,74.63999938964844,74.0999984741211,74.87999725341797,73.83999633789062,20588,BZ=F,Factor,2026-09-24
2025-01-02,75.93000030517578,75.93000030517578,74.87999725341797,76.54000091552734,74.7300033569336,41474,BZ=F,Factor,2026-09-24
2025-01-03,76.51000213623047,76.51000213623047,75.9000015258789,76.73999786376953,75.52999877929688,38822,BZ=F,Factor,2026-09-24
2025-01-06,76.30000305175781,76.30000305175781,76.58999633789062,77.5,75.94000244140625,49229,BZ=F,Factor,2026-09-24
2025-01-07,77.05000305175781,77.05000305175781,76.23999786376953,77.2699966430664,75.91999816894531,37188,BZ=F,Factor,2026-09-24
2025-01-08,76.16000366210938,76.16000366210938,77.23999786376953,77.88999938964844,76.02999877929688,46650,BZ=F,Factor,2026-09-24
2025-01-09,76.91999816894531,76.91999816894531,76.16000366210938,77.2699966430664,75.69999694824219,31706,BZ=F,Factor,2026-09-24
2025-01-10,79.76000213623047,79.76000213623047,77.20999908447266,80.76000213623047,77.04000091552734,92049,BZ=F,Factor,2026-09-24
2025-01-13,81.01000213623047,81.01000213623047,79.55000305175781,81.66999816894531,79.54000091552734,77109,BZ=F,Factor,2026-09-24
2025-01-14,79.91999816894531,79.91999816894531,80.91000366210938,81.13999938964844,79.86000061035156,67129,BZ=F,Factor,2026-09-24
2025-01-15,82.02999877929688,82.02999877929688,80.31999969482422,82.62999725341797,79.62999725341797,69122,BZ=F,Factor,2026-09-24
2025-01-16,81.29000091552734,81.29000091552734,82.44000244140625,82.55000305175781,80.38999938964844,69075,BZ=F,Factor,2026-09-24
2025-01-17,80.79000091552734,80.79000091552734,81.30999755859375,81.93000030517578,80.55999755859375,42284,BZ=F,Factor,2026-09-24
2025-01-21,79.29000091552734,79.29000091552734,80.94000244140625,81.23999786376953,78.47000122070312,83935,BZ=F,Factor,2026-09-24
2025-01-22,79.0,79.0,79.30999755859375,79.9000015258789,78.80999755859375,40868,BZ=F,Factor,2026-09-24
2025-01-23,78.29000091552734,78.29000091552734,78.91000366210938,79.58999633789062,77.80000305175781,46348,BZ=F,Factor,2026-09-24
2025-01-24,78.5,78.5,77.87999725341797,78.95999908447266,77.61000061035156,30464,BZ=F,Factor,2026-09-24
2025-01-27,77.08000183105469,77.08000183105469,78.55000305175781,78.98999786376953,76.31999969482422,40623,BZ=F,Factor,2026-09-24
2025-01-28,77.48999786376953,77.48999786376953,77.06999969482422,78.13999938964844,76.83000183105469,29822,BZ=F,Factor,2026-09-24
2025-01-29,76.58000183105469,76.58000183105469,77.62999725341797,77.69999694824219,76.30000305175781,19845,BZ=F,Factor,2026-09-24
2025-01-30,76.87000274658203,76.87000274658203,76.86000061035156,77.55000305175781,75.98999786376953,8389,BZ=F,Factor,2026-09-24
2025-01-31,76.76000213623047,76.76000213623047,77.0,77.08000183105469,76.51000213623047,50618,BZ=F,Factor,2026-09-24
2025-02-03,75.95999908447266,75.95999908447266,76.81999969482422,77.52999877929688,75.04000091552734,75087,BZ=F,Factor,2026-09-24
2025-02-04,76.19999694824219,76.19999694824219,75.5199966430664,76.66999816894531,74.12999725341797,62716,BZ=F,Factor,2026-09-24
2025-02-05,74.61000061035156,74.61000061035156,76.08000183105469,76.3499984741211,74.55000305175781,30739,BZ=F,Factor,2026-09-24
2025-02-06,74.29000091552734,74.29000091552734,74.5999984741211,75.38999938964844,74.08999633789062,41460,BZ=F,Factor,2026-09-24
2025-02-07,74.66000366210938,74.66000366210938,74.19999694824219,75.08999633789062,74.19000244140625,35634,BZ=F,Factor,2026-09-24
2025-02-10,75.87000274658203,75.87000274658203,74.54000091552734,76.06999969482422,74.54000091552734,27341,BZ=F,Factor,2026-09-24
2025-02-11,77.0,77.0,76.05000305175781,77.2699966430664,75.88999938964844,37979,BZ=F,Factor,2026-09-24
2025-02-12,75.18000030517578,75.18000030517578,76.81999969482422,76.88999938964844,74.94999694824219,47048,BZ=F,Factor,2026-09-24
2025-02-13,75.0199966430664,75.0199966430664,74.97000122070312,75.33000183105469,74.05000305175781,37759,BZ=F,Factor,2026-09-24
2025-02-14,74.73999786376953,74.73999786376953,75.23999786376953,75.83000183105469,74.48999786376953,41397,BZ=F,Factor,2026-09-24
2025-02-18,75.83999633789062,75.83999633789062,74.63999938964844,76.05000305175781,74.19000244140625,50542,BZ=F,Factor,2026-09-24
2025-02-19,76.04000091552734,76.04000091552734,75.80000305175781,76.81999969482422,75.75,30426,BZ=F,Factor,2026-09-24
2025-02-20,76.4800033569336,76.4800033569336,76.04000091552734,77.13999938964844,75.70999908447266,33347,BZ=F,Factor,2026-09-24
2025-02-21,74.43000030517578,74.43000030517578,76.55999755859375,76.75,74.20999908447266,28100,BZ=F,Factor,2026-09-24
2025-02-24,74.77999877929688,74.77999877929688,73.91000366210938,74.91000366210938,73.91000366210938,17858,BZ=F,Factor,2026-09-24
2025-02-25,73.0199966430664,73.0199966430664,74.88999938964844,75.25,72.69999694824219,19080,BZ=F,Factor,2026-09-24
2025-02-26,72.52999877929688,72.52999877929688,73.13999938964844,73.33999633789062,72.38999938964844,11916,BZ=F,Factor,2026-09-24
2025-02-27,74.04000091552734,74.04000091552734,72.69000244140625,74.26000213623047,72.4800033569336,7925,BZ=F,Factor,2026-09-24
2025-02-28,73.18000030517578,73.18000030517578,73.7300033569336,73.73999786376953,72.97000122070312,36432,BZ=F,Factor,2026-09-24
2025-03-03,71.62000274658203,71.62000274658203,73.06999969482422,73.66000366210938,71.16999816894531,51816,BZ=F,Factor,2026-09-24
2025-03-04,71.04000091552734,71.04000091552734,71.44999694824219,71.45999908447266,69.75,58867,BZ=F,Factor,2026-09-24
2025-03-05,69.30000305175781,69.30000305175781,71.13999938964844,71.16000366210938,68.33999633789062,51721,BZ=F,Factor,2026-09-24
2025-03-06,69.45999908447266,69.45999908447266,69.44999694824219,69.87999725341797,68.7300033569336,49024,BZ=F,Factor,2026-09-24
2025-03-07,70.36000061035156,70.36000061035156,69.37999725341797,71.37999725341797,69.27999877929688,46468,BZ=F,Factor,2026-09-24
2025-03-10,69.27999877929688,69.27999877929688,70.44000244140625,70.86000061035156,69.05999755859375,33488,BZ=F,Factor,2026-09-24
2025-03-11,69.55999755859375,69.55999755859375,69.41000366210938,70.43000030517578,68.62999725341797,26933,BZ=F,Factor,2026-09-24
2025-03-12,70.94999694824219,70.94999694824219,69.8499984741211,71.08999633789062,69.47000122070312,30577,BZ=F,Factor,2026-09-24
2025-03-13,69.87999725341797,69.87999725341797,70.9800033569336,71.23999786376953,69.68000030517578,33450,BZ=F,Factor,2026-09-24
2025-03-14,70.58000183105469,70.58000183105469,70.08000183105469,70.75,69.94000244140625,24740,BZ=F,Factor,2026-09-24
2025-03-17,71.06999969482422,71.06999969482422,70.68000030517578,71.79000091552734,70.68000030517578,29314,BZ=F,Factor,2026-09-24
2025-03-18,70.55999755859375,70.55999755859375,70.93000030517578,72.19000244140625,70.26000213623047,32008,BZ=F,Factor,2026-09-24
2025-03-19,70.77999877929688,70.77999877929688,70.36000061035156,71.22000122070312,69.9000015258789,26898,BZ=F,Factor,2026-09-24
2025-03-20,72.0,72.0,70.86000061035156,72.29000091552734,70.52999877929688,33049,BZ=F,Factor,2026-09-24
2025-03-21,72.16000366210938,72.16000366210938,72.2300033569336,72.54000091552734,71.51000213623047,23983,BZ=F,Factor,2026-09-24
2025-03-24,73.0,73.0,72.19999694824219,73.16000366210938,71.80000305175781,31456,BZ=F,Factor,2026-09-24
2025-03-25,73.0199966430664,73.0199966430664,73.08999633789062,73.56999969482422,72.5,30415,BZ=F,Factor,2026-09-24
2025-03-26,73.79000091552734,73.79000091552734,73.18000030517578,74.16999816894531,73.08999633789062,27419,BZ=F,Factor,2026-09-24
2025-03-27,74.02999877929688,74.02999877929688,73.98999786376953,74.06999969482422,73.2300033569336,19183,BZ=F,Factor,2026-09-24
2025-03-28,73.62999725341797,73.62999725341797,74.05999755859375,74.20999908447266,73.12000274658203,12292,BZ=F,Factor,2026-09-24
2025-03-31,74.73999786376953,74.73999786376953,73.41999816894531,74.79000091552734,73.37000274658203,53426,BZ=F,Factor,2026-09-24
2025-04-01,74.48999786376953,74.48999786376953,74.62999725341797,75.27999877929688,74.33999633789062,54055,BZ=F,Factor,2026-09-24
2025-04-02,74.94999694824219,74.94999694824219,74.4000015258789,75.45999908447266,73.70999908447266,61062,BZ=F,Factor,2026-09-24
2025-04-03,70.13999938964844,70.13999938964844,73.58999633789062,73.62000274658203,69.47000122070312,100212,BZ=F,Factor,2026-09-24
2025-04-04,65.58000183105469,65.58000183105469,69.80999755859375,70.05000305175781,64.01000213623047,121211,BZ=F,Factor,2026-09-24
2025-04-07,64.20999908447266,64.20999908447266,64.79000091552734,67.41000366210938,62.5099983215332,114411,BZ=F,Factor,2026-09-24
2025-04-08,62.81999969482422,62.81999969482422,64.44000244140625,65.19000244140625,61.279998779296875,89690,BZ=F,Factor,2026-09-24
2025-04-09,65.4800033569336,65.4800033569336,61.54999923706055,66.0199966430664,58.38999938964844,127044,BZ=F,Factor,2026-09-24
2025-04-10,63.33000183105469,63.33000183105469,65.80999755859375,66.2300033569336,62.0099983215332,78111,BZ=F,Factor,2026-09-24
2025-04-11,64.76000213623047,64.76000213623047,63.45000076293945,65.05000305175781,62.7599983215332,58543,BZ=F,Factor,2026-09-24
2025-04-14,64.87999725341797,64.87999725341797,64.88999938964844,65.9000015258789,64.04000091552734,43786,BZ=F,Factor,2026-09-24
2025-04-15,64.66999816894531,64.66999816894531,64.93000030517578,65.38999938964844,64.2300033569336,40096,BZ=F,Factor,2026-09-24
2025-04-16,65.8499984741211,65.8499984741211,64.86000061035156,66.30999755859375,63.79999923706055,50308,BZ=F,Factor,2026-09-24
2025-04-17,67.95999908447266,67.95999908447266,66.01000213623047,68.12999725341797,65.94999694824219,39781,BZ=F,Factor,2026-09-24
2025-04-21,66.26000213623047,66.26000213623047,67.77999877929688,67.77999877929688,65.68000030517578,38512,BZ=F,Factor,2026-09-24
2025-04-22,67.44000244140625,67.44000244140625,66.5999984741211,68.04000091552734,66.55000305175781,46152,BZ=F,Factor,2026-09-24
2025-04-23,66.12000274658203,66.12000274658203,67.76000213623047,68.63999938964844,65.29000091552734,58914,BZ=F,Factor,2026-09-24
2025-04-24,66.55000305175781,66.55000305175781,66.22000122070312,67.02999877929688,65.80999755859375,36169,BZ=F,Factor,2026-09-24
2025-04-25,66.87000274658203,66.87000274658203,66.56999969482422,67.18000030517578,65.55999755859375,30729,BZ=F,Factor,2026-09-24
2025-04-28,65.86000061035156,65.86000061035156,67.20999908447266,67.52999877929688,65.25,21525,BZ=F,Factor,2026-09-24
2025-04-29,64.25,64.25,65.75,65.80999755859375,63.88999938964844,17528,BZ=F,Factor,2026-09-24
2025-04-30,63.119998931884766,63.119998931884766,63.54999923706055,63.75,63.0,79025,BZ=F,Factor,2026-09-24
2025-05-01,62.130001068115234,62.130001068115234,61.13999938964844,62.36000061035156,59.310001373291016,66984,BZ=F,Factor,2026-09-24
2025-05-02,61.290000915527344,61.290000915527344,61.880001068115234,62.720001220703125,60.70000076293945,58444,BZ=F,Factor,2026-09-24
2025-05-05,60.22999954223633,60.22999954223633,59.5099983215332,60.77000045776367,58.40999984741211,49504,BZ=F,Factor,2026-09-24
2025-05-06,62.150001525878906,62.150001525878906,60.279998779296875,62.79999923706055,60.189998626708984,63444,BZ=F,Factor,2026-09-24
2025-05-07,61.119998931884766,61.119998931884766,62.06999969482422,63.209999084472656,60.849998474121094,60579,BZ=F,Factor,2026-09-24
2025-05-08,62.84000015258789,62.84000015258789,60.93000030517578,63.209999084472656,60.779998779296875,56931,BZ=F,Factor,2026-09-24
2025-05-09,63.90999984741211,63.90999984741211,63.25,64.2699966430664,62.849998474121094,51994,BZ=F,Factor,2026-09-24
2025-05-12,64.95999908447266,64.95999908447266,64.2300033569336,66.37999725341797,63.88999938964844,62946,BZ=F,Factor,2026-09-24
2025-05-13,66.62999725341797,66.62999725341797,64.91999816894531,66.80000305175781,64.6500015258789,55567,BZ=F,Factor,2026-09-24
2025-05-14,66.08999633789062,66.08999633789062,66.5199966430664,66.58999633789062,65.68000030517578,49980,BZ=F,Factor,2026-09-24
2025-05-15,64.52999877929688,64.52999877929688,65.76000213623047,65.83999633789062,63.439998626708984,70642,BZ=F,Factor,2026-09-24
2025-05-16,65.41000366210938,65.41000366210938,64.62999725341797,65.54000091552734,64.16999816894531,38629,BZ=F,Factor,2026-09-24
2025-05-19,65.54000091552734,65.54000091552734,65.30999755859375,66.01000213623047,64.43000030517578,43539,BZ=F,Factor,2026-09-24
2025-05-20,65.37999725341797,65.37999725341797,65.56999969482422,66.0,64.8499984741211,42663,BZ=F,Factor,2026-09-24
2025-05-21,64.91000366210938,64.91000366210938,65.61000061035156,67.48999786376953,64.61000061035156,58658,BZ=F,Factor,2026-09-24
2025-05-22,64.44000244140625,64.44000244140625,64.63999938964844,65.0199966430664,63.529998779296875,45811,BZ=F,Factor,2026-09-24
2025-05-23,64.77999877929688,64.77999877929688,64.0199966430664,65.04000091552734,63.310001373291016,29810,BZ=F,Factor,2026-09-24
2025-05-27,64.08999633789062,64.08999633789062,65.0199966430664,65.41000366210938,63.470001220703125,34117,BZ=F,Factor,2026-09-24
2025-05-28,64.9000015258789,64.9000015258789,64.31999969482422,65.61000061035156,64.02999877929688,17817,BZ=F,Factor,2026-09-24
2025-05-29,64.1500015258789,64.1500015258789,65.30000305175781,66.12999725341797,63.779998779296875,10456,BZ=F,Factor,2026-09-24
2025-05-30,63.900001525878906,63.900001525878906,63.81999969482422,64.5199966430664,63.70000076293945,63546,BZ=F,Factor,2026-09-24
2025-06-02,64.62999725341797,64.62999725341797,63.040000915527344,65.70999908447266,62.970001220703125,57349,BZ=F,Factor,2026-09-24
2025-06-03,65.62999725341797,65.62999725341797,65.02999877929688,65.94000244140625,64.5199966430664,43536,BZ=F,Factor,2026-09-24
2025-06-04,64.86000061035156,64.86000061035156,65.61000061035156,65.95999908447266,64.27999877929688,56182,BZ=F,Factor,2026-09-24
2025-06-05,65.33999633789062,65.33999633789062,64.91000366210938,65.86000061035156,64.62999725341797,38658,BZ=F,Factor,2026-09-24
2025-06-06,66.47000122070312,66.47000122070312,65.19999694824219,66.66999816894531,64.81999969482422,39490,BZ=F,Factor,2026-09-24
2025-06-09,67.04000091552734,67.04000091552734,66.5999984741211,67.12999725341797,66.08000183105469,35213,BZ=F,Factor,2026-09-24
2025-06-10,66.87000274658203,66.87000274658203,67.11000061035156,68.0,66.4800033569336,40266,BZ=F,Factor,2026-09-24
2025-06-11,69.7699966430664,69.7699966430664,66.56999969482422,69.95999908447266,66.47000122070312,58118,BZ=F,Factor,2026-09-24
2025-06-12,69.36000061035156,69.36000061035156,70.36000061035156,70.61000061035156,68.37000274658203,60336,BZ=F,Factor,2026-09-24
2025-06-13,74.2300033569336,74.2300033569336,70.2699966430664,78.52999877929688,69.91999816894531,175031,BZ=F,Factor,2026-09-24
2025-06-16,73.2300033569336,73.2300033569336,76.80999755859375,78.4800033569336,70.63999938964844,100509,BZ=F,Factor,2026-09-24
2025-06-17,76.44999694824219,76.44999694824219,72.80999755859375,77.08000183105469,72.52999877929688,88748,BZ=F,Factor,2026-09-24
2025-06-18,76.69999694824219,76.69999694824219,77.19000244140625,77.43000030517578,74.44000244140625,0,BZ=F,Factor,2026-09-24
2025-06-20,77.01000213623047,77.01000213623047,76.12000274658203,79.0199966430664,75.52999877929688,98821,BZ=F,Factor,2026-09-24
2025-06-23,71.4800033569336,71.4800033569336,80.01000213623047,81.4000015258789,69.54000091552734,100475,BZ=F,Factor,2026-09-24
2025-06-24,67.13999938964844,67.13999938964844,70.5999984741211,70.7300033569336,66.80999755859375,62358,BZ=F,Factor,2026-09-24
2025-06-25,67.68000030517578,67.68000030517578,67.91999816894531,68.76000213623047,67.31999969482422,23618,BZ=F,Factor,2026-09-24
2025-06-26,67.7300033569336,67.7300033569336,67.75,69.04000091552734,67.38999938964844,13057,BZ=F,Factor,2026-09-24
2025-06-27,67.7699966430664,67.7699966430664,67.95999908447266,68.41000366210938,67.20999908447266,8218,BZ=F,Factor,2026-09-24
2025-06-30,67.61000061035156,67.61000061035156,67.16999816894531,68.12000274658203,67.11000061035156,32957,BZ=F,Factor,2026-09-24
2025-07-01,67.11000061035156,67.11000061035156,66.58999633789062,67.4800033569336,66.33999633789062,29256,BZ=F,Factor,2026-09-24
2025-07-02,69.11000061035156,69.11000061035156,67.20999908447266,69.19999694824219,66.94000244140625,50268,BZ=F,Factor,2026-09-24
2025-07-03,68.80000305175781,68.80000305175781,69.0199966430664,69.12999725341797,68.30999755859375,0,BZ=F,Factor,2026-09-24
2025-07-04,68.29000091552734,68.29000091552734,68.80999755859375,68.91000366210938,67.75,0,BZ=F,Factor,2026-09-24
2025-07-07,69.58000183105469,69.58000183105469,67.61000061035156,69.93000030517578,67.36000061035156,59456,BZ=F,Factor,2026-09-24
2025-07-08,70.1500015258789,70.1500015258789,69.54000091552734,70.66000366210938,69.05000305175781,34109,BZ=F,Factor,2026-09-24
2025-07-09,70.19000244140625,70.19000244140625,69.9000015258789,70.69999694824219,69.61000061035156,42186,BZ=F,Factor,2026-09-24
2025-07-10,68.63999938964844,68.63999938964844,70.19000244140625,70.48999786376953,68.52999877929688,52295,BZ=F,Factor,2026-09-24
2025-07-11,70.36000061035156,70.36000061035156,68.98999786376953,70.69000244140625,68.55999755859375,40262,BZ=F,Factor,2026-09-24
2025-07-14,69.20999908447266,69.20999908447266,70.52999877929688,71.51000213623047,69.0199966430664,62179,BZ=F,Factor,2026-09-24
2025-07-15,68.70999908447266,68.70999908447266,69.0999984741211,69.4000015258789,68.55999755859375,51233,BZ=F,Factor,2026-09-24
2025-07-16,68.5199966430664,68.5199966430664,68.9000015258789,69.06999969482422,67.70999908447266,55511,BZ=F,Factor,2026-09-24
2025-07-17,69.5199966430664,69.5199966430664,68.69000244140625,69.62000274658203,68.29000091552734,50817,BZ=F,Factor,2026-09-24
2025-07-18,69.27999877929688,69.27999877929688,69.55999755859375,70.77999877929688,69.13999938964844,52366,BZ=F,Factor,2026-09-24
2025-07-21,69.20999908447266,69.20999908447266,69.22000122070312,69.62000274658203,68.41999816894531,41204,BZ=F,Factor,2026-09-24
2025-07-22,68.58999633789062,68.58999633789062,69.02999877929688,69.0999984741211,68.11000061035156,50140,BZ=F,Factor,2026-09-24
2025-07-23,68.51000213623047,68.51000213623047,68.72000122070312,69.08000183105469,68.0,37734,BZ=F,Factor,2026-09-24
2025-07-24,69.18000030517578,69.18000030517578,68.72000122070312,69.52999877929688,68.5,39597,BZ=F,Factor,2026-09-24
2025-07-25,68.44000244140625,68.44000244140625,69.26000213623047,69.88999938964844,68.30000305175781,27384,BZ=F,Factor,2026-09-24
2025-07-28,70.04000091552734,70.04000091552734,68.47000122070312,70.44999694824219,68.38999938964844,31485,BZ=F,Factor,2026-09-24
2025-07-29,72.51000213623047,72.51000213623047,70.38999938964844,73.06999969482422,69.88999938964844,24345,BZ=F,Factor,2026-09-24
2025-07-30,73.23999786376953,73.23999786376953,72.68000030517578,73.62999725341797,71.75,15242,BZ=F,Factor,2026-09-24
2025-07-31,72.52999877929688,72.52999877929688,73.4000015258789,73.48999786376953,72.41999816894531,56020,BZ=F,Factor,2026-09-24
2025-08-01,69.66999816894531,69.66999816894531,71.7699966430664,71.98999786376953,69.41000366210938,68855,BZ=F,Factor,2026-09-24
2025-08-04,68.76000213623047,68.76000213623047,69.0,69.9800033569336,67.98999786376953,41788,BZ=F,Factor,2026-09-24
2025-08-05,67.63999938964844,67.63999938964844,68.75,68.8499984741211,67.52999877929688,47388,BZ=F,Factor,2026-09-24
2025-08-06,66.88999938964844,66.88999938964844,67.76000213623047,69.19000244140625,66.22000122070312,62159,BZ=F,Factor,2026-09-24
2025-08-07,66.43000030517578,66.43000030517578,66.87999725341797,67.63999938964844,66.2699966430664,44063,BZ=F,Factor,2026-09-24
2025-08-08,66.58999633789062,66.58999633789062,66.37999725341797,67.19000244140625,65.5,52157,BZ=F,Factor,2026-09-24
2025-08-11,66.62999725341797,66.62999725341797,66.2300033569336,67.11000061035156,65.83000183105469,31132,BZ=F,Factor,2026-09-24
2025-08-12,66.12000274658203,66.12000274658203,66.72000122070312,67.04000091552734,65.97000122070312,33110,BZ=F,Factor,2026-09-24
2025-08-13,65.62999725341797,65.62999725341797,66.05000305175781,66.33000183105469,65.0,40497,BZ=F,Factor,2026-09-24
2025-08-14,66.83999633789062,66.83999633789062,65.7699966430664,66.9800033569336,65.56999969482422,34810,BZ=F,Factor,2026-09-24
2025-08-15,65.8499984741211,65.8499984741211,66.80000305175781,67.08000183105469,65.7300033569336,35864,BZ=F,Factor,2026-09-24
2025-08-18,66.5999984741211,66.5999984741211,65.94999694824219,66.80999755859375,65.30999755859375,35004,BZ=F,Factor,2026-09-24
2025-08-19,65.79000091552734,65.79000091552734,66.55999755859375,66.58000183105469,65.5999984741211,32562,BZ=F,Factor,2026-09-24
2025-08-20,66.83999633789062,66.83999633789062,65.93000030517578,67.05000305175781,65.81999969482422,39505,BZ=F,Factor,2026-09-24
2025-08-21,67.66999816894531,67.66999816894531,66.94999694824219,67.77999877929688,66.73999786376953,29950,BZ=F,Factor,2026-09-24
2025-08-22,67.7300033569336,67.7300033569336,67.62000274658203,68.0199966430664,67.41999816894531,27481,BZ=F,Factor,2026-09-24
2025-08-25,68.80000305175781,68.80000305175781,67.83999633789062,69.05999755859375,67.58000183105469,19094,BZ=F,Factor,2026-09-24
2025-08-26,67.22000122070312,67.22000122070312,68.7300033569336,68.7300033569336,67.11000061035156,21046,BZ=F,Factor,2026-09-24
2025-08-27,68.05000305175781,68.05000305175781,67.23999786376953,68.0999984741211,66.91999816894531,16597,BZ=F,Factor,2026-09-24
2025-08-28,68.62000274658203,68.62000274658203,67.70999908447266,68.66000366210938,67.4000015258789,8829,BZ=F,Factor,2026-09-24
2025-08-29,68.12000274658203,68.12000274658203,68.26000213623047,68.36000061035156,68.02999877929688,0,BZ=F,Factor,2026-09-24
2025-09-02,69.13999938964844,69.13999938964844,67.43000030517578,69.51000213623047,67.08999633789062,55307,BZ=F,Factor,2026-09-24
2025-09-03,67.5999984741211,67.5999984741211,69.05999755859375,69.2300033569336,67.37999725341797,45108,BZ=F,Factor,2026-09-24
2025-09-04,66.98999786376953,66.98999786376953,67.44000244140625,67.48999786376953,66.31999969482422,42152,BZ=F,Factor,2026-09-24
2025-09-05,65.5,65.5,66.83999633789062,67.05000305175781,65.08000183105469,38287,BZ=F,Factor,2026-09-24
2025-09-08,66.0199966430664,66.0199966430664,65.80999755859375,67.02999877929688,65.5199966430664,29078,BZ=F,Factor,2026-09-24
2025-09-09,66.38999938964844,66.38999938964844,66.16999816894531,67.38999938964844,66.13999938964844,38860,BZ=F,Factor,2026-09-24
2025-09-10,67.48999786376953,67.48999786376953,66.44000244140625,67.7699966430664,66.44000244140625,38789,BZ=F,Factor,2026-09-24
2025-09-11,66.37000274658203,66.37000274658203,67.58000183105469,67.61000061035156,66.16000366210938,34565,BZ=F,Factor,2026-09-24
2025-09-12,66.98999786376953,66.98999786376953,66.30999755859375,68.1500015258789,65.72000122070312,50762,BZ=F,Factor,2026-09-24
2025-09-15,67.44000244140625,67.44000244140625,67.22000122070312,67.83999633789062,66.79000091552734,26320,BZ=F,Factor,2026-09-24
2025-09-16,68.47000122070312,68.47000122070312,67.48999786376953,68.69000244140625,67.0,34128,BZ=F,Factor,2026-09-24
2025-09-17,67.94999694824219,67.94999694824219,68.41000366210938,68.58999633789062,67.62000274658203,30515,BZ=F,Factor,2026-09-24
2025-09-18,67.44000244140625,67.44000244140625,67.88999938964844,68.41000366210938,67.19000244140625,29610,BZ=F,Factor,2026-09-24
2025-09-19,66.68000030517578,66.68000030517578,67.45999908447266,67.55999755859375,66.43000030517578,24400,BZ=F,Factor,2026-09-24
2025-09-22,66.56999969482422,66.56999969482422,66.66999816894531,67.30000305175781,65.94000244140625,23634,BZ=F,Factor,2026-09-24
2025-09-23,67.62999725341797,67.62999725341797,66.58999633789062,68.08000183105469,66.12000274658203,27893,BZ=F,Factor,2026-09-24
2025-09-24,69.30999755859375,69.30999755859375,67.86000061035156,69.36000061035156,67.5199966430664,28459,BZ=F,Factor,2026-09-24
2025-09-25,69.41999816894531,69.41999816894531,69.08999633789062,69.66999816894531,68.44000244140625,21388,BZ=F,Factor,2026-09-24
2025-09-26,70.12999725341797,70.12999725341797,69.69999694824219,70.7699966430664,69.11000061035156,11917,BZ=F,Factor,2026-09-24
2025-09-29,67.97000122070312,67.97000122070312,69.47000122070312,69.93000030517578,67.55000305175781,8229,BZ=F,Factor,2026-09-24
2025-09-30,67.0199966430664,67.0199966430664,67.58999633789062,67.58999633789062,66.91000366210938,46335,BZ=F,Factor,2026-09-24
2025-10-01,65.3499984741211,65.3499984741211,66.08999633789062,66.56999969482422,65.04000091552734,44601,BZ=F,Factor,2026-09-24
2025-10-02,64.11000061035156,64.11000061035156,65.4000015258789,66.12000274658203,64.0,52074,BZ=F,Factor,2026-09-24
2025-10-03,64.52999877929688,64.52999877929688,64.30000305175781,65.0,64.20999908447266,38970,BZ=F,Factor,2026-09-24
2025-10-06,65.47000122070312,65.47000122070312,64.81999969482422,65.7699966430664,64.76000213623047,38055,BZ=F,Factor,2026-09-24
2025-10-07,65.44999694824219,65.44999694824219,65.54000091552734,65.83000183105469,64.5199966430664,36191,BZ=F,Factor,2026-09-24
2025-10-08,66.25,66.25,65.80999755859375,66.52999877929688,65.77999877929688,38630,BZ=F,Factor,2026-09-24
2025-10-09,65.22000122070312,65.22000122070312,66.08999633789062,66.55999755859375,64.95999908447266,40845,BZ=F,Factor,2026-09-24
2025-10-10,62.72999954223633,62.72999954223633,65.16999816894531,65.3499984741211,62.130001068115234,54929,BZ=F,Factor,2026-09-24
2025-10-13,63.31999969482422,63.31999969482422,62.66999816894531,63.95000076293945,62.66999816894531,35368,BZ=F,Factor,2026-09-24
2025-10-14,62.38999938964844,62.38999938964844,63.439998626708984,63.619998931884766,61.5,44016,BZ=F,Factor,2026-09-24
2025-10-15,61.90999984741211,61.90999984741211,62.279998779296875,63.02000045776367,61.790000915527344,40209,BZ=F,Factor,2026-09-24
2025-10-16,61.060001373291016,61.060001373291016,62.439998626708984,62.75,60.84000015258789,46229,BZ=F,Factor,2026-09-24
2025-10-17,61.290000915527344,61.290000915527344,61.11000061035156,61.45000076293945,60.150001525878906,50372,BZ=F,Factor,2026-09-24
2025-10-20,61.0099983215332,61.0099983215332,61.43000030517578,61.54999923706055,60.06999969482422,33883,BZ=F,Factor,2026-09-24
2025-10-21,61.31999969482422,61.31999969482422,60.90999984741211,62.09000015258789,60.34000015258789,45150,BZ=F,Factor,2026-09-24
2025-10-22,62.59000015258789,62.59000015258789,61.619998931884766,63.91999816894531,61.400001525878906,46114,BZ=F,Factor,2026-09-24
2025-10-23,65.98999786376953,65.98999786376953,64.25,66.33999633789062,63.849998474121094,87705,BZ=F,Factor,2026-09-24
2025-10-24,65.94000244140625,65.94000244140625,65.87000274658203,66.7699966430664,65.44000244140625,38354,BZ=F,Factor,2026-09-24
2025-10-27,65.62000274658203,65.62000274658203,66.26000213623047,66.5999984741211,65.08000183105469,32237,BZ=F,Factor,2026-09-24
2025-10-28,64.4000015258789,64.4000015258789,65.79000091552734,65.79000091552734,64.0,33807,BZ=F,Factor,2026-09-24
2025-10-29,64.91999816894531,64.91999816894531,64.48999786376953,65.37999725341797,63.93000030517578,16478,BZ=F,Factor,2026-09-24
2025-10-30,65.0,65.0,64.8499984741211,65.16000366210938,64.05999755859375,10024,BZ=F,Factor,2026-09-24
2025-10-31,65.06999969482422,65.06999969482422,64.75,65.5,64.5199966430664,44972,BZ=F,Factor,2026-09-24
2025-11-03,64.88999938964844,64.88999938964844,65.06999969482422,65.30999755859375,64.33000183105469,0,BZ=F,Factor,2026-09-24
2025-11-04,64.44000244140625,64.44000244140625,64.81999969482422,64.83999633789062,63.83000183105469,36655,BZ=F,Factor,2026-09-24
2025-11-05,63.52000045776367,63.52000045776367,64.26000213623047,64.94000244140625,63.43000030517578,42320,BZ=F,Factor,2026-09-24
2025-11-06,63.380001068115234,63.380001068115234,63.58000183105469,64.33000183105469,62.83000183105469,43138,BZ=F,Factor,2026-09-24
2025-11-07,63.630001068115234,63.630001068115234,63.63999938964844,64.37999725341797,63.2400016784668,36620,BZ=F,Factor,2026-09-24
2025-11-10,64.05999755859375,64.05999755859375,63.689998626708984,64.30999755859375,63.33000183105469,30891,BZ=F,Factor,2026-09-24
2025-11-11,65.16000366210938,65.16000366210938,63.970001220703125,65.29000091552734,63.61000061035156,41959,BZ=F,Factor,2026-09-24
2025-11-12,62.709999084472656,62.709999084472656,65.20999908447266,65.20999908447266,62.560001373291016,42279,BZ=F,Factor,2026-09-24
2025-11-13,63.0099983215332,63.0099983215332,62.66999816894531,63.439998626708984,62.34000015258789,36603,BZ=F,Factor,2026-09-24
2025-11-14,64.38999938964844,64.38999938964844,63.04999923706055,64.8499984741211,63.04999923706055,58912,BZ=F,Factor,2026-09-24
2025-11-17,64.19999694824219,64.19999694824219,64.0199966430664,64.72000122070312,63.65999984741211,33667,BZ=F,Factor,2026-09-24
2025-11-18,64.88999938964844,64.88999938964844,64.0,65.08000183105469,63.61000061035156,36791,BZ=F,Factor,2026-09-24
2025-11-19,63.5099983215332,63.5099983215332,64.7300033569336,64.86000061035156,62.869998931884766,38776,BZ=F,Factor,2026-09-24
2025-11-20,63.380001068115234,63.380001068115234,63.59000015258789,64.38999938964844,62.95000076293945,42345,BZ=F,Factor,2026-09-24
2025-11-21,62.560001373291016,62.560001373291016,63.130001068115234,63.13999938964844,61.869998931884766,43029,BZ=F,Factor,2026-09-24
2025-11-24,63.369998931884766,63.369998931884766,62.560001373291016,63.529998779296875,61.93000030517578,30888,BZ=F,Factor,2026-09-24
2025-11-25,62.47999954223633,62.47999954223633,63.40999984741211,63.40999984741211,61.61000061035156,26580,BZ=F,Factor,2026-09-24
2025-11-26,63.130001068115234,63.130001068115234,62.599998474121094,63.20000076293945,62.119998931884766,21288,BZ=F,Factor,2026-09-24
2025-11-28,63.20000076293945,63.20000076293945,63.0099983215332,63.459999084472656,62.810001373291016,31795,BZ=F,Factor,2026-09-24
2025-12-01,63.16999816894531,63.16999816894531,62.689998626708984,63.810001373291016,62.689998626708984,31203,BZ=F,Factor,2026-09-24
2025-12-02,62.45000076293945,62.45000076293945,63.29999923706055,63.43000030517578,62.16999816894531,39539,BZ=F,Factor,2026-09-24
2025-12-03,62.66999816894531,62.66999816894531,62.43000030517578,63.349998474121094,62.16999816894531,40622,BZ=F,Factor,2026-09-24
2025-12-04,63.2599983215332,63.2599983215332,62.7599983215332,63.61000061035156,62.529998779296875,32164,BZ=F,Factor,2026-09-24
2025-12-05,63.75,63.75,63.29999923706055,64.08000183105469,63.06999969482422,26349,BZ=F,Factor,2026-09-24
2025-12-08,62.4900016784668,62.4900016784668,63.900001525878906,63.959999084472656,62.349998474121094,38815,BZ=F,Factor,2026-09-24
2025-12-09,61.939998626708984,61.939998626708984,62.5,62.779998779296875,61.83000183105469,32575,BZ=F,Factor,2026-09-24
2025-12-10,62.209999084472656,62.209999084472656,62.13999938964844,62.72999954223633,61.349998474121094,45191,BZ=F,Factor,2026-09-24
2025-12-11,61.279998779296875,61.279998779296875,62.619998931884766,62.619998931884766,60.75,48635,BZ=F,Factor,2026-09-24
2025-12-12,61.119998931884766,61.119998931884766,61.599998474121094,61.849998474121094,60.810001373291016,42931,BZ=F,Factor,2026-09-24
2025-12-15,60.560001373291016,60.560001373291016,61.15999984741211,61.5,60.130001068115234,42976,BZ=F,Factor,2026-09-24
2025-12-16,58.91999816894531,58.91999816894531,60.33000183105469,60.40999984741211,58.720001220703125,48212,BZ=F,Factor,2026-09-24
2025-12-17,59.68000030517578,59.68000030517578,58.939998626708984,60.65999984741211,58.90999984741211,50078,BZ=F,Factor,2026-09-24
2025-12-18,59.81999969482422,59.81999969482422,60.63999938964844,60.720001220703125,59.54999923706055,31064,BZ=F,Factor,2026-09-24
2025-12-19,60.470001220703125,60.470001220703125,59.77000045776367,60.63999938964844,59.40999984741211,36104,BZ=F,Factor,2026-09-24
2025-12-22,62.06999969482422,62.06999969482422,60.56999969482422,62.15999984741211,60.560001373291016,35138,BZ=F,Factor,2026-09-24
2025-12-23,62.380001068115234,62.380001068115234,61.9900016784668,62.54999923706055,61.72999954223633,26231,BZ=F,Factor,2026-09-24
2025-12-24,62.2400016784668,62.2400016784668,62.43000030517578,62.720001220703125,62.02000045776367,14966,BZ=F,Factor,2026-09-24
2025-12-26,60.63999938964844,60.63999938964844,62.349998474121094,62.689998626708984,60.59000015258789,9687,BZ=F,Factor,2026-09-24
2025-12-29,61.939998626708984,61.939998626708984,61.040000915527344,62.150001525878906,60.95000076293945,9170,BZ=F,Factor,2026-09-24
2025-12-30,61.91999816894531,61.91999816894531,61.70000076293945,62.33000183105469,61.5099983215332,30567,BZ=F,Factor,2026-09-24
2025-12-31,60.849998474121094,60.849998474121094,61.27000045776367,61.90999984741211,60.619998931884766,30919,BZ=F,Factor,2026-09-24
2026-01-02,60.75,60.75,60.91999816894531,61.36000061035156,60.0,33381,BZ=F,Factor,2026-09-24
2026-01-05,61.7599983215332,61.7599983215332,60.88999938964844,61.880001068115234,59.7599983215332,45681,BZ=F,Factor,2026-09-24
2026-01-06,60.70000076293945,60.70000076293945,61.790000915527344,62.31999969482422,60.400001525878906,48263,BZ=F,Factor,2026-09-24
2026-01-07,59.959999084472656,59.959999084472656,60.61000061035156,60.90999984741211,59.45000076293945,71788,BZ=F,Factor,2026-09-24
2026-01-08,61.9900016784668,61.9900016784668,60.349998474121094,63.0099983215332,59.95000076293945,64136,BZ=F,Factor,2026-09-24
2026-01-09,63.34000015258789,63.34000015258789,62.66999816894531,63.90999984741211,61.84000015258789,56568,BZ=F,Factor,2026-09-24
2026-01-12,63.869998931884766,63.869998931884766,63.40999984741211,64.27999877929688,62.7599983215332,56900,BZ=F,Factor,2026-09-24
2026-01-13,65.47000122070312,65.47000122070312,64.16999816894531,65.91000366210938,63.849998474121094,80180,BZ=F,Factor,2026-09-24
2026-01-14,66.5199966430664,66.5199966430664,65.44000244140625,66.80999755859375,63.470001220703125,96568,BZ=F,Factor,2026-09-24
2026-01-15,63.7599983215332,63.7599983215332,65.69000244140625,65.69000244140625,63.279998779296875,54944,BZ=F,Factor,2026-09-24
2026-01-16,64.12999725341797,64.12999725341797,63.79999923706055,64.7699966430664,63.45000076293945,35235,BZ=F,Factor,2026-09-24
2026-01-20,64.91999816894531,64.91999816894531,63.560001373291016,65.12000274658203,63.2599983215332,78657,BZ=F,Factor,2026-09-24
2026-01-21,65.23999786376953,65.23999786376953,64.01000213623047,65.41000366210938,63.630001068115234,52906,BZ=F,Factor,2026-09-24
2026-01-22,64.05999755859375,64.05999755859375,65.13999938964844,65.37000274658203,63.560001373291016,49453,BZ=F,Factor,2026-09-24
2026-01-23,65.87999725341797,65.87999725341797,64.27999877929688,66.20999908447266,64.23999786376953,34015,BZ=F,Factor,2026-09-24
2026-01-26,65.58999633789062,65.58999633789062,66.06999969482422,66.51000213623047,65.27999877929688,25795,BZ=F,Factor,2026-09-24
2026-01-27,67.56999969482422,67.56999969482422,65.7300033569336,67.77999877929688,65.0,34327,BZ=F,Factor,2026-09-24
2026-01-28,68.4000015258789,68.4000015258789,67.7699966430664,68.69999694824219,67.12999725341797,23555,BZ=F,Factor,2026-09-24
2026-01-29,70.70999908447266,70.70999908447266,68.66999816894531,71.87999725341797,68.61000061035156,26980,BZ=F,Factor,2026-09-24
2026-01-30,70.69000244140625,70.69000244140625,70.16000366210938,70.91999816894531,69.11000061035156,85305,BZ=F,Factor,2026-09-24
2026-02-02,66.30000305175781,66.30000305175781,68.72000122070312,68.80999755859375,65.45999908447266,80104,BZ=F,Factor,2026-09-24
2026-02-03,67.33000183105469,67.33000183105469,66.30000305175781,68.2699966430664,65.19000244140625,83736,BZ=F,Factor,2026-09-24
2026-02-04,69.45999908447266,69.45999908447266,67.94000244140625,69.75,66.98999786376953,98236,BZ=F,Factor,2026-09-24
2026-02-05,67.55000305175781,67.55000305175781,68.83000183105469,68.94000244140625,66.91999816894531,65248,BZ=F,Factor,2026-09-24
2026-02-06,68.05000305175781,68.05000305175781,67.41000366210938,68.81999969482422,66.58000183105469,79538,BZ=F,Factor,2026-09-24
2026-02-09,69.04000091552734,69.04000091552734,67.51000213623047,69.44000244140625,67.02999877929688,51346,BZ=F,Factor,2026-09-24
2026-02-10,68.80000305175781,68.80000305175781,69.1500015258789,69.5,68.48999786376953,45779,BZ=F,Factor,2026-09-24
2026-02-11,69.4000015258789,69.4000015258789,69.11000061035156,70.72000122070312,69.01000213623047,49482,BZ=F,Factor,2026-09-24
2026-02-12,67.5199966430664,67.5199966430664,69.63999938964844,69.83999633789062,67.08999633789062,48058,BZ=F,Factor,2026-09-24
2026-02-13,67.75,67.75,67.58999633789062,68.05000305175781,66.88999938964844,42167,BZ=F,Factor,2026-09-24
2026-02-17,67.41999816894531,67.41999816894531,68.05999755859375,69.02999877929688,66.83000183105469,74745,BZ=F,Factor,2026-09-24
2026-02-18,70.3499984741211,70.3499984741211,67.51000213623047,70.68000030517578,67.33999633789062,56115,BZ=F,Factor,2026-09-24
2026-02-19,71.66000366210938,71.66000366210938,70.05000305175781,72.12999725341797,70.05000305175781,73081,BZ=F,Factor,2026-09-24
2026-02-20,71.76000213623047,71.76000213623047,71.73999786376953,72.31999969482422,71.08000183105469,40579,BZ=F,Factor,2026-09-24
2026-02-23,71.48999786376953,71.48999786376953,71.23999786376953,72.4800033569336,70.73999786376953,28933,BZ=F,Factor,2026-09-24
2026-02-24,70.7699966430664,70.7699966430664,71.47000122070312,72.23999786376953,70.70999908447266,37988,BZ=F,Factor,2026-09-24
2026-02-25,70.8499984741211,70.8499984741211,71.22000122070312,71.76000213623047,70.44999694824219,18491,BZ=F,Factor,2026-09-24
2026-02-26,70.75,70.75,71.11000061035156,72.58999633789062,69.31999969482422,17725,BZ=F,Factor,2026-09-24
2026-02-27,72.4800033569336,72.4800033569336,70.5,72.98999786376953,70.44000244140625,79435,BZ=F,Factor,2026-09-24
2026-03-02,77.73999786376953,77.73999786376953,77.0,82.11000061035156,75.79000091552734,143671,BZ=F,Factor,2026-09-24
2026-03-03,81.4000015258789,81.4000015258789,78.05000305175781,85.05000305175781,77.37000274658203,229556,BZ=F,Factor,2026-09-24
2026-03-04,81.4000015258789,81.4000015258789,81.9000015258789,84.44999694824219,80.30000305175781,152390,BZ=F,Factor,2026-09-24
2026-03-05,85.41000366210938,85.41000366210938,82.43000030517578,86.27999877929688,81.5199966430664,146018,BZ=F,Factor,2026-09-24
2026-03-06,92.69000244140625,92.69000244140625,84.83999633789062,94.55000305175781,83.16999816894531,197523,BZ=F,Factor,2026-09-24
2026-03-09,98.95999908447266,98.95999908447266,98.36000061035156,119.4000015258789,83.87999725341797,235965,BZ=F,Factor,2026-09-24
2026-03-10,87.80000305175781,87.80000305175781,92.44999694824219,95.08000183105469,81.16000366210938,144614,BZ=F,Factor,2026-09-24
2026-03-11,91.9800033569336,91.9800033569336,91.30000305175781,93.25,86.31999969482422,101940,BZ=F,Factor,2026-09-24
2026-03-12,100.45999908447266,100.45999908447266,93.73999786376953,101.80000305175781,93.69999694824219,92219,BZ=F,Factor,2026-09-24
2026-03-13,103.13999938964844,103.13999938964844,101.66000366210938,103.9000015258789,97.55000305175781,71698,BZ=F,Factor,2026-09-24
2026-03-16,100.20999908447266,100.20999908447266,105.51000213623047,106.51000213623047,99.55999755859375,77839,BZ=F,Factor,2026-09-24
2026-03-17,103.41999816894531,103.41999816894531,101.37000274658203,104.9800033569336,100.76000213623047,65199,BZ=F,Factor,2026-09-24
2026-03-18,107.37999725341797,107.37999725341797,103.44999694824219,111.86000061035156,100.33999633789062,73104,BZ=F,Factor,2026-09-24
2026-03-19,108.6500015258789,108.6500015258789,109.66000366210938,119.12000274658203,103.75,87485,BZ=F,Factor,2026-09-24
2026-03-20,112.19000244140625,112.19000244140625,107.66999816894531,113.11000061035156,105.0999984741211,57217,BZ=F,Factor,2026-09-24
2026-03-23,99.94000244140625,99.94000244140625,114.9000015258789,115.0999984741211,96.25,113332,BZ=F,Factor,2026-09-24
2026-03-24,104.48999786376953,104.48999786376953,100.5,105.04000091552734,98.08999633789062,68614,BZ=F,Factor,2026-09-24
2026-03-25,102.22000122070312,102.22000122070312,99.98999786376953,103.4000015258789,97.1500015258789,53714,BZ=F,Factor,2026-09-24
2026-03-26,108.01000213623047,108.01000213623047,103.08000183105469,109.05999755859375,102.77999877929688,28970,BZ=F,Factor,2026-09-24
2026-03-27,112.56999969482422,112.56999969482422,106.22000122070312,114.80999755859375,105.25,18402,BZ=F,Factor,2026-09-24
2026-03-30,112.77999877929688,112.77999877929688,116.13999938964844,116.87000274658203,111.5,15053,BZ=F,Factor,2026-09-24
2026-03-31,118.3499984741211,118.3499984741211,114.7300033569336,119.2699966430664,111.0,69949,BZ=F,Factor,2026-09-24
2026-04-01,101.16000366210938,101.16000366210938,103.9000015258789,105.9000015258789,98.45999908447266,61629,BZ=F,Factor,2026-09-24
2026-04-02,109.02999877929688,109.02999877929688,100.30000305175781,109.70999908447266,99.0199966430664,0,BZ=F,Factor,2026-09-24
2026-04-06,109.7699966430664,109.7699966430664,109.19999694824219,111.87000274658203,106.8499984741211,27863,BZ=F,Factor,2026-09-24
2026-04-07,109.2699966430664,109.2699966430664,109.58999633789062,111.80000305175781,104.56999969482422,65194,BZ=F,Factor,2026-09-24
2026-04-08,94.75,94.75,103.4000015258789,104.0,90.01000213623047,82140,BZ=F,Factor,2026-09-24
2026-04-09,95.91999816894531,95.91999816894531,96.52999877929688,99.5199966430664,94.33999633789062,54501,BZ=F,Factor,2026-09-24
2026-04-10,95.19999694824219,95.19999694824219,96.37999725341797,98.25,94.23999786376953,35012,BZ=F,Factor,2026-09-24
2026-04-13,99.36000061035156,99.36000061035156,99.70999908447266,103.86000061035156,97.63999938964844,50559,BZ=F,Factor,2026-09-24
2026-04-14,94.79000091552734,94.79000091552734,98.41999816894531,99.41000366210938,94.43000030517578,40991,BZ=F,Factor,2026-09-24
2026-04-15,94.93000030517578,94.93000030517578,95.5199966430664,96.88999938964844,91.0,41928,BZ=F,Factor,2026-09-24
2026-04-16,99.38999938964844,99.38999938964844,94.91000366210938,99.83999633789062,94.41999816894531,36540,BZ=F,Factor,2026-09-24
2026-04-17,90.37999725341797,90.37999725341797,98.25,98.97000122070312,86.08000183105469,85233,BZ=F,Factor,2026-09-24
2026-04-20,95.4800033569336,95.4800033569336,96.20999908447266,97.80999755859375,92.7699966430664,46389,BZ=F,Factor,2026-09-24
2026-04-21,98.4800033569336,98.4800033569336,93.98999786376953,101.1500015258789,93.87000274658203,50039,BZ=F,Factor,2026-09-24
2026-04-22,101.91000366210938,101.91000366210938,98.9000015258789,102.30999755859375,96.54000091552734,39837,BZ=F,Factor,2026-09-24
2026-04-23,105.06999969482422,105.06999969482422,101.58000183105469,107.36000061035156,101.27999877929688,54489,BZ=F,Factor,2026-09-24
2026-04-24,105.33000183105469,105.33000183105469,106.27999877929688,107.45999908447266,103.4000015258789,52646,BZ=F,Factor,2026-09-24
2026-04-27,108.2300033569336,108.2300033569336,106.5,109.79000091552734,105.8499984741211,29439,BZ=F,Factor,2026-09-24
2026-04-28,111.26000213623047,111.26000213623047,108.30000305175781,112.69000244140625,107.91999816894531,23451,BZ=F,Factor,2026-09-24
2026-04-29,118.02999877929688,118.02999877929688,111.01000213623047,120.30000305175781,110.20999908447266,18031,BZ=F,Factor,2026-09-24
2026-04-30,114.01000213623047,114.01000213623047,119.9800033569336,126.0999984741211,113.0,58572,BZ=F,Factor,2026-09-24
2026-05-01,108.16999816894531,108.16999816894531,111.01000213623047,112.43000030517578,106.2699966430664,40576,BZ=F,Factor,2026-09-24
2026-05-04,114.44000244140625,114.44000244140625,107.12999725341797,115.25,105.66000366210938,67567,BZ=F,Factor,2026-09-24
2026-05-05,109.87000274658203,109.87000274658203,113.81999969482422,114.44999694824219,109.5999984741211,39713,BZ=F,Factor,2026-09-24
2026-05-06,101.2699966430664,101.2699966430664,110.44999694824219,110.44999694824219,96.7300033569336,61814,BZ=F,Factor,2026-09-24
2026-05-07,100.05999755859375,100.05999755859375,101.52999877929688,103.41000366210938,96.06999969482422,62847,BZ=F,Factor,2026-09-24
2026-05-08,101.29000091552734,101.29000091552734,103.55999755859375,103.95999908447266,99.54000091552734,34316,BZ=F,Factor,2026-09-24
2026-05-11,104.20999908447266,104.20999908447266,104.0,106.0,102.81999969482422,35359,BZ=F,Factor,2026-09-24
2026-05-12,107.7699966430664,107.7699966430664,104.5,108.41999816894531,104.11000061035156,30738,BZ=F,Factor,2026-09-24
2026-05-13,105.62999725341797,105.62999725341797,107.73999786376953,108.30999755859375,105.30999755859375,27718,BZ=F,Factor,2026-09-24
2026-05-14,105.72000122070312,105.72000122070312,105.63999938964844,107.08000183105469,103.86000061035156,27529,BZ=F,Factor,2026-09-24
2026-05-15,109.26000213623047,109.26000213623047,106.56999969482422,109.7300033569336,106.05000305175781,26518,BZ=F,Factor,2026-09-24
2026-05-18,112.0999984741211,112.0999984741211,109.61000061035156,112.69000244140625,106.87000274658203,46404,BZ=F,Factor,2026-09-24
2026-05-19,111.27999877929688,111.27999877929688,109.55000305175781,111.79000091552734,108.9000015258789,29390,BZ=F,Factor,2026-09-24
2026-05-20,105.0199966430664,105.0199966430664,111.20999908447266,111.5,103.27999877929688,53332,BZ=F,Factor,2026-09-24
2026-05-21,102.58000183105469,102.58000183105469,105.20999908447266,109.30999755859375,102.16000366210938,51232,BZ=F,Factor,2026-09-24
2026-05-22,103.54000091552734,103.54000091552734,104.5199966430664,106.3499984741211,101.37999725341797,35039,BZ=F,Factor,2026-09-24
2026-05-26,99.58000183105469,99.58000183105469,100.55000305175781,100.75,95.93000030517578,37926,BZ=F,Factor,2026-09-24
2026-05-27,94.29000091552734,94.29000091552734,99.4000015258789,99.86000061035156,94.1500015258789,20553,BZ=F,Factor,2026-09-24
2026-05-28,93.70999908447266,93.70999908447266,94.97000122070312,98.16000366210938,92.55999755859375,9881,BZ=F,Factor,2026-09-24
2026-05-29,92.05000305175781,92.05000305175781,93.37000274658203,94.01000213623047,91.45999908447266,39308,BZ=F,Factor,2026-09-24
2026-06-01,94.9800033569336,94.9800033569336,92.41000366210938,97.80000305175781,92.37000274658203,57796,BZ=F,Factor,2026-09-24
2026-06-02,96.0,96.0,95.4000015258789,96.26000213623047,92.81999969482422,40210,BZ=F,Factor,2026-09-24
2026-06-03,97.80999755859375,97.80999755859375,96.06999969482422,99.0,96.04000091552734,40867,BZ=F,Factor,2026-09-24
2026-06-04,95.02999877929688,95.02999877929688,97.43000030517578,97.56999969482422,93.91999816894531,34844,BZ=F,Factor,2026-09-24
2026-06-05,93.08999633789062,93.08999633789062,95.06999969482422,95.9000015258789,92.68000030517578,36817,BZ=F,Factor,2026-09-24
2026-06-08,94.25,94.25,95.5,98.05000305175781,93.66999816894531,36849,BZ=F,Factor,2026-09-24
2026-06-09,91.44999694824219,91.44999694824219,94.33999633789062,94.5199966430664,89.58999633789062,42857,BZ=F,Factor,2026-09-24
2026-06-10,93.0999984741211,93.0999984741211,92.26000213623047,94.7300033569336,90.79000091552734,39760,BZ=F,Factor,2026-09-24
2026-06-11,90.37999725341797,90.37999725341797,94.87999725341797,96.36000061035156,88.4000015258789,46406,BZ=F,Factor,2026-09-24
2026-06-12,87.33000183105469,87.33000183105469,89.2300033569336,89.87000274658203,85.80000305175781,34732,BZ=F,Factor,2026-09-24
2026-06-15,83.16999816894531,83.16999816894531,85.0199966430664,85.29000091552734,82.4000015258789,28907,BZ=F,Factor,2026-09-24
2026-06-16,78.95999908447266,78.95999908447266,83.55000305175781,83.80000305175781,78.44999694824219,30801,BZ=F,Factor,2026-09-24
2026-06-17,79.55000305175781,79.55000305175781,79.19999694824219,82.9800033569336,77.7699966430664,25919,BZ=F,Factor,2026-09-24
2026-06-18,79.8499984741211,79.8499984741211,78.3499984741211,80.04000091552734,76.58000183105469,31186,BZ=F,Factor,2026-09-24
2026-06-22,77.9000015258789,77.9000015258789,82.20999908447266,82.37999725341797,77.2699966430664,46574,BZ=F,Factor,2026-09-24
2026-06-23,77.08000183105469,77.08000183105469,78.05999755859375,78.33999633789062,76.44000244140625,22797,BZ=F,Factor,2026-09-24
2026-06-24,73.73999786376953,73.73999786376953,77.0,77.0,73.08000183105469,32834,BZ=F,Factor,2026-09-24
2026-06-25,75.26000213623047,75.26000213623047,73.0999984741211,75.83999633789062,72.08000183105469,27477,BZ=F,Factor,2026-09-24
2026-06-26,71.98999786376953,71.98999786376953,74.94000244140625,75.12000274658203,71.4000015258789,19425,BZ=F,Factor,2026-09-24
2026-06-29,73.1500015258789,73.1500015258789,73.16999816894531,73.4800033569336,71.87000274658203,8613,BZ=F,Factor,2026-09-24
2026-06-30,72.91999816894531,72.91999816894531,72.69999694824219,73.52999877929688,72.12000274658203,39706,BZ=F,Factor,2026-09-24
2026-07-01,71.56999969482422,71.56999969482422,73.37999725341797,73.5199966430664,71.04000091552734,37629,BZ=F,Factor,2026-09-24
2026-07-02,71.80000305175781,71.80000305175781,71.08999633789062,71.91000366210938,70.13999938964844,0,BZ=F,Factor,2026-09-24
2026-07-06,71.98999786376953,71.98999786376953,71.87000274658203,72.58999633789062,71.02999877929688,46238,BZ=F,Factor,2026-09-24
2026-07-07,74.16000366210938,74.16000366210938,72.11000061035156,76.3499984741211,72.05999755859375,58154,BZ=F,Factor,2026-09-24
2026-07-08,78.0199966430664,78.0199966430664,75.98999786376953,80.56999969482422,75.44999694824219,96042,BZ=F,Factor,2026-09-24
2026-07-09,76.30000305175781,76.30000305175781,79.37999725341797,79.37999725341797,75.5999984741211,47817,BZ=F,Factor,2026-09-24
2026-07-10,76.01000213623047,76.01000213623047,75.97000122070312,77.55999755859375,75.30999755859375,39537,BZ=F,Factor,2026-09-24
2026-07-13,83.30000305175781,83.30000305175781,78.05000305175781,83.86000061035156,77.27999877929688,61577,BZ=F,Factor,2026-09-24
2026-07-14,84.7300033569336,84.7300033569336,83.29000091552734,87.54000091552734,83.04000091552734,115669,BZ=F,Factor,2026-09-24
2026-07-15,84.94999694824219,84.94999694824219,85.20999908447266,86.52999877929688,83.33999633789062,52882,BZ=F,Factor,2026-09-24
2026-07-16,84.2300033569336,84.2300033569336,85.22000122070312,86.26000213623047,83.83000183105469,39917,BZ=F,Factor,2026-09-24
2026-07-17,88.0999984741211,88.0999984741211,84.88999938964844,88.31999969482422,83.70999908447266,30997,BZ=F,Factor,2026-09-24
2026-07-20,89.22000122070312,89.22000122070312,89.01000213623047,91.43000030517578,86.13999938964844,50407,BZ=F,Factor,2026-09-24
2026-07-21,91.01000213623047,91.01000213623047,88.88999938964844,91.97000122070312,87.87999725341797,43104,BZ=F,Factor,2026-09-24
2026-07-22,94.06999969482422,94.06999969482422,91.51000213623047,95.45999908447266,91.31999969482422,55526,BZ=F,Factor,2026-09-24
2026-07-23,100.69000244140625,100.69000244140625,95.23999786376953,102.01000213623047,94.87999725341797,48567,BZ=F,Factor,2026-09-24
2026-07-24,96.77999877929688,96.77999877929688,100.91000366210938,101.16000366210938,95.13999938964844,33923,BZ=F,Factor,2026-09-24
2026-07-27,88.36000061035156,88.36000061035156,93.88999938964844,93.88999938964844,87.44999694824219,34887,BZ=F,Factor,2026-09-24
2026-07-28,84.08999633789062,84.08999633789062,87.98999786376953,88.02999877929688,82.51000213623047,32213,BZ=F,Factor,2026-09-24
2026-07-29,90.73999786376953,90.73999786376953,84.94999694824219,91.05000305175781,84.94999694824219,22489,BZ=F,Factor,2026-09-24
2026-07-30,89.02999877929688,89.02999877929688,90.48999786376953,93.13999938964844,88.8499984741211,6854,BZ=F,Factor,2026-09-24
2026-07-31,90.12000274658203,90.12000274658203,89.37999725341797,90.58000183105469,87.0,46811,BZ=F,Factor,2026-09-24
2026-08-03,83.7699966430664,83.7699966430664,83.36000061035156,84.6500015258789,81.8499984741211,38780,BZ=F,Factor,2026-09-24
2026-08-04,79.36000061035156,79.36000061035156,83.58000183105469,86.33000183105469,78.69000244140625,64851,BZ=F,Factor,2026-09-24
2026-08-05,79.44999694824219,79.44999694824219,78.93000030517578,80.93000030517578,78.12999725341797,43282,BZ=F,Factor,2026-09-24
2026-08-06,82.48999786376953,82.48999786376953,79.43000030517578,83.7699966430664,78.9800033569336,40651,BZ=F,Factor,2026-09-24
2026-08-07,83.55000305175781,83.55000305175781,83.33000183105469,84.38999938964844,81.5,37626,BZ=F,Factor,2026-09-24
2026-08-10,87.72000122070312,87.72000122070312,83.55999755859375,87.91999816894531,83.33999633789062,30023,BZ=F,Factor,2026-09-24
2026-08-11,88.91000366210938,88.91000366210938,87.97000122070312,90.02999877929688,86.7300033569336,35498,BZ=F,Factor,2026-09-24
2026-08-12,88.9800033569336,88.9800033569336,89.2699966430664,90.06999969482422,88.12000274658203,35263,BZ=F,Factor,2026-09-24
2026-08-13,87.06999969482422,87.06999969482422,88.47000122070312,89.0199966430664,85.87000274658203,28399,BZ=F,Factor,2026-09-24
2026-08-14,88.5199966430664,88.5199966430664,86.87999725341797,88.79000091552734,86.44000244140625,29003,BZ=F,Factor,2026-09-24
2026-08-17,90.87000274658203,90.87000274658203,88.72000122070312,91.19000244140625,88.02999877929688,33602,BZ=F,Factor,2026-09-24
2026-08-18,91.0199966430664,91.0199966430664,91.31999969482422,92.01000213623047,90.62000274658203,22270,BZ=F,Factor,2026-09-24
2026-08-19,91.62000274658203,91.62000274658203,91.30999755859375,92.80000305175781,90.41999816894531,28039,BZ=F,Factor,2026-09-24
2026-08-20,93.77999877929688,93.77999877929688,91.51000213623047,94.72000122070312,91.3499984741211,27355,BZ=F,Factor,2026-09-24
2026-08-21,94.38999938964844,94.38999938964844,93.33000183105469,94.80999755859375,92.7699966430664,16522,BZ=F,Factor,2026-09-24
2026-08-24,92.16999816894531,92.16999816894531,93.68000030517578,93.80000305175781,91.77999877929688,18474,BZ=F,Factor,2026-09-24
2026-08-25,88.58000183105469,88.58000183105469,92.18000030517578,92.83999633789062,86.08999633789062,19467,BZ=F,Factor,2026-09-24
2026-08-26,87.83999633789062,87.83999633789062,86.94999694824219,89.4800033569336,85.4800033569336,15243,BZ=F,Factor,2026-09-24
2026-08-27,89.69999694824219,89.69999694824219,87.55999755859375,90.33999633789062,86.29000091552734,9814,BZ=F,Factor,2026-09-24
2026-08-28,89.30999755859375,89.30999755859375,89.51000213623047,90.16000366210938,88.9000015258789,26729,BZ=F,Factor,2026-09-24
2026-08-31,90.48999786376953,90.48999786376953,89.30999755859375,91.5,89.02999877929688,23556,BZ=F,Factor,2026-09-24
2026-09-01,94.6500015258789,94.6500015258789,90.8499984741211,95.44999694824219,90.7300033569336,38404,BZ=F,Factor,2026-09-24
2026-09-02,95.62999725341797,95.62999725341797,95.2300033569336,97.01000213623047,93.5199966430664,41717,BZ=F,Factor,2026-09-24
2026-09-03,95.5199966430664,95.5199966430664,95.33000183105469,97.61000061035156,94.04000091552734,48231,BZ=F,Factor,2026-09-24
2026-09-04,96.27999877929688,96.27999877929688,95.87999725341797,96.55999755859375,93.16999816894531,35106,BZ=F,Factor,2026-09-24
2026-09-08,97.91999816894531,97.91999816894531,96.9000015258789,99.44999694824219,95.97000122070312,71135,BZ=F,Factor,2026-09-24
2026-09-09,101.20999908447266,101.20999908447266,99.52999877929688,101.70999908447266,98.83000183105469,51567,BZ=F,Factor,2026-09-24
2026-09-10,107.62999725341797,107.62999725341797,101.80000305175781,109.05000305175781,100.19000244140625,72538,BZ=F,Factor,2026-09-24
2026-09-11,104.61000061035156,104.61000061035156,109.16000366210938,110.19000244140625,103.4800033569336,61285,BZ=F,Factor,2026-09-24
2026-09-14,105.68000030517578,105.68000030517578,106.88999938964844,109.77999877929688,104.81999969482422,69743,BZ=F,Factor,2026-09-24
2026-09-15,108.75,108.75,106.30999755859375,109.44999694824219,105.11000061035156,51174,BZ=F,Factor,2026-09-24
2026-09-16,105.83000183105469,105.83000183105469,108.55000305175781,108.58999633789062,104.05999755859375,52162,BZ=F,Factor,2026-09-24
2026-09-17,104.81999969482422,104.81999969482422,105.30999755859375,106.0,101.55000305175781,50042,BZ=F,Factor,2026-09-24
2026-09-18,103.87000274658203,103.87000274658203,104.08999633789062,105.0199966430664,101.94000244140625,37226,BZ=F,Factor,2026-09-24
2026-09-21,100.33999633789062,100.33999633789062,104.75,104.98999786376953,99.0,36907,BZ=F,Factor,2026-09-24
2026-09-22,99.25,99.25,99.87999725341797,102.29000091552734,97.36000061035156,47365,BZ=F,Factor,2026-09-24
2026-09-23,103.08000183105469,103.08000183105469,99.05000305175781,103.86000061035156,97.93000030517578,47365,BZ=F,Factor,2026-09-24
