Date,Adj Close,Close,Open,High,Low,Volume,Ticker,Lineage,PullDate
2005-01-03,28.5008602142334,53.03333282470703,53.39666748046875,53.5,52.93333435058594,5273700,EFA,Factor,2026-09-24
2005-01-04,27.954484939575195,52.016666412353516,52.93000030517578,52.95000076293945,51.87333297729492,2983800,EFA,Factor,2026-09-24
2005-01-05,27.93657112121582,51.983333587646484,52.06666564941406,52.650001525878906,51.689998626708984,3143700,EFA,Factor,2026-09-24
2005-01-06,27.93657112121582,51.983333587646484,52.099998474121094,52.18333435058594,51.86333465576172,2673300,EFA,Factor,2026-09-24
2005-01-07,27.811168670654297,51.75,52.51333236694336,52.51333236694336,51.73666763305664,2475300,EFA,Factor,2026-09-24
2005-01-10,27.93657112121582,51.983333587646484,52.150001525878906,52.21666717529297,51.91666793823242,1698600,EFA,Factor,2026-09-24
2005-01-11,27.88282585144043,51.883331298828125,52.130001068115234,52.130001068115234,51.80666732788086,2209800,EFA,Factor,2026-09-24
2005-01-12,28.106748580932617,52.29999923706055,52.1966667175293,52.36000061035156,51.996665954589844,2629200,EFA,Factor,2026-09-24
2005-01-13,27.86490821838379,51.849998474121094,52.14666748046875,52.16666793823242,51.766666412353516,1655100,EFA,Factor,2026-09-24
2005-01-14,27.999267578125,52.099998474121094,51.97999954223633,52.18333435058594,51.46666717529297,2011200,EFA,Factor,2026-09-24
2005-01-18,28.020771026611328,52.13999938964844,51.849998474121094,52.21666717529297,51.66666793823242,3630000,EFA,Factor,2026-09-24
2005-01-19,27.730560302734375,51.599998474121094,52.233333587646484,52.3466682434082,51.599998474121094,2236500,EFA,Factor,2026-09-24
2005-01-20,27.546051025390625,51.25666809082031,51.46333312988281,51.5,51.133331298828125,2893500,EFA,Factor,2026-09-24
2005-01-21,27.65533447265625,51.459999084472656,51.53333282470703,51.79999923706055,51.4033317565918,1255800,EFA,Factor,2026-09-24
2005-01-24,27.70369529724121,51.54999923706055,51.61333465576172,51.83000183105469,51.54999923706055,1333500,EFA,Factor,2026-09-24
2005-01-25,27.712644577026367,51.56666564941406,51.60333251953125,51.88666534423828,51.540000915527344,1710300,EFA,Factor,2026-09-24
2005-01-26,28.04763412475586,52.189998626708984,52.163333892822266,52.31666564941406,52.06999969482422,2575800,EFA,Factor,2026-09-24
2005-01-27,28.088836669921875,52.266666412353516,52.08000183105469,52.34333419799805,51.9466667175293,1803600,EFA,Factor,2026-09-24
2005-01-28,28.026147842407227,52.150001525878906,52.1966667175293,52.209999084472656,51.849998474121094,1708500,EFA,Factor,2026-09-24
2005-01-31,28.160493850708008,52.400001525878906,52.16666793823242,52.43333435058594,52.16666793823242,3236700,EFA,Factor,2026-09-24
2005-02-01,28.33604621887207,52.72666549682617,52.383331298828125,52.79999923706055,52.31666564941406,3320100,EFA,Factor,2026-09-24
2005-02-02,28.37545394897461,52.79999923706055,52.866668701171875,52.869998931884766,52.68333435058594,2643600,EFA,Factor,2026-09-24
2005-02-03,28.221389770507812,52.51333236694336,52.46666717529297,52.56666564941406,52.2400016784668,1950600,EFA,Factor,2026-09-24
2005-02-04,28.366504669189453,52.78333282470703,52.503334045410156,52.813331604003906,52.4900016784668,2401500,EFA,Factor,2026-09-24
2005-02-07,28.18736457824707,52.45000076293945,52.68000030517578,52.7400016784668,52.26333236694336,1713600,EFA,Factor,2026-09-24
2005-02-08,28.18736457824707,52.45000076293945,52.313331604003906,52.53333282470703,52.25,1944000,EFA,Factor,2026-09-24
2005-02-09,28.115703582763672,52.31666564941406,52.45000076293945,52.543331146240234,52.30666732788086,1885200,EFA,Factor,2026-09-24
2005-02-10,28.407705307006836,52.86000061035156,52.66666793823242,52.913333892822266,52.63999938964844,1296000,EFA,Factor,2026-09-24
2005-02-11,28.604761123657227,53.22666549682617,52.9466667175293,53.31999969482422,52.86000061035156,3481800,EFA,Factor,2026-09-24
2005-02-14,28.82688331604004,53.63999938964844,53.616668701171875,53.75,53.33333206176758,2572800,EFA,Factor,2026-09-24
2005-02-15,29.020357131958008,54.0,53.68000030517578,54.01333236694336,53.67333221435547,2157000,EFA,Factor,2026-09-24
2005-02-16,28.764196395874023,53.52333450317383,53.67333221435547,53.71666717529297,53.33333206176758,6873900,EFA,Factor,2026-09-24
2005-02-17,28.823305130004883,53.633331298828125,53.689998626708984,53.87666702270508,53.58333206176758,2853000,EFA,Factor,2026-09-24
2005-02-18,28.966615676879883,53.900001525878906,53.849998474121094,53.96333312988281,53.78333282470703,1808100,EFA,Factor,2026-09-24
2005-02-22,28.89854621887207,53.77333450317383,54.016666412353516,54.16666793823242,53.70000076293945,2227800,EFA,Factor,2026-09-24
2005-02-23,28.912866592407227,53.79999923706055,53.71333312988281,53.87333297729492,53.55666732788086,3172200,EFA,Factor,2026-09-24
2005-02-24,28.957658767700195,53.883331298828125,53.86333465576172,53.95333480834961,53.56666564941406,3470700,EFA,Factor,2026-09-24
2005-02-25,29.294437408447266,54.5099983215332,54.15999984741211,54.599998474121094,54.016666412353516,2302800,EFA,Factor,2026-09-24
2005-02-28,29.226364135742188,54.383331298828125,54.56666564941406,54.6966667175293,54.209999084472656,2276400,EFA,Factor,2026-09-24
2005-03-01,29.387590408325195,54.68333435058594,54.54666519165039,54.75666809082031,54.5,2256000,EFA,Factor,2026-09-24
2005-03-02,29.167247772216797,54.27333450317383,54.06666564941406,54.46666717529297,54.06666564941406,3374700,EFA,Factor,2026-09-24
2005-03-03,29.181577682495117,54.29999923706055,54.496665954589844,54.563331604003906,54.189998626708984,2220000,EFA,Factor,2026-09-24
2005-03-04,29.69212532043457,55.25,54.81999969482422,55.36333465576172,54.516666412353516,2952900,EFA,Factor,2026-09-24
2005-03-07,29.566720962524414,55.016666412353516,54.9466667175293,55.116668701171875,54.883331298828125,2007600,EFA,Factor,2026-09-24
2005-03-08,29.6473388671875,55.16666793823242,55.24333190917969,55.29999923706055,55.09333419799805,2472900,EFA,Factor,2026-09-24
2005-03-09,29.512990951538086,54.91666793823242,55.18000030517578,55.29666519165039,54.88666534423828,2828400,EFA,Factor,2026-09-24
2005-03-10,29.609712600708008,55.0966682434082,55.163333892822266,55.1966667175293,54.84000015258789,1933800,EFA,Factor,2026-09-24
2005-03-11,29.602554321289062,55.08333206176758,55.1966667175293,55.313331604003906,55.003334045410156,2505900,EFA,Factor,2026-09-24
2005-03-14,29.507604598999023,54.90666580200195,54.813331604003906,54.90666580200195,54.61000061035156,1933200,EFA,Factor,2026-09-24
2005-03-15,29.324893951416016,54.56666564941406,55.06666564941406,55.08333206176758,54.53666687011719,2351400,EFA,Factor,2026-09-24
2005-03-16,29.358930587768555,54.630001068115234,54.900001525878906,54.926666259765625,54.54999923706055,2791200,EFA,Factor,2026-09-24
2005-03-17,29.324893951416016,54.56666564941406,54.48666763305664,54.70333480834961,54.459999084472656,1601400,EFA,Factor,2026-09-24
2005-03-18,29.26578712463379,54.456668853759766,54.5966682434082,54.599998474121094,54.31999969482422,1447200,EFA,Factor,2026-09-24
2005-03-21,29.06693458557129,54.086666107177734,54.313331604003906,54.313331604003906,54.0,2524500,EFA,Factor,2026-09-24
2005-03-22,28.733736038208008,53.46666717529297,54.0533332824707,54.413333892822266,53.4033317565918,2239800,EFA,Factor,2026-09-24
2005-03-23,28.542055130004883,53.11000061035156,53.33000183105469,53.33000183105469,53.0099983215332,3244800,EFA,Factor,2026-09-24
2005-03-24,28.53667640686035,53.099998474121094,53.19333267211914,53.400001525878906,53.099998474121094,2715900,EFA,Factor,2026-09-24
2005-03-28,28.53667640686035,53.099998474121094,53.133331298828125,53.323333740234375,53.099998474121094,1452300,EFA,Factor,2026-09-24
2005-03-29,28.24111557006836,52.54999923706055,52.83333206176758,53.0099983215332,52.45333480834961,2633400,EFA,Factor,2026-09-24
2005-03-30,28.472190856933594,52.97999954223633,52.866668701171875,53.13666534423828,52.836666107177734,3034200,EFA,Factor,2026-09-24
2005-03-31,28.459657669067383,52.956668853759766,53.33000183105469,53.366668701171875,52.87666702270508,5814300,EFA,Factor,2026-09-24
2005-04-01,28.393375396728516,52.83333206176758,53.400001525878906,53.47999954223633,52.70000076293945,2720700,EFA,Factor,2026-09-24
2005-04-04,28.402328491210938,52.849998474121094,52.65999984741211,52.900001525878906,52.47666549682617,1936800,EFA,Factor,2026-09-24
2005-04-05,28.554584503173828,53.133331298828125,52.96666717529297,53.16999816894531,52.91999816894531,3195000,EFA,Factor,2026-09-24
2005-04-06,28.635202407836914,53.28333282470703,53.150001525878906,53.45000076293945,53.10333251953125,2424300,EFA,Factor,2026-09-24
2005-04-07,28.75164031982422,53.5,53.400001525878906,53.706668853759766,53.400001525878906,1803300,EFA,Factor,2026-09-24
2005-04-08,28.75164031982422,53.5,53.5,53.72999954223633,53.366668701171875,5148000,EFA,Factor,2026-09-24
2005-04-11,28.8591251373291,53.70000076293945,53.79666519165039,53.883331298828125,53.59333419799805,1389000,EFA,Factor,2026-09-24
2005-04-12,28.930782318115234,53.83333206176758,53.383331298828125,53.939998626708984,53.16666793823242,2382600,EFA,Factor,2026-09-24
2005-04-13,28.626253128051758,53.266666412353516,53.46666717529297,53.706668853759766,53.21666717529297,2060400,EFA,Factor,2026-09-24
2005-04-14,28.250062942504883,52.56666564941406,53.106666564941406,53.106666564941406,52.56666564941406,2802900,EFA,Factor,2026-09-24
2005-04-15,27.904325485229492,51.92333221435547,52.66666793823242,52.709999084472656,51.91999816894531,3907800,EFA,Factor,2026-09-24
2005-04-18,27.80221939086914,51.733333587646484,51.79999923706055,52.0,51.599998474121094,4774500,EFA,Factor,2026-09-24
2005-04-19,28.171245574951172,52.41999816894531,52.20000076293945,52.46333312988281,52.14666748046875,2568600,EFA,Factor,2026-09-24
2005-04-20,27.811168670654297,51.75,52.106666564941406,52.31666564941406,51.70000076293945,3272700,EFA,Factor,2026-09-24
2005-04-21,28.314550399780273,52.686668395996094,52.33333206176758,52.6966667175293,52.119998931884766,4253100,EFA,Factor,2026-09-24
2005-04-22,28.214235305786133,52.5,52.599998474121094,52.766666412353516,52.086666107177734,2785200,EFA,Factor,2026-09-24
2005-04-25,28.362918853759766,52.776668548583984,52.650001525878906,52.793331146240234,52.5,1811100,EFA,Factor,2026-09-24
2005-04-26,28.00822639465332,52.116668701171875,52.400001525878906,52.43333435058594,52.116668701171875,2562300,EFA,Factor,2026-09-24
2005-04-27,27.93299674987793,51.97666549682617,51.836666107177734,52.063331604003906,51.753334045410156,2814900,EFA,Factor,2026-09-24
2005-04-28,27.55680274963379,51.276668548583984,51.65666580200195,51.84333419799805,51.27000045776367,2952000,EFA,Factor,2026-09-24
2005-04-29,27.999267578125,52.099998474121094,52.0,52.116668701171875,51.599998474121094,3655800,EFA,Factor,2026-09-24
2005-05-02,27.990314483642578,52.08333206176758,52.016666412353516,52.15999984741211,51.91666793823242,6243000,EFA,Factor,2026-09-24
2005-05-03,28.051210403442383,52.1966667175293,52.11000061035156,52.29999923706055,51.97999954223633,2449500,EFA,Factor,2026-09-24
2005-05-04,28.384410858154297,52.81666564941406,52.45000076293945,52.996665954589844,52.33333206176758,1389600,EFA,Factor,2026-09-24
2005-05-05,28.425621032714844,52.893333435058594,52.96666717529297,53.063331604003906,52.72999954223633,2568000,EFA,Factor,2026-09-24
2005-05-06,28.302013397216797,52.663333892822266,52.883331298828125,52.91666793823242,52.60333251953125,1951500,EFA,Factor,2026-09-24
2005-05-09,28.366504669189453,52.78333282470703,52.58333206176758,52.79666519165039,52.483333587646484,2148900,EFA,Factor,2026-09-24
2005-05-10,27.97239875793457,52.04999923706055,52.366668701171875,52.46666717529297,52.04999923706055,3199500,EFA,Factor,2026-09-24
2005-05-11,28.09779167175293,52.28333282470703,52.26333236694336,52.34000015258789,51.99333190917969,1905000,EFA,Factor,2026-09-24
2005-05-12,27.748483657836914,51.633331298828125,51.9900016784668,52.04999923706055,51.53333282470703,5169600,EFA,Factor,2026-09-24
2005-05-13,27.58725929260254,51.33333206176758,51.58333206176758,51.663333892822266,51.119998931884766,2818800,EFA,Factor,2026-09-24
2005-05-16,27.69831657409668,51.540000915527344,51.150001525878906,51.58000183105469,51.13666534423828,4869000,EFA,Factor,2026-09-24
2005-05-17,27.69473648071289,51.53333282470703,51.18333435058594,51.59333419799805,51.133331298828125,3548100,EFA,Factor,2026-09-24
2005-05-18,28.00822639465332,52.116668701171875,51.54999923706055,52.253334045410156,51.50666809082031,3137100,EFA,Factor,2026-09-24
2005-05-19,28.027923583984375,52.1533317565918,51.973331451416016,52.163333892822266,51.93333435058594,1799400,EFA,Factor,2026-09-24
2005-05-20,27.909706115722656,51.93333435058594,51.83333206176758,51.959999084472656,51.63999938964844,2433900,EFA,Factor,2026-09-24
2005-05-23,28.14078140258789,52.36333465576172,52.06666564941406,52.426666259765625,52.003334045410156,3382800,EFA,Factor,2026-09-24
2005-05-24,28.06734275817871,52.22666549682617,52.25,52.293331146240234,52.11000061035156,3470400,EFA,Factor,2026-09-24
2005-05-25,27.990314483642578,52.08333206176758,52.1966667175293,52.1966667175293,51.926666259765625,3068400,EFA,Factor,2026-09-24
2005-05-26,28.00822639465332,52.116668701171875,52.00666809082031,52.15999984741211,51.96666717529297,3284700,EFA,Factor,2026-09-24
2005-05-27,28.124671936035156,52.33333206176758,52.18333435058594,52.36333465576172,52.09333419799805,2327100,EFA,Factor,2026-09-24
2005-05-31,27.757431030273438,51.650001525878906,51.96333312988281,51.99333190917969,51.599998474121094,5366100,EFA,Factor,2026-09-24
2005-06-01,27.925825119018555,51.96333312988281,51.686668395996094,52.116668701171875,51.686668395996094,2512500,EFA,Factor,2026-09-24
2005-06-02,28.164077758789062,52.40666580200195,52.086666107177734,52.41666793823242,52.03666687011719,1892400,EFA,Factor,2026-09-24
2005-06-03,27.900737762451172,51.91666793823242,52.21666717529297,52.313331604003906,51.82666778564453,1814700,EFA,Factor,2026-09-24
2005-06-06,28.085250854492188,52.2599983215332,52.206668853759766,52.29666519165039,52.10333251953125,1891500,EFA,Factor,2026-09-24
2005-06-07,28.22857093811035,52.526668548583984,52.473331451416016,52.73666763305664,52.44333267211914,3360600,EFA,Factor,2026-09-24
2005-06-08,28.124671936035156,52.33333206176758,52.81666564941406,52.87666702270508,52.28333282470703,4509600,EFA,Factor,2026-09-24
2005-06-09,28.23572540283203,52.540000915527344,52.18000030517578,52.599998474121094,52.130001068115234,2432300,EFA,Factor,2026-09-24
2005-06-10,28.12824821472168,52.34000015258789,52.630001068115234,52.65999984741211,52.08000183105469,3986200,EFA,Factor,2026-09-24
2005-06-13,28.031511306762695,52.15999984741211,51.959999084472656,52.209999084472656,51.849998474121094,1466900,EFA,Factor,2026-09-24
2005-06-14,27.999267578125,52.099998474121094,52.119998931884766,52.2599983215332,52.02000045776367,1955100,EFA,Factor,2026-09-24
2005-06-15,28.16586685180664,52.40999984741211,52.349998474121094,52.5,52.099998474121094,3046500,EFA,Factor,2026-09-24
2005-06-16,28.25723648071289,52.58000183105469,52.599998474121094,52.70000076293945,52.36000061035156,4516400,EFA,Factor,2026-09-24
2005-06-17,28.681785583496094,53.369998931884766,53.06999969482422,53.439998626708984,53.060001373291016,2686500,EFA,Factor,2026-09-24
2005-06-20,28.4130802154541,52.869998931884766,52.869998931884766,53.029998779296875,52.58000183105469,1714000,EFA,Factor,2026-09-24
2005-06-21,28.6280460357666,53.27000045776367,52.869998931884766,53.279998779296875,52.75,1552400,EFA,Factor,2026-09-24
2005-06-22,28.542055130004883,53.11000061035156,53.150001525878906,53.2400016784668,52.95000076293945,1439300,EFA,Factor,2026-09-24
2005-06-23,28.219615936279297,52.5099983215332,52.95000076293945,53.060001373291016,52.470001220703125,2070900,EFA,Factor,2026-09-24
2005-06-24,28.214235305786133,52.5,52.689998626708984,52.72999954223633,52.45000076293945,1790800,EFA,Factor,2026-09-24
2005-06-27,28.149744033813477,52.380001068115234,52.380001068115234,52.54999923706055,52.2599983215332,2304000,EFA,Factor,2026-09-24
2005-06-28,28.31096076965332,52.68000030517578,52.349998474121094,52.79999923706055,52.349998474121094,1779500,EFA,Factor,2026-09-24
2005-06-29,28.192731857299805,52.459999084472656,52.540000915527344,52.75,52.400001525878906,4981800,EFA,Factor,2026-09-24
2005-06-30,28.155120849609375,52.38999938964844,52.5099983215332,52.72999954223633,52.22999954223633,2959400,EFA,Factor,2026-09-24
2005-07-01,28.117509841918945,52.31999969482422,52.45000076293945,52.650001525878906,52.27000045776367,2779400,EFA,Factor,2026-09-24
2005-07-05,28.149744033813477,52.380001068115234,51.95000076293945,52.45000076293945,51.95000076293945,3690000,EFA,Factor,2026-09-24
2005-07-06,28.07451057434082,52.2400016784668,52.349998474121094,52.5099983215332,52.119998931884766,1836900,EFA,Factor,2026-09-24
2005-07-07,27.918649673461914,51.95000076293945,51.279998779296875,52.099998474121094,51.2400016784668,4927400,EFA,Factor,2026-09-24
2005-07-08,28.29484748840332,52.650001525878906,52.029998779296875,52.650001525878906,51.95000076293945,4205300,EFA,Factor,2026-09-24
2005-07-11,28.499055862426758,53.029998779296875,52.790000915527344,53.150001525878906,52.650001525878906,2530600,EFA,Factor,2026-09-24
2005-07-12,28.794647216796875,53.58000183105469,53.380001068115234,53.689998626708984,53.20000076293945,1680200,EFA,Factor,2026-09-24
2005-07-13,28.563560485839844,53.150001525878906,53.18000030517578,53.29999923706055,52.9900016784668,5145700,EFA,Factor,2026-09-24
2005-07-14,28.644168853759766,53.29999923706055,53.459999084472656,53.61000061035156,53.2400016784668,2711100,EFA,Factor,2026-09-24
2005-07-15,28.56893539428711,53.15999984741211,53.099998474121094,53.310001373291016,53.0099983215332,2391700,EFA,Factor,2026-09-24
2005-07-18,28.488319396972656,53.0099983215332,53.150001525878906,53.27000045776367,53.0,1931900,EFA,Factor,2026-09-24
2005-07-19,28.552814483642578,53.130001068115234,52.88999938964844,53.25,52.79999923706055,1868000,EFA,Factor,2026-09-24
2005-07-20,28.746280670166016,53.4900016784668,53.099998474121094,53.709999084472656,52.7599983215332,2667900,EFA,Factor,2026-09-24
2005-07-21,28.805389404296875,53.599998474121094,53.68000030517578,53.91999816894531,53.33000183105469,2875400,EFA,Factor,2026-09-24
2005-07-22,28.778518676757812,53.54999923706055,53.630001068115234,53.630001068115234,53.25,1609300,EFA,Factor,2026-09-24
2005-07-25,28.69791030883789,53.400001525878906,53.380001068115234,53.540000915527344,53.310001373291016,2713700,EFA,Factor,2026-09-24
2005-07-26,28.611923217773438,53.2400016784668,53.279998779296875,53.41999816894531,53.15999984741211,2755800,EFA,Factor,2026-09-24
2005-07-27,28.939741134643555,53.849998474121094,53.61000061035156,53.88999938964844,53.40999984741211,2259700,EFA,Factor,2026-09-24
2005-07-28,29.13858985900879,54.220001220703125,53.91999816894531,54.2599983215332,53.7599983215332,3058500,EFA,Factor,2026-09-24
2005-07-29,28.998851776123047,53.959999084472656,54.130001068115234,54.220001220703125,53.900001525878906,3734500,EFA,Factor,2026-09-24
2005-08-01,29.2836856842041,54.4900016784668,54.59000015258789,54.65999984741211,54.38999938964844,4786100,EFA,Factor,2026-09-24
2005-08-02,29.4932804107666,54.880001068115234,54.79999923706055,54.9900016784668,54.70000076293945,2443700,EFA,Factor,2026-09-24
2005-08-03,29.7136173248291,55.290000915527344,55.099998474121094,55.31999969482422,55.02000045776367,1682100,EFA,Factor,2026-09-24
2005-08-04,29.471782684326172,54.84000015258789,54.959999084472656,55.279998779296875,54.83000183105469,2716800,EFA,Factor,2026-09-24
2005-08-05,29.364307403564453,54.63999938964844,54.90999984741211,54.90999984741211,54.41999816894531,1971000,EFA,Factor,2026-09-24
2005-08-08,29.43416404724121,54.77000045776367,55.099998474121094,55.11000061035156,54.70000076293945,2064000,EFA,Factor,2026-09-24
2005-08-09,29.81035804748535,55.470001220703125,55.16999816894531,55.540000915527344,55.099998474121094,2101000,EFA,Factor,2026-09-24
2005-08-10,30.014575958251953,55.849998474121094,56.029998779296875,56.279998779296875,55.70000076293945,1998200,EFA,Factor,2026-09-24
2005-08-11,30.498241424560547,56.75,56.31999969482422,56.779998779296875,56.31999969482422,1175700,EFA,Factor,2026-09-24
2005-08-12,30.31015396118164,56.400001525878906,56.400001525878906,56.599998474121094,56.20000076293945,1606600,EFA,Factor,2026-09-24
2005-08-15,30.3638916015625,56.5,56.29999923706055,56.61000061035156,56.25,1636600,EFA,Factor,2026-09-24
2005-08-16,30.036067962646484,55.88999938964844,56.29999923706055,56.29999923706055,55.810001373291016,2163600,EFA,Factor,2026-09-24
2005-08-17,29.96082878112793,55.75,55.72999954223633,55.9900016784668,55.70000076293945,2994700,EFA,Factor,2026-09-24
2005-08-18,29.638378143310547,55.150001525878906,55.31999969482422,55.31999969482422,55.04999923706055,1395300,EFA,Factor,2026-09-24
2005-08-19,29.783477783203125,55.41999816894531,55.439998626708984,55.599998474121094,55.36000061035156,920400,EFA,Factor,2026-09-24
2005-08-22,30.11130714416504,56.029998779296875,55.95000076293945,56.20000076293945,55.810001373291016,1383500,EFA,Factor,2026-09-24
2005-08-23,29.98232650756836,55.790000915527344,55.54999923706055,55.849998474121094,55.5,1682000,EFA,Factor,2026-09-24
2005-08-24,29.665254592895508,55.20000076293945,55.599998474121094,55.7400016784668,55.20000076293945,1171500,EFA,Factor,2026-09-24
2005-08-25,29.778104782104492,55.40999984741211,55.470001220703125,55.619998931884766,55.369998931884766,1069700,EFA,Factor,2026-09-24
2005-08-26,29.681381225585938,55.22999954223633,55.59000015258789,55.68000030517578,55.15999984741211,2065900,EFA,Factor,2026-09-24
2005-08-29,29.665254592895508,55.20000076293945,55.0,55.25,54.90999984741211,1701500,EFA,Factor,2026-09-24
2005-08-30,29.579273223876953,55.040000915527344,54.97999954223633,55.040000915527344,54.709999084472656,1669300,EFA,Factor,2026-09-24
2005-08-31,30.11130714416504,56.029998779296875,55.27000045776367,56.04999923706055,55.20000076293945,2073600,EFA,Factor,2026-09-24
2005-09-01,30.47136688232422,56.70000076293945,56.470001220703125,56.880001068115234,56.41999816894531,2482600,EFA,Factor,2026-09-24
2005-09-02,30.578857421875,56.900001525878906,56.880001068115234,57.040000915527344,56.79999923706055,2426400,EFA,Factor,2026-09-24
2005-09-06,30.95504379272461,57.599998474121094,57.400001525878906,57.68000030517578,57.310001373291016,1571100,EFA,Factor,2026-09-24
2005-09-07,30.86905860900879,57.439998626708984,57.290000915527344,57.5,57.189998626708984,2873600,EFA,Factor,2026-09-24
2005-09-08,30.632593154907227,57.0,57.16999816894531,57.220001220703125,56.91999816894531,1847100,EFA,Factor,2026-09-24
2005-09-09,31.035661697387695,57.75,57.470001220703125,57.83000183105469,57.400001525878906,1313600,EFA,Factor,2026-09-24
2005-09-12,30.79383087158203,57.29999923706055,57.36000061035156,57.470001220703125,57.27000045776367,1162200,EFA,Factor,2026-09-24
2005-09-13,30.584228515625,56.90999984741211,57.08000183105469,57.150001525878906,56.81999969482422,2819700,EFA,Factor,2026-09-24
2005-09-14,30.60572624206543,56.95000076293945,57.08000183105469,57.25,56.91999816894531,1404200,EFA,Factor,2026-09-24
2005-09-15,30.62723159790039,56.9900016784668,57.150001525878906,57.150001525878906,56.90999984741211,2431700,EFA,Factor,2026-09-24
2005-09-16,30.971160888671875,57.630001068115234,57.380001068115234,57.650001525878906,57.209999084472656,1952800,EFA,Factor,2026-09-24
2005-09-19,30.766948699951172,57.25,57.34000015258789,57.34000015258789,57.060001373291016,3151000,EFA,Factor,2026-09-24
2005-09-20,30.654096603393555,57.040000915527344,57.5,57.650001525878906,56.900001525878906,1926100,EFA,Factor,2026-09-24
2005-09-21,30.686336517333984,57.099998474121094,57.439998626708984,57.47999954223633,57.0099983215332,2342400,EFA,Factor,2026-09-24
2005-09-22,30.654096603393555,57.040000915527344,57.04999923706055,57.119998931884766,56.77000045776367,2868600,EFA,Factor,2026-09-24
2005-09-23,30.525127410888672,56.79999923706055,56.83000183105469,56.970001220703125,56.650001525878906,2273500,EFA,Factor,2026-09-24
2005-09-26,30.85831642150879,57.41999816894531,57.31999969482422,57.56999969482422,57.189998626708984,3019800,EFA,Factor,2026-09-24
2005-09-27,30.740081787109375,57.20000076293945,57.150001525878906,57.400001525878906,56.93000030517578,1901900,EFA,Factor,2026-09-24
2005-09-28,31.057165145874023,57.790000915527344,57.70000076293945,57.88999938964844,57.560001373291016,3054500,EFA,Factor,2026-09-24
2005-09-29,31.4279727935791,58.47999954223633,57.970001220703125,58.56999969482422,57.880001068115234,2540400,EFA,Factor,2026-09-24
2005-09-30,31.2237491607666,58.099998474121094,57.970001220703125,58.220001220703125,57.869998931884766,2702900,EFA,Factor,2026-09-24
2005-10-03,31.11627197265625,57.900001525878906,57.91999816894531,58.0,57.72999954223633,1985900,EFA,Factor,2026-09-24
2005-10-04,30.91205406188965,57.52000045776367,57.9900016784668,58.209999084472656,57.5099983215332,2071900,EFA,Factor,2026-09-24
2005-10-05,30.64335060119629,57.02000045776367,57.599998474121094,57.650001525878906,56.9900016784668,2813000,EFA,Factor,2026-09-24
2005-10-06,30.498241424560547,56.75,57.0,57.18000030517578,56.33000183105469,3380300,EFA,Factor,2026-09-24
2005-10-07,30.60572624206543,56.95000076293945,57.0,57.08000183105469,56.79999923706055,1555800,EFA,Factor,2026-09-24
2005-10-10,30.455251693725586,56.66999816894531,56.9900016784668,57.04999923706055,56.5099983215332,1096400,EFA,Factor,2026-09-24
2005-10-11,30.49287223815918,56.7400016784668,57.060001373291016,57.130001068115234,56.65999984741211,1497800,EFA,Factor,2026-09-24
2005-10-12,30.28864860534668,56.36000061035156,56.849998474121094,56.93000030517578,56.22999954223633,3101400,EFA,Factor,2026-09-24
2005-10-13,30.224159240722656,56.2400016784668,55.93000030517578,56.33000183105469,55.619998931884766,2196500,EFA,Factor,2026-09-24
2005-10-14,30.50898551940918,56.77000045776367,56.310001373291016,56.84000015258789,56.15999984741211,1748600,EFA,Factor,2026-09-24
2005-10-17,30.202665328979492,56.20000076293945,56.2400016784668,56.33000183105469,56.0099983215332,2955500,EFA,Factor,2026-09-24
2005-10-18,29.853351593017578,55.54999923706055,55.7599983215332,55.849998474121094,55.470001220703125,3051300,EFA,Factor,2026-09-24
2005-10-19,30.09518814086914,56.0,54.95000076293945,56.0,54.88999938964844,2472800,EFA,Factor,2026-09-24
2005-10-20,29.407297134399414,54.720001220703125,55.439998626708984,55.459999084472656,54.54999923706055,2368500,EFA,Factor,2026-09-24
2005-10-21,29.536273956298828,54.959999084472656,55.15999984741211,55.33000183105469,54.779998779296875,1385300,EFA,Factor,2026-09-24
2005-10-24,29.99845314025879,55.81999969482422,55.220001220703125,55.83000183105469,55.150001525878906,2223400,EFA,Factor,2026-09-24
2005-10-25,30.03069305419922,55.880001068115234,55.880001068115234,56.13999938964844,55.59000015258789,2192200,EFA,Factor,2026-09-24
2005-10-26,29.976953506469727,55.779998779296875,55.95000076293945,56.25,55.70000076293945,3255800,EFA,Factor,2026-09-24
2005-10-27,29.917837142944336,55.66999816894531,56.25,56.29999923706055,55.599998474121094,1573000,EFA,Factor,2026-09-24
2005-10-28,30.17579460144043,56.150001525878906,55.79999923706055,56.20000076293945,55.56999969482422,3726800,EFA,Factor,2026-09-24
2005-10-31,30.229543685913086,56.25,56.349998474121094,56.619998931884766,56.20000076293945,4862900,EFA,Factor,2026-09-24
2005-11-01,30.487491607666016,56.72999954223633,56.689998626708984,56.84000015258789,56.5,2795300,EFA,Factor,2026-09-24
2005-11-02,30.906673431396484,57.5099983215332,56.650001525878906,57.5099983215332,56.63999938964844,3075900,EFA,Factor,2026-09-24
2005-11-03,30.89056396484375,57.47999954223633,57.58000183105469,57.70000076293945,57.279998779296875,2471300,EFA,Factor,2026-09-24
2005-11-04,30.60572624206543,56.95000076293945,57.41999816894531,57.459999084472656,56.709999084472656,1951400,EFA,Factor,2026-09-24
2005-11-07,30.78307342529297,57.279998779296875,57.04999923706055,57.34000015258789,56.900001525878906,1630300,EFA,Factor,2026-09-24
2005-11-08,30.707836151123047,57.13999938964844,57.040000915527344,57.25,56.91999816894531,3971600,EFA,Factor,2026-09-24
2005-11-09,30.686336517333984,57.099998474121094,56.869998931884766,57.20000076293945,56.720001220703125,3981500,EFA,Factor,2026-09-24
2005-11-10,30.648714065551758,57.029998779296875,57.0,57.130001068115234,56.599998474121094,2539600,EFA,Factor,2026-09-24
2005-11-11,30.80994415283203,57.33000183105469,56.9900016784668,57.36000061035156,56.9900016784668,1850000,EFA,Factor,2026-09-24
2005-11-14,30.62723159790039,56.9900016784668,57.22999954223633,57.22999954223633,56.77000045776367,2313900,EFA,Factor,2026-09-24
2005-11-15,30.460628509521484,56.68000030517578,56.65999984741211,56.900001525878906,56.040000915527344,2382200,EFA,Factor,2026-09-24
2005-11-16,30.406885147094727,56.58000183105469,56.47999954223633,56.59000015258789,56.33000183105469,1761000,EFA,Factor,2026-09-24
2005-11-17,30.928180694580078,57.54999923706055,57.0,57.54999923706055,57.0,2169700,EFA,Factor,2026-09-24
2005-11-18,31.14314079284668,57.95000076293945,57.790000915527344,57.95000076293945,57.369998931884766,5674400,EFA,Factor,2026-09-24
2005-11-21,31.18613624572754,58.029998779296875,57.9900016784668,58.09000015258789,57.68000030517578,2170100,EFA,Factor,2026-09-24
2005-11-22,31.288238525390625,58.220001220703125,57.529998779296875,58.2599983215332,57.43000030517578,2834400,EFA,Factor,2026-09-24
2005-11-23,31.438724517822266,58.5,58.20000076293945,58.54999923706055,58.13999938964844,3026800,EFA,Factor,2026-09-24
2005-11-25,31.137767791748047,57.939998626708984,58.13999938964844,58.25,57.849998474121094,2582900,EFA,Factor,2026-09-24
2005-11-28,31.2183837890625,58.09000015258789,58.119998931884766,58.2400016784668,57.849998474121094,3798500,EFA,Factor,2026-09-24
2005-11-29,31.170007705688477,58.0,58.16999816894531,58.209999084472656,57.900001525878906,2672700,EFA,Factor,2026-09-24
2005-11-30,30.928180694580078,57.54999923706055,57.880001068115234,57.93000030517578,57.439998626708984,4958500,EFA,Factor,2026-09-24
2005-12-01,31.50857925415039,58.630001068115234,58.16999816894531,58.650001525878906,58.099998474121094,2846500,EFA,Factor,2026-09-24
2005-12-02,31.62681007385254,58.849998474121094,58.66999816894531,58.86000061035156,58.45000076293945,2407900,EFA,Factor,2026-09-24
2005-12-05,31.766536712646484,59.11000061035156,59.209999084472656,59.209999084472656,58.70000076293945,1974800,EFA,Factor,2026-09-24
2005-12-06,31.86327362060547,59.290000915527344,59.209999084472656,59.59000015258789,59.0099983215332,2462800,EFA,Factor,2026-09-24
2005-12-07,31.653696060180664,58.900001525878906,59.209999084472656,59.22999954223633,58.689998626708984,2433700,EFA,Factor,2026-09-24
2005-12-08,31.648317337036133,58.88999938964844,58.88999938964844,59.279998779296875,58.65999984741211,6019200,EFA,Factor,2026-09-24
2005-12-09,31.96538543701172,59.47999954223633,59.25,59.540000915527344,59.20000076293945,2044400,EFA,Factor,2026-09-24
2005-12-12,32.368438720703125,60.22999954223633,60.13999938964844,60.25,60.0,2521200,EFA,Factor,2026-09-24
2005-12-13,32.52429962158203,60.52000045776367,60.15999984741211,60.599998474121094,60.0099983215332,2861000,EFA,Factor,2026-09-24
2005-12-14,32.5081787109375,60.4900016784668,60.400001525878906,60.619998931884766,60.29999923706055,1811000,EFA,Factor,2026-09-24
2005-12-15,32.20722961425781,59.93000030517578,60.279998779296875,60.279998779296875,59.77000045776367,5016800,EFA,Factor,2026-09-24
2005-12-16,32.459800720214844,60.400001525878906,60.400001525878906,60.599998474121094,60.29999923706055,2155700,EFA,Factor,2026-09-24
2005-12-19,32.40068817138672,60.290000915527344,60.66999816894531,60.66999816894531,60.20000076293945,2335400,EFA,Factor,2026-09-24
2005-12-20,32.40605163574219,60.29999923706055,60.41999816894531,60.45000076293945,60.13999938964844,3313900,EFA,Factor,2026-09-24
2005-12-21,32.56191635131836,60.59000015258789,60.58000183105469,60.650001525878906,60.279998779296875,4912400,EFA,Factor,2026-09-24
2005-12-22,32.750003814697266,60.939998626708984,60.689998626708984,60.95000076293945,59.59000015258789,2659000,EFA,Factor,2026-09-24
2005-12-23,32.73359298706055,59.79999923706055,59.58000183105469,59.79999923706055,59.5099983215332,2142700,EFA,Factor,2026-09-24
2005-12-27,32.43252182006836,59.25,59.900001525878906,59.900001525878906,59.119998931884766,3543800,EFA,Factor,2026-09-24
2005-12-28,32.66790771484375,59.68000030517578,59.84000015258789,60.0,59.52000045776367,3248600,EFA,Factor,2026-09-24
2005-12-29,32.67885971069336,59.70000076293945,59.79999923706055,59.9900016784668,59.619998931884766,6123300,EFA,Factor,2026-09-24
2005-12-30,32.531044006347656,59.43000030517578,59.349998474121094,59.470001220703125,59.04999923706055,4236600,EFA,Factor,2026-09-24
2006-01-03,33.62034606933594,61.41999816894531,60.5,61.470001220703125,60.279998779296875,7778500,EFA,Factor,2026-09-24
2006-01-04,33.89951705932617,61.93000030517578,61.650001525878906,61.970001220703125,61.540000915527344,5231500,EFA,Factor,2026-09-24
2006-01-05,33.729835510253906,61.619998931884766,61.619998931884766,61.72999954223633,61.47999954223633,4953800,EFA,Factor,2026-09-24
2006-01-06,34.184165954589844,62.45000076293945,62.15999984741211,62.5,61.9900016784668,5326600,EFA,Factor,2026-09-24
2006-01-09,34.20058059692383,62.47999954223633,62.369998931884766,62.47999954223633,62.189998626708984,3057200,EFA,Factor,2026-09-24
2006-01-10,33.894046783447266,61.91999816894531,61.4900016784668,61.91999816894531,61.4900016784668,3608400,EFA,Factor,2026-09-24
2006-01-11,34.184165954589844,62.45000076293945,61.88999938964844,62.47999954223633,61.88999938964844,4077000,EFA,Factor,2026-09-24
2006-01-12,33.90498733520508,61.939998626708984,62.099998474121094,62.25,61.81999969482422,3438400,EFA,Factor,2026-09-24
2006-01-13,34.036373138427734,62.18000030517578,61.790000915527344,62.86000061035156,61.75,2582100,EFA,Factor,2026-09-24
2006-01-17,33.60940933227539,61.400001525878906,61.189998626708984,61.40999984741211,61.06999969482422,3501700,EFA,Factor,2026-09-24
2006-01-18,33.155086517333984,60.56999969482422,60.66999816894531,60.86000061035156,60.27000045776367,3444800,EFA,Factor,2026-09-24
2006-01-19,33.532772064208984,61.2599983215332,60.93000030517578,61.34000015258789,60.86000061035156,5194300,EFA,Factor,2026-09-24
2006-01-20,33.02370071411133,60.33000183105469,61.400001525878906,61.45000076293945,60.209999084472656,5101100,EFA,Factor,2026-09-24
2006-01-23,33.48350143432617,61.16999816894531,60.970001220703125,61.2599983215332,60.86000061035156,5957000,EFA,Factor,2026-09-24
2006-01-24,33.6531867980957,61.47999954223633,61.220001220703125,61.779998779296875,61.15999984741211,3037100,EFA,Factor,2026-09-24
2006-01-25,33.76814651489258,61.689998626708984,61.70000076293945,61.849998474121094,61.400001525878906,3563000,EFA,Factor,2026-09-24
2006-01-26,34.16773986816406,62.41999816894531,62.220001220703125,62.59000015258789,62.119998931884766,3474100,EFA,Factor,2026-09-24
2006-01-27,34.34837341308594,62.75,62.88999938964844,63.08000183105469,62.45000076293945,3571300,EFA,Factor,2026-09-24
2006-01-30,34.37574005126953,62.79999923706055,62.720001220703125,62.849998474121094,62.619998931884766,3050100,EFA,Factor,2026-09-24
2006-01-31,34.40858840942383,62.86000061035156,62.86000061035156,63.220001220703125,62.70000076293945,3681800,EFA,Factor,2026-09-24
2006-02-01,34.51259231567383,63.04999923706055,62.880001068115234,63.209999084472656,62.83000183105469,4100900,EFA,Factor,2026-09-24
2006-02-02,34.12394332885742,62.34000015258789,62.77000045776367,62.9900016784668,62.25,4136500,EFA,Factor,2026-09-24
2006-02-03,34.036373138427734,62.18000030517578,61.93000030517578,62.45000076293945,61.81999969482422,7103400,EFA,Factor,2026-09-24
2006-02-06,33.98708724975586,62.09000015258789,62.36000061035156,62.36000061035156,61.88999938964844,2528900,EFA,Factor,2026-09-24
2006-02-07,33.73530960083008,61.630001068115234,62.02000045776367,62.130001068115234,61.43000030517578,3779000,EFA,Factor,2026-09-24
2006-02-08,33.85572052001953,61.849998474121094,61.5,61.9900016784668,61.279998779296875,4463400,EFA,Factor,2026-09-24
2006-02-09,33.921409606933594,61.970001220703125,62.119998931884766,62.4900016784668,61.880001068115234,3885000,EFA,Factor,2026-09-24
2006-02-10,33.84477996826172,61.83000183105469,62.18000030517578,62.20000076293945,61.4900016784668,2125000,EFA,Factor,2026-09-24
2006-02-13,33.60940933227539,61.400001525878906,61.29999923706055,61.599998474121094,61.25,3482600,EFA,Factor,2026-09-24
2006-02-14,33.98162841796875,62.08000183105469,61.29999923706055,62.9900016784668,61.27000045776367,3066500,EFA,Factor,2026-09-24
2006-02-15,33.675086975097656,61.52000045776367,61.709999084472656,62.0,61.27000045776367,6430600,EFA,Factor,2026-09-24
2006-02-16,33.99805450439453,62.11000061035156,61.58000183105469,62.150001525878906,61.470001220703125,2418100,EFA,Factor,2026-09-24
2006-02-17,33.89951705932617,61.93000030517578,61.650001525878906,62.130001068115234,61.54999923706055,6936300,EFA,Factor,2026-09-24
2006-02-21,33.90498733520508,61.939998626708984,62.150001525878906,62.290000915527344,61.849998474121094,2872600,EFA,Factor,2026-09-24
2006-02-22,34.16225814819336,62.40999984741211,62.099998474121094,62.5,61.93000030517578,6620200,EFA,Factor,2026-09-24
2006-02-23,34.24983215332031,62.56999969482422,62.72999954223633,62.83000183105469,62.40999984741211,3203900,EFA,Factor,2026-09-24
2006-02-24,34.36479187011719,62.779998779296875,62.70000076293945,62.869998931884766,62.59000015258789,3580600,EFA,Factor,2026-09-24
2006-02-27,34.48521423339844,63.0,62.91999816894531,63.150001525878906,62.83000183105469,2755700,EFA,Factor,2026-09-24
2006-02-28,34.16773986816406,62.41999816894531,62.779998779296875,62.84000015258789,62.400001525878906,11384100,EFA,Factor,2026-09-24
2006-03-01,34.51805877685547,63.060001373291016,62.869998931884766,63.150001525878906,62.68000030517578,4076900,EFA,Factor,2026-09-24
2006-03-02,34.4523811340332,62.939998626708984,62.650001525878906,62.95000076293945,62.40999984741211,2822200,EFA,Factor,2026-09-24
2006-03-03,34.3100471496582,62.68000030517578,62.47999954223633,62.970001220703125,62.380001068115234,5237600,EFA,Factor,2026-09-24
2006-03-06,34.17869186401367,62.439998626708984,62.90999984741211,62.90999984741211,62.310001373291016,2946500,EFA,Factor,2026-09-24
2006-03-07,33.76267623901367,61.68000030517578,61.75,62.400001525878906,61.5099983215332,3858200,EFA,Factor,2026-09-24
2006-03-08,33.877620697021484,61.88999938964844,61.5099983215332,61.97999954223633,61.36000061035156,2873700,EFA,Factor,2026-09-24
2006-03-09,33.83930587768555,61.81999969482422,62.18000030517578,62.31999969482422,61.810001373291016,4765700,EFA,Factor,2026-09-24
2006-03-10,34.35383987426758,62.7599983215332,62.119998931884766,62.810001373291016,61.90999984741211,3744300,EFA,Factor,2026-09-24
2006-03-13,34.63848114013672,63.279998779296875,63.119998931884766,63.29999923706055,63.0,2515800,EFA,Factor,2026-09-24
2006-03-14,35.0052375793457,63.95000076293945,63.25,64.05000305175781,63.150001525878906,3769000,EFA,Factor,2026-09-24
2006-03-15,35.13113784790039,64.18000030517578,64.05999755859375,64.20999908447266,63.72999954223633,5171500,EFA,Factor,2026-09-24
2006-03-16,35.2460823059082,64.38999938964844,64.0999984741211,64.55999755859375,64.0199966430664,3464200,EFA,Factor,2026-09-24
2006-03-17,35.415771484375,64.69999694824219,64.5999984741211,64.69999694824219,64.30999755859375,2797000,EFA,Factor,2026-09-24
2006-03-20,35.48692321777344,64.83000183105469,65.01000213623047,65.04000091552734,64.63999938964844,2259000,EFA,Factor,2026-09-24
2006-03-21,35.120182037353516,64.16000366210938,64.52999877929688,64.6500015258789,64.05000305175781,4341300,EFA,Factor,2026-09-24
2006-03-22,35.4486083984375,64.76000213623047,64.4800033569336,64.9000015258789,64.37000274658203,3161400,EFA,Factor,2026-09-24
2006-03-23,35.02165222167969,63.97999954223633,64.4000015258789,64.44000244140625,63.77000045776367,5467700,EFA,Factor,2026-09-24
2006-03-24,35.30081558227539,64.48999786376953,64.06999969482422,64.5199966430664,63.939998626708984,3362600,EFA,Factor,2026-09-24
2006-03-27,35.2406120300293,64.37999725341797,64.36000061035156,64.47000122070312,64.0999984741211,4893200,EFA,Factor,2026-09-24
2006-03-28,34.90122985839844,63.7599983215332,64.33999633789062,64.5199966430664,63.650001525878906,3977600,EFA,Factor,2026-09-24
2006-03-29,35.36103439331055,64.5999984741211,64.05000305175781,64.68000030517578,63.970001220703125,2738000,EFA,Factor,2026-09-24
2006-03-30,35.78799057006836,65.37999725341797,64.87000274658203,65.5199966430664,64.86000061035156,5073200,EFA,Factor,2026-09-24
2006-03-31,35.53620147705078,64.91999816894531,65.05000305175781,65.11000061035156,64.81999969482422,5380100,EFA,Factor,2026-09-24
2006-04-03,35.924835205078125,65.62999725341797,65.18000030517578,65.86000061035156,65.12000274658203,6945100,EFA,Factor,2026-09-24
2006-04-04,36.2094841003418,66.1500015258789,65.80000305175781,66.16999816894531,65.73999786376953,3560600,EFA,Factor,2026-09-24
2006-04-05,36.32989501953125,66.37000274658203,66.16999816894531,66.58000183105469,66.05000305175781,3615600,EFA,Factor,2026-09-24
2006-04-06,36.36275100708008,66.43000030517578,66.44999694824219,66.69999694824219,66.1500015258789,2806400,EFA,Factor,2026-09-24
2006-04-07,35.94673156738281,65.66999816894531,66.41999816894531,66.86000061035156,65.51000213623047,4531900,EFA,Factor,2026-09-24
2006-04-10,36.012420654296875,65.79000091552734,65.8499984741211,65.94999694824219,65.62999725341797,3222100,EFA,Factor,2026-09-24
2006-04-11,35.77157211303711,65.3499984741211,65.8499984741211,65.9000015258789,65.1500015258789,5924600,EFA,Factor,2026-09-24
2006-04-12,35.596412658691406,65.02999877929688,65.16000366210938,65.31999969482422,64.87000274658203,6929500,EFA,Factor,2026-09-24
2006-04-13,35.689456939697266,65.19999694824219,64.97000122070312,65.27999877929688,64.87999725341797,3974900,EFA,Factor,2026-09-24
2006-04-17,35.853668212890625,65.5,65.56999969482422,65.7699966430664,65.31999969482422,2309400,EFA,Factor,2026-09-24
2006-04-18,36.58717346191406,66.83999633789062,66.06999969482422,66.8499984741211,65.6500015258789,4494100,EFA,Factor,2026-09-24
2006-04-19,36.83897399902344,67.30000305175781,66.62000274658203,67.33000183105469,66.48999786376953,3753900,EFA,Factor,2026-09-24
2006-04-20,36.67475128173828,67.0,66.9800033569336,67.19999694824219,66.80999755859375,6370500,EFA,Factor,2026-09-24
2006-04-21,36.921085357666016,67.44999694824219,67.44999694824219,67.6500015258789,67.11000061035156,2464500,EFA,Factor,2026-09-24
2006-04-24,36.95940017700195,67.5199966430664,67.37999725341797,67.63999938964844,67.13999938964844,1778000,EFA,Factor,2026-09-24
2006-04-25,36.937496185302734,67.4800033569336,67.69999694824219,67.8499984741211,67.2300033569336,4088800,EFA,Factor,2026-09-24
2006-04-26,37.16740417480469,67.9000015258789,67.75,67.97000122070312,67.6500015258789,4610400,EFA,Factor,2026-09-24
2006-04-27,37.23308181762695,68.0199966430664,67.13999938964844,68.30000305175781,67.13999938964844,3101300,EFA,Factor,2026-09-24
2006-04-28,37.238555908203125,68.02999877929688,67.8499984741211,68.27999877929688,67.22000122070312,3910500,EFA,Factor,2026-09-24
2006-05-01,37.22214126586914,68.0,68.69999694824219,68.77999877929688,67.91000366210938,3377000,EFA,Factor,2026-09-24
2006-05-02,37.79142379760742,69.04000091552734,68.81999969482422,69.04000091552734,68.69000244140625,6046400,EFA,Factor,2026-09-24
2006-05-03,37.56698989868164,68.62999725341797,68.77999877929688,68.81999969482422,65.75,4595600,EFA,Factor,2026-09-24
2006-05-04,37.857120513916016,69.16000366210938,68.62999725341797,69.23999786376953,68.55000305175781,2996100,EFA,Factor,2026-09-24
2006-05-05,38.43734359741211,70.22000122070312,69.6500015258789,70.23999786376953,69.19999694824219,3404600,EFA,Factor,2026-09-24
2006-05-08,38.40449523925781,70.16000366210938,70.4000015258789,70.4000015258789,70.0199966430664,3313400,EFA,Factor,2026-09-24
2006-05-09,38.634376525878906,70.58000183105469,70.31999969482422,70.63999938964844,70.2300033569336,3747200,EFA,Factor,2026-09-24
2006-05-10,38.51396942138672,70.36000061035156,70.3499984741211,70.6500015258789,70.13999938964844,4080100,EFA,Factor,2026-09-24
2006-05-11,38.125328063964844,69.6500015258789,70.33000183105469,70.4000015258789,69.45999908447266,6549900,EFA,Factor,2026-09-24
2006-05-12,37.632686614990234,68.75,69.41999816894531,69.61000061035156,68.61000061035156,5935200,EFA,Factor,2026-09-24
2006-05-15,37.30972671508789,68.16000366210938,67.87000274658203,68.38999938964844,67.62999725341797,5947000,EFA,Factor,2026-09-24
2006-05-16,37.25497817993164,68.05999755859375,68.27999877929688,68.37000274658203,67.68000030517578,2687500,EFA,Factor,2026-09-24
2006-05-17,36.06715774536133,65.88999938964844,67.61000061035156,67.75,65.62000274658203,4996900,EFA,Factor,2026-09-24
2006-05-18,35.95769119262695,65.69000244140625,66.23999786376953,66.72000122070312,65.52999877929688,5215300,EFA,Factor,2026-09-24
2006-05-19,36.1383171081543,66.0199966430664,65.6500015258789,66.08999633789062,65.23999786376953,3712900,EFA,Factor,2026-09-24
2006-05-22,35.3446159362793,64.56999969482422,64.3499984741211,64.91000366210938,63.93000030517578,5725300,EFA,Factor,2026-09-24
2006-05-23,35.35555648803711,64.58999633789062,65.12000274658203,65.79000091552734,64.58999633789062,5083400,EFA,Factor,2026-09-24
2006-05-24,35.33366775512695,64.55000305175781,64.66000366210938,64.7699966430664,63.75,4414000,EFA,Factor,2026-09-24
2006-05-25,35.80989456176758,65.41999816894531,64.97000122070312,65.41999816894531,64.70999908447266,5204000,EFA,Factor,2026-09-24
2006-05-26,36.10000228881836,65.94999694824219,65.94999694824219,66.0199966430664,65.3499984741211,5687200,EFA,Factor,2026-09-24
2006-05-30,35.55261993408203,64.94999694824219,65.5,65.70999908447266,64.80000305175781,2933100,EFA,Factor,2026-09-24
2006-05-31,35.81536865234375,65.43000030517578,65.33000183105469,65.55000305175781,64.97000122070312,5671700,EFA,Factor,2026-09-24
2006-06-01,36.045257568359375,65.8499984741211,64.75,65.8499984741211,64.47000122070312,4111200,EFA,Factor,2026-09-24
2006-06-02,36.395591735839844,66.48999786376953,66.63999938964844,66.77999877929688,66.05000305175781,4277800,EFA,Factor,2026-09-24
2006-06-05,35.607357025146484,65.05000305175781,66.25,66.26000213623047,64.93000030517578,3549700,EFA,Factor,2026-09-24
2006-06-06,35.1749267578125,64.26000213623047,64.55000305175781,64.61000061035156,63.70000076293945,4594400,EFA,Factor,2026-09-24
2006-06-07,34.693233489990234,63.380001068115234,63.95000076293945,64.4000015258789,63.380001068115234,3892300,EFA,Factor,2026-09-24
2006-06-08,33.9268798828125,61.97999954223633,62.04999923706055,62.150001525878906,61.09000015258789,12178100,EFA,Factor,2026-09-24
2006-06-09,33.88856887817383,61.90999984741211,62.540000915527344,62.720001220703125,61.84000015258789,4961800,EFA,Factor,2026-09-24
2006-06-12,33.59846496582031,61.380001068115234,62.29999923706055,62.470001220703125,61.310001373291016,3024300,EFA,Factor,2026-09-24
2006-06-13,32.547481536865234,59.459999084472656,60.29999923706055,60.75,59.400001525878906,6131600,EFA,Factor,2026-09-24
2006-06-14,33.01823425292969,60.31999969482422,60.40999984741211,60.72999954223633,59.849998474121094,5532100,EFA,Factor,2026-09-24
2006-06-15,34.15678024291992,62.400001525878906,61.5099983215332,62.59000015258789,61.349998474121094,6355700,EFA,Factor,2026-09-24
2006-06-16,33.883094787597656,61.900001525878906,62.13999938964844,62.2400016784668,61.7400016784668,4610800,EFA,Factor,2026-09-24
2006-06-19,33.713401794433594,61.59000015258789,62.189998626708984,62.400001525878906,61.45000076293945,4358900,EFA,Factor,2026-09-24
2006-06-20,33.915931701660156,61.959999084472656,61.849998474121094,62.29999923706055,61.599998474121094,3953400,EFA,Factor,2026-09-24
2006-06-21,34.35383987426758,62.7599983215332,62.0,63.06999969482422,61.959999084472656,3138600,EFA,Factor,2026-09-24
2006-06-22,34.173213958740234,62.43000030517578,62.63999938964844,63.650001525878906,62.16999816894531,4670300,EFA,Factor,2026-09-24
2006-06-23,34.074676513671875,62.25,62.06999969482422,62.619998931884766,61.97999954223633,2508200,EFA,Factor,2026-09-24
2006-06-26,34.3429069519043,62.7400016784668,62.47999954223633,62.77000045776367,62.22999954223633,2044000,EFA,Factor,2026-09-24
2006-06-27,33.707942962646484,61.58000183105469,62.68000030517578,62.70000076293945,61.54999923706055,4121700,EFA,Factor,2026-09-24
2006-06-28,34.09109878540039,62.279998779296875,62.099998474121094,62.349998474121094,61.810001373291016,4952700,EFA,Factor,2026-09-24
2006-06-29,35.3500862121582,64.58000183105469,62.810001373291016,64.66999816894531,62.810001373291016,7741100,EFA,Factor,2026-09-24
2006-06-30,35.79347610473633,65.38999938964844,65.27999877929688,65.41000366210938,64.93000030517578,5907200,EFA,Factor,2026-09-24
2006-07-03,35.979583740234375,65.7300033569336,65.5,65.9000015258789,65.36000061035156,9164600,EFA,Factor,2026-09-24
2006-07-05,35.295352935791016,64.4800033569336,64.9000015258789,64.94999694824219,64.19999694824219,6388500,EFA,Factor,2026-09-24
2006-07-06,35.667564392089844,65.16000366210938,64.88999938964844,65.29000091552734,64.86000061035156,4385500,EFA,Factor,2026-09-24
2006-07-07,35.50335693359375,64.86000061035156,65.44000244140625,65.58999633789062,64.8499984741211,3124800,EFA,Factor,2026-09-24
2006-07-10,35.798946380615234,65.4000015258789,65.4000015258789,65.58999633789062,65.19000244140625,3957500,EFA,Factor,2026-09-24
2006-07-11,35.89746856689453,65.58000183105469,65.1500015258789,65.6500015258789,64.69999694824219,4199400,EFA,Factor,2026-09-24
2006-07-12,35.224185943603516,64.3499984741211,64.7699966430664,64.87999725341797,64.1500015258789,3154800,EFA,Factor,2026-09-24
2006-07-13,34.60564041137695,63.220001220703125,63.75,63.900001525878906,63.099998474121094,4183900,EFA,Factor,2026-09-24
2006-07-14,34.3100471496582,62.68000030517578,62.880001068115234,63.0,61.5,3555800,EFA,Factor,2026-09-24
2006-07-17,33.8283576965332,61.79999923706055,61.630001068115234,62.0,61.560001373291016,2899700,EFA,Factor,2026-09-24
2006-07-18,33.773616790771484,61.70000076293945,61.79999923706055,61.88999938964844,60.93000030517578,3659800,EFA,Factor,2026-09-24
2006-07-19,34.60564041137695,63.220001220703125,63.4900016784668,63.4900016784668,61.38999938964844,5192700,EFA,Factor,2026-09-24
2006-07-20,34.419532775878906,62.880001068115234,63.459999084472656,63.68000030517578,62.79999923706055,2644500,EFA,Factor,2026-09-24
2006-07-21,34.419532775878906,62.880001068115234,63.27000045776367,63.349998474121094,62.79999923706055,3641900,EFA,Factor,2026-09-24
2006-07-24,35.04353713989258,64.0199966430664,63.18000030517578,64.05999755859375,63.130001068115234,3025500,EFA,Factor,2026-09-24
2006-07-25,35.03261184692383,64.0,64.05999755859375,64.31999969482422,63.619998931884766,4507400,EFA,Factor,2026-09-24
2006-07-26,35.27892303466797,64.44999694824219,63.91999816894531,64.61000061035156,63.7400016784668,3045900,EFA,Factor,2026-09-24
2006-07-27,35.49788284301758,64.8499984741211,65.41000366210938,65.52999877929688,64.58000183105469,4190200,EFA,Factor,2026-09-24
2006-07-28,36.2094841003418,66.1500015258789,65.44999694824219,66.1500015258789,65.41000366210938,3029200,EFA,Factor,2026-09-24
2006-07-31,36.08357238769531,65.91999816894531,65.94000244140625,66.0,65.75,3475500,EFA,Factor,2026-09-24
2006-08-01,35.83177947998047,65.45999908447266,65.5,65.6500015258789,64.9800033569336,3778900,EFA,Factor,2026-09-24
2006-08-02,36.22590637207031,66.18000030517578,65.81999969482422,66.3499984741211,65.81999969482422,3247200,EFA,Factor,2026-09-24
2006-08-03,36.165687561035156,66.06999969482422,65.4800033569336,66.25,65.4000015258789,3939100,EFA,Factor,2026-09-24
2006-08-04,36.193058013916016,66.12000274658203,66.54000091552734,66.80000305175781,65.87999725341797,4047200,EFA,Factor,2026-09-24
2006-08-07,35.9686279296875,65.70999908447266,65.63999938964844,65.87999725341797,65.5,2061800,EFA,Factor,2026-09-24
2006-08-08,35.84273910522461,65.4800033569336,65.69999694824219,66.20999908447266,65.31999969482422,2627000,EFA,Factor,2026-09-24
2006-08-09,36.01788330078125,65.80000305175781,66.37000274658203,66.66999816894531,65.77999877929688,3065500,EFA,Factor,2026-09-24
2006-08-10,36.10000228881836,65.94999694824219,65.7300033569336,65.97000122070312,65.47000122070312,3848800,EFA,Factor,2026-09-24
2006-08-11,35.78799057006836,65.37999725341797,65.43000030517578,65.6500015258789,65.22000122070312,1996200,EFA,Factor,2026-09-24
2006-08-14,35.908416748046875,65.5999984741211,65.88999938964844,66.1500015258789,65.58999633789062,2221000,EFA,Factor,2026-09-24
2006-08-15,36.68571090698242,67.0199966430664,66.80000305175781,67.1500015258789,66.68000030517578,2887400,EFA,Factor,2026-09-24
2006-08-16,37.01960372924805,67.62999725341797,67.55000305175781,67.69999694824219,67.37000274658203,2618500,EFA,Factor,2026-09-24
2006-08-17,36.88276290893555,67.37999725341797,67.55000305175781,67.80000305175781,67.25,2464400,EFA,Factor,2026-09-24
2006-08-18,37.0360221862793,67.66000366210938,67.55000305175781,67.68000030517578,67.16999816894531,2019400,EFA,Factor,2026-09-24
2006-08-21,36.921085357666016,67.44999694824219,67.52999877929688,67.80000305175781,67.44000244140625,3163500,EFA,Factor,2026-09-24
2006-08-22,36.817073822021484,67.26000213623047,67.19999694824219,67.4800033569336,67.0,2552400,EFA,Factor,2026-09-24
2006-08-23,36.68571090698242,67.0199966430664,67.44999694824219,67.5999984741211,66.9000015258789,2570600,EFA,Factor,2026-09-24
2006-08-24,36.58169937133789,66.83000183105469,67.3499984741211,67.38999938964844,66.66000366210938,2849700,EFA,Factor,2026-09-24
2006-08-25,36.5543327331543,66.77999877929688,66.81999969482422,66.97000122070312,66.62999725341797,3690800,EFA,Factor,2026-09-24
2006-08-28,36.70759963989258,67.05999755859375,66.83000183105469,67.30000305175781,66.76000213623047,3573200,EFA,Factor,2026-09-24
2006-08-29,37.003177642822266,67.5999984741211,67.45999908447266,67.68000030517578,66.9800033569336,3565000,EFA,Factor,2026-09-24
2006-08-30,37.003177642822266,67.5999984741211,67.87999725341797,67.87999725341797,67.4800033569336,5866400,EFA,Factor,2026-09-24
2006-08-31,37.003177642822266,67.5999984741211,67.95999908447266,67.95999908447266,67.5,5035800,EFA,Factor,2026-09-24
2006-09-01,37.27687454223633,68.0999984741211,67.81999969482422,68.22000122070312,67.75,2611300,EFA,Factor,2026-09-24
2006-09-05,37.473941802978516,68.45999908447266,68.37999725341797,68.5199966430664,68.12000274658203,3383200,EFA,Factor,2026-09-24
2006-09-06,36.84443664550781,67.30999755859375,67.68000030517578,67.69000244140625,67.2300033569336,3474200,EFA,Factor,2026-09-24
2006-09-07,36.40106964111328,66.5,66.5999984741211,66.93000030517578,66.36000061035156,3539200,EFA,Factor,2026-09-24
2006-09-08,36.4119987487793,66.5199966430664,66.4800033569336,66.66000366210938,66.36000061035156,2230400,EFA,Factor,2026-09-24
2006-09-11,36.193058013916016,66.12000274658203,66.13999938964844,66.4000015258789,65.77999877929688,3626400,EFA,Factor,2026-09-24
2006-09-12,36.609066009521484,66.87999725341797,66.37999725341797,66.97000122070312,66.25,3787600,EFA,Factor,2026-09-24
2006-09-13,36.53791427612305,66.75,66.5999984741211,66.94999694824219,66.4800033569336,2231000,EFA,Factor,2026-09-24
2006-09-14,36.58717346191406,66.83999633789062,66.87999725341797,66.95999908447266,66.72000122070312,2314600,EFA,Factor,2026-09-24
2006-09-15,36.51054000854492,66.69999694824219,67.02999877929688,67.05000305175781,66.5199966430664,3204300,EFA,Factor,2026-09-24
2006-09-18,36.6638069152832,66.9800033569336,66.5999984741211,67.0999984741211,66.54000091552734,3239400,EFA,Factor,2026-09-24
2006-09-19,36.324432373046875,66.36000061035156,66.9000015258789,66.94999694824219,66.0,2981300,EFA,Factor,2026-09-24
2006-09-20,36.680233001708984,67.01000213623047,66.9000015258789,67.23999786376953,66.8499984741211,2951400,EFA,Factor,2026-09-24
2006-09-21,36.76781463623047,67.16999816894531,67.47000122070312,67.51000213623047,67.02999877929688,3259600,EFA,Factor,2026-09-24
2006-09-22,36.58717346191406,66.83999633789062,67.30999755859375,67.30999755859375,66.70999908447266,2685200,EFA,Factor,2026-09-24
2006-09-25,36.74043273925781,67.12000274658203,67.0,67.23999786376953,66.25,6174600,EFA,Factor,2026-09-24
2006-09-26,36.82802963256836,67.27999877929688,66.80000305175781,67.30000305175781,66.80000305175781,4046900,EFA,Factor,2026-09-24
2006-09-27,37.06340408325195,67.70999908447266,67.5,67.79000091552734,67.4800033569336,3299600,EFA,Factor,2026-09-24
2006-09-28,37.16740417480469,67.9000015258789,67.87000274658203,68.0,67.62000274658203,3508000,EFA,Factor,2026-09-24
2006-09-29,37.08528518676758,67.75,67.8499984741211,67.9000015258789,67.66000366210938,6423000,EFA,Factor,2026-09-24
2006-10-02,37.189300537109375,67.94000244140625,68.05000305175781,68.37000274658203,67.9000015258789,4369800,EFA,Factor,2026-09-24
2006-10-03,37.22214126586914,68.0,67.7699966430664,68.22000122070312,67.61000061035156,4013800,EFA,Factor,2026-09-24
2006-10-04,37.57792663574219,68.6500015258789,67.83000183105469,68.72000122070312,67.7699966430664,5653600,EFA,Factor,2026-09-24
2006-10-05,37.62173080444336,68.7300033569336,68.66999816894531,68.79000091552734,68.12000274658203,6165000,EFA,Factor,2026-09-24
2006-10-06,37.2878303527832,68.12000274658203,68.2699966430664,68.41000366210938,67.91999816894531,4727600,EFA,Factor,2026-09-24
2006-10-09,37.315189361572266,68.16999816894531,67.95999908447266,68.22000122070312,67.86000061035156,1671700,EFA,Factor,2026-09-24
2006-10-10,37.358985900878906,68.25,68.33000183105469,68.37999725341797,68.01000213623047,2482800,EFA,Factor,2026-09-24
2006-10-11,37.33161544799805,68.19999694824219,68.12999725341797,68.5999984741211,67.95999908447266,2174200,EFA,Factor,2026-09-24
2006-10-12,37.731204986572266,68.93000030517578,68.43000030517578,69.0199966430664,68.43000030517578,3457900,EFA,Factor,2026-09-24
2006-10-13,37.79689407348633,69.05000305175781,68.87999725341797,69.0999984741211,68.68000030517578,2296200,EFA,Factor,2026-09-24
2006-10-16,37.93921661376953,69.30999755859375,69.22000122070312,69.3499984741211,69.08000183105469,3775800,EFA,Factor,2026-09-24
2006-10-17,37.703834533691406,68.87999725341797,68.98999786376953,69.0,68.55000305175781,2322400,EFA,Factor,2026-09-24
2006-10-18,37.79689407348633,69.05000305175781,69.19000244140625,69.30999755859375,68.80000305175781,3554300,EFA,Factor,2026-09-24
2006-10-19,38.08153533935547,69.56999969482422,69.27999877929688,69.69000244140625,69.20999908447266,4728700,EFA,Factor,2026-09-24
2006-10-20,38.20195007324219,69.79000091552734,69.79000091552734,69.83999633789062,69.38999938964844,3792600,EFA,Factor,2026-09-24
2006-10-23,38.234798431396484,69.8499984741211,69.33999633789062,69.93000030517578,69.25,2221500,EFA,Factor,2026-09-24
2006-10-24,38.24027633666992,69.86000061035156,69.63999938964844,69.94999694824219,69.55999755859375,3483600,EFA,Factor,2026-09-24
2006-10-25,38.508487701416016,70.3499984741211,69.94999694824219,70.44999694824219,69.87999725341797,3332400,EFA,Factor,2026-09-24
2006-10-26,38.804073333740234,70.88999938964844,70.72000122070312,70.97000122070312,70.41000366210938,5856600,EFA,Factor,2026-09-24
2006-10-27,38.53586196899414,70.4000015258789,70.69999694824219,70.76000213623047,70.30000305175781,5966100,EFA,Factor,2026-09-24
2006-10-30,38.45376968383789,70.25,70.18000030517578,70.41000366210938,70.04000091552734,2264000,EFA,Factor,2026-09-24
2006-10-31,38.475643157958984,70.29000091552734,70.18000030517578,70.4800033569336,70.08000183105469,2783000,EFA,Factor,2026-09-24
2006-11-01,38.40996170043945,70.16999816894531,70.91999816894531,70.98999786376953,70.05999755859375,5579400,EFA,Factor,2026-09-24
2006-11-02,38.55229187011719,70.43000030517578,70.19000244140625,70.47000122070312,70.12000274658203,3685800,EFA,Factor,2026-09-24
2006-11-03,38.40449523925781,70.16000366210938,70.44999694824219,70.5,70.06999969482422,3242300,EFA,Factor,2026-09-24
2006-11-06,38.97377395629883,71.19999694824219,70.63999938964844,71.22000122070312,70.51000213623047,5598700,EFA,Factor,2026-09-24
2006-11-07,39.01756286621094,71.27999877929688,71.4000015258789,71.7699966430664,71.19000244140625,6005500,EFA,Factor,2026-09-24
2006-11-08,39.028507232666016,71.30000305175781,70.9000015258789,71.4000015258789,70.8499984741211,3607400,EFA,Factor,2026-09-24
2006-11-09,38.83145523071289,70.94000244140625,71.01000213623047,71.30000305175781,70.83000183105469,3768800,EFA,Factor,2026-09-24
2006-11-10,38.98472213745117,71.22000122070312,71.25,71.30000305175781,71.05000305175781,4116400,EFA,Factor,2026-09-24
2006-11-13,38.73838424682617,70.7699966430664,70.87999725341797,71.0199966430664,70.70999908447266,4064600,EFA,Factor,2026-09-24
2006-11-14,39.16537094116211,71.55000305175781,71.44000244140625,71.58999633789062,70.87999725341797,6901700,EFA,Factor,2026-09-24
2006-11-15,39.15440368652344,71.52999877929688,71.0999984741211,71.63999938964844,71.0,2810700,EFA,Factor,2026-09-24
2006-11-16,39.07229995727539,71.37999725341797,71.41999816894531,71.44999694824219,71.18000030517578,3451900,EFA,Factor,2026-09-24
2006-11-17,38.957359313964844,71.16999816894531,70.62000274658203,71.16999816894531,70.44999694824219,3346400,EFA,Factor,2026-09-24
2006-11-20,38.66175842285156,70.62999725341797,70.54000091552734,70.73999786376953,70.44000244140625,3933700,EFA,Factor,2026-09-24
2006-11-21,38.85334396362305,70.9800033569336,70.79000091552734,71.04000091552734,70.68000030517578,3291700,EFA,Factor,2026-09-24
2006-11-22,39.23104476928711,71.66999816894531,71.55999755859375,71.69999694824219,71.38999938964844,4944600,EFA,Factor,2026-09-24
2006-11-24,39.023040771484375,71.29000091552734,71.43000030517578,71.66999816894531,71.29000091552734,3341800,EFA,Factor,2026-09-24
2006-11-27,38.7000732421875,70.69999694824219,71.44999694824219,71.5,70.62999725341797,4632000,EFA,Factor,2026-09-24
2006-11-28,39.044918060302734,71.33000183105469,70.80000305175781,71.36000061035156,70.77999877929688,5369000,EFA,Factor,2026-09-24
2006-11-29,39.48831558227539,72.13999938964844,71.94999694824219,72.16999816894531,71.73999786376953,4843500,EFA,Factor,2026-09-24
2006-11-30,39.657997131347656,72.44999694824219,72.5,72.66000366210938,72.19000244140625,7728700,EFA,Factor,2026-09-24
2006-12-01,39.608741760253906,72.36000061035156,72.54000091552734,72.56999969482422,71.83000183105469,4977800,EFA,Factor,2026-09-24
2006-12-04,39.866004943847656,72.83000183105469,72.30000305175781,72.94999694824219,72.19999694824219,4143500,EFA,Factor,2026-09-24
2006-12-05,40.0904426574707,73.23999786376953,72.94000244140625,73.30000305175781,72.80999755859375,13172300,EFA,Factor,2026-09-24
2006-12-06,40.002864837646484,73.08000183105469,72.94999694824219,73.2300033569336,72.8499984741211,4641000,EFA,Factor,2026-09-24
2006-12-07,40.13969802856445,73.33000183105469,73.66000366210938,73.72000122070312,73.25,3735000,EFA,Factor,2026-09-24
2006-12-08,40.04116439819336,73.1500015258789,73.44999694824219,73.62000274658203,72.98999786376953,5172700,EFA,Factor,2026-09-24
2006-12-11,40.205379486083984,73.44999694824219,73.06999969482422,73.62999725341797,73.02999877929688,2909400,EFA,Factor,2026-09-24
2006-12-12,40.36960220336914,73.75,73.55999755859375,73.80000305175781,73.2300033569336,4246600,EFA,Factor,2026-09-24
2006-12-13,40.52287292480469,74.02999877929688,73.87999725341797,74.02999877929688,73.7300033569336,3111900,EFA,Factor,2026-09-24
2006-12-14,40.68708801269531,74.33000183105469,74.12999725341797,74.37000274658203,74.05000305175781,6839800,EFA,Factor,2026-09-24
2006-12-15,40.52287292480469,74.02999877929688,74.52999877929688,74.52999877929688,73.87999725341797,6932400,EFA,Factor,2026-09-24
2006-12-18,40.462669372558594,73.91999816894531,74.30000305175781,74.30000305175781,73.80000305175781,3569600,EFA,Factor,2026-09-24
2006-12-19,40.643287658691406,74.25,73.7699966430664,74.33000183105469,73.69000244140625,6391600,EFA,Factor,2026-09-24
2006-12-20,40.5721435546875,74.12000274658203,74.52999877929688,74.66000366210938,74.05000305175781,4919700,EFA,Factor,2026-09-24
2006-12-21,40.551456451416016,72.55000305175781,72.5999984741211,72.8499984741211,72.41999816894531,6433600,EFA,Factor,2026-09-24
2006-12-22,40.456424713134766,72.37999725341797,72.80999755859375,72.80999755859375,72.08000183105469,5377900,EFA,Factor,2026-09-24
2006-12-26,40.439659118652344,72.3499984741211,72.44999694824219,72.62000274658203,72.19999694824219,3353800,EFA,Factor,2026-09-24
2006-12-27,40.942726135253906,73.25,72.86000061035156,73.25,72.83999633789062,3522400,EFA,Factor,2026-09-24
2006-12-28,40.97065734863281,73.30000305175781,73.41000366210938,73.44000244140625,73.05000305175781,4539600,EFA,Factor,2026-09-24
2006-12-29,40.925941467285156,73.22000122070312,73.18000030517578,73.44999694824219,73.0999984741211,5536000,EFA,Factor,2026-09-24
2007-01-03,41.088043212890625,73.51000213623047,73.95999908447266,74.06999969482422,73.27999877929688,12081400,EFA,Factor,2026-09-24
2007-01-04,40.97065734863281,73.30000305175781,73.30999755859375,73.47000122070312,73.0199966430664,8674000,EFA,Factor,2026-09-24
2007-01-05,40.35581588745117,72.19999694824219,72.79000091552734,72.79000091552734,72.0999984741211,8961600,EFA,Factor,2026-09-24
2007-01-08,40.411712646484375,72.30000305175781,72.47000122070312,72.47000122070312,72.11000061035156,6584100,EFA,Factor,2026-09-24
2007-01-09,40.450836181640625,72.37000274658203,72.6500015258789,72.66999816894531,72.02999877929688,8505700,EFA,Factor,2026-09-24
2007-01-10,40.14341735839844,71.81999969482422,71.69999694824219,71.91999816894531,71.5,5273600,EFA,Factor,2026-09-24
2007-01-11,40.400543212890625,72.27999877929688,71.81999969482422,72.5199966430664,71.76000213623047,4562000,EFA,Factor,2026-09-24
2007-01-12,40.85887145996094,73.0999984741211,72.61000061035156,73.16000366210938,72.58000183105469,6611900,EFA,Factor,2026-09-24
2007-01-16,40.80855941772461,73.01000213623047,73.29000091552734,73.37999725341797,72.87000274658203,6899500,EFA,Factor,2026-09-24
2007-01-17,40.83092498779297,73.05000305175781,72.91999816894531,73.31999969482422,72.81999969482422,3764900,EFA,Factor,2026-09-24
2007-01-18,40.69118881225586,72.80000305175781,73.4000015258789,73.48999786376953,72.80000305175781,7926000,EFA,Factor,2026-09-24
2007-01-19,41.188636779785156,73.69000244140625,73.12000274658203,73.77999877929688,73.08999633789062,7582600,EFA,Factor,2026-09-24
2007-01-22,40.98184585571289,73.31999969482422,73.91999816894531,74.0,73.19999694824219,6171500,EFA,Factor,2026-09-24
2007-01-23,41.345157623291016,73.97000122070312,73.6500015258789,74.12999725341797,73.5999984741211,5401500,EFA,Factor,2026-09-24
2007-01-24,41.61343765258789,74.44999694824219,74.0999984741211,74.51000213623047,74.05999755859375,7744400,EFA,Factor,2026-09-24
2007-01-25,40.93711853027344,73.23999786376953,74.12000274658203,74.16999816894531,73.0999984741211,5003800,EFA,Factor,2026-09-24
2007-01-26,41.015377044677734,73.37999725341797,73.4000015258789,73.4800033569336,72.97000122070312,5965500,EFA,Factor,2026-09-24
2007-01-29,41.06010055541992,73.45999908447266,73.4000015258789,73.66000366210938,73.26000213623047,5772600,EFA,Factor,2026-09-24
2007-01-30,41.33955383300781,73.95999908447266,73.7300033569336,73.9800033569336,73.61000061035156,4124800,EFA,Factor,2026-09-24
2007-01-31,41.49607467651367,74.23999786376953,73.44999694824219,74.33000183105469,73.27999877929688,5358500,EFA,Factor,2026-09-24
2007-02-01,41.84262466430664,74.86000061035156,74.73999786376953,74.93000030517578,74.55999755859375,7254100,EFA,Factor,2026-09-24
2007-02-02,41.75877380371094,74.70999908447266,74.75,74.80999755859375,74.5,7174500,EFA,Factor,2026-09-24
2007-02-05,41.624637603759766,74.47000122070312,74.29000091552734,74.56999969482422,74.20999908447266,3339100,EFA,Factor,2026-09-24
2007-02-06,41.948822021484375,75.05000305175781,74.98999786376953,75.11000061035156,74.66999816894531,4497700,EFA,Factor,2026-09-24
2007-02-07,42.066200256347656,75.26000213623047,75.18000030517578,75.44999694824219,75.02999877929688,5121800,EFA,Factor,2026-09-24
2007-02-08,41.89850616455078,74.95999908447266,74.58999633789062,75.0,74.45999908447266,3842600,EFA,Factor,2026-09-24
2007-02-09,41.719642639160156,74.63999938964844,75.06999969482422,75.1500015258789,74.43000030517578,4636400,EFA,Factor,2026-09-24
2007-02-12,41.557552337646484,74.3499984741211,74.52999877929688,74.56999969482422,74.22000122070312,5846900,EFA,Factor,2026-09-24
2007-02-13,42.08855438232422,75.30000305175781,74.83000183105469,75.33999633789062,74.7699966430664,4569100,EFA,Factor,2026-09-24
2007-02-14,42.65867233276367,76.31999969482422,75.66000366210938,76.4000015258789,75.62999725341797,5539000,EFA,Factor,2026-09-24
2007-02-15,42.708980560302734,76.41000366210938,76.38999938964844,76.5199966430664,76.16999816894531,4191200,EFA,Factor,2026-09-24
2007-02-16,42.69221115112305,76.37999725341797,76.31999969482422,76.94000244140625,75.5,4899400,EFA,Factor,2026-09-24
2007-02-20,42.753700256347656,76.48999786376953,76.31999969482422,77.0,76.0,7949700,EFA,Factor,2026-09-24
2007-02-21,42.53569412231445,76.0999984741211,75.83999633789062,76.37999725341797,75.69999694824219,6819200,EFA,Factor,2026-09-24
2007-02-22,42.72575378417969,76.44000244140625,76.27999877929688,76.45999908447266,76.16999816894531,4327600,EFA,Factor,2026-09-24
2007-02-23,42.859893798828125,76.68000030517578,76.55000305175781,76.79000091552734,76.4800033569336,3728100,EFA,Factor,2026-09-24
2007-02-26,42.882259368896484,76.72000122070312,77.16000366210938,77.18000030517578,76.70999908447266,5972100,EFA,Factor,2026-09-24
2007-02-27,41.155113220214844,73.62999725341797,75.66000366210938,75.76000213623047,73.01000213623047,12980000,EFA,Factor,2026-09-24
2007-02-28,41.44576644897461,74.1500015258789,74.0,74.66000366210938,73.87999725341797,8136300,EFA,Factor,2026-09-24
2007-03-01,41.02096176147461,73.38999938964844,72.9800033569336,73.66000366210938,72.0,11055900,EFA,Factor,2026-09-24
2007-03-02,40.46760559082031,72.4000015258789,72.9000015258789,73.18000030517578,72.33999633789062,6951000,EFA,Factor,2026-09-24
2007-03-05,39.62920379638672,70.9000015258789,71.45999908447266,72.23999786376953,70.9000015258789,8286300,EFA,Factor,2026-09-24
2007-03-06,40.85887145996094,73.0999984741211,72.44000244140625,73.25,72.25,8908400,EFA,Factor,2026-09-24
2007-03-07,40.87004852294922,73.12000274658203,73.06999969482422,73.58999633789062,72.94000244140625,6005700,EFA,Factor,2026-09-24
2007-03-08,41.35074996948242,73.9800033569336,73.7699966430664,74.19999694824219,73.75,5305700,EFA,Factor,2026-09-24
2007-03-09,41.417808532714844,74.0999984741211,74.18000030517578,74.30000305175781,73.77999877929688,8451700,EFA,Factor,2026-09-24
2007-03-12,41.68610763549805,74.58000183105469,74.13999938964844,74.63999938964844,73.9800033569336,5143100,EFA,Factor,2026-09-24
2007-03-13,40.69118881225586,72.80000305175781,73.97000122070312,74.18000030517578,72.69000244140625,5769600,EFA,Factor,2026-09-24
2007-03-14,40.70796203613281,72.83000183105469,72.33000183105469,72.91000366210938,71.43000030517578,9299900,EFA,Factor,2026-09-24
2007-03-15,40.89241409301758,73.16000366210938,72.69999694824219,73.30999755859375,72.66000366210938,4313700,EFA,Factor,2026-09-24
2007-03-16,40.942726135253906,73.25,73.43000030517578,73.83999633789062,73.05999755859375,4659400,EFA,Factor,2026-09-24
2007-03-19,41.57432174682617,74.37999725341797,74.0199966430664,74.37999725341797,73.87999725341797,6262200,EFA,Factor,2026-09-24
2007-03-20,41.92646789550781,75.01000213623047,74.23999786376953,75.08000183105469,74.19999694824219,4477900,EFA,Factor,2026-09-24
2007-03-21,42.82076644897461,76.61000061035156,75.25,76.72000122070312,75.01000213623047,6514700,EFA,Factor,2026-09-24
2007-03-22,42.65867233276367,76.31999969482422,76.58000183105469,76.68000030517578,76.1500015258789,4099400,EFA,Factor,2026-09-24
2007-03-23,42.759281158447266,76.5,76.5,76.69999694824219,76.37000274658203,5361600,EFA,Factor,2026-09-24
2007-03-26,42.776039123535156,76.52999877929688,76.47000122070312,76.63999938964844,75.80999755859375,4736400,EFA,Factor,2026-09-24
2007-03-27,42.58600997924805,76.19000244140625,76.52999877929688,76.52999877929688,75.94999694824219,4700700,EFA,Factor,2026-09-24
2007-03-28,42.211524963378906,75.5199966430664,75.70999908447266,75.87999725341797,75.30000305175781,7258800,EFA,Factor,2026-09-24
2007-03-29,42.580421447753906,76.18000030517578,76.2699966430664,76.37999725341797,75.75,6979600,EFA,Factor,2026-09-24
2007-03-30,42.647499084472656,76.30000305175781,76.16000366210938,76.48999786376953,76.08000183105469,8504700,EFA,Factor,2026-09-24
2007-04-02,42.759281158447266,76.5,76.30000305175781,76.62999725341797,76.05000305175781,7702400,EFA,Factor,2026-09-24
2007-04-03,43.11700439453125,77.13999938964844,76.81999969482422,77.61000061035156,76.7699966430664,5387500,EFA,Factor,2026-09-24
2007-04-04,43.295875549316406,77.45999908447266,77.25,77.5,77.05999755859375,7809700,EFA,Factor,2026-09-24
2007-04-05,43.452392578125,77.73999786376953,77.5,77.87999725341797,77.43000030517578,3051600,EFA,Factor,2026-09-24
2007-04-09,43.4188232421875,77.68000030517578,77.75,77.8499984741211,77.52999877929688,4103200,EFA,Factor,2026-09-24
2007-04-10,43.743019104003906,78.26000213623047,78.05000305175781,78.41000366210938,77.97000122070312,5112200,EFA,Factor,2026-09-24
2007-04-11,43.53063201904297,77.87999725341797,78.4000015258789,78.44999694824219,77.68000030517578,7729600,EFA,Factor,2026-09-24
2007-04-12,43.821292877197266,78.4000015258789,77.68000030517578,78.48999786376953,77.52999877929688,6007200,EFA,Factor,2026-09-24
2007-04-13,43.96660232543945,78.66000366210938,78.54000091552734,78.69000244140625,78.23999786376953,3711700,EFA,Factor,2026-09-24
2007-04-16,44.430538177490234,79.48999786376953,79.25,79.66999816894531,79.22000122070312,12054000,EFA,Factor,2026-09-24
2007-04-17,44.43612289428711,79.5,79.48999786376953,79.62000274658203,79.1500015258789,24911200,EFA,Factor,2026-09-24
2007-04-18,44.41935348510742,79.47000122070312,79.30000305175781,79.7300033569336,79.19000244140625,5797900,EFA,Factor,2026-09-24
2007-04-19,44.25166320800781,79.16999816894531,78.66000366210938,79.37999725341797,78.62000274658203,6385900,EFA,Factor,2026-09-24
2007-04-20,44.76032257080078,80.08000183105469,79.81999969482422,80.08000183105469,79.63999938964844,6654100,EFA,Factor,2026-09-24
2007-04-23,44.32432174682617,79.30000305175781,79.5999984741211,79.68000030517578,79.23999786376953,6250100,EFA,Factor,2026-09-24
2007-04-24,44.29638671875,79.25,79.19000244140625,79.3499984741211,78.87999725341797,8034800,EFA,Factor,2026-09-24
2007-04-25,44.71000289916992,79.98999786376953,79.6500015258789,80.02999877929688,79.30999755859375,6584200,EFA,Factor,2026-09-24
2007-04-26,44.503196716308594,79.62000274658203,79.94999694824219,79.94999694824219,79.25,9558700,EFA,Factor,2026-09-24
2007-04-27,44.408172607421875,79.44999694824219,79.30000305175781,79.58999633789062,79.11000061035156,3837700,EFA,Factor,2026-09-24
2007-04-30,44.24607849121094,79.16000366210938,79.41999816894531,79.80000305175781,78.98999786376953,6285400,EFA,Factor,2026-09-24
2007-05-01,44.20136642456055,79.08000183105469,79.3499984741211,79.4000015258789,78.63999938964844,5349800,EFA,Factor,2026-09-24
2007-05-02,44.53671646118164,79.68000030517578,79.30000305175781,79.75,79.19999694824219,6366000,EFA,Factor,2026-09-24
2007-05-03,44.59822082519531,79.79000091552734,79.70999908447266,79.79000091552734,79.41000366210938,5510700,EFA,Factor,2026-09-24
2007-05-04,45.01742935180664,80.54000091552734,80.19999694824219,80.55999755859375,80.19999694824219,6404800,EFA,Factor,2026-09-24
2007-05-07,45.08449172973633,80.66000366210938,80.68000030517578,80.80000305175781,80.5999984741211,4647500,EFA,Factor,2026-09-24
2007-05-08,44.71559524536133,80.0,80.05000305175781,80.05999755859375,79.55999755859375,8882800,EFA,Factor,2026-09-24
2007-05-09,44.961524963378906,80.44000244140625,80.08000183105469,80.48999786376953,79.94000244140625,7718100,EFA,Factor,2026-09-24
2007-05-10,44.072811126708984,78.8499984741211,79.70999908447266,79.98999786376953,78.66000366210938,7110200,EFA,Factor,2026-09-24
2007-05-11,44.816200256347656,80.18000030517578,79.33999633789062,80.23999786376953,79.33999633789062,5222000,EFA,Factor,2026-09-24
2007-05-14,44.64852523803711,79.87999725341797,80.69000244140625,80.69000244140625,79.52999877929688,5662900,EFA,Factor,2026-09-24
2007-05-15,44.72676467895508,80.0199966430664,79.72000122070312,80.55000305175781,79.62999725341797,6407900,EFA,Factor,2026-09-24
2007-05-16,44.793846130371094,80.13999938964844,80.12000274658203,80.19999694824219,79.58999633789062,5397900,EFA,Factor,2026-09-24
2007-05-17,44.56468200683594,79.7300033569336,79.66999816894531,79.91999816894531,79.45999908447266,3868000,EFA,Factor,2026-09-24
2007-05-18,44.905635833740234,80.33999633789062,80.13999938964844,80.5,79.9800033569336,3817800,EFA,Factor,2026-09-24
2007-05-21,44.698814392089844,79.97000122070312,80.1500015258789,80.27999877929688,79.94999694824219,7652800,EFA,Factor,2026-09-24
2007-05-22,44.737953186035156,80.04000091552734,80.38999938964844,80.44000244140625,80.04000091552734,3605500,EFA,Factor,2026-09-24
2007-05-23,44.96710968017578,80.44999694824219,80.83999633789062,80.9800033569336,80.33000183105469,11083800,EFA,Factor,2026-09-24
2007-05-24,44.53671646118164,79.68000030517578,80.4800033569336,80.63999938964844,79.44999694824219,6064400,EFA,Factor,2026-09-24
2007-05-25,44.82178497314453,80.19000244140625,79.94999694824219,80.19000244140625,79.79000091552734,6213100,EFA,Factor,2026-09-24
2007-05-29,44.87769317626953,80.29000091552734,80.5199966430664,80.66999816894531,79.94000244140625,5330900,EFA,Factor,2026-09-24
2007-05-30,45.06773376464844,80.62999725341797,79.5999984741211,80.62999725341797,79.55999755859375,5249800,EFA,Factor,2026-09-24
2007-05-31,45.291297912597656,81.02999877929688,80.9000015258789,81.13999938964844,80.80000305175781,9318400,EFA,Factor,2026-09-24
2007-06-01,45.587547302246094,81.55999755859375,81.36000061035156,81.5999984741211,81.30999755859375,3408400,EFA,Factor,2026-09-24
2007-06-04,45.71051025390625,81.77999877929688,81.52999877929688,81.79000091552734,81.52999877929688,4870000,EFA,Factor,2026-09-24
2007-06-05,45.47575378417969,81.36000061035156,81.66999816894531,81.7300033569336,81.01000213623047,4022000,EFA,Factor,2026-09-24
2007-06-06,44.82178497314453,80.19000244140625,81.05000305175781,81.0999984741211,80.08000183105469,5453700,EFA,Factor,2026-09-24
2007-06-07,44.056034088134766,78.81999969482422,78.83000183105469,80.19000244140625,78.68000030517578,10025900,EFA,Factor,2026-09-24
2007-06-08,44.53671646118164,79.68000030517578,79.04000091552734,79.7699966430664,78.75,5170600,EFA,Factor,2026-09-24
2007-06-11,44.687644958496094,79.94999694824219,79.4800033569336,80.13999938964844,79.33999633789062,3701900,EFA,Factor,2026-09-24
2007-06-12,43.89393615722656,78.52999877929688,79.08000183105469,79.61000061035156,78.4800033569336,6530400,EFA,Factor,2026-09-24
2007-06-13,44.46406936645508,79.55000305175781,78.80000305175781,79.63999938964844,78.70999908447266,8119500,EFA,Factor,2026-09-24
2007-06-14,44.793846130371094,80.13999938964844,79.68000030517578,80.25,79.61000061035156,7109200,EFA,Factor,2026-09-24
2007-06-15,45.15715408325195,80.79000091552734,81.02999877929688,81.30999755859375,80.79000091552734,4672300,EFA,Factor,2026-09-24
2007-06-18,45.40867614746094,81.23999786376953,81.41000366210938,81.4800033569336,80.9800033569336,4333800,EFA,Factor,2026-09-24
2007-06-19,45.45341110229492,81.31999969482422,81.12000274658203,81.41999816894531,80.9800033569336,3381500,EFA,Factor,2026-09-24
2007-06-20,44.916805267333984,80.36000061035156,81.66999816894531,81.73999786376953,80.31999969482422,5157500,EFA,Factor,2026-09-24
2007-06-21,45.32483673095703,81.08999633789062,80.5,81.44999694824219,80.26000213623047,4977900,EFA,Factor,2026-09-24
2007-06-22,44.698814392089844,79.97000122070312,80.80000305175781,80.83999633789062,79.80000305175781,7624600,EFA,Factor,2026-09-24
2007-06-25,44.687644958496094,79.94999694824219,80.05999755859375,80.69999694824219,79.68000030517578,6233400,EFA,Factor,2026-09-24
2007-06-26,44.46406936645508,79.55000305175781,80.41999816894531,80.5,79.55000305175781,8359900,EFA,Factor,2026-09-24
2007-06-27,44.78267288208008,80.12000274658203,79.2699966430664,80.1500015258789,79.22000122070312,6194900,EFA,Factor,2026-09-24
2007-06-28,44.816200256347656,80.18000030517578,80.27999877929688,80.70999908447266,80.0999984741211,7796800,EFA,Factor,2026-09-24
2007-06-29,45.145992279052734,80.7699966430664,80.7699966430664,81.16000366210938,80.33999633789062,10251500,EFA,Factor,2026-09-24
2007-07-02,45.79994583129883,81.94000244140625,81.44999694824219,81.9800033569336,81.19000244140625,6357400,EFA,Factor,2026-09-24
2007-07-03,46.01792907714844,82.33000183105469,82.18000030517578,82.61000061035156,82.06999969482422,2146300,EFA,Factor,2026-09-24
2007-07-05,45.78876876831055,81.91999816894531,82.19999694824219,82.30000305175781,81.63999938964844,6216300,EFA,Factor,2026-09-24
2007-07-06,46.11854934692383,82.51000213623047,82.12000274658203,82.55999755859375,81.95999908447266,3310600,EFA,Factor,2026-09-24
2007-07-09,46.230342864990234,82.70999908447266,82.77999877929688,82.91999816894531,82.61000061035156,6013200,EFA,Factor,2026-09-24
2007-07-10,45.66579055786133,81.69999694824219,82.25,82.4800033569336,81.61000061035156,5760000,EFA,Factor,2026-09-24
2007-07-11,46.09620666503906,82.47000122070312,82.0,82.5199966430664,81.87000274658203,5451600,EFA,Factor,2026-09-24
2007-07-12,46.73896408081055,83.62000274658203,82.62000274658203,83.80000305175781,82.62000274658203,5022800,EFA,Factor,2026-09-24
2007-07-13,46.70542907714844,83.55999755859375,83.11000061035156,83.66000366210938,83.08999633789062,5231000,EFA,Factor,2026-09-24
2007-07-16,46.599239349365234,83.37000274658203,83.55999755859375,83.69999694824219,83.27999877929688,3503000,EFA,Factor,2026-09-24
2007-07-17,46.44273376464844,83.08999633789062,83.2699966430664,83.4800033569336,83.08999633789062,4005300,EFA,Factor,2026-09-24
2007-07-18,46.280635833740234,82.80000305175781,82.80000305175781,83.08999633789062,82.22000122070312,10019900,EFA,Factor,2026-09-24
2007-07-19,46.5433464050293,83.2699966430664,83.4800033569336,83.69000244140625,83.19000244140625,5586300,EFA,Factor,2026-09-24
2007-07-20,46.06266403198242,82.41000366210938,83.19999694824219,83.2699966430664,82.18000030517578,5625600,EFA,Factor,2026-09-24
2007-07-23,46.342124938964844,82.91000366210938,82.98999786376953,83.2699966430664,82.80000305175781,5016700,EFA,Factor,2026-09-24
2007-07-24,45.64344787597656,81.66000366210938,82.68000030517578,82.68000030517578,81.2699966430664,9805600,EFA,Factor,2026-09-24
2007-07-25,45.520484924316406,81.44000244140625,81.95999908447266,82.01000213623047,80.83999633789062,8867500,EFA,Factor,2026-09-24
2007-07-26,44.005741119384766,78.7300033569336,81.05000305175781,81.05000305175781,78.04000091552734,13657300,EFA,Factor,2026-09-24
2007-07-27,43.396488189697266,77.63999938964844,78.6500015258789,79.0,77.52999877929688,9895400,EFA,Factor,2026-09-24
2007-07-30,44.16782760620117,79.0199966430664,78.7699966430664,79.30999755859375,78.37000274658203,9021100,EFA,Factor,2026-09-24
2007-07-31,44.11191940307617,78.91999816894531,79.7699966430664,80.16000366210938,78.80000305175781,11469500,EFA,Factor,2026-09-24
2007-08-01,44.184593200683594,79.05000305175781,78.6500015258789,79.63999938964844,77.7699966430664,11344300,EFA,Factor,2026-09-24
2007-08-02,44.318748474121094,79.29000091552734,79.0,79.37000274658203,78.55000305175781,9015000,EFA,Factor,2026-09-24
2007-08-03,43.519447326660156,77.86000061035156,78.68000030517578,79.01000213623047,77.52999877929688,7883200,EFA,Factor,2026-09-24
2007-08-06,43.994564056396484,78.70999908447266,78.29000091552734,78.94999694824219,77.80000305175781,7220900,EFA,Factor,2026-09-24
2007-08-07,44.145477294921875,78.9800033569336,78.1500015258789,79.41999816894531,78.08000183105469,8305700,EFA,Factor,2026-09-24
2007-08-08,44.86090850830078,80.26000213623047,79.75,80.68000030517578,79.66999816894531,8609500,EFA,Factor,2026-09-24
2007-08-09,43.5809440612793,77.97000122070312,78.26000213623047,78.94999694824219,77.80999755859375,8844100,EFA,Factor,2026-09-24
2007-08-10,42.831939697265625,76.62999725341797,76.30000305175781,77.33999633789062,76.0,11124300,EFA,Factor,2026-09-24
2007-08-13,42.915794372558594,76.77999877929688,77.55999755859375,77.7699966430664,76.77999877929688,5942900,EFA,Factor,2026-09-24
2007-08-14,42.502166748046875,76.04000091552734,77.38999938964844,77.41999816894531,75.7699966430664,8083000,EFA,Factor,2026-09-24
2007-08-15,41.507240295410156,74.26000213623047,75.08000183105469,76.5199966430664,74.08000183105469,11236300,EFA,Factor,2026-09-24
2007-08-16,41.32838439941406,73.94000244140625,71.0,74.0,67.5,22832500,EFA,Factor,2026-09-24
2007-08-17,41.708473205566406,74.62000274658203,74.94999694824219,75.37999725341797,73.80999755859375,11580600,EFA,Factor,2026-09-24
2007-08-20,41.84262466430664,74.86000061035156,75.1500015258789,75.22000122070312,74.1500015258789,7638200,EFA,Factor,2026-09-24
2007-08-21,41.81467819213867,74.80999755859375,74.75,75.25,74.5999984741211,6882500,EFA,Factor,2026-09-24
2007-08-22,42.803985595703125,76.58000183105469,76.05999755859375,76.66999816894531,75.95999908447266,8277500,EFA,Factor,2026-09-24
2007-08-23,42.994041442871094,76.91999816894531,77.41999816894531,77.44000244140625,76.47000122070312,4939500,EFA,Factor,2026-09-24
2007-08-24,43.743019104003906,78.26000213623047,77.0999984741211,78.30000305175781,77.0199966430664,4861900,EFA,Factor,2026-09-24
2007-08-27,43.27909851074219,77.43000030517578,77.95999908447266,77.9800033569336,77.43000030517578,7691500,EFA,Factor,2026-09-24
2007-08-28,42.407142639160156,75.87000274658203,77.12000274658203,77.16000366210938,75.54000091552734,8262100,EFA,Factor,2026-09-24
2007-08-29,43.37972640991211,77.61000061035156,76.69000244140625,77.75,76.43000030517578,5959300,EFA,Factor,2026-09-24
2007-08-30,43.07787322998047,77.06999969482422,76.80000305175781,77.69999694824219,76.4000015258789,6076800,EFA,Factor,2026-09-24
2007-08-31,43.832462310791016,78.41999816894531,78.70999908447266,78.97000122070312,78.18000030517578,7313400,EFA,Factor,2026-09-24
2007-09-04,44.23488998413086,79.13999938964844,78.22000122070312,79.4800033569336,78.0999984741211,5454400,EFA,Factor,2026-09-24
2007-09-05,43.59211730957031,77.98999786376953,78.13999938964844,78.22000122070312,77.6500015258789,7351400,EFA,Factor,2026-09-24
2007-09-06,43.75421142578125,78.27999877929688,78.05000305175781,78.69000244140625,77.25,4950000,EFA,Factor,2026-09-24
2007-09-07,43.22320556640625,77.33000183105469,77.4800033569336,77.72000122070312,77.02999877929688,7796000,EFA,Factor,2026-09-24
2007-09-10,43.044349670410156,77.01000213623047,77.55000305175781,77.58999633789062,76.4000015258789,4196600,EFA,Factor,2026-09-24
2007-09-11,43.787757873535156,78.33999633789062,77.62999725341797,78.36000061035156,77.54000091552734,7243200,EFA,Factor,2026-09-24
2007-09-12,43.832462310791016,78.41999816894531,77.95999908447266,78.68000030517578,77.87999725341797,4960400,EFA,Factor,2026-09-24
2007-09-13,44.01691436767578,78.75,78.72000122070312,79.06999969482422,78.45999908447266,7211100,EFA,Factor,2026-09-24
2007-09-14,43.75979995727539,78.29000091552734,77.88999938964844,78.52999877929688,77.7699966430664,5239800,EFA,Factor,2026-09-24
2007-09-17,43.144954681396484,77.19000244140625,77.55000305175781,77.83000183105469,76.91999816894531,5785200,EFA,Factor,2026-09-24
2007-09-18,44.54791259765625,79.69999694824219,77.79000091552734,79.80999755859375,77.51000213623047,10021300,EFA,Factor,2026-09-24
2007-09-19,44.950347900390625,80.41999816894531,80.5,80.91999816894531,80.18000030517578,6846200,EFA,Factor,2026-09-24
2007-09-20,44.911216735839844,80.3499984741211,80.55999755859375,80.87000274658203,80.01000213623047,7612300,EFA,Factor,2026-09-24
2007-09-21,45.106849670410156,80.69999694824219,80.86000061035156,81.19999694824219,80.69999694824219,5809500,EFA,Factor,2026-09-24
2007-09-24,45.20745086669922,80.87999725341797,81.25,81.91000366210938,80.75,5901800,EFA,Factor,2026-09-24
2007-09-25,45.26334762573242,80.9800033569336,80.4000015258789,81.05000305175781,80.4000015258789,4832900,EFA,Factor,2026-09-24
2007-09-26,45.48692321777344,81.37999725341797,81.44999694824219,81.62000274658203,81.04000091552734,5547100,EFA,Factor,2026-09-24
2007-09-27,46.0905876159668,82.45999908447266,82.41999816894531,82.5199966430664,80.45999908447266,6117100,EFA,Factor,2026-09-24
2007-09-28,46.16325378417969,82.58999633789062,82.56999969482422,82.93000030517578,82.16999816894531,15156000,EFA,Factor,2026-09-24
2007-10-01,46.755741119384766,83.6500015258789,82.73999786376953,83.94999694824219,82.6500015258789,8508100,EFA,Factor,2026-09-24
2007-10-02,46.638370513916016,83.44000244140625,83.5999984741211,83.66999816894531,83.08000183105469,5801400,EFA,Factor,2026-09-24
2007-10-03,46.42595291137695,83.05999755859375,83.41999816894531,83.44999694824219,82.93000030517578,6839700,EFA,Factor,2026-09-24
2007-10-04,46.58805847167969,83.3499984741211,83.33999633789062,83.58999633789062,83.0199966430664,3061400,EFA,Factor,2026-09-24
2007-10-05,47.063167572021484,84.19999694824219,83.6500015258789,84.44000244140625,83.6500015258789,5486700,EFA,Factor,2026-09-24
2007-10-08,46.62717056274414,83.41999816894531,82.62000274658203,85.19999694824219,82.56999969482422,3801400,EFA,Factor,2026-09-24
2007-10-09,47.14700698852539,84.3499984741211,83.56999969482422,84.38999938964844,83.56999969482422,4796200,EFA,Factor,2026-09-24
2007-10-10,47.057579040527344,84.19000244140625,83.69999694824219,84.33000183105469,83.20999908447266,5991100,EFA,Factor,2026-09-24
2007-10-11,47.27556228637695,84.58000183105469,85.5999984741211,85.5999984741211,84.26000213623047,7069500,EFA,Factor,2026-09-24
2007-10-12,47.48237228393555,84.94999694824219,84.52999877929688,85.08999633789062,84.43000030517578,4354600,EFA,Factor,2026-09-24
2007-10-15,47.09669494628906,84.26000213623047,84.87000274658203,84.91000366210938,83.8499984741211,5428100,EFA,Factor,2026-09-24
2007-10-16,46.37007141113281,82.95999908447266,83.25,83.37000274658203,82.9000015258789,7389800,EFA,Factor,2026-09-24
2007-10-17,46.861942291259766,83.83999633789062,83.94999694824219,84.08999633789062,83.16999816894531,6810300,EFA,Factor,2026-09-24
2007-10-18,46.973731994628906,84.04000091552734,83.6500015258789,84.13999938964844,83.5999984741211,3925000,EFA,Factor,2026-09-24
2007-10-19,45.93967819213867,82.19000244140625,83.5999984741211,83.5999984741211,82.13999938964844,9232400,EFA,Factor,2026-09-24
2007-10-22,45.88378143310547,82.08999633789062,81.31999969482422,82.0999984741211,81.30999755859375,6704000,EFA,Factor,2026-09-24
2007-10-23,46.53217315673828,83.25,83.12999725341797,83.41000366210938,82.5999984741211,7097000,EFA,Factor,2026-09-24
2007-10-24,46.431541442871094,83.06999969482422,82.87999725341797,83.12000274658203,81.83999633789062,9818100,EFA,Factor,2026-09-24
2007-10-25,46.643951416015625,83.44999694824219,83.29000091552734,83.44999694824219,82.76000213623047,8531500,EFA,Factor,2026-09-24
2007-10-26,47.48794937133789,84.95999908447266,84.43000030517578,85.0199966430664,84.25,5992900,EFA,Factor,2026-09-24
2007-10-29,47.83451461791992,85.58000183105469,85.26000213623047,85.69999694824219,85.16999816894531,5745100,EFA,Factor,2026-09-24
2007-10-30,47.45442199707031,84.9000015258789,85.0,85.33999633789062,84.8499984741211,8347700,EFA,Factor,2026-09-24
2007-10-31,48.12515640258789,86.0999984741211,85.36000061035156,86.5,85.2300033569336,8751300,EFA,Factor,2026-09-24
2007-11-01,47.11347961425781,84.29000091552734,84.76000213623047,84.9000015258789,84.0,9412700,EFA,Factor,2026-09-24
2007-11-02,47.37616729736328,84.76000213623047,84.27999877929688,84.76000213623047,83.7300033569336,9559700,EFA,Factor,2026-09-24
2007-11-05,46.62160110473633,83.41000366210938,83.4800033569336,83.77999877929688,83.02999877929688,6812300,EFA,Factor,2026-09-24
2007-11-06,47.32585525512695,84.66999816894531,84.02999877929688,84.68000030517578,83.94999694824219,6590000,EFA,Factor,2026-09-24
2007-11-07,46.50422286987305,83.19999694824219,84.0,84.43000030517578,82.94000244140625,7956300,EFA,Factor,2026-09-24
2007-11-08,46.58805847167969,83.3499984741211,83.01000213623047,83.77999877929688,82.54000091552734,9869300,EFA,Factor,2026-09-24
2007-11-09,45.68257522583008,81.7300033569336,82.76000213623047,82.76000213623047,81.5,8293000,EFA,Factor,2026-09-24
2007-11-12,44.9335823059082,80.38999938964844,80.80000305175781,81.55000305175781,80.30000305175781,7366400,EFA,Factor,2026-09-24
2007-11-13,46.14091110229492,82.55000305175781,81.5,82.75,81.5,6678000,EFA,Factor,2026-09-24
2007-11-14,46.0682487487793,82.41999816894531,83.73999786376953,83.73999786376953,82.12000274658203,9712300,EFA,Factor,2026-09-24
2007-11-15,45.30806350708008,81.05999755859375,81.55000305175781,81.87999725341797,80.54000091552734,10754300,EFA,Factor,2026-09-24
2007-11-16,45.45341110229492,81.31999969482422,81.56999969482422,81.58000183105469,80.63999938964844,13421500,EFA,Factor,2026-09-24
2007-11-19,44.25166320800781,79.16999816894531,81.0,81.0,78.0,12391600,EFA,Factor,2026-09-24
2007-11-20,45.240989685058594,80.94000244140625,80.2699966430664,81.20999908447266,80.02999877929688,11649200,EFA,Factor,2026-09-24
2007-11-21,44.21812057495117,79.11000061035156,79.37999725341797,79.9800033569336,78.76000213623047,11096600,EFA,Factor,2026-09-24
2007-11-23,45.33043670654297,81.0999984741211,80.30000305175781,81.12000274658203,80.30000305175781,3629400,EFA,Factor,2026-09-24
2007-11-26,44.62058639526367,79.83000183105469,81.22000122070312,81.48999786376953,79.66999816894531,9880400,EFA,Factor,2026-09-24
2007-11-27,45.22422790527344,80.91000366210938,80.9800033569336,81.12999725341797,80.11000061035156,10679800,EFA,Factor,2026-09-24
2007-11-28,46.50981521606445,83.20999908447266,81.4000015258789,83.62999725341797,81.05000305175781,12647900,EFA,Factor,2026-09-24
2007-11-29,46.12971878051758,82.52999877929688,82.0999984741211,83.0,82.0999984741211,8476000,EFA,Factor,2026-09-24
2007-11-30,46.38124465942383,82.9800033569336,83.88999938964844,83.91000366210938,82.45999908447266,14157700,EFA,Factor,2026-09-24
2007-12-03,46.207977294921875,82.66999816894531,83.11000061035156,83.11000061035156,82.52999877929688,11526100,EFA,Factor,2026-09-24
2007-12-04,45.91731643676758,82.1500015258789,82.05000305175781,82.31999969482422,81.9000015258789,8961000,EFA,Factor,2026-09-24
2007-12-05,46.44831848144531,83.0999984741211,82.76000213623047,83.41999816894531,82.76000213623047,8764100,EFA,Factor,2026-09-24
2007-12-06,46.889869689941406,83.88999938964844,82.8499984741211,83.95999908447266,82.72000122070312,8492400,EFA,Factor,2026-09-24
2007-12-07,46.70542907714844,83.55999755859375,83.76000213623047,83.80000305175781,83.43000030517578,9451900,EFA,Factor,2026-09-24
2007-12-10,47.18613052368164,84.41999816894531,84.02999877929688,84.5199966430664,83.91000366210938,14407800,EFA,Factor,2026-09-24
2007-12-11,45.95644760131836,82.22000122070312,84.29000091552734,84.54000091552734,82.0999984741211,15626400,EFA,Factor,2026-09-24
2007-12-12,46.878700256347656,83.87000274658203,84.5,84.66999816894531,83.08999633789062,12330400,EFA,Factor,2026-09-24
2007-12-13,45.92291259765625,82.16000366210938,82.23999786376953,82.44999694824219,81.38999938964844,26822200,EFA,Factor,2026-09-24
2007-12-14,44.68206024169922,79.94000244140625,80.56999969482422,80.95999908447266,79.94000244140625,18638800,EFA,Factor,2026-09-24
2007-12-17,43.73186111450195,78.23999786376953,79.0999984741211,79.27999877929688,78.20999908447266,21841800,EFA,Factor,2026-09-24
2007-12-18,44.27961349487305,79.22000122070312,79.58999633789062,79.61000061035156,78.12000274658203,18508900,EFA,Factor,2026-09-24
2007-12-19,43.916297912597656,78.56999969482422,78.93000030517578,79.13999938964844,78.13999938964844,13308700,EFA,Factor,2026-09-24
2007-12-20,44.229305267333984,79.12999725341797,78.95999908447266,79.12999725341797,78.48999786376953,13827600,EFA,Factor,2026-09-24
2007-12-21,44.86090850830078,80.26000213623047,79.83000183105469,80.26000213623047,79.62000274658203,26845200,EFA,Factor,2026-09-24
2007-12-24,45.04434585571289,78.58000183105469,79.30000305175781,79.30000305175781,78.0,5156500,EFA,Factor,2026-09-24
2007-12-26,45.170467376708984,78.80000305175781,78.83999633789062,79.12999725341797,78.5199966430664,7051800,EFA,Factor,2026-09-24
2007-12-27,44.89531326293945,78.31999969482422,78.87999725341797,78.94000244140625,78.26000213623047,9729400,EFA,Factor,2026-09-24
2007-12-28,45.27937316894531,78.98999786376953,79.2300033569336,79.2699966430664,78.8499984741211,6358300,EFA,Factor,2026-09-24
2007-12-31,44.99848937988281,78.5,79.2300033569336,79.23999786376953,78.13999938964844,14091500,EFA,Factor,2026-09-24
2008-01-02,44.83799362182617,78.22000122070312,79.02999877929688,79.22000122070312,78.0199966430664,13770500,EFA,Factor,2026-09-24
2008-01-03,44.91250991821289,78.3499984741211,78.33999633789062,78.6500015258789,78.19999694824219,13924700,EFA,Factor,2026-09-24
2008-01-04,43.89215087890625,76.56999969482422,78.0199966430664,78.0199966430664,76.5,11883900,EFA,Factor,2026-09-24
2008-01-07,43.93801498413086,76.6500015258789,77.05000305175781,77.11000061035156,76.29000091552734,18197300,EFA,Factor,2026-09-24
2008-01-08,43.691532135009766,76.22000122070312,77.43000030517578,77.77999877929688,76.08999633789062,15632600,EFA,Factor,2026-09-24
2008-01-09,44.00680160522461,76.7699966430664,76.22000122070312,76.86000061035156,75.75,14863600,EFA,Factor,2026-09-24
2008-01-10,43.96095275878906,76.69000244140625,75.87000274658203,77.0199966430664,75.72000122070312,14018200,EFA,Factor,2026-09-24
2008-01-11,43.08391189575195,75.16000366210938,75.81999969482422,75.91000366210938,74.91999816894531,10759900,EFA,Factor,2026-09-24
2008-01-14,43.771785736083984,76.36000061035156,76.5999984741211,76.62999725341797,76.0199966430664,10031000,EFA,Factor,2026-09-24
2008-01-15,42.350181579589844,73.87999725341797,75.19000244140625,75.26000213623047,73.73999786376953,12630400,EFA,Factor,2026-09-24
2008-01-16,41.496063232421875,72.38999938964844,73.3499984741211,73.94999694824219,72.13999938964844,16323300,EFA,Factor,2026-09-24
2008-01-17,40.87124252319336,71.30000305175781,73.16999816894531,73.4000015258789,71.01000213623047,22476600,EFA,Factor,2026-09-24
2008-01-18,41.106266021728516,71.70999908447266,72.5999984741211,72.97000122070312,71.1500015258789,21939600,EFA,Factor,2026-09-24
2008-01-22,39.95981216430664,69.70999908447266,66.5,69.94000244140625,66.12999725341797,24637000,EFA,Factor,2026-09-24
2008-01-23,39.72478103637695,69.30000305175781,66.25,69.37000274658203,65.62999725341797,33608600,EFA,Factor,2026-09-24
2008-01-24,41.117733001708984,71.7300033569336,70.44999694824219,71.7300033569336,69.95999908447266,14649000,EFA,Factor,2026-09-24
2008-01-25,40.52157211303711,70.69000244140625,72.7300033569336,72.77999877929688,70.20999908447266,15052900,EFA,Factor,2026-09-24
2008-01-28,40.97442626953125,71.4800033569336,70.54000091552734,71.52999877929688,69.80000305175781,17770100,EFA,Factor,2026-09-24
2008-01-29,41.220909118652344,71.91000366210938,71.80999755859375,71.9800033569336,71.1500015258789,12914400,EFA,Factor,2026-09-24
2008-01-30,41.03173828125,71.58000183105469,71.33999633789062,73.06999969482422,70.87999725341797,15417100,EFA,Factor,2026-09-24
2008-01-31,41.4673957824707,72.33999633789062,70.25,72.76000213623047,70.20999908447266,18976200,EFA,Factor,2026-09-24
2008-02-01,42.161006927490234,73.55000305175781,72.95999908447266,73.55000305175781,72.55000305175781,13916700,EFA,Factor,2026-09-24
2008-02-04,41.73108673095703,72.80000305175781,73.41000366210938,73.43000030517578,72.72000122070312,11102300,EFA,Factor,2026-09-24
2008-02-05,39.816505432128906,69.45999908447266,70.9800033569336,71.06999969482422,69.4000015258789,15487400,EFA,Factor,2026-09-24
2008-02-06,39.782108306884766,69.4000015258789,70.20999908447266,70.54000091552734,69.31999969482422,15260200,EFA,Factor,2026-09-24
2008-02-07,39.58149337768555,69.05000305175781,68.69999694824219,69.52999877929688,68.30999755859375,14439600,EFA,Factor,2026-09-24
2008-02-08,39.17448043823242,68.33999633789062,68.3499984741211,69.0199966430664,67.9000015258789,12543800,EFA,Factor,2026-09-24
2008-02-11,39.38084411621094,68.69999694824219,68.6500015258789,68.81999969482422,67.81999969482422,11886900,EFA,Factor,2026-09-24
2008-02-12,40.22924041748047,70.18000030517578,69.76000213623047,70.70999908447266,69.62000274658203,14224000,EFA,Factor,2026-09-24
2008-02-13,40.5043830871582,70.66000366210938,70.44000244140625,70.87000274658203,69.83000183105469,10028700,EFA,Factor,2026-09-24
2008-02-14,40.32093048095703,70.33999633789062,71.27999877929688,71.33999633789062,70.2699966430664,9046200,EFA,Factor,2026-09-24
2008-02-15,40.469974517822266,70.5999984741211,70.30000305175781,70.61000061035156,69.94999694824219,9362200,EFA,Factor,2026-09-24
2008-02-19,40.86552429199219,71.29000091552734,72.19000244140625,72.2300033569336,71.08000183105469,10562000,EFA,Factor,2026-09-24
2008-02-20,40.653419494628906,70.91999816894531,69.88999938964844,71.22000122070312,69.83000183105469,20118300,EFA,Factor,2026-09-24
2008-02-21,40.57890701293945,70.79000091552734,71.69000244140625,71.83999633789062,70.73999786376953,11478900,EFA,Factor,2026-09-24
2008-02-22,41.09480285644531,71.69000244140625,71.66999816894531,71.69000244140625,70.36000061035156,12524600,EFA,Factor,2026-09-24
2008-02-25,41.748291015625,72.83000183105469,71.91999816894531,72.86000061035156,71.52999877929688,12643600,EFA,Factor,2026-09-24
2008-02-26,42.36737060546875,73.91000366210938,72.88999938964844,74.23999786376953,72.63999938964844,11409300,EFA,Factor,2026-09-24
2008-02-27,42.504947662353516,74.1500015258789,73.4000015258789,74.52999877929688,73.37000274658203,12680700,EFA,Factor,2026-09-24
2008-02-28,42.09795379638672,73.44000244140625,73.55999755859375,73.87000274658203,73.20999908447266,9345600,EFA,Factor,2026-09-24
2008-02-29,41.043209075927734,71.5999984741211,72.54000091552734,72.5999984741211,71.45999908447266,16244300,EFA,Factor,2026-09-24
2008-03-03,41.16358947753906,71.80999755859375,71.5199966430664,72.19000244140625,71.08999633789062,11907200,EFA,Factor,2026-09-24
2008-03-04,40.53876876831055,70.72000122070312,70.52999877929688,70.9800033569336,69.94000244140625,14389700,EFA,Factor,2026-09-24
2008-03-05,41.0260124206543,71.56999969482422,71.31999969482422,72.05999755859375,70.95999908447266,11441200,EFA,Factor,2026-09-24
2008-03-06,40.44131851196289,70.55000305175781,71.5999984741211,71.7300033569336,70.52999877929688,11643200,EFA,Factor,2026-09-24
2008-03-07,39.96554183959961,69.72000122070312,69.94999694824219,70.73999786376953,69.44999694824219,10738500,EFA,Factor,2026-09-24
2008-03-10,39.7649040222168,69.37000274658203,70.19999694824219,72.5,68.97000122070312,25154900,EFA,Factor,2026-09-24
2008-03-11,41.020286560058594,71.55999755859375,71.08000183105469,71.55999755859375,70.05000305175781,14641800,EFA,Factor,2026-09-24
2008-03-12,41.020286560058594,71.55999755859375,71.80999755859375,72.0,71.25,15803200,EFA,Factor,2026-09-24
2008-03-13,41.08906936645508,71.68000030517578,70.44000244140625,71.94999694824219,70.13999938964844,11435300,EFA,Factor,2026-09-24
2008-03-14,40.09738540649414,69.94999694824219,71.63999938964844,71.79000091552734,69.43000030517578,13901300,EFA,Factor,2026-09-24
2008-03-17,39.48975372314453,68.88999938964844,68.16000366210938,69.47000122070312,67.87999725341797,17473700,EFA,Factor,2026-09-24
2008-03-18,40.69927978515625,71.0,70.05000305175781,71.0,69.80000305175781,18299700,EFA,Factor,2026-09-24
2008-03-19,39.226078033447266,68.43000030517578,70.33999633789062,70.6500015258789,68.30999755859375,13885800,EFA,Factor,2026-09-24
2008-03-20,39.816505432128906,69.45999908447266,68.0,69.58000183105469,67.79000091552734,14106800,EFA,Factor,2026-09-24
2008-03-24,40.54450225830078,70.7300033569336,69.7699966430664,71.08000183105469,69.7699966430664,13955800,EFA,Factor,2026-09-24
2008-03-25,41.13494110107422,71.76000213623047,71.30000305175781,71.91999816894531,70.87999725341797,18299600,EFA,Factor,2026-09-24
2008-03-26,41.13494110107422,71.76000213623047,71.79000091552734,72.06999969482422,71.38999938964844,12468500,EFA,Factor,2026-09-24
2008-03-27,41.10053634643555,71.69999694824219,72.86000061035156,72.86000061035156,71.68000030517578,10316600,EFA,Factor,2026-09-24
2008-03-28,41.0661506652832,71.63999938964844,72.12000274658203,72.29000091552734,71.55999755859375,11224600,EFA,Factor,2026-09-24
2008-03-31,41.21517562866211,71.9000015258789,71.69000244140625,72.38999938964844,71.62000274658203,15065500,EFA,Factor,2026-09-24
2008-04-01,42.516414642333984,74.16999816894531,72.9000015258789,74.23999786376953,72.73999786376953,18534500,EFA,Factor,2026-09-24
2008-04-02,42.608131408691406,74.33000183105469,74.1500015258789,74.58999633789062,73.77999877929688,10982700,EFA,Factor,2026-09-24
2008-04-03,42.73423767089844,74.55000305175781,73.8499984741211,74.80999755859375,73.80999755859375,7069400,EFA,Factor,2026-09-24
2008-04-04,42.87753677368164,74.80000305175781,74.77999877929688,75.13999938964844,74.26000213623047,9901600,EFA,Factor,2026-09-24
2008-04-07,43.141231536865234,75.26000213623047,75.5,75.62000274658203,75.0999984741211,7494700,EFA,Factor,2026-09-24
2008-04-08,42.688377380371094,74.47000122070312,74.23999786376953,74.6500015258789,74.13999938964844,7534000,EFA,Factor,2026-09-24
2008-04-09,42.33869934082031,73.86000061035156,74.44999694824219,74.48999786376953,73.73999786376953,11748900,EFA,Factor,2026-09-24
2008-04-10,42.20687484741211,73.62999725341797,73.68000030517578,74.04000091552734,73.23999786376953,12757700,EFA,Factor,2026-09-24
2008-04-11,41.63936233520508,72.63999938964844,73.19999694824219,73.44999694824219,72.63999938964844,7246900,EFA,Factor,2026-09-24
2008-04-14,41.73108673095703,72.80000305175781,72.87000274658203,73.11000061035156,72.58000183105469,7161800,EFA,Factor,2026-09-24
2008-04-15,42.023433685302734,73.30999755859375,73.26000213623047,73.33999633789062,72.73999786376953,10849500,EFA,Factor,2026-09-24
2008-04-16,43.34758758544922,75.62000274658203,74.4800033569336,75.62000274658203,74.41000366210938,10529100,EFA,Factor,2026-09-24
2008-04-17,42.86608123779297,74.77999877929688,74.4000015258789,74.88999938964844,74.30000305175781,17629000,EFA,Factor,2026-09-24
2008-04-18,43.169891357421875,75.30999755859375,75.26000213623047,75.66999816894531,75.01000213623047,19354900,EFA,Factor,2026-09-24
2008-04-21,43.50809097290039,75.9000015258789,75.47000122070312,75.93000030517578,75.29000091552734,6355100,EFA,Factor,2026-09-24
2008-04-22,43.05524444580078,75.11000061035156,75.3499984741211,75.44999694824219,74.81999969482422,7264100,EFA,Factor,2026-09-24
2008-04-23,43.278804779052734,75.5,75.0999984741211,75.63999938964844,74.69000244140625,10522800,EFA,Factor,2026-09-24
2008-04-24,42.99793243408203,75.01000213623047,74.73999786376953,75.43000030517578,74.23999786376953,8145200,EFA,Factor,2026-09-24
2008-04-25,43.35332107543945,75.62999725341797,75.79000091552734,75.9800033569336,75.33999633789062,17696000,EFA,Factor,2026-09-24
2008-04-28,43.60554122924805,76.06999969482422,76.25,76.37000274658203,76.01000213623047,7686400,EFA,Factor,2026-09-24
2008-04-29,43.22146987915039,75.4000015258789,75.56999969482422,75.66000366210938,75.29000091552734,7570100,EFA,Factor,2026-09-24
2008-04-30,43.456512451171875,75.80999755859375,75.62999725341797,76.4000015258789,75.62000274658203,9458000,EFA,Factor,2026-09-24
2008-05-01,43.72019958496094,76.2699966430664,75.4000015258789,76.33999633789062,75.33999633789062,11560300,EFA,Factor,2026-09-24
2008-05-02,43.84056854248047,76.4800033569336,76.80000305175781,76.9000015258789,76.08999633789062,15374600,EFA,Factor,2026-09-24
2008-05-05,43.91510009765625,76.61000061035156,76.69999694824219,76.77999877929688,76.41999816894531,7669900,EFA,Factor,2026-09-24
2008-05-06,44.2418327331543,77.18000030517578,76.3499984741211,77.2699966430664,76.2699966430664,8318300,EFA,Factor,2026-09-24
2008-05-07,43.46797561645508,75.83000183105469,76.69000244140625,76.87000274658203,75.7300033569336,9339200,EFA,Factor,2026-09-24
2008-05-08,43.8463020324707,76.48999786376953,76.43000030517578,76.7699966430664,76.2300033569336,6971300,EFA,Factor,2026-09-24
2008-05-09,43.49663162231445,75.87999725341797,75.7300033569336,76.1500015258789,75.62999725341797,5649300,EFA,Factor,2026-09-24
2008-05-12,43.93229293823242,76.63999938964844,76.1500015258789,76.7699966430664,76.02999877929688,6293200,EFA,Factor,2026-09-24
2008-05-13,43.783241271972656,76.37999725341797,76.41000366210938,76.47000122070312,76.05000305175781,8349900,EFA,Factor,2026-09-24
2008-05-14,43.783241271972656,76.37999725341797,76.56999969482422,76.97000122070312,76.37999725341797,7236300,EFA,Factor,2026-09-24
2008-05-15,44.5284423828125,77.68000030517578,76.97000122070312,77.73999786376953,76.83000183105469,6406700,EFA,Factor,2026-09-24
2008-05-16,45.00996398925781,78.5199966430664,78.0,78.52999877929688,77.80000305175781,8314200,EFA,Factor,2026-09-24
2008-05-19,44.82653045654297,78.19999694824219,78.55999755859375,78.7699966430664,78.08000183105469,7394100,EFA,Factor,2026-09-24
2008-05-20,44.413795471191406,77.4800033569336,77.95999908447266,78.01000213623047,77.37000274658203,11190900,EFA,Factor,2026-09-24
2008-05-21,43.90934753417969,76.5999984741211,77.56999969482422,77.69000244140625,76.52999877929688,13505300,EFA,Factor,2026-09-24
2008-05-22,44.4195442199707,77.48999786376953,77.45999908447266,77.7300033569336,77.25,9171800,EFA,Factor,2026-09-24
2008-05-23,43.91510009765625,76.61000061035156,77.33000183105469,77.33999633789062,76.5,7094000,EFA,Factor,2026-09-24
2008-05-27,43.8291015625,76.45999908447266,76.13999938964844,76.47000122070312,75.91000366210938,7625800,EFA,Factor,2026-09-24
2008-05-28,43.82338333129883,76.44999694824219,76.37000274658203,76.48999786376953,75.8499984741211,7705900,EFA,Factor,2026-09-24
2008-05-29,43.725929260253906,76.27999877929688,75.87000274658203,76.55999755859375,75.80000305175781,9804200,EFA,Factor,2026-09-24
2008-05-30,43.972415924072266,76.70999908447266,76.5999984741211,76.9000015258789,76.54000091552734,8651600,EFA,Factor,2026-09-24
2008-06-02,43.513832092285156,75.91000366210938,76.08000183105469,76.1500015258789,75.6500015258789,9327700,EFA,Factor,2026-09-24
2008-06-03,43.42209243774414,75.75,76.08000183105469,76.29000091552734,75.30999755859375,9969600,EFA,Factor,2026-09-24
2008-06-04,43.169891357421875,75.30999755859375,75.27999877929688,75.80000305175781,75.12999725341797,8132200,EFA,Factor,2026-09-24
2008-06-05,43.88642883300781,76.55999755859375,75.5,76.55999755859375,75.30000305175781,8738200,EFA,Factor,2026-09-24
2008-06-06,42.625328063964844,74.36000061035156,75.58999633789062,75.63999938964844,74.3499984741211,9983700,EFA,Factor,2026-09-24
2008-06-09,42.567996978759766,74.26000213623047,75.0,75.01000213623047,73.88999938964844,8157900,EFA,Factor,2026-09-24
2008-06-10,41.845726013183594,73.0,72.97000122070312,73.4800033569336,72.81999969482422,8925100,EFA,Factor,2026-09-24
2008-06-11,41.3126335144043,72.06999969482422,72.9000015258789,72.98999786376953,71.97000122070312,13177900,EFA,Factor,2026-09-24
2008-06-12,41.16931915283203,71.81999969482422,71.8499984741211,72.25,71.54000091552734,11209500,EFA,Factor,2026-09-24
2008-06-13,41.54765319824219,72.4800033569336,71.69999694824219,72.4800033569336,71.58000183105469,10236300,EFA,Factor,2026-09-24
2008-06-16,41.75975036621094,72.8499984741211,72.4000015258789,72.94000244140625,72.29000091552734,9815600,EFA,Factor,2026-09-24
2008-06-17,41.885868072509766,73.06999969482422,73.66000366210938,73.66000366210938,72.9000015258789,7013000,EFA,Factor,2026-09-24
2008-06-18,41.54191207885742,72.47000122070312,72.33000183105469,72.62000274658203,72.06999969482422,14861100,EFA,Factor,2026-09-24
2008-06-19,41.461666107177734,72.33000183105469,72.08999633789062,72.5,71.8499984741211,25370000,EFA,Factor,2026-09-24
2008-06-20,40.55595779418945,70.75,71.30000305175781,71.36000061035156,70.5999984741211,14909700,EFA,Factor,2026-09-24
2008-06-23,40.55023193359375,70.73999786376953,70.80999755859375,70.91000366210938,70.43000030517578,12852800,EFA,Factor,2026-09-24
2008-06-24,40.36680221557617,70.41999816894531,70.30999755859375,70.86000061035156,70.0,18685000,EFA,Factor,2026-09-24
2008-06-25,40.797855377197266,69.8499984741211,69.6500015258789,70.4800033569336,69.6500015258789,21446000,EFA,Factor,2026-09-24
2008-06-26,39.7640380859375,68.08000183105469,69.19999694824219,69.30000305175781,68.08000183105469,18484600,EFA,Factor,2026-09-24
2008-06-27,39.86916732788086,68.26000213623047,68.70999908447266,68.80999755859375,68.05999755859375,28977200,EFA,Factor,2026-09-24
2008-06-30,40.10865020751953,68.66999816894531,68.70999908447266,69.05999755859375,68.6500015258789,16126000,EFA,Factor,2026-09-24
2008-07-01,39.676422119140625,67.93000030517578,67.55000305175781,67.97000122070312,66.88999938964844,19350900,EFA,Factor,2026-09-24
2008-07-02,39.045616149902344,66.8499984741211,68.3499984741211,68.37000274658203,66.66999816894531,16759900,EFA,Factor,2026-09-24
2008-07-03,39.29677963256836,67.27999877929688,67.5,67.56999969482422,66.62999725341797,14420600,EFA,Factor,2026-09-24
2008-07-07,38.95800018310547,66.69999694824219,67.04000091552734,67.43000030517578,66.2699966430664,13827600,EFA,Factor,2026-09-24
2008-07-08,39.162437438964844,67.05000305175781,66.41000366210938,67.08999633789062,65.93000030517578,13982800,EFA,Factor,2026-09-24
2008-07-09,38.6542854309082,66.18000030517578,67.37999725341797,67.5,66.18000030517578,12121800,EFA,Factor,2026-09-24
2008-07-10,38.987213134765625,66.75,66.38999938964844,66.80999755859375,66.05999755859375,14732600,EFA,Factor,2026-09-24
2008-07-11,38.373924255371094,65.69999694824219,65.69000244140625,66.11000061035156,64.9800033569336,15132800,EFA,Factor,2026-09-24
2008-07-14,38.29216003417969,65.55999755859375,66.4000015258789,66.4000015258789,65.38999938964844,9231800,EFA,Factor,2026-09-24
2008-07-15,37.67887496948242,64.51000213623047,64.63999938964844,65.19999694824219,64.06999969482422,21612800,EFA,Factor,2026-09-24
2008-07-16,38.373924255371094,65.69999694824219,64.25,65.80000305175781,64.08000183105469,16201500,EFA,Factor,2026-09-24
2008-07-17,38.95800018310547,66.69999694824219,66.62000274658203,66.87000274658203,66.16999816894531,13884100,EFA,Factor,2026-09-24
2008-07-18,39.20915222167969,67.12999725341797,66.7699966430664,67.16000366210938,66.45999908447266,14274700,EFA,Factor,2026-09-24
2008-07-21,39.43694305419922,67.5199966430664,67.7300033569336,67.75,67.19000244140625,9320000,EFA,Factor,2026-09-24
2008-07-22,39.571292877197266,67.75,66.66999816894531,67.77999877929688,66.61000061035156,10336400,EFA,Factor,2026-09-24
2008-07-23,39.717308044433594,68.0,67.97000122070312,68.38999938964844,67.81999969482422,10399000,EFA,Factor,2026-09-24
2008-07-24,38.9930534362793,66.76000213623047,67.94999694824219,67.94999694824219,66.68000030517578,9628200,EFA,Factor,2026-09-24
2008-07-25,39.074825286865234,66.9000015258789,66.87000274658203,67.22000122070312,66.55000305175781,7867600,EFA,Factor,2026-09-24
2008-07-28,38.420654296875,65.77999877929688,66.97000122070312,66.97000122070312,65.72000122070312,11142000,EFA,Factor,2026-09-24
2008-07-29,38.8003044128418,66.43000030517578,65.69000244140625,66.45999908447266,65.66999816894531,10323600,EFA,Factor,2026-09-24
2008-07-30,39.162437438964844,67.05000305175781,66.75,67.08999633789062,66.45999908447266,14376900,EFA,Factor,2026-09-24
2008-07-31,38.77693557739258,66.38999938964844,66.69999694824219,67.0,66.23999786376953,11372800,EFA,Factor,2026-09-24
2008-08-01,38.198707580566406,65.4000015258789,66.1500015258789,66.19000244140625,65.29000091552734,11859500,EFA,Factor,2026-09-24
2008-08-04,37.83658218383789,64.77999877929688,65.3499984741211,65.37999725341797,64.7300033569336,8556700,EFA,Factor,2026-09-24
2008-08-05,38.794464111328125,66.41999816894531,65.6500015258789,66.43000030517578,65.4800033569336,14263900,EFA,Factor,2026-09-24
2008-08-06,38.806148529052734,66.44000244140625,65.95999908447266,66.55000305175781,65.73999786376953,11507700,EFA,Factor,2026-09-24
2008-08-07,38.02932357788086,65.11000061035156,65.91000366210938,65.91999816894531,65.0,8099900,EFA,Factor,2026-09-24
2008-08-08,38.18703079223633,65.37999725341797,64.23999786376953,65.55000305175781,64.06999969482422,10579200,EFA,Factor,2026-09-24
2008-08-11,38.15198516845703,65.31999969482422,65.43000030517578,65.7300033569336,65.1500015258789,10024200,EFA,Factor,2026-09-24
2008-08-12,37.877464294433594,64.8499984741211,65.31999969482422,65.33999633789062,64.62000274658203,9630900,EFA,Factor,2026-09-24
2008-08-13,37.281707763671875,63.83000183105469,63.9900016784668,64.23999786376953,63.31999969482422,12559300,EFA,Factor,2026-09-24
2008-08-14,37.13568878173828,63.58000183105469,63.36000061035156,63.97999954223633,63.25,10306700,EFA,Factor,2026-09-24
2008-08-15,36.8903694152832,63.15999984741211,63.189998626708984,63.45000076293945,62.939998626708984,8640600,EFA,Factor,2026-09-24
2008-08-18,36.703460693359375,62.84000015258789,63.779998779296875,63.79999923706055,62.599998474121094,11535300,EFA,Factor,2026-09-24
2008-08-19,36.28877639770508,62.130001068115234,62.099998474121094,62.220001220703125,61.7599983215332,11853200,EFA,Factor,2026-09-24
2008-08-20,36.504878997802734,62.5,62.29999923706055,62.5,61.900001525878906,15433500,EFA,Factor,2026-09-24
2008-08-21,36.65089797973633,62.75,62.34000015258789,62.900001525878906,62.2400016784668,8964200,EFA,Factor,2026-09-24
2008-08-22,36.820281982421875,63.040000915527344,62.83000183105469,63.189998626708984,62.70000076293945,6582300,EFA,Factor,2026-09-24
2008-08-25,36.242042541503906,62.04999923706055,62.91999816894531,62.9900016784668,61.90999984741211,10955100,EFA,Factor,2026-09-24
2008-08-26,36.42311096191406,62.36000061035156,62.119998931884766,62.650001525878906,61.93000030517578,7745000,EFA,Factor,2026-09-24
2008-08-27,36.76771545410156,62.95000076293945,62.689998626708984,63.0099983215332,62.5,9295000,EFA,Factor,2026-09-24
2008-08-28,37.240814208984375,63.7599983215332,63.720001220703125,63.83000183105469,63.5099983215332,11277400,EFA,Factor,2026-09-24
2008-08-29,37.129844665527344,63.56999969482422,63.88999938964844,64.1500015258789,63.5099983215332,11080000,EFA,Factor,2026-09-24
2008-09-02,36.55744552612305,62.59000015258789,63.41999816894531,63.540000915527344,62.540000915527344,14645400,EFA,Factor,2026-09-24
2008-09-03,36.40558624267578,62.33000183105469,62.349998474121094,62.61000061035156,61.97999954223633,10635700,EFA,Factor,2026-09-24
2008-09-04,34.84609603881836,59.65999984741211,61.61000061035156,61.68000030517578,59.619998931884766,16723100,EFA,Factor,2026-09-24
2008-09-05,34.71759796142578,59.439998626708984,59.349998474121094,59.68000030517578,58.66999816894531,17543700,EFA,Factor,2026-09-24
2008-09-08,35.494422912597656,60.77000045776367,61.33000183105469,61.38999938964844,59.959999084472656,19143200,EFA,Factor,2026-09-24
2008-09-09,34.34379577636719,58.79999923706055,60.33000183105469,60.540000915527344,58.77000045776367,12860600,EFA,Factor,2026-09-24
2008-09-10,34.67671203613281,59.369998931884766,59.68000030517578,59.83000183105469,59.060001373291016,15264600,EFA,Factor,2026-09-24
2008-09-11,34.60079574584961,59.2400016784668,58.0,59.290000915527344,57.72999954223633,16722400,EFA,Factor,2026-09-24
2008-09-12,35.2783203125,60.400001525878906,59.36000061035156,60.5,59.06999969482422,16526900,EFA,Factor,2026-09-24
2008-09-15,33.77723693847656,57.83000183105469,57.75,58.869998931884766,57.25,31607800,EFA,Factor,2026-09-24
2008-09-16,33.52608108520508,57.400001525878906,56.15999984741211,57.709999084472656,55.75,26092500,EFA,Factor,2026-09-24
2008-09-17,32.24695587158203,55.209999084472656,56.31999969482422,56.75,54.849998474121094,31227800,EFA,Factor,2026-09-24
2008-09-18,33.712982177734375,57.720001220703125,56.630001068115234,58.15999984741211,55.2599983215332,30062000,EFA,Factor,2026-09-24
2008-09-19,36.10186767578125,61.810001373291016,60.689998626708984,63.7400016784668,59.470001220703125,38923300,EFA,Factor,2026-09-24
2008-09-22,34.86946487426758,59.70000076293945,61.36000061035156,61.61000061035156,59.70000076293945,27789800,EFA,Factor,2026-09-24
2008-09-23,34.37883377075195,58.86000061035156,59.70000076293945,60.15999984741211,58.439998626708984,14862000,EFA,Factor,2026-09-24
2008-09-24,34.478126525878906,59.029998779296875,59.68000030517578,59.7599983215332,58.75,12657200,EFA,Factor,2026-09-24
2008-09-25,35.27247619628906,60.38999938964844,59.790000915527344,60.540000915527344,59.689998626708984,16568100,EFA,Factor,2026-09-24
2008-09-26,34.89866638183594,59.75,59.099998474121094,59.81999969482422,58.88999938964844,22570500,EFA,Factor,2026-09-24
2008-09-29,31.002872467041016,53.08000183105469,56.84000015258789,56.849998474121094,52.36000061035156,35675800,EFA,Factor,2026-09-24
2008-09-30,32.883602142333984,56.29999923706055,55.2400016784668,56.29999923706055,54.84000015258789,29246900,EFA,Factor,2026-09-24
2008-10-01,32.63827896118164,55.880001068115234,55.54999923706055,56.41999816894531,54.90999984741211,27952600,EFA,Factor,2026-09-24
2008-10-02,31.213134765625,53.439998626708984,54.810001373291016,54.95000076293945,53.29999923706055,23232500,EFA,Factor,2026-09-24
2008-10-03,31.090469360351562,53.22999954223633,53.54999923706055,55.470001220703125,53.09000015258789,34402700,EFA,Factor,2026-09-24
2008-10-06,29.332401275634766,50.220001220703125,51.18000030517578,51.25,48.150001525878906,53409500,EFA,Factor,2026-09-24
2008-10-07,27.95981216430664,47.869998931884766,51.29999923706055,51.4900016784668,47.869998931884766,37326000,EFA,Factor,2026-09-24
2008-10-08,27.334856033325195,46.79999923706055,47.150001525878906,48.84000015258789,46.29999923706055,42426500,EFA,Factor,2026-09-24
2008-10-09,25.69942855834961,44.0,48.13999938964844,48.310001373291016,43.630001068115234,35533300,EFA,Factor,2026-09-24
2008-10-10,24.741540908813477,42.36000061035156,41.310001373291016,43.7599983215332,40.02000045776367,59719300,EFA,Factor,2026-09-24
2008-10-13,28.672388076782227,49.09000015258789,45.650001525878906,49.52000045776367,45.31999969482422,57779900,EFA,Factor,2026-09-24
2008-10-14,28.082473754882812,48.08000183105469,50.40999984741211,50.88999938964844,47.060001373291016,41811500,EFA,Factor,2026-09-24
2008-10-15,25.086151123046875,42.95000076293945,46.849998474121094,47.0,42.90999984741211,35975400,EFA,Factor,2026-09-24
2008-10-16,26.56387710571289,45.47999954223633,44.2599983215332,45.540000915527344,41.97999954223633,44651300,EFA,Factor,2026-09-24
2008-10-17,25.997314453125,44.5099983215332,43.40999984741211,46.5,43.209999084472656,31032400,EFA,Factor,2026-09-24
2008-10-20,27.656099319458008,47.349998474121094,45.65999984741211,47.349998474121094,45.36000061035156,29347500,EFA,Factor,2026-09-24
2008-10-21,26.09661102294922,44.68000030517578,45.66999816894531,46.34000015258789,44.540000915527344,34623800,EFA,Factor,2026-09-24
2008-10-22,24.192506790161133,41.41999816894531,43.209999084472656,43.34000015258789,40.459999084472656,31546700,EFA,Factor,2026-09-24
2008-10-23,24.724031448364258,42.33000183105469,41.619998931884766,42.77000045776367,40.22999954223633,33626600,EFA,Factor,2026-09-24
2008-10-24,23.1236515045166,39.59000015258789,38.47999954223633,40.779998779296875,38.189998626708984,32920600,EFA,Factor,2026-09-24
2008-10-27,21.908769607543945,37.5099983215332,38.099998474121094,39.459999084472656,37.5,31682200,EFA,Factor,2026-09-24
2008-10-28,24.928455352783203,42.68000030517578,39.790000915527344,43.04999923706055,38.33000183105469,41688400,EFA,Factor,2026-09-24
2008-10-29,24.98685073852539,42.779998779296875,42.189998626708984,44.20000076293945,41.810001373291016,34384700,EFA,Factor,2026-09-24
2008-10-30,25.862977981567383,44.279998779296875,44.91999816894531,45.04999923706055,43.18000030517578,33312100,EFA,Factor,2026-09-24
2008-10-31,26.03235626220703,44.56999969482422,43.290000915527344,45.279998779296875,43.02000045776367,40976800,EFA,Factor,2026-09-24
2008-11-03,26.137493133544922,44.75,44.380001068115234,45.040000915527344,44.2599983215332,20436100,EFA,Factor,2026-09-24
2008-11-04,27.930614471435547,47.81999969482422,46.20000076293945,47.900001525878906,46.08000183105469,29640600,EFA,Factor,2026-09-24
2008-11-05,26.412004470825195,45.220001220703125,46.939998626708984,47.75,45.119998931884766,29660700,EFA,Factor,2026-09-24
2008-11-06,24.706504821777344,42.29999923706055,44.77000045776367,45.060001373291016,41.91999816894531,35121300,EFA,Factor,2026-09-24
2008-11-07,26.10245132446289,44.689998626708984,43.84000015258789,44.810001373291016,43.599998474121094,28171200,EFA,Factor,2026-09-24
2008-11-10,25.71111488342285,44.02000045776367,45.45000076293945,45.4900016784668,43.310001373291016,25590000,EFA,Factor,2026-09-24
2008-11-11,24.86420249938965,42.56999969482422,43.029998779296875,43.31999969482422,41.81999969482422,34095000,EFA,Factor,2026-09-24
2008-11-12,23.526662826538086,40.279998779296875,41.61000061035156,41.810001373291016,40.25,35248700,EFA,Factor,2026-09-24
2008-11-13,25.53005027770996,43.709999084472656,40.79999923706055,43.709999084472656,39.310001373291016,51118000,EFA,Factor,2026-09-24
2008-11-14,24.06401252746582,41.20000076293945,41.68000030517578,42.7400016784668,40.77000045776367,48148100,EFA,Factor,2026-09-24
2008-11-17,23.625957489013672,40.45000076293945,40.7599983215332,41.650001525878906,40.040000915527344,30054400,EFA,Factor,2026-09-24
2008-11-18,23.666837692260742,40.52000045776367,40.0,41.029998779296875,39.5,44628000,EFA,Factor,2026-09-24
2008-11-19,22.0839900970459,37.810001373291016,40.099998474121094,40.5,37.7400016784668,45216100,EFA,Factor,2026-09-24
2008-11-20,20.869115829467773,35.72999954223633,37.68000030517578,38.47999954223633,35.529998779296875,54184200,EFA,Factor,2026-09-24
2008-11-21,22.352664947509766,38.27000045776367,37.709999084472656,38.33000183105469,35.84000015258789,49797000,EFA,Factor,2026-09-24
2008-11-24,23.690202713012695,40.560001373291016,39.09000015258789,41.5099983215332,38.75,41988500,EFA,Factor,2026-09-24
2008-11-25,24.122425079345703,41.29999923706055,41.83000183105469,41.97999954223633,40.150001525878906,46002000,EFA,Factor,2026-09-24
2008-11-26,24.385257720947266,41.75,40.189998626708984,41.900001525878906,40.11000061035156,34099900,EFA,Factor,2026-09-24
2008-11-28,24.37357521057129,41.72999954223633,41.290000915527344,41.90999984741211,41.09000015258789,17627900,EFA,Factor,2026-09-24
2008-12-01,22.38187026977539,38.31999969482422,40.310001373291016,40.400001525878906,38.18000030517578,50272000,EFA,Factor,2026-09-24
2008-12-02,23.596757888793945,40.400001525878906,39.7400016784668,40.59000015258789,39.2400016784668,44399000,EFA,Factor,2026-09-24
2008-12-03,23.912155151367188,40.939998626708984,39.18000030517578,40.939998626708984,39.040000915527344,41980400,EFA,Factor,2026-09-24
2008-12-04,23.176218032836914,39.68000030517578,39.630001068115234,40.52000045776367,38.81999969482422,41836300,EFA,Factor,2026-09-24
2008-12-05,23.468259811401367,40.18000030517578,38.95000076293945,40.349998474121094,38.09000015258789,41059200,EFA,Factor,2026-09-24
2008-12-08,24.58384895324707,42.09000015258789,41.349998474121094,42.400001525878906,41.119998931884766,45982000,EFA,Factor,2026-09-24
2008-12-09,24.356061935424805,41.70000076293945,41.810001373291016,42.630001068115234,41.439998626708984,38538000,EFA,Factor,2026-09-24
2008-12-10,24.998537063598633,42.79999923706055,42.459999084472656,43.0,42.04999923706055,39997900,EFA,Factor,2026-09-24
2008-12-11,24.887561798095703,42.61000061035156,42.939998626708984,43.63999938964844,42.29999923706055,36787800,EFA,Factor,2026-09-24
2008-12-12,25.132875442504883,43.029998779296875,41.81999969482422,43.29999923706055,41.720001220703125,42675200,EFA,Factor,2026-09-24
2008-12-15,25.19712257385254,43.13999938964844,43.220001220703125,43.31999969482422,42.470001220703125,44527700,EFA,Factor,2026-09-24
2008-12-16,26.645639419555664,45.619998931884766,43.04999923706055,45.790000915527344,43.04999923706055,47026500,EFA,Factor,2026-09-24
2008-12-17,26.511302947998047,45.38999938964844,44.59000015258789,45.779998779296875,44.5099983215332,45054900,EFA,Factor,2026-09-24
2008-12-18,25.69942855834961,44.0,45.279998779296875,45.29999923706055,43.439998626708984,42315200,EFA,Factor,2026-09-24
2008-12-19,25.32562828063965,43.36000061035156,43.63999938964844,44.119998931884766,43.02000045776367,38356000,EFA,Factor,2026-09-24
2008-12-22,25.15040397644043,43.060001373291016,43.619998931884766,43.70000076293945,42.45000076293945,36928300,EFA,Factor,2026-09-24
2008-12-23,24.961713790893555,42.20000076293945,42.880001068115234,42.97999954223633,41.970001220703125,32553600,EFA,Factor,2026-09-24
2008-12-24,25.292957305908203,42.7599983215332,42.65999984741211,42.83000183105469,42.310001373291016,16114600,EFA,Factor,2026-09-24
2008-12-26,25.411252975463867,42.959999084472656,42.880001068115234,43.2400016784668,42.599998474121094,13297600,EFA,Factor,2026-09-24
2008-12-29,25.417177200317383,42.970001220703125,43.59000015258789,43.65999984741211,42.689998626708984,29150100,EFA,Factor,2026-09-24
2008-12-30,26.18022346496582,44.2599983215332,43.45000076293945,44.33000183105469,43.310001373291016,28477600,EFA,Factor,2026-09-24
2008-12-31,26.53512191772461,44.86000061035156,44.119998931884766,45.150001525878906,43.88999938964844,26881200,EFA,Factor,2026-09-24
2009-01-02,26.87820053100586,45.439998626708984,44.59000015258789,45.619998931884766,44.45000076293945,21928500,EFA,Factor,2026-09-24
2009-01-05,26.446395874023438,44.709999084472656,44.689998626708984,45.060001373291016,44.40999984741211,27947600,EFA,Factor,2026-09-24
2009-01-06,26.73032569885254,45.189998626708984,44.900001525878906,45.5,44.529998779296875,23282100,EFA,Factor,2026-09-24
2009-01-07,26.268949508666992,44.40999984741211,44.849998474121094,44.9900016784668,44.130001068115234,23930600,EFA,Factor,2026-09-24
2009-01-08,26.659343719482422,45.06999969482422,44.470001220703125,45.099998474121094,44.13999938964844,19883800,EFA,Factor,2026-09-24
2009-01-09,25.736581802368164,43.5099983215332,44.54999923706055,44.599998474121094,43.470001220703125,31728900,EFA,Factor,2026-09-24
2009-01-12,25.115495681762695,42.459999084472656,43.279998779296875,43.31999969482422,42.2599983215332,28816400,EFA,Factor,2026-09-24
2009-01-13,24.654123306274414,41.68000030517578,41.619998931884766,42.029998779296875,41.27000045776367,29424100,EFA,Factor,2026-09-24
2009-01-14,23.64264488220215,39.970001220703125,40.56999969482422,40.59000015258789,39.709999084472656,37212600,EFA,Factor,2026-09-24
2009-01-15,23.855588912963867,40.33000183105469,40.2400016784668,40.709999084472656,39.209999084472656,42030800,EFA,Factor,2026-09-24
2009-01-16,23.9975528717041,40.56999969482422,41.25,41.310001373291016,39.709999084472656,39032500,EFA,Factor,2026-09-24
2009-01-20,22.240760803222656,37.599998474121094,39.13999938964844,39.20000076293945,37.56999969482422,58657300,EFA,Factor,2026-09-24
2009-01-21,23.32914924621582,39.439998626708984,38.400001525878906,39.47999954223633,37.900001525878906,48048200,EFA,Factor,2026-09-24
2009-01-22,22.78495216369629,38.52000045776367,38.13999938964844,38.810001373291016,37.68000030517578,40891400,EFA,Factor,2026-09-24
2009-01-23,22.625244140625,38.25,37.11000061035156,38.529998779296875,37.0,37917500,EFA,Factor,2026-09-24
2009-01-26,23.06887435913086,39.0,38.619998931884766,39.52000045776367,38.470001220703125,38347800,EFA,Factor,2026-09-24
2009-01-27,23.5184268951416,39.7599983215332,39.40999984741211,39.93000030517578,39.150001525878906,35276200,EFA,Factor,2026-09-24
2009-01-28,24.210493087768555,40.93000030517578,40.75,41.2400016784668,40.5,37581800,EFA,Factor,2026-09-24
2009-01-29,23.110280990600586,39.06999969482422,39.900001525878906,39.939998626708984,38.959999084472656,26066100,EFA,Factor,2026-09-24
2009-01-30,22.891433715820312,38.70000076293945,39.4900016784668,39.58000183105469,38.5099983215332,33244900,EFA,Factor,2026-09-24
2009-02-02,22.66665267944336,38.31999969482422,37.970001220703125,38.599998474121094,37.880001068115234,29679400,EFA,Factor,2026-09-24
2009-02-03,23.31731414794922,39.41999816894531,38.810001373291016,39.77000045776367,38.47999954223633,28446900,EFA,Factor,2026-09-24
2009-02-04,23.19901466369629,39.220001220703125,39.54999923706055,40.20000076293945,39.02000045776367,29274800,EFA,Factor,2026-09-24
2009-02-05,23.530254364013672,39.779998779296875,38.9900016784668,40.11000061035156,38.68000030517578,31645600,EFA,Factor,2026-09-24
2009-02-06,24.074445724487305,40.70000076293945,39.939998626708984,40.88999938964844,39.849998474121094,28635900,EFA,Factor,2026-09-24
2009-02-09,24.068523406982422,40.689998626708984,40.68000030517578,40.959999084472656,40.40999984741211,27143500,EFA,Factor,2026-09-24
2009-02-10,22.873687744140625,38.66999816894531,40.25,40.5099983215332,38.47999954223633,35169400,EFA,Factor,2026-09-24
2009-02-11,23.122112274169922,39.09000015258789,39.279998779296875,39.439998626708984,38.5099983215332,24101600,EFA,Factor,2026-09-24
2009-02-12,23.051132202148438,38.970001220703125,38.2599983215332,39.0,37.869998931884766,40755800,EFA,Factor,2026-09-24
2009-02-13,22.802701950073242,38.54999923706055,38.790000915527344,39.08000183105469,38.47999954223633,21184200,EFA,Factor,2026-09-24
2009-02-17,21.590103149414062,36.5,36.93000030517578,37.04999923706055,36.369998931884766,32955300,EFA,Factor,2026-09-24
2009-02-18,21.57236099243164,36.470001220703125,36.779998779296875,36.790000915527344,36.029998779296875,35001300,EFA,Factor,2026-09-24
2009-02-19,21.542781829833984,36.41999816894531,37.290000915527344,37.439998626708984,36.25,25953000,EFA,Factor,2026-09-24
2009-02-20,21.22928237915039,35.88999938964844,35.29999923706055,36.33000183105469,35.25,52151800,EFA,Factor,2026-09-24
2009-02-23,20.418916702270508,34.52000045776367,36.18000030517578,36.20000076293945,34.52000045776367,38218200,EFA,Factor,2026-09-24
2009-02-24,21.27068519592285,35.959999084472656,34.86000061035156,36.099998474121094,34.58000183105469,36854600,EFA,Factor,2026-09-24
2009-02-25,20.685094833374023,34.970001220703125,35.43000030517578,35.61000061035156,34.5099983215332,39168800,EFA,Factor,2026-09-24
2009-02-26,20.513561248779297,34.68000030517578,35.58000183105469,35.79999923706055,34.61000061035156,27205700,EFA,Factor,2026-09-24
2009-02-27,20.513561248779297,34.68000030517578,34.33000183105469,35.36000061035156,34.33000183105469,38490900,EFA,Factor,2026-09-24
2009-03-02,19.336456298828125,32.689998626708984,33.63999938964844,33.79999923706055,32.61000061035156,42422600,EFA,Factor,2026-09-24
2009-03-03,19.259557723999023,32.560001373291016,33.20000076293945,33.209999084472656,32.189998626708984,38727800,EFA,Factor,2026-09-24
2009-03-04,20.11724090576172,34.0099983215332,33.36000061035156,34.45000076293945,33.220001220703125,52339900,EFA,Factor,2026-09-24
2009-03-05,19.3068790435791,32.63999938964844,33.060001373291016,33.459999084472656,32.29999923706055,36082700,EFA,Factor,2026-09-24
2009-03-06,19.271387100219727,32.58000183105469,33.08000183105469,33.45000076293945,31.8700008392334,42251800,EFA,Factor,2026-09-24
2009-03-09,18.750856399536133,31.700000762939453,31.600000381469727,32.36000061035156,31.559999465942383,36485300,EFA,Factor,2026-09-24
2009-03-10,20.010770797729492,33.83000183105469,32.97999954223633,34.02000045776367,32.91999816894531,50262200,EFA,Factor,2026-09-24
2009-03-11,20.1231632232666,34.02000045776367,34.25,34.529998779296875,33.630001068115234,34253300,EFA,Factor,2026-09-24
2009-03-12,20.578628540039062,34.790000915527344,33.65999984741211,34.880001068115234,33.34000015258789,32384600,EFA,Factor,2026-09-24
2009-03-13,20.71466827392578,35.02000045776367,34.959999084472656,35.13999938964844,34.41999816894531,31335400,EFA,Factor,2026-09-24
2009-03-16,20.93944549560547,35.400001525878906,35.61000061035156,36.22999954223633,35.310001373291016,29486900,EFA,Factor,2026-09-24
2009-03-17,21.48955535888672,36.33000183105469,35.279998779296875,36.400001525878906,35.099998474121094,33219600,EFA,Factor,2026-09-24
2009-03-18,22.104721069335938,37.369998931884766,35.90999984741211,37.54999923706055,35.54999923706055,40962300,EFA,Factor,2026-09-24
2009-03-19,22.0928897857666,37.349998474121094,38.25,38.290000915527344,37.290000915527344,36731100,EFA,Factor,2026-09-24
2009-03-20,21.785297393798828,36.83000183105469,37.400001525878906,37.560001373291016,36.65999984741211,35560500,EFA,Factor,2026-09-24
2009-03-23,23.35280418395996,39.47999954223633,38.119998931884766,39.5099983215332,37.91999816894531,42113200,EFA,Factor,2026-09-24
2009-03-24,22.619327545166016,38.2400016784668,38.459999084472656,39.029998779296875,38.18000030517578,30868900,EFA,Factor,2026-09-24
2009-03-25,22.968320846557617,38.83000183105469,38.560001373291016,39.459999084472656,38.02000045776367,30873600,EFA,Factor,2026-09-24
2009-03-26,23.275901794433594,39.349998474121094,39.130001068115234,39.560001373291016,38.7599983215332,30230400,EFA,Factor,2026-09-24
2009-03-27,22.530603408813477,38.09000015258789,38.33000183105469,38.47999954223633,37.970001220703125,34326000,EFA,Factor,2026-09-24
2009-03-30,21.67291831970215,36.63999938964844,36.959999084472656,37.0,36.310001373291016,25835700,EFA,Factor,2026-09-24
2009-03-31,22.23485565185547,37.59000015258789,37.349998474121094,38.09000015258789,37.11000061035156,32838300,EFA,Factor,2026-09-24
2009-04-01,22.814531326293945,38.56999969482422,37.36000061035156,38.7400016784668,37.279998779296875,25661700,EFA,Factor,2026-09-24
2009-04-02,23.843759536743164,40.310001373291016,39.900001525878906,40.959999084472656,39.86000061035156,57242400,EFA,Factor,2026-09-24
2009-04-03,23.979806900024414,40.540000915527344,40.13999938964844,40.540000915527344,39.79999923706055,41385200,EFA,Factor,2026-09-24
2009-04-06,23.482938766479492,39.70000076293945,39.68000030517578,39.869998931884766,39.20000076293945,27320400,EFA,Factor,2026-09-24
2009-04-07,22.991985321044922,38.869998931884766,39.09000015258789,39.349998474121094,38.7400016784668,19333900,EFA,Factor,2026-09-24
2009-04-08,23.222673416137695,39.2599983215332,39.20000076293945,39.61000061035156,38.810001373291016,22120900,EFA,Factor,2026-09-24
2009-04-09,23.843759536743164,40.310001373291016,40.150001525878906,40.36000061035156,39.83000183105469,23172500,EFA,Factor,2026-09-24
2009-04-13,24.080360412597656,40.709999084472656,40.119998931884766,40.9900016784668,40.060001373291016,21135700,EFA,Factor,2026-09-24
2009-04-14,23.849681854248047,40.31999969482422,40.349998474121094,40.900001525878906,40.209999084472656,41502500,EFA,Factor,2026-09-24
2009-04-15,24.16317367553711,40.849998474121094,40.15999984741211,40.95000076293945,40.06999969482422,25623000,EFA,Factor,2026-09-24
2009-04-16,24.316967010498047,41.11000061035156,41.02000045776367,41.400001525878906,40.650001525878906,25014400,EFA,Factor,2026-09-24
2009-04-17,24.234146118164062,40.970001220703125,41.189998626708984,41.220001220703125,40.7599983215332,61325800,EFA,Factor,2026-09-24
2009-04-20,23.24041175842285,39.290000915527344,40.02000045776367,40.06999969482422,39.279998779296875,26049700,EFA,Factor,2026-09-24
2009-04-21,23.77277183532715,40.189998626708984,38.939998626708984,40.22999954223633,38.900001525878906,25499800,EFA,Factor,2026-09-24
2009-04-22,23.583492279052734,39.869998931884766,39.560001373291016,40.58000183105469,39.41999816894531,25022000,EFA,Factor,2026-09-24
2009-04-23,24.175006866455078,40.869998931884766,40.41999816894531,40.869998931884766,40.06999969482422,30545300,EFA,Factor,2026-09-24
2009-04-24,24.54765510559082,41.5,41.4900016784668,41.790000915527344,41.22999954223633,25969200,EFA,Factor,2026-09-24
2009-04-27,24.257822036743164,41.0099983215332,40.88999938964844,41.540000915527344,40.709999084472656,26745300,EFA,Factor,2026-09-24
2009-04-28,24.027124404907227,40.619998931884766,40.220001220703125,41.029998779296875,40.16999816894531,18634000,EFA,Factor,2026-09-24
2009-04-29,24.642292022705078,41.65999984741211,41.310001373291016,42.119998931884766,41.2400016784668,20784800,EFA,Factor,2026-09-24
2009-04-30,24.796092987060547,41.91999816894531,42.2599983215332,42.61000061035156,41.61000061035156,26982200,EFA,Factor,2026-09-24
2009-05-01,25.085926055908203,42.40999984741211,42.150001525878906,42.5,41.86000061035156,17786700,EFA,Factor,2026-09-24
2009-05-04,26.126976013183594,44.16999816894531,42.88999938964844,44.189998626708984,42.869998931884766,23451200,EFA,Factor,2026-09-24
2009-05-05,25.866722106933594,43.72999954223633,44.029998779296875,44.119998931884766,43.4900016784668,22298600,EFA,Factor,2026-09-24
2009-05-06,26.493722915649414,44.790000915527344,44.59000015258789,44.900001525878906,43.970001220703125,21040600,EFA,Factor,2026-09-24
2009-05-07,26.050085067749023,44.040000915527344,45.16999816894531,45.220001220703125,43.7400016784668,23946300,EFA,Factor,2026-09-24
2009-05-08,27.17987632751465,45.95000076293945,45.02000045776367,46.02000045776367,44.7599983215332,22988400,EFA,Factor,2026-09-24
2009-05-11,26.48780059814453,44.779998779296875,44.84000015258789,45.11000061035156,44.619998931884766,17460900,EFA,Factor,2026-09-24
2009-05-12,26.77172088623047,45.2599983215332,45.380001068115234,45.4900016784668,44.66999816894531,26285000,EFA,Factor,2026-09-24
2009-05-13,25.860801696777344,43.720001220703125,44.220001220703125,44.279998779296875,43.59000015258789,23257600,EFA,Factor,2026-09-24
2009-05-14,26.115156173706055,44.150001525878906,43.689998626708984,44.459999084472656,43.58000183105469,27380600,EFA,Factor,2026-09-24
2009-05-15,25.878549575805664,43.75,44.25,44.56999969482422,43.56999969482422,20457900,EFA,Factor,2026-09-24
2009-05-18,26.866374969482422,45.41999816894531,44.68000030517578,45.5,44.529998779296875,18600700,EFA,Factor,2026-09-24
2009-05-19,27.108888626098633,45.83000183105469,45.619998931884766,46.11000061035156,45.4900016784668,19522000,EFA,Factor,2026-09-24
2009-05-20,27.28634262084961,46.130001068115234,46.2599983215332,46.849998474121094,46.029998779296875,18872900,EFA,Factor,2026-09-24
2009-05-21,27.079313278198242,45.779998779296875,45.54999923706055,45.93000030517578,45.29999923706055,20081100,EFA,Factor,2026-09-24
2009-05-22,27.23310661315918,46.040000915527344,46.209999084472656,46.34000015258789,45.849998474121094,14279100,EFA,Factor,2026-09-24
2009-05-26,27.77729606628418,46.959999084472656,45.38999938964844,47.08000183105469,45.36000061035156,16247300,EFA,Factor,2026-09-24
2009-05-27,27.23902130126953,46.04999923706055,46.959999084472656,47.02000045776367,45.959999084472656,16274500,EFA,Factor,2026-09-24
2009-05-28,27.517026901245117,46.52000045776367,46.400001525878906,46.720001220703125,45.77000045776367,15523500,EFA,Factor,2026-09-24
2009-05-29,28.067129135131836,47.45000076293945,47.18000030517578,47.45000076293945,46.810001373291016,24526200,EFA,Factor,2026-09-24
2009-06-01,28.759201049804688,48.619998931884766,48.36000061035156,49.0,48.27000045776367,22592800,EFA,Factor,2026-09-24
2009-06-02,29.007625579833984,49.040000915527344,48.470001220703125,49.119998931884766,48.380001068115234,22182800,EFA,Factor,2026-09-24
2009-06-03,28.144033432006836,47.58000183105469,48.060001373291016,48.13999938964844,47.15999984741211,20937800,EFA,Factor,2026-09-24
2009-06-04,28.321483612060547,47.880001068115234,47.720001220703125,48.0,47.439998626708984,17158800,EFA,Factor,2026-09-24
2009-06-05,27.97248649597168,47.290000915527344,48.0,48.040000915527344,47.099998474121094,19216500,EFA,Factor,2026-09-24
2009-06-08,27.913339614868164,47.189998626708984,46.77000045776367,47.4900016784668,46.43000030517578,13937000,EFA,Factor,2026-09-24
2009-06-09,28.25642204284668,47.77000045776367,47.470001220703125,47.939998626708984,47.209999084472656,15957400,EFA,Factor,2026-09-24
2009-06-10,28.309656143188477,47.86000061035156,48.4900016784668,48.52000045776367,47.279998779296875,18468000,EFA,Factor,2026-09-24
2009-06-11,28.79468536376953,48.68000030517578,48.2599983215332,49.18000030517578,48.25,20225500,EFA,Factor,2026-09-24
2009-06-12,28.646814346313477,48.43000030517578,48.15999984741211,48.5099983215332,47.91999816894531,21098000,EFA,Factor,2026-09-24
2009-06-15,27.617586135864258,46.689998626708984,47.38999938964844,47.45000076293945,46.31999969482422,31484000,EFA,Factor,2026-09-24
2009-06-16,27.298173904418945,46.150001525878906,47.02000045776367,47.04999923706055,46.099998474121094,23389000,EFA,Factor,2026-09-24
2009-06-17,27.375059127807617,46.279998779296875,46.18000030517578,46.650001525878906,45.689998626708984,23802600,EFA,Factor,2026-09-24
2009-06-18,27.327747344970703,46.20000076293945,46.15999984741211,46.7400016784668,45.970001220703125,22429300,EFA,Factor,2026-09-24
2009-06-19,27.75954818725586,46.93000030517578,46.93000030517578,47.130001068115234,46.66999816894531,19576300,EFA,Factor,2026-09-24
2009-06-22,26.866374969482422,45.41999816894531,46.11000061035156,46.150001525878906,45.2599983215332,21491900,EFA,Factor,2026-09-24
2009-06-23,27.219764709472656,45.060001373291016,44.939998626708984,45.25,44.529998779296875,26980500,EFA,Factor,2026-09-24
2009-06-24,27.243919372558594,45.099998474121094,45.58000183105469,45.9900016784668,44.93000030517578,25708600,EFA,Factor,2026-09-24
2009-06-25,27.817792892456055,46.04999923706055,44.84000015258789,46.060001373291016,44.720001220703125,23606800,EFA,Factor,2026-09-24
2009-06-26,27.763425827026367,45.959999084472656,45.91999816894531,46.18000030517578,45.66999816894531,20799800,EFA,Factor,2026-09-24
2009-06-29,27.9990177154541,46.349998474121094,46.15999984741211,46.58000183105469,45.91999816894531,21139400,EFA,Factor,2026-09-24
2009-06-30,27.672821044921875,45.810001373291016,46.349998474121094,46.45000076293945,45.47999954223633,31292000,EFA,Factor,2026-09-24
2009-07-01,28.13191795349121,46.56999969482422,46.4900016784668,46.97999954223633,46.41999816894531,20169200,EFA,Factor,2026-09-24
2009-07-02,27.322444915771484,45.22999954223633,45.630001068115234,45.68000030517578,45.060001373291016,20744600,EFA,Factor,2026-09-24
2009-07-06,27.358692169189453,45.290000915527344,44.65999984741211,45.290000915527344,44.58000183105469,17299200,EFA,Factor,2026-09-24
2009-07-07,26.694210052490234,44.189998626708984,45.02000045776367,45.06999969482422,44.11000061035156,20032700,EFA,Factor,2026-09-24
2009-07-08,26.58548355102539,44.0099983215332,44.290000915527344,44.41999816894531,43.4900016784668,24263500,EFA,Factor,2026-09-24
2009-07-09,26.911678314208984,44.54999923706055,44.52000045776367,44.70000076293945,44.20000076293945,22637100,EFA,Factor,2026-09-24
2009-07-10,26.597562789916992,44.029998779296875,43.880001068115234,45.150001525878906,43.290000915527344,16245600,EFA,Factor,2026-09-24
2009-07-13,27.06269645690918,44.79999923706055,44.130001068115234,44.93000030517578,43.81999969482422,19678700,EFA,Factor,2026-09-24
2009-07-14,27.20767593383789,45.040000915527344,45.060001373291016,45.189998626708984,44.630001068115234,15241000,EFA,Factor,2026-09-24
2009-07-15,28.137958526611328,46.58000183105469,46.0099983215332,46.689998626708984,45.939998626708984,21318700,EFA,Factor,2026-09-24
2009-07-16,28.385635375976562,46.9900016784668,46.58000183105469,47.119998931884766,46.400001525878906,15476600,EFA,Factor,2026-09-24
2009-07-17,28.282939910888672,46.81999969482422,46.689998626708984,46.959999084472656,46.5099983215332,16180900,EFA,Factor,2026-09-24
2009-07-20,28.832645416259766,47.72999954223633,47.58000183105469,47.83000183105469,47.279998779296875,15950700,EFA,Factor,2026-09-24
2009-07-21,29.013870239257812,48.029998779296875,48.310001373291016,48.31999969482422,47.5,19663900,EFA,Factor,2026-09-24
2009-07-22,29.086360931396484,48.150001525878906,47.650001525878906,48.369998931884766,47.630001068115234,16927500,EFA,Factor,2026-09-24
2009-07-23,29.575666427612305,48.959999084472656,48.06999969482422,49.220001220703125,48.029998779296875,19940000,EFA,Factor,2026-09-24
2009-07-24,29.756881713867188,49.2599983215332,48.869998931884766,49.290000915527344,48.619998931884766,15432700,EFA,Factor,2026-09-24
2009-07-27,29.78708839416504,49.310001373291016,49.06999969482422,49.369998931884766,48.7599983215332,14807400,EFA,Factor,2026-09-24
2009-07-28,29.66022491455078,49.099998474121094,48.939998626708984,49.20000076293945,48.52000045776367,18335000,EFA,Factor,2026-09-24
2009-07-29,29.41860580444336,48.70000076293945,48.959999084472656,49.11000061035156,48.45000076293945,20032100,EFA,Factor,2026-09-24
2009-07-30,29.992475509643555,49.650001525878906,49.59000015258789,50.099998474121094,49.43000030517578,19165900,EFA,Factor,2026-09-24
2009-07-31,30.45157814025879,50.40999984741211,49.91999816894531,50.529998779296875,49.70000076293945,20636100,EFA,Factor,2026-09-24
2009-08-03,31.158349990844727,51.58000183105469,51.220001220703125,51.709999084472656,51.04999923706055,22184800,EFA,Factor,2026-09-24
2009-08-04,31.11002540588379,51.5,51.09000015258789,51.58000183105469,50.380001068115234,18395300,EFA,Factor,2026-09-24
2009-08-05,30.983171463012695,51.290000915527344,51.380001068115234,51.400001525878906,50.599998474121094,18679100,EFA,Factor,2026-09-24
2009-08-06,30.78986167907715,50.970001220703125,51.41999816894531,51.5,50.59000015258789,16284900,EFA,Factor,2026-09-24
2009-08-07,30.759658813476562,50.91999816894531,51.15999984741211,51.29999923706055,50.810001373291016,19822400,EFA,Factor,2026-09-24
2009-08-10,30.572391510009766,50.61000061035156,50.70000076293945,50.86000061035156,50.349998474121094,14593800,EFA,Factor,2026-09-24
2009-08-11,30.397197723388672,50.31999969482422,50.38999938964844,50.439998626708984,50.029998779296875,13047300,EFA,Factor,2026-09-24
2009-08-12,30.741539001464844,50.88999938964844,50.29999923706055,51.290000915527344,50.27000045776367,18246400,EFA,Factor,2026-09-24
2009-08-13,31.21270751953125,51.66999816894531,51.599998474121094,51.79999923706055,51.16999816894531,17806800,EFA,Factor,2026-09-24
2009-08-14,30.94691276550293,51.22999954223633,51.790000915527344,51.790000915527344,50.84000015258789,17855000,EFA,Factor,2026-09-24
2009-08-17,29.950193405151367,49.58000183105469,49.70000076293945,49.7599983215332,49.40999984741211,23357700,EFA,Factor,2026-09-24
2009-08-18,30.469682693481445,50.439998626708984,49.90999984741211,50.630001068115234,49.689998626708984,17125200,EFA,Factor,2026-09-24
2009-08-19,30.729455947875977,50.869998931884766,49.83000183105469,51.060001373291016,49.79999923706055,18921900,EFA,Factor,2026-09-24
2009-08-20,30.94691276550293,51.22999954223633,50.849998474121094,51.5,50.7599983215332,14815500,EFA,Factor,2026-09-24
2009-08-21,31.62348175048828,52.349998474121094,51.9900016784668,52.529998779296875,51.95000076293945,20819300,EFA,Factor,2026-09-24
2009-08-24,31.617443084716797,52.34000015258789,52.56999969482422,52.849998474121094,52.209999084472656,19589500,EFA,Factor,2026-09-24
2009-08-25,31.93156623840332,52.86000061035156,52.88999938964844,53.2400016784668,52.709999084472656,20682000,EFA,Factor,2026-09-24
2009-08-26,31.798675537109375,52.63999938964844,52.43000030517578,52.66999816894531,52.16999816894531,16828400,EFA,Factor,2026-09-24
2009-08-27,32.04029846191406,53.040000915527344,52.59000015258789,53.2599983215332,52.029998779296875,18976000,EFA,Factor,2026-09-24
2009-08-28,32.05842208862305,53.06999969482422,53.52000045776367,53.630001068115234,52.84000015258789,17008900,EFA,Factor,2026-09-24
2009-08-31,31.822830200195312,52.68000030517578,52.439998626708984,52.7599983215332,52.290000915527344,18793900,EFA,Factor,2026-09-24
2009-09-01,31.031494140625,51.369998931884766,52.13999938964844,52.88999938964844,51.22999954223633,33136100,EFA,Factor,2026-09-24
2009-09-02,30.995250701904297,51.310001373291016,51.09000015258789,51.619998931884766,51.040000915527344,20632100,EFA,Factor,2026-09-24
2009-09-03,31.23687171936035,51.709999084472656,51.83000183105469,51.849998474121094,51.25,14848800,EFA,Factor,2026-09-24
2009-09-04,31.714107513427734,52.5,51.790000915527344,52.61000061035156,51.540000915527344,13312100,EFA,Factor,2026-09-24
2009-09-08,32.34233856201172,53.540000915527344,53.650001525878906,53.70000076293945,53.279998779296875,17093100,EFA,Factor,2026-09-24
2009-09-09,32.74102783203125,54.20000076293945,53.869998931884766,54.40999984741211,50.06999969482422,21243900,EFA,Factor,2026-09-24
2009-09-10,33.0309944152832,54.68000030517578,54.099998474121094,54.779998779296875,53.75,17004400,EFA,Factor,2026-09-24
2009-09-11,32.98870086669922,54.61000061035156,54.869998931884766,55.02000045776367,54.40999984741211,16105400,EFA,Factor,2026-09-24
2009-09-14,33.055152893066406,54.720001220703125,54.0,54.75,53.970001220703125,18704400,EFA,Factor,2026-09-24
2009-09-15,33.061187744140625,54.72999954223633,54.45000076293945,54.900001525878906,54.08000183105469,24528200,EFA,Factor,2026-09-24
2009-09-16,33.713592529296875,55.810001373291016,55.36000061035156,55.83000183105469,55.119998931884766,22163300,EFA,Factor,2026-09-24
2009-09-17,33.49613571166992,55.45000076293945,55.400001525878906,55.88999938964844,55.209999084472656,20940900,EFA,Factor,2026-09-24
2009-09-18,33.58673858642578,55.599998474121094,55.849998474121094,55.880001068115234,55.349998474121094,15180700,EFA,Factor,2026-09-24
2009-09-21,33.23033905029297,55.0099983215332,54.650001525878906,55.13999938964844,54.4900016784668,17452700,EFA,Factor,2026-09-24
2009-09-22,33.68943405151367,55.77000045776367,55.869998931884766,55.91999816894531,55.540000915527344,13731800,EFA,Factor,2026-09-24
2009-09-23,33.399478912353516,55.290000915527344,55.9900016784668,56.310001373291016,55.18000030517578,22848100,EFA,Factor,2026-09-24
2009-09-24,32.91017532348633,54.47999954223633,55.650001525878906,55.779998779296875,54.16999816894531,27611900,EFA,Factor,2026-09-24
2009-09-25,32.771236419677734,54.25,54.36000061035156,54.84000015258789,54.119998931884766,22919400,EFA,Factor,2026-09-24
2009-09-28,33.21825408935547,54.9900016784668,54.439998626708984,55.369998931884766,54.369998931884766,15643900,EFA,Factor,2026-09-24
2009-09-29,33.01891326904297,54.65999984741211,54.84000015258789,55.04999923706055,54.41999816894531,16359800,EFA,Factor,2026-09-24
2009-09-30,33.0309944152832,54.68000030517578,55.11000061035156,55.189998626708984,54.25,25290400,EFA,Factor,2026-09-24
2009-10-01,32.16715621948242,53.25,54.34000015258789,54.380001068115234,53.189998626708984,22406000,EFA,Factor,2026-09-24
2009-10-02,31.810754776000977,52.65999984741211,52.45000076293945,53.11000061035156,52.41999816894531,27674800,EFA,Factor,2026-09-24
2009-10-05,32.26985549926758,53.41999816894531,52.689998626708984,53.619998931884766,52.599998474121094,15838800,EFA,Factor,2026-09-24
2009-10-06,32.813514709472656,54.31999969482422,54.040000915527344,54.72999954223633,54.0,18768200,EFA,Factor,2026-09-24
2009-10-07,32.93433380126953,54.52000045776367,54.290000915527344,54.529998779296875,54.099998474121094,20064200,EFA,Factor,2026-09-24
2009-10-08,33.41156005859375,55.310001373291016,55.220001220703125,55.650001525878906,54.900001525878906,14926100,EFA,Factor,2026-09-24
2009-10-09,33.326995849609375,55.16999816894531,55.11000061035156,55.25,54.880001068115234,9190200,EFA,Factor,2026-09-24
2009-10-12,33.526336669921875,55.5,55.72999954223633,55.900001525878906,55.38999938964844,9631800,EFA,Factor,2026-09-24
2009-10-13,33.45384216308594,55.380001068115234,55.470001220703125,55.540000915527344,55.0,11697400,EFA,Factor,2026-09-24
2009-10-14,34.25727462768555,56.709999084472656,56.459999084472656,56.77000045776367,56.209999084472656,16624600,EFA,Factor,2026-09-24
2009-10-15,34.41432571411133,56.970001220703125,56.43000030517578,56.970001220703125,56.369998931884766,16062400,EFA,Factor,2026-09-24
2009-10-16,33.89482116699219,56.11000061035156,56.02000045776367,56.34000015258789,55.75,19457400,EFA,Factor,2026-09-24
2009-10-19,34.4384880065918,57.0099983215332,56.650001525878906,57.189998626708984,56.400001525878906,16127900,EFA,Factor,2026-09-24
2009-10-20,34.25727462768555,56.709999084472656,57.18000030517578,57.189998626708984,56.29999923706055,14700400,EFA,Factor,2026-09-24
2009-10-21,34.14249038696289,56.52000045776367,56.59000015258789,57.459999084472656,56.459999084472656,19720200,EFA,Factor,2026-09-24
2009-10-22,34.47473907470703,57.06999969482422,56.47999954223633,57.22999954223633,56.029998779296875,15890400,EFA,Factor,2026-09-24
2009-10-23,33.93105697631836,56.16999816894531,56.91999816894531,56.93000030517578,55.900001525878906,19383000,EFA,Factor,2026-09-24
2009-10-26,33.4176025390625,55.31999969482422,56.369998931884766,56.790000915527344,55.099998474121094,21031300,EFA,Factor,2026-09-24
2009-10-27,33.151798248291016,54.880001068115234,55.43000030517578,55.630001068115234,54.79999923706055,23313000,EFA,Factor,2026-09-24
2009-10-28,32.354427337646484,53.560001373291016,54.349998474121094,54.61000061035156,53.40999984741211,25441000,EFA,Factor,2026-09-24
2009-10-29,33.30885696411133,55.13999938964844,54.560001373291016,55.33000183105469,54.119998931884766,21274300,EFA,Factor,2026-09-24
2009-10-30,32.19736099243164,53.29999923706055,54.779998779296875,54.959999084472656,53.209999084472656,31478700,EFA,Factor,2026-09-24
2009-11-02,32.511478424072266,53.81999969482422,53.77000045776367,54.560001373291016,53.209999084472656,25878000,EFA,Factor,2026-09-24
2009-11-03,32.384620666503906,53.61000061035156,52.849998474121094,53.720001220703125,52.779998779296875,19567300,EFA,Factor,2026-09-24
2009-11-04,32.71083450317383,54.150001525878906,54.310001373291016,54.66999816894531,53.97999954223633,24340600,EFA,Factor,2026-09-24
2009-11-05,33.13368606567383,54.849998474121094,54.68000030517578,55.13999938964844,54.5099983215332,13490700,EFA,Factor,2026-09-24
2009-11-06,33.23033905029297,55.0099983215332,54.470001220703125,55.09000015258789,54.349998474121094,12750300,EFA,Factor,2026-09-24
2009-11-09,34.16061782836914,56.54999923706055,56.0,56.560001373291016,55.90999984741211,17554500,EFA,Factor,2026-09-24
2009-11-10,33.97938537597656,56.25,55.970001220703125,56.38999938964844,55.880001068115234,19583800,EFA,Factor,2026-09-24
2009-11-11,34.08208084106445,56.41999816894531,56.63999938964844,56.90999984741211,56.150001525878906,14746200,EFA,Factor,2026-09-24
2009-11-12,33.58673858642578,55.599998474121094,56.20000076293945,56.4900016784668,55.4900016784668,18177000,EFA,Factor,2026-09-24
2009-11-13,34.05792999267578,56.380001068115234,55.93000030517578,56.560001373291016,55.619998931884766,20592200,EFA,Factor,2026-09-24
2009-11-16,34.601585388183594,57.279998779296875,56.869998931884766,57.61000061035156,56.84000015258789,18105000,EFA,Factor,2026-09-24
2009-11-17,34.372039794921875,56.900001525878906,56.689998626708984,56.95000076293945,56.349998474121094,15367600,EFA,Factor,2026-09-24
2009-11-18,34.2633171081543,56.720001220703125,56.939998626708984,56.97999954223633,56.400001525878906,12114400,EFA,Factor,2026-09-24
2009-11-19,33.616939544677734,55.650001525878906,55.90999984741211,55.90999984741211,55.209999084472656,21816500,EFA,Factor,2026-09-24
2009-11-20,33.4296875,55.34000015258789,54.970001220703125,55.38999938964844,54.93000030517578,15379300,EFA,Factor,2026-09-24
2009-11-23,34.02771759033203,56.33000183105469,56.459999084472656,56.77000045776367,56.16999816894531,17112800,EFA,Factor,2026-09-24
2009-11-24,33.88877868652344,56.099998474121094,56.20000076293945,56.33000183105469,55.68000030517578,23601500,EFA,Factor,2026-09-24
2009-11-25,34.34183883666992,56.849998474121094,56.56999969482422,56.88999938964844,56.29999923706055,15283000,EFA,Factor,2026-09-24
2009-11-27,33.35115432739258,55.209999084472656,54.52000045776367,55.619998931884766,54.439998626708984,14507600,EFA,Factor,2026-09-24
2009-11-30,33.459877014160156,55.38999938964844,55.2400016784668,55.75,54.900001525878906,20857000,EFA,Factor,2026-09-24
2009-12-01,34.37808609008789,56.90999984741211,56.470001220703125,57.09000015258789,56.369998931884766,17952200,EFA,Factor,2026-09-24
2009-12-02,34.43244934082031,57.0,56.880001068115234,57.310001373291016,56.7599983215332,13034600,EFA,Factor,2026-09-24
2009-12-03,34.353919982910156,56.869998931884766,57.33000183105469,57.630001068115234,56.709999084472656,15714100,EFA,Factor,2026-09-24
2009-12-04,34.23310470581055,56.66999816894531,57.36000061035156,57.65999984741211,56.29999923706055,17862600,EFA,Factor,2026-09-24
2009-12-07,34.045841217041016,56.36000061035156,56.310001373291016,56.83000183105469,56.2599983215332,13057600,EFA,Factor,2026-09-24
2009-12-08,33.45384216308594,55.380001068115234,55.790000915527344,55.79999923706055,55.22999954223633,16547700,EFA,Factor,2026-09-24
2009-12-09,33.41156005859375,55.310001373291016,55.25,55.5,54.720001220703125,16435300,EFA,Factor,2026-09-24
2009-12-10,33.514244079589844,55.47999954223633,55.599998474121094,55.779998779296875,54.77000045776367,12430600,EFA,Factor,2026-09-24
2009-12-11,33.502166748046875,55.459999084472656,55.650001525878906,55.7400016784668,55.33000183105469,22797300,EFA,Factor,2026-09-24
2009-12-14,33.828372955322266,56.0,55.86000061035156,56.02000045776367,55.63999938964844,23188500,EFA,Factor,2026-09-24
2009-12-15,33.45384216308594,55.380001068115234,55.290000915527344,55.709999084472656,55.2400016784668,16211400,EFA,Factor,2026-09-24
2009-12-16,33.846492767333984,56.029998779296875,55.90999984741211,56.310001373291016,55.849998474121094,17313400,EFA,Factor,2026-09-24
2009-12-17,33.04910659790039,54.709999084472656,55.02000045776367,55.130001068115234,54.56999969482422,20345600,EFA,Factor,2026-09-24
2009-12-18,33.12763977050781,54.84000015258789,54.939998626708984,55.060001373291016,54.22999954223633,18769700,EFA,Factor,2026-09-24
2009-12-21,33.22428894042969,55.0,54.95000076293945,55.279998779296875,54.88999938964844,15019700,EFA,Factor,2026-09-24
2009-12-22,33.43520736694336,54.849998474121094,54.77000045776367,54.97999954223633,54.58000183105469,15589200,EFA,Factor,2026-09-24
2009-12-23,33.739994049072266,55.349998474121094,55.150001525878906,55.349998474121094,54.90999984741211,10683500,EFA,Factor,2026-09-24
2009-12-24,33.87409973144531,55.56999969482422,55.560001373291016,55.650001525878906,55.45000076293945,4979300,EFA,Factor,2026-09-24
2009-12-28,34.0203971862793,55.810001373291016,55.849998474121094,55.849998474121094,55.630001068115234,11762300,EFA,Factor,2026-09-24
2009-12-29,34.07525634765625,55.900001525878906,56.189998626708984,56.20000076293945,55.689998626708984,10648300,EFA,Factor,2026-09-24
2009-12-30,33.93505859375,55.66999816894531,55.38999938964844,55.66999816894531,55.2599983215332,12566200,EFA,Factor,2026-09-24
2009-12-31,33.69732666015625,55.279998779296875,55.91999816894531,55.95000076293945,55.220001220703125,13893400,EFA,Factor,2026-09-24
2010-01-04,34.58121109008789,56.72999954223633,56.41999816894531,56.939998626708984,56.40999984741211,18556900,EFA,Factor,2026-09-24
2010-01-05,34.61168670654297,56.779998779296875,56.869998931884766,57.099998474121094,56.5099983215332,14352800,EFA,Factor,2026-09-24
2010-01-06,34.757991790771484,57.02000045776367,56.68000030517578,57.09000015258789,56.66999816894531,11888100,EFA,Factor,2026-09-24
2010-01-07,34.62388229370117,56.79999923706055,56.63999938964844,56.84000015258789,56.369998931884766,10906600,EFA,Factor,2026-09-24
2010-01-08,34.898197174072266,57.25,56.900001525878906,57.310001373291016,56.7400016784668,12826500,EFA,Factor,2026-09-24
2010-01-11,35.184688568115234,57.720001220703125,57.83000183105469,57.86000061035156,57.470001220703125,12387500,EFA,Factor,2026-09-24
2010-01-12,34.770172119140625,57.040000915527344,57.11000061035156,57.380001068115234,56.599998474121094,19029700,EFA,Factor,2026-09-24
2010-01-13,35.062774658203125,57.52000045776367,57.279998779296875,57.70000076293945,56.939998626708984,15446600,EFA,Factor,2026-09-24
2010-01-14,35.33098220825195,57.959999084472656,57.5,58.0,57.5,13362600,EFA,Factor,2026-09-24
2010-01-15,34.776275634765625,57.04999923706055,57.5099983215332,57.61000061035156,56.779998779296875,19281700,EFA,Factor,2026-09-24
2010-01-19,35.117637634277344,57.61000061035156,56.880001068115234,57.68000030517578,56.84000015258789,17507700,EFA,Factor,2026-09-24
2010-01-20,34.2215690612793,56.13999938964844,56.369998931884766,56.400001525878906,55.619998931884766,24510100,EFA,Factor,2026-09-24
2010-01-21,33.49007034301758,54.939998626708984,56.040000915527344,56.18000030517578,54.58000183105469,22979100,EFA,Factor,2026-09-24
2010-01-22,32.83782196044922,53.869998931884766,54.70000076293945,55.04999923706055,53.790000915527344,27432500,EFA,Factor,2026-09-24
2010-01-25,33.24014663696289,54.529998779296875,54.86000061035156,54.97999954223633,54.38999938964844,20242700,EFA,Factor,2026-09-24
2010-01-26,33.051177978515625,54.220001220703125,54.04999923706055,54.68000030517578,53.90999984741211,22135300,EFA,Factor,2026-09-24
2010-01-27,33.01459503173828,54.15999984741211,53.880001068115234,54.209999084472656,53.380001068115234,27156000,EFA,Factor,2026-09-24
2010-01-28,32.45988845825195,53.25,54.189998626708984,54.20000076293945,52.849998474121094,26142600,EFA,Factor,2026-09-24
2010-01-29,31.990510940551758,52.47999954223633,53.31999969482422,53.630001068115234,52.33000183105469,28917200,EFA,Factor,2026-09-24
2010-02-01,32.575706481933594,53.439998626708984,53.20000076293945,53.52000045776367,52.47999954223633,23123800,EFA,Factor,2026-09-24
2010-02-02,33.11823654174805,54.33000183105469,53.81999969482422,54.459999084472656,53.650001525878906,19720200,EFA,Factor,2026-09-24
2010-02-03,32.7707633972168,53.7599983215332,53.97999954223633,54.20000076293945,53.47999954223633,20225900,EFA,Factor,2026-09-24
2010-02-04,31.435802459716797,51.56999969482422,52.7400016784668,52.79999923706055,51.540000915527344,32202200,EFA,Factor,2026-09-24
2010-02-05,31.380945205688477,51.47999954223633,51.290000915527344,51.47999954223633,49.939998626708984,43046100,EFA,Factor,2026-09-24
2010-02-08,30.75916862487793,50.459999084472656,50.970001220703125,51.45000076293945,50.45000076293945,19238000,EFA,Factor,2026-09-24
2010-02-09,31.7283935546875,52.04999923706055,51.59000015258789,52.52000045776367,51.09000015258789,30811800,EFA,Factor,2026-09-24
2010-02-10,31.527244567871094,51.720001220703125,51.77000045776367,51.95000076293945,51.209999084472656,23502500,EFA,Factor,2026-09-24
2010-02-11,31.819839477539062,52.20000076293945,51.540000915527344,52.290000915527344,51.150001525878906,19397300,EFA,Factor,2026-09-24
2010-02-12,31.545530319213867,51.75,51.29999923706055,51.849998474121094,51.04999923706055,18994900,EFA,Factor,2026-09-24
2010-02-16,32.24652862548828,52.900001525878906,51.9900016784668,53.0099983215332,51.810001373291016,19592800,EFA,Factor,2026-09-24
2010-02-17,32.28921127319336,52.970001220703125,53.13999938964844,53.27000045776367,52.75,19682000,EFA,Factor,2026-09-24
2010-02-18,32.472076416015625,53.27000045776367,52.810001373291016,53.349998474121094,52.810001373291016,13747600,EFA,Factor,2026-09-24
2010-02-19,32.27091979980469,52.939998626708984,52.529998779296875,53.06999969482422,52.380001068115234,16069000,EFA,Factor,2026-09-24
2010-02-22,32.33188247680664,53.040000915527344,53.22999954223633,53.310001373291016,52.90999984741211,14422100,EFA,Factor,2026-09-24
2010-02-23,31.87468910217285,52.290000915527344,52.79999923706055,53.040000915527344,52.119998931884766,18038800,EFA,Factor,2026-09-24
2010-02-24,32.07585525512695,52.619998931884766,52.369998931884766,52.93000030517578,52.22999954223633,15789800,EFA,Factor,2026-09-24
2010-02-25,31.880796432495117,52.29999923706055,51.58000183105469,52.310001373291016,51.470001220703125,18544400,EFA,Factor,2026-09-24
2010-02-26,32.07585525512695,52.619998931884766,52.189998626708984,52.849998474121094,51.90999984741211,19714200,EFA,Factor,2026-09-24
2010-03-01,32.32577896118164,53.029998779296875,52.7400016784668,53.130001068115234,52.599998474121094,14774400,EFA,Factor,2026-09-24
2010-03-02,32.569602966308594,53.43000030517578,53.38999938964844,53.790000915527344,53.16999816894531,14135700,EFA,Factor,2026-09-24
2010-03-03,32.95974349975586,54.06999969482422,53.90999984741211,54.40999984741211,53.83000183105469,15292400,EFA,Factor,2026-09-24
2010-03-04,32.87440490722656,53.93000030517578,54.130001068115234,54.22999954223633,53.619998931884766,12645600,EFA,Factor,2026-09-24
2010-03-05,33.514442443847656,54.97999954223633,54.310001373291016,55.060001373291016,54.209999084472656,18656300,EFA,Factor,2026-09-24
2010-03-08,33.514442443847656,54.97999954223633,55.060001373291016,55.209999084472656,54.810001373291016,11336100,EFA,Factor,2026-09-24
2010-03-09,33.43520736694336,54.849998474121094,54.470001220703125,55.11000061035156,54.45000076293945,15356500,EFA,Factor,2026-09-24
2010-03-10,33.575416564941406,55.08000183105469,54.849998474121094,55.34000015258789,54.779998779296875,13641100,EFA,Factor,2026-09-24
2010-03-11,33.70342254638672,55.290000915527344,55.04999923706055,55.349998474121094,54.810001373291016,13015300,EFA,Factor,2026-09-24
2010-03-12,33.9289665222168,55.65999984741211,55.72999954223633,55.75,55.369998931884766,11743300,EFA,Factor,2026-09-24
2010-03-15,33.69122314453125,55.27000045776367,55.20000076293945,55.34000015258789,54.849998474121094,10182300,EFA,Factor,2026-09-24
2010-03-16,34.11792755126953,55.970001220703125,55.459999084472656,56.029998779296875,55.31999969482422,15718300,EFA,Factor,2026-09-24
2010-03-17,34.30080795288086,56.27000045776367,56.18000030517578,56.5099983215332,56.11000061035156,17400500,EFA,Factor,2026-09-24
2010-03-18,34.099639892578125,55.939998626708984,56.08000183105469,56.189998626708984,55.58000183105469,15899600,EFA,Factor,2026-09-24
2010-03-19,33.7521858215332,55.369998931884766,55.369998931884766,55.90999984741211,55.11000061035156,17819700,EFA,Factor,2026-09-24
2010-03-22,33.8497200012207,55.529998779296875,54.63999938964844,55.599998474121094,54.599998474121094,17473800,EFA,Factor,2026-09-24
2010-03-23,34.08745193481445,55.91999816894531,55.560001373291016,56.0099983215332,55.349998474121094,15533000,EFA,Factor,2026-09-24
2010-03-24,33.526641845703125,55.0,55.0,55.209999084472656,54.7599983215332,18234000,EFA,Factor,2026-09-24
2010-03-25,33.508358001708984,54.970001220703125,55.45000076293945,55.65999984741211,54.900001525878906,18633000,EFA,Factor,2026-09-24
2010-03-26,33.8375244140625,55.5099983215332,55.33000183105469,55.720001220703125,55.15999984741211,23466200,EFA,Factor,2026-09-24
2010-03-29,34.124027252197266,55.97999954223633,55.779998779296875,56.040000915527344,55.68000030517578,13605700,EFA,Factor,2026-09-24
2010-03-30,34.124027252197266,55.97999954223633,56.15999984741211,56.310001373291016,55.720001220703125,16768000,EFA,Factor,2026-09-24
2010-03-31,34.124027252197266,55.97999954223633,55.77000045776367,56.18000030517578,55.63999938964844,22702600,EFA,Factor,2026-09-24
2010-04-01,34.727508544921875,56.970001220703125,56.54999923706055,56.9900016784668,56.52000045776367,20493900,EFA,Factor,2026-09-24
2010-04-05,34.764068603515625,57.029998779296875,56.939998626708984,57.20000076293945,56.75,14434000,EFA,Factor,2026-09-24
2010-04-06,34.666542053222656,56.869998931884766,56.439998626708984,56.95000076293945,56.380001068115234,15025700,EFA,Factor,2026-09-24
2010-04-07,34.4227180480957,56.470001220703125,56.560001373291016,56.68000030517578,56.2599983215332,19574500,EFA,Factor,2026-09-24
2010-04-08,34.386146545410156,56.40999984741211,55.86000061035156,56.459999084472656,55.7400016784668,13853000,EFA,Factor,2026-09-24
2010-04-09,34.83723068237305,57.150001525878906,56.58000183105469,57.220001220703125,56.560001373291016,17131200,EFA,Factor,2026-09-24
2010-04-12,34.946956634521484,57.33000183105469,57.34000015258789,57.5,57.209999084472656,11992200,EFA,Factor,2026-09-24
2010-04-13,34.91647720336914,57.279998779296875,57.38999938964844,57.439998626708984,56.849998474121094,9094000,EFA,Factor,2026-09-24
2010-04-14,35.37974548339844,58.040000915527344,57.689998626708984,58.08000183105469,57.52000045776367,20763800,EFA,Factor,2026-09-24
2010-04-15,35.35536575317383,58.0,57.689998626708984,58.09000015258789,57.63999938964844,13534200,EFA,Factor,2026-09-24
2010-04-16,34.57511520385742,56.720001220703125,57.47999954223633,57.709999084472656,56.43000030517578,30341100,EFA,Factor,2026-09-24
2010-04-19,34.48367691040039,56.56999969482422,56.08000183105469,56.61000061035156,55.88999938964844,19657000,EFA,Factor,2026-09-24
2010-04-20,34.6970329284668,56.91999816894531,57.0,57.08000183105469,56.779998779296875,14039800,EFA,Factor,2026-09-24
2010-04-21,34.47148132324219,56.54999923706055,56.689998626708984,56.790000915527344,56.2599983215332,15597400,EFA,Factor,2026-09-24
2010-04-22,34.160606384277344,56.040000915527344,55.68000030517578,56.13999938964844,55.31999969482422,22128200,EFA,Factor,2026-09-24
2010-04-23,34.416622161865234,56.459999084472656,55.810001373291016,56.4900016784668,55.630001068115234,18250100,EFA,Factor,2026-09-24
2010-04-26,34.45319747924805,56.52000045776367,56.619998931884766,56.75,56.400001525878906,19670500,EFA,Factor,2026-09-24
2010-04-27,33.06946563720703,54.25,55.70000076293945,56.08000183105469,54.119998931884766,39699100,EFA,Factor,2026-09-24
2010-04-28,33.075557708740234,54.2599983215332,54.689998626708984,54.790000915527344,53.68000030517578,32895300,EFA,Factor,2026-09-24
2010-04-29,33.58759689331055,55.099998474121094,54.849998474121094,55.22999954223633,54.709999084472656,21405900,EFA,Factor,2026-09-24
2010-04-30,33.1669921875,54.40999984741211,55.119998931884766,55.18000030517578,54.27000045776367,24817100,EFA,Factor,2026-09-24
2010-05-03,33.404727935791016,54.79999923706055,54.5099983215332,54.9900016784668,54.40999984741211,22046300,EFA,Factor,2026-09-24
2010-05-04,32.081947326660156,52.630001068115234,53.38999938964844,53.41999816894531,52.40999984741211,42932500,EFA,Factor,2026-09-24
2010-05-05,31.466272354125977,51.619998931884766,51.45000076293945,52.2400016784668,51.34000015258789,40791300,EFA,Factor,2026-09-24
2010-05-06,30.06426239013672,49.31999969482422,51.279998779296875,51.599998474121094,47.2599983215332,64526400,EFA,Factor,2026-09-24
2010-05-07,29.997201919555664,49.209999084472656,49.810001373291016,50.310001373291016,48.29999923706055,66179200,EFA,Factor,2026-09-24
2010-05-10,31.941755294799805,52.400001525878906,52.45000076293945,52.849998474121094,51.95000076293945,63301700,EFA,Factor,2026-09-24
2010-05-11,31.423612594604492,51.54999923706055,51.209999084472656,52.36000061035156,51.15999984741211,42343600,EFA,Factor,2026-09-24
2010-05-12,31.777164459228516,52.130001068115234,51.9900016784668,52.439998626708984,51.900001525878906,27785600,EFA,Factor,2026-09-24
2010-05-13,31.36264419555664,51.45000076293945,51.7599983215332,52.119998931884766,51.31999969482422,29675400,EFA,Factor,2026-09-24
2010-05-14,30.472684860229492,49.9900016784668,50.81999969482422,50.91999816894531,49.54999923706055,40366200,EFA,Factor,2026-09-24
2010-05-17,30.51534080505371,50.060001373291016,50.16999816894531,50.400001525878906,48.900001525878906,33131000,EFA,Factor,2026-09-24
2010-05-18,29.857004165649414,48.97999954223633,50.540000915527344,50.630001068115234,48.72999954223633,39152500,EFA,Factor,2026-09-24
2010-05-19,29.972827911376953,49.16999816894531,48.880001068115234,49.34000015258789,48.349998474121094,41441600,EFA,Factor,2026-09-24
2010-05-20,28.930438995361328,47.459999084472656,47.709999084472656,48.27000045776367,46.970001220703125,50013100,EFA,Factor,2026-09-24
2010-05-21,29.637554168701172,48.619998931884766,47.02000045776367,48.68000030517578,46.90999984741211,52184600,EFA,Factor,2026-09-24
2010-05-24,28.954830169677734,47.5,47.939998626708984,48.31999969482422,47.470001220703125,26489400,EFA,Factor,2026-09-24
2010-05-25,28.845108032226562,47.31999969482422,46.09000015258789,47.38999938964844,45.849998474121094,53441800,EFA,Factor,2026-09-24
2010-05-26,28.418397903442383,46.619998931884766,47.369998931884766,47.779998779296875,46.5099983215332,42125600,EFA,Factor,2026-09-24
2010-05-27,30.033784866333008,49.27000045776367,48.29999923706055,49.29999923706055,48.0099983215332,33506900,EFA,Factor,2026-09-24
2010-05-28,29.454681396484375,48.31999969482422,49.029998779296875,49.150001525878906,48.11000061035156,39482100,EFA,Factor,2026-09-24
2010-06-01,29.162090301513672,47.84000015258789,47.88999938964844,49.02000045776367,47.79999923706055,34753600,EFA,Factor,2026-09-24
2010-06-02,29.942350387573242,49.119998931884766,48.060001373291016,49.150001525878906,47.790000915527344,25336300,EFA,Factor,2026-09-24
2010-06-03,29.850910186767578,48.970001220703125,49.369998931884766,49.459999084472656,48.52000045776367,27019600,EFA,Factor,2026-09-24
2010-06-04,28.576885223388672,46.880001068115234,47.7599983215332,48.02000045776367,46.650001525878906,36685200,EFA,Factor,2026-09-24
2010-06-07,28.217241287231445,46.290000915527344,47.06999969482422,47.29999923706055,46.279998779296875,24384100,EFA,Factor,2026-09-24
2010-06-08,28.6683292388916,47.029998779296875,46.54999923706055,47.09000015258789,46.130001068115234,33911600,EFA,Factor,2026-09-24
2010-06-09,28.564699172973633,46.86000061035156,47.34000015258789,47.83000183105469,46.630001068115234,30395500,EFA,Factor,2026-09-24
2010-06-10,29.771650314331055,48.84000015258789,48.2400016784668,48.880001068115234,48.08000183105469,30506000,EFA,Factor,2026-09-24
2010-06-11,29.8143310546875,48.90999984741211,48.290000915527344,48.93000030517578,48.20000076293945,22459100,EFA,Factor,2026-09-24
2010-06-14,30.0033016204834,49.220001220703125,49.630001068115234,49.93000030517578,49.130001068115234,29477200,EFA,Factor,2026-09-24
2010-06-15,30.954227447509766,50.779998779296875,50.0,50.810001373291016,49.81999969482422,28365100,EFA,Factor,2026-09-24
2010-06-16,30.807939529418945,50.540000915527344,50.150001525878906,50.7400016784668,50.040000915527344,21785900,EFA,Factor,2026-09-24
2010-06-17,30.905466079711914,50.70000076293945,50.779998779296875,50.79999923706055,50.20000076293945,23402900,EFA,Factor,2026-09-24
2010-06-18,30.850605010986328,50.61000061035156,50.630001068115234,50.849998474121094,50.45000076293945,20182700,EFA,Factor,2026-09-24
2010-06-21,30.84451675415039,50.599998474121094,51.38999938964844,51.4900016784668,50.400001525878906,26081200,EFA,Factor,2026-09-24
2010-06-22,30.45438003540039,49.959999084472656,50.720001220703125,50.93000030517578,49.869998931884766,29123900,EFA,Factor,2026-09-24
2010-06-23,30.6584415435791,49.43000030517578,49.459999084472656,49.779998779296875,48.83000183105469,31159100,EFA,Factor,2026-09-24
2010-06-24,30.12504005432129,48.56999969482422,49.099998474121094,49.16999816894531,48.43000030517578,24218700,EFA,Factor,2026-09-24
2010-06-25,30.2987003326416,48.849998474121094,48.540000915527344,48.9900016784668,48.16999816894531,31883900,EFA,Factor,2026-09-24
2010-06-28,30.075410842895508,48.4900016784668,48.75,49.11000061035156,48.380001068115234,23915000,EFA,Factor,2026-09-24
2010-06-29,29.045818328857422,46.83000183105469,47.599998474121094,47.599998474121094,46.66999816894531,39759300,EFA,Factor,2026-09-24
2010-06-30,28.84734344482422,46.5099983215332,46.900001525878906,47.380001068115234,46.47999954223633,40112000,EFA,Factor,2026-09-24
2010-07-01,29.26909828186035,47.189998626708984,47.099998474121094,47.2599983215332,46.45000076293945,43453600,EFA,Factor,2026-09-24
2010-07-02,29.20708465576172,47.09000015258789,47.470001220703125,47.65999984741211,46.77000045776367,24580500,EFA,Factor,2026-09-24
2010-07-06,29.79010772705078,48.029998779296875,48.43000030517578,48.790000915527344,47.709999084472656,26225800,EFA,Factor,2026-09-24
2010-07-07,30.720455169677734,49.529998779296875,48.31999969482422,49.59000015258789,48.27000045776367,31096500,EFA,Factor,2026-09-24
2010-07-08,31.0181827545166,50.0099983215332,49.70000076293945,50.02000045776367,49.33000183105469,30704400,EFA,Factor,2026-09-24
2010-07-09,31.049198150634766,50.060001373291016,49.560001373291016,50.08000183105469,49.47999954223633,19807000,EFA,Factor,2026-09-24
2010-07-12,30.93134117126465,49.869998931884766,49.650001525878906,49.9900016784668,49.5099983215332,19512900,EFA,Factor,2026-09-24
2010-07-13,31.501968383789062,50.790000915527344,50.5099983215332,50.90999984741211,50.40999984741211,21027200,EFA,Factor,2026-09-24
2010-07-14,31.613609313964844,50.970001220703125,50.56999969482422,51.02000045776367,50.43000030517578,17036100,EFA,Factor,2026-09-24
2010-07-15,31.76866340637207,51.220001220703125,51.08000183105469,51.310001373291016,50.41999816894531,21741000,EFA,Factor,2026-09-24
2010-07-16,30.751483917236328,49.58000183105469,50.61000061035156,50.619998931884766,49.5099983215332,29092500,EFA,Factor,2026-09-24
2010-07-19,30.949951171875,49.900001525878906,49.9900016784668,50.15999984741211,49.47999954223633,15344100,EFA,Factor,2026-09-24
2010-07-20,31.160846710205078,50.2400016784668,49.13999938964844,50.310001373291016,49.119998931884766,17648600,EFA,Factor,2026-09-24
2010-07-21,30.596416473388672,49.33000183105469,50.220001220703125,50.25,49.16999816894531,18248500,EFA,Factor,2026-09-24
2010-07-22,31.626014709472656,50.9900016784668,50.52000045776367,51.16999816894531,50.52000045776367,25412400,EFA,Factor,2026-09-24
2010-07-23,31.99816131591797,51.59000015258789,50.90999984741211,51.599998474121094,50.7400016784668,26349100,EFA,Factor,2026-09-24
2010-07-26,32.22144317626953,51.95000076293945,51.310001373291016,51.970001220703125,51.189998626708984,29416900,EFA,Factor,2026-09-24
2010-07-27,32.314483642578125,52.099998474121094,52.25,52.29999923706055,51.709999084472656,31043800,EFA,Factor,2026-09-24
2010-07-28,32.14701843261719,51.83000183105469,51.959999084472656,52.119998931884766,51.66999816894531,18472800,EFA,Factor,2026-09-24
2010-07-29,32.295867919921875,52.06999969482422,52.58000183105469,52.810001373291016,51.61000061035156,20313700,EFA,Factor,2026-09-24
2010-07-30,32.19664001464844,51.90999984741211,51.459999084472656,52.25,51.400001525878906,25265700,EFA,Factor,2026-09-24
2010-08-02,33.28205871582031,53.65999984741211,53.09000015258789,53.75,52.959999084472656,20257000,EFA,Factor,2026-09-24
2010-08-03,33.23243713378906,53.58000183105469,53.41999816894531,53.7599983215332,53.15999984741211,18383000,EFA,Factor,2026-09-24
2010-08-04,33.263450622558594,53.630001068115234,53.5099983215332,53.77000045776367,53.220001220703125,15891400,EFA,Factor,2026-09-24
2010-08-05,33.23863220214844,53.59000015258789,53.43000030517578,53.59000015258789,53.150001525878906,13158500,EFA,Factor,2026-09-24
2010-08-06,33.3378791809082,53.75,53.27000045776367,53.79999923706055,53.09000015258789,18078700,EFA,Factor,2026-09-24
2010-08-09,33.37509536743164,53.810001373291016,53.88999938964844,53.95000076293945,53.68000030517578,13579600,EFA,Factor,2026-09-24
2010-08-10,33.108394622802734,53.380001068115234,52.880001068115234,53.630001068115234,52.58000183105469,20251800,EFA,Factor,2026-09-24
2010-08-11,31.601207733154297,50.95000076293945,51.70000076293945,51.709999084472656,50.869998931884766,40518300,EFA,Factor,2026-09-24
2010-08-12,31.563993453979492,50.88999938964844,50.5099983215332,51.04999923706055,50.5,22039000,EFA,Factor,2026-09-24
2010-08-13,31.452346801757812,50.709999084472656,50.869998931884766,51.16999816894531,50.689998626708984,18869200,EFA,Factor,2026-09-24
2010-08-16,31.706645965576172,51.119998931884766,50.720001220703125,51.310001373291016,50.58000183105469,16634800,EFA,Factor,2026-09-24
2010-08-17,32.0601806640625,51.689998626708984,51.689998626708984,51.97999954223633,51.400001525878906,13630600,EFA,Factor,2026-09-24
2010-08-18,32.04777145385742,51.66999816894531,51.83000183105469,52.02000045776367,51.459999084472656,14140600,EFA,Factor,2026-09-24
2010-08-19,31.532981872558594,50.84000015258789,51.70000076293945,51.84000015258789,50.599998474121094,20836400,EFA,Factor,2026-09-24
2010-08-20,31.204254150390625,50.310001373291016,50.29999923706055,50.41999816894531,50.0,16366900,EFA,Factor,2026-09-24
2010-08-23,31.14223289489746,50.209999084472656,50.560001373291016,50.88999938964844,50.20000076293945,13331200,EFA,Factor,2026-09-24
2010-08-24,30.714262008666992,49.52000045776367,49.529998779296875,49.86000061035156,49.15999984741211,21659600,EFA,Factor,2026-09-24
2010-08-25,30.745281219482422,49.56999969482422,49.08000183105469,49.66999816894531,48.81999969482422,18816000,EFA,Factor,2026-09-24
2010-08-26,30.732872009277344,49.54999923706055,49.849998474121094,50.13999938964844,49.400001525878906,16038800,EFA,Factor,2026-09-24
2010-08-27,31.334497451782227,50.52000045776367,50.130001068115234,50.58000183105469,49.47999954223633,16814200,EFA,Factor,2026-09-24
2010-08-30,30.881723403930664,49.790000915527344,50.189998626708984,50.400001525878906,49.779998779296875,17372300,EFA,Factor,2026-09-24
2010-08-31,30.974760055541992,49.939998626708984,49.7400016784668,50.27000045776367,49.540000915527344,24164600,EFA,Factor,2026-09-24
2010-09-01,32.07878494262695,51.720001220703125,51.15999984741211,51.900001525878906,51.060001373291016,25500500,EFA,Factor,2026-09-24
2010-09-02,32.258663177490234,52.0099983215332,51.70000076293945,52.0099983215332,51.540000915527344,14665200,EFA,Factor,2026-09-24
2010-09-03,32.556373596191406,52.4900016784668,52.43000030517578,52.650001525878906,52.150001525878906,16061700,EFA,Factor,2026-09-24
2010-09-07,32.10359191894531,51.7599983215332,52.099998474121094,52.13999938964844,51.72999954223633,17975300,EFA,Factor,2026-09-24
2010-09-08,32.35169982910156,52.15999984741211,52.11000061035156,52.540000915527344,52.08000183105469,13422600,EFA,Factor,2026-09-24
2010-09-09,32.655616760253906,52.650001525878906,53.0,53.0,52.400001525878906,14184700,EFA,Factor,2026-09-24
2010-09-10,32.75485610961914,52.810001373291016,52.66999816894531,52.86000061035156,52.599998474121094,10187700,EFA,Factor,2026-09-24
2010-09-13,33.350284576416016,53.77000045776367,53.540000915527344,53.810001373291016,53.459999084472656,23197400,EFA,Factor,2026-09-24
2010-09-14,33.573570251464844,54.130001068115234,53.58000183105469,54.34000015258789,53.41999816894531,20933000,EFA,Factor,2026-09-24
2010-09-15,33.58596420288086,54.150001525878906,53.779998779296875,54.209999084472656,53.540000915527344,19914900,EFA,Factor,2026-09-24
2010-09-16,33.42471694946289,53.88999938964844,53.7599983215332,54.029998779296875,53.61000061035156,18005000,EFA,Factor,2026-09-24
2010-09-17,33.263450622558594,53.630001068115234,53.880001068115234,53.97999954223633,53.33000183105469,18965300,EFA,Factor,2026-09-24
2010-09-20,33.840274810791016,54.560001373291016,53.90999984741211,54.65999984741211,53.77000045776367,17245100,EFA,Factor,2026-09-24
2010-09-21,33.83407974243164,54.54999923706055,54.56999969482422,54.97999954223633,54.04999923706055,24148000,EFA,Factor,2026-09-24
2010-09-22,33.78445053100586,54.470001220703125,54.720001220703125,55.0099983215332,54.31999969482422,21603200,EFA,Factor,2026-09-24
2010-09-23,33.41851043701172,53.880001068115234,53.86000061035156,54.40999984741211,53.7599983215332,20424200,EFA,Factor,2026-09-24
2010-09-24,34.348876953125,55.380001068115234,54.93000030517578,55.47999954223633,54.88999938964844,21041700,EFA,Factor,2026-09-24
2010-09-27,34.175201416015625,55.099998474121094,55.36000061035156,55.40999984741211,55.04999923706055,13161000,EFA,Factor,2026-09-24
2010-09-28,34.37367630004883,55.41999816894531,55.220001220703125,55.54999923706055,54.63999938964844,30726600,EFA,Factor,2026-09-24
2010-09-29,34.31785202026367,55.33000183105469,55.43000030517578,55.619998931884766,55.150001525878906,18717500,EFA,Factor,2026-09-24
2010-09-30,34.06355285644531,54.91999816894531,55.61000061035156,55.810001373291016,54.630001068115234,30372500,EFA,Factor,2026-09-24
2010-10-01,34.404693603515625,55.470001220703125,55.47999954223633,55.59000015258789,55.02000045776367,15814900,EFA,Factor,2026-09-24
2010-10-04,33.90848159790039,54.66999816894531,54.9900016784668,55.209999084472656,54.459999084472656,14760400,EFA,Factor,2026-09-24
2010-10-05,34.869869232177734,56.220001220703125,55.650001525878906,56.380001068115234,55.540000915527344,25199800,EFA,Factor,2026-09-24
2010-10-06,35.161380767822266,56.689998626708984,56.470001220703125,56.709999084472656,56.349998474121094,24251900,EFA,Factor,2026-09-24
2010-10-07,35.04352569580078,56.5,57.11000061035156,57.119998931884766,56.20000076293945,22281600,EFA,Factor,2026-09-24
2010-10-08,35.27302551269531,56.869998931884766,56.619998931884766,56.970001220703125,56.43000030517578,16558500,EFA,Factor,2026-09-24
2010-10-11,35.22960662841797,56.79999923706055,56.970001220703125,57.029998779296875,56.599998474121094,9960700,EFA,Factor,2026-09-24
2010-10-12,35.155181884765625,56.68000030517578,56.36000061035156,56.83000183105469,55.95000076293945,13383900,EFA,Factor,2026-09-24
2010-10-13,35.55213165283203,57.31999969482422,57.209999084472656,57.619998931884766,57.08000183105469,15517400,EFA,Factor,2026-09-24
2010-10-14,35.80022430419922,57.720001220703125,57.72999954223633,57.93000030517578,57.380001068115234,16135400,EFA,Factor,2026-09-24
2010-10-15,35.6823844909668,57.529998779296875,57.88999938964844,57.93000030517578,57.119998931884766,20830900,EFA,Factor,2026-09-24
2010-10-18,35.76301956176758,57.65999984741211,57.41999816894531,57.90999984741211,57.25,12315200,EFA,Factor,2026-09-24
2010-10-19,34.97531509399414,56.38999938964844,56.650001525878906,57.0099983215332,56.11000061035156,20471000,EFA,Factor,2026-09-24
2010-10-20,35.63276672363281,57.45000076293945,56.72999954223633,57.66999816894531,56.689998626708984,15578900,EFA,Factor,2026-09-24
2010-10-21,35.44048309326172,57.13999938964844,57.5,57.869998931884766,56.810001373291016,14836300,EFA,Factor,2026-09-24
2010-10-22,35.53352737426758,57.290000915527344,57.40999984741211,57.5,57.119998931884766,12456000,EFA,Factor,2026-09-24
2010-10-25,35.669979095458984,57.5099983215332,57.88999938964844,58.099998474121094,57.47999954223633,13979000,EFA,Factor,2026-09-24
2010-10-26,35.44048309326172,57.13999938964844,56.88999938964844,57.20000076293945,56.75,14724600,EFA,Factor,2026-09-24
2010-10-27,35.099361419677734,56.59000015258789,56.630001068115234,56.77000045776367,56.06999969482422,15964500,EFA,Factor,2026-09-24
2010-10-28,35.37226486206055,57.029998779296875,57.18000030517578,57.20000076293945,56.720001220703125,15896800,EFA,Factor,2026-09-24
2010-10-29,35.35986328125,57.0099983215332,56.939998626708984,57.13999938964844,56.77000045776367,13268100,EFA,Factor,2026-09-24
2010-11-01,35.22960662841797,56.79999923706055,57.099998474121094,57.29999923706055,56.5,14155000,EFA,Factor,2026-09-24
2010-11-02,35.81262969970703,57.7400016784668,57.68000030517578,57.849998474121094,57.529998779296875,13020600,EFA,Factor,2026-09-24
2010-11-03,36.060733795166016,58.13999938964844,57.81999969482422,58.13999938964844,57.16999816894531,24589500,EFA,Factor,2026-09-24
2010-11-04,36.87943649291992,59.459999084472656,59.189998626708984,59.5099983215332,59.119998931884766,19768900,EFA,Factor,2026-09-24
2010-11-05,36.71818923950195,59.20000076293945,59.150001525878906,59.43000030517578,58.900001525878906,14176200,EFA,Factor,2026-09-24
2010-11-08,36.49488830566406,58.84000015258789,58.7400016784668,58.959999084472656,58.4900016784668,11752500,EFA,Factor,2026-09-24
2010-11-09,36.12895202636719,58.25,59.20000076293945,59.349998474121094,58.04999923706055,17333500,EFA,Factor,2026-09-24
2010-11-10,36.23439407348633,58.41999816894531,58.45000076293945,58.56999969482422,57.650001525878906,19340700,EFA,Factor,2026-09-24
2010-11-11,35.924278259277344,57.91999816894531,57.84000015258789,58.0099983215332,57.59000015258789,21357400,EFA,Factor,2026-09-24
2010-11-12,35.626564025878906,57.439998626708984,57.75,58.060001373291016,57.130001068115234,19040600,EFA,Factor,2026-09-24
2010-11-15,35.60175323486328,57.400001525878906,57.83000183105469,57.93000030517578,57.38999938964844,15067500,EFA,Factor,2026-09-24
2010-11-16,34.76443099975586,56.04999923706055,56.900001525878906,57.0,55.79999923706055,40455500,EFA,Factor,2026-09-24
2010-11-17,34.95669937133789,56.36000061035156,56.349998474121094,56.66999816894531,56.220001220703125,22315000,EFA,Factor,2026-09-24
2010-11-18,35.831233978271484,57.77000045776367,57.54999923706055,57.83000183105469,57.5,19343000,EFA,Factor,2026-09-24
2010-11-19,35.831233978271484,57.77000045776367,57.310001373291016,57.79999923706055,57.029998779296875,14201100,EFA,Factor,2026-09-24
2010-11-22,35.446693420410156,57.150001525878906,57.099998474121094,57.400001525878906,56.4900016784668,28197600,EFA,Factor,2026-09-24
2010-11-23,34.3798828125,55.43000030517578,55.869998931884766,56.06999969482422,55.290000915527344,22439100,EFA,Factor,2026-09-24
2010-11-24,34.925689697265625,56.310001373291016,55.959999084472656,56.33000183105469,55.939998626708984,18834800,EFA,Factor,2026-09-24
2010-11-26,34.3426628112793,55.369998931884766,55.369998931884766,55.68000030517578,55.27000045776367,8691400,EFA,Factor,2026-09-24
2010-11-29,34.03874969482422,54.880001068115234,54.77000045776367,55.0099983215332,54.22999954223633,25857100,EFA,Factor,2026-09-24
2010-11-30,33.65419006347656,54.2599983215332,53.880001068115234,54.540000915527344,53.849998474121094,26227300,EFA,Factor,2026-09-24
2010-12-01,34.60936737060547,55.79999923706055,55.33000183105469,55.84000015258789,55.220001220703125,21834400,EFA,Factor,2026-09-24
2010-12-02,35.26681900024414,56.86000061035156,55.689998626708984,56.900001525878906,55.63999938964844,22405800,EFA,Factor,2026-09-24
2010-12-03,35.60795211791992,57.40999984741211,56.900001525878906,57.459999084472656,56.849998474121094,17799200,EFA,Factor,2026-09-24
2010-12-06,35.446693420410156,57.150001525878906,56.900001525878906,57.2599983215332,56.810001373291016,15412000,EFA,Factor,2026-09-24
2010-12-07,35.465309143066406,57.18000030517578,57.90999984741211,57.97999954223633,57.119998931884766,24787900,EFA,Factor,2026-09-24
2010-12-08,35.57073974609375,57.349998474121094,57.2400016784668,57.560001373291016,56.900001525878906,13426500,EFA,Factor,2026-09-24
2010-12-09,35.66378402709961,57.5,57.52000045776367,57.58000183105469,57.09000015258789,14969800,EFA,Factor,2026-09-24
2010-12-10,35.744415283203125,57.630001068115234,57.459999084472656,57.689998626708984,57.220001220703125,13417000,EFA,Factor,2026-09-24
2010-12-13,36.12895202636719,58.25,58.09000015258789,58.560001373291016,57.9900016784668,15149500,EFA,Factor,2026-09-24
2010-12-14,36.18477249145508,58.34000015258789,58.36000061035156,58.709999084472656,58.220001220703125,16046600,EFA,Factor,2026-09-24
2010-12-15,35.70719528198242,57.56999969482422,57.95000076293945,58.189998626708984,57.41999816894531,19335800,EFA,Factor,2026-09-24
2010-12-16,35.905662536621094,57.88999938964844,57.599998474121094,57.97999954223633,57.40999984741211,15424700,EFA,Factor,2026-09-24
2010-12-17,35.70719528198242,57.56999969482422,57.560001373291016,57.61000061035156,57.2599983215332,16830000,EFA,Factor,2026-09-24
2010-12-20,35.78782272338867,57.70000076293945,57.849998474121094,57.86000061035156,57.45000076293945,12685600,EFA,Factor,2026-09-24
2010-12-21,36.08708572387695,57.63999938964844,57.650001525878906,57.720001220703125,57.52000045776367,18172500,EFA,Factor,2026-09-24
2010-12-22,36.15594482421875,57.75,57.650001525878906,57.7599983215332,57.54999923706055,9188800,EFA,Factor,2026-09-24
2010-12-23,36.13717269897461,57.720001220703125,57.56999969482422,57.7599983215332,57.54999923706055,10404000,EFA,Factor,2026-09-24
2010-12-27,36.06203842163086,57.599998474121094,57.380001068115234,57.619998931884766,57.279998779296875,6348600,EFA,Factor,2026-09-24
2010-12-28,36.09334945678711,57.650001525878906,57.90999984741211,57.91999816894531,57.52000045776367,9601200,EFA,Factor,2026-09-24
2010-12-29,36.40638732910156,58.150001525878906,58.0099983215332,58.290000915527344,57.939998626708984,9244900,EFA,Factor,2026-09-24
2010-12-30,36.2310905456543,57.869998931884766,58.029998779296875,58.08000183105469,57.650001525878906,10546300,EFA,Factor,2026-09-24
2010-12-31,36.45021057128906,58.220001220703125,57.869998931884766,58.619998931884766,57.849998474121094,28390800,EFA,Factor,2026-09-24
2011-01-03,36.7507438659668,58.70000076293945,58.61000061035156,58.869998931884766,58.560001373291016,16245400,EFA,Factor,2026-09-24
2011-01-04,36.63803482055664,58.52000045776367,58.95000076293945,58.97999954223633,58.22999954223633,14583100,EFA,Factor,2026-09-24
2011-01-05,36.48151397705078,58.27000045776367,57.65999984741211,58.27000045776367,57.650001525878906,13008800,EFA,Factor,2026-09-24
2011-01-06,36.06203842163086,57.599998474121094,58.310001373291016,58.349998474121094,57.470001220703125,23622100,EFA,Factor,2026-09-24
2011-01-07,35.91804885864258,57.369998931884766,57.689998626708984,57.83000183105469,57.06999969482422,16347400,EFA,Factor,2026-09-24
2011-01-10,35.855445861816406,57.27000045776367,56.970001220703125,57.34000015258789,56.720001220703125,12666500,EFA,Factor,2026-09-24
2011-01-11,36.099613189697266,57.65999984741211,57.619998931884766,57.7599983215332,57.36000061035156,15014100,EFA,Factor,2026-09-24
2011-01-12,36.89472961425781,58.93000030517578,58.349998474121094,58.93000030517578,58.25,20472100,EFA,Factor,2026-09-24
2011-01-13,36.99489974975586,59.09000015258789,59.34000015258789,59.5099983215332,59.0,16441100,EFA,Factor,2026-09-24
2011-01-14,37.22029113769531,59.45000076293945,58.91999816894531,59.5099983215332,58.880001068115234,21884200,EFA,Factor,2026-09-24
2011-01-18,37.46445846557617,59.84000015258789,59.709999084472656,59.95000076293945,59.630001068115234,11977100,EFA,Factor,2026-09-24
2011-01-19,37.20777130126953,59.43000030517578,60.029998779296875,60.06999969482422,59.2599983215332,19678600,EFA,Factor,2026-09-24
2011-01-20,36.88846969604492,58.91999816894531,58.900001525878906,59.150001525878906,58.439998626708984,17207900,EFA,Factor,2026-09-24
2011-01-21,37.088809967041016,59.2400016784668,59.41999816894531,59.540000915527344,59.08000183105469,13671500,EFA,Factor,2026-09-24
2011-01-24,37.483238220214844,59.869998931884766,59.13999938964844,59.869998931884766,59.13999938964844,13494000,EFA,Factor,2026-09-24
2011-01-25,37.408111572265625,59.75,59.38999938964844,59.7599983215332,59.20000076293945,13323300,EFA,Factor,2026-09-24
2011-01-26,37.646018981933594,60.130001068115234,60.029998779296875,60.2400016784668,59.849998474121094,20444700,EFA,Factor,2026-09-24
2011-01-27,37.733680725097656,60.27000045776367,60.189998626708984,60.40999984741211,59.939998626708984,11889000,EFA,Factor,2026-09-24
2011-01-28,36.89472961425781,58.93000030517578,59.90999984741211,60.08000183105469,58.810001373291016,18244200,EFA,Factor,2026-09-24
2011-01-31,37.21403884887695,59.439998626708984,59.40999984741211,59.689998626708984,59.27000045776367,20763600,EFA,Factor,2026-09-24
2011-02-01,38.096797943115234,60.849998474121094,60.20000076293945,60.970001220703125,60.119998931884766,25762500,EFA,Factor,2026-09-24
2011-02-02,38.065486907958984,60.79999923706055,60.720001220703125,60.970001220703125,60.619998931884766,17063200,EFA,Factor,2026-09-24
2011-02-03,38.07174301147461,60.810001373291016,60.5099983215332,60.84000015258789,60.06999969482422,11593300,EFA,Factor,2026-09-24
2011-02-04,38.059234619140625,60.790000915527344,60.61000061035156,60.810001373291016,60.22999954223633,12648400,EFA,Factor,2026-09-24
2011-02-07,38.17819595336914,60.97999954223633,60.65999984741211,61.060001373291016,60.630001068115234,13215000,EFA,Factor,2026-09-24
2011-02-08,38.42861557006836,61.380001068115234,61.040000915527344,61.400001525878906,60.83000183105469,14437700,EFA,Factor,2026-09-24
2011-02-09,38.315921783447266,61.20000076293945,61.029998779296875,61.31999969482422,60.869998931884766,17360700,EFA,Factor,2026-09-24
2011-02-10,38.065486907958984,60.79999923706055,60.36000061035156,60.81999969482422,60.18000030517578,13190600,EFA,Factor,2026-09-24
2011-02-11,38.08427429199219,60.83000183105469,60.2599983215332,60.93000030517578,60.25,12115100,EFA,Factor,2026-09-24
2011-02-14,38.159400939941406,60.95000076293945,60.70000076293945,61.029998779296875,60.63999938964844,9851200,EFA,Factor,2026-09-24
2011-02-15,38.04670715332031,60.77000045776367,60.88999938964844,60.95000076293945,60.630001068115234,14695100,EFA,Factor,2026-09-24
2011-02-16,38.503746032714844,61.5,61.0,61.560001373291016,60.939998626708984,14665300,EFA,Factor,2026-09-24
2011-02-17,38.635215759277344,61.709999084472656,61.36000061035156,61.86000061035156,61.33000183105469,15745900,EFA,Factor,2026-09-24
2011-02-18,38.76670455932617,61.91999816894531,61.70000076293945,61.97999954223633,61.56999969482422,10151400,EFA,Factor,2026-09-24
2011-02-22,37.65854263305664,60.150001525878906,60.630001068115234,61.09000015258789,60.09000015258789,24077500,EFA,Factor,2026-09-24
2011-02-23,37.70863723754883,60.22999954223633,60.41999816894531,60.630001068115234,59.869998931884766,18757300,EFA,Factor,2026-09-24
2011-02-24,37.73992156982422,60.279998779296875,60.349998474121094,60.52000045776367,59.79999923706055,17689600,EFA,Factor,2026-09-24
2011-02-25,38.190704345703125,61.0,60.689998626708984,61.040000915527344,60.650001525878906,15585300,EFA,Factor,2026-09-24
2011-02-28,38.53505325317383,61.54999923706055,61.619998931884766,61.79999923706055,61.2599983215332,19750700,EFA,Factor,2026-09-24
2011-03-01,37.99662399291992,60.689998626708984,61.7599983215332,61.79999923706055,60.650001525878906,20476500,EFA,Factor,2026-09-24
2011-03-02,38.19696044921875,61.0099983215332,60.810001373291016,61.29999923706055,60.7400016784668,17851200,EFA,Factor,2026-09-24
2011-03-03,38.68531036376953,61.790000915527344,61.529998779296875,61.810001373291016,61.27000045776367,16087800,EFA,Factor,2026-09-24
2011-03-04,38.334712982177734,61.22999954223633,61.56999969482422,61.689998626708984,60.81999969482422,18174100,EFA,Factor,2026-09-24
2011-03-07,37.96531295776367,60.63999938964844,61.4900016784668,61.630001068115234,60.47999954223633,16467500,EFA,Factor,2026-09-24
2011-03-08,38.08427429199219,60.83000183105469,60.540000915527344,61.029998779296875,60.209999084472656,13435000,EFA,Factor,2026-09-24
2011-03-09,38.096797943115234,60.849998474121094,60.84000015258789,60.9900016784668,60.58000183105469,13058500,EFA,Factor,2026-09-24
2011-03-10,37.15141677856445,59.34000015258789,59.7400016784668,59.75,59.25,24970100,EFA,Factor,2026-09-24
2011-03-11,37.15141677856445,59.34000015258789,58.84000015258789,59.4900016784668,58.84000015258789,17713200,EFA,Factor,2026-09-24
2011-03-14,36.48777770996094,58.279998779296875,57.869998931884766,58.33000183105469,57.63999938964844,31231300,EFA,Factor,2026-09-24
2011-03-15,35.72397232055664,57.060001373291016,55.20000076293945,57.380001068115234,55.04999923706055,43537200,EFA,Factor,2026-09-24
2011-03-16,34.615806579589844,55.290000915527344,56.66999816894531,56.86000061035156,54.099998474121094,40797800,EFA,Factor,2026-09-24
2011-03-17,35.767791748046875,57.130001068115234,57.220001220703125,57.45000076293945,56.77000045776367,30662400,EFA,Factor,2026-09-24
2011-03-18,36.262386322021484,57.91999816894531,57.9900016784668,58.099998474121094,57.650001525878906,44500400,EFA,Factor,2026-09-24
2011-03-21,37.157676696777344,59.349998474121094,58.970001220703125,59.439998626708984,58.83000183105469,24131500,EFA,Factor,2026-09-24
2011-03-22,37.051246643066406,59.18000030517578,59.310001373291016,59.36000061035156,58.88999938964844,16722000,EFA,Factor,2026-09-24
2011-03-23,37.095069885253906,59.25,58.81999969482422,59.40999984741211,58.59000015258789,17400800,EFA,Factor,2026-09-24
2011-03-24,37.58967971801758,60.040000915527344,59.5099983215332,60.040000915527344,59.34000015258789,14473700,EFA,Factor,2026-09-24
2011-03-25,37.17645263671875,59.380001068115234,59.58000183105469,59.86000061035156,59.36000061035156,12687500,EFA,Factor,2026-09-24
2011-03-28,37.157676696777344,59.349998474121094,59.54999923706055,59.7400016784668,59.310001373291016,11879900,EFA,Factor,2026-09-24
2011-03-29,37.35176086425781,59.65999984741211,59.20000076293945,59.66999816894531,58.97999954223633,14375800,EFA,Factor,2026-09-24
2011-03-30,37.79627990722656,60.369998931884766,60.09000015258789,60.439998626708984,59.959999084472656,13689000,EFA,Factor,2026-09-24
2011-03-31,37.614723205566406,60.08000183105469,60.0,60.290000915527344,59.84000015258789,21688400,EFA,Factor,2026-09-24
2011-04-01,37.97157669067383,60.650001525878906,60.189998626708984,60.72999954223633,59.91999816894531,15132800,EFA,Factor,2026-09-24
2011-04-04,38.02165985107422,60.72999954223633,60.81999969482422,60.86000061035156,60.4900016784668,19410800,EFA,Factor,2026-09-24
2011-04-05,37.92775344848633,60.58000183105469,60.209999084472656,60.77000045776367,60.15999984741211,14536800,EFA,Factor,2026-09-24
2011-04-06,38.24079895019531,61.08000183105469,60.83000183105469,61.15999984741211,60.79999923706055,14204000,EFA,Factor,2026-09-24
2011-04-07,38.05297088623047,60.779998779296875,60.93000030517578,61.130001068115234,60.43000030517578,16050000,EFA,Factor,2026-09-24
2011-04-08,38.366004943847656,61.279998779296875,61.5,61.59000015258789,61.11000061035156,12447100,EFA,Factor,2026-09-24
2011-04-11,38.29087829589844,61.15999984741211,61.439998626708984,61.61000061035156,61.029998779296875,10165800,EFA,Factor,2026-09-24
2011-04-12,37.93401336669922,60.59000015258789,60.880001068115234,60.95000076293945,60.40999984741211,14527800,EFA,Factor,2026-09-24
2011-04-13,38.04670715332031,60.77000045776367,61.25,61.290000915527344,60.61000061035156,14659800,EFA,Factor,2026-09-24
2011-04-14,38.21575164794922,61.040000915527344,60.58000183105469,61.13999938964844,60.40999984741211,15109800,EFA,Factor,2026-09-24
2011-04-15,38.159400939941406,60.95000076293945,60.84000015258789,61.060001373291016,60.599998474121094,14660500,EFA,Factor,2026-09-24
2011-04-18,37.376808166503906,59.70000076293945,59.61000061035156,59.81999969482422,59.029998779296875,20667200,EFA,Factor,2026-09-24
2011-04-19,37.652278900146484,60.13999938964844,60.02000045776367,60.22999954223633,59.83000183105469,11675700,EFA,Factor,2026-09-24
2011-04-20,38.61017990112305,61.66999816894531,61.540000915527344,61.72999954223633,61.43000030517578,16665900,EFA,Factor,2026-09-24
2011-04-21,38.86060333251953,62.06999969482422,62.119998931884766,62.16999816894531,61.86000061035156,12811800,EFA,Factor,2026-09-24
2011-04-25,38.86060333251953,62.06999969482422,62.13999938964844,62.189998626708984,61.83000183105469,11593100,EFA,Factor,2026-09-24
2011-04-26,39.1611328125,62.54999923706055,62.22999954223633,62.65999984741211,62.11000061035156,11400000,EFA,Factor,2026-09-24
2011-04-27,39.64946365356445,63.33000183105469,62.7599983215332,63.38999938964844,62.349998474121094,16032300,EFA,Factor,2026-09-24
2011-04-28,39.91867446899414,63.7599983215332,63.290000915527344,63.790000915527344,63.279998779296875,19808900,EFA,Factor,2026-09-24
2011-04-29,39.730857849121094,63.459999084472656,63.790000915527344,64.06999969482422,63.459999084472656,17700000,EFA,Factor,2026-09-24
2011-05-02,39.987545013427734,63.869998931884766,64.12999725341797,64.3499984741211,63.779998779296875,18704300,EFA,Factor,2026-09-24
2011-05-03,39.6619873046875,63.349998474121094,63.650001525878906,63.83000183105469,63.060001373291016,14222300,EFA,Factor,2026-09-24
2011-05-04,39.323909759521484,62.810001373291016,63.43000030517578,63.439998626708984,62.59000015258789,18561500,EFA,Factor,2026-09-24
2011-05-05,38.547569274902344,61.56999969482422,62.11000061035156,62.279998779296875,61.31999969482422,25543500,EFA,Factor,2026-09-24
2011-05-06,38.56635665893555,61.599998474121094,62.43000030517578,62.650001525878906,61.2599983215332,24517800,EFA,Factor,2026-09-24
2011-05-09,38.841827392578125,62.040000915527344,61.619998931884766,62.09000015258789,61.36000061035156,17228200,EFA,Factor,2026-09-24
2011-05-10,39.211204528808594,62.630001068115234,62.25,62.65999984741211,62.119998931884766,15708200,EFA,Factor,2026-09-24
2011-05-11,38.422359466552734,61.369998931884766,62.29999923706055,62.369998931884766,61.130001068115234,33177300,EFA,Factor,2026-09-24
2011-05-12,38.547569274902344,61.56999969482422,61.18000030517578,61.86000061035156,60.79999923706055,22162200,EFA,Factor,2026-09-24
2011-05-13,37.94654846191406,60.61000061035156,61.45000076293945,61.4900016784668,60.279998779296875,20874000,EFA,Factor,2026-09-24
2011-05-16,37.8776741027832,60.5,60.45000076293945,61.15999984741211,60.310001373291016,19340700,EFA,Factor,2026-09-24
2011-05-17,37.95906066894531,60.630001068115234,60.18000030517578,60.65999984741211,59.900001525878906,18296900,EFA,Factor,2026-09-24
2011-05-18,38.190704345703125,61.0,60.560001373291016,61.18000030517578,60.41999816894531,12848200,EFA,Factor,2026-09-24
2011-05-19,38.40983200073242,61.349998474121094,61.18000030517578,61.41999816894531,60.810001373291016,10888100,EFA,Factor,2026-09-24
2011-05-20,37.865150451660156,60.47999954223633,60.93000030517578,61.0,60.25,18552000,EFA,Factor,2026-09-24
2011-05-23,36.988643646240234,59.08000183105469,59.08000183105469,59.33000183105469,58.81999969482422,20519400,EFA,Factor,2026-09-24
2011-05-24,37.20151138305664,59.41999816894531,59.56999969482422,59.77000045776367,59.2400016784668,17309500,EFA,Factor,2026-09-24
2011-05-25,37.43941879272461,59.79999923706055,59.2400016784668,59.959999084472656,59.20000076293945,15848600,EFA,Factor,2026-09-24
2011-05-26,37.7900276184082,60.36000061035156,60.060001373291016,60.5099983215332,59.709999084472656,18511100,EFA,Factor,2026-09-24
2011-05-27,38.065486907958984,60.79999923706055,60.68000030517578,60.9900016784668,60.59000015258789,17160100,EFA,Factor,2026-09-24
2011-05-31,38.854339599609375,62.060001373291016,61.810001373291016,62.060001373291016,61.45000076293945,33441600,EFA,Factor,2026-09-24
2011-06-01,37.93401336669922,60.59000015258789,61.720001220703125,61.790000915527344,60.52000045776367,25264400,EFA,Factor,2026-09-24
2011-06-02,38.12810134887695,60.900001525878906,60.880001068115234,61.02000045776367,60.2400016784668,19489600,EFA,Factor,2026-09-24
2011-06-03,38.146888732910156,60.93000030517578,60.279998779296875,61.279998779296875,60.2599983215332,21376300,EFA,Factor,2026-09-24
2011-06-06,37.652278900146484,60.13999938964844,60.779998779296875,60.83000183105469,60.099998474121094,16339800,EFA,Factor,2026-09-24
2011-06-07,37.99662399291992,60.689998626708984,60.900001525878906,61.13999938964844,60.65999984741211,23850300,EFA,Factor,2026-09-24
2011-06-08,37.508277893066406,59.90999984741211,60.2400016784668,60.439998626708984,59.81999969482422,18499300,EFA,Factor,2026-09-24
2011-06-09,37.89645004272461,60.529998779296875,60.11000061035156,60.68000030517578,59.970001220703125,14991000,EFA,Factor,2026-09-24
2011-06-10,37.01993942260742,59.130001068115234,60.0,60.02000045776367,58.95000076293945,23965600,EFA,Factor,2026-09-24
2011-06-13,37.0762939453125,59.220001220703125,59.349998474121094,59.58000183105469,58.88999938964844,26144800,EFA,Factor,2026-09-24
2011-06-14,37.733680725097656,60.27000045776367,60.06999969482422,60.439998626708984,60.02000045776367,16389900,EFA,Factor,2026-09-24
2011-06-15,36.49403381347656,58.290000915527344,59.08000183105469,59.310001373291016,58.150001525878906,26678400,EFA,Factor,2026-09-24
2011-06-16,36.36882400512695,58.09000015258789,58.02000045776367,58.40999984741211,57.59000015258789,21331500,EFA,Factor,2026-09-24
2011-06-17,36.72568130493164,58.65999984741211,58.880001068115234,58.959999084472656,58.5099983215332,22489900,EFA,Factor,2026-09-24
2011-06-20,36.681854248046875,58.59000015258789,58.2400016784668,58.75,58.2400016784668,16304000,EFA,Factor,2026-09-24
2011-06-21,37.47698211669922,59.86000061035156,59.15999984741211,59.88999938964844,59.09000015258789,17407400,EFA,Factor,2026-09-24
2011-06-22,37.11382293701172,58.150001525878906,58.41999816894531,58.77000045776367,58.119998931884766,20975200,EFA,Factor,2026-09-24
2011-06-23,36.79470443725586,57.650001525878906,57.060001373291016,57.68000030517578,56.70000076293945,22617400,EFA,Factor,2026-09-24
2011-06-24,36.44365692138672,57.099998474121094,57.68000030517578,57.70000076293945,57.0099983215332,18681900,EFA,Factor,2026-09-24
2011-06-27,36.74364471435547,57.56999969482422,57.060001373291016,57.720001220703125,56.939998626708984,16916400,EFA,Factor,2026-09-24
2011-06-28,37.18402862548828,58.2599983215332,57.81999969482422,58.310001373291016,57.75,20936100,EFA,Factor,2026-09-24
2011-06-29,37.835025787353516,59.279998779296875,58.900001525878906,59.33000183105469,58.560001373291016,28707600,EFA,Factor,2026-09-24
2011-06-30,38.38391876220703,60.13999938964844,59.56999969482422,60.33000183105469,59.47999954223633,30800700,EFA,Factor,2026-09-24
2011-07-01,38.80515670776367,60.79999923706055,60.04999923706055,60.86000061035156,59.880001068115234,17093200,EFA,Factor,2026-09-24
2011-07-05,38.57538604736328,60.439998626708984,60.540000915527344,60.720001220703125,60.279998779296875,17598300,EFA,Factor,2026-09-24
2011-07-06,38.332862854003906,60.060001373291016,59.93000030517578,60.150001525878906,59.63999938964844,12980200,EFA,Factor,2026-09-24
2011-07-07,38.66474533081055,60.58000183105469,60.40999984741211,60.709999084472656,60.31999969482422,15687200,EFA,Factor,2026-09-24
2011-07-08,38.186065673828125,59.83000183105469,59.91999816894531,60.150001525878906,59.5,17211100,EFA,Factor,2026-09-24
2011-07-11,37.03084945678711,58.02000045776367,58.5099983215332,58.65999984741211,57.90999984741211,25138000,EFA,Factor,2026-09-24
2011-07-12,36.78194046020508,57.630001068115234,57.66999816894531,58.290000915527344,57.560001373291016,17446900,EFA,Factor,2026-09-24
2011-07-13,37.3308219909668,58.4900016784668,58.279998779296875,59.08000183105469,58.150001525878906,22333600,EFA,Factor,2026-09-24
2011-07-14,37.00531005859375,57.97999954223633,58.79999923706055,58.91999816894531,57.849998474121094,24454000,EFA,Factor,2026-09-24
2011-07-15,37.13296890258789,58.18000030517578,58.27000045776367,58.4900016784668,57.88999938964844,20163000,EFA,Factor,2026-09-24
2011-07-18,36.584075927734375,57.31999969482422,57.439998626708984,57.61000061035156,56.849998474121094,23639200,EFA,Factor,2026-09-24
2011-07-19,37.13296890258789,58.18000030517578,57.810001373291016,58.31999969482422,57.810001373291016,20782400,EFA,Factor,2026-09-24
2011-07-20,37.5733528137207,58.869998931884766,58.70000076293945,58.95000076293945,58.38999938964844,15577400,EFA,Factor,2026-09-24
2011-07-21,38.37115478515625,60.119998931884766,59.470001220703125,60.220001220703125,59.369998931884766,26791900,EFA,Factor,2026-09-24
2011-07-22,38.40945053100586,60.18000030517578,60.15999984741211,60.25,59.72999954223633,11854600,EFA,Factor,2026-09-24
2011-07-25,38.16691970825195,59.79999923706055,59.79999923706055,60.06999969482422,59.66999816894531,15580200,EFA,Factor,2026-09-24
2011-07-26,38.39668273925781,60.15999984741211,60.119998931884766,60.369998931884766,59.849998474121094,14454200,EFA,Factor,2026-09-24
2011-07-27,37.46486282348633,58.70000076293945,59.77000045776367,59.790000915527344,58.59000015258789,29604200,EFA,Factor,2026-09-24
2011-07-28,37.375492095947266,58.560001373291016,58.61000061035156,59.15999984741211,58.5,17540500,EFA,Factor,2026-09-24
2011-07-29,37.47123718261719,58.709999084472656,58.459999084472656,59.2400016784668,58.220001220703125,28563800,EFA,Factor,2026-09-24
2011-08-01,36.998924255371094,57.970001220703125,59.369998931884766,59.400001525878906,57.5,26159000,EFA,Factor,2026-09-24
2011-08-02,36.022422790527344,56.439998626708984,57.310001373291016,57.810001373291016,56.43000030517578,25546200,EFA,Factor,2026-09-24
2011-08-03,36.23305130004883,56.77000045776367,56.79999923706055,56.88999938964844,55.790000915527344,36176300,EFA,Factor,2026-09-24
2011-08-04,33.70560836791992,52.810001373291016,54.88999938964844,55.0099983215332,52.7400016784668,39911200,EFA,Factor,2026-09-24
2011-08-05,34.299171447753906,53.7400016784668,54.0099983215332,54.209999084472656,51.779998779296875,61793400,EFA,Factor,2026-09-24
2011-08-08,31.739816665649414,49.72999954223633,51.720001220703125,52.40999984741211,49.630001068115234,53894700,EFA,Factor,2026-09-24
2011-08-09,33.8779296875,53.08000183105469,51.68000030517578,53.08000183105469,50.189998626708984,55660900,EFA,Factor,2026-09-24
2011-08-10,31.854698181152344,49.90999984741211,51.630001068115234,51.68000030517578,49.84000015258789,43347500,EFA,Factor,2026-09-24
2011-08-11,33.38010025024414,52.29999923706055,50.15999984741211,52.68000030517578,50.08000183105469,35724500,EFA,Factor,2026-09-24
2011-08-12,33.763038635253906,52.900001525878906,52.849998474121094,53.310001373291016,52.20000076293945,26243500,EFA,Factor,2026-09-24
2011-08-15,34.54807662963867,54.130001068115234,53.540000915527344,54.13999938964844,53.529998779296875,20913700,EFA,Factor,2026-09-24
2011-08-16,34.04387664794922,53.34000015258789,53.189998626708984,53.959999084472656,52.790000915527344,23238300,EFA,Factor,2026-09-24
2011-08-17,34.24171829223633,53.650001525878906,53.849998474121094,54.29999923706055,53.33000183105469,20680200,EFA,Factor,2026-09-24
2011-08-18,32.57591247558594,51.040000915527344,51.70000076293945,51.81999969482422,50.59000015258789,32657800,EFA,Factor,2026-09-24
2011-08-19,32.020633697509766,50.16999816894531,50.439998626708984,51.689998626708984,50.099998474121094,29395100,EFA,Factor,2026-09-24
2011-08-22,32.22488021850586,50.4900016784668,51.720001220703125,51.7599983215332,50.45000076293945,23408300,EFA,Factor,2026-09-24
2011-08-23,33.27159881591797,52.130001068115234,51.09000015258789,52.18000030517578,50.7599983215332,24830200,EFA,Factor,2026-09-24
2011-08-24,33.28436279296875,52.150001525878906,51.709999084472656,52.45000076293945,51.41999816894531,18042600,EFA,Factor,2026-09-24
2011-08-25,32.48017883300781,50.88999938964844,52.02000045776367,52.22999954223633,50.72999954223633,18597700,EFA,Factor,2026-09-24
2011-08-26,32.990760803222656,51.689998626708984,50.720001220703125,51.86000061035156,50.15999984741211,26600900,EFA,Factor,2026-09-24
2011-08-29,33.77581024169922,52.91999816894531,52.439998626708984,52.95000076293945,52.41999816894531,18267000,EFA,Factor,2026-09-24
2011-08-30,33.57795333862305,52.61000061035156,52.33000183105469,52.849998474121094,51.93000030517578,16811400,EFA,Factor,2026-09-24
2011-08-31,34.19066619873047,53.56999969482422,53.45000076293945,53.900001525878906,53.220001220703125,29114100,EFA,Factor,2026-09-24
2011-09-01,33.76942443847656,52.90999984741211,53.310001373291016,53.79999923706055,52.90999984741211,21110800,EFA,Factor,2026-09-24
2011-09-02,33.01629638671875,51.72999954223633,51.95000076293945,52.27000045776367,51.619998931884766,23310400,EFA,Factor,2026-09-24
2011-09-06,31.931289672851562,50.029998779296875,49.29999923706055,50.060001373291016,49.150001525878906,27238100,EFA,Factor,2026-09-24
2011-09-07,32.882266998291016,51.52000045776367,50.72999954223633,51.529998779296875,50.56999969482422,18331400,EFA,Factor,2026-09-24
2011-09-08,32.231266021728516,50.5,50.790000915527344,51.38999938964844,50.369998931884766,17412400,EFA,Factor,2026-09-24
2011-09-09,31.114347457885742,48.75,49.529998779296875,49.72999954223633,48.540000915527344,23270800,EFA,Factor,2026-09-24
2011-09-12,30.980304718017578,48.540000915527344,47.7599983215332,48.560001373291016,47.40999984741211,31133200,EFA,Factor,2026-09-24
2011-09-13,31.312179565429688,49.060001373291016,48.540000915527344,49.22999954223633,48.369998931884766,27622400,EFA,Factor,2026-09-24
2011-09-14,31.78449058532715,49.79999923706055,49.22999954223633,50.18000030517578,48.40999984741211,26017000,EFA,Factor,2026-09-24
2011-09-15,32.47379684448242,50.880001068115234,50.56999969482422,50.91999816894531,50.209999084472656,36415500,EFA,Factor,2026-09-24
2011-09-16,32.48655319213867,50.900001525878906,50.970001220703125,51.130001068115234,50.36000061035156,19035400,EFA,Factor,2026-09-24
2011-09-19,31.59300994873047,49.5,49.209999084472656,49.83000183105469,48.900001525878906,22184900,EFA,Factor,2026-09-24
2011-09-20,31.720672607421875,49.70000076293945,49.709999084472656,50.2400016784668,49.310001373291016,27969100,EFA,Factor,2026-09-24
2011-09-21,30.77606201171875,48.220001220703125,49.650001525878906,49.84000015258789,48.20000076293945,74730700,EFA,Factor,2026-09-24
2011-09-22,29.780406951904297,46.65999984741211,46.709999084472656,47.0,46.08000183105469,49431400,EFA,Factor,2026-09-24
2011-09-23,30.118669509887695,47.189998626708984,46.29999923706055,47.279998779296875,46.22999954223633,39581500,EFA,Factor,2026-09-24
2011-09-26,30.737777709960938,48.15999984741211,47.5,48.20000076293945,46.79999923706055,24237700,EFA,Factor,2026-09-24
2011-09-27,31.497272491455078,49.349998474121094,49.529998779296875,50.15999984741211,49.060001373291016,35316000,EFA,Factor,2026-09-24
2011-09-28,30.961162567138672,48.5099983215332,49.630001068115234,49.900001525878906,48.45000076293945,32537000,EFA,Factor,2026-09-24
2011-09-29,31.567489624023438,49.459999084472656,49.810001373291016,49.9900016784668,48.75,29540100,EFA,Factor,2026-09-24
2011-09-30,30.4952392578125,47.779998779296875,48.25,48.65999984741211,47.75,29785700,EFA,Factor,2026-09-24
2011-10-03,29.691055297851562,46.52000045776367,47.310001373291016,47.97999954223633,46.5,31113700,EFA,Factor,2026-09-24
2011-10-04,30.188886642456055,47.29999923706055,46.02000045776367,47.310001373291016,45.45000076293945,37700000,EFA,Factor,2026-09-24
2011-10-05,30.654802322387695,48.029998779296875,47.2400016784668,48.08000183105469,46.880001068115234,33843200,EFA,Factor,2026-09-24
2011-10-06,31.478139877319336,49.31999969482422,48.0,49.349998474121094,47.86000061035156,30835600,EFA,Factor,2026-09-24
2011-10-07,31.26112937927246,48.97999954223633,49.56999969482422,49.83000183105469,48.86000061035156,32306700,EFA,Factor,2026-09-24
2011-10-10,32.45464324951172,50.849998474121094,50.150001525878906,50.88999938964844,50.150001525878906,22300800,EFA,Factor,2026-09-24
2011-10-11,32.39720916748047,50.7599983215332,50.16999816894531,50.81999969482422,50.09000015258789,22967800,EFA,Factor,2026-09-24
2011-10-12,32.8695068359375,51.5,51.45000076293945,52.0,51.369998931884766,40438500,EFA,Factor,2026-09-24
2011-10-13,32.882266998291016,51.52000045776367,51.18000030517578,51.56999969482422,50.7400016784668,16967200,EFA,Factor,2026-09-24
2011-10-14,33.26521682739258,52.119998931884766,52.0099983215332,52.209999084472656,51.630001068115234,16226500,EFA,Factor,2026-09-24
2011-10-17,32.499324798583984,50.91999816894531,51.720001220703125,51.7400016784668,50.790000915527344,15645500,EFA,Factor,2026-09-24
2011-10-18,32.965240478515625,51.650001525878906,50.81999969482422,52.02000045776367,50.22999954223633,27807500,EFA,Factor,2026-09-24
2011-10-19,32.37167739868164,50.720001220703125,51.36000061035156,51.540000915527344,50.63999938964844,18229900,EFA,Factor,2026-09-24
2011-10-20,32.45464324951172,50.849998474121094,50.869998931884766,50.939998626708984,50.060001373291016,23120200,EFA,Factor,2026-09-24
2011-10-21,33.23968505859375,52.08000183105469,51.65999984741211,52.11000061035156,51.58000183105469,21149500,EFA,Factor,2026-09-24
2011-10-24,33.73750305175781,52.86000061035156,52.060001373291016,52.95000076293945,52.04999923706055,16040000,EFA,Factor,2026-09-24
2011-10-25,33.15671157836914,51.95000076293945,52.5099983215332,52.58000183105469,51.7599983215332,25668900,EFA,Factor,2026-09-24
2011-10-26,33.609867095947266,52.65999984741211,52.84000015258789,52.95000076293945,51.61000061035156,19159800,EFA,Factor,2026-09-24
2011-10-27,35.467159271240234,55.56999969482422,55.060001373291016,55.869998931884766,54.58000183105469,27559600,EFA,Factor,2026-09-24
2011-10-28,35.26291275024414,55.25,54.869998931884766,55.2599983215332,54.72999954223633,41372400,EFA,Factor,2026-09-24
2011-10-31,33.43115997314453,52.380001068115234,53.63999938964844,53.68000030517578,52.369998931884766,29378700,EFA,Factor,2026-09-24
2011-11-01,32.38444137573242,50.7400016784668,50.27000045776367,51.310001373291016,50.150001525878906,34733100,EFA,Factor,2026-09-24
2011-11-02,32.65887451171875,51.16999816894531,51.15999984741211,51.560001373291016,50.86000061035156,24423500,EFA,Factor,2026-09-24
2011-11-03,33.48222351074219,52.459999084472656,51.9900016784668,52.650001525878906,51.220001220703125,23891000,EFA,Factor,2026-09-24
2011-11-04,33.060977935791016,51.79999923706055,51.849998474121094,52.040000915527344,51.209999084472656,23089500,EFA,Factor,2026-09-24
2011-11-07,33.201393127441406,52.02000045776367,51.7400016784668,52.11000061035156,51.349998474121094,21383700,EFA,Factor,2026-09-24
2011-11-08,33.603485107421875,52.650001525878906,52.29999923706055,52.79999923706055,51.81999969482422,22483600,EFA,Factor,2026-09-24
2011-11-09,31.880226135253906,49.95000076293945,50.689998626708984,50.84000015258789,49.83000183105469,28669400,EFA,Factor,2026-09-24
2011-11-10,32.25678253173828,50.540000915527344,50.95000076293945,50.9900016784668,50.040000915527344,25065000,EFA,Factor,2026-09-24
2011-11-11,33.060977935791016,51.79999923706055,51.33000183105469,51.959999084472656,51.29999923706055,19095800,EFA,Factor,2026-09-24
2011-11-14,32.47379684448242,50.880001068115234,51.189998626708984,51.33000183105469,50.63999938964844,16886200,EFA,Factor,2026-09-24
2011-11-15,32.38444137573242,50.7400016784668,50.720001220703125,51.060001373291016,50.34000015258789,23477400,EFA,Factor,2026-09-24
2011-11-16,31.765344619750977,49.77000045776367,50.20000076293945,50.66999816894531,49.75,26147100,EFA,Factor,2026-09-24
2011-11-17,31.420684814453125,49.22999954223633,50.0099983215332,50.220001220703125,49.029998779296875,28385300,EFA,Factor,2026-09-24
2011-11-18,31.529191970825195,49.400001525878906,49.810001373291016,49.84000015258789,49.29999923706055,16813600,EFA,Factor,2026-09-24
2011-11-21,30.73140525817871,48.150001525878906,48.38999938964844,48.45000076293945,47.790000915527344,25465000,EFA,Factor,2026-09-24
2011-11-22,30.642032623291016,48.0099983215332,48.099998474121094,48.310001373291016,47.720001220703125,29937500,EFA,Factor,2026-09-24
2011-11-23,29.799543380737305,46.689998626708984,47.40999984741211,47.470001220703125,46.63999938964844,27206700,EFA,Factor,2026-09-24
2011-11-25,29.64638328552246,46.45000076293945,46.599998474121094,47.11000061035156,46.45000076293945,10871200,EFA,Factor,2026-09-24
2011-11-28,30.910097122192383,48.43000030517578,48.470001220703125,48.619998931884766,48.119998931884766,21753000,EFA,Factor,2026-09-24
2011-11-29,31.114347457885742,48.75,48.65999984741211,49.0,48.470001220703125,23035900,EFA,Factor,2026-09-24
2011-11-30,32.70356750488281,51.2400016784668,50.689998626708984,51.29999923706055,50.58000183105469,43525100,EFA,Factor,2026-09-24
2011-12-01,32.422733306884766,50.79999923706055,50.97999954223633,51.36000061035156,50.630001068115234,19770900,EFA,Factor,2026-09-24
2011-12-02,32.416351318359375,50.790000915527344,51.459999084472656,51.47999954223633,50.77000045776367,17848000,EFA,Factor,2026-09-24
2011-12-05,32.78652572631836,51.369998931884766,51.7599983215332,51.810001373291016,51.060001373291016,18107200,EFA,Factor,2026-09-24
2011-12-06,32.63335418701172,51.130001068115234,51.08000183105469,51.470001220703125,50.95000076293945,21382100,EFA,Factor,2026-09-24
2011-12-07,32.863121032714844,51.4900016784668,50.790000915527344,51.70000076293945,50.56999969482422,29174100,EFA,Factor,2026-09-24
2011-12-08,31.78449058532715,49.79999923706055,50.779998779296875,50.86000061035156,49.7400016784668,26351100,EFA,Factor,2026-09-24
2011-12-09,32.57591247558594,51.040000915527344,50.2599983215332,51.06999969482422,50.2400016784668,20706100,EFA,Factor,2026-09-24
2011-12-12,31.624923706054688,49.54999923706055,49.95000076293945,49.959999084472656,49.2599983215332,23868300,EFA,Factor,2026-09-24
2011-12-13,31.197303771972656,48.880001068115234,49.779998779296875,50.13999938964844,48.650001525878906,33861500,EFA,Factor,2026-09-24
2011-12-14,30.827131271362305,48.29999923706055,48.599998474121094,48.779998779296875,48.13999938964844,28164100,EFA,Factor,2026-09-24
2011-12-15,30.980304718017578,48.540000915527344,48.880001068115234,48.95000076293945,48.369998931884766,25474900,EFA,Factor,2026-09-24
2011-12-16,30.852651596069336,48.34000015258789,48.70000076293945,48.849998474121094,48.119998931884766,28537100,EFA,Factor,2026-09-24
2011-12-19,30.56545066833496,47.88999938964844,48.58000183105469,48.66999816894531,47.83000183105469,21443400,EFA,Factor,2026-09-24
2011-12-20,31.64348030090332,48.9900016784668,48.41999816894531,49.040000915527344,48.400001525878906,34746000,EFA,Factor,2026-09-24
2011-12-21,31.475543975830078,48.72999954223633,48.66999816894531,48.790000915527344,48.290000915527344,27654000,EFA,Factor,2026-09-24
2011-12-22,31.759754180908203,49.16999816894531,48.7400016784668,49.189998626708984,48.689998626708984,25753700,EFA,Factor,2026-09-24
2011-12-23,31.979354858398438,49.5099983215332,49.25,49.5099983215332,49.13999938964844,14901700,EFA,Factor,2026-09-24
2011-12-27,31.837265014648438,49.290000915527344,49.34000015258789,49.400001525878906,49.20000076293945,14440000,EFA,Factor,2026-09-24
2011-12-28,31.262392044067383,48.400001525878906,49.150001525878906,49.16999816894531,48.38999938964844,20384600,EFA,Factor,2026-09-24
2011-12-29,31.837265014648438,49.290000915527344,48.54999923706055,49.349998474121094,48.5,25565500,EFA,Factor,2026-09-24
2011-12-30,31.992279052734375,49.529998779296875,49.27000045776367,49.599998474121094,49.22999954223633,32979100,EFA,Factor,2026-09-24
2012-01-03,32.86427307128906,50.880001068115234,50.540000915527344,51.02000045776367,50.5099983215332,33352000,EFA,Factor,2026-09-24
2012-01-04,32.670494079589844,50.58000183105469,50.56999969482422,50.66999816894531,50.20000076293945,14692800,EFA,Factor,2026-09-24
2012-01-05,32.18605422973633,49.83000183105469,49.75,49.900001525878906,49.459999084472656,16354900,EFA,Factor,2026-09-24
2012-01-06,31.74683380126953,49.150001525878906,49.650001525878906,49.68000030517578,49.06999969482422,28504800,EFA,Factor,2026-09-24
2012-01-09,31.869556427001953,49.34000015258789,49.45000076293945,49.45000076293945,48.9900016784668,12756100,EFA,Factor,2026-09-24
2012-01-10,32.35399627685547,50.09000015258789,50.18000030517578,50.220001220703125,49.970001220703125,13409900,EFA,Factor,2026-09-24
2012-01-11,32.25063705444336,49.93000030517578,49.689998626708984,49.970001220703125,49.4900016784668,13372300,EFA,Factor,2026-09-24
2012-01-12,32.38628387451172,50.13999938964844,50.13999938964844,50.25,49.77000045776367,13774400,EFA,Factor,2026-09-24
2012-01-13,32.03749084472656,49.599998474121094,49.56999969482422,49.63999938964844,49.04999923706055,17154100,EFA,Factor,2026-09-24
2012-01-17,32.418582916259766,50.189998626708984,50.25,50.5,50.130001068115234,19915900,EFA,Factor,2026-09-24
2012-01-18,32.96115493774414,51.029998779296875,50.4900016784668,51.06999969482422,50.43000030517578,15999300,EFA,Factor,2026-09-24
2012-01-19,33.368080139160156,51.65999984741211,51.38999938964844,52.189998626708984,51.18000030517578,17256900,EFA,Factor,2026-09-24
2012-01-20,33.54248046875,51.93000030517578,51.59000015258789,51.93000030517578,51.540000915527344,23922600,EFA,Factor,2026-09-24
2012-01-23,33.67166519165039,52.130001068115234,52.02000045776367,52.349998474121094,51.939998626708984,18529000,EFA,Factor,2026-09-24
2012-01-24,33.48434829711914,51.84000015258789,51.58000183105469,51.93000030517578,51.400001525878906,18320600,EFA,Factor,2026-09-24
2012-01-25,33.8331413269043,52.380001068115234,51.599998474121094,52.5099983215332,51.380001068115234,24497400,EFA,Factor,2026-09-24
2012-01-26,33.8460693359375,52.400001525878906,52.880001068115234,52.97999954223633,52.290000915527344,20276800,EFA,Factor,2026-09-24
2012-01-27,33.90419387817383,52.4900016784668,52.2400016784668,52.619998931884766,52.2400016784668,22868700,EFA,Factor,2026-09-24
2012-01-30,33.50373077392578,51.869998931884766,51.650001525878906,51.97999954223633,51.560001373291016,21139400,EFA,Factor,2026-09-24
2012-01-31,33.67812728881836,52.13999938964844,52.41999816894531,52.41999816894531,51.83000183105469,26358300,EFA,Factor,2026-09-24
2012-02-01,34.20777130126953,52.959999084472656,52.84000015258789,53.2400016784668,52.790000915527344,28274600,EFA,Factor,2026-09-24
2012-02-02,34.27882766723633,53.06999969482422,53.08000183105469,53.290000915527344,52.91999816894531,19337400,EFA,Factor,2026-09-24
2012-02-03,34.814937591552734,53.900001525878906,53.41999816894531,53.93000030517578,53.349998474121094,15187000,EFA,Factor,2026-09-24
2012-02-06,34.646995544433594,53.63999938964844,53.369998931884766,53.70000076293945,53.31999969482422,15349200,EFA,Factor,2026-09-24
2012-02-07,34.86015319824219,53.970001220703125,53.68000030517578,54.0099983215332,53.41999816894531,26462700,EFA,Factor,2026-09-24
2012-02-08,34.98287582397461,54.15999984741211,54.099998474121094,54.290000915527344,53.83000183105469,13873200,EFA,Factor,2026-09-24
2012-02-09,35.073307037353516,54.29999923706055,54.369998931884766,54.43000030517578,54.02000045776367,16265900,EFA,Factor,2026-09-24
2012-02-10,34.40800094604492,53.27000045776367,53.29999923706055,53.43000030517578,53.11000061035156,19405700,EFA,Factor,2026-09-24
2012-02-13,34.80201721191406,53.880001068115234,53.93000030517578,54.0,53.66999816894531,16406900,EFA,Factor,2026-09-24
2012-02-14,34.54365158081055,53.47999954223633,53.630001068115234,53.72999954223633,53.11000061035156,17037300,EFA,Factor,2026-09-24
2012-02-15,34.5823974609375,53.540000915527344,53.93000030517578,53.95000076293945,53.459999084472656,25177100,EFA,Factor,2026-09-24
2012-02-16,35.060394287109375,54.279998779296875,53.400001525878906,54.310001373291016,53.349998474121094,17583900,EFA,Factor,2026-09-24
2012-02-17,35.21541213989258,54.52000045776367,54.59000015258789,54.599998474121094,54.220001220703125,14472400,EFA,Factor,2026-09-24
2012-02-21,35.22187042236328,54.529998779296875,54.709999084472656,54.90999984741211,54.45000076293945,17594800,EFA,Factor,2026-09-24
2012-02-22,35.11851501464844,54.369998931884766,54.43000030517578,54.59000015258789,54.25,15857800,EFA,Factor,2026-09-24
2012-02-23,35.4091796875,54.81999969482422,54.43000030517578,54.86000061035156,54.189998626708984,12721100,EFA,Factor,2026-09-24
2012-02-24,35.622337341308594,55.150001525878906,55.04999923706055,55.310001373291016,55.040000915527344,25346500,EFA,Factor,2026-09-24
2012-02-27,35.44148254394531,54.869998931884766,54.40999984741211,55.0099983215332,54.290000915527344,20054200,EFA,Factor,2026-09-24
2012-02-28,35.770896911621094,55.380001068115234,55.029998779296875,55.400001525878906,54.880001068115234,16619300,EFA,Factor,2026-09-24
2012-02-29,35.30583190917969,54.65999984741211,55.4900016784668,55.63999938964844,54.630001068115234,33950800,EFA,Factor,2026-09-24
2012-03-01,35.706298828125,55.279998779296875,54.959999084472656,55.349998474121094,54.91999816894531,20340800,EFA,Factor,2026-09-24
2012-03-02,35.37687683105469,54.77000045776367,54.88999938964844,54.93000030517578,54.599998474121094,14435600,EFA,Factor,2026-09-24
2012-03-05,35.18956756591797,54.47999954223633,54.65999984741211,54.66999816894531,54.310001373291016,10047900,EFA,Factor,2026-09-24
2012-03-06,34.065677642822266,52.7400016784668,53.20000076293945,53.25,52.59000015258789,21589300,EFA,Factor,2026-09-24
2012-03-07,34.48550796508789,53.38999938964844,53.119998931884766,53.45000076293945,52.79999923706055,18013000,EFA,Factor,2026-09-24
2012-03-08,35.228328704833984,54.540000915527344,54.2400016784668,54.77000045776367,54.09000015258789,21590500,EFA,Factor,2026-09-24
2012-03-09,35.11206817626953,54.36000061035156,54.279998779296875,54.529998779296875,54.15999984741211,23096900,EFA,Factor,2026-09-24
2012-03-12,35.02163314819336,54.220001220703125,54.15999984741211,54.290000915527344,53.88999938964844,13724200,EFA,Factor,2026-09-24
2012-03-13,35.59003829956055,55.099998474121094,54.43000030517578,55.11000061035156,54.36000061035156,24475900,EFA,Factor,2026-09-24
2012-03-14,35.27354049682617,54.61000061035156,54.9900016784668,55.06999969482422,54.45000076293945,18872700,EFA,Factor,2026-09-24
2012-03-15,35.60942459106445,55.130001068115234,54.79999923706055,55.20000076293945,54.650001525878906,13721000,EFA,Factor,2026-09-24
2012-03-16,35.8548698425293,55.5099983215332,55.540000915527344,55.720001220703125,55.459999084472656,15837000,EFA,Factor,2026-09-24
2012-03-19,36.04218673706055,55.79999923706055,55.34000015258789,55.90999984741211,55.310001373291016,17182000,EFA,Factor,2026-09-24
2012-03-20,35.61587905883789,55.13999938964844,55.02000045776367,55.220001220703125,54.790000915527344,14092600,EFA,Factor,2026-09-24
2012-03-21,35.38334655761719,54.779998779296875,54.93000030517578,54.959999084472656,54.54999923706055,16614400,EFA,Factor,2026-09-24
2012-03-22,35.13789367675781,54.400001525878906,54.20000076293945,54.5,54.130001068115234,17106600,EFA,Factor,2026-09-24
2012-03-23,35.38334655761719,54.779998779296875,54.349998474121094,54.790000915527344,54.060001373291016,14777400,EFA,Factor,2026-09-24
2012-03-26,35.83548355102539,55.47999954223633,55.189998626708984,55.5099983215332,55.18000030517578,19961800,EFA,Factor,2026-09-24
2012-03-27,35.60942459106445,55.130001068115234,55.560001373291016,55.560001373291016,55.11000061035156,14826100,EFA,Factor,2026-09-24
2012-03-28,35.36396408081055,54.75,55.150001525878906,55.189998626708984,54.470001220703125,20448500,EFA,Factor,2026-09-24
2012-03-29,35.13789367675781,54.400001525878906,54.209999084472656,54.459999084472656,53.970001220703125,25848400,EFA,Factor,2026-09-24
2012-03-30,35.45439147949219,54.88999938964844,54.84000015258789,54.939998626708984,54.5,22341500,EFA,Factor,2026-09-24
2012-04-02,35.8677864074707,55.529998779296875,54.63999938964844,55.68000030517578,54.529998779296875,25434800,EFA,Factor,2026-09-24
2012-04-03,35.241241455078125,54.560001373291016,55.209999084472656,55.2400016784668,54.25,20840000,EFA,Factor,2026-09-24
2012-04-04,34.45322799682617,53.34000015258789,53.4900016784668,53.599998474121094,53.04999923706055,20326700,EFA,Factor,2026-09-24
2012-04-05,34.24652862548828,53.02000045776367,52.869998931884766,53.33000183105469,52.86000061035156,13507000,EFA,Factor,2026-09-24
2012-04-09,34.09797286987305,52.790000915527344,52.459999084472656,52.959999084472656,52.439998626708984,12950500,EFA,Factor,2026-09-24
2012-04-10,33.368080139160156,51.65999984741211,52.61000061035156,52.7599983215332,51.650001525878906,25615800,EFA,Factor,2026-09-24
2012-04-11,33.8331413269043,52.380001068115234,52.650001525878906,52.7400016784668,52.31999969482422,22972100,EFA,Factor,2026-09-24
2012-04-12,34.45322799682617,53.34000015258789,52.630001068115234,53.40999984741211,52.599998474121094,21024400,EFA,Factor,2026-09-24
2012-04-13,33.79438018798828,52.31999969482422,52.869998931884766,52.869998931884766,52.25,27100500,EFA,Factor,2026-09-24
2012-04-16,34.039825439453125,52.70000076293945,52.72999954223633,52.91999816894531,52.290000915527344,20447400,EFA,Factor,2026-09-24
2012-04-17,34.5823974609375,53.540000915527344,53.189998626708984,53.66999816894531,52.9900016784668,12959800,EFA,Factor,2026-09-24
2012-04-18,34.40154266357422,53.2599983215332,53.16999816894531,53.5099983215332,53.08000183105469,19804600,EFA,Factor,2026-09-24
2012-04-19,34.19485092163086,52.939998626708984,53.22999954223633,53.529998779296875,52.66999816894531,27862900,EFA,Factor,2026-09-24
2012-04-20,34.52427673339844,53.45000076293945,53.31999969482422,53.630001068115234,53.290000915527344,15499300,EFA,Factor,2026-09-24
2012-04-23,33.8331413269043,52.380001068115234,52.40999984741211,52.5,52.040000915527344,23904000,EFA,Factor,2026-09-24
2012-04-24,34.104434967041016,52.79999923706055,52.61000061035156,53.04999923706055,52.58000183105469,14529100,EFA,Factor,2026-09-24
2012-04-25,34.569488525390625,53.52000045776367,53.41999816894531,53.58000183105469,53.18000030517578,21423800,EFA,Factor,2026-09-24
2012-04-26,34.77618408203125,53.84000015258789,53.29999923706055,53.93000030517578,53.2400016784668,13428200,EFA,Factor,2026-09-24
2012-04-27,34.91828155517578,54.060001373291016,54.0,54.15999984741211,53.72999954223633,16016300,EFA,Factor,2026-09-24
2012-04-30,34.718048095703125,53.75,53.81999969482422,53.849998474121094,53.529998779296875,16865300,EFA,Factor,2026-09-24
2012-05-01,34.86015319824219,53.970001220703125,53.630001068115234,54.220001220703125,53.58000183105469,15437300,EFA,Factor,2026-09-24
2012-05-02,34.588871002197266,53.54999923706055,53.310001373291016,53.630001068115234,53.099998474121094,15890700,EFA,Factor,2026-09-24
2012-05-03,34.285282135009766,53.08000183105469,53.439998626708984,53.529998779296875,52.97999954223633,14260300,EFA,Factor,2026-09-24
2012-05-04,33.7620849609375,52.27000045776367,52.79999923706055,52.880001068115234,52.220001220703125,20026500,EFA,Factor,2026-09-24
2012-05-07,34.007545471191406,52.650001525878906,52.27000045776367,52.70000076293945,52.22999954223633,21882700,EFA,Factor,2026-09-24
2012-05-08,33.48434829711914,51.84000015258789,52.029998779296875,52.08000183105469,51.290000915527344,21062600,EFA,Factor,2026-09-24
2012-05-09,33.0968017578125,51.2400016784668,50.84000015258789,51.52000045776367,50.61000061035156,31090500,EFA,Factor,2026-09-24
2012-05-10,33.25182342529297,51.47999954223633,51.75,51.81999969482422,51.400001525878906,15309000,EFA,Factor,2026-09-24
2012-05-11,33.04511642456055,51.15999984741211,50.880001068115234,51.61000061035156,50.880001068115234,14493200,EFA,Factor,2026-09-24
2012-05-14,32.41212463378906,50.18000030517578,50.36000061035156,50.58000183105469,50.18000030517578,22125400,EFA,Factor,2026-09-24
2012-05-15,32.00518798828125,49.54999923706055,49.900001525878906,50.150001525878906,49.4900016784668,18011800,EFA,Factor,2026-09-24
2012-05-16,31.688695907592773,49.060001373291016,49.560001373291016,49.81999969482422,49.02000045776367,23983300,EFA,Factor,2026-09-24
2012-05-17,31.301145553588867,48.459999084472656,49.0,49.060001373291016,48.45000076293945,26475900,EFA,Factor,2026-09-24
2012-05-18,31.07506561279297,48.11000061035156,48.68000030517578,48.689998626708984,47.68000030517578,21407900,EFA,Factor,2026-09-24
2012-05-21,31.759754180908203,49.16999816894531,48.5,49.20000076293945,48.380001068115234,22460000,EFA,Factor,2026-09-24
2012-05-22,31.64348030090332,48.9900016784668,49.20000076293945,49.58000183105469,48.779998779296875,17114800,EFA,Factor,2026-09-24
2012-05-23,31.385112762451172,48.59000015258789,48.41999816894531,48.59000015258789,47.75,42276400,EFA,Factor,2026-09-24
2012-05-24,31.178417205810547,48.27000045776367,48.529998779296875,48.65999984741211,47.9900016784668,27309500,EFA,Factor,2026-09-24
2012-05-25,31.068613052368164,48.099998474121094,48.029998779296875,48.349998474121094,48.02000045776367,13397100,EFA,Factor,2026-09-24
2012-05-29,31.462617874145508,48.709999084472656,48.689998626708984,48.939998626708984,48.310001373291016,22042200,EFA,Factor,2026-09-24
2012-05-30,30.719825744628906,47.560001373291016,47.970001220703125,47.97999954223633,47.5099983215332,19349900,EFA,Factor,2026-09-24
2012-05-31,30.8490047454834,47.7599983215332,47.77000045776367,47.91999816894531,47.220001220703125,41638100,EFA,Factor,2026-09-24
2012-06-01,30.06744384765625,46.54999923706055,46.93000030517578,47.13999938964844,46.529998779296875,34294700,EFA,Factor,2026-09-24
2012-06-04,30.319347381591797,46.939998626708984,46.9900016784668,47.13999938964844,46.599998474121094,19574500,EFA,Factor,2026-09-24
2012-06-05,30.538969039916992,47.279998779296875,46.90999984741211,47.31999969482422,46.869998931884766,20139100,EFA,Factor,2026-09-24
2012-06-06,31.391571044921875,48.599998474121094,47.65999984741211,48.619998931884766,47.61000061035156,19868200,EFA,Factor,2026-09-24
2012-06-07,31.436790466308594,48.66999816894531,49.27000045776367,49.290000915527344,48.560001373291016,18578800,EFA,Factor,2026-09-24
2012-06-08,31.333446502685547,48.5099983215332,47.939998626708984,48.560001373291016,47.79999923706055,14439600,EFA,Factor,2026-09-24
2012-06-11,31.029865264892578,48.040000915527344,49.02000045776367,49.040000915527344,47.9900016784668,19296200,EFA,Factor,2026-09-24
2012-06-12,31.54659080505371,48.84000015258789,48.5,48.86000061035156,48.09000015258789,16053900,EFA,Factor,2026-09-24
2012-06-13,31.294696807861328,48.45000076293945,48.470001220703125,48.91999816894531,48.31999969482422,16202800,EFA,Factor,2026-09-24
2012-06-14,31.5272159576416,48.810001373291016,48.41999816894531,48.9900016784668,48.29999923706055,14670400,EFA,Factor,2026-09-24
2012-06-15,31.972902297973633,49.5,49.099998474121094,49.560001373291016,48.9900016784668,20066100,EFA,Factor,2026-09-24
2012-06-18,31.88247299194336,49.36000061035156,49.2400016784668,49.5,49.11000061035156,19122200,EFA,Factor,2026-09-24
2012-06-19,32.41212463378906,50.18000030517578,49.869998931884766,50.5099983215332,49.810001373291016,23104500,EFA,Factor,2026-09-24
2012-06-20,32.59943771362305,50.470001220703125,50.41999816894531,50.83000183105469,50.04999923706055,27983500,EFA,Factor,2026-09-24
2012-06-21,31.74613380432129,48.029998779296875,49.22999954223633,49.33000183105469,47.9900016784668,25741600,EFA,Factor,2026-09-24
2012-06-22,32.01712417602539,48.439998626708984,48.5099983215332,48.56999969482422,48.130001068115234,16488100,EFA,Factor,2026-09-24
2012-06-25,31.303295135498047,47.36000061035156,47.630001068115234,47.650001525878906,47.25,32410900,EFA,Factor,2026-09-24
2012-06-26,31.5081844329834,47.66999816894531,47.619998931884766,47.79999923706055,47.2599983215332,26606100,EFA,Factor,2026-09-24
2012-06-27,31.805618286132812,48.119998931884766,47.84000015258789,48.209999084472656,47.720001220703125,19727600,EFA,Factor,2026-09-24
2012-06-28,31.871721267700195,48.220001220703125,47.779998779296875,48.2599983215332,47.56999969482422,22778500,EFA,Factor,2026-09-24
2012-06-29,33.02180099487305,49.959999084472656,49.72999954223633,49.9900016784668,49.630001068115234,31235200,EFA,Factor,2026-09-24
2012-07-02,33.23992156982422,50.290000915527344,50.099998474121094,50.34000015258789,49.86000061035156,30092900,EFA,Factor,2026-09-24
2012-07-03,33.5439567565918,50.75,50.33000183105469,50.790000915527344,50.279998779296875,12175100,EFA,Factor,2026-09-24
2012-07-05,32.98874282836914,49.90999984741211,49.95000076293945,50.06999969482422,49.66999816894531,14389900,EFA,Factor,2026-09-24
2012-07-06,32.678096771240234,49.439998626708984,49.470001220703125,49.560001373291016,49.13999938964844,15075800,EFA,Factor,2026-09-24
2012-07-09,32.605384826660156,49.33000183105469,49.16999816894531,49.349998474121094,48.970001220703125,16313700,EFA,Factor,2026-09-24
2012-07-10,32.38727569580078,49.0,49.54999923706055,49.63999938964844,48.880001068115234,20026100,EFA,Factor,2026-09-24
2012-07-11,32.486419677734375,49.150001525878906,49.22999954223633,49.36000061035156,48.86000061035156,19418100,EFA,Factor,2026-09-24
2012-07-12,32.162540435791016,48.65999984741211,48.5099983215332,48.810001373291016,48.22999954223633,21406500,EFA,Factor,2026-09-24
2012-07-13,32.61860275268555,49.349998474121094,48.689998626708984,49.439998626708984,48.66999816894531,12613300,EFA,Factor,2026-09-24
2012-07-16,32.61199951171875,49.34000015258789,49.209999084472656,49.4900016784668,48.959999084472656,12207500,EFA,Factor,2026-09-24
2012-07-17,32.70453643798828,49.47999954223633,49.47999954223633,49.61000061035156,48.86000061035156,17158600,EFA,Factor,2026-09-24
2012-07-18,32.962310791015625,49.869998931884766,49.31999969482422,49.91999816894531,49.290000915527344,13588000,EFA,Factor,2026-09-24
2012-07-19,33.266353607177734,50.33000183105469,50.119998931884766,50.41999816894531,50.0,14039600,EFA,Factor,2026-09-24
2012-07-20,32.486419677734375,49.150001525878906,49.400001525878906,49.439998626708984,49.029998779296875,24165100,EFA,Factor,2026-09-24
2012-07-23,31.818849563598633,48.13999938964844,47.84000015258789,48.25,47.65999984741211,16082900,EFA,Factor,2026-09-24
2012-07-24,31.475135803222656,47.619998931884766,48.08000183105469,48.119998931884766,47.290000915527344,18959800,EFA,Factor,2026-09-24
2012-07-25,31.640378952026367,47.869998931884766,48.040000915527344,48.11000061035156,47.630001068115234,10156700,EFA,Factor,2026-09-24
2012-07-26,32.605384826660156,49.33000183105469,49.18000030517578,49.720001220703125,49.060001373291016,18177000,EFA,Factor,2026-09-24
2012-07-27,33.292789459228516,50.369998931884766,49.79999923706055,50.58000183105469,49.689998626708984,24134200,EFA,Factor,2026-09-24
2012-07-30,33.253135681152344,50.310001373291016,50.09000015258789,50.47999954223633,50.08000183105469,24850000,EFA,Factor,2026-09-24
2012-07-31,33.04823303222656,50.0,50.27000045776367,50.400001525878906,49.97999954223633,38450700,EFA,Factor,2026-09-24
2012-08-01,33.05484390258789,50.0099983215332,50.349998474121094,50.45000076293945,49.9900016784668,17751600,EFA,Factor,2026-09-24
2012-08-02,32.59217071533203,49.310001373291016,49.470001220703125,49.900001525878906,48.939998626708984,23218900,EFA,Factor,2026-09-24
2012-08-03,33.70258331298828,50.9900016784668,50.38999938964844,51.130001068115234,50.349998474121094,26429600,EFA,Factor,2026-09-24
2012-08-06,33.940547943115234,51.349998474121094,51.209999084472656,51.52000045776367,51.130001068115234,15028700,EFA,Factor,2026-09-24
2012-08-07,34.224754333496094,51.779998779296875,51.779998779296875,52.04999923706055,51.72999954223633,17651200,EFA,Factor,2026-09-24
2012-08-08,34.204925537109375,51.75,51.4900016784668,51.86000061035156,51.470001220703125,13491300,EFA,Factor,2026-09-24
2012-08-09,34.224754333496094,51.779998779296875,51.630001068115234,51.95000076293945,51.56999969482422,12183000,EFA,Factor,2026-09-24
2012-08-10,34.28424835205078,51.869998931884766,51.369998931884766,51.869998931884766,51.25,15265100,EFA,Factor,2026-09-24
2012-08-13,34.11899948120117,51.619998931884766,51.72999954223633,51.880001068115234,51.45000076293945,15320400,EFA,Factor,2026-09-24
2012-08-14,34.198307037353516,51.7400016784668,51.77000045776367,51.849998474121094,51.619998931884766,10610200,EFA,Factor,2026-09-24
2012-08-15,34.09917449951172,51.59000015258789,51.56999969482422,51.72999954223633,51.52000045776367,14045700,EFA,Factor,2026-09-24
2012-08-16,34.52218246459961,52.22999954223633,51.86000061035156,52.310001373291016,51.70000076293945,13498000,EFA,Factor,2026-09-24
2012-08-17,34.568458557128906,52.29999923706055,52.31999969482422,52.369998931884766,52.08000183105469,17243500,EFA,Factor,2026-09-24
2012-08-20,34.52879333496094,52.2400016784668,52.15999984741211,52.290000915527344,51.939998626708984,10066600,EFA,Factor,2026-09-24
2012-08-21,34.72710037231445,52.540000915527344,52.650001525878906,52.91999816894531,52.380001068115234,19489800,EFA,Factor,2026-09-24
2012-08-22,34.68742752075195,52.47999954223633,52.09000015258789,52.59000015258789,52.040000915527344,12494200,EFA,Factor,2026-09-24
2012-08-23,34.489139556884766,52.18000030517578,52.27000045776367,52.43000030517578,52.06999969482422,16203200,EFA,Factor,2026-09-24
2012-08-24,34.4362678527832,52.099998474121094,51.810001373291016,52.369998931884766,51.709999084472656,15841400,EFA,Factor,2026-09-24
2012-08-27,34.45610046386719,52.130001068115234,52.2400016784668,52.38999938964844,52.060001373291016,12419900,EFA,Factor,2026-09-24
2012-08-28,34.42305374145508,52.08000183105469,51.91999816894531,52.16999816894531,51.83000183105469,14528900,EFA,Factor,2026-09-24
2012-08-29,34.31728744506836,51.91999816894531,52.029998779296875,52.11000061035156,51.84000015258789,11418300,EFA,Factor,2026-09-24
2012-08-30,33.808349609375,51.150001525878906,51.630001068115234,51.65999984741211,51.150001525878906,24315600,EFA,Factor,2026-09-24
2012-08-31,34.10577392578125,51.599998474121094,51.779998779296875,51.939998626708984,51.33000183105469,26992000,EFA,Factor,2026-09-24
2012-09-04,33.933929443359375,51.34000015258789,51.470001220703125,51.529998779296875,51.130001068115234,23863200,EFA,Factor,2026-09-24
2012-09-05,33.841392517089844,51.20000076293945,51.34000015258789,51.43000030517578,51.119998931884766,17360500,EFA,Factor,2026-09-24
2012-09-06,34.68082046508789,52.470001220703125,51.619998931884766,52.61000061035156,51.61000061035156,23697600,EFA,Factor,2026-09-24
2012-09-07,35.20298767089844,53.2599983215332,53.04999923706055,53.400001525878906,53.0099983215332,17210600,EFA,Factor,2026-09-24
2012-09-10,34.92537307739258,52.84000015258789,53.04999923706055,53.20000076293945,52.7599983215332,12831800,EFA,Factor,2026-09-24
2012-09-11,35.32195281982422,53.439998626708984,53.060001373291016,53.59000015258789,53.060001373291016,15417500,EFA,Factor,2026-09-24
2012-09-12,35.55329895019531,53.790000915527344,53.88999938964844,53.91999816894531,53.599998474121094,14731600,EFA,Factor,2026-09-24
2012-09-13,36.09528350830078,54.61000061035156,53.72999954223633,54.86000061035156,53.56999969482422,21654700,EFA,Factor,2026-09-24
2012-09-14,36.452213287353516,55.150001525878906,55.18000030517578,55.58000183105469,55.06999969482422,36185500,EFA,Factor,2026-09-24
2012-09-17,36.26052474975586,54.86000061035156,55.09000015258789,55.20000076293945,54.720001220703125,14851900,EFA,Factor,2026-09-24
2012-09-18,36.10850143432617,54.630001068115234,54.560001373291016,54.7599983215332,54.45000076293945,16695300,EFA,Factor,2026-09-24
2012-09-19,36.26052474975586,54.86000061035156,54.720001220703125,54.970001220703125,54.54999923706055,17193300,EFA,Factor,2026-09-24
2012-09-20,36.02919006347656,54.5099983215332,54.16999816894531,54.540000915527344,54.02000045776367,21727600,EFA,Factor,2026-09-24
2012-09-21,36.04902267456055,54.540000915527344,54.86000061035156,54.900001525878906,54.52000045776367,21583300,EFA,Factor,2026-09-24
2012-09-24,35.923439025878906,54.349998474121094,54.11000061035156,54.47999954223633,54.060001373291016,16172500,EFA,Factor,2026-09-24
2012-09-25,35.67226791381836,53.970001220703125,54.4900016784668,54.7400016784668,53.970001220703125,22290200,EFA,Factor,2026-09-24
2012-09-26,35.31534194946289,53.43000030517578,53.540000915527344,53.61000061035156,53.220001220703125,22161700,EFA,Factor,2026-09-24
2012-09-27,35.73836135864258,54.06999969482422,53.790000915527344,54.2599983215332,53.619998931884766,20720800,EFA,Factor,2026-09-24
2012-09-28,35.0311279296875,53.0,53.5,53.54999923706055,52.90999984741211,43265100,EFA,Factor,2026-09-24
2012-10-01,35.31534194946289,53.43000030517578,53.56999969482422,53.97999954223633,53.36000061035156,18016800,EFA,Factor,2026-09-24
2012-10-02,35.45414352416992,53.63999938964844,53.95000076293945,53.9900016784668,53.459999084472656,14274000,EFA,Factor,2026-09-24
2012-10-03,35.30873107910156,53.41999816894531,53.599998474121094,53.63999938964844,53.29999923706055,17416800,EFA,Factor,2026-09-24
2012-10-04,35.73836135864258,54.06999969482422,53.810001373291016,54.130001068115234,53.70000076293945,15963600,EFA,Factor,2026-09-24
2012-10-05,35.784629821777344,54.13999938964844,54.5099983215332,54.650001525878906,54.040000915527344,13420500,EFA,Factor,2026-09-24
2012-10-08,35.573116302490234,53.81999969482422,53.810001373291016,53.900001525878906,53.709999084472656,6656000,EFA,Factor,2026-09-24
2012-10-09,35.05756378173828,53.040000915527344,53.47999954223633,53.58000183105469,53.040000915527344,15400300,EFA,Factor,2026-09-24
2012-10-10,34.95841979980469,52.88999938964844,53.04999923706055,53.13999938964844,52.720001220703125,13899400,EFA,Factor,2026-09-24
2012-10-11,35.18315505981445,53.22999954223633,53.41999816894531,53.650001525878906,53.150001525878906,13497700,EFA,Factor,2026-09-24
2012-10-12,35.14349365234375,53.16999816894531,53.369998931884766,53.56999969482422,53.09000015258789,9295500,EFA,Factor,2026-09-24
2012-10-15,35.487205505371094,53.689998626708984,53.529998779296875,53.75,53.2599983215332,21186600,EFA,Factor,2026-09-24
2012-10-16,36.07546615600586,54.58000183105469,54.22999954223633,54.619998931884766,54.220001220703125,19155600,EFA,Factor,2026-09-24
2012-10-17,36.41255569458008,55.09000015258789,54.849998474121094,55.150001525878906,54.720001220703125,15644700,EFA,Factor,2026-09-24
2012-10-18,36.27374267578125,54.880001068115234,54.900001525878906,55.22999954223633,54.720001220703125,18096200,EFA,Factor,2026-09-24
2012-10-19,35.784629821777344,54.13999938964844,54.72999954223633,54.7400016784668,54.060001373291016,19565700,EFA,Factor,2026-09-24
2012-10-22,36.035797119140625,54.52000045776367,54.5099983215332,54.599998474121094,54.150001525878906,14263400,EFA,Factor,2026-09-24
2012-10-23,35.26245880126953,53.349998474121094,53.41999816894531,53.470001220703125,53.040000915527344,18033600,EFA,Factor,2026-09-24
2012-10-24,35.28229522705078,53.380001068115234,53.68000030517578,53.7599983215332,53.369998931884766,11683400,EFA,Factor,2026-09-24
2012-10-25,35.49380111694336,53.70000076293945,54.0,54.08000183105469,53.5,15728800,EFA,Factor,2026-09-24
2012-10-26,35.44092559814453,53.619998931884766,53.54999923706055,53.72999954223633,53.369998931884766,11745100,EFA,Factor,2026-09-24
2012-10-31,35.41448974609375,53.58000183105469,53.91999816894531,53.97999954223633,53.439998626708984,21750700,EFA,Factor,2026-09-24
2012-11-01,35.83088684082031,54.209999084472656,53.849998474121094,54.220001220703125,53.779998779296875,18856700,EFA,Factor,2026-09-24
2012-11-02,35.487205505371094,53.689998626708984,54.16999816894531,54.16999816894531,53.61000061035156,16524400,EFA,Factor,2026-09-24
2012-11-05,35.40127182006836,53.560001373291016,53.560001373291016,53.65999984741211,53.38999938964844,9714000,EFA,Factor,2026-09-24
2012-11-06,35.73836135864258,54.06999969482422,53.77000045776367,54.150001525878906,53.75,11045300,EFA,Factor,2026-09-24
2012-11-07,35.20298767089844,53.2599983215332,53.5,53.52000045776367,52.970001220703125,20992600,EFA,Factor,2026-09-24
2012-11-08,34.885719299316406,52.779998779296875,53.060001373291016,53.310001373291016,52.7599983215332,19833000,EFA,Factor,2026-09-24
2012-11-09,34.89894485473633,52.79999923706055,52.5099983215332,53.029998779296875,52.5,20872100,EFA,Factor,2026-09-24
2012-11-12,34.87248992919922,52.7599983215332,52.810001373291016,52.91999816894531,52.630001068115234,11864800,EFA,Factor,2026-09-24
2012-11-13,34.70064163208008,52.5,52.2599983215332,52.900001525878906,52.209999084472656,14507400,EFA,Factor,2026-09-24
2012-11-14,34.33711624145508,51.95000076293945,52.689998626708984,52.7400016784668,51.86000061035156,20602900,EFA,Factor,2026-09-24
2012-11-15,34.44948959350586,52.119998931884766,52.189998626708984,52.36000061035156,51.91999816894531,15479300,EFA,Factor,2026-09-24
2012-11-16,34.42964553833008,52.09000015258789,52.130001068115234,52.209999084472656,51.630001068115234,18052300,EFA,Factor,2026-09-24
2012-11-19,35.176544189453125,53.220001220703125,52.790000915527344,53.220001220703125,52.779998779296875,15934900,EFA,Factor,2026-09-24
2012-11-20,35.22941589355469,53.29999923706055,53.0,53.310001373291016,52.900001525878906,13642300,EFA,Factor,2026-09-24
2012-11-21,35.288902282714844,53.38999938964844,53.349998474121094,53.45000076293945,53.27000045776367,10368200,EFA,Factor,2026-09-24
2012-11-23,36.04902267456055,54.540000915527344,54.20000076293945,54.540000915527344,54.16999816894531,8397700,EFA,Factor,2026-09-24
2012-11-26,35.96308517456055,54.40999984741211,54.2400016784668,54.41999816894531,54.11000061035156,13682100,EFA,Factor,2026-09-24
2012-11-27,35.784629821777344,54.13999938964844,54.290000915527344,54.439998626708984,54.119998931884766,13987200,EFA,Factor,2026-09-24
2012-11-28,36.04240798950195,54.529998779296875,53.83000183105469,54.59000015258789,53.720001220703125,23549600,EFA,Factor,2026-09-24
2012-11-29,36.353057861328125,55.0,54.959999084472656,55.130001068115234,54.709999084472656,19765500,EFA,Factor,2026-09-24
2012-11-30,36.399314880371094,55.06999969482422,55.029998779296875,55.25,54.970001220703125,23565800,EFA,Factor,2026-09-24
2012-12-03,36.445587158203125,55.13999938964844,55.34000015258789,55.369998931884766,55.060001373291016,22076600,EFA,Factor,2026-09-24
2012-12-04,36.53813171386719,55.279998779296875,55.31999969482422,55.400001525878906,55.189998626708984,18736900,EFA,Factor,2026-09-24
2012-12-05,36.59101104736328,55.36000061035156,55.29999923706055,55.599998474121094,55.11000061035156,22117800,EFA,Factor,2026-09-24
2012-12-06,36.663719177246094,55.470001220703125,55.45000076293945,55.5099983215332,55.18000030517578,12963300,EFA,Factor,2026-09-24
2012-12-07,36.67692947387695,55.4900016784668,55.349998474121094,55.5099983215332,53.400001525878906,11949100,EFA,Factor,2026-09-24
2012-12-10,36.71658706665039,55.54999923706055,55.33000183105469,55.58000183105469,55.31999969482422,17617400,EFA,Factor,2026-09-24
2012-12-11,36.9280891418457,55.869998931884766,55.720001220703125,55.95000076293945,55.720001220703125,15684400,EFA,Factor,2026-09-24
2012-12-12,37.04707336425781,56.04999923706055,56.040000915527344,56.369998931884766,55.959999084472656,18266500,EFA,Factor,2026-09-24
2012-12-13,36.9347038269043,55.880001068115234,55.95000076293945,56.099998474121094,55.75,13693600,EFA,Factor,2026-09-24
2012-12-14,37.0669059753418,56.08000183105469,55.939998626708984,56.2599983215332,55.900001525878906,18514600,EFA,Factor,2026-09-24
2012-12-17,37.21892547607422,56.310001373291016,56.040000915527344,56.369998931884766,56.0,22550700,EFA,Factor,2026-09-24
2012-12-18,37.60647964477539,56.279998779296875,55.95000076293945,56.349998474121094,55.869998931884766,24270800,EFA,Factor,2026-09-24
2012-12-19,37.7401237487793,56.47999954223633,56.720001220703125,56.77000045776367,56.459999084472656,19356300,EFA,Factor,2026-09-24
2012-12-20,37.99403762817383,56.86000061035156,56.68000030517578,56.880001068115234,56.540000915527344,18545600,EFA,Factor,2026-09-24
2012-12-21,37.76017761230469,56.5099983215332,56.08000183105469,56.52000045776367,56.060001373291016,22418300,EFA,Factor,2026-09-24
2012-12-24,37.65993881225586,56.36000061035156,56.439998626708984,56.47999954223633,56.25,7699100,EFA,Factor,2026-09-24
2012-12-26,37.653255462646484,56.349998474121094,56.52000045776367,56.56999969482422,56.119998931884766,11718000,EFA,Factor,2026-09-24
2012-12-27,37.826988220214844,56.61000061035156,56.65999984741211,56.68000030517578,56.15999984741211,14207500,EFA,Factor,2026-09-24
2012-12-28,37.42607116699219,56.0099983215332,56.13999938964844,56.29999923706055,55.970001220703125,18734500,EFA,Factor,2026-09-24
2012-12-31,37.99403762817383,56.86000061035156,56.2400016784668,56.869998931884766,56.06999969482422,22820800,EFA,Factor,2026-09-24
2013-01-02,38.582054138183594,57.7400016784668,57.66999816894531,57.779998779296875,57.38999938964844,26056300,EFA,Factor,2026-09-24
2013-01-03,38.20787048339844,57.18000030517578,57.33000183105469,57.540000915527344,57.09000015258789,23239700,EFA,Factor,2026-09-24
2013-01-04,38.40163803100586,57.470001220703125,57.06999969482422,57.540000915527344,57.0099983215332,15522200,EFA,Factor,2026-09-24
2013-01-07,38.23458480834961,57.220001220703125,57.02000045776367,57.279998779296875,56.939998626708984,14102600,EFA,Factor,2026-09-24
2013-01-08,38.02076721191406,56.900001525878906,57.02000045776367,57.08000183105469,56.689998626708984,15592300,EFA,Factor,2026-09-24
2013-01-09,38.21455001831055,57.189998626708984,57.09000015258789,57.27000045776367,57.029998779296875,12779400,EFA,Factor,2026-09-24
2013-01-10,38.70233154296875,57.91999816894531,57.79999923706055,58.0099983215332,57.59000015258789,17718600,EFA,Factor,2026-09-24
2013-01-11,38.78251647949219,58.040000915527344,58.0099983215332,58.11000061035156,57.84000015258789,12624700,EFA,Factor,2026-09-24
2013-01-14,38.82929229736328,58.11000061035156,58.04999923706055,58.150001525878906,57.869998931884766,9980400,EFA,Factor,2026-09-24
2013-01-15,38.769161224365234,58.02000045776367,57.75,58.04999923706055,57.689998626708984,12534000,EFA,Factor,2026-09-24
2013-01-16,38.582054138183594,57.7400016784668,57.619998931884766,57.810001373291016,57.52000045776367,12907000,EFA,Factor,2026-09-24
2013-01-17,38.896121978759766,58.209999084472656,58.13999938964844,58.31999969482422,58.0,14936200,EFA,Factor,2026-09-24
2013-01-18,38.85601806640625,58.150001525878906,58.13999938964844,58.220001220703125,57.88999938964844,18844000,EFA,Factor,2026-09-24
2013-01-22,38.87607192993164,58.18000030517578,58.029998779296875,58.18000030517578,57.83000183105469,12090100,EFA,Factor,2026-09-24
2013-01-23,38.835975646972656,58.119998931884766,58.040000915527344,58.15999984741211,57.880001068115234,10139900,EFA,Factor,2026-09-24
2013-01-24,39.023075103759766,58.400001525878906,58.220001220703125,58.540000915527344,58.189998626708984,13640100,EFA,Factor,2026-09-24
2013-01-25,39.44403839111328,59.029998779296875,58.95000076293945,59.029998779296875,58.70000076293945,16643500,EFA,Factor,2026-09-24
2013-01-28,39.25026321411133,58.7400016784668,58.810001373291016,58.849998474121094,58.540000915527344,14802900,EFA,Factor,2026-09-24
2013-01-29,39.517539978027344,59.13999938964844,58.869998931884766,59.20000076293945,58.849998474121094,13403300,EFA,Factor,2026-09-24
2013-01-30,39.55764389038086,59.20000076293945,59.16999816894531,59.43000030517578,59.130001068115234,18943400,EFA,Factor,2026-09-24
2013-01-31,39.4106330871582,58.97999954223633,59.11000061035156,59.279998779296875,58.939998626708984,22252200,EFA,Factor,2026-09-24
2013-02-01,39.72468566894531,59.45000076293945,59.36000061035156,59.59000015258789,59.209999084472656,19989200,EFA,Factor,2026-09-24
2013-02-04,39.009708404541016,58.380001068115234,58.790000915527344,58.88999938964844,58.2599983215332,18125200,EFA,Factor,2026-09-24
2013-02-05,39.19012451171875,58.650001525878906,58.540000915527344,58.810001373291016,58.4900016784668,15418900,EFA,Factor,2026-09-24
2013-02-06,39.183441162109375,58.63999938964844,58.279998779296875,58.66999816894531,58.2400016784668,26336000,EFA,Factor,2026-09-24
2013-02-07,38.86270523071289,58.15999984741211,58.59000015258789,58.63999938964844,57.86000061035156,21947700,EFA,Factor,2026-09-24
2013-02-08,39.10993957519531,58.529998779296875,58.36000061035156,58.59000015258789,58.36000061035156,18326200,EFA,Factor,2026-09-24
2013-02-11,39.06984329223633,58.470001220703125,58.529998779296875,58.540000915527344,58.25,12677200,EFA,Factor,2026-09-24
2013-02-12,39.26362228393555,58.7599983215332,58.5,58.880001068115234,58.45000076293945,11534200,EFA,Factor,2026-09-24
2013-02-13,39.3571662902832,58.900001525878906,59.040000915527344,59.16999816894531,58.84000015258789,8955200,EFA,Factor,2026-09-24
2013-02-14,39.14335250854492,58.58000183105469,58.380001068115234,58.619998931884766,58.36000061035156,10409900,EFA,Factor,2026-09-24
2013-02-15,39.043113708496094,58.43000030517578,58.65999984741211,58.709999084472656,58.2599983215332,12095000,EFA,Factor,2026-09-24
2013-02-19,39.50416946411133,59.119998931884766,58.93000030517578,59.15999984741211,58.91999816894531,20173800,EFA,Factor,2026-09-24
2013-02-20,39.11661911010742,58.540000915527344,59.25,59.290000915527344,58.529998779296875,17523500,EFA,Factor,2026-09-24
2013-02-21,38.52861022949219,57.65999984741211,57.84000015258789,57.869998931884766,57.400001525878906,34195200,EFA,Factor,2026-09-24
2013-02-22,39.083213806152344,58.4900016784668,58.119998931884766,58.5099983215332,57.95000076293945,23364000,EFA,Factor,2026-09-24
2013-02-25,38.147727966308594,57.09000015258789,58.83000183105469,58.93000030517578,57.02000045776367,40205000,EFA,Factor,2026-09-24
2013-02-26,38.45509719848633,57.54999923706055,57.68000030517578,57.84000015258789,57.189998626708984,25416500,EFA,Factor,2026-09-24
2013-02-27,38.94289016723633,58.279998779296875,57.470001220703125,58.349998474121094,57.400001525878906,16819600,EFA,Factor,2026-09-24
2013-02-28,38.90280532836914,58.220001220703125,58.2599983215332,58.560001373291016,58.150001525878906,17815100,EFA,Factor,2026-09-24
2013-03-01,38.82260513305664,58.099998474121094,57.79999923706055,58.20000076293945,57.58000183105469,18241800,EFA,Factor,2026-09-24
2013-03-04,38.98966598510742,58.349998474121094,57.95000076293945,58.36000061035156,57.849998474121094,14580300,EFA,Factor,2026-09-24
2013-03-05,39.37722396850586,58.93000030517578,58.81999969482422,59.040000915527344,58.79999923706055,16168000,EFA,Factor,2026-09-24
2013-03-06,39.47745132446289,59.08000183105469,59.18000030517578,59.220001220703125,58.81999969482422,17189600,EFA,Factor,2026-09-24
2013-03-07,39.59104919433594,59.25,59.220001220703125,59.34000015258789,59.18000030517578,11797900,EFA,Factor,2026-09-24
2013-03-08,39.67790985107422,59.380001068115234,59.290000915527344,59.41999816894531,59.040000915527344,23305900,EFA,Factor,2026-09-24
2013-03-11,39.798187255859375,59.560001373291016,59.290000915527344,59.560001373291016,59.220001220703125,10873200,EFA,Factor,2026-09-24
2013-03-12,39.59771728515625,59.2599983215332,59.529998779296875,59.599998474121094,59.150001525878906,16015600,EFA,Factor,2026-09-24
2013-03-13,39.537601470947266,59.16999816894531,59.130001068115234,59.33000183105469,58.869998931884766,20517900,EFA,Factor,2026-09-24
2013-03-14,39.92514419555664,59.75,59.43000030517578,59.810001373291016,59.400001525878906,12158300,EFA,Factor,2026-09-24
2013-03-15,40.00532913208008,59.869998931884766,59.91999816894531,59.9900016784668,59.709999084472656,18191100,EFA,Factor,2026-09-24
2013-03-18,39.5643196105957,59.209999084472656,59.119998931884766,59.650001525878906,59.09000015258789,25132800,EFA,Factor,2026-09-24
2013-03-19,39.44403839111328,59.029998779296875,59.36000061035156,59.439998626708984,58.630001068115234,25745200,EFA,Factor,2026-09-24
2013-03-20,39.684600830078125,59.38999938964844,59.439998626708984,59.540000915527344,59.290000915527344,16134800,EFA,Factor,2026-09-24
2013-03-21,39.323760986328125,58.849998474121094,58.900001525878906,59.22999954223633,58.81999969482422,18106800,EFA,Factor,2026-09-24
2013-03-22,39.66454315185547,59.36000061035156,59.18000030517578,59.45000076293945,59.08000183105469,18090400,EFA,Factor,2026-09-24
2013-03-25,39.17007827758789,58.619998931884766,59.38999938964844,59.470001220703125,58.470001220703125,31933000,EFA,Factor,2026-09-24
2013-03-26,39.417320251464844,58.9900016784668,58.83000183105469,59.0,58.65999984741211,15040700,EFA,Factor,2026-09-24
2013-03-27,39.223533630371094,58.70000076293945,58.310001373291016,58.720001220703125,58.20000076293945,14990300,EFA,Factor,2026-09-24
2013-03-28,39.4106330871582,58.97999954223633,58.81999969482422,59.040000915527344,58.7400016784668,28690100,EFA,Factor,2026-09-24
2013-04-01,38.88274383544922,58.189998626708984,58.56999969482422,58.619998931884766,58.09000015258789,24852900,EFA,Factor,2026-09-24
2013-04-02,39.29703903198242,58.810001373291016,58.84000015258789,59.099998474121094,58.72999954223633,19636600,EFA,Factor,2026-09-24
2013-04-03,39.10325622558594,58.52000045776367,59.060001373291016,59.13999938964844,58.470001220703125,16961000,EFA,Factor,2026-09-24
2013-04-04,39.450714111328125,59.040000915527344,58.720001220703125,59.099998474121094,58.59000015258789,14924900,EFA,Factor,2026-09-24
2013-04-05,39.27031326293945,58.77000045776367,58.220001220703125,58.779998779296875,58.15999984741211,18160400,EFA,Factor,2026-09-24
2013-04-08,39.42399215698242,59.0,58.7400016784668,59.0,58.63999938964844,17117700,EFA,Factor,2026-09-24
2013-04-09,39.5643196105957,59.209999084472656,58.97999954223633,59.40999984741211,58.75,17406300,EFA,Factor,2026-09-24
2013-04-10,40.15233612060547,60.09000015258789,59.75,60.220001220703125,59.7400016784668,18195500,EFA,Factor,2026-09-24
2013-04-11,40.46638870239258,60.560001373291016,60.470001220703125,60.84000015258789,60.380001068115234,19865300,EFA,Factor,2026-09-24
2013-04-12,40.36616897583008,60.40999984741211,60.279998779296875,60.43000030517578,60.029998779296875,16777400,EFA,Factor,2026-09-24
2013-04-15,39.57100296020508,59.220001220703125,59.869998931884766,59.900001525878906,59.189998626708984,22699900,EFA,Factor,2026-09-24
2013-04-16,40.13229751586914,60.060001373291016,59.900001525878906,60.060001373291016,59.599998474121094,14675700,EFA,Factor,2026-09-24
2013-04-17,39.29703903198242,58.810001373291016,59.34000015258789,59.369998931884766,58.52000045776367,30730800,EFA,Factor,2026-09-24
2013-04-18,39.176761627197266,58.630001068115234,58.91999816894531,58.95000076293945,58.439998626708984,19211400,EFA,Factor,2026-09-24
2013-04-19,39.490806579589844,59.099998474121094,59.0099983215332,59.119998931884766,58.84000015258789,24725900,EFA,Factor,2026-09-24
2013-04-22,39.657867431640625,59.349998474121094,59.099998474121094,59.439998626708984,58.790000915527344,16899700,EFA,Factor,2026-09-24
2013-04-23,40.21915054321289,60.189998626708984,59.84000015258789,60.22999954223633,59.81999969482422,21257700,EFA,Factor,2026-09-24
2013-04-24,40.56662368774414,60.709999084472656,60.52000045776367,60.880001068115234,60.45000076293945,18269400,EFA,Factor,2026-09-24
2013-04-25,40.78044128417969,61.029998779296875,61.0099983215332,61.29999923706055,60.959999084472656,20079200,EFA,Factor,2026-09-24
2013-04-26,40.81386184692383,61.08000183105469,60.959999084472656,61.13999938964844,60.88999938964844,13910200,EFA,Factor,2026-09-24
2013-04-29,41.335060119628906,61.86000061035156,61.36000061035156,61.93000030517578,61.349998474121094,14721000,EFA,Factor,2026-09-24
2013-04-30,41.38851547241211,61.939998626708984,61.84000015258789,61.9900016784668,61.709999084472656,22261300,EFA,Factor,2026-09-24
2013-05-01,41.14127731323242,61.56999969482422,62.0,62.02000045776367,61.439998626708984,19104600,EFA,Factor,2026-09-24
2013-05-02,41.26823806762695,61.7599983215332,61.41999816894531,61.88999938964844,61.36000061035156,18247200,EFA,Factor,2026-09-24
2013-05-03,41.796119689941406,62.54999923706055,62.310001373291016,62.630001068115234,62.279998779296875,19161200,EFA,Factor,2026-09-24
2013-05-06,41.74266052246094,62.470001220703125,62.279998779296875,62.470001220703125,62.220001220703125,7583700,EFA,Factor,2026-09-24
2013-05-07,41.80949020385742,62.56999969482422,62.560001373291016,62.65999984741211,62.36000061035156,15724500,EFA,Factor,2026-09-24
2013-05-08,42.2504997253418,63.22999954223633,62.900001525878906,63.2599983215332,62.900001525878906,17768200,EFA,Factor,2026-09-24
2013-05-09,41.84288787841797,62.619998931884766,62.900001525878906,62.959999084472656,62.369998931884766,16372400,EFA,Factor,2026-09-24
2013-05-10,41.8896598815918,62.689998626708984,62.54999923706055,62.720001220703125,62.34000015258789,15403400,EFA,Factor,2026-09-24
2013-05-13,41.86961364746094,62.65999984741211,62.619998931884766,62.70000076293945,62.459999084472656,11911400,EFA,Factor,2026-09-24
2013-05-14,41.949806213378906,62.779998779296875,62.560001373291016,62.880001068115234,62.54999923706055,26158800,EFA,Factor,2026-09-24
2013-05-15,42.13022232055664,63.04999923706055,62.689998626708984,63.06999969482422,62.68000030517578,15961600,EFA,Factor,2026-09-24
2013-05-16,41.84288787841797,62.619998931884766,62.72999954223633,62.95000076293945,62.4900016784668,16669100,EFA,Factor,2026-09-24
2013-05-17,42.13022232055664,63.04999923706055,62.650001525878906,63.06999969482422,62.59000015258789,12925700,EFA,Factor,2026-09-24
2013-05-20,42.36408996582031,63.400001525878906,63.08000183105469,63.439998626708984,63.06999969482422,16117200,EFA,Factor,2026-09-24
2013-05-21,42.45095443725586,63.529998779296875,63.150001525878906,63.65999984741211,63.029998779296875,15283700,EFA,Factor,2026-09-24
2013-05-22,42.02329635620117,62.88999938964844,63.540000915527344,64.13999938964844,62.70000076293945,21713500,EFA,Factor,2026-09-24
2013-05-23,41.42191696166992,61.9900016784668,61.33000183105469,62.0099983215332,60.9900016784668,27055200,EFA,Factor,2026-09-24
2013-05-24,41.061092376708984,61.45000076293945,61.16999816894531,61.470001220703125,60.9900016784668,19956800,EFA,Factor,2026-09-24
2013-05-28,41.167999267578125,61.61000061035156,61.970001220703125,62.15999984741211,61.470001220703125,20275800,EFA,Factor,2026-09-24
2013-05-29,40.773765563964844,61.02000045776367,61.08000183105469,61.15999984741211,60.72999954223633,18099400,EFA,Factor,2026-09-24
2013-05-30,40.93413162231445,61.2599983215332,61.029998779296875,61.45000076293945,60.9900016784668,27382900,EFA,Factor,2026-09-24
2013-05-31,40.138973236083984,60.06999969482422,60.5099983215332,60.650001525878906,60.029998779296875,36549400,EFA,Factor,2026-09-24
2013-06-03,40.29265213012695,60.29999923706055,60.08000183105469,60.5099983215332,59.77000045776367,30340700,EFA,Factor,2026-09-24
2013-06-04,40.43966293334961,60.52000045776367,60.790000915527344,60.88999938964844,60.20000076293945,17024400,EFA,Factor,2026-09-24
2013-06-05,39.537601470947266,59.16999816894531,59.83000183105469,59.849998474121094,59.150001525878906,28821600,EFA,Factor,2026-09-24
2013-06-06,39.758094787597656,59.5,59.15999984741211,59.529998779296875,58.869998931884766,24386900,EFA,Factor,2026-09-24
2013-06-07,40.29265213012695,60.29999923706055,59.540000915527344,60.310001373291016,59.400001525878906,19245200,EFA,Factor,2026-09-24
2013-06-10,40.33275604248047,60.36000061035156,60.470001220703125,60.4900016784668,60.130001068115234,14559800,EFA,Factor,2026-09-24
2013-06-11,39.83828353881836,59.619998931884766,59.47999954223633,59.95000076293945,59.349998474121094,16619000,EFA,Factor,2026-09-24
2013-06-12,39.79149627685547,59.54999923706055,60.29999923706055,60.36000061035156,59.470001220703125,14378100,EFA,Factor,2026-09-24
2013-06-13,40.39957046508789,60.459999084472656,59.689998626708984,60.56999969482422,59.59000015258789,20158400,EFA,Factor,2026-09-24
2013-06-14,39.95855712890625,59.79999923706055,60.0099983215332,60.33000183105469,59.61000061035156,17334200,EFA,Factor,2026-09-24
2013-06-17,40.53321838378906,60.65999984741211,60.869998931884766,61.04999923706055,60.29999923706055,17560400,EFA,Factor,2026-09-24
2013-06-18,40.820533752441406,61.09000015258789,60.869998931884766,61.20000076293945,60.849998474121094,13168500,EFA,Factor,2026-09-24
2013-06-19,40.05878448486328,59.95000076293945,61.040000915527344,61.18000030517578,59.939998626708984,33232800,EFA,Factor,2026-09-24
2013-06-20,38.5887336730957,57.75,58.709999084472656,58.7400016784668,57.65999984741211,40517100,EFA,Factor,2026-09-24
2013-06-21,38.7156982421875,57.939998626708984,58.41999816894531,58.470001220703125,57.43000030517578,30474300,EFA,Factor,2026-09-24
2013-06-24,38.10763931274414,57.029998779296875,56.7400016784668,57.33000183105469,56.439998626708984,24351500,EFA,Factor,2026-09-24
2013-06-25,38.59541320800781,57.7599983215332,57.529998779296875,57.849998474121094,57.099998474121094,24494900,EFA,Factor,2026-09-24
2013-06-26,38.74911117553711,57.9900016784668,58.029998779296875,58.18000030517578,57.779998779296875,27142000,EFA,Factor,2026-09-24
2013-06-27,39.13907241821289,57.40999984741211,57.33000183105469,57.709999084472656,57.33000183105469,17753800,EFA,Factor,2026-09-24
2013-06-28,39.064083099365234,57.29999923706055,57.310001373291016,57.599998474121094,57.09000015258789,31174100,EFA,Factor,2026-09-24
2013-07-01,39.43221664428711,57.84000015258789,57.810001373291016,58.08000183105469,57.75,15315900,EFA,Factor,2026-09-24
2013-07-02,39.23451232910156,57.54999923706055,57.779998779296875,58.09000015258789,57.33000183105469,13492800,EFA,Factor,2026-09-24
2013-07-03,39.24815368652344,57.56999969482422,57.11000061035156,57.68000030517578,57.02000045776367,11748500,EFA,Factor,2026-09-24
2013-07-05,39.43221664428711,57.84000015258789,57.959999084472656,57.97999954223633,57.40999984741211,10197800,EFA,Factor,2026-09-24
2013-07-08,39.67765426635742,58.20000076293945,58.04999923706055,58.31999969482422,58.0,11993200,EFA,Factor,2026-09-24
2013-07-09,39.895809173583984,58.52000045776367,58.63999938964844,58.63999938964844,58.15999984741211,11624200,EFA,Factor,2026-09-24
2013-07-10,40.0117073059082,58.689998626708984,58.5099983215332,59.11000061035156,58.45000076293945,16162300,EFA,Factor,2026-09-24
2013-07-11,41.04796600341797,60.209999084472656,59.779998779296875,60.27000045776367,59.540000915527344,20284600,EFA,Factor,2026-09-24
2013-07-12,40.7752571105957,59.810001373291016,59.77000045776367,59.91999816894531,59.630001068115234,15189800,EFA,Factor,2026-09-24
2013-07-15,41.027503967285156,60.18000030517578,60.029998779296875,60.189998626708984,59.93000030517578,17063200,EFA,Factor,2026-09-24
2013-07-16,41.0002326965332,60.13999938964844,60.130001068115234,60.22999954223633,59.97999954223633,10894600,EFA,Factor,2026-09-24
2013-07-17,41.12294387817383,60.31999969482422,60.619998931884766,60.619998931884766,60.18000030517578,13744500,EFA,Factor,2026-09-24
2013-07-18,41.395652770996094,60.720001220703125,60.4900016784668,60.779998779296875,60.11000061035156,11036600,EFA,Factor,2026-09-24
2013-07-19,41.36156463623047,60.66999816894531,60.5099983215332,60.77000045776367,60.400001525878906,23299300,EFA,Factor,2026-09-24
2013-07-22,41.59335708618164,61.0099983215332,60.810001373291016,61.06999969482422,60.779998779296875,16518900,EFA,Factor,2026-09-24
2013-07-23,41.681983947753906,61.13999938964844,61.209999084472656,61.2599983215332,60.95000076293945,11132000,EFA,Factor,2026-09-24
2013-07-24,41.627445220947266,61.060001373291016,61.369998931884766,61.380001068115234,60.810001373291016,12887500,EFA,Factor,2026-09-24
2013-07-25,41.709251403808594,61.18000030517578,60.5,61.209999084472656,60.4900016784668,14467100,EFA,Factor,2026-09-24
2013-07-26,41.450191497802734,60.79999923706055,60.630001068115234,60.79999923706055,60.29999923706055,15499000,EFA,Factor,2026-09-24
2013-07-29,41.05477523803711,60.220001220703125,60.2400016784668,60.34000015258789,60.119998931884766,11063600,EFA,Factor,2026-09-24
2013-07-30,41.04796600341797,60.209999084472656,60.470001220703125,60.5099983215332,60.02000045776367,10712500,EFA,Factor,2026-09-24
2013-07-31,41.14340591430664,60.349998474121094,60.060001373291016,60.75,60.060001373291016,22989900,EFA,Factor,2026-09-24
2013-08-01,41.702430725097656,61.16999816894531,61.119998931884766,61.2599983215332,60.959999084472656,24484500,EFA,Factor,2026-09-24
2013-08-02,42.043312072753906,61.66999816894531,61.22999954223633,61.66999816894531,61.209999084472656,15475000,EFA,Factor,2026-09-24
2013-08-05,41.954673767089844,61.540000915527344,61.400001525878906,61.560001373291016,61.22999954223633,11483000,EFA,Factor,2026-09-24
2013-08-06,41.89332962036133,61.45000076293945,61.689998626708984,61.7400016784668,61.29999923706055,18325300,EFA,Factor,2026-09-24
2013-08-07,41.709251403808594,61.18000030517578,61.20000076293945,61.29999923706055,61.099998474121094,11989700,EFA,Factor,2026-09-24
2013-08-08,42.08421325683594,61.72999954223633,61.52000045776367,61.83000183105469,61.34000015258789,12612700,EFA,Factor,2026-09-24
2013-08-09,42.159210205078125,61.84000015258789,61.650001525878906,61.939998626708984,61.61000061035156,14951500,EFA,Factor,2026-09-24
2013-08-12,42.043312072753906,61.66999816894531,61.5099983215332,61.72999954223633,61.5,13785000,EFA,Factor,2026-09-24
2013-08-13,42.316017150878906,62.06999969482422,61.83000183105469,62.13999938964844,61.4900016784668,13189100,EFA,Factor,2026-09-24
2013-08-14,42.33645248413086,62.099998474121094,62.099998474121094,62.189998626708984,61.9900016784668,14258600,EFA,Factor,2026-09-24
2013-08-15,41.981956481933594,61.58000183105469,61.33000183105469,61.65999984741211,60.939998626708984,23650000,EFA,Factor,2026-09-24
2013-08-16,42.056941986083984,61.689998626708984,61.709999084472656,61.83000183105469,61.59000015258789,15219600,EFA,Factor,2026-09-24
2013-08-19,41.75697326660156,61.25,61.619998931884766,61.65999984741211,61.209999084472656,13596700,EFA,Factor,2026-09-24
2013-08-20,41.702430725097656,61.16999816894531,61.029998779296875,61.33000183105469,60.91999816894531,12885800,EFA,Factor,2026-09-24
2013-08-21,41.21158218383789,60.45000076293945,60.77000045776367,61.0,60.22999954223633,12755200,EFA,Factor,2026-09-24
2013-08-22,41.61381149291992,61.040000915527344,60.900001525878906,61.130001068115234,60.880001068115234,8041700,EFA,Factor,2026-09-24
2013-08-23,41.975135803222656,61.56999969482422,61.380001068115234,61.58000183105469,61.209999084472656,10141600,EFA,Factor,2026-09-24
2013-08-26,41.6683464050293,61.119998931884766,61.279998779296875,61.400001525878906,61.11000061035156,8471000,EFA,Factor,2026-09-24
2013-08-27,40.95933151245117,60.08000183105469,60.43000030517578,60.630001068115234,60.040000915527344,18839100,EFA,Factor,2026-09-24
2013-08-28,40.911617279052734,60.0099983215332,59.75,60.220001220703125,59.68000030517578,10521700,EFA,Factor,2026-09-24
2013-08-29,40.84343338012695,59.90999984741211,59.86000061035156,60.15999984741211,59.79999923706055,10555800,EFA,Factor,2026-09-24
2013-08-30,40.33895492553711,59.16999816894531,59.619998931884766,59.63999938964844,59.15999984741211,21045300,EFA,Factor,2026-09-24
2013-09-03,41.11613082885742,60.310001373291016,60.5099983215332,60.59000015258789,60.040000915527344,18912700,EFA,Factor,2026-09-24
2013-09-04,41.484275817871094,60.849998474121094,60.209999084472656,60.939998626708984,60.150001525878906,11868800,EFA,Factor,2026-09-24
2013-09-05,41.450191497802734,60.79999923706055,60.59000015258789,60.86000061035156,60.58000183105469,10523400,EFA,Factor,2026-09-24
2013-09-06,41.6751708984375,61.130001068115234,61.060001373291016,61.310001373291016,60.650001525878906,16398000,EFA,Factor,2026-09-24
2013-09-09,42.24783706665039,61.970001220703125,61.4900016784668,62.0,61.4900016784668,17398000,EFA,Factor,2026-09-24
2013-09-10,42.72505187988281,62.66999816894531,62.47999954223633,62.70000076293945,62.40999984741211,15972400,EFA,Factor,2026-09-24
2013-09-11,42.875030517578125,62.88999938964844,62.41999816894531,62.90999984741211,62.40999984741211,11864200,EFA,Factor,2026-09-24
2013-09-12,42.62961196899414,62.529998779296875,62.56999969482422,62.810001373291016,62.52000045776367,16745000,EFA,Factor,2026-09-24
2013-09-13,42.83414077758789,62.83000183105469,62.61000061035156,62.84000015258789,62.43000030517578,13590900,EFA,Factor,2026-09-24
2013-09-16,43.16818618774414,63.31999969482422,63.650001525878906,63.650001525878906,63.27000045776367,18909500,EFA,Factor,2026-09-24
2013-09-17,43.19546127319336,63.36000061035156,63.16999816894531,63.36000061035156,63.16999816894531,10370400,EFA,Factor,2026-09-24
2013-09-18,44.34761047363281,65.05000305175781,63.40999984741211,65.11000061035156,63.2400016784668,21359000,EFA,Factor,2026-09-24
2013-09-19,44.136268615722656,64.73999786376953,65.06999969482422,65.08000183105469,64.6500015258789,19195600,EFA,Factor,2026-09-24
2013-09-20,43.81585693359375,64.2699966430664,64.62999725341797,64.62999725341797,64.23999786376953,18878600,EFA,Factor,2026-09-24
2013-09-23,43.802215576171875,64.25,64.29000091552734,64.36000061035156,63.95000076293945,17860700,EFA,Factor,2026-09-24
2013-09-24,43.73403549194336,64.1500015258789,64.19999694824219,64.41000366210938,63.97999954223633,14979200,EFA,Factor,2026-09-24
2013-09-25,43.781768798828125,64.22000122070312,64.11000061035156,64.36000061035156,64.01000213623047,14478100,EFA,Factor,2026-09-24
2013-09-26,43.9658317565918,64.48999786376953,64.30000305175781,64.58999633789062,64.25,15653800,EFA,Factor,2026-09-24
2013-09-27,43.80903244018555,64.26000213623047,64.19000244140625,64.41999816894531,64.12999725341797,17705800,EFA,Factor,2026-09-24
2013-09-30,43.49542999267578,63.79999923706055,63.61000061035156,63.970001220703125,63.54999923706055,22274400,EFA,Factor,2026-09-24
2013-10-01,43.72721862792969,64.13999938964844,63.869998931884766,64.30000305175781,63.75,15392400,EFA,Factor,2026-09-24
2013-10-02,43.71358108520508,64.12000274658203,63.90999984741211,64.16000366210938,63.59000015258789,12620200,EFA,Factor,2026-09-24
2013-10-03,43.427249908447266,63.70000076293945,63.9900016784668,64.02999877929688,63.59000015258789,16212700,EFA,Factor,2026-09-24
2013-10-04,43.529510498046875,63.849998474121094,63.61000061035156,63.91999816894531,63.58000183105469,11699000,EFA,Factor,2026-09-24
2013-10-07,43.079566955566406,63.189998626708984,63.060001373291016,63.4900016784668,63.040000915527344,17360800,EFA,Factor,2026-09-24
2013-10-08,42.745506286621094,62.70000076293945,63.220001220703125,63.310001373291016,62.68000030517578,19635600,EFA,Factor,2026-09-24
2013-10-09,42.92958450317383,62.970001220703125,62.93000030517578,63.09000015258789,62.540000915527344,19659500,EFA,Factor,2026-09-24
2013-10-10,43.699951171875,64.0999984741211,63.5099983215332,64.19999694824219,63.5,16423300,EFA,Factor,2026-09-24
2013-10-11,43.93174743652344,64.44000244140625,64.11000061035156,64.47000122070312,64.06999969482422,13279100,EFA,Factor,2026-09-24
2013-10-14,44.08173370361328,64.66000366210938,64.16999816894531,64.70999908447266,64.12000274658203,7213800,EFA,Factor,2026-09-24
2013-10-15,43.87039566040039,64.3499984741211,64.4000015258789,64.5199966430664,64.27999877929688,15599400,EFA,Factor,2026-09-24
2013-10-16,44.1976318359375,64.83000183105469,64.54000091552734,64.8499984741211,64.48999786376953,17389900,EFA,Factor,2026-09-24
2013-10-17,44.783931732177734,65.69000244140625,65.19000244140625,65.72000122070312,65.12999725341797,21850200,EFA,Factor,2026-09-24
2013-10-18,45.0498161315918,66.08000183105469,65.88999938964844,66.11000061035156,65.77999877929688,16283000,EFA,Factor,2026-09-24
2013-10-21,45.11798858642578,66.18000030517578,65.98999786376953,66.18000030517578,65.93000030517578,11068000,EFA,Factor,2026-09-24
2013-10-22,45.567935943603516,66.83999633789062,66.5199966430664,66.95999908447266,66.5199966430664,13015200,EFA,Factor,2026-09-24
2013-10-23,45.12480926513672,66.19000244140625,66.20999908447266,66.25,65.97000122070312,13384700,EFA,Factor,2026-09-24
2013-10-24,45.43840789794922,66.6500015258789,66.55999755859375,66.69000244140625,66.4000015258789,11820900,EFA,Factor,2026-09-24
2013-10-25,45.30887222290039,66.45999908447266,66.44999694824219,66.47000122070312,66.27999877929688,16688300,EFA,Factor,2026-09-24
2013-10-28,45.23387145996094,66.3499984741211,66.27999877929688,66.4800033569336,66.19000244140625,9936700,EFA,Factor,2026-09-24
2013-10-29,45.329322814941406,66.48999786376953,66.41000366210938,66.51000213623047,66.30999755859375,12121400,EFA,Factor,2026-09-24
2013-10-30,45.165706634521484,66.25,66.55999755859375,66.58999633789062,65.91999816894531,18774000,EFA,Factor,2026-09-24
2013-10-31,44.913455963134766,65.87999725341797,66.06999969482422,66.25,65.77999877929688,22366900,EFA,Factor,2026-09-24
2013-11-01,44.69530487060547,65.55999755859375,65.52999877929688,65.58999633789062,65.19000244140625,18921000,EFA,Factor,2026-09-24
2013-11-04,44.913455963134766,65.87999725341797,65.68000030517578,65.87999725341797,65.55000305175781,27539500,EFA,Factor,2026-09-24
2013-11-05,44.52486038208008,65.30999755859375,65.19999694824219,65.41999816894531,64.98999786376953,13129600,EFA,Factor,2026-09-24
2013-11-06,44.913455963134766,65.87999725341797,65.88999938964844,66.05000305175781,65.75,16260600,EFA,Factor,2026-09-24
2013-11-07,44.204444885253906,64.83999633789062,65.62000274658203,65.66999816894531,64.76000213623047,22820200,EFA,Factor,2026-09-24
2013-11-08,44.4635124206543,65.22000122070312,64.69999694824219,65.23999786376953,64.69000244140625,15873000,EFA,Factor,2026-09-24
2013-11-11,44.558956146240234,65.36000061035156,65.23999786376953,65.37000274658203,65.16000366210938,14206100,EFA,Factor,2026-09-24
2013-11-12,44.408973693847656,65.13999938964844,65.18000030517578,65.31999969482422,64.97000122070312,13391000,EFA,Factor,2026-09-24
2013-11-13,44.5521354675293,65.3499984741211,64.63999938964844,65.41999816894531,64.62000274658203,12669400,EFA,Factor,2026-09-24
2013-11-14,44.75666809082031,65.6500015258789,65.3499984741211,65.7300033569336,65.29000091552734,14537100,EFA,Factor,2026-09-24
2013-11-15,45.11798858642578,66.18000030517578,66.02999877929688,66.31999969482422,65.95999908447266,25278400,EFA,Factor,2026-09-24
2013-11-18,45.11798858642578,66.18000030517578,66.55999755859375,66.5999984741211,66.08999633789062,12776200,EFA,Factor,2026-09-24
2013-11-19,45.00208282470703,66.01000213623047,66.0199966430664,66.19999694824219,65.87999725341797,10664300,EFA,Factor,2026-09-24
2013-11-20,44.68849563598633,65.55000305175781,66.08000183105469,66.22000122070312,65.37999725341797,18220600,EFA,Factor,2026-09-24
2013-11-21,44.96799850463867,65.95999908447266,65.7699966430664,65.97000122070312,65.66000366210938,15963400,EFA,Factor,2026-09-24
2013-11-22,45.097537994384766,66.1500015258789,65.94999694824219,66.2300033569336,65.91000366210938,18657100,EFA,Factor,2026-09-24
2013-11-25,44.96118927001953,65.94999694824219,66.0999984741211,66.11000061035156,65.87000274658203,11835000,EFA,Factor,2026-09-24
2013-11-26,44.96118927001953,65.94999694824219,65.81999969482422,66.01000213623047,65.75,14620200,EFA,Factor,2026-09-24
2013-11-27,45.07026672363281,66.11000061035156,66.18000030517578,66.29000091552734,66.02999877929688,9667100,EFA,Factor,2026-09-24
2013-11-29,45.158897399902344,66.23999786376953,66.5199966430664,66.58000183105469,66.23999786376953,13964200,EFA,Factor,2026-09-24
2013-12-02,44.824825286865234,65.75,66.01000213623047,66.11000061035156,65.73999786376953,17686300,EFA,Factor,2026-09-24
2013-12-03,44.5112190246582,65.29000091552734,65.41999816894531,65.54000091552734,65.08999633789062,14776300,EFA,Factor,2026-09-24
2013-12-04,44.272621154785156,64.94000244140625,64.52999877929688,65.0,64.5199966430664,18603800,EFA,Factor,2026-09-24
2013-12-05,44.02037048339844,64.56999969482422,64.7300033569336,64.87000274658203,64.4800033569336,13115500,EFA,Factor,2026-09-24
2013-12-06,44.565773010253906,65.37000274658203,65.12999725341797,65.4000015258789,65.01000213623047,12965100,EFA,Factor,2026-09-24
2013-12-09,44.5180549621582,65.30000305175781,65.25,65.41000366210938,65.20999908447266,11275800,EFA,Factor,2026-09-24
2013-12-10,44.44306182861328,65.19000244140625,65.1500015258789,65.29000091552734,65.0,13978200,EFA,Factor,2026-09-24
2013-12-11,44.02719497680664,64.58000183105469,65.19999694824219,65.20999908447266,64.55000305175781,14151000,EFA,Factor,2026-09-24
2013-12-12,43.70677947998047,64.11000061035156,64.27999877929688,64.33999633789062,63.95000076293945,14118200,EFA,Factor,2026-09-24
2013-12-13,43.67950439453125,64.06999969482422,64.0999984741211,64.1500015258789,63.849998474121094,12214200,EFA,Factor,2026-09-24
2013-12-16,43.99310302734375,64.52999877929688,64.51000213623047,64.7300033569336,64.47000122070312,13338900,EFA,Factor,2026-09-24
2013-12-17,43.802215576171875,64.25,64.36000061035156,64.37999725341797,64.08000183105469,15966500,EFA,Factor,2026-09-24
2013-12-18,44.49125289916992,64.69999694824219,64.22000122070312,64.86000061035156,63.5,28970800,EFA,Factor,2026-09-24
2013-12-19,44.49125289916992,64.69999694824219,64.48999786376953,64.80999755859375,64.41999816894531,20647100,EFA,Factor,2026-09-24
2013-12-20,44.745670318603516,65.06999969482422,64.91000366210938,65.18000030517578,64.87999725341797,18427500,EFA,Factor,2026-09-24
2013-12-23,45.20640182495117,65.73999786376953,65.48999786376953,65.76000213623047,65.4000015258789,15767500,EFA,Factor,2026-09-24
2013-12-24,45.29580307006836,65.87000274658203,65.62999725341797,65.87000274658203,65.55999755859375,6708500,EFA,Factor,2026-09-24
2013-12-26,45.54335021972656,66.2300033569336,66.16000366210938,66.27999877929688,66.1500015258789,8510500,EFA,Factor,2026-09-24
2013-12-27,45.77715301513672,66.56999969482422,66.76000213623047,66.7699966430664,66.51000213623047,18585400,EFA,Factor,2026-09-24
2013-12-30,45.969696044921875,66.8499984741211,66.73999786376953,66.91000366210938,66.68000030517578,14432400,EFA,Factor,2026-09-24
2013-12-31,46.14161682128906,67.0999984741211,67.04000091552734,67.36000061035156,67.0,21704700,EFA,Factor,2026-09-24
2014-01-02,45.323307037353516,65.91000366210938,66.20999908447266,66.2699966430664,65.73999786376953,26240600,EFA,Factor,2026-09-24
2014-01-03,45.37145233154297,65.9800033569336,66.0199966430664,66.19000244140625,65.87000274658203,19270100,EFA,Factor,2026-09-24
2014-01-06,45.31643295288086,65.9000015258789,66.05000305175781,66.11000061035156,65.83999633789062,14737600,EFA,Factor,2026-09-24
2014-01-07,45.57085418701172,66.2699966430664,66.16999816894531,66.3499984741211,66.12999725341797,12075700,EFA,Factor,2026-09-24
2014-01-08,45.55710220336914,66.25,66.31999969482422,66.37000274658203,66.0999984741211,17555600,EFA,Factor,2026-09-24
2014-01-09,45.52272033691406,66.19999694824219,66.27999877929688,66.27999877929688,65.80000305175781,13128600,EFA,Factor,2026-09-24
2014-01-10,45.94218444824219,66.80999755859375,66.5,66.8499984741211,66.43000030517578,19676400,EFA,Factor,2026-09-24
2014-01-13,45.54335021972656,66.2300033569336,66.5199966430664,66.68000030517578,66.11000061035156,19464700,EFA,Factor,2026-09-24
2014-01-14,45.907814025878906,66.76000213623047,66.41999816894531,66.80999755859375,66.22000122070312,12268900,EFA,Factor,2026-09-24
2014-01-15,46.10036087036133,67.04000091552734,66.72000122070312,67.08000183105469,66.69000244140625,12388800,EFA,Factor,2026-09-24
2014-01-16,46.079734802246094,67.01000213623047,66.93000030517578,67.01000213623047,66.69999694824219,21172000,EFA,Factor,2026-09-24
2014-01-17,45.94218444824219,66.80999755859375,66.9800033569336,67.02999877929688,66.70999908447266,22526900,EFA,Factor,2026-09-24
2014-01-21,46.1622428894043,67.12999725341797,67.19999694824219,67.22000122070312,66.81999969482422,18600200,EFA,Factor,2026-09-24
2014-01-22,46.1622428894043,67.12999725341797,67.11000061035156,67.16999816894531,66.94999694824219,12664100,EFA,Factor,2026-09-24
2014-01-23,45.85279846191406,66.68000030517578,66.88999938964844,66.91000366210938,66.41000366210938,17691700,EFA,Factor,2026-09-24
2014-01-24,44.594398498535156,64.8499984741211,65.69000244140625,65.69999694824219,64.8499984741211,25036300,EFA,Factor,2026-09-24
2014-01-27,44.38810729980469,64.55000305175781,64.87999725341797,64.93000030517578,64.1500015258789,21487100,EFA,Factor,2026-09-24
2014-01-28,44.773170471191406,65.11000061035156,64.86000061035156,65.18000030517578,64.83000183105469,15857600,EFA,Factor,2026-09-24
2014-01-29,44.27120590209961,64.37999725341797,64.26000213623047,64.72000122070312,64.19000244140625,21210400,EFA,Factor,2026-09-24
2014-01-30,44.49811935424805,64.70999908447266,64.66000366210938,64.80999755859375,64.37999725341797,14681000,EFA,Factor,2026-09-24
2014-01-31,43.74169921875,63.61000061035156,63.33000183105469,64.0199966430664,63.310001373291016,39572600,EFA,Factor,2026-09-24
2014-02-03,42.84775161743164,62.310001373291016,63.540000915527344,63.619998931884766,62.279998779296875,45762000,EFA,Factor,2026-09-24
2014-02-04,43.34286117553711,63.029998779296875,62.77000045776367,63.06999969482422,62.58000183105469,26309300,EFA,Factor,2026-09-24
2014-02-05,43.43225860595703,63.15999984741211,63.0,63.209999084472656,62.7599983215332,17503900,EFA,Factor,2026-09-24
2014-02-06,44.202430725097656,64.27999877929688,63.720001220703125,64.30999755859375,63.709999084472656,16589100,EFA,Factor,2026-09-24
2014-02-07,44.780052185058594,65.12000274658203,64.62000274658203,65.12999725341797,64.47000122070312,14500900,EFA,Factor,2026-09-24
2014-02-10,44.628780364990234,64.9000015258789,64.93000030517578,64.94000244140625,64.75,13885400,EFA,Factor,2026-09-24
2014-02-11,45.33706283569336,65.93000030517578,65.2699966430664,66.05000305175781,65.25,18061900,EFA,Factor,2026-09-24
2014-02-12,45.4127082824707,66.04000091552734,65.94999694824219,66.11000061035156,65.8499984741211,14801400,EFA,Factor,2026-09-24
2014-02-13,45.550228118896484,66.23999786376953,65.45999908447266,66.27999877929688,65.43000030517578,17329500,EFA,Factor,2026-09-24
2014-02-14,45.722145080566406,66.48999786376953,66.16999816894531,66.55999755859375,66.0999984741211,18540700,EFA,Factor,2026-09-24
2014-02-18,46.114112854003906,67.05999755859375,66.94000244140625,67.13999938964844,66.76000213623047,16668600,EFA,Factor,2026-09-24
2014-02-19,45.80466079711914,66.61000061035156,66.91999816894531,67.22000122070312,66.56999969482422,13139900,EFA,Factor,2026-09-24
2014-02-20,45.96281814575195,66.83999633789062,66.54000091552734,66.93000030517578,66.4000015258789,14098500,EFA,Factor,2026-09-24
2014-02-21,46.05222702026367,66.97000122070312,67.1500015258789,67.33000183105469,66.95999908447266,12629800,EFA,Factor,2026-09-24
2014-02-24,46.45106887817383,67.55000305175781,67.22000122070312,67.87000274658203,67.19000244140625,22573000,EFA,Factor,2026-09-24
2014-02-25,46.341026306152344,67.38999938964844,67.56999969482422,67.76000213623047,67.2699966430664,16833800,EFA,Factor,2026-09-24
2014-02-26,46.182865142822266,67.16000366210938,67.26000213623047,67.33000183105469,66.94000244140625,14872400,EFA,Factor,2026-09-24
2014-02-27,46.341026306152344,67.38999938964844,66.9800033569336,67.41000366210938,66.8499984741211,11392500,EFA,Factor,2026-09-24
2014-02-28,46.423553466796875,67.51000213623047,67.5,67.87000274658203,67.30000305175781,41960000,EFA,Factor,2026-09-24
2014-03-03,45.440208435058594,66.08000183105469,66.37999725341797,66.54000091552734,65.91000366210938,27783400,EFA,Factor,2026-09-24
2014-03-04,46.341026306152344,67.38999938964844,67.4000015258789,67.48999786376953,67.29000091552734,29272000,EFA,Factor,2026-09-24
2014-03-05,46.29977035522461,67.33000183105469,67.29000091552734,67.45999908447266,67.20999908447266,16872800,EFA,Factor,2026-09-24
2014-03-06,46.781131744384766,68.02999877929688,68.0199966430664,68.19000244140625,67.93000030517578,15087000,EFA,Factor,2026-09-24
2014-03-07,46.52669906616211,67.66000366210938,67.91000366210938,67.95999908447266,67.31999969482422,21133800,EFA,Factor,2026-09-24
2014-03-10,46.23788833618164,67.23999786376953,67.20999908447266,67.29000091552734,66.83000183105469,23329100,EFA,Factor,2026-09-24
2014-03-11,45.90093994140625,66.75,67.11000061035156,67.33999633789062,66.68000030517578,17811900,EFA,Factor,2026-09-24
2014-03-12,45.72901153564453,66.5,66.16000366210938,66.5999984741211,66.01000213623047,14151000,EFA,Factor,2026-09-24
2014-03-13,44.8763313293457,65.26000213623047,66.63999938964844,66.69000244140625,65.13999938964844,35340200,EFA,Factor,2026-09-24
2014-03-14,44.780052185058594,65.12000274658203,64.87000274658203,65.43000030517578,64.87000274658203,24796000,EFA,Factor,2026-09-24
2014-03-17,45.34394836425781,65.94000244140625,65.62999725341797,66.0199966430664,65.5999984741211,24052700,EFA,Factor,2026-09-24
2014-03-18,45.6258659362793,66.3499984741211,65.98999786376953,66.4800033569336,65.9800033569336,19417000,EFA,Factor,2026-09-24
2014-03-19,45.06888198852539,65.54000091552734,66.27999877929688,66.30999755859375,65.12000274658203,22330200,EFA,Factor,2026-09-24
2014-03-20,44.8969612121582,65.29000091552734,64.95999908447266,65.41999816894531,64.81999969482422,18788100,EFA,Factor,2026-09-24
2014-03-21,44.80756759643555,65.16000366210938,65.61000061035156,65.80999755859375,65.12000274658203,17668300,EFA,Factor,2026-09-24
2014-03-24,44.92447280883789,65.33000183105469,65.61000061035156,65.6500015258789,64.93000030517578,17552900,EFA,Factor,2026-09-24
2014-03-25,45.4127082824707,66.04000091552734,65.83000183105469,66.19000244140625,65.62999725341797,20785500,EFA,Factor,2026-09-24
2014-03-26,45.40582275390625,66.02999877929688,66.56999969482422,66.5999984741211,66.0199966430664,27028900,EFA,Factor,2026-09-24
2014-03-27,45.632755279541016,66.36000061035156,66.27999877929688,66.48999786376953,66.13999938964844,22352000,EFA,Factor,2026-09-24
2014-03-28,45.97657775878906,66.86000061035156,66.86000061035156,67.05999755859375,66.80000305175781,13875500,EFA,Factor,2026-09-24
2014-03-31,46.21037673950195,67.19999694824219,67.37000274658203,67.47000122070312,67.13999938964844,24498300,EFA,Factor,2026-09-24
2014-04-01,46.50606918334961,67.62999725341797,67.5999984741211,67.66999816894531,67.44000244140625,13738100,EFA,Factor,2026-09-24
2014-04-02,46.59546661376953,67.76000213623047,67.63999938964844,67.9000015258789,67.55999755859375,15497500,EFA,Factor,2026-09-24
2014-04-03,46.464813232421875,67.56999969482422,67.68000030517578,67.7699966430664,67.38999938964844,14943500,EFA,Factor,2026-09-24
2014-04-04,46.320396423339844,67.36000061035156,67.83999633789062,67.94000244140625,67.26000213623047,20967400,EFA,Factor,2026-09-24
2014-04-07,46.10036087036133,67.04000091552734,67.26000213623047,67.36000061035156,66.88999938964844,16647900,EFA,Factor,2026-09-24
2014-04-08,46.07284927368164,67.0,66.79000091552734,67.13999938964844,66.7300033569336,12246200,EFA,Factor,2026-09-24
2014-04-09,46.66422653198242,67.86000061035156,67.55000305175781,67.9000015258789,67.2699966430664,18492100,EFA,Factor,2026-09-24
2014-04-10,45.83905029296875,66.66000366210938,67.55000305175781,67.62000274658203,66.5999984741211,23677900,EFA,Factor,2026-09-24
2014-04-11,45.56398391723633,66.26000213623047,66.3499984741211,66.76000213623047,66.25,18550700,EFA,Factor,2026-09-24
2014-04-14,45.825294494628906,66.63999938964844,66.5999984741211,66.76000213623047,66.31999969482422,13239000,EFA,Factor,2026-09-24
2014-04-15,45.632755279541016,66.36000061035156,66.52999877929688,66.62999725341797,65.68000030517578,21055100,EFA,Factor,2026-09-24
2014-04-16,46.19662857055664,67.18000030517578,66.91000366210938,67.20999908447266,66.7300033569336,19643900,EFA,Factor,2026-09-24
2014-04-17,46.437313079833984,67.52999877929688,67.27999877929688,67.63999938964844,67.12999725341797,19204100,EFA,Factor,2026-09-24
2014-04-21,46.49920654296875,67.62000274658203,67.52999877929688,67.6500015258789,67.41000366210938,10723800,EFA,Factor,2026-09-24
2014-04-22,46.691734313964844,67.9000015258789,67.83000183105469,67.97000122070312,67.76000213623047,12342500,EFA,Factor,2026-09-24
2014-04-23,46.581722259521484,67.73999786376953,67.83999633789062,67.83999633789062,67.62999725341797,11595300,EFA,Factor,2026-09-24
2014-04-24,46.57483673095703,67.7300033569336,67.72000122070312,67.79000091552734,67.27999877929688,17646700,EFA,Factor,2026-09-24
2014-04-25,46.34791564941406,67.4000015258789,67.61000061035156,67.62999725341797,67.19999694824219,19435900,EFA,Factor,2026-09-24
2014-04-28,46.49232864379883,67.61000061035156,67.62000274658203,67.77999877929688,67.13999938964844,19986000,EFA,Factor,2026-09-24
2014-04-29,46.794891357421875,68.05000305175781,67.95999908447266,68.19000244140625,67.88999938964844,16162500,EFA,Factor,2026-09-24
2014-04-30,46.98054122924805,68.31999969482422,68.05000305175781,68.4000015258789,67.95999908447266,29172800,EFA,Factor,2026-09-24
2014-05-01,47.11121368408203,68.51000213623047,68.38999938964844,68.62000274658203,68.30000305175781,17645400,EFA,Factor,2026-09-24
2014-05-02,47.03556442260742,68.4000015258789,68.26000213623047,68.54000091552734,68.19000244140625,14332800,EFA,Factor,2026-09-24
2014-05-05,47.00118637084961,68.3499984741211,67.9000015258789,68.37999725341797,67.76000213623047,18715300,EFA,Factor,2026-09-24
2014-05-06,46.918663024902344,68.2300033569336,68.36000061035156,68.4000015258789,68.16000366210938,10209100,EFA,Factor,2026-09-24
2014-05-07,46.97367858886719,68.30999755859375,68.20999908447266,68.3499984741211,67.94000244140625,12801700,EFA,Factor,2026-09-24
2014-05-08,46.98054122924805,68.31999969482422,68.41000366210938,68.63999938964844,68.22000122070312,13187500,EFA,Factor,2026-09-24
2014-05-09,46.91179656982422,68.22000122070312,68.2699966430664,68.31999969482422,67.9800033569336,8089900,EFA,Factor,2026-09-24
2014-05-12,47.221229553222656,68.66999816894531,68.4800033569336,68.69000244140625,68.41999816894531,13953600,EFA,Factor,2026-09-24
2014-05-13,47.28999710083008,68.7699966430664,68.7699966430664,68.80000305175781,68.61000061035156,18673500,EFA,Factor,2026-09-24
2014-05-14,47.200592041015625,68.63999938964844,68.75,68.9000015258789,68.55000305175781,15816700,EFA,Factor,2026-09-24
2014-05-15,46.99429702758789,68.33999633789062,68.48999786376953,68.52999877929688,68.08000183105469,20007500,EFA,Factor,2026-09-24
2014-05-16,47.097450256347656,68.48999786376953,68.3499984741211,68.48999786376953,68.2300033569336,12874500,EFA,Factor,2026-09-24
2014-05-19,47.00118637084961,68.3499984741211,68.12000274658203,68.4000015258789,68.0999984741211,9415200,EFA,Factor,2026-09-24
2014-05-20,46.705501556396484,67.91999816894531,68.11000061035156,68.1500015258789,67.72000122070312,13695200,EFA,Factor,2026-09-24
2014-05-21,47.069942474365234,68.44999694824219,68.19999694824219,68.47000122070312,68.16999816894531,10953400,EFA,Factor,2026-09-24
2014-05-22,47.131832122802734,68.54000091552734,68.45999908447266,68.61000061035156,68.41000366210938,8121800,EFA,Factor,2026-09-24
2014-05-23,47.255619049072266,68.72000122070312,68.48999786376953,68.79000091552734,68.48999786376953,7649000,EFA,Factor,2026-09-24
2014-05-27,47.59255599975586,69.20999908447266,69.22000122070312,69.26000213623047,68.9800033569336,9819700,EFA,Factor,2026-09-24
2014-05-28,47.43440628051758,68.9800033569336,69.0199966430664,69.05999755859375,68.8499984741211,8894300,EFA,Factor,2026-09-24
2014-05-29,47.723228454589844,69.4000015258789,69.27999877929688,69.4000015258789,69.13999938964844,16668400,EFA,Factor,2026-09-24
2014-05-30,47.730098724365234,69.41000366210938,69.31999969482422,69.44999694824219,69.26000213623047,15728200,EFA,Factor,2026-09-24
2014-06-02,47.826377868652344,69.55000305175781,69.63999938964844,69.63999938964844,69.4000015258789,8915100,EFA,Factor,2026-09-24
2014-06-03,47.70946502685547,69.37999725341797,69.31999969482422,69.41000366210938,69.29000091552734,9629100,EFA,Factor,2026-09-24
2014-06-04,47.695709228515625,69.36000061035156,69.2300033569336,69.43000030517578,69.16000366210938,10850800,EFA,Factor,2026-09-24
2014-06-05,48.02577590942383,69.83999633789062,69.55999755859375,69.9000015258789,69.30999755859375,11099400,EFA,Factor,2026-09-24
2014-06-06,48.28710174560547,70.22000122070312,70.0199966430664,70.22000122070312,69.91000366210938,11780100,EFA,Factor,2026-09-24
2014-06-09,48.23896408081055,70.1500015258789,69.94999694824219,70.19000244140625,69.91999816894531,12685200,EFA,Factor,2026-09-24
2014-06-10,48.13581848144531,70.0,69.8499984741211,70.0,69.73999786376953,11347600,EFA,Factor,2026-09-24
2014-06-11,47.8951301574707,69.6500015258789,69.69000244140625,69.77999877929688,69.56999969482422,8827200,EFA,Factor,2026-09-24
2014-06-12,47.90888977050781,69.66999816894531,69.87000274658203,69.94000244140625,69.55000305175781,10679500,EFA,Factor,2026-09-24
2014-06-13,47.94327163696289,69.72000122070312,69.72000122070312,69.86000061035156,69.55000305175781,22214700,EFA,Factor,2026-09-24
2014-06-16,47.9570198059082,69.73999786376953,69.5999984741211,69.80999755859375,69.55999755859375,9584600,EFA,Factor,2026-09-24
2014-06-17,47.92263412475586,69.69000244140625,69.41000366210938,69.69999694824219,69.38999938964844,9222700,EFA,Factor,2026-09-24
2014-06-18,48.335235595703125,70.29000091552734,69.7699966430664,70.30999755859375,69.54000091552734,14870300,EFA,Factor,2026-09-24
2014-06-19,48.59653854370117,70.66999816894531,70.7300033569336,70.79000091552734,70.54000091552734,12490400,EFA,Factor,2026-09-24
2014-06-20,48.51401901245117,70.55000305175781,70.56999969482422,70.61000061035156,70.41999816894531,16113100,EFA,Factor,2026-09-24
2014-06-23,48.38336944580078,70.36000061035156,70.2300033569336,70.38999938964844,70.04000091552734,9836000,EFA,Factor,2026-09-24
2014-06-24,48.08079528808594,69.91999816894531,70.20999908447266,70.27999877929688,69.83999633789062,17809900,EFA,Factor,2026-09-24
2014-06-25,48.063899993896484,68.22000122070312,67.88999938964844,68.27999877929688,67.87999725341797,17373100,EFA,Factor,2026-09-24
2014-06-26,48.09911346435547,68.2699966430664,68.12000274658203,68.27999877929688,67.66999816894531,14342000,EFA,Factor,2026-09-24
2014-06-27,48.12730407714844,68.30999755859375,68.04000091552734,68.33999633789062,67.97000122070312,9721300,EFA,Factor,2026-09-24
2014-06-30,48.16957473754883,68.37000274658203,68.16000366210938,68.44000244140625,68.1500015258789,16580700,EFA,Factor,2026-09-24
2014-07-01,48.59230422973633,68.97000122070312,68.72000122070312,69.08000183105469,68.68000030517578,12975000,EFA,Factor,2026-09-24
2014-07-02,48.6697998046875,69.08000183105469,68.94999694824219,69.08999633789062,68.87000274658203,11254400,EFA,Factor,2026-09-24
2014-07-03,48.768436431884766,69.22000122070312,69.05999755859375,69.29000091552734,69.02999877929688,7757300,EFA,Factor,2026-09-24
2014-07-07,48.38798522949219,68.68000030517578,68.69000244140625,68.79000091552734,68.58000183105469,8533400,EFA,Factor,2026-09-24
2014-07-08,47.880706787109375,67.95999908447266,68.27999877929688,68.29000091552734,67.77999877929688,11505200,EFA,Factor,2026-09-24
2014-07-09,48.03571319580078,68.18000030517578,67.88999938964844,68.2699966430664,67.8499984741211,15042700,EFA,Factor,2026-09-24
2014-07-10,47.507301330566406,67.43000030517578,66.95999908447266,67.44999694824219,66.91999816894531,12905700,EFA,Factor,2026-09-24
2014-07-11,47.53548049926758,67.47000122070312,67.33999633789062,67.5199966430664,67.16999816894531,11225800,EFA,Factor,2026-09-24
2014-07-14,47.887752532958984,67.97000122070312,68.11000061035156,68.12000274658203,67.94000244140625,9020800,EFA,Factor,2026-09-24
2014-07-15,47.767982482910156,67.80000305175781,68.02999877929688,68.08999633789062,67.5199966430664,12444500,EFA,Factor,2026-09-24
2014-07-16,48.063899993896484,68.22000122070312,68.27999877929688,68.31999969482422,68.11000061035156,9427600,EFA,Factor,2026-09-24
2014-07-17,47.45093536376953,67.3499984741211,67.81999969482422,68.0999984741211,67.30999755859375,15085100,EFA,Factor,2026-09-24
2014-07-18,47.8243522644043,67.87999725341797,67.5199966430664,67.98999786376953,67.4800033569336,11615300,EFA,Factor,2026-09-24
2014-07-21,47.64820861816406,67.62999725341797,67.45999908447266,67.66999816894531,67.31999969482422,12114800,EFA,Factor,2026-09-24
2014-07-22,47.85957336425781,67.93000030517578,67.98999786376953,68.05999755859375,67.88999938964844,12232800,EFA,Factor,2026-09-24
2014-07-23,47.95820999145508,68.06999969482422,68.19999694824219,68.19999694824219,68.0,8668200,EFA,Factor,2026-09-24
2014-07-24,48.0709342956543,68.2300033569336,68.26000213623047,68.31999969482422,68.13999938964844,6826200,EFA,Factor,2026-09-24
2014-07-25,47.87366485595703,67.94999694824219,68.11000061035156,68.1500015258789,67.69000244140625,8885700,EFA,Factor,2026-09-24
2014-07-28,47.880706787109375,67.95999908447266,67.95999908447266,68.05999755859375,67.58000183105469,8065900,EFA,Factor,2026-09-24
2014-07-29,47.78208541870117,67.81999969482422,68.1500015258789,68.19000244140625,67.77999877929688,9154800,EFA,Factor,2026-09-24
2014-07-30,47.71161651611328,67.72000122070312,67.81999969482422,67.95999908447266,67.45999908447266,11169300,EFA,Factor,2026-09-24
2014-07-31,46.91547393798828,66.58999633789062,67.02999877929688,67.12000274658203,66.5199966430664,26161000,EFA,Factor,2026-09-24
2014-08-01,46.591392517089844,66.12999725341797,66.31999969482422,66.56999969482422,66.0,25398300,EFA,Factor,2026-09-24
2014-08-04,46.80980682373047,66.44000244140625,66.41000366210938,66.55999755859375,66.02999877929688,15220800,EFA,Factor,2026-09-24
2014-08-05,46.2109375,65.58999633789062,66.06999969482422,66.12000274658203,65.45999908447266,20914100,EFA,Factor,2026-09-24
2014-08-06,46.09821319580078,65.43000030517578,65.08999633789062,65.61000061035156,65.08000183105469,16592700,EFA,Factor,2026-09-24
2014-08-07,45.724815368652344,64.9000015258789,65.56999969482422,65.63999938964844,64.7300033569336,17344900,EFA,Factor,2026-09-24
2014-08-08,45.99253463745117,65.27999877929688,64.83999633789062,65.31999969482422,64.70999908447266,15434200,EFA,Factor,2026-09-24
2014-08-11,46.16867446899414,65.52999877929688,65.56999969482422,65.69000244140625,65.47000122070312,10497600,EFA,Factor,2026-09-24
2014-08-12,46.133453369140625,65.4800033569336,65.43000030517578,65.58000183105469,65.31999969482422,12398400,EFA,Factor,2026-09-24
2014-08-13,46.394126892089844,65.8499984741211,65.87000274658203,65.98999786376953,65.72000122070312,12378700,EFA,Factor,2026-09-24
2014-08-14,46.64071273803711,66.19999694824219,66.0999984741211,66.20999908447266,66.0,11941600,EFA,Factor,2026-09-24
2014-08-15,46.591392517089844,66.12999725341797,66.51000213623047,66.62000274658203,65.5999984741211,23432900,EFA,Factor,2026-09-24
2014-08-18,46.89434051513672,66.55999755859375,66.43000030517578,66.58999633789062,66.38999938964844,11630700,EFA,Factor,2026-09-24
2014-08-19,47.00708770751953,66.72000122070312,66.58999633789062,66.72000122070312,66.55999755859375,8514300,EFA,Factor,2026-09-24
2014-08-20,46.859130859375,66.51000213623047,66.33000183105469,66.5999984741211,66.31999969482422,11419400,EFA,Factor,2026-09-24
2014-08-21,47.056392669677734,66.79000091552734,66.69000244140625,66.88999938964844,66.6500015258789,8522800,EFA,Factor,2026-09-24
2014-08-22,46.830936431884766,66.47000122070312,66.5999984741211,66.6500015258789,66.23999786376953,9000900,EFA,Factor,2026-09-24
2014-08-25,47.13390350341797,66.9000015258789,66.77999877929688,67.08000183105469,66.73999786376953,13867600,EFA,Factor,2026-09-24
2014-08-26,47.14093780517578,66.91000366210938,66.9800033569336,67.19000244140625,66.88999938964844,22103600,EFA,Factor,2026-09-24
2014-08-27,47.23253631591797,67.04000091552734,67.19000244140625,67.19999694824219,66.97000122070312,10792900,EFA,Factor,2026-09-24
2014-08-28,47.02116394042969,66.73999786376953,66.62999725341797,66.79000091552734,66.56999969482422,10674300,EFA,Factor,2026-09-24
2014-08-29,47.000022888183594,66.70999908447266,66.72000122070312,66.7699966430664,66.45999908447266,19832700,EFA,Factor,2026-09-24
2014-09-02,47.091617584228516,66.83999633789062,66.91000366210938,66.91000366210938,66.61000061035156,14537000,EFA,Factor,2026-09-24
2014-09-03,47.422752380371094,67.30999755859375,67.44999694824219,67.47000122070312,67.19000244140625,15490700,EFA,Factor,2026-09-24
2014-09-04,47.197303771972656,66.98999786376953,67.22000122070312,67.41000366210938,66.83000183105469,11043000,EFA,Factor,2026-09-24
2014-09-05,47.204349517822266,67.0,66.80000305175781,67.0199966430664,66.63999938964844,9374300,EFA,Factor,2026-09-24
2014-09-08,46.70412826538086,66.29000091552734,66.5,66.61000061035156,66.16000366210938,13282600,EFA,Factor,2026-09-24
2014-09-09,46.57025909423828,66.0999984741211,66.20999908447266,66.20999908447266,65.87999725341797,15015000,EFA,Factor,2026-09-24
2014-09-10,46.83799743652344,66.4800033569336,66.0999984741211,66.4800033569336,66.02999877929688,14634800,EFA,Factor,2026-09-24
2014-09-11,46.577301025390625,66.11000061035156,66.01000213623047,66.13999938964844,65.83999633789062,12136700,EFA,Factor,2026-09-24
2014-09-12,46.51389694213867,66.0199966430664,66.05000305175781,66.0999984741211,65.83999633789062,12022900,EFA,Factor,2026-09-24
2014-09-15,46.415260314941406,65.87999725341797,65.93000030517578,65.97000122070312,65.76000213623047,8709500,EFA,Factor,2026-09-24
2014-09-16,46.61253356933594,66.16000366210938,65.52999877929688,66.25,65.51000213623047,14405100,EFA,Factor,2026-09-24
2014-09-17,46.281402587890625,65.69000244140625,65.97000122070312,66.0999984741211,65.52999877929688,19753900,EFA,Factor,2026-09-24
2014-09-18,46.64071273803711,66.19999694824219,66.05999755859375,66.26000213623047,66.05000305175781,14467500,EFA,Factor,2026-09-24
2014-09-19,46.47865676879883,65.97000122070312,66.29000091552734,66.30999755859375,65.91999816894531,11800500,EFA,Factor,2026-09-24
2014-09-22,46.27436065673828,65.68000030517578,65.88999938964844,65.9000015258789,65.52999877929688,29390800,EFA,Factor,2026-09-24
2014-09-23,45.8868522644043,65.12999725341797,65.23999786376953,65.44000244140625,65.05000305175781,18721700,EFA,Factor,2026-09-24
2014-09-24,46.11935043334961,65.45999908447266,65.13999938964844,65.51000213623047,64.94999694824219,12589900,EFA,Factor,2026-09-24
2014-09-25,45.44300079345703,64.5,65.12000274658203,65.12000274658203,64.43000030517578,15639300,EFA,Factor,2026-09-24
2014-09-26,45.633209228515625,64.7699966430664,64.70999908447266,64.97000122070312,64.55000305175781,14040200,EFA,Factor,2026-09-24
2014-09-29,45.21049499511719,64.16999816894531,64.08000183105469,64.3499984741211,63.9900016784668,17351800,EFA,Factor,2026-09-24
2014-09-30,45.17526626586914,64.12000274658203,63.9900016784668,64.33000183105469,63.849998474121094,17807600,EFA,Factor,2026-09-24
2014-10-01,44.63982009887695,63.36000061035156,63.75,63.83000183105469,63.22999954223633,21791100,EFA,Factor,2026-09-24
2014-10-02,44.160728454589844,62.68000030517578,63.0099983215332,63.08000183105469,62.099998474121094,21687600,EFA,Factor,2026-09-24
2014-10-03,44.160728454589844,62.68000030517578,62.59000015258789,62.7599983215332,62.43000030517578,11116900,EFA,Factor,2026-09-24
2014-10-06,44.44253921508789,63.08000183105469,63.02000045776367,63.16999816894531,62.66999816894531,16614000,EFA,Factor,2026-09-24
2014-10-07,43.68867874145508,62.0099983215332,62.65999984741211,62.689998626708984,62.0,15615700,EFA,Factor,2026-09-24
2014-10-08,44.3791389465332,62.9900016784668,62.08000183105469,63.09000015258789,61.849998474121094,18310300,EFA,Factor,2026-09-24
2014-10-09,43.18845748901367,61.29999923706055,62.380001068115234,62.5099983215332,61.22999954223633,23813400,EFA,Factor,2026-09-24
2014-10-10,42.54026794433594,60.380001068115234,61.0099983215332,61.18000030517578,60.36000061035156,26414400,EFA,Factor,2026-09-24
2014-10-13,42.48391342163086,60.29999923706055,61.04999923706055,61.20000076293945,60.279998779296875,16363600,EFA,Factor,2026-09-24
2014-10-14,42.589599609375,60.45000076293945,60.7400016784668,60.95000076293945,60.34000015258789,22292200,EFA,Factor,2026-09-24
2014-10-15,42.33595657348633,60.09000015258789,60.04999923706055,60.15999984741211,58.970001220703125,37303900,EFA,Factor,2026-09-24
2014-10-16,41.94142150878906,59.529998779296875,58.68000030517578,60.09000015258789,58.61000061035156,49006500,EFA,Factor,2026-09-24
2014-10-17,42.72346115112305,60.63999938964844,60.459999084472656,60.79999923706055,60.279998779296875,22794100,EFA,Factor,2026-09-24
2014-10-20,42.99118423461914,61.02000045776367,60.56999969482422,61.119998931884766,60.54999923706055,22996200,EFA,Factor,2026-09-24
2014-10-21,43.50550079345703,61.75,61.34000015258789,61.79999923706055,61.290000915527344,16849600,EFA,Factor,2026-09-24
2014-10-22,43.18845748901367,61.29999923706055,61.709999084472656,61.880001068115234,61.25,13982300,EFA,Factor,2026-09-24
2014-10-23,43.60413360595703,61.88999938964844,61.81999969482422,62.209999084472656,61.75,17097000,EFA,Factor,2026-09-24
2014-10-24,43.84367752075195,62.22999954223633,62.060001373291016,62.25,61.869998931884766,12251100,EFA,Factor,2026-09-24
2014-10-27,43.597084045410156,61.880001068115234,61.68000030517578,62.15999984741211,61.59000015258789,17838400,EFA,Factor,2026-09-24
2014-10-28,44.259361267089844,62.81999969482422,62.529998779296875,62.83000183105469,62.45000076293945,14653100,EFA,Factor,2026-09-24
2014-10-29,43.921180725097656,62.34000015258789,63.0,63.119998931884766,62.13999938964844,21781800,EFA,Factor,2026-09-24
2014-10-30,44.238224029541016,62.790000915527344,62.13999938964844,62.97999954223633,62.08000183105469,14596000,EFA,Factor,2026-09-24
2014-10-31,45.05548858642578,63.95000076293945,63.709999084472656,63.97999954223633,63.529998779296875,22786800,EFA,Factor,2026-09-24
2014-11-03,44.66799545288086,63.400001525878906,63.52000045776367,63.61000061035156,63.20000076293945,14384800,EFA,Factor,2026-09-24
2014-11-04,44.41436767578125,63.040000915527344,62.939998626708984,63.06999969482422,62.65999984741211,12741800,EFA,Factor,2026-09-24
2014-11-05,44.49890899658203,63.15999984741211,63.18000030517578,63.25,62.880001068115234,13033500,EFA,Factor,2026-09-24
2014-11-06,44.259361267089844,62.81999969482422,63.02000045776367,63.18000030517578,62.65999984741211,13624500,EFA,Factor,2026-09-24
2014-11-07,44.28049850463867,62.849998474121094,62.61000061035156,62.869998931884766,62.380001068115234,10950900,EFA,Factor,2026-09-24
2014-11-10,44.47776412963867,63.130001068115234,63.09000015258789,63.20000076293945,62.900001525878906,10235200,EFA,Factor,2026-09-24
2014-11-11,44.74549102783203,63.5099983215332,63.290000915527344,63.58000183105469,63.15999984741211,12372800,EFA,Factor,2026-09-24
2014-11-12,44.36503601074219,62.970001220703125,62.810001373291016,63.08000183105469,62.79999923706055,9970700,EFA,Factor,2026-09-24
2014-11-13,44.57640838623047,63.27000045776367,63.040000915527344,63.400001525878906,63.0,18654700,EFA,Factor,2026-09-24
2014-11-14,44.63982009887695,63.36000061035156,62.880001068115234,63.38999938964844,62.869998931884766,13368600,EFA,Factor,2026-09-24
2014-11-17,44.46367645263672,63.11000061035156,62.84000015258789,63.16999816894531,62.810001373291016,11203700,EFA,Factor,2026-09-24
2014-11-18,44.94981002807617,63.79999923706055,63.58000183105469,63.90999984741211,63.540000915527344,19695400,EFA,Factor,2026-09-24
2014-11-19,44.815948486328125,63.61000061035156,63.630001068115234,63.83000183105469,63.34000015258789,13908800,EFA,Factor,2026-09-24
2014-11-20,44.5482177734375,63.22999954223633,62.970001220703125,63.400001525878906,62.95000076293945,16494400,EFA,Factor,2026-09-24
2014-11-21,44.93572235107422,63.779998779296875,64.0199966430664,64.05999755859375,63.56999969482422,22414400,EFA,Factor,2026-09-24
2014-11-24,45.19640350341797,64.1500015258789,64.05999755859375,64.16000366210938,63.93000030517578,16662600,EFA,Factor,2026-09-24
2014-11-25,45.273902893066406,64.26000213623047,64.16000366210938,64.33000183105469,64.0199966430664,18289600,EFA,Factor,2026-09-24
2014-11-26,45.450042724609375,64.51000213623047,64.33999633789062,64.54000091552734,64.23999786376953,9788000,EFA,Factor,2026-09-24
2014-11-28,45.08367156982422,63.9900016784668,64.0999984741211,64.16000366210938,63.939998626708984,8429300,EFA,Factor,2026-09-24
2014-12-01,45.041404724121094,63.93000030517578,64.02999877929688,64.08000183105469,63.72999954223633,14827800,EFA,Factor,2026-09-24
2014-12-02,45.16822814941406,64.11000061035156,64.05999755859375,64.12999725341797,63.91999816894531,19349300,EFA,Factor,2026-09-24
2014-12-03,45.11185836791992,64.02999877929688,63.95000076293945,64.08999633789062,63.86000061035156,10722400,EFA,Factor,2026-09-24
2014-12-04,44.963897705078125,63.81999969482422,63.86000061035156,64.08999633789062,63.61000061035156,18286400,EFA,Factor,2026-09-24
2014-12-05,45.06254196166992,63.959999084472656,63.97999954223633,64.16000366210938,63.810001373291016,13947000,EFA,Factor,2026-09-24
2014-12-08,44.66799545288086,63.400001525878906,63.59000015258789,63.709999084472656,63.349998474121094,14590200,EFA,Factor,2026-09-24
2014-12-09,44.42845153808594,63.060001373291016,62.810001373291016,63.11000061035156,62.619998931884766,18136300,EFA,Factor,2026-09-24
2014-12-10,43.864810943603516,62.2599983215332,62.900001525878906,62.900001525878906,62.15999984741211,27669700,EFA,Factor,2026-09-24
2014-12-11,43.8084602355957,62.18000030517578,62.36000061035156,62.68000030517578,62.11000061035156,19542600,EFA,Factor,2026-09-24
2014-12-12,42.963008880615234,60.97999954223633,62.0099983215332,62.119998931884766,60.939998626708984,31169600,EFA,Factor,2026-09-24
2014-12-15,42.25141906738281,59.970001220703125,61.15999984741211,61.2599983215332,59.779998779296875,38599900,EFA,Factor,2026-09-24
2014-12-16,42.55437088012695,60.400001525878906,60.02000045776367,61.15999984741211,59.91999816894531,38250500,EFA,Factor,2026-09-24
2014-12-17,43.06303787231445,60.529998779296875,60.02000045776367,60.959999084472656,59.9900016784668,28795300,EFA,Factor,2026-09-24
2014-12-18,43.83138656616211,61.61000061035156,61.220001220703125,61.70000076293945,61.119998931884766,33053700,EFA,Factor,2026-09-24
2014-12-19,43.89542770385742,61.70000076293945,61.470001220703125,61.880001068115234,61.33000183105469,29690700,EFA,Factor,2026-09-24
2014-12-22,44.10884475708008,62.0,61.970001220703125,62.040000915527344,61.75,24782500,EFA,Factor,2026-09-24
2014-12-23,43.96657180786133,61.79999923706055,61.869998931884766,61.95000076293945,61.709999084472656,21929200,EFA,Factor,2026-09-24
2014-12-24,44.16576385498047,62.08000183105469,61.880001068115234,62.220001220703125,61.779998779296875,12379400,EFA,Factor,2026-09-24
2014-12-26,44.27959060668945,62.2400016784668,62.27000045776367,62.349998474121094,62.189998626708984,17681100,EFA,Factor,2026-09-24
2014-12-29,43.959449768066406,61.790000915527344,61.709999084472656,62.0099983215332,61.70000076293945,22005600,EFA,Factor,2026-09-24
2014-12-30,43.553932189941406,61.220001220703125,61.439998626708984,61.5,61.20000076293945,20271600,EFA,Factor,2026-09-24
2014-12-31,43.283592224121094,60.84000015258789,61.45000076293945,61.459999084472656,60.810001373291016,22495000,EFA,Factor,2026-09-24
2015-01-02,43.09861373901367,60.58000183105469,61.04999923706055,61.130001068115234,60.459999084472656,24674800,EFA,Factor,2026-09-24
2015-01-05,42.08127212524414,59.150001525878906,59.72999954223633,59.779998779296875,59.0,28468200,EFA,Factor,2026-09-24
2015-01-06,41.604610443115234,58.47999954223633,59.099998474121094,59.310001373291016,58.290000915527344,21711600,EFA,Factor,2026-09-24
2015-01-07,42.067039489746094,59.130001068115234,58.95000076293945,59.22999954223633,58.56999969482422,19048900,EFA,Factor,2026-09-24
2015-01-08,42.63618087768555,59.93000030517578,59.4900016784668,60.13999938964844,59.459999084472656,16680000,EFA,Factor,2026-09-24
2015-01-09,42.42986297607422,59.63999938964844,60.0,60.0,59.34000015258789,17938200,EFA,Factor,2026-09-24
2015-01-12,42.330265045166016,59.5,59.709999084472656,59.7599983215332,59.209999084472656,18561200,EFA,Factor,2026-09-24
2015-01-13,42.543697357177734,59.79999923706055,60.2400016784668,60.38999938964844,59.380001068115234,15396200,EFA,Factor,2026-09-24
2015-01-14,42.42275619506836,59.630001068115234,59.5099983215332,59.75,59.220001220703125,16051900,EFA,Factor,2026-09-24
2015-01-15,42.69309997558594,60.0099983215332,60.349998474121094,60.40999984741211,59.86000061035156,21885100,EFA,Factor,2026-09-24
2015-01-16,43.24801254272461,60.790000915527344,60.08000183105469,60.84000015258789,59.9900016784668,29675500,EFA,Factor,2026-09-24
2015-01-20,43.39741897583008,61.0,61.27000045776367,61.310001373291016,60.7599983215332,19318000,EFA,Factor,2026-09-24
2015-01-21,43.7389030456543,61.47999954223633,60.97999954223633,61.5,60.88999938964844,26882500,EFA,Factor,2026-09-24
2015-01-22,43.90253448486328,61.709999084472656,61.29999923706055,61.869998931884766,61.16999816894531,15610400,EFA,Factor,2026-09-24
2015-01-23,43.653533935546875,61.36000061035156,61.599998474121094,61.77000045776367,61.34000015258789,19495700,EFA,Factor,2026-09-24
2015-01-26,44.251136779785156,62.20000076293945,61.86000061035156,62.34000015258789,61.70000076293945,18463300,EFA,Factor,2026-09-24
2015-01-27,44.31516647338867,62.290000915527344,62.06999969482422,62.41999816894531,61.93000030517578,20064300,EFA,Factor,2026-09-24
2015-01-28,43.653533935546875,61.36000061035156,62.310001373291016,62.380001068115234,61.33000183105469,20033100,EFA,Factor,2026-09-24
2015-01-29,44.251136779785156,62.20000076293945,61.88999938964844,62.25,61.66999816894531,31207900,EFA,Factor,2026-09-24
2015-01-30,43.553932189941406,61.220001220703125,61.59000015258789,61.810001373291016,61.20000076293945,39271000,EFA,Factor,2026-09-24
2015-02-02,44.08039474487305,61.959999084472656,61.630001068115234,62.099998474121094,61.459999084472656,24878700,EFA,Factor,2026-09-24
2015-02-03,44.78471374511719,62.95000076293945,62.34000015258789,63.060001373291016,62.31999969482422,27679400,EFA,Factor,2026-09-24
2015-02-04,44.414764404296875,62.43000030517578,62.619998931884766,62.95000076293945,62.380001068115234,17454200,EFA,Factor,2026-09-24
2015-02-05,45.0265998840332,63.290000915527344,62.84000015258789,63.29999923706055,62.7599983215332,23933500,EFA,Factor,2026-09-24
2015-02-06,44.46456527709961,62.5,62.689998626708984,62.900001525878906,62.31999969482422,18530100,EFA,Factor,2026-09-24
2015-02-09,44.251136779785156,62.20000076293945,61.9900016784668,62.380001068115234,61.9900016784668,15940500,EFA,Factor,2026-09-24
2015-02-10,44.65665817260742,62.77000045776367,62.59000015258789,62.81999969482422,62.310001373291016,14302500,EFA,Factor,2026-09-24
2015-02-11,44.414764404296875,62.43000030517578,62.36000061035156,62.560001373291016,62.119998931884766,16405400,EFA,Factor,2026-09-24
2015-02-12,45.1048583984375,63.400001525878906,62.86000061035156,63.40999984741211,62.86000061035156,16664700,EFA,Factor,2026-09-24
2015-02-13,45.403656005859375,63.81999969482422,63.65999984741211,63.84000015258789,63.650001525878906,17919100,EFA,Factor,2026-09-24
2015-02-17,45.5103759765625,63.970001220703125,63.70000076293945,64.0999984741211,63.540000915527344,13660300,EFA,Factor,2026-09-24
2015-02-18,45.78071975708008,64.3499984741211,64.16000366210938,64.54000091552734,64.04000091552734,16777800,EFA,Factor,2026-09-24
2015-02-19,45.8376350402832,64.43000030517578,64.3499984741211,64.66999816894531,64.30999755859375,17091000,EFA,Factor,2026-09-24
2015-02-20,46.264488220214844,65.02999877929688,64.23999786376953,65.2699966430664,64.12999725341797,34658700,EFA,Factor,2026-09-24
2015-02-23,46.10087585449219,64.80000305175781,64.68000030517578,64.91000366210938,64.62999725341797,13630900,EFA,Factor,2026-09-24
2015-02-24,46.385433197021484,65.19999694824219,64.77999877929688,65.29000091552734,64.66000366210938,16373400,EFA,Factor,2026-09-24
2015-02-25,46.421016693115234,65.25,65.0999984741211,65.33000183105469,65.0199966430664,10224800,EFA,Factor,2026-09-24
2015-02-26,46.292945861816406,65.06999969482422,65.0999984741211,65.23999786376953,64.93000030517578,12791000,EFA,Factor,2026-09-24
2015-02-27,46.314300537109375,65.0999984741211,65.12999725341797,65.3499984741211,65.02999877929688,22960900,EFA,Factor,2026-09-24
2015-03-02,46.385433197021484,65.19999694824219,65.08000183105469,65.22000122070312,64.97000122070312,21297800,EFA,Factor,2026-09-24
2015-03-03,46.10087585449219,64.80000305175781,64.95999908447266,65.05000305175781,64.62999725341797,12564400,EFA,Factor,2026-09-24
2015-03-04,45.91588592529297,64.54000091552734,64.44000244140625,64.58999633789062,64.08000183105469,15625100,EFA,Factor,2026-09-24
2015-03-05,46.022605895996094,64.69000244140625,64.73999786376953,64.88999938964844,64.56999969482422,15540900,EFA,Factor,2026-09-24
2015-03-06,45.39655303955078,63.810001373291016,64.18000030517578,64.31999969482422,63.75,24040500,EFA,Factor,2026-09-24
2015-03-09,45.46769714355469,63.90999984741211,63.779998779296875,63.9900016784668,63.709999084472656,11909000,EFA,Factor,2026-09-24
2015-03-10,44.478790283203125,62.52000045776367,62.86000061035156,62.97999954223633,62.4900016784668,20980000,EFA,Factor,2026-09-24
2015-03-11,44.592620849609375,62.68000030517578,62.630001068115234,62.81999969482422,62.38999938964844,20000400,EFA,Factor,2026-09-24
2015-03-12,45.14754867553711,63.459999084472656,63.400001525878906,63.47999954223633,63.130001068115234,16362200,EFA,Factor,2026-09-24
2015-03-13,44.88432693481445,63.09000015258789,62.95000076293945,63.13999938964844,62.689998626708984,16277200,EFA,Factor,2026-09-24
2015-03-16,45.38942337036133,63.79999923706055,63.529998779296875,63.900001525878906,63.5,15828700,EFA,Factor,2026-09-24
2015-03-17,45.27560806274414,63.63999938964844,63.47999954223633,63.72999954223633,63.29999923706055,16273300,EFA,Factor,2026-09-24
2015-03-18,46.24314498901367,65.0,63.630001068115234,65.0999984741211,63.61000061035156,28290700,EFA,Factor,2026-09-24
2015-03-19,45.70246124267578,64.23999786376953,64.23999786376953,64.41000366210938,64.06999969482422,20155100,EFA,Factor,2026-09-24
2015-03-20,46.712703704833984,65.66000366210938,65.31999969482422,65.9000015258789,65.11000061035156,28789300,EFA,Factor,2026-09-24
2015-03-23,46.947471618652344,65.98999786376953,65.87999725341797,66.12999725341797,65.72000122070312,13958700,EFA,Factor,2026-09-24
2015-03-24,46.847869873046875,65.8499984741211,66.11000061035156,66.20999908447266,65.8499984741211,18037300,EFA,Factor,2026-09-24
2015-03-25,46.62733459472656,65.54000091552734,66.08999633789062,66.19000244140625,65.5,17853700,EFA,Factor,2026-09-24
2015-03-26,46.221805572509766,64.97000122070312,64.9800033569336,65.12000274658203,64.54000091552734,24344500,EFA,Factor,2026-09-24
2015-03-27,46.34275436401367,65.13999938964844,64.9800033569336,65.20999908447266,64.81999969482422,16596700,EFA,Factor,2026-09-24
2015-03-30,46.371212005615234,65.18000030517578,65.12999725341797,65.33000183105469,65.0999984741211,27480200,EFA,Factor,2026-09-24
2015-03-31,45.65266418457031,64.16999816894531,64.13999938964844,64.54000091552734,64.06999969482422,27717200,EFA,Factor,2026-09-24
2015-04-01,45.979915618896484,64.62999725341797,64.66000366210938,64.66000366210938,64.16999816894531,30907000,EFA,Factor,2026-09-24
2015-04-02,46.37833023071289,65.19000244140625,65.01000213623047,65.23999786376953,64.93000030517578,15597200,EFA,Factor,2026-09-24
2015-04-06,46.847869873046875,65.8499984741211,65.58999633789062,66.1500015258789,65.41000366210938,16304600,EFA,Factor,2026-09-24
2015-04-07,46.78384017944336,65.76000213623047,65.94999694824219,66.23999786376953,65.7300033569336,13742900,EFA,Factor,2026-09-24
2015-04-08,46.9830436706543,66.04000091552734,66.4000015258789,66.43000030517578,65.75,16148300,EFA,Factor,2026-09-24
2015-04-09,47.04706954956055,66.12999725341797,66.0999984741211,66.13999938964844,65.80999755859375,17741100,EFA,Factor,2026-09-24
2015-04-10,47.139556884765625,66.26000213623047,65.98999786376953,66.2699966430664,65.93000030517578,12665800,EFA,Factor,2026-09-24
2015-04-13,46.84075164794922,65.83999633789062,65.95999908447266,66.12000274658203,65.72000122070312,15048700,EFA,Factor,2026-09-24
2015-04-14,47.189361572265625,66.33000183105469,66.23999786376953,66.37000274658203,66.12999725341797,13929800,EFA,Factor,2026-09-24
2015-04-15,47.40279006958008,66.62999725341797,66.51000213623047,66.73999786376953,66.22000122070312,13210600,EFA,Factor,2026-09-24
2015-04-16,47.53084182739258,66.80999755859375,66.69999694824219,67.0,66.41000366210938,17461200,EFA,Factor,2026-09-24
2015-04-17,46.933231353759766,65.97000122070312,65.94000244140625,66.04000091552734,65.69000244140625,18805200,EFA,Factor,2026-09-24
2015-04-20,46.9830436706543,66.04000091552734,66.01000213623047,66.2300033569336,65.95999908447266,12557400,EFA,Factor,2026-09-24
2015-04-21,47.40279006958008,66.62999725341797,66.62000274658203,66.79000091552734,66.48999786376953,10696800,EFA,Factor,2026-09-24
2015-04-22,47.495269775390625,66.76000213623047,66.6500015258789,66.77999877929688,66.31999969482422,8776100,EFA,Factor,2026-09-24
2015-04-23,47.67313766479492,67.01000213623047,66.38999938964844,67.11000061035156,66.3499984741211,12240700,EFA,Factor,2026-09-24
2015-04-24,47.950599670410156,67.4000015258789,67.2699966430664,67.51000213623047,66.98999786376953,11090300,EFA,Factor,2026-09-24
2015-04-27,48.185367584228516,67.7300033569336,67.7699966430664,68.05999755859375,67.66000366210938,18320600,EFA,Factor,2026-09-24
2015-04-28,48.242279052734375,67.80999755859375,67.55999755859375,67.83000183105469,67.3499984741211,13769200,EFA,Factor,2026-09-24
2015-04-29,47.82253646850586,67.22000122070312,67.30000305175781,67.5199966430664,66.95999908447266,19465500,EFA,Factor,2026-09-24
2015-04-30,47.317413330078125,66.51000213623047,66.75,66.91999816894531,66.43000030517578,27726500,EFA,Factor,2026-09-24
2015-05-01,47.8438720703125,67.25,66.86000061035156,67.4000015258789,66.6500015258789,28710200,EFA,Factor,2026-09-24
2015-05-04,47.794071197509766,67.18000030517578,67.20999908447266,67.30000305175781,67.05000305175781,18863100,EFA,Factor,2026-09-24
2015-05-05,47.08264923095703,66.18000030517578,66.9000015258789,66.91000366210938,66.08000183105469,21317400,EFA,Factor,2026-09-24
2015-05-06,47.20357131958008,66.3499984741211,66.5999984741211,66.69999694824219,66.06999969482422,16573500,EFA,Factor,2026-09-24
2015-05-07,47.04706954956055,66.12999725341797,66.05999755859375,66.22000122070312,65.8499984741211,17710600,EFA,Factor,2026-09-24
2015-05-08,48.13555908203125,67.66000366210938,67.27999877929688,67.76000213623047,67.26000213623047,30634400,EFA,Factor,2026-09-24
2015-05-11,47.7158203125,67.06999969482422,67.16000366210938,67.37999725341797,67.04000091552734,14535400,EFA,Factor,2026-09-24
2015-05-12,47.68735885620117,67.02999877929688,66.94999694824219,67.19999694824219,66.83000183105469,12054200,EFA,Factor,2026-09-24
2015-05-13,48.0430793762207,67.52999877929688,67.72000122070312,67.9000015258789,67.43000030517578,14542800,EFA,Factor,2026-09-24
2015-05-14,48.61933517456055,68.33999633789062,68.12999725341797,68.36000061035156,68.0,18271700,EFA,Factor,2026-09-24
2015-05-15,48.6762580871582,68.41999816894531,68.11000061035156,68.4800033569336,67.9800033569336,14671800,EFA,Factor,2026-09-24
2015-05-18,48.51261520385742,68.19000244140625,68.0999984741211,68.25,67.98999786376953,11873600,EFA,Factor,2026-09-24
2015-05-19,48.3276481628418,67.93000030517578,67.91999816894531,68.08999633789062,67.83999633789062,11406600,EFA,Factor,2026-09-24
2015-05-20,48.420127868652344,68.05999755859375,67.9000015258789,68.27999877929688,67.80000305175781,13862700,EFA,Factor,2026-09-24
2015-05-21,48.6762580871582,68.41999816894531,68.16000366210938,68.5199966430664,68.11000061035156,11439500,EFA,Factor,2026-09-24
2015-05-22,48.363224029541016,67.9800033569336,68.06999969482422,68.12999725341797,67.91999816894531,12172900,EFA,Factor,2026-09-24
2015-05-26,47.495269775390625,66.76000213623047,67.36000061035156,67.38999938964844,66.62999725341797,20327400,EFA,Factor,2026-09-24
2015-05-27,47.95771408081055,67.41000366210938,66.83999633789062,67.4800033569336,66.80999755859375,17786100,EFA,Factor,2026-09-24
2015-05-28,47.8723258972168,67.29000091552734,67.05999755859375,67.36000061035156,66.76000213623047,12744700,EFA,Factor,2026-09-24
2015-05-29,47.4099006652832,66.63999938964844,66.94999694824219,67.08000183105469,66.31999969482422,23778800,EFA,Factor,2026-09-24
2015-06-01,47.28184127807617,66.45999908447266,66.80000305175781,66.8499984741211,66.19000244140625,19068900,EFA,Factor,2026-09-24
2015-06-02,47.50238800048828,66.7699966430664,66.63999938964844,67.08999633789062,66.5199966430664,14239100,EFA,Factor,2026-09-24
2015-06-03,47.765621185302734,67.13999938964844,67.02999877929688,67.4800033569336,67.02999877929688,21307800,EFA,Factor,2026-09-24
2015-06-04,47.253379821777344,66.41999816894531,66.69999694824219,67.19000244140625,66.20999908447266,17187400,EFA,Factor,2026-09-24
2015-06-05,46.69135284423828,65.62999725341797,65.47000122070312,65.87999725341797,65.23999786376953,14624100,EFA,Factor,2026-09-24
2015-06-08,46.62733459472656,65.54000091552734,65.52999877929688,65.5999984741211,65.29000091552734,14677000,EFA,Factor,2026-09-24
2015-06-09,46.371212005615234,65.18000030517578,65.19999694824219,65.36000061035156,64.87000274658203,13114600,EFA,Factor,2026-09-24
2015-06-10,47.34587097167969,66.55000305175781,66.1500015258789,66.7300033569336,66.06999969482422,17291600,EFA,Factor,2026-09-24
2015-06-11,47.473934173583984,66.7300033569336,66.80999755859375,66.94999694824219,66.43000030517578,20555100,EFA,Factor,2026-09-24
2015-06-12,47.096866607666016,66.19999694824219,66.04000091552734,66.45999908447266,65.81999969482422,15305800,EFA,Factor,2026-09-24
2015-06-15,46.81230163574219,65.80000305175781,65.38999938964844,65.8499984741211,65.33999633789062,15121100,EFA,Factor,2026-09-24
2015-06-16,46.79806900024414,65.77999877929688,65.47000122070312,65.83999633789062,65.36000061035156,11991200,EFA,Factor,2026-09-24
2015-06-17,46.69135284423828,65.62999725341797,65.54000091552734,65.79000091552734,64.98999786376953,17100700,EFA,Factor,2026-09-24
2015-06-18,47.1110954284668,66.22000122070312,65.83000183105469,66.77999877929688,65.77999877929688,24587300,EFA,Factor,2026-09-24
2015-06-19,46.997276306152344,66.05999755859375,66.16000366210938,66.26000213623047,66.0199966430664,15281900,EFA,Factor,2026-09-24
2015-06-22,47.886558532714844,67.30999755859375,67.33000183105469,67.72000122070312,67.19000244140625,28716900,EFA,Factor,2026-09-24
2015-06-23,48.01462173461914,67.48999786376953,67.41999816894531,67.5999984741211,67.4000015258789,13661300,EFA,Factor,2026-09-24
2015-06-24,47.60198211669922,66.91000366210938,67.12999725341797,67.30000305175781,66.87000274658203,21326500,EFA,Factor,2026-09-24
2015-06-25,47.58100509643555,65.7699966430664,66.06999969482422,66.06999969482422,65.72000122070312,16402800,EFA,Factor,2026-09-24
2015-06-26,47.55930709838867,65.73999786376953,65.87000274658203,66.02999877929688,65.58000183105469,19240800,EFA,Factor,2026-09-24
2015-06-29,46.09794616699219,63.720001220703125,64.43000030517578,64.66999816894531,63.56999969482422,33747100,EFA,Factor,2026-09-24
2015-06-30,45.93156051635742,63.4900016784668,64.37000274658203,64.37999725341797,63.2599983215332,32195400,EFA,Factor,2026-09-24
2015-07-01,46.22816467285156,63.900001525878906,64.2300033569336,64.31999969482422,63.650001525878906,31824800,EFA,Factor,2026-09-24
2015-07-02,46.286048889160156,63.97999954223633,64.08000183105469,64.11000061035156,63.81999969482422,20988500,EFA,Factor,2026-09-24
2015-07-06,45.35279083251953,62.689998626708984,62.63999938964844,63.2400016784668,62.4900016784668,21103800,EFA,Factor,2026-09-24
2015-07-07,45.36725997924805,62.709999084472656,62.25,62.81999969482422,61.43000030517578,36633400,EFA,Factor,2026-09-24
2015-07-08,44.31103515625,61.25,61.720001220703125,61.7599983215332,61.119998931884766,32728200,EFA,Factor,2026-09-24
2015-07-09,45.04170608520508,62.2599983215332,62.650001525878906,62.720001220703125,62.130001068115234,19963400,EFA,Factor,2026-09-24
2015-07-10,46.51755142211914,64.30000305175781,64.18000030517578,64.38999938964844,63.86000061035156,28190400,EFA,Factor,2026-09-24
2015-07-13,46.691162109375,64.54000091552734,64.51000213623047,64.66999816894531,64.44000244140625,14287600,EFA,Factor,2026-09-24
2015-07-14,47.08182907104492,65.08000183105469,64.79000091552734,65.16000366210938,64.69999694824219,19816200,EFA,Factor,2026-09-24
2015-07-15,46.908206939697266,64.83999633789062,64.91999816894531,65.06999969482422,64.66999816894531,14709600,EFA,Factor,2026-09-24
2015-07-16,47.31333923339844,65.4000015258789,65.44999694824219,65.55999755859375,65.33999633789062,20763400,EFA,Factor,2026-09-24
2015-07-17,47.23374938964844,65.29000091552734,65.37000274658203,65.37000274658203,65.20999908447266,14773600,EFA,Factor,2026-09-24
2015-07-20,47.35673904418945,65.45999908447266,65.48999786376953,65.61000061035156,65.30999755859375,8767800,EFA,Factor,2026-09-24
2015-07-21,47.21928405761719,65.2699966430664,65.23999786376953,65.37000274658203,65.13999938964844,14081800,EFA,Factor,2026-09-24
2015-07-22,46.8575553894043,64.7699966430664,64.58999633789062,64.80999755859375,64.58999633789062,10181700,EFA,Factor,2026-09-24
2015-07-23,46.73457717895508,64.5999984741211,64.87999725341797,64.9000015258789,64.48999786376953,10900900,EFA,Factor,2026-09-24
2015-07-24,46.22092819213867,63.88999938964844,64.44999694824219,64.47000122070312,63.81999969482422,13709400,EFA,Factor,2026-09-24
2015-07-27,45.88090515136719,63.41999816894531,63.7400016784668,63.75,63.31999969482422,19026100,EFA,Factor,2026-09-24
2015-07-28,46.45966720581055,64.22000122070312,63.869998931884766,64.25,63.56999969482422,14788100,EFA,Factor,2026-09-24
2015-07-29,46.62605285644531,64.44999694824219,64.16999816894531,64.66000366210938,64.12999725341797,15938900,EFA,Factor,2026-09-24
2015-07-30,46.58988571166992,64.4000015258789,64.20999908447266,64.41000366210938,63.91999816894531,17496700,EFA,Factor,2026-09-24
2015-07-31,46.86479949951172,64.77999877929688,64.9800033569336,65.0199966430664,64.58999633789062,20646900,EFA,Factor,2026-09-24
2015-08-03,46.7418098449707,64.61000061035156,64.8499984741211,64.87999725341797,64.41000366210938,25131600,EFA,Factor,2026-09-24
2015-08-04,46.777984619140625,64.66000366210938,64.75,64.86000061035156,64.51000213623047,13359000,EFA,Factor,2026-09-24
2015-08-05,47.023948669433594,65.0,65.0199966430664,65.19000244140625,64.91999816894531,13602700,EFA,Factor,2026-09-24
2015-08-06,46.82863235473633,64.7300033569336,64.87999725341797,64.95999908447266,64.54000091552734,12451300,EFA,Factor,2026-09-24
2015-08-07,46.7418098449707,64.61000061035156,64.38999938964844,64.6500015258789,64.30999755859375,14351200,EFA,Factor,2026-09-24
2015-08-10,47.31333923339844,65.4000015258789,64.77999877929688,65.43000030517578,64.7699966430664,13702900,EFA,Factor,2026-09-24
2015-08-11,46.58988571166992,64.4000015258789,64.5,64.58000183105469,64.12999725341797,15705800,EFA,Factor,2026-09-24
2015-08-12,46.25710678100586,63.939998626708984,63.52000045776367,63.939998626708984,63.150001525878906,27756600,EFA,Factor,2026-09-24
2015-08-13,46.22816467285156,63.900001525878906,63.83000183105469,64.0199966430664,63.650001525878906,12709600,EFA,Factor,2026-09-24
2015-08-14,46.300506591796875,64.0,63.68000030517578,64.02999877929688,63.619998931884766,16930100,EFA,Factor,2026-09-24
2015-08-17,46.21369171142578,63.880001068115234,63.459999084472656,63.88999938964844,63.349998474121094,8885600,EFA,Factor,2026-09-24
2015-08-18,45.86643981933594,63.400001525878906,63.470001220703125,63.599998474121094,63.279998779296875,10943800,EFA,Factor,2026-09-24
2015-08-19,45.461307525634766,62.84000015258789,62.900001525878906,63.130001068115234,62.47999954223633,16573300,EFA,Factor,2026-09-24
2015-08-20,44.36167526245117,61.31999969482422,62.119998931884766,62.220001220703125,61.29999923706055,32339100,EFA,Factor,2026-09-24
2015-08-21,43.34885025024414,59.91999816894531,61.13999938964844,61.29999923706055,59.7599983215332,47017700,EFA,Factor,2026-09-24
2015-08-24,41.8513069152832,57.849998474121094,57.349998474121094,59.119998931884766,56.5099983215332,62952900,EFA,Factor,2026-09-24
2015-08-25,42.249210357666016,58.400001525878906,60.380001068115234,60.38999938964844,58.29999923706055,50627000,EFA,Factor,2026-09-24
2015-08-26,43.24756622314453,59.779998779296875,59.68000030517578,59.810001373291016,58.380001068115234,49202900,EFA,Factor,2026-09-24
2015-08-27,43.77568054199219,60.5099983215332,60.06999969482422,60.70000076293945,59.970001220703125,39984000,EFA,Factor,2026-09-24
2015-08-28,43.71057891845703,60.41999816894531,60.11000061035156,60.540000915527344,60.06999969482422,24230800,EFA,Factor,2026-09-24
2015-08-31,43.3850212097168,59.970001220703125,60.040000915527344,60.27000045776367,59.7599983215332,35806800,EFA,Factor,2026-09-24
2015-09-01,41.93089294433594,57.959999084472656,58.25,58.56999969482422,57.77000045776367,42250400,EFA,Factor,2026-09-24
2015-09-02,42.553062438964844,58.81999969482422,58.93000030517578,58.939998626708984,58.20000076293945,23372700,EFA,Factor,2026-09-24
2015-09-03,42.65434265136719,58.959999084472656,59.02000045776367,59.40999984741211,58.81999969482422,23500600,EFA,Factor,2026-09-24
2015-09-04,41.67769241333008,57.61000061035156,57.709999084472656,57.939998626708984,57.34000015258789,25772900,EFA,Factor,2026-09-24
2015-09-08,42.90031814575195,59.29999923706055,59.04999923706055,59.33000183105469,58.86000061035156,21504500,EFA,Factor,2026-09-24
2015-09-09,42.726680755615234,59.060001373291016,60.22999954223633,60.25,59.0,29179700,EFA,Factor,2026-09-24
2015-09-10,43.00883483886719,59.45000076293945,59.11000061035156,59.689998626708984,59.0,20800900,EFA,Factor,2026-09-24
2015-09-11,43.00160217285156,59.439998626708984,59.02000045776367,59.439998626708984,58.90999984741211,12954100,EFA,Factor,2026-09-24
2015-09-14,42.67605209350586,58.9900016784668,58.93000030517578,59.029998779296875,58.720001220703125,12187400,EFA,Factor,2026-09-24
2015-09-15,42.96542739868164,59.38999938964844,58.880001068115234,59.439998626708984,58.790000915527344,18168800,EFA,Factor,2026-09-24
2015-09-16,43.62376403808594,60.29999923706055,59.900001525878906,60.31999969482422,59.810001373291016,28218500,EFA,Factor,2026-09-24
2015-09-17,43.645469665527344,60.33000183105469,59.939998626708984,61.02000045776367,59.91999816894531,24074700,EFA,Factor,2026-09-24
2015-09-18,42.553062438964844,58.81999969482422,59.189998626708984,59.47999954223633,58.790000915527344,36952900,EFA,Factor,2026-09-24
2015-09-21,42.53135299682617,58.790000915527344,59.0,59.11000061035156,58.540000915527344,17896300,EFA,Factor,2026-09-24
2015-09-22,41.518531799316406,57.38999938964844,57.40999984741211,57.56999969482422,56.97999954223633,29234800,EFA,Factor,2026-09-24
2015-09-23,41.32320785522461,57.119998931884766,57.470001220703125,57.52000045776367,56.900001525878906,17145200,EFA,Factor,2026-09-24
2015-09-24,41.20745849609375,56.959999084472656,56.63999938964844,57.09000015258789,56.29999923706055,22895100,EFA,Factor,2026-09-24
2015-09-25,41.56917190551758,57.459999084472656,57.81999969482422,57.939998626708984,57.220001220703125,21771400,EFA,Factor,2026-09-24
2015-09-28,40.751678466796875,56.33000183105469,57.02000045776367,57.060001373291016,56.2400016784668,18785000,EFA,Factor,2026-09-24
2015-09-29,40.69380187988281,56.25,56.130001068115234,56.36000061035156,55.880001068115234,20216400,EFA,Factor,2026-09-24
2015-09-30,41.46790313720703,57.31999969482422,57.150001525878906,57.369998931884766,56.7400016784668,37769800,EFA,Factor,2026-09-24
2015-10-01,41.59811019897461,57.5,57.66999816894531,57.779998779296875,56.9900016784668,20445200,EFA,Factor,2026-09-24
2015-10-02,42.30709457397461,58.47999954223633,57.25,58.4900016784668,57.119998931884766,20793800,EFA,Factor,2026-09-24
2015-10-05,43.146278381347656,59.63999938964844,59.220001220703125,59.66999816894531,59.220001220703125,27746500,EFA,Factor,2026-09-24
2015-10-06,43.196929931640625,59.709999084472656,59.63999938964844,59.95000076293945,59.56999969482422,18133100,EFA,Factor,2026-09-24
2015-10-07,43.73951721191406,60.459999084472656,60.369998931884766,60.619998931884766,59.959999084472656,20499100,EFA,Factor,2026-09-24
2015-10-08,44.086761474609375,60.939998626708984,60.060001373291016,60.939998626708984,60.060001373291016,16875500,EFA,Factor,2026-09-24
2015-10-09,44.16633987426758,61.04999923706055,61.04999923706055,61.189998626708984,60.849998474121094,16867900,EFA,Factor,2026-09-24
2015-10-12,44.07953643798828,60.93000030517578,60.93000030517578,61.02000045776367,60.79999923706055,9238000,EFA,Factor,2026-09-24
2015-10-13,43.52248001098633,60.15999984741211,60.119998931884766,60.630001068115234,60.099998474121094,19519200,EFA,Factor,2026-09-24
2015-10-14,43.609283447265625,60.279998779296875,60.31999969482422,60.5099983215332,60.099998474121094,20762200,EFA,Factor,2026-09-24
2015-10-15,44.35444259643555,61.310001373291016,60.7599983215332,61.34000015258789,60.70000076293945,21855600,EFA,Factor,2026-09-24
2015-10-16,44.31826400756836,61.2599983215332,61.220001220703125,61.31999969482422,61.0099983215332,23372400,EFA,Factor,2026-09-24
2015-10-19,44.16633987426758,61.04999923706055,61.0,61.060001373291016,60.810001373291016,11784700,EFA,Factor,2026-09-24
2015-10-20,43.98548126220703,60.79999923706055,60.779998779296875,60.959999084472656,60.720001220703125,12930000,EFA,Factor,2026-09-24
2015-10-21,43.963783264160156,60.77000045776367,61.16999816894531,61.20000076293945,60.72999954223633,12731700,EFA,Factor,2026-09-24
2015-10-22,44.455718994140625,61.45000076293945,61.11000061035156,61.70000076293945,61.09000015258789,28347500,EFA,Factor,2026-09-24
2015-10-23,44.89702606201172,62.060001373291016,61.9900016784668,62.189998626708984,61.79999923706055,16648500,EFA,Factor,2026-09-24
2015-10-26,44.73063278198242,61.83000183105469,61.970001220703125,61.9900016784668,61.779998779296875,14032900,EFA,Factor,2026-09-24
2015-10-27,44.33997344970703,61.290000915527344,61.369998931884766,61.47999954223633,61.20000076293945,14566400,EFA,Factor,2026-09-24
2015-10-28,44.62934875488281,61.689998626708984,61.540000915527344,62.029998779296875,61.119998931884766,17326300,EFA,Factor,2026-09-24
2015-10-29,44.30380630493164,61.2400016784668,60.959999084472656,61.290000915527344,60.959999084472656,12843000,EFA,Factor,2026-09-24
2015-10-30,44.209747314453125,61.11000061035156,61.2599983215332,61.52000045776367,61.08000183105469,19115300,EFA,Factor,2026-09-24
2015-11-02,44.62934875488281,61.689998626708984,61.439998626708984,61.689998626708984,61.369998931884766,14749700,EFA,Factor,2026-09-24
2015-11-03,44.61488723754883,61.66999816894531,61.290000915527344,61.81999969482422,61.209999084472656,14282900,EFA,Factor,2026-09-24
2015-11-04,44.36890411376953,61.33000183105469,61.720001220703125,61.75,61.150001525878906,21019300,EFA,Factor,2026-09-24
2015-11-05,44.289329528808594,61.220001220703125,61.45000076293945,61.529998779296875,61.06999969482422,21648100,EFA,Factor,2026-09-24
2015-11-06,44.086761474609375,60.939998626708984,60.84000015258789,61.0,60.540000915527344,17523200,EFA,Factor,2026-09-24
2015-11-09,43.63100051879883,60.310001373291016,60.560001373291016,60.630001068115234,60.06999969482422,23887600,EFA,Factor,2026-09-24
2015-11-10,43.602054595947266,60.27000045776367,60.029998779296875,60.290000915527344,59.93000030517578,14471900,EFA,Factor,2026-09-24
2015-11-11,43.82632064819336,60.58000183105469,60.79999923706055,60.84000015258789,60.47999954223633,14220000,EFA,Factor,2026-09-24
2015-11-12,43.25480270385742,59.790000915527344,60.060001373291016,60.290000915527344,59.790000915527344,31911300,EFA,Factor,2026-09-24
2015-11-13,42.89308166503906,59.290000915527344,59.5,59.59000015258789,59.189998626708984,26248400,EFA,Factor,2026-09-24
2015-11-16,43.435665130615234,60.040000915527344,59.34000015258789,60.04999923706055,59.31999969482422,16939200,EFA,Factor,2026-09-24
2015-11-17,43.55141067504883,60.20000076293945,60.29999923706055,60.52000045776367,60.09000015258789,22458600,EFA,Factor,2026-09-24
2015-11-18,43.94931411743164,60.75,60.38999938964844,60.83000183105469,60.27000045776367,15481000,EFA,Factor,2026-09-24
2015-11-19,44.17357635498047,61.060001373291016,61.11000061035156,61.29999923706055,61.02000045776367,19981100,EFA,Factor,2026-09-24
2015-11-20,44.072288513183594,60.91999816894531,61.2400016784668,61.349998474121094,60.880001068115234,18499800,EFA,Factor,2026-09-24
2015-11-23,43.797386169433594,60.540000915527344,60.7599983215332,60.900001525878906,60.41999816894531,19432800,EFA,Factor,2026-09-24
2015-11-24,43.804622650146484,60.54999923706055,60.099998474121094,60.63999938964844,60.060001373291016,21727000,EFA,Factor,2026-09-24
2015-11-25,43.905906677246094,60.689998626708984,60.63999938964844,60.81999969482422,60.47999954223633,13351700,EFA,Factor,2026-09-24
2015-11-27,43.91313934326172,60.70000076293945,60.7599983215332,60.79999923706055,60.650001525878906,6400400,EFA,Factor,2026-09-24
2015-11-30,43.87696075439453,60.650001525878906,60.790000915527344,60.81999969482422,60.59000015258789,23366700,EFA,Factor,2026-09-24
2015-12-01,44.33997344970703,61.290000915527344,61.13999938964844,61.33000183105469,60.97999954223633,34990700,EFA,Factor,2026-09-24
2015-12-02,43.86973571777344,60.63999938964844,61.0099983215332,61.16999816894531,60.560001373291016,21426000,EFA,Factor,2026-09-24
2015-12-03,43.659934997558594,60.349998474121094,60.95000076293945,60.97999954223633,60.099998474121094,26897100,EFA,Factor,2026-09-24
2015-12-04,44.01442337036133,60.84000015258789,60.13999938964844,60.90999984741211,60.11000061035156,23382100,EFA,Factor,2026-09-24
2015-12-07,43.732276916503906,60.45000076293945,60.560001373291016,60.59000015258789,60.22999954223633,29861700,EFA,Factor,2026-09-24
2015-12-08,43.088417053222656,59.560001373291016,59.41999816894531,59.68000030517578,59.2400016784668,26323000,EFA,Factor,2026-09-24
2015-12-09,42.89308166503906,59.290000915527344,59.56999969482422,60.02000045776367,58.9900016784668,26646700,EFA,Factor,2026-09-24
2015-12-10,42.90031814575195,59.29999923706055,59.560001373291016,59.630001068115234,59.220001220703125,20267800,EFA,Factor,2026-09-24
2015-12-11,42.08281326293945,58.16999816894531,58.5,58.59000015258789,58.09000015258789,29945000,EFA,Factor,2026-09-24
2015-12-14,42.14793014526367,58.2599983215332,58.41999816894531,58.5,57.650001525878906,32246600,EFA,Factor,2026-09-24
2015-12-15,42.35773468017578,58.54999923706055,58.619998931884766,58.81999969482422,58.41999816894531,37876700,EFA,Factor,2026-09-24
2015-12-16,43.211395263671875,59.72999954223633,59.220001220703125,59.84000015258789,58.95000076293945,45167400,EFA,Factor,2026-09-24
2015-12-17,42.661582946777344,58.970001220703125,59.65999984741211,59.66999816894531,58.959999084472656,40456800,EFA,Factor,2026-09-24
2015-12-18,42.21304702758789,58.349998474121094,58.689998626708984,58.77000045776367,58.34000015258789,41659100,EFA,Factor,2026-09-24
2015-12-21,42.408626556396484,58.11000061035156,58.5,58.560001373291016,57.84000015258789,28869600,EFA,Factor,2026-09-24
2015-12-22,42.729740142822266,58.54999923706055,58.290000915527344,58.630001068115234,58.09000015258789,29319500,EFA,Factor,2026-09-24
2015-12-23,43.4449462890625,59.529998779296875,59.099998474121094,59.560001373291016,59.06999969482422,29782200,EFA,Factor,2026-09-24
2015-12-24,43.371971130371094,59.43000030517578,59.279998779296875,59.59000015258789,59.279998779296875,10950500,EFA,Factor,2026-09-24
2015-12-28,43.26979064941406,59.290000915527344,59.29999923706055,59.33000183105469,59.099998474121094,28946900,EFA,Factor,2026-09-24
2015-12-29,43.70037078857422,59.880001068115234,59.72999954223633,60.029998779296875,59.709999084472656,30796100,EFA,Factor,2026-09-24
2015-12-30,43.43763732910156,59.52000045776367,59.650001525878906,59.7400016784668,59.47999954223633,18855500,EFA,Factor,2026-09-24
2015-12-31,42.85381317138672,58.720001220703125,59.130001068115234,59.20000076293945,58.720001220703125,31818900,EFA,Factor,2026-09-24
2016-01-04,42.19698715209961,57.81999969482422,57.81999969482422,57.849998474121094,57.150001525878906,34260200,EFA,Factor,2026-09-24
2016-01-05,42.131309509277344,57.72999954223633,57.709999084472656,57.79999923706055,57.33000183105469,23891500,EFA,Factor,2026-09-24
2016-01-06,41.437992095947266,56.779998779296875,56.529998779296875,56.91999816894531,56.45000076293945,22412600,EFA,Factor,2026-09-24
2016-01-07,40.57683563232422,55.599998474121094,55.720001220703125,56.20000076293945,55.529998779296875,37579400,EFA,Factor,2026-09-24
2016-01-08,40.08787536621094,54.93000030517578,55.93000030517578,55.9900016784668,54.84000015258789,31301100,EFA,Factor,2026-09-24
2016-01-11,40.2557258605957,55.15999984741211,55.560001373291016,55.58000183105469,54.66999816894531,33017900,EFA,Factor,2026-09-24
2016-01-12,40.44547653198242,55.41999816894531,55.630001068115234,55.709999084472656,54.95000076293945,29930200,EFA,Factor,2026-09-24
2016-01-13,39.817840576171875,54.560001373291016,55.79999923706055,55.900001525878906,54.40999984741211,33481800,EFA,Factor,2026-09-24
2016-01-14,40.328697204589844,55.2599983215332,54.77000045776367,55.5,54.36000061035156,35140200,EFA,Factor,2026-09-24
2016-01-15,38.869102478027344,53.2599983215332,53.459999084472656,53.849998474121094,53.02000045776367,60554300,EFA,Factor,2026-09-24
2016-01-19,39.22669982910156,53.75,54.189998626708984,54.220001220703125,53.369998931884766,35709800,EFA,Factor,2026-09-24
2016-01-20,38.33634567260742,52.529998779296875,52.65999984741211,52.86000061035156,51.52000045776367,47944200,EFA,Factor,2026-09-24
2016-01-21,38.620975494384766,52.91999816894531,52.31999969482422,53.22999954223633,51.93000030517578,48974700,EFA,Factor,2026-09-24
2016-01-22,39.75945281982422,54.47999954223633,54.20000076293945,54.540000915527344,54.08000183105469,44855900,EFA,Factor,2026-09-24
2016-01-25,39.22669982910156,53.75,54.060001373291016,54.279998779296875,53.709999084472656,36799400,EFA,Factor,2026-09-24
2016-01-26,39.927303314208984,54.709999084472656,54.04999923706055,54.7400016784668,53.97999954223633,26789300,EFA,Factor,2026-09-24
2016-01-27,39.67188262939453,54.36000061035156,54.599998474121094,55.15999984741211,54.150001525878906,32829200,EFA,Factor,2026-09-24
2016-01-28,39.788639068603516,54.52000045776367,54.86000061035156,54.93000030517578,54.04999923706055,31267000,EFA,Factor,2026-09-24
2016-01-29,40.489253997802734,55.47999954223633,54.75,55.52000045776367,54.70000076293945,37109700,EFA,Factor,2026-09-24
2016-02-01,40.44547653198242,55.41999816894531,55.02000045776367,55.58000183105469,54.83000183105469,31082700,EFA,Factor,2026-09-24
2016-02-02,39.5040283203125,54.130001068115234,54.630001068115234,54.630001068115234,53.939998626708984,29809100,EFA,Factor,2026-09-24
2016-02-03,39.83243179321289,54.58000183105469,54.41999816894531,54.59000015258789,53.41999816894531,36337300,EFA,Factor,2026-09-24
2016-02-04,39.883522033691406,54.650001525878906,54.22999954223633,54.84000015258789,54.130001068115234,28236200,EFA,Factor,2026-09-24
2016-02-05,39.27050018310547,53.810001373291016,54.40999984741211,54.47999954223633,53.58000183105469,31548100,EFA,Factor,2026-09-24
2016-02-08,38.54069519042969,52.810001373291016,52.939998626708984,52.959999084472656,52.31999969482422,37822400,EFA,Factor,2026-09-24
2016-02-09,38.09552001953125,52.20000076293945,51.66999816894531,52.43000030517578,51.630001068115234,34142700,EFA,Factor,2026-09-24
2016-02-10,38.05173110961914,52.13999938964844,52.380001068115234,52.779998779296875,52.04999923706055,32088400,EFA,Factor,2026-09-24
2016-02-11,37.4970703125,51.380001068115234,51.43000030517578,51.650001525878906,50.939998626708984,41750200,EFA,Factor,2026-09-24
2016-02-12,38.153892517089844,52.279998779296875,51.529998779296875,52.290000915527344,51.310001373291016,38730500,EFA,Factor,2026-09-24
2016-02-16,38.927486419677734,53.34000015258789,53.20000076293945,53.369998931884766,52.77000045776367,31605800,EFA,Factor,2026-09-24
2016-02-17,39.59889221191406,54.2599983215332,53.790000915527344,54.33000183105469,53.7599983215332,25594700,EFA,Factor,2026-09-24
2016-02-18,39.394561767578125,53.97999954223633,54.4900016784668,54.4900016784668,53.939998626708984,32694100,EFA,Factor,2026-09-24
2016-02-19,39.35076141357422,53.91999816894531,53.56999969482422,53.970001220703125,53.400001525878906,26685400,EFA,Factor,2026-09-24
2016-02-22,39.79594802856445,54.529998779296875,54.31999969482422,54.58000183105469,54.29999923706055,19217000,EFA,Factor,2026-09-24
2016-02-23,39.14642333984375,53.63999938964844,54.18000030517578,54.220001220703125,53.54999923706055,19709000,EFA,Factor,2026-09-24
2016-02-24,39.00775909423828,53.45000076293945,52.75,53.529998779296875,52.4900016784668,26718800,EFA,Factor,2026-09-24
2016-02-25,39.474830627441406,54.09000015258789,53.75,54.099998474121094,53.5,25167000,EFA,Factor,2026-09-24
2016-02-26,39.37267303466797,53.95000076293945,54.369998931884766,54.400001525878906,53.849998474121094,19604500,EFA,Factor,2026-09-24
2016-02-29,39.139129638671875,53.630001068115234,53.84000015258789,54.130001068115234,53.599998474121094,30315200,EFA,Factor,2026-09-24
2016-03-01,40.16084289550781,55.029998779296875,54.40999984741211,55.06999969482422,54.279998779296875,24585800,EFA,Factor,2026-09-24
2016-03-02,40.438167572021484,55.40999984741211,55.0,55.45000076293945,54.880001068115234,22549400,EFA,Factor,2026-09-24
2016-03-03,40.832252502441406,55.95000076293945,55.560001373291016,55.97999954223633,55.5099983215332,21109600,EFA,Factor,2026-09-24
2016-03-04,41.13148880004883,56.36000061035156,56.34000015258789,56.65999984741211,56.209999084472656,22752200,EFA,Factor,2026-09-24
2016-03-07,41.08039474487305,56.290000915527344,55.779998779296875,56.47999954223633,55.7400016784668,24047500,EFA,Factor,2026-09-24
2016-03-08,40.67900848388672,55.7400016784668,56.04999923706055,56.04999923706055,55.66999816894531,16893200,EFA,Factor,2026-09-24
2016-03-09,40.832252502441406,55.95000076293945,55.9900016784668,56.11000061035156,55.810001373291016,15467400,EFA,Factor,2026-09-24
2016-03-10,40.766578674316406,55.86000061035156,56.400001525878906,56.7599983215332,55.41999816894531,28133500,EFA,Factor,2026-09-24
2016-03-11,41.83209228515625,57.31999969482422,56.869998931884766,57.349998474121094,56.81999969482422,24374600,EFA,Factor,2026-09-24
2016-03-14,41.744510650634766,57.20000076293945,57.2400016784668,57.349998474121094,57.06999969482422,15953300,EFA,Factor,2026-09-24
2016-03-15,41.350425720214844,56.65999984741211,56.61000061035156,56.66999816894531,56.45000076293945,19646300,EFA,Factor,2026-09-24
2016-03-16,41.71532440185547,57.15999984741211,56.22999954223633,57.209999084472656,56.22999954223633,25413000,EFA,Factor,2026-09-24
2016-03-17,42.036441802978516,57.599998474121094,57.189998626708984,57.709999084472656,57.0,17906600,EFA,Factor,2026-09-24
2016-03-18,41.96344757080078,57.5,57.5099983215332,57.689998626708984,57.41999816894531,30733400,EFA,Factor,2026-09-24
2016-03-21,41.89776611328125,57.40999984741211,57.36000061035156,57.540000915527344,57.22999954223633,17625800,EFA,Factor,2026-09-24
2016-03-22,41.82478332519531,57.310001373291016,56.95000076293945,57.400001525878906,56.900001525878906,15926700,EFA,Factor,2026-09-24
2016-03-23,41.4015007019043,56.72999954223633,57.15999984741211,57.18000030517578,56.650001525878906,18291400,EFA,Factor,2026-09-24
2016-03-24,41.124183654785156,56.349998474121094,56.02000045776367,56.349998474121094,55.95000076293945,18326500,EFA,Factor,2026-09-24
2016-03-28,41.372310638427734,56.689998626708984,56.7400016784668,56.779998779296875,56.54999923706055,18491100,EFA,Factor,2026-09-24
2016-03-29,41.81749725341797,57.29999923706055,56.41999816894531,57.33000183105469,56.279998779296875,22376800,EFA,Factor,2026-09-24
2016-03-30,42.131309509277344,57.72999954223633,57.790000915527344,58.060001373291016,57.63999938964844,18999500,EFA,Factor,2026-09-24
2016-03-31,41.71532440185547,57.15999984741211,57.459999084472656,57.59000015258789,57.130001068115234,37335100,EFA,Factor,2026-09-24
2016-04-01,41.270145416259766,56.54999923706055,55.9900016784668,56.619998931884766,55.93000030517578,30396100,EFA,Factor,2026-09-24
2016-04-04,41.18256378173828,56.43000030517578,56.70000076293945,56.77000045776367,56.36000061035156,16977200,EFA,Factor,2026-09-24
2016-04-05,40.37248611450195,55.31999969482422,55.41999816894531,55.5,55.2400016784668,20199600,EFA,Factor,2026-09-24
2016-04-06,41.02931594848633,56.220001220703125,55.5099983215332,56.2599983215332,55.41999816894531,20465500,EFA,Factor,2026-09-24
2016-04-07,40.43087387084961,55.400001525878906,55.7599983215332,55.91999816894531,55.27000045776367,19855600,EFA,Factor,2026-09-24
2016-04-08,41.20446014404297,56.459999084472656,56.5099983215332,56.65999984741211,56.31999969482422,18462800,EFA,Factor,2026-09-24
2016-04-11,41.22635269165039,56.4900016784668,56.83000183105469,57.06999969482422,56.47999954223633,15640400,EFA,Factor,2026-09-24
2016-04-12,41.839385986328125,57.33000183105469,56.939998626708984,57.439998626708984,56.61000061035156,25164700,EFA,Factor,2026-09-24
2016-04-13,42.503501892089844,58.2400016784668,58.13999938964844,58.36000061035156,58.0099983215332,25583900,EFA,Factor,2026-09-24
2016-04-14,42.64216232299805,58.43000030517578,58.540000915527344,58.650001525878906,58.33000183105469,26844400,EFA,Factor,2026-09-24
2016-04-15,42.54729080200195,58.29999923706055,58.38999938964844,58.5,58.290000915527344,17558000,EFA,Factor,2026-09-24
2016-04-18,42.91218566894531,58.79999923706055,58.220001220703125,58.86000061035156,58.16999816894531,20200400,EFA,Factor,2026-09-24
2016-04-19,43.65658187866211,59.81999969482422,59.689998626708984,59.939998626708984,59.599998474121094,24251400,EFA,Factor,2026-09-24
2016-04-20,43.693077087402344,59.869998931884766,59.790000915527344,60.15999984741211,59.70000076293945,14402600,EFA,Factor,2026-09-24
2016-04-21,43.43035125732422,59.5099983215332,59.779998779296875,59.83000183105469,59.40999984741211,19135100,EFA,Factor,2026-09-24
2016-04-22,43.45224380493164,59.540000915527344,59.45000076293945,59.63999938964844,59.290000915527344,17262700,EFA,Factor,2026-09-24
2016-04-25,43.233299255371094,59.2400016784668,59.2400016784668,59.290000915527344,59.02000045776367,13518400,EFA,Factor,2026-09-24
2016-04-26,43.386566162109375,59.45000076293945,59.470001220703125,59.560001373291016,59.2599983215332,15657800,EFA,Factor,2026-09-24
2016-04-27,43.41575622558594,59.4900016784668,59.27000045776367,59.61000061035156,59.18000030517578,13054700,EFA,Factor,2026-09-24
2016-04-28,42.824615478515625,58.68000030517578,58.779998779296875,59.2599983215332,58.54999923706055,25204500,EFA,Factor,2026-09-24
2016-04-29,42.64216232299805,58.43000030517578,58.720001220703125,58.810001373291016,58.220001220703125,27642900,EFA,Factor,2026-09-24
2016-05-02,43.04355239868164,58.97999954223633,58.900001525878906,59.06999969482422,58.720001220703125,25207300,EFA,Factor,2026-09-24
2016-05-03,42.33564376831055,58.0099983215332,58.400001525878906,58.40999984741211,57.93000030517578,25287100,EFA,Factor,2026-09-24
2016-05-04,41.84669494628906,57.34000015258789,57.52000045776367,57.61000061035156,57.16999816894531,20213100,EFA,Factor,2026-09-24
2016-05-05,41.75910949707031,57.220001220703125,57.29999923706055,57.45000076293945,57.040000915527344,21552600,EFA,Factor,2026-09-24
2016-05-06,41.87588119506836,57.380001068115234,56.970001220703125,57.40999984741211,56.91999816894531,21498200,EFA,Factor,2026-09-24
2016-05-09,41.788307189941406,57.2599983215332,57.52000045776367,57.630001068115234,57.22999954223633,17842700,EFA,Factor,2026-09-24
2016-05-10,42.38673400878906,58.08000183105469,57.689998626708984,58.08000183105469,57.63999938964844,21333600,EFA,Factor,2026-09-24
2016-05-11,42.02183532714844,57.58000183105469,57.70000076293945,57.93000030517578,57.58000183105469,20180500,EFA,Factor,2026-09-24
2016-05-12,42.00724792480469,57.560001373291016,58.06999969482422,58.09000015258789,57.310001373291016,17642000,EFA,Factor,2026-09-24
2016-05-13,41.57665252685547,56.970001220703125,57.11000061035156,57.36000061035156,56.810001373291016,19052400,EFA,Factor,2026-09-24
2016-05-16,42.07292175292969,57.650001525878906,57.15999984741211,57.68000030517578,57.130001068115234,24500500,EFA,Factor,2026-09-24
2016-05-17,41.76640319824219,57.22999954223633,57.54999923706055,57.7400016784668,57.16999816894531,25116900,EFA,Factor,2026-09-24
2016-05-18,41.78099822998047,57.25,57.290000915527344,57.849998474121094,57.040000915527344,34940400,EFA,Factor,2026-09-24
2016-05-19,41.48178482055664,56.84000015258789,56.90999984741211,57.0099983215332,56.66999816894531,26976000,EFA,Factor,2026-09-24
2016-05-20,41.82478332519531,57.310001373291016,57.31999969482422,57.459999084472656,57.189998626708984,23377800,EFA,Factor,2026-09-24
2016-05-23,41.68613052368164,57.119998931884766,57.099998474121094,57.279998779296875,57.0099983215332,18828700,EFA,Factor,2026-09-24
2016-05-24,42.29186248779297,57.95000076293945,57.5099983215332,58.060001373291016,57.5,28901600,EFA,Factor,2026-09-24
2016-05-25,42.73703384399414,58.560001373291016,58.380001068115234,58.68000030517578,58.349998474121094,35575000,EFA,Factor,2026-09-24
2016-05-26,42.85381317138672,58.720001220703125,58.779998779296875,58.849998474121094,58.58000183105469,21115400,EFA,Factor,2026-09-24
2016-05-27,42.81001281738281,58.65999984741211,58.619998931884766,58.75,58.52000045776367,16066600,EFA,Factor,2026-09-24
2016-05-31,42.605674743652344,58.380001068115234,58.900001525878906,58.9900016784668,58.2400016784668,25438500,EFA,Factor,2026-09-24
2016-06-01,42.56918716430664,58.33000183105469,58.099998474121094,58.380001068115234,58.029998779296875,19567300,EFA,Factor,2026-09-24
2016-06-02,42.56918716430664,58.33000183105469,58.0,58.349998474121094,57.93000030517578,32992100,EFA,Factor,2026-09-24
2016-06-03,42.84650421142578,58.709999084472656,58.540000915527344,58.72999954223633,58.22999954223633,27770200,EFA,Factor,2026-09-24
2016-06-06,43.08733367919922,59.040000915527344,58.900001525878906,59.18000030517578,58.849998474121094,22191900,EFA,Factor,2026-09-24
2016-06-07,43.401161193847656,59.470001220703125,59.4900016784668,59.630001068115234,59.41999816894531,15311700,EFA,Factor,2026-09-24
2016-06-08,43.48874282836914,59.59000015258789,59.650001525878906,59.7400016784668,59.540000915527344,14673400,EFA,Factor,2026-09-24
2016-06-09,42.95597457885742,58.86000061035156,58.86000061035156,59.0099983215332,58.68000030517578,18489100,EFA,Factor,2026-09-24
2016-06-10,41.7080192565918,57.150001525878906,57.619998931884766,57.709999084472656,56.9900016784668,29812900,EFA,Factor,2026-09-24
2016-06-13,41.102291107177734,56.31999969482422,56.40999984741211,56.86000061035156,56.15999984741211,25323100,EFA,Factor,2026-09-24
2016-06-14,40.44547653198242,55.41999816894531,55.72999954223633,55.86000061035156,55.119998931884766,69490000,EFA,Factor,2026-09-24
2016-06-15,40.71549606323242,55.790000915527344,55.900001525878906,56.099998474121094,55.66999816894531,34010400,EFA,Factor,2026-09-24
2016-06-16,40.803070068359375,55.90999984741211,55.0,55.95000076293945,54.59000015258789,27677700,EFA,Factor,2026-09-24
2016-06-17,41.20446014404297,56.459999084472656,56.099998474121094,56.599998474121094,55.83000183105469,51689600,EFA,Factor,2026-09-24
2016-06-20,42.22618103027344,57.86000061035156,58.20000076293945,58.27000045776367,57.84000015258789,38890400,EFA,Factor,2026-09-24
2016-06-21,42.56918716430664,58.33000183105469,58.34000015258789,58.779998779296875,58.09000015258789,37705500,EFA,Factor,2026-09-24
2016-06-22,42.543113708496094,57.119998931884766,57.38999938964844,57.66999816894531,57.119998931884766,45176500,EFA,Factor,2026-09-24
2016-06-23,43.71989822387695,58.70000076293945,58.34000015258789,58.79999923706055,57.93000030517578,33064500,EFA,Factor,2026-09-24
2016-06-24,39.96609878540039,53.65999984741211,53.88999938964844,55.09000015258789,53.630001068115234,85314600,EFA,Factor,2026-09-24
2016-06-27,39.198951721191406,52.630001068115234,52.90999984741211,52.939998626708984,51.93000030517578,58864400,EFA,Factor,2026-09-24
2016-06-28,40.22678756713867,54.0099983215332,53.86000061035156,54.040000915527344,53.369998931884766,45213500,EFA,Factor,2026-09-24
2016-06-29,40.964134216308594,55.0,54.810001373291016,55.189998626708984,54.720001220703125,33914900,EFA,Factor,2026-09-24
2016-06-30,41.574867248535156,55.81999969482422,55.11000061035156,55.81999969482422,54.959999084472656,48143600,EFA,Factor,2026-09-24
2016-07-01,41.574867248535156,55.81999969482422,55.84000015258789,56.0,55.7400016784668,22693400,EFA,Factor,2026-09-24
2016-07-05,40.770484924316406,54.7400016784668,55.13999938964844,55.20000076293945,54.58000183105469,33647400,EFA,Factor,2026-09-24
2016-07-06,40.69601058959961,54.63999938964844,54.11000061035156,54.66999816894531,53.77000045776367,28451400,EFA,Factor,2026-09-24
2016-07-07,40.532142639160156,54.41999816894531,54.7400016784668,54.939998626708984,54.25,24824900,EFA,Factor,2026-09-24
2016-07-08,41.150333404541016,55.25,55.040000915527344,55.34000015258789,54.90999984741211,26189500,EFA,Factor,2026-09-24
2016-07-11,41.75362777709961,56.060001373291016,55.9900016784668,56.290000915527344,55.95000076293945,25474900,EFA,Factor,2026-09-24
2016-07-12,42.319671630859375,56.81999969482422,56.86000061035156,57.09000015258789,56.75,29839000,EFA,Factor,2026-09-24
2016-07-13,42.27497863769531,56.7599983215332,56.959999084472656,57.099998474121094,56.709999084472656,27351600,EFA,Factor,2026-09-24
2016-07-14,42.63993453979492,57.25,57.290000915527344,57.43000030517578,57.16999816894531,28145500,EFA,Factor,2026-09-24
2016-07-15,42.423954010009766,56.959999084472656,57.099998474121094,57.130001068115234,56.84000015258789,29705400,EFA,Factor,2026-09-24
2016-07-18,42.52821350097656,57.099998474121094,56.959999084472656,57.27000045776367,56.849998474121094,17614300,EFA,Factor,2026-09-24
2016-07-19,42.193058013916016,56.650001525878906,56.650001525878906,56.7400016784668,56.5,19896900,EFA,Factor,2026-09-24
2016-07-20,42.57291030883789,57.15999984741211,57.0099983215332,57.22999954223633,56.900001525878906,20885200,EFA,Factor,2026-09-24
2016-07-21,42.4015998840332,56.93000030517578,56.97999954223633,57.189998626708984,56.83000183105469,19635000,EFA,Factor,2026-09-24
2016-07-22,42.48353576660156,57.040000915527344,57.04999923706055,57.08000183105469,56.880001068115234,16069300,EFA,Factor,2026-09-24
2016-07-25,42.431396484375,56.970001220703125,57.08000183105469,57.099998474121094,56.810001373291016,13277400,EFA,Factor,2026-09-24
2016-07-26,42.61014938354492,57.209999084472656,57.189998626708984,57.380001068115234,56.970001220703125,15025700,EFA,Factor,2026-09-24
2016-07-27,42.76654815673828,57.41999816894531,57.47999954223633,57.58000183105469,57.0,17126900,EFA,Factor,2026-09-24
2016-07-28,42.721866607666016,57.36000061035156,57.380001068115234,57.459999084472656,57.08000183105469,14445300,EFA,Factor,2026-09-24
2016-07-29,43.228336334228516,58.040000915527344,57.84000015258789,58.150001525878906,57.709999084472656,21590400,EFA,Factor,2026-09-24
2016-08-01,42.9453125,57.65999984741211,57.86000061035156,57.97999954223633,57.59000015258789,21623700,EFA,Factor,2026-09-24
2016-08-02,42.729312896728516,57.369998931884766,57.529998779296875,57.56999969482422,57.150001525878906,20476100,EFA,Factor,2026-09-24
2016-08-03,42.58035659790039,57.16999816894531,56.88999938964844,57.189998626708984,56.849998474121094,19684400,EFA,Factor,2026-09-24
2016-08-04,42.82614517211914,57.5,57.349998474121094,57.529998779296875,57.2400016784668,16761800,EFA,Factor,2026-09-24
2016-08-05,43.0197868347168,57.7599983215332,57.5,57.779998779296875,57.4900016784668,15143500,EFA,Factor,2026-09-24
2016-08-08,43.109169006347656,57.880001068115234,57.86000061035156,57.91999816894531,57.790000915527344,10326800,EFA,Factor,2026-09-24
2016-08-09,43.451778411865234,58.34000015258789,58.13999938964844,58.52000045776367,58.11000061035156,27514400,EFA,Factor,2026-09-24
2016-08-10,43.600738525390625,58.540000915527344,58.720001220703125,58.7599983215332,58.52000045776367,17539500,EFA,Factor,2026-09-24
2016-08-11,43.91355514526367,58.959999084472656,58.81999969482422,59.11000061035156,58.77000045776367,19675800,EFA,Factor,2026-09-24
2016-08-12,43.80183029174805,58.810001373291016,58.9900016784668,59.060001373291016,58.7400016784668,11331600,EFA,Factor,2026-09-24
2016-08-15,43.9731330871582,59.040000915527344,59.0,59.18000030517578,58.9900016784668,9048700,EFA,Factor,2026-09-24
2016-08-16,43.90611267089844,58.95000076293945,58.93000030517578,59.11000061035156,58.849998474121094,14286200,EFA,Factor,2026-09-24
2016-08-17,43.891204833984375,58.93000030517578,58.790000915527344,59.09000015258789,58.540000915527344,12103600,EFA,Factor,2026-09-24
2016-08-18,44.11465072631836,59.22999954223633,58.88999938964844,59.22999954223633,58.79999923706055,17723900,EFA,Factor,2026-09-24
2016-08-19,43.78693389892578,58.790000915527344,58.619998931884766,58.81999969482422,58.45000076293945,12142800,EFA,Factor,2026-09-24
2016-08-22,43.83161163330078,58.849998474121094,58.61000061035156,58.88999938964844,58.5,10095600,EFA,Factor,2026-09-24
2016-08-23,44.017822265625,59.099998474121094,59.2400016784668,59.349998474121094,59.08000183105469,12534100,EFA,Factor,2026-09-24
2016-08-24,43.91355514526367,58.959999084472656,59.130001068115234,59.20000076293945,58.88999938964844,12206600,EFA,Factor,2026-09-24
2016-08-25,43.734798431396484,58.720001220703125,58.7599983215332,58.88999938964844,58.66999816894531,10953500,EFA,Factor,2026-09-24
2016-08-26,43.474117279052734,58.369998931884766,58.810001373291016,59.33000183105469,58.11000061035156,19518100,EFA,Factor,2026-09-24
2016-08-29,43.60818099975586,58.54999923706055,58.2400016784668,58.58000183105469,58.220001220703125,10482100,EFA,Factor,2026-09-24
2016-08-30,43.548606872558594,58.470001220703125,58.599998474121094,58.689998626708984,58.36000061035156,10046300,EFA,Factor,2026-09-24
2016-08-31,43.4592170715332,58.349998474121094,58.400001525878906,58.529998779296875,58.13999938964844,20437200,EFA,Factor,2026-09-24
2016-09-01,43.75714111328125,58.75,58.619998931884766,58.779998779296875,58.40999984741211,18389800,EFA,Factor,2026-09-24
2016-09-02,44.263607025146484,59.43000030517578,59.29999923706055,59.5,59.11000061035156,19151600,EFA,Factor,2026-09-24
2016-09-06,44.561519622802734,59.83000183105469,59.560001373291016,59.86000061035156,59.540000915527344,14730600,EFA,Factor,2026-09-24
2016-09-07,44.5838737487793,59.86000061035156,59.9900016784668,60.099998474121094,59.75,17917500,EFA,Factor,2026-09-24
2016-09-08,44.45725631713867,59.689998626708984,59.810001373291016,59.97999954223633,59.619998931884766,15572700,EFA,Factor,2026-09-24
2016-09-09,43.593292236328125,58.529998779296875,59.25,59.25,58.5099983215332,23547000,EFA,Factor,2026-09-24
2016-09-12,43.95078659057617,59.0099983215332,58.099998474121094,59.040000915527344,58.04999923706055,26966800,EFA,Factor,2026-09-24
2016-09-13,43.064476013183594,57.81999969482422,58.25,58.36000061035156,57.56999969482422,24865900,EFA,Factor,2026-09-24
2016-09-14,43.004886627197266,57.7400016784668,57.7400016784668,58.060001373291016,57.630001068115234,16841500,EFA,Factor,2026-09-24
2016-09-15,43.377296447753906,58.2400016784668,57.790000915527344,58.349998474121094,57.630001068115234,20280700,EFA,Factor,2026-09-24
2016-09-16,42.818695068359375,57.4900016784668,57.61000061035156,57.63999938964844,57.33000183105469,47897900,EFA,Factor,2026-09-24
2016-09-19,43.04213333129883,57.790000915527344,58.060001373291016,58.13999938964844,57.7400016784668,24184400,EFA,Factor,2026-09-24
2016-09-20,43.302818298339844,58.13999938964844,58.34000015258789,58.38999938964844,58.06999969482422,23968200,EFA,Factor,2026-09-24
2016-09-21,44.06250762939453,59.15999984741211,58.70000076293945,59.220001220703125,58.4900016784668,28804000,EFA,Factor,2026-09-24
2016-09-22,44.50939178466797,59.7599983215332,60.029998779296875,60.15999984741211,59.689998626708984,27047600,EFA,Factor,2026-09-24
2016-09-23,44.136993408203125,59.2599983215332,59.279998779296875,59.45000076293945,59.2400016784668,19380000,EFA,Factor,2026-09-24
2016-09-26,43.72734451293945,58.709999084472656,58.75,58.83000183105469,58.619998931884766,23824900,EFA,Factor,2026-09-24
2016-09-27,43.93589782714844,58.9900016784668,58.470001220703125,59.0,58.40999984741211,19862100,EFA,Factor,2026-09-24
2016-09-28,44.24871063232422,59.40999984741211,58.9900016784668,59.43000030517578,58.79999923706055,21673400,EFA,Factor,2026-09-24
2016-09-29,43.69755554199219,58.66999816894531,59.40999984741211,59.40999984741211,58.470001220703125,16703800,EFA,Factor,2026-09-24
2016-09-30,44.040164947509766,59.130001068115234,58.810001373291016,59.290000915527344,58.72999954223633,29074600,EFA,Factor,2026-09-24
2016-10-03,43.92100143432617,58.970001220703125,58.970001220703125,59.09000015258789,58.84000015258789,17903600,EFA,Factor,2026-09-24
2016-10-04,43.91355514526367,58.959999084472656,59.2400016784668,59.349998474121094,58.72999954223633,28707500,EFA,Factor,2026-09-24
2016-10-05,44.092308044433594,59.20000076293945,59.18000030517578,59.290000915527344,59.040000915527344,14774300,EFA,Factor,2026-09-24
2016-10-06,43.853965759277344,58.880001068115234,58.900001525878906,58.95000076293945,58.72999954223633,11592200,EFA,Factor,2026-09-24
2016-10-07,43.630523681640625,58.58000183105469,58.630001068115234,58.68000030517578,58.119998931884766,16684900,EFA,Factor,2026-09-24
2016-10-10,43.75714111328125,58.75,58.58000183105469,58.900001525878906,58.58000183105469,7860700,EFA,Factor,2026-09-24
2016-10-11,43.138946533203125,57.91999816894531,58.47999954223633,58.5099983215332,57.75,18434600,EFA,Factor,2026-09-24
2016-10-12,43.04213333129883,57.790000915527344,57.84000015258789,57.939998626708984,57.630001068115234,13537300,EFA,Factor,2026-09-24
2016-10-13,42.87826919555664,57.56999969482422,57.150001525878906,57.70000076293945,56.9900016784668,13090900,EFA,Factor,2026-09-24
2016-10-14,42.95275115966797,57.66999816894531,57.959999084472656,58.06999969482422,57.650001525878906,19288400,EFA,Factor,2026-09-24
2016-10-17,42.82614517211914,57.5,57.540000915527344,57.65999984741211,57.40999984741211,12641000,EFA,Factor,2026-09-24
2016-10-18,43.25067138671875,58.06999969482422,58.189998626708984,58.2400016784668,57.97999954223633,13028000,EFA,Factor,2026-09-24
2016-10-19,43.36984634399414,58.22999954223633,58.15999984741211,58.369998931884766,58.119998931884766,12500100,EFA,Factor,2026-09-24
2016-10-20,43.43687438964844,58.31999969482422,58.150001525878906,58.43000030517578,58.09000015258789,9959000,EFA,Factor,2026-09-24
2016-10-21,43.340057373046875,58.189998626708984,57.91999816894531,58.209999084472656,57.86000061035156,12584900,EFA,Factor,2026-09-24
2016-10-24,43.33261489868164,58.18000030517578,58.36000061035156,58.369998931884766,58.04999923706055,12723000,EFA,Factor,2026-09-24
2016-10-25,43.302818298339844,58.13999938964844,58.04999923706055,58.189998626708984,57.90999984741211,12430400,EFA,Factor,2026-09-24
2016-10-26,43.109169006347656,57.880001068115234,57.84000015258789,58.06999969482422,57.77000045776367,12169500,EFA,Factor,2026-09-24
2016-10-27,43.05703353881836,57.810001373291016,58.0099983215332,58.040000915527344,57.75,9309300,EFA,Factor,2026-09-24
2016-10-28,43.04213333129883,57.790000915527344,57.709999084472656,57.91999816894531,57.650001525878906,15377800,EFA,Factor,2026-09-24
2016-10-31,43.064476013183594,57.81999969482422,57.75,57.900001525878906,57.58000183105469,19266200,EFA,Factor,2026-09-24
2016-11-01,42.87826919555664,57.56999969482422,57.959999084472656,57.97999954223633,57.380001068115234,19495200,EFA,Factor,2026-09-24
2016-11-02,42.58781051635742,57.18000030517578,57.529998779296875,57.61000061035156,57.099998474121094,17538900,EFA,Factor,2026-09-24
2016-11-03,42.543113708496094,57.119998931884766,57.380001068115234,57.41999816894531,57.040000915527344,12959100,EFA,Factor,2026-09-24
2016-11-04,42.13347625732422,56.56999969482422,56.7400016784668,56.90999984741211,56.54999923706055,17423800,EFA,Factor,2026-09-24
2016-11-07,42.71441650390625,57.349998474121094,57.279998779296875,57.380001068115234,57.150001525878906,21383600,EFA,Factor,2026-09-24
2016-11-08,42.833580017089844,57.5099983215332,57.18000030517578,57.68000030517578,57.130001068115234,17403900,EFA,Factor,2026-09-24
2016-11-09,42.8708381652832,57.560001373291016,57.06999969482422,57.790000915527344,57.0099983215332,27175100,EFA,Factor,2026-09-24
2016-11-10,42.75166320800781,57.400001525878906,57.529998779296875,57.66999816894531,56.93000030517578,37382800,EFA,Factor,2026-09-24
2016-11-11,42.49097442626953,57.04999923706055,57.150001525878906,57.20000076293945,56.7400016784668,18430100,EFA,Factor,2026-09-24
2016-11-14,42.26008605957031,56.7400016784668,56.630001068115234,56.75,56.47999954223633,20650900,EFA,Factor,2026-09-24
2016-11-15,42.446292877197266,56.9900016784668,56.59000015258789,57.02000045776367,56.529998779296875,15311700,EFA,Factor,2026-09-24
2016-11-16,41.99941635131836,56.38999938964844,56.43000030517578,56.619998931884766,56.34000015258789,22261200,EFA,Factor,2026-09-24
2016-11-17,42.319671630859375,56.81999969482422,56.66999816894531,56.88999938964844,56.619998931884766,18459300,EFA,Factor,2026-09-24
2016-11-18,41.85790252685547,56.20000076293945,56.310001373291016,56.380001068115234,56.099998474121094,17047300,EFA,Factor,2026-09-24
2016-11-21,42.215396881103516,56.68000030517578,56.41999816894531,56.709999084472656,56.40999984741211,18504500,EFA,Factor,2026-09-24
2016-11-22,42.319671630859375,56.81999969482422,56.810001373291016,56.849998474121094,56.58000183105469,17866500,EFA,Factor,2026-09-24
2016-11-23,42.17070388793945,56.619998931884766,56.25,56.619998931884766,56.189998626708984,13840300,EFA,Factor,2026-09-24
2016-11-25,42.29732894897461,56.790000915527344,56.81999969482422,56.83000183105469,56.709999084472656,7842800,EFA,Factor,2026-09-24
2016-11-28,42.073890686035156,56.4900016784668,56.630001068115234,56.689998626708984,56.459999084472656,13608000,EFA,Factor,2026-09-24
2016-11-29,42.342018127441406,56.849998474121094,56.529998779296875,56.97999954223633,56.470001220703125,14719800,EFA,Factor,2026-09-24
2016-11-30,42.29732894897461,56.790000915527344,56.97999954223633,56.9900016784668,56.70000076293945,23874700,EFA,Factor,2026-09-24
2016-12-01,42.13347625732422,56.56999969482422,56.72999954223633,56.7599983215332,56.4900016784668,22693500,EFA,Factor,2026-09-24
2016-12-02,42.23774337768555,56.709999084472656,56.470001220703125,56.84000015258789,56.400001525878906,16077700,EFA,Factor,2026-09-24
2016-12-05,42.65483474731445,57.27000045776367,57.0,57.380001068115234,56.9900016784668,19686200,EFA,Factor,2026-09-24
2016-12-06,42.9453125,57.65999984741211,57.33000183105469,57.7400016784668,57.29999923706055,19217500,EFA,Factor,2026-09-24
2016-12-07,43.58583068847656,58.52000045776367,57.880001068115234,58.619998931884766,57.86000061035156,25749300,EFA,Factor,2026-09-24
2016-12-08,43.548606872558594,58.470001220703125,58.52000045776367,58.56999969482422,58.27000045776367,23427000,EFA,Factor,2026-09-24
2016-12-09,43.734798431396484,58.720001220703125,58.470001220703125,58.720001220703125,58.43000030517578,20886500,EFA,Factor,2026-09-24
2016-12-12,43.5411491394043,58.459999084472656,58.5,58.689998626708984,58.38999938964844,16612700,EFA,Factor,2026-09-24
2016-12-13,44.010379791259766,59.09000015258789,58.97999954223633,59.25,58.95000076293945,22116800,EFA,Factor,2026-09-24
2016-12-14,43.36239242553711,58.220001220703125,58.959999084472656,59.09000015258789,58.130001068115234,26473700,EFA,Factor,2026-09-24
2016-12-15,43.265567779541016,58.09000015258789,58.0,58.189998626708984,57.959999084472656,25317900,EFA,Factor,2026-09-24
2016-12-16,43.29536819458008,58.130001068115234,58.04999923706055,58.290000915527344,58.02000045776367,24359100,EFA,Factor,2026-09-24
2016-12-19,43.228336334228516,58.040000915527344,58.15999984741211,58.310001373291016,58.040000915527344,17705200,EFA,Factor,2026-09-24
2016-12-20,43.377296447753906,58.2400016784668,58.11000061035156,58.290000915527344,58.06999969482422,17813500,EFA,Factor,2026-09-24
2016-12-21,43.389339447021484,57.65999984741211,57.650001525878906,57.70000076293945,57.58000183105469,17793900,EFA,Factor,2026-09-24
2016-12-22,43.291507720947266,57.529998779296875,57.619998931884766,57.689998626708984,57.5099983215332,16310200,EFA,Factor,2026-09-24
2016-12-23,43.40438461303711,57.68000030517578,57.58000183105469,57.68000030517578,57.540000915527344,14821600,EFA,Factor,2026-09-24
2016-12-27,43.35171127319336,57.61000061035156,57.630001068115234,57.720001220703125,57.599998474121094,13327700,EFA,Factor,2026-09-24
2016-12-28,43.186153411865234,57.38999938964844,57.560001373291016,57.58000183105469,57.310001373291016,19569400,EFA,Factor,2026-09-24
2016-12-29,43.291507720947266,57.529998779296875,57.5,57.65999984741211,57.47999954223633,16406100,EFA,Factor,2026-09-24
2016-12-30,43.44200897216797,57.72999954223633,57.970001220703125,57.97999954223633,57.599998474121094,25266000,EFA,Factor,2026-09-24
2017-01-03,43.7129020690918,58.09000015258789,57.95000076293945,58.11000061035156,57.849998474121094,27938300,EFA,Factor,2026-09-24
2017-01-04,44.209564208984375,58.75,58.400001525878906,58.779998779296875,58.349998474121094,25670000,EFA,Factor,2026-09-24
2017-01-05,44.58580780029297,59.25,58.900001525878906,59.310001373291016,58.900001525878906,22063100,EFA,Factor,2026-09-24
2017-01-06,44.43531799316406,59.04999923706055,58.970001220703125,59.11000061035156,58.90999984741211,22073700,EFA,Factor,2026-09-24
2017-01-09,44.367584228515625,58.959999084472656,58.83000183105469,58.9900016784668,58.75,13962400,EFA,Factor,2026-09-24
2017-01-10,44.3751106262207,58.970001220703125,58.91999816894531,59.130001068115234,58.91999816894531,16296600,EFA,Factor,2026-09-24
2017-01-11,44.60838317871094,59.279998779296875,58.849998474121094,59.29999923706055,58.779998779296875,31352400,EFA,Factor,2026-09-24
2017-01-12,44.67611312866211,59.369998931884766,59.36000061035156,59.380001068115234,59.11000061035156,25127300,EFA,Factor,2026-09-24
2017-01-13,44.8416748046875,59.59000015258789,59.41999816894531,59.599998474121094,59.33000183105469,20901900,EFA,Factor,2026-09-24
2017-01-17,44.67611312866211,59.369998931884766,59.40999984741211,59.439998626708984,59.27000045776367,22524800,EFA,Factor,2026-09-24
2017-01-18,44.548194885253906,59.20000076293945,59.189998626708984,59.31999969482422,59.02000045776367,14581400,EFA,Factor,2026-09-24
2017-01-19,44.43531799316406,59.04999923706055,59.099998474121094,59.18000030517578,58.869998931884766,17619300,EFA,Factor,2026-09-24
2017-01-20,44.691165924072266,59.38999938964844,59.2599983215332,59.40999984741211,59.18000030517578,24974100,EFA,Factor,2026-09-24
2017-01-23,44.804046630859375,59.540000915527344,59.310001373291016,59.540000915527344,59.18000030517578,43093600,EFA,Factor,2026-09-24
2017-01-24,44.91691970825195,59.689998626708984,59.439998626708984,59.720001220703125,59.41999816894531,18176000,EFA,Factor,2026-09-24
2017-01-25,45.38346862792969,60.310001373291016,60.0099983215332,60.33000183105469,59.9900016784668,27237600,EFA,Factor,2026-09-24
2017-01-26,45.20286178588867,60.06999969482422,60.189998626708984,60.25,59.9900016784668,20838800,EFA,Factor,2026-09-24
2017-01-27,45.12761306762695,59.970001220703125,60.02000045776367,60.04999923706055,59.86000061035156,13061000,EFA,Factor,2026-09-24
2017-01-30,44.804046630859375,59.540000915527344,59.45000076293945,59.58000183105469,59.2599983215332,19146200,EFA,Factor,2026-09-24
2017-01-31,44.87177276611328,59.630001068115234,59.650001525878906,59.7400016784668,59.38999938964844,29996800,EFA,Factor,2026-09-24
2017-02-01,45.0523681640625,59.869998931884766,60.0,60.029998779296875,59.709999084472656,26726400,EFA,Factor,2026-09-24
2017-02-02,45.0749397277832,59.900001525878906,59.93000030517578,59.9900016784668,59.72999954223633,14796700,EFA,Factor,2026-09-24
2017-02-03,45.25554275512695,60.13999938964844,60.0099983215332,60.18000030517578,59.93000030517578,13963800,EFA,Factor,2026-09-24
2017-02-06,44.93196487426758,59.709999084472656,59.52000045776367,59.709999084472656,59.47999954223633,16220200,EFA,Factor,2026-09-24
2017-02-07,44.88681411743164,59.650001525878906,59.58000183105469,59.68000030517578,59.529998779296875,12123000,EFA,Factor,2026-09-24
2017-02-08,44.962066650390625,59.75,59.59000015258789,59.810001373291016,59.52000045776367,16749200,EFA,Factor,2026-09-24
2017-02-09,45.15018844604492,60.0,59.83000183105469,60.02000045776367,59.75,14299600,EFA,Factor,2026-09-24
2017-02-10,45.25554275512695,60.13999938964844,59.93000030517578,60.18000030517578,59.90999984741211,13212100,EFA,Factor,2026-09-24
2017-02-13,45.4361457824707,60.380001068115234,60.38999938964844,60.470001220703125,60.279998779296875,12694400,EFA,Factor,2026-09-24
2017-02-14,45.36841583251953,60.290000915527344,60.16999816894531,60.290000915527344,59.91999816894531,14256600,EFA,Factor,2026-09-24
2017-02-15,45.54149627685547,60.52000045776367,60.029998779296875,60.52000045776367,60.0099983215332,15460100,EFA,Factor,2026-09-24
2017-02-16,45.64684295654297,60.65999984741211,60.540000915527344,60.65999984741211,60.459999084472656,14416500,EFA,Factor,2026-09-24
2017-02-17,45.52644729614258,60.5,60.31999969482422,60.52000045776367,60.27000045776367,14938000,EFA,Factor,2026-09-24
2017-02-21,45.676944732666016,60.70000076293945,60.439998626708984,60.70000076293945,60.41999816894531,11550300,EFA,Factor,2026-09-24
2017-02-22,45.676944732666016,60.70000076293945,60.38999938964844,60.7400016784668,60.38999938964844,17129400,EFA,Factor,2026-09-24
2017-02-23,45.77477264404297,60.83000183105469,60.880001068115234,60.93000030517578,60.66999816894531,12410600,EFA,Factor,2026-09-24
2017-02-24,45.443668365478516,60.38999938964844,60.16999816894531,60.43000030517578,60.13999938964844,16198700,EFA,Factor,2026-09-24
2017-02-27,45.47377014160156,60.43000030517578,60.189998626708984,60.439998626708984,60.18000030517578,14039000,EFA,Factor,2026-09-24
2017-02-28,45.406044006347656,60.34000015258789,60.31999969482422,60.52000045776367,60.22999954223633,20439100,EFA,Factor,2026-09-24
2017-03-01,45.88011932373047,60.970001220703125,60.75,61.119998931884766,60.72999954223633,20198000,EFA,Factor,2026-09-24
2017-03-02,45.57912063598633,60.56999969482422,60.709999084472656,60.779998779296875,60.560001373291016,16452800,EFA,Factor,2026-09-24
2017-03-03,45.85002517700195,60.93000030517578,60.70000076293945,61.0,60.61000061035156,19149100,EFA,Factor,2026-09-24
2017-03-06,45.70704650878906,60.7400016784668,60.72999954223633,60.75,60.56999969482422,10965800,EFA,Factor,2026-09-24
2017-03-07,45.54901885986328,60.529998779296875,60.470001220703125,60.630001068115234,60.380001068115234,16308800,EFA,Factor,2026-09-24
2017-03-08,45.38346862792969,60.310001373291016,60.4900016784668,60.54999923706055,60.25,11568200,EFA,Factor,2026-09-24
2017-03-09,45.556541442871094,60.540000915527344,60.470001220703125,60.56999969482422,60.380001068115234,13369300,EFA,Factor,2026-09-24
2017-03-10,45.9403190612793,61.04999923706055,60.959999084472656,61.119998931884766,60.849998474121094,18987900,EFA,Factor,2026-09-24
2017-03-13,46.181114196777344,61.369998931884766,61.20000076293945,61.380001068115234,61.189998626708984,19718700,EFA,Factor,2026-09-24
2017-03-14,45.827449798583984,60.900001525878906,60.91999816894531,60.970001220703125,60.790000915527344,15953500,EFA,Factor,2026-09-24
2017-03-15,46.482120513916016,61.77000045776367,61.029998779296875,61.779998779296875,61.02000045776367,22841100,EFA,Factor,2026-09-24
2017-03-16,46.70786666870117,62.06999969482422,62.099998474121094,62.130001068115234,61.93000030517578,24380100,EFA,Factor,2026-09-24
2017-03-17,46.828269958496094,62.22999954223633,62.18000030517578,62.349998474121094,62.060001373291016,20697400,EFA,Factor,2026-09-24
2017-03-20,46.73044204711914,62.099998474121094,62.25,62.34000015258789,62.02000045776367,13484400,EFA,Factor,2026-09-24
2017-03-21,46.51974868774414,61.81999969482422,62.58000183105469,62.630001068115234,61.779998779296875,23331500,EFA,Factor,2026-09-24
2017-03-22,46.52727508544922,61.83000183105469,61.619998931884766,61.88999938964844,61.56999969482422,14492800,EFA,Factor,2026-09-24
2017-03-23,46.632625579833984,61.970001220703125,61.72999954223633,62.099998474121094,61.72999954223633,25394800,EFA,Factor,2026-09-24
2017-03-24,46.76054382324219,62.13999938964844,62.11000061035156,62.27000045776367,62.040000915527344,25264500,EFA,Factor,2026-09-24
2017-03-27,46.88095474243164,62.29999923706055,62.09000015258789,62.380001068115234,62.02000045776367,30294500,EFA,Factor,2026-09-24
2017-03-28,47.1067008972168,62.599998474121094,62.38999938964844,62.650001525878906,62.36000061035156,23196000,EFA,Factor,2026-09-24
2017-03-29,47.1067008972168,62.599998474121094,62.290000915527344,62.630001068115234,62.279998779296875,19090800,EFA,Factor,2026-09-24
2017-03-30,46.94114685058594,62.380001068115234,62.43000030517578,65.36000061035156,62.31999969482422,16049800,EFA,Factor,2026-09-24
2017-03-31,46.8734245300293,62.290000915527344,62.11000061035156,62.36000061035156,62.04999923706055,30871700,EFA,Factor,2026-09-24
2017-04-03,46.80569839477539,62.20000076293945,62.189998626708984,62.2400016784668,61.7599983215332,32855200,EFA,Factor,2026-09-24
2017-04-04,46.7906494140625,62.18000030517578,61.93000030517578,62.18000030517578,61.849998474121094,16793800,EFA,Factor,2026-09-24
2017-04-05,46.542320251464844,61.849998474121094,62.130001068115234,62.290000915527344,61.83000183105469,22710400,EFA,Factor,2026-09-24
2017-04-06,46.54985046386719,61.86000061035156,61.880001068115234,61.97999954223633,61.75,17795900,EFA,Factor,2026-09-24
2017-04-07,46.51974868774414,61.81999969482422,61.75,61.93000030517578,61.7400016784668,15848900,EFA,Factor,2026-09-24
2017-04-10,46.46707534790039,61.75,61.72999954223633,61.849998474121094,61.68000030517578,11321500,EFA,Factor,2026-09-24
2017-04-11,46.685298919677734,62.040000915527344,62.0,62.06999969482422,61.619998931884766,18663100,EFA,Factor,2026-09-24
2017-04-12,46.64767074584961,61.9900016784668,61.95000076293945,62.029998779296875,61.720001220703125,25045600,EFA,Factor,2026-09-24
2017-04-13,46.346675872802734,61.59000015258789,61.70000076293945,61.779998779296875,61.529998779296875,16760100,EFA,Factor,2026-09-24
2017-04-17,46.632625579833984,61.970001220703125,61.849998474121094,62.02000045776367,61.84000015258789,15573500,EFA,Factor,2026-09-24
2017-04-18,46.42191696166992,61.689998626708984,61.54999923706055,61.689998626708984,61.349998474121094,21171100,EFA,Factor,2026-09-24
2017-04-19,46.233795166015625,61.439998626708984,61.7599983215332,61.79999923706055,61.369998931884766,13263100,EFA,Factor,2026-09-24
2017-04-20,46.60252380371094,61.93000030517578,61.959999084472656,62.099998474121094,61.91999816894531,20485300,EFA,Factor,2026-09-24
2017-04-21,46.632625579833984,61.970001220703125,61.93000030517578,62.02000045776367,61.84000015258789,18989800,EFA,Factor,2026-09-24
2017-04-24,47.81406021118164,63.540000915527344,63.40999984741211,63.61000061035156,63.380001068115234,32694900,EFA,Factor,2026-09-24
2017-04-25,48.152687072753906,63.9900016784668,63.849998474121094,64.08000183105469,63.779998779296875,24975200,EFA,Factor,2026-09-24
2017-04-26,48.017234802246094,63.810001373291016,63.810001373291016,64.02999877929688,63.810001373291016,20489600,EFA,Factor,2026-09-24
2017-04-27,48.062374114990234,63.869998931884766,63.91999816894531,63.91999816894531,63.75,13855700,EFA,Factor,2026-09-24
2017-04-28,48.00969696044922,63.79999923706055,63.88999938964844,63.90999984741211,63.77000045776367,25361200,EFA,Factor,2026-09-24
2017-05-01,48.20534896850586,64.05999755859375,63.9900016784668,64.19999694824219,63.90999984741211,22211300,EFA,Factor,2026-09-24
2017-05-02,48.453678131103516,64.38999938964844,64.25,64.41999816894531,64.19000244140625,23500000,EFA,Factor,2026-09-24
2017-05-03,48.355857849121094,64.26000213623047,64.22000122070312,64.33000183105469,64.0999984741211,12811000,EFA,Factor,2026-09-24
2017-05-04,48.814884185791016,64.87000274658203,64.4800033569336,64.88999938964844,64.43000030517578,16359700,EFA,Factor,2026-09-24
2017-05-05,49.35668182373047,65.58999633789062,64.94000244140625,65.58999633789062,64.91999816894531,18990900,EFA,Factor,2026-09-24
2017-05-08,48.98796081542969,65.0999984741211,65.11000061035156,65.11000061035156,64.95999908447266,19823800,EFA,Factor,2026-09-24
2017-05-09,48.867549896240234,64.94000244140625,64.9800033569336,65.04000091552734,64.80999755859375,28186600,EFA,Factor,2026-09-24
2017-05-10,48.94280242919922,65.04000091552734,64.9800033569336,65.04000091552734,64.88999938964844,18524300,EFA,Factor,2026-09-24
2017-05-11,48.82240295410156,64.87999725341797,64.7699966430664,64.9000015258789,64.61000061035156,18381600,EFA,Factor,2026-09-24
2017-05-12,49.09330368041992,65.23999786376953,64.94000244140625,65.23999786376953,64.94000244140625,27683000,EFA,Factor,2026-09-24
2017-05-15,49.34164047241211,65.56999969482422,65.37999725341797,65.56999969482422,65.36000061035156,20493900,EFA,Factor,2026-09-24
2017-05-16,49.657684326171875,65.98999786376953,65.94999694824219,66.0,65.86000061035156,21931200,EFA,Factor,2026-09-24
2017-05-17,49.09330368041992,65.23999786376953,65.66999816894531,65.75,65.22000122070312,30198700,EFA,Factor,2026-09-24
2017-05-18,49.17608642578125,65.3499984741211,65.08000183105469,65.4000015258789,65.0199966430664,19242600,EFA,Factor,2026-09-24
2017-05-19,49.74797821044922,66.11000061035156,65.80999755859375,66.12000274658203,65.77999877929688,34855500,EFA,Factor,2026-09-24
2017-05-22,49.80818176269531,66.19000244140625,66.18000030517578,66.30999755859375,66.11000061035156,14692600,EFA,Factor,2026-09-24
2017-05-23,49.81570816040039,66.19999694824219,66.33999633789062,66.37999725341797,66.11000061035156,12489200,EFA,Factor,2026-09-24
2017-05-24,49.84580612182617,66.23999786376953,66.0199966430664,66.25,65.9800033569336,15075500,EFA,Factor,2026-09-24
2017-05-25,49.84580612182617,66.23999786376953,66.23999786376953,66.33999633789062,66.1500015258789,13265300,EFA,Factor,2026-09-24
2017-05-26,49.70283508300781,66.05000305175781,65.87000274658203,66.05999755859375,65.8499984741211,25971500,EFA,Factor,2026-09-24
2017-05-30,49.650169372558594,65.9800033569336,65.87000274658203,66.02999877929688,65.8499984741211,14415300,EFA,Factor,2026-09-24
2017-05-31,49.71036148071289,66.05999755859375,66.31999969482422,66.37999725341797,66.02999877929688,31167900,EFA,Factor,2026-09-24
2017-06-01,50.033935546875,66.48999786376953,66.30999755859375,66.51000213623047,66.25,25610000,EFA,Factor,2026-09-24
2017-06-02,50.58327102661133,67.22000122070312,66.95999908447266,67.23999786376953,66.86000061035156,22765300,EFA,Factor,2026-09-24
2017-06-05,50.30483627319336,66.8499984741211,66.86000061035156,66.9000015258789,66.7699966430664,14304500,EFA,Factor,2026-09-24
2017-06-06,50.161861419677734,66.66000366210938,66.58000183105469,66.70999908447266,66.55999755859375,11387200,EFA,Factor,2026-09-24
2017-06-07,50.17691421508789,66.68000030517578,66.7699966430664,66.87999725341797,66.44999694824219,15346400,EFA,Factor,2026-09-24
2017-06-08,50.086605072021484,66.55999755859375,66.41999816894531,66.56999969482422,66.33999633789062,15425200,EFA,Factor,2026-09-24
2017-06-09,49.89848709106445,66.30999755859375,66.22000122070312,66.45999908447266,66.05999755859375,20807900,EFA,Factor,2026-09-24
2017-06-12,49.71036148071289,66.05999755859375,66.12000274658203,66.19000244140625,65.9800033569336,17937200,EFA,Factor,2026-09-24
2017-06-13,50.09413146972656,66.56999969482422,66.47000122070312,66.61000061035156,66.37999725341797,19123700,EFA,Factor,2026-09-24
2017-06-14,50.05649948120117,66.5199966430664,66.94999694824219,66.95999908447266,66.30000305175781,18739500,EFA,Factor,2026-09-24
2017-06-15,49.537296295166016,65.83000183105469,65.51000213623047,65.87000274658203,65.48999786376953,22870900,EFA,Factor,2026-09-24
2017-06-16,49.95868682861328,66.38999938964844,66.1500015258789,66.41000366210938,66.06999969482422,24571500,EFA,Factor,2026-09-24
2017-06-19,50.161861419677734,66.66000366210938,66.63999938964844,66.79000091552734,66.5999984741211,26706100,EFA,Factor,2026-09-24
2017-06-20,49.75811004638672,65.06999969482422,65.41999816894531,65.43000030517578,64.91999816894531,23798500,EFA,Factor,2026-09-24
2017-06-21,49.69692611694336,64.98999786376953,64.91999816894531,65.05000305175781,64.83000183105469,10989000,EFA,Factor,2026-09-24
2017-06-22,49.689292907714844,64.9800033569336,64.97000122070312,65.0999984741211,64.88999938964844,13521700,EFA,Factor,2026-09-24
2017-06-23,49.8116340637207,65.13999938964844,64.98999786376953,65.25,64.9000015258789,15138700,EFA,Factor,2026-09-24
2017-06-26,49.89574432373047,65.25,65.55999755859375,65.62000274658203,65.22000122070312,21872800,EFA,Factor,2026-09-24
2017-06-27,49.88810348510742,65.23999786376953,65.27999877929688,65.44000244140625,65.16999816894531,17466000,EFA,Factor,2026-09-24
2017-06-28,50.32396697998047,65.80999755859375,65.48999786376953,65.87000274658203,65.45999908447266,26317300,EFA,Factor,2026-09-24
2017-06-29,49.82693099975586,65.16000366210938,65.61000061035156,65.62000274658203,64.87999725341797,35923300,EFA,Factor,2026-09-24
2017-06-30,49.857513427734375,65.19999694824219,65.33000183105469,65.3499984741211,64.83000183105469,28866100,EFA,Factor,2026-09-24
2017-07-03,49.79635238647461,65.12000274658203,65.12000274658203,65.27999877929688,65.0999984741211,9564300,EFA,Factor,2026-09-24
2017-07-05,49.79635238647461,65.12000274658203,64.93000030517578,65.16000366210938,64.81999969482422,26253300,EFA,Factor,2026-09-24
2017-07-06,49.574581146240234,64.83000183105469,64.69999694824219,64.97000122070312,64.62999725341797,22874100,EFA,Factor,2026-09-24
2017-07-07,49.58223342895508,64.83999633789062,64.6500015258789,64.91999816894531,64.55999755859375,18885700,EFA,Factor,2026-09-24
2017-07-10,49.70458221435547,65.0,64.80000305175781,65.0199966430664,64.76000213623047,10674800,EFA,Factor,2026-09-24
2017-07-11,49.81929016113281,65.1500015258789,64.83000183105469,65.16000366210938,64.73999786376953,13584000,EFA,Factor,2026-09-24
2017-07-12,50.216915130615234,65.66999816894531,65.55000305175781,65.75,65.52999877929688,15995600,EFA,Factor,2026-09-24
2017-07-13,50.362205505371094,65.86000061035156,65.75,65.91000366210938,65.66000366210938,22520700,EFA,Factor,2026-09-24
2017-07-14,50.71397018432617,66.31999969482422,66.05000305175781,66.33000183105469,66.0,14145100,EFA,Factor,2026-09-24
2017-07-17,50.614566802978516,66.19000244140625,66.19000244140625,66.27999877929688,66.12000274658203,10326100,EFA,Factor,2026-09-24
2017-07-18,50.660438537597656,66.25,66.12999725341797,66.25,66.08000183105469,11718200,EFA,Factor,2026-09-24
2017-07-19,50.8822021484375,66.54000091552734,66.36000061035156,66.54000091552734,66.3499984741211,12542300,EFA,Factor,2026-09-24
2017-07-20,51.088653564453125,66.80999755859375,66.70999908447266,66.8499984741211,66.5999984741211,13792700,EFA,Factor,2026-09-24
2017-07-21,50.88984680175781,66.55000305175781,66.45999908447266,66.55000305175781,66.23999786376953,18391200,EFA,Factor,2026-09-24
2017-07-24,50.752193450927734,66.37000274658203,66.25,66.38999938964844,66.08000183105469,17486100,EFA,Factor,2026-09-24
2017-07-25,50.82101821899414,66.45999908447266,66.70999908447266,66.73999786376953,66.44000244140625,12297600,EFA,Factor,2026-09-24
2017-07-26,51.134544372558594,66.87000274658203,66.6500015258789,66.9800033569336,66.54000091552734,19186700,EFA,Factor,2026-09-24
2017-07-27,51.019840240478516,66.72000122070312,67.0,67.04000091552734,66.5,13754400,EFA,Factor,2026-09-24
2017-07-28,51.073368072509766,66.79000091552734,66.55000305175781,66.80000305175781,66.4800033569336,15080800,EFA,Factor,2026-09-24
2017-07-31,51.18042755126953,66.93000030517578,66.87999725341797,67.01000213623047,66.7300033569336,20998800,EFA,Factor,2026-09-24
2017-08-01,51.46335983276367,67.30000305175781,67.44000244140625,67.54000091552734,67.30000305175781,16206800,EFA,Factor,2026-09-24
2017-08-02,51.48629379272461,67.33000183105469,67.33999633789062,67.41999816894531,67.16000366210938,8948300,EFA,Factor,2026-09-24
2017-08-03,51.51688766479492,67.37000274658203,67.30999755859375,67.48999786376953,67.26000213623047,11245900,EFA,Factor,2026-09-24
2017-08-04,51.5857048034668,67.45999908447266,67.44000244140625,67.51000213623047,67.19999694824219,14178000,EFA,Factor,2026-09-24
2017-08-07,51.60865020751953,67.48999786376953,67.31999969482422,67.5,67.31999969482422,11865600,EFA,Factor,2026-09-24
2017-08-08,51.333351135253906,67.12999725341797,67.37000274658203,67.45999908447266,67.08999633789062,13510100,EFA,Factor,2026-09-24
2017-08-09,51.24924087524414,67.0199966430664,66.7300033569336,67.05000305175781,66.69000244140625,15080100,EFA,Factor,2026-09-24
2017-08-10,50.52279281616211,66.06999969482422,66.62000274658203,66.62000274658203,66.01000213623047,28825100,EFA,Factor,2026-09-24
2017-08-11,50.431034088134766,65.94999694824219,66.02999877929688,66.12999725341797,65.86000061035156,27456400,EFA,Factor,2026-09-24
2017-08-14,50.79808044433594,66.43000030517578,66.43000030517578,66.5999984741211,66.4000015258789,13311500,EFA,Factor,2026-09-24
2017-08-15,50.75984573364258,66.37999725341797,66.3499984741211,66.41999816894531,66.13999938964844,13212200,EFA,Factor,2026-09-24
2017-08-16,51.0504264831543,66.76000213623047,66.5999984741211,66.83999633789062,66.58000183105469,14030700,EFA,Factor,2026-09-24
2017-08-17,50.47691345214844,66.01000213623047,66.5199966430664,66.62999725341797,66.01000213623047,18647700,EFA,Factor,2026-09-24
2017-08-18,50.614566802978516,66.19000244140625,66.12000274658203,66.33000183105469,65.98999786376953,16347200,EFA,Factor,2026-09-24
2017-08-21,50.599266052246094,66.16999816894531,66.16000366210938,66.2699966430664,66.0,11760800,EFA,Factor,2026-09-24
2017-08-22,50.84395217895508,66.48999786376953,66.30999755859375,66.5199966430664,66.29000091552734,11528800,EFA,Factor,2026-09-24
2017-08-23,50.85160827636719,66.5,66.30000305175781,66.51000213623047,66.29000091552734,13007000,EFA,Factor,2026-09-24
2017-08-24,50.73690414428711,66.3499984741211,66.5199966430664,66.58999633789062,66.33999633789062,13150600,EFA,Factor,2026-09-24
2017-08-25,51.04278564453125,66.75,66.58999633789062,66.91000366210938,66.56999969482422,14942000,EFA,Factor,2026-09-24
2017-08-28,51.04278564453125,66.75,66.81999969482422,66.8499984741211,66.70999908447266,13422100,EFA,Factor,2026-09-24
2017-08-29,50.83631134033203,66.4800033569336,66.37999725341797,66.6500015258789,66.36000061035156,11536900,EFA,Factor,2026-09-24
2017-08-30,50.76749801635742,66.38999938964844,66.37000274658203,66.44999694824219,66.27999877929688,10510300,EFA,Factor,2026-09-24
2017-08-31,51.15748977661133,66.9000015258789,66.6500015258789,66.94999694824219,66.62000274658203,20277900,EFA,Factor,2026-09-24
2017-09-01,51.22629928588867,66.98999786376953,67.1500015258789,67.16999816894531,66.94999694824219,15541800,EFA,Factor,2026-09-24
2017-09-05,50.8822021484375,66.54000091552734,66.98999786376953,66.98999786376953,66.33000183105469,18682300,EFA,Factor,2026-09-24
2017-09-06,51.195709228515625,66.94999694824219,66.9000015258789,67.0999984741211,66.81999969482422,21335800,EFA,Factor,2026-09-24
2017-09-07,51.616302490234375,67.5,67.5,67.52999877929688,67.33000183105469,14599300,EFA,Factor,2026-09-24
2017-09-08,51.623939514160156,67.51000213623047,67.66000366210938,67.69000244140625,67.51000213623047,16168800,EFA,Factor,2026-09-24
2017-09-11,52.02922821044922,68.04000091552734,67.95999908447266,68.16000366210938,67.94999694824219,19127300,EFA,Factor,2026-09-24
2017-09-12,52.18981170654297,68.25,68.04000091552734,68.29000091552734,68.04000091552734,11803000,EFA,Factor,2026-09-24
2017-09-13,51.90687561035156,67.87999725341797,68.11000061035156,68.1500015258789,67.81999969482422,14672800,EFA,Factor,2026-09-24
2017-09-14,51.998634338378906,68.0,67.76000213623047,68.01000213623047,67.73999786376953,14862300,EFA,Factor,2026-09-24
2017-09-15,52.04452133178711,68.05999755859375,68.05999755859375,68.0999984741211,67.94000244140625,16315500,EFA,Factor,2026-09-24
2017-09-18,52.11334228515625,68.1500015258789,68.2300033569336,68.33999633789062,68.02999877929688,13594900,EFA,Factor,2026-09-24
2017-09-19,52.35803985595703,68.47000122070312,68.43000030517578,68.48999786376953,68.30000305175781,8877200,EFA,Factor,2026-09-24
2017-09-20,52.24333953857422,68.31999969482422,68.48999786376953,68.70999908447266,68.0,15309700,EFA,Factor,2026-09-24
2017-09-21,52.13628005981445,68.18000030517578,68.16000366210938,68.27999877929688,68.08999633789062,10250100,EFA,Factor,2026-09-24
2017-09-22,52.29686737060547,68.38999938964844,68.37999725341797,68.5,68.31999969482422,8442800,EFA,Factor,2026-09-24
2017-09-25,51.998634338378906,68.0,68.11000061035156,68.2699966430664,67.87000274658203,13473900,EFA,Factor,2026-09-24
2017-09-26,51.883934020996094,67.8499984741211,67.88999938964844,67.94000244140625,67.63999938964844,20026600,EFA,Factor,2026-09-24
2017-09-27,51.92216873168945,67.9000015258789,67.76000213623047,68.0,67.72000122070312,17751800,EFA,Factor,2026-09-24
2017-09-28,52.05980682373047,68.08000183105469,67.9000015258789,68.18000030517578,67.9000015258789,11704000,EFA,Factor,2026-09-24
2017-09-29,52.365692138671875,68.4800033569336,68.08000183105469,68.55000305175781,68.08000183105469,24981400,EFA,Factor,2026-09-24
2017-10-02,52.31980514526367,68.41999816894531,68.2699966430664,68.48999786376953,68.23999786376953,16475600,EFA,Factor,2026-09-24
2017-10-03,52.49568557739258,68.6500015258789,68.45999908447266,68.66000366210938,68.43000030517578,12073300,EFA,Factor,2026-09-24
2017-10-04,52.39627456665039,68.5199966430664,68.47000122070312,68.58999633789062,68.45999908447266,12518600,EFA,Factor,2026-09-24
2017-10-05,52.365692138671875,68.4800033569336,68.38999938964844,68.51000213623047,68.3499984741211,11871200,EFA,Factor,2026-09-24
2017-10-06,52.327449798583984,68.43000030517578,68.16999816894531,68.44000244140625,68.13999938964844,16923300,EFA,Factor,2026-09-24
2017-10-09,52.34273910522461,68.44999694824219,68.5199966430664,68.54000091552734,68.38999938964844,5155600,EFA,Factor,2026-09-24
2017-10-10,52.839786529541016,69.0999984741211,68.8499984741211,69.11000061035156,68.79000091552734,16626700,EFA,Factor,2026-09-24
2017-10-11,52.96979522705078,69.2699966430664,69.06999969482422,69.29000091552734,69.05999755859375,16732400,EFA,Factor,2026-09-24
2017-10-12,52.92390060424805,69.20999908447266,69.1500015258789,69.33000183105469,69.08999633789062,10774000,EFA,Factor,2026-09-24
2017-10-13,53.19919204711914,69.56999969482422,69.5999984741211,69.66000366210938,69.51000213623047,12928900,EFA,Factor,2026-09-24
2017-10-16,53.16096496582031,69.5199966430664,69.56999969482422,69.62000274658203,69.47000122070312,8800600,EFA,Factor,2026-09-24
2017-10-17,53.02330780029297,69.33999633789062,69.3499984741211,69.38999938964844,69.20999908447266,8286800,EFA,Factor,2026-09-24
2017-10-18,53.17625427246094,69.54000091552734,69.44999694824219,69.56999969482422,69.36000061035156,11793200,EFA,Factor,2026-09-24
2017-10-19,53.09213638305664,69.43000030517578,69.2300033569336,69.43000030517578,69.19000244140625,10368300,EFA,Factor,2026-09-24
2017-10-20,53.02330780029297,69.33999633789062,69.37999725341797,69.37999725341797,69.2300033569336,12636300,EFA,Factor,2026-09-24
2017-10-23,52.90862274169922,69.19000244140625,69.37000274658203,69.4000015258789,69.13999938964844,8422200,EFA,Factor,2026-09-24
2017-10-24,52.99272537231445,69.30000305175781,69.27999877929688,69.44000244140625,69.19999694824219,10586500,EFA,Factor,2026-09-24
2017-10-25,52.7862663269043,69.02999877929688,69.2699966430664,69.30999755859375,68.7699966430664,11495500,EFA,Factor,2026-09-24
2017-10-26,52.77860641479492,69.0199966430664,69.20999908447266,69.26000213623047,69.01000213623047,12355500,EFA,Factor,2026-09-24
2017-10-27,52.90096664428711,69.18000030517578,68.9800033569336,69.19999694824219,68.88999938964844,18853800,EFA,Factor,2026-09-24
2017-10-30,53.02330780029297,69.33999633789062,69.22000122070312,69.36000061035156,69.19999694824219,14308400,EFA,Factor,2026-09-24
2017-10-31,53.245079040527344,69.62999725341797,69.4800033569336,69.66999816894531,69.4000015258789,24418400,EFA,Factor,2026-09-24
2017-11-01,53.29860305786133,69.69999694824219,69.93000030517578,70.0,69.66999816894531,23674500,EFA,Factor,2026-09-24
2017-11-02,53.459190368652344,69.91000366210938,69.6500015258789,69.91000366210938,69.62999725341797,20430900,EFA,Factor,2026-09-24
2017-11-03,53.37508010864258,69.80000305175781,69.80000305175781,69.80000305175781,69.55999755859375,14078700,EFA,Factor,2026-09-24
2017-11-06,53.451541900634766,69.9000015258789,69.61000061035156,69.91999816894531,69.5999984741211,11959000,EFA,Factor,2026-09-24
2017-11-07,53.25271987915039,69.63999938964844,69.7699966430664,69.86000061035156,69.45999908447266,13024200,EFA,Factor,2026-09-24
2017-11-08,53.4286003112793,69.87000274658203,69.75,69.9800033569336,69.70999908447266,15924200,EFA,Factor,2026-09-24
2017-11-09,53.12273025512695,69.47000122070312,69.29000091552734,69.5,69.04000091552734,22577000,EFA,Factor,2026-09-24
2017-11-10,52.977447509765625,69.27999877929688,69.23999786376953,69.36000061035156,69.12999725341797,11070800,EFA,Factor,2026-09-24
2017-11-13,52.75567626953125,68.98999786376953,68.58999633789062,69.0199966430664,68.58000183105469,13605200,EFA,Factor,2026-09-24
2017-11-14,52.71744918823242,68.94000244140625,68.86000061035156,68.98999786376953,68.69999694824219,13850100,EFA,Factor,2026-09-24
2017-11-15,52.46509552001953,68.61000061035156,68.37000274658203,68.68000030517578,68.27999877929688,18547300,EFA,Factor,2026-09-24
2017-11-16,52.88568115234375,69.16000366210938,69.05000305175781,69.23999786376953,68.97000122070312,17372500,EFA,Factor,2026-09-24
2017-11-17,52.69450378417969,68.91000366210938,68.97000122070312,69.02999877929688,68.83999633789062,24773400,EFA,Factor,2026-09-24
2017-11-20,52.809200286865234,69.05999755859375,69.12999725341797,69.2699966430664,69.05999755859375,20689600,EFA,Factor,2026-09-24
2017-11-21,53.20684051513672,69.58000183105469,69.52999877929688,69.66999816894531,69.48999786376953,17104800,EFA,Factor,2026-09-24
2017-11-22,53.35212707519531,69.7699966430664,69.87000274658203,69.91999816894531,69.55000305175781,17943200,EFA,Factor,2026-09-24
2017-11-24,53.788002014160156,70.33999633789062,70.3499984741211,70.38999938964844,70.25,11732300,EFA,Factor,2026-09-24
2017-11-27,53.46683120727539,69.91999816894531,70.19999694824219,70.26000213623047,69.91999816894531,17066500,EFA,Factor,2026-09-24
2017-11-28,53.77272033691406,70.31999969482422,70.13999938964844,70.33999633789062,70.01000213623047,19389400,EFA,Factor,2026-09-24
2017-11-29,53.5586051940918,70.04000091552734,70.37000274658203,70.43000030517578,69.94000244140625,19328300,EFA,Factor,2026-09-24
2017-11-30,53.612125396728516,70.11000061035156,70.33000183105469,70.41000366210938,70.05000305175781,24443400,EFA,Factor,2026-09-24
2017-12-01,53.39802169799805,69.83000183105469,69.76000213623047,70.01000213623047,69.4800033569336,33370400,EFA,Factor,2026-09-24
2017-12-04,53.20684051513672,69.58000183105469,69.6500015258789,69.98999786376953,69.56999969482422,19355500,EFA,Factor,2026-09-24
2017-12-05,53.09213638305664,69.43000030517578,69.47000122070312,69.73999786376953,69.41999816894531,15853700,EFA,Factor,2026-09-24
2017-12-06,52.98508834838867,69.29000091552734,69.33000183105469,69.43000030517578,69.18000030517578,12481600,EFA,Factor,2026-09-24
2017-12-07,53.12273025512695,69.47000122070312,69.54000091552734,69.63999938964844,69.2699966430664,16966100,EFA,Factor,2026-09-24
2017-12-08,53.40565872192383,69.83999633789062,69.79000091552734,69.87999725341797,69.62999725341797,19106800,EFA,Factor,2026-09-24
2017-12-11,53.543296813964844,70.0199966430664,69.9800033569336,70.04000091552734,69.87999725341797,20038600,EFA,Factor,2026-09-24
2017-12-12,53.612125396728516,70.11000061035156,70.11000061035156,70.16999816894531,69.91000366210938,16514700,EFA,Factor,2026-09-24
2017-12-13,53.81858825683594,70.37999725341797,70.22000122070312,70.51000213623047,70.16999816894531,25920500,EFA,Factor,2026-09-24
2017-12-14,53.52036666870117,69.98999786376953,70.33000183105469,70.36000061035156,69.94999694824219,27424600,EFA,Factor,2026-09-24
2017-12-15,53.505062103271484,69.97000122070312,69.91999816894531,70.06999969482422,69.76000213623047,32906900,EFA,Factor,2026-09-24
2017-12-18,54.1397590637207,70.80000305175781,70.72000122070312,70.95999908447266,70.69999694824219,38998500,EFA,Factor,2026-09-24
2017-12-19,53.941165924072266,69.80000305175781,69.94999694824219,69.9800033569336,69.69000244140625,37373700,EFA,Factor,2026-09-24
2017-12-20,53.84839630126953,69.68000030517578,69.87000274658203,69.91000366210938,69.62999725341797,18729500,EFA,Factor,2026-09-24
2017-12-21,54.04161834716797,69.93000030517578,69.7699966430664,70.11000061035156,69.75,22930000,EFA,Factor,2026-09-24
2017-12-22,54.18071365356445,70.11000061035156,69.9000015258789,70.12000274658203,69.86000061035156,18767000,EFA,Factor,2026-09-24
2017-12-26,54.16525650024414,70.08999633789062,69.9800033569336,70.16999816894531,69.91999816894531,15995000,EFA,Factor,2026-09-24
2017-12-27,54.26573181152344,70.22000122070312,70.19000244140625,70.33000183105469,70.0999984741211,19835400,EFA,Factor,2026-09-24
2017-12-28,54.2966423034668,70.26000213623047,70.4000015258789,70.45999908447266,70.22000122070312,20811200,EFA,Factor,2026-09-24
2017-12-29,54.33527755737305,70.30999755859375,70.56999969482422,70.58000183105469,70.26000213623047,16214700,EFA,Factor,2026-09-24
2018-01-02,54.73713302612305,70.83000183105469,70.52999877929688,70.8499984741211,70.41999816894531,26530000,EFA,Factor,2026-09-24
2018-01-03,54.999881744384766,71.16999816894531,70.88999938964844,71.26000213623047,70.8499984741211,33384900,EFA,Factor,2026-09-24
2018-01-04,55.60266876220703,71.94999694824219,71.86000061035156,72.05999755859375,71.80999755859375,23974400,EFA,Factor,2026-09-24
2018-01-05,55.911773681640625,72.3499984741211,72.1500015258789,72.4000015258789,72.06999969482422,17483800,EFA,Factor,2026-09-24
2018-01-08,55.896339416503906,72.33000183105469,72.26000213623047,72.3499984741211,72.18000030517578,21733700,EFA,Factor,2026-09-24
2018-01-09,55.95815658569336,72.41000366210938,72.33999633789062,72.44000244140625,72.12000274658203,19138900,EFA,Factor,2026-09-24
2018-01-10,55.84995651245117,72.2699966430664,72.41999816894531,72.44999694824219,72.22000122070312,18118900,EFA,Factor,2026-09-24
2018-01-11,56.236358642578125,72.7699966430664,72.47000122070312,72.77999877929688,72.41000366210938,17314400,EFA,Factor,2026-09-24
2018-01-12,56.80049514770508,73.5,73.02999877929688,73.51000213623047,72.95999908447266,22694300,EFA,Factor,2026-09-24
2018-01-16,56.74641036987305,73.43000030517578,73.70999908447266,73.83999633789062,73.33999633789062,24617800,EFA,Factor,2026-09-24
2018-01-17,57.0400505065918,73.80999755859375,73.62999725341797,74.08000183105469,73.47000122070312,21424400,EFA,Factor,2026-09-24
2018-01-18,56.97050857543945,73.72000122070312,73.61000061035156,73.80000305175781,73.48999786376953,19094600,EFA,Factor,2026-09-24
2018-01-19,57.2873420715332,74.12999725341797,74.08999633789062,74.13999938964844,73.86000061035156,19622600,EFA,Factor,2026-09-24
2018-01-22,57.581016540527344,74.51000213623047,74.19000244140625,74.54000091552734,74.1500015258789,14992500,EFA,Factor,2026-09-24
2018-01-23,57.7664909362793,74.75,74.5999984741211,74.80000305175781,74.51000213623047,15575400,EFA,Factor,2026-09-24
2018-01-24,57.86695098876953,74.87999725341797,75.16000366210938,75.2300033569336,74.62999725341797,24383800,EFA,Factor,2026-09-24
2018-01-25,57.64283752441406,74.58999633789062,75.18000030517578,75.20999908447266,74.44000244140625,23272500,EFA,Factor,2026-09-24
2018-01-26,58.15287399291992,75.25,74.9800033569336,75.2699966430664,74.93000030517578,19192600,EFA,Factor,2026-09-24
2018-01-29,57.619659423828125,74.55999755859375,74.6500015258789,74.72000122070312,74.41999816894531,26906700,EFA,Factor,2026-09-24
2018-01-30,57.14052963256836,73.94000244140625,74.31999969482422,74.37000274658203,73.8499984741211,113986300,EFA,Factor,2026-09-24
2018-01-31,57.0632438659668,73.83999633789062,74.19000244140625,74.2300033569336,73.70999908447266,38465500,EFA,Factor,2026-09-24
2018-02-01,57.22554016113281,74.05000305175781,73.72000122070312,74.19000244140625,73.68000030517578,30876200,EFA,Factor,2026-09-24
2018-02-02,56.066341400146484,72.55000305175781,73.33000183105469,73.33000183105469,72.47000122070312,36590600,EFA,Factor,2026-09-24
2018-02-05,53.71703338623047,69.51000213623047,71.63999938964844,71.97000122070312,69.30999755859375,78968000,EFA,Factor,2026-09-24
2018-02-06,54.77576446533203,70.87999725341797,69.41999816894531,71.06999969482422,69.26000213623047,84302300,EFA,Factor,2026-09-24
2018-02-07,54.19617462158203,70.12999725341797,70.25,70.86000061035156,69.98999786376953,44411300,EFA,Factor,2026-09-24
2018-02-08,52.78195571899414,68.30000305175781,70.16999816894531,70.19999694824219,68.27999877929688,59223600,EFA,Factor,2026-09-24
2018-02-09,53.006065368652344,68.58999633789062,68.75,68.95999908447266,66.88999938964844,67466800,EFA,Factor,2026-09-24
2018-02-12,53.8175048828125,69.63999938964844,69.0999984741211,69.77999877929688,68.87999725341797,37528600,EFA,Factor,2026-09-24
2018-02-13,53.655208587646484,69.43000030517578,69.08999633789062,69.5,69.06999969482422,20574300,EFA,Factor,2026-09-24
2018-02-14,54.60575866699219,70.66000366210938,69.01000213623047,70.69999694824219,68.9800033569336,31475400,EFA,Factor,2026-09-24
2018-02-15,54.9457893371582,71.0999984741211,71.05999755859375,71.20999908447266,70.51000213623047,31600600,EFA,Factor,2026-09-24
2018-02-16,55.19308090209961,71.41999816894531,71.20999908447266,71.72000122070312,71.18000030517578,23606400,EFA,Factor,2026-09-24
2018-02-20,54.67530822753906,70.75,70.87999725341797,71.19999694824219,70.58000183105469,25286900,EFA,Factor,2026-09-24
2018-02-21,54.412559509277344,70.41000366210938,70.94999694824219,71.4000015258789,70.37999725341797,30247700,EFA,Factor,2026-09-24
2018-02-22,54.698490142822266,70.77999877929688,70.70999908447266,71.0999984741211,70.54000091552734,20537000,EFA,Factor,2026-09-24
2018-02-23,55.131256103515625,71.33999633789062,71.04000091552734,71.43000030517578,70.9000015258789,30298500,EFA,Factor,2026-09-24
2018-02-26,55.64904022216797,72.01000213623047,71.63999938964844,72.02999877929688,71.38999938964844,21007200,EFA,Factor,2026-09-24
2018-02-27,54.822139739990234,70.94000244140625,71.55999755859375,71.63999938964844,70.9000015258789,22449300,EFA,Factor,2026-09-24
2018-02-28,54.30436325073242,70.2699966430664,71.04000091552734,71.08000183105469,70.16999816894531,31642500,EFA,Factor,2026-09-24
2018-03-01,53.39246368408203,69.08999633789062,69.69999694824219,70.04000091552734,68.75,51282100,EFA,Factor,2026-09-24
2018-03-02,53.64748764038086,69.41999816894531,68.8499984741211,69.44000244140625,68.56999969482422,35512000,EFA,Factor,2026-09-24
2018-03-05,53.93342208862305,69.79000091552734,68.91000366210938,69.83999633789062,68.88999938964844,18968500,EFA,Factor,2026-09-24
2018-03-06,54.25025939941406,70.19999694824219,70.3499984741211,70.38999938964844,70.01000213623047,20996900,EFA,Factor,2026-09-24
2018-03-07,54.23481750488281,70.18000030517578,69.86000061035156,70.22000122070312,69.66000366210938,14492500,EFA,Factor,2026-09-24
2018-03-08,54.350738525390625,70.33000183105469,70.37999725341797,70.48999786376953,70.0999984741211,14883300,EFA,Factor,2026-09-24
2018-03-09,54.698490142822266,70.77999877929688,70.43000030517578,70.79000091552734,70.31999969482422,17319800,EFA,Factor,2026-09-24
2018-03-12,54.760311126708984,70.86000061035156,70.86000061035156,71.01000213623047,70.70999908447266,12801300,EFA,Factor,2026-09-24
2018-03-13,54.397090911865234,70.38999938964844,71.0999984741211,71.1500015258789,70.26000213623047,19138100,EFA,Factor,2026-09-24
2018-03-14,54.52846908569336,70.55999755859375,70.93000030517578,70.9800033569336,70.30999755859375,13670800,EFA,Factor,2026-09-24
2018-03-15,54.49755859375,70.5199966430664,70.55999755859375,70.8499984741211,70.4000015258789,21712300,EFA,Factor,2026-09-24
2018-03-16,54.458927154541016,70.47000122070312,70.38999938964844,70.66000366210938,70.36000061035156,16119900,EFA,Factor,2026-09-24
2018-03-19,54.01842498779297,69.9000015258789,70.20999908447266,70.22000122070312,69.52999877929688,24159700,EFA,Factor,2026-09-24
2018-03-20,54.01069641113281,69.88999938964844,69.81999969482422,70.04000091552734,69.72000122070312,20578800,EFA,Factor,2026-09-24
2018-03-21,54.09571075439453,70.0,69.77999877929688,70.27999877929688,69.70999908447266,17479200,EFA,Factor,2026-09-24
2018-03-22,53.091064453125,68.69999694824219,69.29000091552734,69.44000244140625,68.68000030517578,42084300,EFA,Factor,2026-09-24
2018-03-23,52.503746032714844,67.94000244140625,68.81999969482422,68.91999816894531,67.91000366210938,44983200,EFA,Factor,2026-09-24
2018-03-26,53.446571350097656,69.16000366210938,68.9800033569336,69.20999908447266,68.29000091552734,31279000,EFA,Factor,2026-09-24
2018-03-27,53.05244445800781,68.6500015258789,69.5,69.56999969482422,68.38999938964844,36493900,EFA,Factor,2026-09-24
2018-03-28,53.36155700683594,69.05000305175781,69.08000183105469,69.55999755859375,68.77999877929688,35737600,EFA,Factor,2026-09-24
2018-03-29,53.84839630126953,69.68000030517578,69.55000305175781,69.9800033569336,69.37000274658203,34745000,EFA,Factor,2026-09-24
2018-04-02,53.106544494628906,68.72000122070312,69.41000366210938,69.58000183105469,68.25,52362500,EFA,Factor,2026-09-24
2018-04-03,53.446571350097656,69.16000366210938,69.08999633789062,69.26000213623047,68.73999786376953,30413600,EFA,Factor,2026-09-24
2018-04-04,53.63202667236328,69.4000015258789,68.3499984741211,69.43000030517578,68.31999969482422,26041500,EFA,Factor,2026-09-24
2018-04-05,53.987518310546875,69.86000061035156,69.7300033569336,70.05000305175781,69.69000244140625,22625800,EFA,Factor,2026-09-24
2018-04-06,53.63202667236328,69.4000015258789,69.80999755859375,70.05999755859375,69.16999816894531,24999600,EFA,Factor,2026-09-24
2018-04-09,54.07252502441406,69.97000122070312,70.06999969482422,70.44000244140625,69.86000061035156,18498700,EFA,Factor,2026-09-24
2018-04-10,54.65211868286133,70.72000122070312,70.66999816894531,70.88999938964844,70.5199966430664,19233800,EFA,Factor,2026-09-24
2018-04-11,54.443450927734375,70.44999694824219,70.56999969482422,70.86000061035156,70.4000015258789,21099100,EFA,Factor,2026-09-24
2018-04-12,54.65211868286133,70.72000122070312,70.54000091552734,70.81999969482422,70.5,18012500,EFA,Factor,2026-09-24
2018-04-13,54.70621871948242,70.79000091552734,70.95999908447266,70.97000122070312,70.55000305175781,14515400,EFA,Factor,2026-09-24
2018-04-16,54.791229248046875,70.9000015258789,70.97000122070312,71.0,70.73999786376953,15678300,EFA,Factor,2026-09-24
2018-04-17,55.038516998291016,71.22000122070312,71.02999877929688,71.36000061035156,70.95999908447266,17545600,EFA,Factor,2026-09-24
2018-04-18,55.32444763183594,71.58999633789062,71.5199966430664,71.69000244140625,71.44999694824219,17035100,EFA,Factor,2026-09-24
2018-04-19,55.11580276489258,71.31999969482422,71.51000213623047,71.61000061035156,71.11000061035156,20004000,EFA,Factor,2026-09-24
2018-04-20,54.907142639160156,71.05000305175781,71.08999633789062,71.1500015258789,70.91000366210938,27586500,EFA,Factor,2026-09-24
2018-04-23,54.83758544921875,70.95999908447266,70.98999786376953,71.06999969482422,70.7699966430664,17696000,EFA,Factor,2026-09-24
2018-04-24,54.61347579956055,70.66999816894531,71.08999633789062,71.18000030517578,70.45999908447266,22013400,EFA,Factor,2026-09-24
2018-04-25,54.520748138427734,70.55000305175781,70.41000366210938,70.63999938964844,70.19000244140625,18280700,EFA,Factor,2026-09-24
2018-04-26,54.791229248046875,70.9000015258789,70.9000015258789,71.01000213623047,70.72000122070312,23697700,EFA,Factor,2026-09-24
2018-04-27,54.84532165527344,70.97000122070312,70.87999725341797,71.05000305175781,70.69000244140625,15395400,EFA,Factor,2026-09-24
2018-04-30,54.667579650878906,70.73999786376953,70.88999938964844,71.13999938964844,70.69000244140625,21883700,EFA,Factor,2026-09-24
2018-05-01,54.47437286376953,70.48999786376953,70.66000366210938,70.72000122070312,70.16999816894531,17308000,EFA,Factor,2026-09-24
2018-05-02,54.45119094848633,70.45999908447266,70.8499984741211,70.94000244140625,70.41000366210938,16409400,EFA,Factor,2026-09-24
2018-05-03,54.6212158203125,70.68000030517578,70.58000183105469,70.7699966430664,70.05000305175781,19854600,EFA,Factor,2026-09-24
2018-05-04,54.81441116333008,70.93000030517578,70.16999816894531,71.0,70.12999725341797,17022600,EFA,Factor,2026-09-24
2018-05-07,54.822139739990234,70.94000244140625,70.87999725341797,71.12000274658203,70.80999755859375,8172600,EFA,Factor,2026-09-24
2018-05-08,54.82987594604492,70.94999694824219,70.69000244140625,70.94999694824219,70.55999755859375,12400300,EFA,Factor,2026-09-24
2018-05-09,54.96124267578125,71.12000274658203,70.8499984741211,71.19999694824219,70.79000091552734,15414000,EFA,Factor,2026-09-24
2018-05-10,55.31672668457031,71.58000183105469,71.33999633789062,71.58000183105469,71.20999908447266,18107500,EFA,Factor,2026-09-24
2018-05-11,55.46355438232422,71.7699966430664,71.80000305175781,71.91000366210938,71.68000030517578,19083700,EFA,Factor,2026-09-24
2018-05-14,55.56401824951172,71.9000015258789,72.02999877929688,72.0999984741211,71.81999969482422,17790300,EFA,Factor,2026-09-24
2018-05-15,55.16218185424805,71.37999725341797,71.27999877929688,71.5199966430664,71.0999984741211,18330100,EFA,Factor,2026-09-24
2018-05-16,55.23945236206055,71.4800033569336,71.30999755859375,71.52999877929688,71.2300033569336,13758300,EFA,Factor,2026-09-24
2018-05-17,55.32444763183594,71.58999633789062,71.51000213623047,71.70999908447266,71.38999938964844,16191300,EFA,Factor,2026-09-24
2018-05-18,55.12352752685547,71.33000183105469,71.37999725341797,71.44999694824219,71.2300033569336,21815600,EFA,Factor,2026-09-24
2018-05-21,55.47127914428711,71.77999877929688,71.69000244140625,71.77999877929688,71.5999984741211,13441700,EFA,Factor,2026-09-24
2018-05-22,55.401729583740234,71.69000244140625,71.87999725341797,71.94000244140625,71.61000061035156,12897900,EFA,Factor,2026-09-24
2018-05-23,54.791229248046875,70.9000015258789,70.77999877929688,70.91999816894531,70.55999755859375,23332600,EFA,Factor,2026-09-24
2018-05-24,54.6212158203125,70.68000030517578,70.77999877929688,70.80999755859375,70.20999908447266,21542400,EFA,Factor,2026-09-24
2018-05-25,54.26573181152344,70.22000122070312,70.16999816894531,70.31999969482422,70.02999877929688,17225600,EFA,Factor,2026-09-24
2018-05-29,53.160621643066406,68.79000091552734,69.13999938964844,69.37999725341797,68.52999877929688,57008900,EFA,Factor,2026-09-24
2018-05-30,53.9720573425293,69.83999633789062,69.37999725341797,69.88999938964844,69.19000244140625,25531900,EFA,Factor,2026-09-24
2018-05-31,53.63202667236328,69.4000015258789,69.62999725341797,69.69999694824219,69.11000061035156,47992800,EFA,Factor,2026-09-24
2018-06-01,54.09571075439453,70.0,69.91999816894531,70.0199966430664,69.63999938964844,39232600,EFA,Factor,2026-09-24
2018-06-04,54.257999420166016,70.20999908447266,70.45999908447266,70.54000091552734,70.18000030517578,18561900,EFA,Factor,2026-09-24
2018-06-05,54.1729850769043,70.0999984741211,70.22000122070312,70.25,69.91999816894531,16641000,EFA,Factor,2026-09-24
2018-06-06,54.659854888916016,70.7300033569336,70.3499984741211,70.7300033569336,70.18000030517578,25445400,EFA,Factor,2026-09-24
2018-06-07,54.350738525390625,70.33000183105469,70.79000091552734,70.81999969482422,70.19999694824219,25977000,EFA,Factor,2026-09-24
2018-06-08,54.412559509277344,70.41000366210938,70.2699966430664,70.5,70.08999633789062,23206300,EFA,Factor,2026-09-24
2018-06-11,54.760311126708984,70.86000061035156,70.66999816894531,71.02999877929688,70.61000061035156,26145100,EFA,Factor,2026-09-24
2018-06-12,54.412559509277344,70.41000366210938,70.72000122070312,70.76000213623047,70.3499984741211,22706300,EFA,Factor,2026-09-24
2018-06-13,54.48984909057617,70.51000213623047,70.63999938964844,70.70999908447266,70.22000122070312,20486700,EFA,Factor,2026-09-24
2018-06-14,54.37390899658203,70.36000061035156,70.51000213623047,70.72000122070312,70.31999969482422,24099000,EFA,Factor,2026-09-24
2018-06-15,54.09571075439453,70.0,70.02999877929688,70.04000091552734,69.7300033569336,31433500,EFA,Factor,2026-09-24
2018-06-18,53.70930480957031,69.5,69.2300033569336,69.5199966430664,69.13999938964844,30778500,EFA,Factor,2026-09-24
2018-06-19,53.21592712402344,67.5199966430664,67.16000366210938,67.56999969482422,67.05999755859375,30397600,EFA,Factor,2026-09-24
2018-06-20,53.25532913208008,67.56999969482422,67.77999877929688,67.83000183105469,67.4000015258789,38687300,EFA,Factor,2026-09-24
2018-06-21,52.87702178955078,67.08999633789062,67.38999938964844,67.38999938964844,67.0199966430664,23793400,EFA,Factor,2026-09-24
2018-06-22,53.43661117553711,67.80000305175781,67.94999694824219,68.12999725341797,67.66000366210938,26146100,EFA,Factor,2026-09-24
2018-06-25,52.69573974609375,66.86000061035156,67.31999969482422,67.38999938964844,66.68000030517578,39388300,EFA,Factor,2026-09-24
2018-06-26,52.79032897949219,66.9800033569336,67.08000183105469,67.11000061035156,66.70999908447266,23117500,EFA,Factor,2026-09-24
2018-06-27,52.29378890991211,66.3499984741211,67.04000091552734,67.30000305175781,66.31999969482422,29616800,EFA,Factor,2026-09-24
2018-06-28,52.49082946777344,66.5999984741211,66.33000183105469,66.68000030517578,66.19000244140625,21384800,EFA,Factor,2026-09-24
2018-06-29,52.782447814941406,66.97000122070312,67.12000274658203,67.37000274658203,66.91000366210938,32031400,EFA,Factor,2026-09-24
2018-07-02,52.30167770385742,66.36000061035156,66.0199966430664,66.43000030517578,66.0,39167900,EFA,Factor,2026-09-24
2018-07-03,52.45930862426758,66.55999755859375,66.88999938964844,66.98999786376953,66.52999877929688,14919900,EFA,Factor,2026-09-24
2018-07-05,52.9794807434082,67.22000122070312,67.16999816894531,67.2699966430664,66.97000122070312,18593200,EFA,Factor,2026-09-24
2018-07-06,53.263221740722656,67.58000183105469,67.30999755859375,67.72000122070312,67.23999786376953,16641600,EFA,Factor,2026-09-24
2018-07-09,53.7755241394043,68.2300033569336,68.12000274658203,68.25,67.94999694824219,20682100,EFA,Factor,2026-09-24
2018-07-10,53.75187301635742,68.19999694824219,68.11000061035156,68.2699966430664,68.06999969482422,18981400,EFA,Factor,2026-09-24
2018-07-11,52.85337829589844,67.05999755859375,67.43000030517578,67.61000061035156,66.86000061035156,30172400,EFA,Factor,2026-09-24
2018-07-12,53.263221740722656,67.58000183105469,67.41999816894531,67.6500015258789,67.30000305175781,18810600,EFA,Factor,2026-09-24
2018-07-13,53.428733825683594,67.79000091552734,67.61000061035156,67.81999969482422,67.47000122070312,17206900,EFA,Factor,2026-09-24
2018-07-16,53.405094146728516,67.76000213623047,67.7699966430664,67.86000061035156,67.6500015258789,15422200,EFA,Factor,2026-09-24
2018-07-17,53.499664306640625,67.87999725341797,67.58000183105469,67.95999908447266,67.54000091552734,16965000,EFA,Factor,2026-09-24
2018-07-18,53.50753402709961,67.88999938964844,67.83000183105469,68.04000091552734,67.72000122070312,13712400,EFA,Factor,2026-09-24
2018-07-19,53.397193908691406,67.75,67.54000091552734,67.87999725341797,67.47000122070312,26316500,EFA,Factor,2026-09-24
2018-07-20,53.649410247802734,68.06999969482422,67.7699966430664,68.18000030517578,67.76000213623047,28610200,EFA,Factor,2026-09-24
2018-07-23,53.649410247802734,68.06999969482422,68.06999969482422,68.13999938964844,67.94000244140625,10192900,EFA,Factor,2026-09-24
2018-07-24,53.96467590332031,68.47000122070312,68.63999938964844,68.80000305175781,68.36000061035156,17645500,EFA,Factor,2026-09-24
2018-07-25,54.36663055419922,68.9800033569336,68.45999908447266,69.08999633789062,68.23999786376953,29698900,EFA,Factor,2026-09-24
2018-07-26,54.12229919433594,68.66999816894531,68.72000122070312,68.8499984741211,68.5999984741211,23009400,EFA,Factor,2026-09-24
2018-07-27,54.22475814819336,68.80000305175781,68.97000122070312,69.11000061035156,68.7300033569336,28911800,EFA,Factor,2026-09-24
2018-07-30,54.21688461303711,68.79000091552734,69.04000091552734,69.08999633789062,68.7699966430664,17630300,EFA,Factor,2026-09-24
2018-07-31,54.28780746459961,68.87999725341797,69.04000091552734,69.0999984741211,68.75,25087500,EFA,Factor,2026-09-24
2018-08-01,54.01195526123047,68.52999877929688,68.7699966430664,68.80000305175781,68.44000244140625,25402700,EFA,Factor,2026-09-24
2018-08-02,53.65729904174805,68.08000183105469,67.79000091552734,68.08000183105469,67.72000122070312,24343200,EFA,Factor,2026-09-24
2018-08-03,53.68882369995117,68.12000274658203,67.81999969482422,68.1500015258789,67.77999877929688,14176200,EFA,Factor,2026-09-24
2018-08-06,53.46025085449219,67.83000183105469,67.69999694824219,67.93000030517578,67.58000183105469,12077900,EFA,Factor,2026-09-24
2018-08-07,53.87797546386719,68.36000061035156,68.51000213623047,68.54000091552734,68.30000305175781,17495500,EFA,Factor,2026-09-24
2018-08-08,53.830692291259766,68.30000305175781,68.27999877929688,68.43000030517578,68.12999725341797,13812800,EFA,Factor,2026-09-24
2018-08-09,53.67304992675781,68.0999984741211,68.31999969482422,68.38999938964844,68.05999755859375,11964700,EFA,Factor,2026-09-24
2018-08-10,52.60116958618164,66.73999786376953,66.86000061035156,66.98999786376953,66.61000061035156,28624600,EFA,Factor,2026-09-24
2018-08-13,52.412017822265625,66.5,66.6500015258789,66.77999877929688,66.3499984741211,24817700,EFA,Factor,2026-09-24
2018-08-14,52.40413284301758,66.48999786376953,66.58999633789062,66.6500015258789,66.37000274658203,22596700,EFA,Factor,2026-09-24
2018-08-15,51.64750671386719,65.52999877929688,65.61000061035156,65.69000244140625,65.1500015258789,41602700,EFA,Factor,2026-09-24
2018-08-16,52.01005172729492,65.98999786376953,65.95999908447266,66.23999786376953,65.93000030517578,23297100,EFA,Factor,2026-09-24
2018-08-17,52.31743621826172,66.37999725341797,65.97000122070312,66.55000305175781,65.91000366210938,25722900,EFA,Factor,2026-09-24
2018-08-20,52.60116958618164,66.73999786376953,66.63999938964844,66.81999969482422,66.62000274658203,16229300,EFA,Factor,2026-09-24
2018-08-21,52.924312591552734,67.1500015258789,67.16999816894531,67.36000061035156,66.98999786376953,15670100,EFA,Factor,2026-09-24
2018-08-22,53.129241943359375,67.41000366210938,67.44999694824219,67.52999877929688,67.33000183105469,13217500,EFA,Factor,2026-09-24
2018-08-23,52.75092315673828,66.93000030517578,67.06999969482422,67.22000122070312,66.87000274658203,22030700,EFA,Factor,2026-09-24
2018-08-24,53.05830383300781,67.31999969482422,67.2300033569336,67.45999908447266,67.13999938964844,21816600,EFA,Factor,2026-09-24
2018-08-27,53.767635345458984,68.22000122070312,67.91000366210938,68.2699966430664,67.87000274658203,24820300,EFA,Factor,2026-09-24
2018-08-28,53.72034454345703,68.16000366210938,68.38999938964844,68.44999694824219,68.12000274658203,19866800,EFA,Factor,2026-09-24
2018-08-29,54.01195526123047,68.52999877929688,68.16000366210938,68.54000091552734,68.08000183105469,18107700,EFA,Factor,2026-09-24
2018-08-30,53.499664306640625,67.87999725341797,67.94999694824219,68.05000305175781,67.70999908447266,20743000,EFA,Factor,2026-09-24
2018-08-31,53.07405090332031,67.33999633789062,67.45999908447266,67.69000244140625,67.08000183105469,30945900,EFA,Factor,2026-09-24
2018-09-04,52.624813079833984,66.7699966430664,66.5,66.77999877929688,66.41999816894531,25303400,EFA,Factor,2026-09-24
2018-09-05,52.14404296875,66.16000366210938,66.33999633789062,66.41999816894531,65.95999908447266,26850800,EFA,Factor,2026-09-24
2018-09-06,51.98641586303711,65.95999908447266,66.05999755859375,66.22000122070312,65.6500015258789,25557900,EFA,Factor,2026-09-24
2018-09-07,51.568687438964844,65.43000030517578,65.33000183105469,65.62999725341797,65.23999786376953,22989400,EFA,Factor,2026-09-24
2018-09-10,51.88395690917969,65.83000183105469,65.94999694824219,65.98999786376953,65.75,15646700,EFA,Factor,2026-09-24
2018-09-11,51.93124008178711,65.88999938964844,65.5,65.91000366210938,65.4000015258789,17652700,EFA,Factor,2026-09-24
2018-09-12,52.15192413330078,66.16999816894531,65.95999908447266,66.33000183105469,65.91000366210938,19372500,EFA,Factor,2026-09-24
2018-09-13,52.538124084472656,66.66000366210938,66.80999755859375,66.87000274658203,66.48999786376953,26009600,EFA,Factor,2026-09-24
2018-09-14,52.616943359375,66.76000213623047,66.86000061035156,66.94000244140625,66.5999984741211,21047500,EFA,Factor,2026-09-24
2018-09-17,52.66421890258789,66.81999969482422,67.08999633789062,67.20999908447266,66.80999755859375,13679100,EFA,Factor,2026-09-24
2018-09-18,53.21592712402344,67.5199966430664,67.30999755859375,67.62000274658203,67.30000305175781,20734400,EFA,Factor,2026-09-24
2018-09-19,53.405094146728516,67.76000213623047,67.58999633789062,67.86000061035156,67.58999633789062,15330300,EFA,Factor,2026-09-24
2018-09-20,54.06713104248047,68.5999984741211,68.47000122070312,68.68000030517578,68.29000091552734,24625300,EFA,Factor,2026-09-24
2018-09-21,54.09076690673828,68.62999725341797,68.58000183105469,68.73999786376953,68.5199966430664,19003300,EFA,Factor,2026-09-24
2018-09-24,53.8464469909668,68.31999969482422,68.63999938964844,68.66000366210938,68.31999969482422,20382700,EFA,Factor,2026-09-24
2018-09-25,54.11442184448242,68.66000366210938,68.8499984741211,68.88999938964844,68.63999938964844,19623000,EFA,Factor,2026-09-24
2018-09-26,54.138065338134766,68.69000244140625,68.62999725341797,69.12999725341797,68.62000274658203,26899900,EFA,Factor,2026-09-24
2018-09-27,54.02772903442383,68.55000305175781,68.55999755859375,68.86000061035156,68.4800033569336,21555300,EFA,Factor,2026-09-24
2018-09-28,53.58635330200195,67.98999786376953,67.93000030517578,68.2699966430664,67.8499984741211,37330500,EFA,Factor,2026-09-24
2018-10-01,53.649410247802734,68.06999969482422,68.20999908447266,68.31999969482422,68.05000305175781,27922300,EFA,Factor,2026-09-24
2018-10-02,53.37355041503906,67.72000122070312,67.55000305175781,67.77999877929688,67.47000122070312,18689200,EFA,Factor,2026-09-24
2018-10-03,53.27898025512695,67.5999984741211,67.83999633789062,67.87999725341797,67.54000091552734,19372300,EFA,Factor,2026-09-24
2018-10-04,52.65633773803711,66.80999755859375,67.16999816894531,67.19999694824219,66.5,38671500,EFA,Factor,2026-09-24
2018-10-05,52.34108352661133,66.41000366210938,66.6500015258789,66.70999908447266,66.16000366210938,28116900,EFA,Factor,2026-09-24
2018-10-08,52.08887481689453,66.08999633789062,65.69000244140625,66.11000061035156,65.54000091552734,24471300,EFA,Factor,2026-09-24
2018-10-09,51.954891204833984,65.91999816894531,65.4000015258789,66.01000213623047,65.31999969482422,23011200,EFA,Factor,2026-09-24
2018-10-10,50.851470947265625,64.5199966430664,65.68000030517578,65.68000030517578,64.37999725341797,64586200,EFA,Factor,2026-09-24
2018-10-11,50.14214324951172,63.619998931884766,64.33000183105469,64.54000091552734,63.189998626708984,119275100,EFA,Factor,2026-09-24
2018-10-12,50.32341003417969,63.849998474121094,64.11000061035156,64.13999938964844,63.18000030517578,66647600,EFA,Factor,2026-09-24
2018-10-15,50.20519256591797,63.70000076293945,63.689998626708984,64.04000091552734,63.5099983215332,32702300,EFA,Factor,2026-09-24
2018-10-16,51.06428527832031,64.79000091552734,64.52999877929688,64.91999816894531,64.43000030517578,35959100,EFA,Factor,2026-09-24
2018-10-17,50.77266311645508,64.41999816894531,64.58999633789062,64.66999816894531,64.12000274658203,26566600,EFA,Factor,2026-09-24
2018-10-18,49.95299530029297,63.380001068115234,64.16999816894531,64.25,63.18000030517578,48286500,EFA,Factor,2026-09-24
2018-10-19,50.236717224121094,63.7400016784668,63.720001220703125,64.0999984741211,63.70000076293945,31924100,EFA,Factor,2026-09-24
2018-10-22,50.01603317260742,63.459999084472656,63.79999923706055,63.849998474121094,63.27000045776367,28641300,EFA,Factor,2026-09-24
2018-10-23,49.54314041137695,62.86000061035156,62.41999816894531,63.130001068115234,62.04999923706055,54694300,EFA,Factor,2026-09-24
2018-10-24,48.140235900878906,61.08000183105469,62.5,62.540000915527344,61.040000915527344,62942300,EFA,Factor,2026-09-24
2018-10-25,48.74711227416992,61.849998474121094,61.58000183105469,62.16999816894531,61.34000015258789,47758100,EFA,Factor,2026-09-24
2018-10-26,48.41609573364258,61.43000030517578,61.09000015258789,61.83000183105469,60.58000183105469,72008800,EFA,Factor,2026-09-24
2018-10-29,48.2821044921875,61.2599983215332,62.099998474121094,62.22999954223633,60.77000045776367,60675300,EFA,Factor,2026-09-24
2018-10-30,48.86533737182617,62.0,61.38999938964844,62.0099983215332,61.29999923706055,50851500,EFA,Factor,2026-09-24
2018-10-31,49.22789001464844,62.459999084472656,62.5099983215332,62.79999923706055,62.400001525878906,49348900,EFA,Factor,2026-09-24
2018-11-01,49.85841369628906,63.2599983215332,63.0,63.27000045776367,62.7599983215332,42760200,EFA,Factor,2026-09-24
2018-11-02,49.929344177246094,63.349998474121094,63.83000183105469,63.91999816894531,62.97999954223633,39087900,EFA,Factor,2026-09-24
2018-11-05,49.929344177246094,63.349998474121094,63.38999938964844,63.5099983215332,63.15999984741211,23002700,EFA,Factor,2026-09-24
2018-11-06,50.13426208496094,63.61000061035156,63.369998931884766,63.65999984741211,63.310001373291016,18973700,EFA,Factor,2026-09-24
2018-11-07,50.8041877746582,64.45999908447266,64.19000244140625,64.5,63.97999954223633,34148400,EFA,Factor,2026-09-24
2018-11-08,50.307655334472656,63.83000183105469,64.22000122070312,64.3499984741211,63.689998626708984,31336600,EFA,Factor,2026-09-24
2018-11-09,49.976627349853516,63.40999984741211,63.40999984741211,63.52000045776367,63.11000061035156,27581700,EFA,Factor,2026-09-24
2018-11-12,49.156944274902344,62.369998931884766,62.970001220703125,62.9900016784668,62.290000915527344,31068900,EFA,Factor,2026-09-24
2018-11-13,49.369754791259766,62.63999938964844,62.529998779296875,63.08000183105469,62.369998931884766,37193900,EFA,Factor,2026-09-24
2018-11-14,49.409156799316406,62.689998626708984,63.08000183105469,63.130001068115234,62.34000015258789,51506100,EFA,Factor,2026-09-24
2018-11-15,49.56679153442383,62.88999938964844,62.279998779296875,63.02000045776367,61.970001220703125,54666300,EFA,Factor,2026-09-24
2018-11-16,49.621971130371094,62.959999084472656,62.47999954223633,63.029998779296875,62.380001068115234,30723600,EFA,Factor,2026-09-24
2018-11-19,49.188480377197266,62.40999984741211,62.91999816894531,62.95000076293945,62.25,30409700,EFA,Factor,2026-09-24
2018-11-20,48.3372802734375,61.33000183105469,61.56999969482422,61.83000183105469,61.18000030517578,41209700,EFA,Factor,2026-09-24
2018-11-21,49.015079498291016,62.189998626708984,62.09000015258789,62.439998626708984,61.9900016784668,32720600,EFA,Factor,2026-09-24
2018-11-23,48.691951751708984,61.779998779296875,61.65999984741211,61.97999954223633,61.65999984741211,13336500,EFA,Factor,2026-09-24
2018-11-26,49.4249153137207,62.709999084472656,62.560001373291016,62.77000045776367,62.5,31007400,EFA,Factor,2026-09-24
2018-11-27,49.23576354980469,62.470001220703125,62.34000015258789,62.5099983215332,62.15999984741211,38111400,EFA,Factor,2026-09-24
2018-11-28,49.937225341796875,63.36000061035156,62.560001373291016,63.40999984741211,62.279998779296875,40600800,EFA,Factor,2026-09-24
2018-11-29,49.68500900268555,63.040000915527344,62.9900016784668,63.25,62.83000183105469,31259700,EFA,Factor,2026-09-24
2018-11-30,49.47222137451172,62.77000045776367,62.68000030517578,62.84000015258789,62.4900016784668,32068600,EFA,Factor,2026-09-24
2018-12-03,50.126380920410156,63.599998474121094,63.75,63.75,63.36000061035156,43673900,EFA,Factor,2026-09-24
2018-12-04,48.825923919677734,61.95000076293945,63.279998779296875,63.34000015258789,61.88999938964844,50079600,EFA,Factor,2026-09-24
2018-12-06,48.368797302246094,61.369998931884766,60.900001525878906,61.41999816894531,60.22999954223633,78905500,EFA,Factor,2026-09-24
2018-12-07,47.88014221191406,60.75,61.459999084472656,61.70000076293945,60.61000061035156,54090300,EFA,Factor,2026-09-24
2018-12-10,47.50971603393555,60.279998779296875,60.4900016784668,60.599998474121094,59.65999984741211,61630500,EFA,Factor,2026-09-24
2018-12-11,47.65946578979492,60.470001220703125,60.900001525878906,60.91999816894531,60.11000061035156,71163600,EFA,Factor,2026-09-24
2018-12-12,48.36092758178711,61.36000061035156,61.41999816894531,61.779998779296875,61.36000061035156,45925600,EFA,Factor,2026-09-24
2018-12-13,48.274227142333984,61.25,61.47999954223633,61.630001068115234,61.189998626708984,44498200,EFA,Factor,2026-09-24
2018-12-14,47.65159225463867,60.459999084472656,60.59000015258789,60.849998474121094,60.40999984741211,50416200,EFA,Factor,2026-09-24
2018-12-17,47.27326965332031,59.97999954223633,60.45000076293945,60.52000045776367,59.72999954223633,58508500,EFA,Factor,2026-09-24
2018-12-18,47.31150817871094,59.38999938964844,59.619998931884766,59.81999969482422,59.20000076293945,48896500,EFA,Factor,2026-09-24
2018-12-19,46.85742950439453,58.81999969482422,59.63999938964844,60.099998474121094,58.58000183105469,68491500,EFA,Factor,2026-09-24
2018-12-20,46.6662483215332,58.58000183105469,58.900001525878906,59.06999969482422,58.349998474121094,97602600,EFA,Factor,2026-09-24
2018-12-21,45.853694915771484,57.560001373291016,58.16999816894531,58.5099983215332,57.47999954223633,93622500,EFA,Factor,2026-09-24
2018-12-24,45.3199462890625,56.88999938964844,57.560001373291016,57.790000915527344,56.84000015258789,47120300,EFA,Factor,2026-09-24
2018-12-26,46.37149429321289,58.209999084472656,57.25,58.29999923706055,56.77000045776367,69827600,EFA,Factor,2026-09-24
2018-12-27,46.50692367553711,58.380001068115234,57.54999923706055,58.380001068115234,57.11000061035156,76591200,EFA,Factor,2026-09-24
2018-12-28,46.753875732421875,58.689998626708984,58.959999084472656,58.9900016784668,58.52000045776367,68541800,EFA,Factor,2026-09-24
2018-12-31,46.8255729675293,58.779998779296875,59.02000045776367,59.060001373291016,58.58000183105469,62878800,EFA,Factor,2026-09-24
2019-01-02,46.729976654052734,58.65999984741211,58.0,58.66999816894531,57.97999954223633,38723200,EFA,Factor,2026-09-24
2019-01-03,46.307762145996094,58.130001068115234,58.52000045776367,58.54999923706055,58.029998779296875,35012600,EFA,Factor,2026-09-24
2019-01-04,47.72575759887695,59.90999984741211,59.08000183105469,60.119998931884766,58.9900016784668,47001700,EFA,Factor,2026-09-24
2019-01-07,47.90897750854492,60.13999938964844,59.9900016784668,60.41999816894531,59.81999969482422,30335900,EFA,Factor,2026-09-24
2019-01-08,48.21966552734375,60.529998779296875,60.72999954223633,60.7599983215332,60.349998474121094,26444600,EFA,Factor,2026-09-24
2019-01-09,48.76137161254883,61.209999084472656,61.08000183105469,61.34000015258789,60.90999984741211,34615300,EFA,Factor,2026-09-24
2019-01-10,48.95254898071289,61.45000076293945,60.970001220703125,61.459999084472656,60.91999816894531,33699300,EFA,Factor,2026-09-24
2019-01-11,48.61797332763672,61.029998779296875,60.97999954223633,61.15999984741211,60.849998474121094,40655600,EFA,Factor,2026-09-24
2019-01-14,48.39491653442383,60.75,60.58000183105469,60.95000076293945,60.54999923706055,28319800,EFA,Factor,2026-09-24
2019-01-15,48.649837493896484,61.06999969482422,60.90999984741211,61.15999984741211,60.709999084472656,35202700,EFA,Factor,2026-09-24
2019-01-16,48.7852668762207,61.2400016784668,61.130001068115234,61.310001373291016,61.099998474121094,38473900,EFA,Factor,2026-09-24
2019-01-17,48.96051788330078,61.459999084472656,60.880001068115234,61.56999969482422,60.86000061035156,28896000,EFA,Factor,2026-09-24
2019-01-18,49.454429626464844,62.08000183105469,62.06999969482422,62.150001525878906,61.84000015258789,39380800,EFA,Factor,2026-09-24
2019-01-22,48.689666748046875,61.119998931884766,61.43000030517578,61.5099983215332,61.0,36637900,EFA,Factor,2026-09-24
2019-01-23,48.91272735595703,61.400001525878906,61.63999938964844,61.689998626708984,61.150001525878906,21725600,EFA,Factor,2026-09-24
2019-01-24,48.9684944152832,61.470001220703125,61.43000030517578,61.650001525878906,61.2599983215332,21843800,EFA,Factor,2026-09-24
2019-01-25,49.526123046875,62.16999816894531,62.060001373291016,62.279998779296875,62.02000045776367,31128800,EFA,Factor,2026-09-24
2019-01-28,49.25527572631836,61.83000183105469,61.66999816894531,61.88999938964844,61.58000183105469,28738200,EFA,Factor,2026-09-24
2019-01-29,49.36680603027344,61.970001220703125,62.209999084472656,62.34000015258789,61.970001220703125,23933700,EFA,Factor,2026-09-24
2019-01-30,49.908504486083984,62.650001525878906,62.27000045776367,62.900001525878906,62.11000061035156,30465700,EFA,Factor,2026-09-24
2019-01-31,49.932403564453125,62.68000030517578,62.560001373291016,62.83000183105469,62.40999984741211,33012500,EFA,Factor,2026-09-24
2019-02-01,49.916473388671875,62.65999984741211,62.689998626708984,62.83000183105469,62.5,22056000,EFA,Factor,2026-09-24
2019-02-04,50.099693298339844,62.88999938964844,62.56999969482422,62.91999816894531,62.45000076293945,20260600,EFA,Factor,2026-09-24
2019-02-05,50.49003982543945,63.380001068115234,63.290000915527344,63.43000030517578,63.20000076293945,29367100,EFA,Factor,2026-09-24
2019-02-06,50.23512649536133,63.060001373291016,63.220001220703125,63.29999923706055,62.959999084472656,19675600,EFA,Factor,2026-09-24
2019-02-07,49.56595993041992,62.220001220703125,62.56999969482422,62.66999816894531,62.09000015258789,33930700,EFA,Factor,2026-09-24
2019-02-08,49.40663528442383,62.02000045776367,61.81999969482422,62.029998779296875,61.61000061035156,21440400,EFA,Factor,2026-09-24
2019-02-11,49.358829498291016,61.959999084472656,61.959999084472656,62.09000015258789,61.81999969482422,22453000,EFA,Factor,2026-09-24
2019-02-12,49.932403564453125,62.68000030517578,62.540000915527344,62.709999084472656,62.5,28176300,EFA,Factor,2026-09-24
2019-02-13,49.94036865234375,62.689998626708984,62.900001525878906,63.04999923706055,62.689998626708984,22923500,EFA,Factor,2026-09-24
2019-02-14,49.956302642822266,62.709999084472656,62.70000076293945,62.91999816894531,62.529998779296875,23166900,EFA,Factor,2026-09-24
2019-02-15,50.681236267089844,63.619998931884766,63.34000015258789,63.619998931884766,62.709999084472656,29544700,EFA,Factor,2026-09-24
2019-02-19,50.8724250793457,63.86000061035156,63.40999984741211,63.970001220703125,63.40999984741211,19126800,EFA,Factor,2026-09-24
2019-02-20,51.01581954956055,64.04000091552734,63.939998626708984,64.30000305175781,63.93000030517578,27833100,EFA,Factor,2026-09-24
2019-02-21,50.912254333496094,63.90999984741211,63.9900016784668,64.04000091552734,63.75,19709600,EFA,Factor,2026-09-24
2019-02-22,51.079551696777344,64.12000274658203,64.0999984741211,64.2699966430664,64.0199966430664,19653800,EFA,Factor,2026-09-24
2019-02-25,51.23089599609375,64.30999755859375,64.5199966430664,64.58000183105469,64.27999877929688,21208900,EFA,Factor,2026-09-24
2019-02-26,51.47785568237305,64.62000274658203,64.41999816894531,64.7699966430664,64.38999938964844,23246200,EFA,Factor,2026-09-24
2019-02-27,51.27073287963867,64.36000061035156,64.5,64.58000183105469,64.30000305175781,19933400,EFA,Factor,2026-09-24
2019-02-28,51.199039459228516,64.2699966430664,64.30999755859375,64.45999908447266,64.19999694824219,27730700,EFA,Factor,2026-09-24
2019-03-01,51.47785568237305,64.62000274658203,64.63999938964844,64.75,64.38999938964844,26191800,EFA,Factor,2026-09-24
2019-03-04,51.28666687011719,64.37999725341797,64.68000030517578,64.70999908447266,64.12000274658203,22255100,EFA,Factor,2026-09-24
2019-03-05,51.33446502685547,64.44000244140625,64.36000061035156,64.61000061035156,64.2699966430664,22315100,EFA,Factor,2026-09-24
2019-03-06,51.20700454711914,64.27999877929688,64.55000305175781,64.56999969482422,64.25,14060100,EFA,Factor,2026-09-24
2019-03-07,50.553775787353516,63.459999084472656,64.0,64.06999969482422,63.45000076293945,29445800,EFA,Factor,2026-09-24
2019-03-08,50.561737060546875,63.470001220703125,63.06999969482422,63.470001220703125,63.060001373291016,21427600,EFA,Factor,2026-09-24
2019-03-11,50.99987030029297,64.0199966430664,63.5099983215332,64.04000091552734,63.5099983215332,16204800,EFA,Factor,2026-09-24
2019-03-12,50.968021392822266,63.97999954223633,63.9900016784668,64.11000061035156,63.900001525878906,31559400,EFA,Factor,2026-09-24
2019-03-13,51.406158447265625,64.52999877929688,64.22000122070312,64.58999633789062,64.22000122070312,17856300,EFA,Factor,2026-09-24
2019-03-14,51.39818572998047,64.5199966430664,64.48999786376953,64.6500015258789,64.38999938964844,20861400,EFA,Factor,2026-09-24
2019-03-15,51.955833435058594,65.22000122070312,64.97000122070312,65.23999786376953,64.93000030517578,44272000,EFA,Factor,2026-09-24
2019-03-18,52.1390495300293,65.44999694824219,65.33000183105469,65.4800033569336,65.22000122070312,27734300,EFA,Factor,2026-09-24
2019-03-19,52.24261474609375,65.58000183105469,65.83999633789062,65.87999725341797,65.44000244140625,32094800,EFA,Factor,2026-09-24
2019-03-20,52.26652145385742,65.61000061035156,65.33000183105469,65.91999816894531,65.11000061035156,33136000,EFA,Factor,2026-09-24
2019-03-21,52.23465347290039,65.56999969482422,65.16999816894531,65.62999725341797,65.16000366210938,34686500,EFA,Factor,2026-09-24
2019-03-22,51.23089599609375,64.30999755859375,64.8499984741211,64.95999908447266,64.27999877929688,36194200,EFA,Factor,2026-09-24
2019-03-25,51.30259704589844,64.4000015258789,64.26000213623047,64.44999694824219,64.0999984741211,26707900,EFA,Factor,2026-09-24
2019-03-26,51.557518005371094,64.72000122070312,64.87000274658203,64.94000244140625,64.61000061035156,36734400,EFA,Factor,2026-09-24
2019-03-27,51.5814208984375,64.75,64.88999938964844,64.97000122070312,64.30999755859375,21772300,EFA,Factor,2026-09-24
2019-03-28,51.45396041870117,64.58999633789062,64.62999725341797,64.70999908447266,64.36000061035156,16531200,EFA,Factor,2026-09-24
2019-03-29,51.669044494628906,64.86000061035156,64.87000274658203,64.9000015258789,64.56999969482422,23423900,EFA,Factor,2026-09-24
2019-04-01,52.33024978637695,65.69000244140625,65.4800033569336,65.70999908447266,65.38999938964844,33228100,EFA,Factor,2026-09-24
2019-04-02,52.346168518066406,65.70999908447266,65.5999984741211,65.73999786376953,65.43000030517578,18209100,EFA,Factor,2026-09-24
2019-04-03,52.75244903564453,66.22000122070312,66.16999816894531,66.37999725341797,66.08999633789062,25471600,EFA,Factor,2026-09-24
2019-04-04,52.64093780517578,66.08000183105469,65.98999786376953,66.12999725341797,65.95999908447266,23580500,EFA,Factor,2026-09-24
2019-04-05,52.77635192871094,66.25,66.02999877929688,66.25,66.02999877929688,27828800,EFA,Factor,2026-09-24
2019-04-08,52.80821990966797,66.29000091552734,66.23999786376953,66.29000091552734,66.08000183105469,21464100,EFA,Factor,2026-09-24
2019-04-09,52.47364044189453,65.87000274658203,66.05000305175781,66.05999755859375,65.83999633789062,17074900,EFA,Factor,2026-09-24
2019-04-10,52.672794342041016,66.12000274658203,65.95999908447266,66.13999938964844,65.87999725341797,25289300,EFA,Factor,2026-09-24
2019-04-11,52.561256408691406,65.9800033569336,66.05000305175781,66.12999725341797,65.8499984741211,16309400,EFA,Factor,2026-09-24
2019-04-12,52.927703857421875,66.44000244140625,66.41999816894531,66.47000122070312,66.29000091552734,31507700,EFA,Factor,2026-09-24
2019-04-15,52.95161437988281,66.47000122070312,66.48999786376953,66.51000213623047,66.33000183105469,11608000,EFA,Factor,2026-09-24
2019-04-16,52.99143600463867,66.5199966430664,66.7300033569336,66.73999786376953,66.47000122070312,19958100,EFA,Factor,2026-09-24
2019-04-17,53.142799377441406,66.70999908447266,66.8499984741211,66.87000274658203,66.5999984741211,23540000,EFA,Factor,2026-09-24
2019-04-18,53.11092758178711,66.66999816894531,66.70999908447266,66.75,66.51000213623047,21794000,EFA,Factor,2026-09-24
2019-04-22,53.0233039855957,66.55999755859375,66.45999908447266,66.66999816894531,66.41999816894531,21336700,EFA,Factor,2026-09-24
2019-04-23,53.126861572265625,66.69000244140625,66.44000244140625,66.72000122070312,66.4000015258789,17741400,EFA,Factor,2026-09-24
2019-04-24,52.76042938232422,66.2300033569336,66.33999633789062,66.4000015258789,66.11000061035156,26417500,EFA,Factor,2026-09-24
2019-04-25,52.7205924987793,66.18000030517578,66.0199966430664,66.19999694824219,65.95999908447266,16020300,EFA,Factor,2026-09-24
2019-04-26,52.9356689453125,66.44999694824219,66.30000305175781,66.45999908447266,66.19999694824219,17705700,EFA,Factor,2026-09-24
2019-04-29,53.1507682800293,66.72000122070312,66.4800033569336,66.73999786376953,66.43000030517578,16992700,EFA,Factor,2026-09-24
2019-04-30,53.18263626098633,66.76000213623047,66.69999694824219,66.87000274658203,66.4800033569336,36645900,EFA,Factor,2026-09-24
2019-05-01,52.879913330078125,66.37999725341797,66.86000061035156,66.9800033569336,66.33000183105469,25870800,EFA,Factor,2026-09-24
2019-05-02,52.80025100708008,66.27999877929688,66.44000244140625,66.47000122070312,66.11000061035156,21120700,EFA,Factor,2026-09-24
2019-05-03,53.3658447265625,66.98999786376953,66.58999633789062,66.98999786376953,66.55000305175781,22117400,EFA,Factor,2026-09-24
2019-05-06,52.76042938232422,66.2300033569336,65.5199966430664,66.31999969482422,65.5,24641100,EFA,Factor,2026-09-24
2019-05-07,51.83633804321289,65.06999969482422,65.62999725341797,65.69000244140625,64.86000061035156,30661400,EFA,Factor,2026-09-24
2019-05-08,51.90007019042969,65.1500015258789,65.08999633789062,65.38999938964844,64.97000122070312,31028300,EFA,Factor,2026-09-24
2019-05-09,51.66107940673828,64.8499984741211,64.44000244140625,64.91999816894531,64.2300033569336,28991500,EFA,Factor,2026-09-24
2019-05-10,52.043453216552734,65.33000183105469,64.83999633789062,65.3499984741211,64.47000122070312,34968000,EFA,Factor,2026-09-24
2019-05-13,50.83259201049805,63.810001373291016,64.12999725341797,64.22000122070312,63.709999084472656,42253200,EFA,Factor,2026-09-24
2019-05-14,51.34243392944336,64.44999694824219,64.2699966430664,64.62000274658203,64.20999908447266,32214000,EFA,Factor,2026-09-24
2019-05-15,51.52565383911133,64.68000030517578,63.97999954223633,64.79000091552734,63.95000076293945,39054900,EFA,Factor,2026-09-24
2019-05-16,51.93989181518555,65.19999694824219,64.91999816894531,65.41000366210938,64.91000366210938,27414300,EFA,Factor,2026-09-24
2019-05-17,51.597347259521484,64.7699966430664,64.80000305175781,65.11000061035156,64.72000122070312,35566300,EFA,Factor,2026-09-24
2019-05-20,51.390228271484375,64.51000213623047,64.51000213623047,64.7300033569336,64.3499984741211,27914500,EFA,Factor,2026-09-24
2019-05-21,51.73276901245117,64.94000244140625,64.86000061035156,65.02999877929688,64.69999694824219,20838900,EFA,Factor,2026-09-24
2019-05-22,51.52565383911133,64.68000030517578,64.62000274658203,64.83000183105469,64.61000061035156,22818000,EFA,Factor,2026-09-24
2019-05-23,51.05564880371094,64.08999633789062,64.0,64.16000366210938,63.81999969482422,29106800,EFA,Factor,2026-09-24
2019-05-24,51.605308532714844,64.77999877929688,64.7699966430664,64.79000091552734,64.54000091552734,23320000,EFA,Factor,2026-09-24
2019-05-28,51.103450775146484,64.1500015258789,64.7300033569336,64.83999633789062,64.12999725341797,32637000,EFA,Factor,2026-09-24
2019-05-29,50.77682113647461,63.7400016784668,63.68000030517578,63.75,63.439998626708984,32910400,EFA,Factor,2026-09-24
2019-05-30,50.968021392822266,63.97999954223633,63.81999969482422,63.9900016784668,63.7400016784668,28874300,EFA,Factor,2026-09-24
2019-05-31,50.50597381591797,63.400001525878906,63.130001068115234,63.470001220703125,63.06999969482422,34278600,EFA,Factor,2026-09-24
2019-06-03,50.80072784423828,63.77000045776367,63.59000015258789,63.869998931884766,63.40999984741211,36735900,EFA,Factor,2026-09-24
2019-06-04,51.382266998291016,64.5,64.20999908447266,64.55999755859375,64.04000091552734,34241600,EFA,Factor,2026-09-24
2019-06-05,51.3663330078125,64.4800033569336,64.79000091552734,64.80000305175781,64.37999725341797,19015300,EFA,Factor,2026-09-24
2019-06-06,51.573448181152344,64.73999786376953,64.7300033569336,64.87999725341797,64.55999755859375,28586900,EFA,Factor,2026-09-24
2019-06-07,52.2266845703125,65.55999755859375,65.36000061035156,65.7300033569336,65.33000183105469,31020100,EFA,Factor,2026-09-24
2019-06-10,52.37007522583008,65.73999786376953,65.7300033569336,65.91999816894531,65.66999816894531,21435800,EFA,Factor,2026-09-24
2019-06-11,52.63296127319336,66.06999969482422,66.33999633789062,66.36000061035156,65.9800033569336,22255000,EFA,Factor,2026-09-24
2019-06-12,52.24261474609375,65.58000183105469,65.80999755859375,65.9000015258789,65.55000305175781,17110500,EFA,Factor,2026-09-24
2019-06-13,52.2904167175293,65.63999938964844,65.73999786376953,65.7699966430664,65.47000122070312,24194500,EFA,Factor,2026-09-24
2019-06-14,51.90802764892578,65.16000366210938,65.25,65.25,65.08999633789062,37202100,EFA,Factor,2026-09-24
2019-06-17,51.94547653198242,63.83000183105469,63.79999923706055,63.959999084472656,63.7599983215332,22615800,EFA,Factor,2026-09-24
2019-06-18,52.63720703125,64.68000030517578,64.3499984741211,64.70999908447266,64.33000183105469,34024300,EFA,Factor,2026-09-24
2019-06-19,52.962730407714844,65.08000183105469,64.83000183105469,65.19999694824219,64.77999877929688,25092700,EFA,Factor,2026-09-24
2019-06-20,53.426605224609375,65.6500015258789,65.83000183105469,65.86000061035156,65.44000244140625,32817400,EFA,Factor,2026-09-24
2019-06-21,53.198734283447266,65.37000274658203,65.37000274658203,65.55999755859375,65.31999969482422,25032400,EFA,Factor,2026-09-24
2019-06-24,53.31266403198242,65.51000213623047,65.55999755859375,65.63999938964844,65.48999786376953,23238800,EFA,Factor,2026-09-24
2019-06-25,52.99528503417969,65.12000274658203,65.58000183105469,65.5999984741211,65.12000274658203,24373000,EFA,Factor,2026-09-24
2019-06-26,53.06037902832031,65.19999694824219,65.37000274658203,65.41000366210938,65.19999694824219,13170700,EFA,Factor,2026-09-24
2019-06-27,53.19059753417969,65.36000061035156,65.37000274658203,65.47000122070312,65.33000183105469,14439800,EFA,Factor,2026-09-24
2019-06-28,53.49171447753906,65.7300033569336,65.63999938964844,65.80000305175781,65.5999984741211,27667900,EFA,Factor,2026-09-24
2019-07-01,53.74399185180664,66.04000091552734,66.38999938964844,66.38999938964844,65.87999725341797,25538600,EFA,Factor,2026-09-24
2019-07-02,53.898624420166016,66.2300033569336,66.16999816894531,66.29000091552734,66.12999725341797,26045900,EFA,Factor,2026-09-24
2019-07-03,54.26483154296875,66.68000030517578,66.58999633789062,66.72000122070312,66.55000305175781,14359300,EFA,Factor,2026-09-24
2019-07-05,53.84978103637695,66.16999816894531,66.0999984741211,66.20999908447266,65.76000213623047,21696200,EFA,Factor,2026-09-24
2019-07-08,53.54054641723633,65.79000091552734,65.80000305175781,65.91999816894531,65.75,15839500,EFA,Factor,2026-09-24
2019-07-09,53.31266403198242,65.51000213623047,65.33000183105469,65.54000091552734,65.30000305175781,11661800,EFA,Factor,2026-09-24
2019-07-10,53.499847412109375,65.73999786376953,65.81999969482422,65.93000030517578,65.62000274658203,15051500,EFA,Factor,2026-09-24
2019-07-11,53.48357009887695,65.72000122070312,65.87000274658203,65.9000015258789,65.55000305175781,14023800,EFA,Factor,2026-09-24
2019-07-12,53.548675537109375,65.80000305175781,65.69000244140625,65.80000305175781,65.58999633789062,14459500,EFA,Factor,2026-09-24
2019-07-15,53.597496032714844,65.86000061035156,65.87000274658203,65.91999816894531,65.76000213623047,12363200,EFA,Factor,2026-09-24
2019-07-16,53.37776565551758,65.58999633789062,65.66999816894531,65.80000305175781,65.52999877929688,23641400,EFA,Factor,2026-09-24
2019-07-17,53.304534912109375,65.5,65.76000213623047,65.76000213623047,65.47000122070312,13318800,EFA,Factor,2026-09-24
2019-07-18,53.467288970947266,65.69999694824219,65.25,65.69999694824219,65.18000030517578,18639700,EFA,Factor,2026-09-24
2019-07-19,53.31266403198242,65.51000213623047,65.66999816894531,65.75,65.4800033569336,16908600,EFA,Factor,2026-09-24
2019-07-22,53.36963653564453,65.58000183105469,65.5999984741211,65.66000366210938,65.47000122070312,15203900,EFA,Factor,2026-09-24
2019-07-23,53.70330047607422,65.98999786376953,65.9800033569336,66.05000305175781,65.83999633789062,22078400,EFA,Factor,2026-09-24
2019-07-24,53.74399185180664,66.04000091552734,65.80999755859375,66.04000091552734,65.80000305175781,11192500,EFA,Factor,2026-09-24
2019-07-25,53.198734283447266,65.37000274658203,65.83999633789062,65.86000061035156,65.30000305175781,24288100,EFA,Factor,2026-09-24
2019-07-26,53.304534912109375,65.5,65.55000305175781,65.5999984741211,65.47000122070312,16616500,EFA,Factor,2026-09-24
2019-07-29,53.4184684753418,65.63999938964844,65.72000122070312,65.7300033569336,65.52999877929688,11655500,EFA,Factor,2026-09-24
2019-07-30,52.79996871948242,64.87999725341797,64.9000015258789,64.94000244140625,64.7300033569336,24945300,EFA,Factor,2026-09-24
2019-07-31,52.45003128051758,64.44999694824219,64.8499984741211,65.04000091552734,64.0,32619000,EFA,Factor,2026-09-24
2019-08-01,52.30354309082031,64.2699966430664,64.52999877929688,65.06999969482422,64.01000213623047,38568600,EFA,Factor,2026-09-24
2019-08-02,51.83967590332031,63.70000076293945,64.0199966430664,64.0199966430664,63.45000076293945,37778000,EFA,Factor,2026-09-24
2019-08-05,50.54571533203125,62.11000061035156,62.779998779296875,62.779998779296875,61.83000183105469,54766700,EFA,Factor,2026-09-24
2019-08-06,50.88751220703125,62.529998779296875,62.599998474121094,62.689998626708984,62.08000183105469,33907400,EFA,Factor,2026-09-24
2019-08-07,51.08283615112305,62.77000045776367,62.27000045776367,62.88999938964844,62.09000015258789,41814700,EFA,Factor,2026-09-24
2019-08-08,51.579254150390625,63.380001068115234,63.02000045776367,63.540000915527344,62.939998626708984,29156400,EFA,Factor,2026-09-24
2019-08-09,51.22117614746094,62.939998626708984,63.189998626708984,63.2400016784668,62.790000915527344,23227400,EFA,Factor,2026-09-24
2019-08-12,50.81427764892578,62.439998626708984,62.689998626708984,62.869998931884766,62.33000183105469,21906000,EFA,Factor,2026-09-24
2019-08-13,51.2944221496582,63.029998779296875,62.31999969482422,63.20000076293945,62.2599983215332,30781900,EFA,Factor,2026-09-24
2019-08-14,49.88652801513672,61.29999923706055,61.86000061035156,61.939998626708984,61.29999923706055,39692900,EFA,Factor,2026-09-24
2019-08-15,50.05743408203125,61.5099983215332,61.58000183105469,61.70000076293945,61.2599983215332,40936100,EFA,Factor,2026-09-24
2019-08-16,50.65965270996094,62.25,61.86000061035156,62.310001373291016,61.86000061035156,22856400,EFA,Factor,2026-09-24
2019-08-19,50.96890640258789,62.630001068115234,62.81999969482422,62.849998474121094,62.619998931884766,22998600,EFA,Factor,2026-09-24
2019-08-20,50.79799270629883,62.41999816894531,62.61000061035156,62.630001068115234,62.34000015258789,21710200,EFA,Factor,2026-09-24
2019-08-21,51.15607833862305,62.86000061035156,63.099998474121094,63.099998474121094,62.86000061035156,25971800,EFA,Factor,2026-09-24
2019-08-22,51.05841827392578,62.7400016784668,62.88999938964844,62.970001220703125,62.5099983215332,20505100,EFA,Factor,2026-09-24
2019-08-23,50.42364501953125,61.959999084472656,62.59000015258789,63.0099983215332,61.95000076293945,34410500,EFA,Factor,2026-09-24
2019-08-26,50.83869171142578,62.470001220703125,62.59000015258789,62.61000061035156,62.2599983215332,27774800,EFA,Factor,2026-09-24
2019-08-27,50.79799270629883,62.41999816894531,62.77000045776367,62.81999969482422,62.41999816894531,24511400,EFA,Factor,2026-09-24
2019-08-28,50.79799270629883,62.41999816894531,62.27000045776367,62.630001068115234,62.09000015258789,25028400,EFA,Factor,2026-09-24
2019-08-29,51.237457275390625,62.959999084472656,63.02000045776367,63.09000015258789,62.79999923706055,19046700,EFA,Factor,2026-09-24
2019-08-30,51.4409065246582,63.209999084472656,63.400001525878906,63.41999816894531,62.93000030517578,33527300,EFA,Factor,2026-09-24
2019-09-03,51.3432502746582,63.09000015258789,62.849998474121094,63.099998474121094,62.779998779296875,33998200,EFA,Factor,2026-09-24
2019-09-04,52.067543029785156,63.97999954223633,63.7400016784668,63.97999954223633,63.65999984741211,25619300,EFA,Factor,2026-09-24
2019-09-05,52.344234466552734,64.31999969482422,64.43000030517578,64.56999969482422,64.30999755859375,22265900,EFA,Factor,2026-09-24
2019-09-06,52.515140533447266,64.52999877929688,64.51000213623047,64.69000244140625,64.45999908447266,21338300,EFA,Factor,2026-09-24
2019-09-09,52.66975784301758,64.72000122070312,64.7300033569336,64.7300033569336,64.56999969482422,15965600,EFA,Factor,2026-09-24
2019-09-10,52.75927734375,64.83000183105469,64.5999984741211,64.88999938964844,64.47000122070312,19028800,EFA,Factor,2026-09-24
2019-09-11,53.05225372314453,65.19000244140625,65.0199966430664,65.20999908447266,64.95999908447266,18413200,EFA,Factor,2026-09-24
2019-09-12,53.36150360107422,65.56999969482422,65.23999786376953,65.66000366210938,65.1500015258789,30292200,EFA,Factor,2026-09-24
2019-09-13,53.6626091003418,65.94000244140625,65.88999938964844,66.08000183105469,65.80000305175781,22132200,EFA,Factor,2026-09-24
2019-09-16,53.182464599609375,65.3499984741211,65.52999877929688,65.56999969482422,65.30999755859375,31083600,EFA,Factor,2026-09-24
2019-09-17,53.36150360107422,65.56999969482422,65.25,65.62000274658203,65.19000244140625,23554300,EFA,Factor,2026-09-24
2019-09-18,53.29639434814453,65.48999786376953,65.41000366210938,65.58000183105469,65.11000061035156,17807600,EFA,Factor,2026-09-24
2019-09-19,53.47542190551758,65.70999908447266,65.83000183105469,65.94000244140625,65.69000244140625,18972500,EFA,Factor,2026-09-24
2019-09-20,53.353363037109375,65.55999755859375,65.79000091552734,65.9000015258789,65.4800033569336,35368700,EFA,Factor,2026-09-24
2019-09-23,53.21500778198242,65.38999938964844,65.19999694824219,65.44000244140625,65.12999725341797,15457000,EFA,Factor,2026-09-24
2019-09-24,53.01156234741211,65.13999938964844,65.55000305175781,65.61000061035156,65.0999984741211,32233100,EFA,Factor,2026-09-24
2019-09-25,52.856937408447266,64.94999694824219,64.79000091552734,65.05000305175781,64.55999755859375,21342600,EFA,Factor,2026-09-24
2019-09-26,53.05225372314453,65.19000244140625,65.30000305175781,65.3499984741211,65.08000183105469,25098000,EFA,Factor,2026-09-24
2019-09-27,52.87321472167969,64.97000122070312,65.19000244140625,65.30000305175781,64.83000183105469,20607400,EFA,Factor,2026-09-24
2019-09-30,53.068519592285156,65.20999908447266,64.97000122070312,65.23999786376953,64.94999694824219,25423400,EFA,Factor,2026-09-24
2019-10-01,52.54768371582031,64.56999969482422,65.0199966430664,65.06999969482422,64.45999908447266,42550500,EFA,Factor,2026-09-24
2019-10-02,51.47345733642578,63.25,63.72999954223633,63.779998779296875,63.099998474121094,43464100,EFA,Factor,2026-09-24
2019-10-03,51.81525802612305,63.66999816894531,63.2599983215332,63.689998626708984,62.97999954223633,39571700,EFA,Factor,2026-09-24
2019-10-04,52.22216033935547,64.16999816894531,63.720001220703125,64.19999694824219,63.68000030517578,18837500,EFA,Factor,2026-09-24
2019-10-07,52.15706253051758,64.08999633789062,64.12000274658203,64.41000366210938,64.08000183105469,19228000,EFA,Factor,2026-09-24
2019-10-08,51.66877365112305,63.4900016784668,63.7599983215332,63.810001373291016,63.439998626708984,27797800,EFA,Factor,2026-09-24
2019-10-09,52.04312515258789,63.95000076293945,63.91999816894531,64.08000183105469,63.77000045776367,22989500,EFA,Factor,2026-09-24
2019-10-10,52.409339904785156,64.4000015258789,63.91999816894531,64.43000030517578,63.880001068115234,25532400,EFA,Factor,2026-09-24
2019-10-11,53.34522247314453,65.55000305175781,65.37000274658203,65.81999969482422,65.37000274658203,37665600,EFA,Factor,2026-09-24
2019-10-14,53.1254997253418,65.27999877929688,65.23999786376953,65.41000366210938,65.19999694824219,12662000,EFA,Factor,2026-09-24
2019-10-15,53.74399185180664,66.04000091552734,65.55999755859375,66.25,65.51000213623047,24932600,EFA,Factor,2026-09-24
2019-10-16,53.82536315917969,66.13999938964844,66.0199966430664,66.29000091552734,65.97000122070312,28518700,EFA,Factor,2026-09-24
2019-10-17,53.95558166503906,66.30000305175781,66.4800033569336,66.52999877929688,66.12999725341797,26853900,EFA,Factor,2026-09-24
2019-10-18,53.931156158447266,66.2699966430664,66.20999908447266,66.37999725341797,66.01000213623047,21446100,EFA,Factor,2026-09-24
2019-10-21,54.2241325378418,66.62999725341797,66.70999908447266,66.75,66.58999633789062,29016200,EFA,Factor,2026-09-24
2019-10-22,54.09393310546875,66.47000122070312,66.68000030517578,66.91000366210938,66.45999908447266,21293000,EFA,Factor,2026-09-24
2019-10-23,54.386898040771484,66.83000183105469,66.5999984741211,66.83000183105469,66.5199966430664,14206200,EFA,Factor,2026-09-24
2019-10-24,54.48454666137695,66.94999694824219,67.06999969482422,67.08000183105469,66.81999969482422,23429100,EFA,Factor,2026-09-24
2019-10-25,54.54151153564453,67.0199966430664,66.76000213623047,67.06999969482422,66.75,17184200,EFA,Factor,2026-09-24
2019-10-28,54.78566360473633,67.31999969482422,67.12000274658203,67.33999633789062,67.11000061035156,16490600,EFA,Factor,2026-09-24
2019-10-29,54.76938247680664,67.30000305175781,67.05999755859375,67.33000183105469,67.02999877929688,15251900,EFA,Factor,2026-09-24
2019-10-30,54.99726104736328,67.58000183105469,67.23999786376953,67.58000183105469,66.91999816894531,22592900,EFA,Factor,2026-09-24
2019-10-31,54.86704635620117,67.41999816894531,67.37000274658203,67.41999816894531,67.11000061035156,22047900,EFA,Factor,2026-09-24
2019-11-01,55.35533142089844,68.0199966430664,67.8499984741211,68.0199966430664,67.80999755859375,32338600,EFA,Factor,2026-09-24
2019-11-04,55.64016342163086,68.37000274658203,68.4800033569336,68.52999877929688,68.2300033569336,20429900,EFA,Factor,2026-09-24
2019-11-05,55.53436279296875,68.23999786376953,68.29000091552734,68.3499984741211,68.11000061035156,15727300,EFA,Factor,2026-09-24
2019-11-06,55.50995635986328,68.20999908447266,68.30999755859375,68.37999725341797,68.11000061035156,16600200,EFA,Factor,2026-09-24
2019-11-07,55.68084716796875,68.41999816894531,68.58999633789062,68.63999938964844,68.38999938964844,21271500,EFA,Factor,2026-09-24
2019-11-08,55.64830780029297,68.37999725341797,68.18000030517578,68.37999725341797,68.02999877929688,10298800,EFA,Factor,2026-09-24
2019-11-11,55.57505416870117,68.29000091552734,68.0199966430664,68.30999755859375,68.0199966430664,8544000,EFA,Factor,2026-09-24
2019-11-12,55.59947204589844,68.31999969482422,68.27999877929688,68.45999908447266,68.18000030517578,18570100,EFA,Factor,2026-09-24
2019-11-13,55.40416717529297,68.08000183105469,67.83999633789062,68.12000274658203,67.81999969482422,21006500,EFA,Factor,2026-09-24
2019-11-14,55.24953842163086,67.88999938964844,67.7300033569336,67.93000030517578,67.66000366210938,17870900,EFA,Factor,2026-09-24
2019-11-15,55.59947204589844,68.31999969482422,68.05000305175781,68.31999969482422,68.05000305175781,23494600,EFA,Factor,2026-09-24
2019-11-18,55.664581298828125,68.4000015258789,68.23999786376953,68.45999908447266,68.12999725341797,20587500,EFA,Factor,2026-09-24
2019-11-19,55.59133529663086,68.30999755859375,68.5999984741211,68.62999725341797,68.22000122070312,18664800,EFA,Factor,2026-09-24
2019-11-20,55.241397857666016,67.87999725341797,67.94000244140625,68.0999984741211,67.68000030517578,20655200,EFA,Factor,2026-09-24
2019-11-21,55.168155670166016,67.79000091552734,67.87000274658203,67.9000015258789,67.62000274658203,14293400,EFA,Factor,2026-09-24
2019-11-22,55.322776794433594,67.9800033569336,68.05999755859375,68.11000061035156,67.81999969482422,14969300,EFA,Factor,2026-09-24
2019-11-25,55.76223373413086,68.5199966430664,68.27999877929688,68.5199966430664,68.27999877929688,19329100,EFA,Factor,2026-09-24
2019-11-26,55.72968673706055,68.4800033569336,68.41000366210938,68.54000091552734,68.36000061035156,24276000,EFA,Factor,2026-09-24
2019-11-27,55.87617111206055,68.66000366210938,68.56999969482422,68.69000244140625,68.54000091552734,16942100,EFA,Factor,2026-09-24
2019-11-29,55.485538482666016,68.18000030517578,68.22000122070312,68.33999633789062,68.13999938964844,11587200,EFA,Factor,2026-09-24
2019-12-02,55.200714111328125,67.83000183105469,68.0999984741211,68.13999938964844,67.52999877929688,38855400,EFA,Factor,2026-09-24
2019-12-03,54.99726104736328,67.58000183105469,67.2300033569336,67.62000274658203,67.0199966430664,28161500,EFA,Factor,2026-09-24
2019-12-04,55.501808166503906,68.19999694824219,68.0,68.20999908447266,67.94000244140625,21762200,EFA,Factor,2026-09-24
2019-12-05,55.396026611328125,68.06999969482422,68.23999786376953,68.23999786376953,67.95999908447266,21039700,EFA,Factor,2026-09-24
2019-12-06,55.90059280395508,68.69000244140625,68.62000274658203,68.70999908447266,68.55000305175781,23179600,EFA,Factor,2026-09-24
2019-12-09,55.60761642456055,68.33000183105469,68.56999969482422,68.68000030517578,68.33000183105469,21946200,EFA,Factor,2026-09-24
2019-12-10,55.63203048706055,68.36000061035156,68.26000213623047,68.5,68.13999938964844,23419000,EFA,Factor,2026-09-24
2019-12-11,55.92500686645508,68.72000122070312,68.38999938964844,68.79000091552734,68.37000274658203,16546800,EFA,Factor,2026-09-24
2019-12-12,56.29935836791992,69.18000030517578,68.63999938964844,69.25,68.5999984741211,30690900,EFA,Factor,2026-09-24
2019-12-13,56.68997573852539,69.66000366210938,69.55999755859375,69.9800033569336,69.4000015258789,46988400,EFA,Factor,2026-09-24
2019-12-16,57.295684814453125,69.62000274658203,69.5999984741211,69.70999908447266,69.51000213623047,34004700,EFA,Factor,2026-09-24
2019-12-17,56.966495513916016,69.22000122070312,69.30000305175781,69.4000015258789,69.22000122070312,28111100,EFA,Factor,2026-09-24
2019-12-18,56.892433166503906,69.12999725341797,69.13999938964844,69.20999908447266,69.01000213623047,18590900,EFA,Factor,2026-09-24
2019-12-19,56.892433166503906,69.12999725341797,68.98999786376953,69.1500015258789,68.93000030517578,25939200,EFA,Factor,2026-09-24
2019-12-20,56.93358612060547,69.18000030517578,69.29000091552734,69.31999969482422,69.16000366210938,38587700,EFA,Factor,2026-09-24
2019-12-23,57.02410888671875,69.29000091552734,69.23999786376953,69.33000183105469,69.18000030517578,21313800,EFA,Factor,2026-09-24
2019-12-24,56.966495513916016,69.22000122070312,69.27999877929688,69.27999877929688,69.16000366210938,5947000,EFA,Factor,2026-09-24
2019-12-26,57.2133903503418,69.5199966430664,69.3499984741211,69.54000091552734,69.2699966430664,8372000,EFA,Factor,2026-09-24
2019-12-27,57.31214141845703,69.63999938964844,69.83999633789062,69.8499984741211,69.58999633789062,16281600,EFA,Factor,2026-09-24
2019-12-30,56.88420104980469,69.12000274658203,69.76000213623047,69.7699966430664,69.0999984741211,24069000,EFA,Factor,2026-09-24
2019-12-31,57.14756393432617,69.44000244140625,69.19000244140625,69.4800033569336,68.97000122070312,20142100,EFA,Factor,2026-09-24
2020-01-02,57.72365188598633,70.13999938964844,69.95999908447266,70.16000366210938,69.83999633789062,24749300,EFA,Factor,2026-09-24
2020-01-03,57.00764465332031,69.2699966430664,69.19000244140625,69.69999694824219,69.19000244140625,29921500,EFA,Factor,2026-09-24
2020-01-06,57.22985076904297,69.54000091552734,69.16000366210938,69.56999969482422,69.1500015258789,22636400,EFA,Factor,2026-09-24
2020-01-07,57.073486328125,69.3499984741211,69.5199966430664,69.54000091552734,69.30000305175781,15107500,EFA,Factor,2026-09-24
2020-01-08,57.238075256347656,69.55000305175781,69.2699966430664,69.73999786376953,69.26000213623047,14249500,EFA,Factor,2026-09-24
2020-01-09,57.36975860595703,69.70999908447266,69.68000030517578,69.75,69.54000091552734,13749100,EFA,Factor,2026-09-24
2020-01-10,57.15578079223633,69.44999694824219,69.66000366210938,69.77999877929688,69.37000274658203,33832300,EFA,Factor,2026-09-24
2020-01-13,57.452049255371094,69.80999755859375,69.51000213623047,69.8499984741211,69.37000274658203,16443000,EFA,Factor,2026-09-24
2020-01-14,57.50967025756836,69.87999725341797,69.68000030517578,70.0,69.66999816894531,28826600,EFA,Factor,2026-09-24
2020-01-15,57.50967025756836,69.87999725341797,69.81999969482422,69.98999786376953,69.79000091552734,12217900,EFA,Factor,2026-09-24
2020-01-16,57.748321533203125,70.16999816894531,69.98999786376953,70.19999694824219,69.91000366210938,12883400,EFA,Factor,2026-09-24
2020-01-17,57.92115783691406,70.37999725341797,70.36000061035156,70.41999816894531,70.20999908447266,18473700,EFA,Factor,2026-09-24
2020-01-21,57.46028518676758,69.81999969482422,70.05999755859375,70.13999938964844,69.80999755859375,20026600,EFA,Factor,2026-09-24
2020-01-22,57.575504302978516,69.95999908447266,70.13999938964844,70.16000366210938,69.91000366210938,14047000,EFA,Factor,2026-09-24
2020-01-23,57.43560028076172,69.79000091552734,69.69999694824219,69.86000061035156,69.36000061035156,18720200,EFA,Factor,2026-09-24
2020-01-24,57.1887092590332,69.48999786376953,70.08000183105469,70.08000183105469,69.37000274658203,24107500,EFA,Factor,2026-09-24
2020-01-27,56.00361633300781,68.05000305175781,68.1500015258789,68.41999816894531,68.05000305175781,32766700,EFA,Factor,2026-09-24
2020-01-28,56.53032684326172,68.69000244140625,68.36000061035156,68.73999786376953,68.26000213623047,18001700,EFA,Factor,2026-09-24
2020-01-29,56.53853988647461,68.69999694824219,68.81999969482422,68.93000030517578,68.5999984741211,14916600,EFA,Factor,2026-09-24
2020-01-30,56.48917007446289,68.63999938964844,68.1500015258789,68.66999816894531,67.9800033569336,26285300,EFA,Factor,2026-09-24
2020-01-31,55.53451919555664,67.4800033569336,68.0,68.02999877929688,67.26000213623047,40101600,EFA,Factor,2026-09-24
2020-02-03,55.666194915771484,67.63999938964844,67.66999816894531,67.98999786376953,67.5999984741211,35288000,EFA,Factor,2026-09-24
2020-02-04,56.596160888671875,68.7699966430664,68.66000366210938,68.87000274658203,68.58999633789062,32540000,EFA,Factor,2026-09-24
2020-02-05,57.13932800292969,69.43000030517578,69.43000030517578,69.4800033569336,69.19999694824219,28162100,EFA,Factor,2026-09-24
2020-02-06,57.295684814453125,69.62000274658203,69.63999938964844,69.68000030517578,69.5,23422500,EFA,Factor,2026-09-24
2020-02-07,56.75252914428711,68.95999908447266,69.20999908447266,69.25,68.94000244140625,22188200,EFA,Factor,2026-09-24
2020-02-10,56.86774444580078,69.0999984741211,68.8499984741211,69.12999725341797,68.8499984741211,13957600,EFA,Factor,2026-09-24
2020-02-11,57.25453186035156,69.56999969482422,69.58000183105469,69.70999908447266,69.43000030517578,16040600,EFA,Factor,2026-09-24
2020-02-12,57.452049255371094,69.80999755859375,69.80000305175781,69.86000061035156,69.68000030517578,13218100,EFA,Factor,2026-09-24
2020-02-13,57.04880142211914,69.31999969482422,69.18000030517578,69.51000213623047,69.0999984741211,20113100,EFA,Factor,2026-09-24
2020-02-14,56.950042724609375,69.19999694824219,69.30999755859375,69.33000183105469,69.0199966430664,15005100,EFA,Factor,2026-09-24
2020-02-18,56.58793258666992,68.76000213623047,68.69999694824219,68.9000015258789,68.62000274658203,29201900,EFA,Factor,2026-09-24
2020-02-19,56.77721405029297,68.98999786376953,69.0,69.11000061035156,68.94000244140625,16232700,EFA,Factor,2026-09-24
2020-02-20,56.43980026245117,68.58000183105469,68.72000122070312,68.87000274658203,68.19000244140625,24607700,EFA,Factor,2026-09-24
2020-02-21,56.17643737792969,68.26000213623047,68.36000061035156,68.41999816894531,68.05999755859375,24361900,EFA,Factor,2026-09-24
2020-02-24,53.929718017578125,65.52999877929688,65.51000213623047,66.02999877929688,65.5,51653500,EFA,Factor,2026-09-24
2020-02-25,53.04088592529297,64.44999694824219,65.83000183105469,65.88999938964844,64.3499984741211,55520000,EFA,Factor,2026-09-24
2020-02-26,53.10673904418945,64.52999877929688,65.0,65.43000030517578,64.4800033569336,64966000,EFA,Factor,2026-09-24
2020-02-27,51.534847259521484,62.619998931884766,63.5099983215332,64.19999694824219,62.59000015258789,80201400,EFA,Factor,2026-09-24
2020-02-28,51.22211837768555,62.2400016784668,61.2599983215332,62.349998474121094,60.66999816894531,122342000,EFA,Factor,2026-09-24
2020-03-02,51.88050079345703,63.040000915527344,62.22999954223633,63.16999816894531,61.709999084472656,78735900,EFA,Factor,2026-09-24
2020-03-03,51.460777282714844,62.529998779296875,63.56999969482422,64.2699966430664,62.04999923706055,77691700,EFA,Factor,2026-09-24
2020-03-04,52.9997444152832,64.4000015258789,63.630001068115234,64.47000122070312,63.099998474121094,41681700,EFA,Factor,2026-09-24
2020-03-05,51.59245681762695,62.689998626708984,62.959999084472656,63.369998931884766,62.40999984741211,46294000,EFA,Factor,2026-09-24
2020-03-06,50.81885528564453,61.75,61.560001373291016,62.099998474121094,61.15999984741211,64277200,EFA,Factor,2026-09-24
2020-03-09,46.87678909301758,56.959999084472656,57.630001068115234,58.810001373291016,56.7599983215332,68431000,EFA,Factor,2026-09-24
2020-03-10,48.60504913330078,59.060001373291016,59.20000076293945,59.369998931884766,57.189998626708984,110061600,EFA,Factor,2026-09-24
2020-03-11,46.12788391113281,56.04999923706055,57.540000915527344,57.689998626708984,55.689998626708984,77459000,EFA,Factor,2026-09-24
2020-03-12,41.058345794677734,49.88999938964844,51.79999923706055,51.959999084472656,49.209999084472656,91385100,EFA,Factor,2026-09-24
2020-03-13,43.54373550415039,52.90999984741211,53.119998931884766,53.29999923706055,49.77000045776367,73588700,EFA,Factor,2026-09-24
2020-03-16,39.05028533935547,47.45000076293945,46.59000015258789,49.06999969482422,45.77000045776367,54122400,EFA,Factor,2026-09-24
2020-03-17,40.951351165771484,49.7599983215332,48.119998931884766,49.900001525878906,47.36000061035156,55045400,EFA,Factor,2026-09-24
2020-03-18,38.60586929321289,46.90999984741211,46.68000030517578,48.119998931884766,45.72999954223633,74919600,EFA,Factor,2026-09-24
2020-03-19,39.206642150878906,47.63999938964844,46.86000061035156,48.70000076293945,46.459999084472656,65863000,EFA,Factor,2026-09-24
2020-03-20,38.72108840942383,47.04999923706055,48.869998931884766,49.38999938964844,47.0,62803000,EFA,Factor,2026-09-24
2020-03-23,38.26845169067383,46.5,47.34000015258789,47.630001068115234,46.189998626708984,61708000,EFA,Factor,2026-09-24
2020-03-24,41.5109748840332,50.439998626708984,50.029998779296875,50.810001373291016,49.43000030517578,51118500,EFA,Factor,2026-09-24
2020-03-25,42.86067199707031,52.08000183105469,51.0,52.90999984741211,50.279998779296875,60405600,EFA,Factor,2026-09-24
2020-03-26,44.778202056884766,54.40999984741211,52.380001068115234,54.5,52.380001068115234,60511800,EFA,Factor,2026-09-24
2020-03-27,43.50259017944336,52.86000061035156,52.439998626708984,53.7400016784668,52.040000915527344,53372400,EFA,Factor,2026-09-24
2020-03-30,44.3831787109375,53.93000030517578,53.04999923706055,53.970001220703125,52.70000076293945,45987700,EFA,Factor,2026-09-24
2020-03-31,43.996376037597656,53.459999084472656,53.09000015258789,53.939998626708984,52.79999923706055,64906600,EFA,Factor,2026-09-24
2020-04-01,42.04591751098633,51.09000015258789,51.72999954223633,52.27000045776367,51.04999923706055,40960200,EFA,Factor,2026-09-24
2020-04-02,42.868892669677734,52.09000015258789,51.16999816894531,52.29999923706055,51.0099983215332,38008700,EFA,Factor,2026-09-24
2020-04-03,41.889549255371094,50.900001525878906,51.2599983215332,51.470001220703125,50.59000015258789,33029800,EFA,Factor,2026-09-24
2020-04-06,44.111595153808594,53.599998474121094,52.75,53.79999923706055,52.59000015258789,42257500,EFA,Factor,2026-09-24
2020-04-07,44.35848617553711,53.900001525878906,55.41999816894531,55.4900016784668,53.79999923706055,36678000,EFA,Factor,2026-09-24
2020-04-08,44.72059631347656,54.34000015258789,54.04999923706055,54.58000183105469,53.599998474121094,35282900,EFA,Factor,2026-09-24
2020-04-09,45.73285675048828,55.56999969482422,55.18000030517578,55.77000045776367,55.0,42218200,EFA,Factor,2026-09-24
2020-04-13,45.29668426513672,55.040000915527344,55.400001525878906,55.4900016784668,54.619998931884766,33424700,EFA,Factor,2026-09-24
2020-04-14,46.10319900512695,56.02000045776367,55.91999816894531,56.43000030517578,55.810001373291016,36915600,EFA,Factor,2026-09-24
2020-04-15,44.662986755371094,54.27000045776367,54.45000076293945,54.70000076293945,54.119998931884766,30158700,EFA,Factor,2026-09-24
2020-04-16,44.687679290771484,54.29999923706055,54.47999954223633,54.560001373291016,53.779998779296875,37284200,EFA,Factor,2026-09-24
2020-04-17,45.87276840209961,55.7400016784668,55.599998474121094,55.810001373291016,55.119998931884766,36205100,EFA,Factor,2026-09-24
2020-04-20,45.189693450927734,54.90999984741211,55.060001373291016,55.77000045776367,54.900001525878906,25077400,EFA,Factor,2026-09-24
2020-04-21,44.30910873413086,53.84000015258789,54.099998474121094,54.52000045776367,53.66999816894531,35535300,EFA,Factor,2026-09-24
2020-04-22,45.058006286621094,54.75,54.7599983215332,54.869998931884766,54.5099983215332,28732700,EFA,Factor,2026-09-24
2020-04-23,44.91810607910156,54.58000183105469,54.86000061035156,55.650001525878906,54.45000076293945,34733400,EFA,Factor,2026-09-24
2020-04-24,45.436588287353516,55.209999084472656,54.9900016784668,55.2599983215332,54.56999969482422,30445100,EFA,Factor,2026-09-24
2020-04-27,46.0373649597168,55.939998626708984,55.58000183105469,56.06999969482422,55.4900016784668,30786900,EFA,Factor,2026-09-24
2020-04-28,46.38300704956055,56.36000061035156,57.08000183105469,57.099998474121094,56.31999969482422,35115400,EFA,Factor,2026-09-24
2020-04-29,47.54340744018555,57.77000045776367,57.540000915527344,57.970001220703125,57.40999984741211,34921800,EFA,Factor,2026-09-24
2020-04-30,46.55583572387695,56.56999969482422,56.9900016784668,57.09000015258789,56.2599983215332,52183100,EFA,Factor,2026-09-24
2020-05-01,45.543575286865234,55.34000015258789,55.72999954223633,55.810001373291016,55.11000061035156,32088300,EFA,Factor,2026-09-24
2020-05-04,45.52711868286133,55.31999969482422,54.91999816894531,55.33000183105469,54.70000076293945,23432000,EFA,Factor,2026-09-24
2020-05-05,45.60940933227539,55.41999816894531,55.72999954223633,55.939998626708984,55.33000183105469,23459100,EFA,Factor,2026-09-24
2020-05-06,45.31314468383789,55.060001373291016,55.849998474121094,55.88999938964844,55.060001373291016,22596000,EFA,Factor,2026-09-24
2020-05-07,45.9962158203125,55.88999938964844,55.869998931884766,56.15999984741211,55.619998931884766,30628700,EFA,Factor,2026-09-24
2020-05-08,46.77803421020508,56.84000015258789,56.58000183105469,56.849998474121094,56.4900016784668,20445800,EFA,Factor,2026-09-24
2020-05-11,46.73689270019531,56.790000915527344,56.5,56.95000076293945,56.40999984741211,30772300,EFA,Factor,2026-09-24
2020-05-12,46.14434814453125,56.06999969482422,56.959999084472656,57.02000045776367,56.06999969482422,59246700,EFA,Factor,2026-09-24
2020-05-13,45.79046630859375,55.63999938964844,56.40999984741211,56.41999816894531,55.369998931884766,31920300,EFA,Factor,2026-09-24
2020-05-14,45.35429382324219,55.11000061035156,54.349998474121094,55.189998626708984,54.0099983215332,41217500,EFA,Factor,2026-09-24
2020-05-15,45.39543914794922,55.15999984741211,55.040000915527344,55.380001068115234,54.79999923706055,34086000,EFA,Factor,2026-09-24
2020-05-18,47.230682373046875,57.38999938964844,56.560001373291016,57.52000045776367,56.529998779296875,39999500,EFA,Factor,2026-09-24
2020-05-19,46.58052062988281,56.599998474121094,56.970001220703125,57.22999954223633,56.59000015258789,31462400,EFA,Factor,2026-09-24
2020-05-20,47.5516357421875,57.779998779296875,57.68000030517578,58.060001373291016,57.54999923706055,32827600,EFA,Factor,2026-09-24
2020-05-21,47.000240325927734,57.11000061035156,57.59000015258789,57.75,56.939998626708984,27554400,EFA,Factor,2026-09-24
2020-05-22,46.86856460571289,56.95000076293945,56.83000183105469,56.9900016784668,56.58000183105469,27513100,EFA,Factor,2026-09-24
2020-05-26,48.21002197265625,58.58000183105469,58.689998626708984,58.90999984741211,58.540000915527344,46679700,EFA,Factor,2026-09-24
2020-05-27,48.79433059692383,59.290000915527344,59.310001373291016,59.34000015258789,58.66999816894531,33723400,EFA,Factor,2026-09-24
2020-05-28,49.25519943237305,59.849998474121094,60.060001373291016,60.52000045776367,59.81999969482422,40630200,EFA,Factor,2026-09-24
2020-05-29,49.08237838745117,59.63999938964844,59.7599983215332,59.79999923706055,59.0099983215332,47437100,EFA,Factor,2026-09-24
2020-06-01,50.17693328857422,60.970001220703125,60.130001068115234,60.9900016784668,60.08000183105469,30195300,EFA,Factor,2026-09-24
2020-06-02,50.646034240722656,61.540000915527344,61.34000015258789,61.65999984741211,61.25,31663000,EFA,Factor,2026-09-24
2020-06-03,51.85580062866211,63.0099983215332,62.31999969482422,63.189998626708984,62.29999923706055,29773100,EFA,Factor,2026-09-24
2020-06-04,51.63360595703125,62.7400016784668,62.61000061035156,63.119998931884766,62.56999969482422,26190300,EFA,Factor,2026-09-24
2020-06-05,52.522422790527344,63.81999969482422,63.97999954223633,64.31999969482422,63.70000076293945,31208000,EFA,Factor,2026-09-24
2020-06-08,53.20549011230469,64.6500015258789,64.16999816894531,64.66000366210938,63.790000915527344,29644000,EFA,Factor,2026-09-24
2020-06-09,52.51419448852539,63.810001373291016,63.540000915527344,64.02999877929688,63.45000076293945,30176500,EFA,Factor,2026-09-24
2020-06-10,52.39897155761719,63.66999816894531,64.04000091552734,64.22000122070312,63.43000030517578,27492200,EFA,Factor,2026-09-24
2020-06-11,49.59261703491211,60.2599983215332,61.97999954223633,62.18000030517578,60.130001068115234,54699700,EFA,Factor,2026-09-24
2020-06-12,50.448516845703125,61.29999923706055,61.86000061035156,62.0099983215332,60.439998626708984,57668900,EFA,Factor,2026-09-24
2020-06-15,50.655513763427734,60.689998626708984,59.31999969482422,60.84000015258789,59.130001068115234,30698700,EFA,Factor,2026-09-24
2020-06-16,51.2815055847168,61.439998626708984,61.900001525878906,62.02000045776367,60.7599983215332,37029400,EFA,Factor,2026-09-24
2020-06-17,51.47347640991211,61.66999816894531,61.91999816894531,62.02000045776367,61.4900016784668,26238300,EFA,Factor,2026-09-24
2020-06-18,51.19804382324219,61.34000015258789,61.16999816894531,61.54999923706055,61.04999923706055,20035700,EFA,Factor,2026-09-24
2020-06-19,50.9476432800293,61.040000915527344,62.040000915527344,62.060001373291016,60.95000076293945,32270800,EFA,Factor,2026-09-24
2020-06-22,51.55694580078125,61.77000045776367,61.45000076293945,61.849998474121094,61.209999084472656,20743000,EFA,Factor,2026-09-24
2020-06-23,51.840728759765625,62.11000061035156,62.4900016784668,62.61000061035156,62.040000915527344,20897800,EFA,Factor,2026-09-24
2020-06-24,50.51362228393555,60.52000045776367,61.38999938964844,61.529998779296875,60.34000015258789,34030900,EFA,Factor,2026-09-24
2020-06-25,51.23143005371094,61.380001068115234,60.58000183105469,61.439998626708984,60.29999923706055,26357100,EFA,Factor,2026-09-24
2020-06-26,50.48857498168945,60.4900016784668,61.22999954223633,61.290000915527344,60.400001525878906,32279300,EFA,Factor,2026-09-24
2020-06-29,50.89756774902344,60.97999954223633,60.790000915527344,61.099998474121094,60.439998626708984,23749700,EFA,Factor,2026-09-24
2020-06-30,50.805747985839844,60.869998931884766,60.54999923706055,61.099998474121094,60.45000076293945,32612900,EFA,Factor,2026-09-24
2020-07-01,50.997718811035156,61.099998474121094,60.79999923706055,61.290000915527344,60.75,25243100,EFA,Factor,2026-09-24
2020-07-02,51.55694580078125,61.77000045776367,61.95000076293945,62.2599983215332,61.68000030517578,20854100,EFA,Factor,2026-09-24
2020-07-06,52.39994812011719,62.779998779296875,62.70000076293945,62.88999938964844,62.45000076293945,21537100,EFA,Factor,2026-09-24
2020-07-07,51.63206481933594,61.86000061035156,62.209999084472656,62.47999954223633,61.84000015258789,17394200,EFA,Factor,2026-09-24
2020-07-08,52.06608963012695,62.380001068115234,61.869998931884766,62.40999984741211,61.7599983215332,17363400,EFA,Factor,2026-09-24
2020-07-09,51.47347640991211,61.66999816894531,62.290000915527344,62.29999923706055,61.25,26098200,EFA,Factor,2026-09-24
2020-07-10,52.024356842041016,62.33000183105469,61.91999816894531,62.36000061035156,61.72999954223633,22008800,EFA,Factor,2026-09-24
2020-07-13,51.69049072265625,61.93000030517578,62.68000030517578,63.029998779296875,61.84000015258789,20515500,EFA,Factor,2026-09-24
2020-07-14,52.45003128051758,62.84000015258789,62.04999923706055,62.90999984741211,61.97999954223633,35121300,EFA,Factor,2026-09-24
2020-07-15,53.04264450073242,63.54999923706055,63.790000915527344,63.9900016784668,63.380001068115234,28888600,EFA,Factor,2026-09-24
2020-07-16,52.70043182373047,63.13999938964844,63.150001525878906,63.40999984741211,63.029998779296875,24677200,EFA,Factor,2026-09-24
2020-07-17,53.00925064086914,63.5099983215332,63.290000915527344,63.52000045776367,63.130001068115234,19641800,EFA,Factor,2026-09-24
2020-07-20,53.26799392700195,63.81999969482422,63.5099983215332,63.84000015258789,63.33000183105469,17996600,EFA,Factor,2026-09-24
2020-07-21,53.37649917602539,63.95000076293945,64.1500015258789,64.31999969482422,63.90999984741211,21179700,EFA,Factor,2026-09-24
2020-07-22,53.518394470214844,64.12000274658203,63.95000076293945,64.20999908447266,63.84000015258789,18023400,EFA,Factor,2026-09-24
2020-07-23,53.09272003173828,63.61000061035156,63.970001220703125,64.22000122070312,63.45000076293945,16080700,EFA,Factor,2026-09-24
2020-07-24,52.80058670043945,63.2599983215332,63.220001220703125,63.459999084472656,63.08000183105469,16017900,EFA,Factor,2026-09-24
2020-07-27,53.493350982666016,64.08999633789062,63.869998931884766,64.19999694824219,63.810001373291016,16368200,EFA,Factor,2026-09-24
2020-07-28,53.15114212036133,63.68000030517578,63.75,64.05000305175781,63.650001525878906,20470300,EFA,Factor,2026-09-24
2020-07-29,53.710365295410156,64.3499984741211,63.970001220703125,64.45999908447266,63.84000015258789,20055900,EFA,Factor,2026-09-24
2020-07-30,52.91744613647461,63.400001525878906,62.83000183105469,63.52000045776367,62.310001373291016,24664100,EFA,Factor,2026-09-24
2020-07-31,51.7906494140625,62.04999923706055,63.0099983215332,63.02000045776367,61.65999984741211,36002300,EFA,Factor,2026-09-24
2020-08-03,52.80058670043945,63.2599983215332,62.689998626708984,63.27000045776367,62.540000915527344,23609700,EFA,Factor,2026-09-24
2020-08-04,53.09272003173828,63.61000061035156,62.970001220703125,63.61000061035156,62.939998626708984,16236800,EFA,Factor,2026-09-24
2020-08-05,53.26799392700195,63.81999969482422,64.08999633789062,64.26000213623047,63.72999954223633,17901300,EFA,Factor,2026-09-24
2020-08-06,53.326419830322266,63.88999938964844,63.56999969482422,63.9900016784668,63.400001525878906,17210500,EFA,Factor,2026-09-24
2020-08-07,53.109405517578125,63.630001068115234,63.27000045776367,63.63999938964844,63.20000076293945,14988900,EFA,Factor,2026-09-24
2020-08-10,53.28469467163086,63.84000015258789,63.68000030517578,63.849998474121094,63.470001220703125,10049000,EFA,Factor,2026-09-24
2020-08-11,53.47666931152344,64.06999969482422,64.93000030517578,64.97000122070312,64.0199966430664,31465500,EFA,Factor,2026-09-24
2020-08-12,54.66188049316406,65.48999786376953,65.3499984741211,65.76000213623047,65.26000213623047,28638500,EFA,Factor,2026-09-24
2020-08-13,54.419822692871094,65.19999694824219,65.41000366210938,65.58000183105469,65.01000213623047,17783100,EFA,Factor,2026-09-24
2020-08-14,54.085968017578125,64.80000305175781,64.73999786376953,64.94000244140625,64.62000274658203,10874100,EFA,Factor,2026-09-24
2020-08-17,54.49494934082031,65.29000091552734,65.11000061035156,65.31999969482422,65.0999984741211,11429900,EFA,Factor,2026-09-24
2020-08-18,54.46156311035156,65.25,65.52999877929688,65.62000274658203,65.05999755859375,23832500,EFA,Factor,2026-09-24
2020-08-19,54.219512939453125,64.95999908447266,65.54000091552734,65.62000274658203,64.91999816894531,15591900,EFA,Factor,2026-09-24
2020-08-20,54.04423141479492,64.75,64.3499984741211,64.86000061035156,64.29000091552734,19825800,EFA,Factor,2026-09-24
2020-08-21,53.76879119873047,64.41999816894531,64.01000213623047,64.43000030517578,63.97999954223633,15926400,EFA,Factor,2026-09-24
2020-08-24,54.47825622558594,65.2699966430664,65.38999938964844,65.4000015258789,65.0,14627700,EFA,Factor,2026-09-24
2020-08-25,54.51164245605469,65.30999755859375,65.62999725341797,65.63999938964844,64.95999908447266,18507500,EFA,Factor,2026-09-24
2020-08-26,54.82881164550781,65.69000244140625,65.33999633789062,65.7699966430664,65.26000213623047,19549800,EFA,Factor,2026-09-24
2020-08-27,54.269596099853516,65.0199966430664,65.7300033569336,65.76000213623047,64.77999877929688,24413900,EFA,Factor,2026-09-24
2020-08-28,54.653533935546875,65.4800033569336,65.41000366210938,65.51000213623047,65.05999755859375,15197300,EFA,Factor,2026-09-24
2020-08-31,54.2362060546875,64.9800033569336,65.30999755859375,65.5199966430664,64.94999694824219,24929800,EFA,Factor,2026-09-24
2020-09-01,54.29463577270508,65.05000305175781,65.0199966430664,65.18000030517578,64.76000213623047,23945500,EFA,Factor,2026-09-24
2020-09-02,55.02079391479492,65.91999816894531,65.5199966430664,65.97000122070312,65.2699966430664,20748400,EFA,Factor,2026-09-24
2020-09-03,53.777137756347656,64.43000030517578,65.70999908447266,65.7699966430664,64.16000366210938,43834300,EFA,Factor,2026-09-24
2020-09-04,53.85225296020508,64.5199966430664,64.69000244140625,64.8499984741211,63.349998474121094,33992800,EFA,Factor,2026-09-24
2020-09-08,53.19287872314453,63.72999954223633,63.72999954223633,64.2699966430664,63.5,26869600,EFA,Factor,2026-09-24
2020-09-09,54.18612289428711,64.91999816894531,64.75,65.16000366210938,64.62999725341797,23374000,EFA,Factor,2026-09-24
2020-09-10,53.55177688598633,64.16000366210938,65.2699966430664,65.37000274658203,64.16000366210938,30361000,EFA,Factor,2026-09-24
2020-09-11,54.085968017578125,64.80000305175781,64.94999694824219,65.13999938964844,64.52999877929688,29958900,EFA,Factor,2026-09-24
2020-09-14,54.37810516357422,65.1500015258789,65.3499984741211,65.44999694824219,65.0999984741211,14663300,EFA,Factor,2026-09-24
2020-09-15,54.72864532470703,65.56999969482422,65.80999755859375,65.83999633789062,65.43000030517578,17678700,EFA,Factor,2026-09-24
2020-09-16,54.72864532470703,65.56999969482422,65.76000213623047,66.0199966430664,65.44999694824219,18052600,EFA,Factor,2026-09-24
2020-09-17,54.80377960205078,65.66000366210938,65.18000030517578,65.68000030517578,65.12000274658203,18149700,EFA,Factor,2026-09-24
2020-09-18,54.361392974853516,65.12999725341797,65.47000122070312,65.5,64.91000366210938,27897500,EFA,Factor,2026-09-24
2020-09-21,52.98421096801758,63.47999954223633,63.5099983215332,63.560001373291016,62.79999923706055,39928700,EFA,Factor,2026-09-24
2020-09-22,52.9675178527832,63.459999084472656,63.47999954223633,63.54999923706055,62.88999938964844,15810800,EFA,Factor,2026-09-24
2020-09-23,52.52515411376953,62.93000030517578,63.84000015258789,63.880001068115234,62.86000061035156,18325800,EFA,Factor,2026-09-24
2020-09-24,52.47507095336914,62.869998931884766,62.77000045776367,63.279998779296875,62.45000076293945,25234900,EFA,Factor,2026-09-24
2020-09-25,52.650352478027344,63.08000183105469,62.33000183105469,63.099998474121094,62.13999938964844,24180700,EFA,Factor,2026-09-24
2020-09-28,53.44327926635742,64.02999877929688,63.88999938964844,64.05000305175781,63.779998779296875,18102700,EFA,Factor,2026-09-24
2020-09-29,53.384849548339844,63.959999084472656,64.02999877929688,64.2300033569336,63.720001220703125,16168300,EFA,Factor,2026-09-24
2020-09-30,53.12610626220703,63.650001525878906,63.720001220703125,64.12999725341797,63.43000030517578,37083000,EFA,Factor,2026-09-24
2020-10-01,53.434932708740234,64.0199966430664,64.0,64.06999969482422,63.63999938964844,33266700,EFA,Factor,2026-09-24
2020-10-02,53.326419830322266,63.88999938964844,63.2400016784668,64.05000305175781,63.20000076293945,25285500,EFA,Factor,2026-09-24
2020-10-05,54.13603973388672,64.86000061035156,64.41000366210938,64.87999725341797,64.38999938964844,14564100,EFA,Factor,2026-09-24
2020-10-06,53.56012725830078,64.16999816894531,64.91000366210938,64.94999694824219,64.04000091552734,22901400,EFA,Factor,2026-09-24
2020-10-07,54.01919174194336,64.72000122070312,64.62000274658203,64.80999755859375,64.48999786376953,17055500,EFA,Factor,2026-09-24
2020-10-08,54.3947868347168,65.16999816894531,65.01000213623047,65.19000244140625,64.94000244140625,13385000,EFA,Factor,2026-09-24
2020-10-09,54.820457458496094,65.68000030517578,65.51000213623047,65.72000122070312,65.41999816894531,22181600,EFA,Factor,2026-09-24
2020-10-12,55.137638092041016,66.05999755859375,65.83000183105469,66.11000061035156,65.7699966430664,9676100,EFA,Factor,2026-09-24
2020-10-13,54.519996643066406,65.31999969482422,65.5199966430664,65.5199966430664,65.19000244140625,16260500,EFA,Factor,2026-09-24
2020-10-14,54.42817687988281,65.20999908447266,65.52999877929688,65.63999938964844,65.1500015258789,13144000,EFA,Factor,2026-09-24
2020-10-15,53.785484313964844,64.44000244140625,63.939998626708984,64.5,63.91999816894531,20631800,EFA,Factor,2026-09-24
2020-10-16,54.03588104248047,64.73999786376953,64.6500015258789,65.0199966430664,64.5999984741211,15792600,EFA,Factor,2026-09-24
2020-10-19,53.8355712890625,64.5,65.08999633789062,65.16999816894531,64.41999816894531,14736400,EFA,Factor,2026-09-24
2020-10-20,54.10265350341797,64.81999969482422,64.97000122070312,65.18000030517578,64.80999755859375,23268000,EFA,Factor,2026-09-24
2020-10-21,53.84391403198242,64.51000213623047,64.72000122070312,65.04000091552734,64.48999786376953,21699100,EFA,Factor,2026-09-24
2020-10-22,53.88564682006836,64.55999755859375,64.44000244140625,64.66999816894531,64.0999984741211,20533700,EFA,Factor,2026-09-24
2020-10-23,54.2362060546875,64.9800033569336,64.94999694824219,64.9800033569336,64.58000183105469,19334200,EFA,Factor,2026-09-24
2020-10-26,53.25965881347656,63.810001373291016,64.16000366210938,64.23999786376953,63.41999816894531,17745700,EFA,Factor,2026-09-24
2020-10-27,52.842323303222656,63.310001373291016,63.70000076293945,63.72999954223633,63.220001220703125,19616900,EFA,Factor,2026-09-24
2020-10-28,51.26481246948242,61.41999816894531,61.90999984741211,62.040000915527344,61.369998931884766,36132600,EFA,Factor,2026-09-24
2020-10-29,51.506858825683594,61.709999084472656,61.459999084472656,61.90999984741211,61.13999938964844,30898400,EFA,Factor,2026-09-24
2020-10-30,51.239776611328125,61.38999938964844,61.439998626708984,61.529998779296875,60.970001220703125,35889900,EFA,Factor,2026-09-24
2020-11-02,51.90750503540039,62.189998626708984,62.08000183105469,62.2400016784668,61.77000045776367,24388600,EFA,Factor,2026-09-24
2020-11-03,53.26799392700195,63.81999969482422,63.40999984741211,64.05000305175781,63.33000183105469,26474500,EFA,Factor,2026-09-24
2020-11-04,53.85225296020508,64.5199966430664,64.0999984741211,65.06999969482422,63.84000015258789,26490200,EFA,Factor,2026-09-24
2020-11-05,55.1459846496582,66.06999969482422,66.01000213623047,66.19000244140625,65.66999816894531,28528300,EFA,Factor,2026-09-24
2020-11-06,55.26283264160156,66.20999908447266,66.31999969482422,66.48999786376953,66.0999984741211,21980100,EFA,Factor,2026-09-24
2020-11-09,56.87373733520508,68.13999938964844,69.36000061035156,69.37999725341797,68.12000274658203,43606500,EFA,Factor,2026-09-24
2020-11-10,57.38286590576172,68.75,68.7300033569336,69.12000274658203,68.55000305175781,37172600,EFA,Factor,2026-09-24
2020-11-11,57.866973876953125,69.33000183105469,69.23999786376953,69.37999725341797,69.05000305175781,16643200,EFA,Factor,2026-09-24
2020-11-12,57.02397537231445,68.31999969482422,68.75,68.97000122070312,68.16000366210938,24076600,EFA,Factor,2026-09-24
2020-11-13,57.90036392211914,69.37000274658203,68.75,69.41000366210938,68.72000122070312,21594600,EFA,Factor,2026-09-24
2020-11-16,58.50130844116211,70.08999633789062,70.06999969482422,70.13999938964844,69.70999908447266,20294600,EFA,Factor,2026-09-24
2020-11-17,58.44287872314453,70.0199966430664,69.83999633789062,70.22000122070312,69.66000366210938,18574500,EFA,Factor,2026-09-24
2020-11-18,58.134071350097656,69.6500015258789,70.12999725341797,70.3499984741211,69.6500015258789,15018000,EFA,Factor,2026-09-24
2020-11-19,58.54305648803711,70.13999938964844,69.63999938964844,70.19000244140625,69.5199966430664,24048000,EFA,Factor,2026-09-24
2020-11-20,58.71833038330078,70.3499984741211,70.12000274658203,70.44000244140625,70.05000305175781,18571900,EFA,Factor,2026-09-24
2020-11-23,58.64321517944336,70.26000213623047,70.5999984741211,70.69000244140625,70.01000213623047,14340300,EFA,Factor,2026-09-24
2020-11-24,59.51959991455078,71.30999755859375,70.91000366210938,71.37999725341797,70.83000183105469,23399300,EFA,Factor,2026-09-24
2020-11-25,59.44448471069336,71.22000122070312,70.88999938964844,71.4000015258789,70.76000213623047,19214900,EFA,Factor,2026-09-24
2020-11-27,59.85346603393555,71.70999908447266,71.37999725341797,71.7699966430664,71.37000274658203,11839100,EFA,Factor,2026-09-24
2020-11-30,58.551387786865234,70.1500015258789,71.45999908447266,71.52999877929688,70.08999633789062,46146500,EFA,Factor,2026-09-24
2020-12-01,59.9285888671875,71.80000305175781,71.33999633789062,71.86000061035156,71.30000305175781,29860500,EFA,Factor,2026-09-24
2020-12-02,59.93693161010742,71.80999755859375,71.44999694824219,71.87999725341797,71.4000015258789,20864700,EFA,Factor,2026-09-24
2020-12-03,60.03709411621094,71.93000030517578,72.05999755859375,72.2699966430664,71.80999755859375,16572700,EFA,Factor,2026-09-24
2020-12-04,60.54623031616211,72.54000091552734,72.33999633789062,72.55999755859375,72.30999755859375,18956100,EFA,Factor,2026-09-24
2020-12-07,60.053775787353516,71.94999694824219,72.0199966430664,72.22000122070312,71.77999877929688,19537700,EFA,Factor,2026-09-24
2020-12-08,60.262454986572266,72.19999694824219,71.77999877929688,72.23999786376953,71.77999877929688,12428100,EFA,Factor,2026-09-24
2020-12-09,60.34591293334961,72.30000305175781,72.63999938964844,72.63999938964844,71.83999633789062,18355000,EFA,Factor,2026-09-24
2020-12-10,60.42937469482422,72.4000015258789,71.91000366210938,72.55999755859375,71.91000366210938,20871300,EFA,Factor,2026-09-24
2020-12-11,60.245750427246094,72.18000030517578,71.95999908447266,72.19000244140625,71.75,21812000,EFA,Factor,2026-09-24
2020-12-14,60.2828369140625,71.52999877929688,71.95999908447266,72.06999969482422,71.4800033569336,26176400,EFA,Factor,2026-09-24
2020-12-15,60.89806365966797,72.26000213623047,71.81999969482422,72.30999755859375,71.70999908447266,24075700,EFA,Factor,2026-09-24
2020-12-16,61.13402557373047,72.54000091552734,72.37000274658203,72.62000274658203,72.1500015258789,15642300,EFA,Factor,2026-09-24
2020-12-17,61.56383514404297,73.05000305175781,73.16999816894531,73.27999877929688,72.9800033569336,18633100,EFA,Factor,2026-09-24
2020-12-18,61.24357986450195,72.66999816894531,73.0,73.0199966430664,72.55999755859375,27367900,EFA,Factor,2026-09-24
2020-12-21,60.45982360839844,71.73999786376953,70.88999938964844,71.91000366210938,70.66999816894531,31488000,EFA,Factor,2026-09-24
2020-12-22,60.30811309814453,71.55999755859375,71.58999633789062,71.66999816894531,71.33999633789062,20355000,EFA,Factor,2026-09-24
2020-12-23,60.9570426940918,72.33000183105469,72.16999816894531,72.44000244140625,72.11000061035156,13577300,EFA,Factor,2026-09-24
2020-12-24,60.98233413696289,72.36000061035156,72.30000305175781,72.44000244140625,72.19000244140625,7252900,EFA,Factor,2026-09-24
2020-12-28,61.47956085205078,72.94999694824219,73.12000274658203,73.1500015258789,72.8499984741211,11142200,EFA,Factor,2026-09-24
2020-12-29,61.87566375732422,73.41999816894531,73.80000305175781,73.86000061035156,73.31999969482422,17541500,EFA,Factor,2026-09-24
2020-12-30,61.959922790527344,73.5199966430664,73.80999755859375,74.0,73.47000122070312,15147100,EFA,Factor,2026-09-24
2020-12-31,61.48798370361328,72.95999908447266,73.44000244140625,73.44999694824219,72.79000091552734,34218500,EFA,Factor,2026-09-24
2021-01-04,61.80824661254883,73.33999633789062,74.38999938964844,74.41999816894531,73.05000305175781,26703400,EFA,Factor,2026-09-24
2021-01-05,62.44874572753906,74.0999984741211,73.58000183105469,74.27999877929688,73.5199966430664,19748500,EFA,Factor,2026-09-24
2021-01-06,63.16507339477539,74.94999694824219,74.30000305175781,75.31999969482422,74.22000122070312,25426900,EFA,Factor,2026-09-24
2021-01-07,63.23250198364258,75.02999877929688,74.8499984741211,75.13999938964844,74.77999877929688,18783700,EFA,Factor,2026-09-24
2021-01-08,63.822452545166016,75.7300033569336,75.58000183105469,75.7300033569336,74.94999694824219,25272200,EFA,Factor,2026-09-24
2021-01-11,62.988101959228516,74.73999786376953,74.3499984741211,74.95999908447266,74.33000183105469,23190200,EFA,Factor,2026-09-24
2021-01-12,63.27465057373047,75.08000183105469,74.68000030517578,75.12999725341797,74.47000122070312,20914000,EFA,Factor,2026-09-24
2021-01-13,63.19038391113281,74.9800033569336,74.95999908447266,75.16000366210938,74.81999969482422,15580700,EFA,Factor,2026-09-24
2021-01-14,63.696022033691406,75.58000183105469,75.20999908447266,75.75,75.19999694824219,22607500,EFA,Factor,2026-09-24
2021-01-15,62.701568603515625,74.4000015258789,74.61000061035156,74.76000213623047,73.97000122070312,27355900,EFA,Factor,2026-09-24
2021-01-19,63.15665817260742,74.94000244140625,74.97000122070312,75.0199966430664,74.62999725341797,20162300,EFA,Factor,2026-09-24
2021-01-20,63.58646011352539,75.44999694824219,75.05000305175781,75.45999908447266,74.91000366210938,14419000,EFA,Factor,2026-09-24
2021-01-21,63.637020111083984,75.51000213623047,75.5,75.56999969482422,75.04000091552734,20536300,EFA,Factor,2026-09-24
2021-01-22,63.33364486694336,75.1500015258789,74.86000061035156,75.27999877929688,74.83000183105469,18854700,EFA,Factor,2026-09-24
2021-01-25,63.25779342651367,75.05999755859375,74.58000183105469,75.06999969482422,74.13999938964844,21748100,EFA,Factor,2026-09-24
2021-01-26,63.350494384765625,75.16999816894531,75.16999816894531,75.2699966430664,74.9000015258789,14175200,EFA,Factor,2026-09-24
2021-01-27,61.900936126708984,73.44999694824219,73.79000091552734,74.2300033569336,73.18000030517578,31245200,EFA,Factor,2026-09-24
2021-01-28,62.29704666137695,73.91999816894531,73.63999938964844,74.33999633789062,73.56999969482422,26658600,EFA,Factor,2026-09-24
2021-01-29,61.00761795043945,72.38999938964844,73.04000091552734,73.26000213623047,72.0,42149500,EFA,Factor,2026-09-24
2021-02-01,61.732391357421875,73.25,73.27999877929688,73.33000183105469,72.93000030517578,23243900,EFA,Factor,2026-09-24
2021-02-02,62.356021881103516,73.98999786376953,73.6500015258789,74.05000305175781,73.47000122070312,20388500,EFA,Factor,2026-09-24
2021-02-03,62.507720947265625,74.16999816894531,74.0199966430664,74.20999908447266,73.80999755859375,11345800,EFA,Factor,2026-09-24
2021-02-04,62.575138092041016,74.25,73.88999938964844,74.25,73.81999969482422,10500300,EFA,Factor,2026-09-24
2021-02-05,62.962825775146484,74.70999908447266,74.61000061035156,74.75,74.31999969482422,10955600,EFA,Factor,2026-09-24
2021-02-08,63.40105056762695,75.2300033569336,75.25,75.43000030517578,75.02999877929688,16405600,EFA,Factor,2026-09-24
2021-02-09,63.7465934753418,75.63999938964844,75.33999633789062,75.69000244140625,75.26000213623047,16337600,EFA,Factor,2026-09-24
2021-02-10,63.52747344970703,75.37999725341797,75.87000274658203,75.93000030517578,75.06999969482422,15402800,EFA,Factor,2026-09-24
2021-02-11,63.957271575927734,75.88999938964844,75.79000091552734,75.9000015258789,75.5,12314100,EFA,Factor,2026-09-24
2021-02-12,64.31123352050781,76.30999755859375,75.68000030517578,76.3499984741211,75.66999816894531,11946800,EFA,Factor,2026-09-24
2021-02-16,64.77474975585938,76.86000061035156,76.98999786376953,77.16999816894531,76.72000122070312,20225600,EFA,Factor,2026-09-24
2021-02-17,64.39552307128906,76.41000366210938,76.30000305175781,76.52999877929688,76.01000213623047,19198800,EFA,Factor,2026-09-24
2021-02-18,64.07526397705078,76.02999877929688,75.8499984741211,76.08000183105469,75.48999786376953,19191700,EFA,Factor,2026-09-24
2021-02-19,64.26068115234375,76.25,76.33999633789062,76.58999633789062,76.13999938964844,14962300,EFA,Factor,2026-09-24
2021-02-22,64.10054779052734,76.05999755859375,76.0199966430664,76.5199966430664,75.97000122070312,19515800,EFA,Factor,2026-09-24
2021-02-23,64.15953826904297,76.12999725341797,75.97000122070312,76.37000274658203,75.30000305175781,25014500,EFA,Factor,2026-09-24
2021-02-24,64.36181640625,76.37000274658203,75.66000366210938,76.44999694824219,75.47000122070312,21877600,EFA,Factor,2026-09-24
2021-02-25,63.26621627807617,75.06999969482422,76.5,76.68000030517578,74.94000244140625,36921800,EFA,Factor,2026-09-24
2021-02-26,62.372886657714844,74.01000213623047,74.86000061035156,74.86000061035156,73.95999908447266,48798100,EFA,Factor,2026-09-24
2021-03-01,63.544334411621094,75.4000015258789,74.9000015258789,75.45999908447266,74.86000061035156,24268100,EFA,Factor,2026-09-24
2021-03-02,63.47690200805664,75.31999969482422,75.33999633789062,75.58000183105469,75.11000061035156,22204900,EFA,Factor,2026-09-24
2021-03-03,63.0892448425293,74.86000061035156,75.08999633789062,75.41000366210938,74.75,20856100,EFA,Factor,2026-09-24
2021-03-04,62.490882873535156,74.1500015258789,74.93000030517578,75.23999786376953,73.72000122070312,34648600,EFA,Factor,2026-09-24
2021-03-05,62.89540481567383,74.62999725341797,74.61000061035156,74.75,73.55999755859375,29694200,EFA,Factor,2026-09-24
2021-03-08,62.676292419433594,74.37000274658203,74.31999969482422,74.9000015258789,74.13999938964844,25080900,EFA,Factor,2026-09-24
2021-03-09,63.51905059814453,75.37000274658203,75.18000030517578,75.5199966430664,75.05999755859375,19060200,EFA,Factor,2026-09-24
2021-03-10,63.78873062133789,75.69000244140625,75.69999694824219,75.79000091552734,75.33000183105469,19467400,EFA,Factor,2026-09-24
2021-03-11,64.12582397460938,76.08999633789062,75.93000030517578,76.22000122070312,75.75,15485300,EFA,Factor,2026-09-24
2021-03-12,64.28596496582031,76.27999877929688,75.68000030517578,76.30999755859375,75.6500015258789,16342500,EFA,Factor,2026-09-24
2021-03-15,64.3365249633789,76.33999633789062,76.16999816894531,76.37999725341797,75.72000122070312,17320100,EFA,Factor,2026-09-24
2021-03-16,64.44607543945312,76.47000122070312,76.5199966430664,76.58000183105469,76.33999633789062,16662600,EFA,Factor,2026-09-24
2021-03-17,64.82532501220703,76.91999816894531,76.20999908447266,77.01000213623047,76.11000061035156,16305000,EFA,Factor,2026-09-24
2021-03-18,64.23538970947266,76.22000122070312,76.54000091552734,77.05999755859375,76.20999908447266,23176300,EFA,Factor,2026-09-24
2021-03-19,64.4123764038086,76.43000030517578,76.20999908447266,76.51000213623047,75.7699966430664,31465200,EFA,Factor,2026-09-24
2021-03-22,64.47136688232422,76.5,76.30000305175781,76.69000244140625,76.23999786376953,27978200,EFA,Factor,2026-09-24
2021-03-23,63.57804489135742,75.44000244140625,75.9800033569336,76.08999633789062,75.33999633789062,22514200,EFA,Factor,2026-09-24
2021-03-24,63.25779342651367,75.05999755859375,75.2300033569336,75.58999633789062,75.05000305175781,20717000,EFA,Factor,2026-09-24
2021-03-25,63.729732513427734,75.62000274658203,75.0,75.66000366210938,74.83000183105469,25183000,EFA,Factor,2026-09-24
2021-03-26,64.55563354492188,76.5999984741211,75.87999725341797,76.62000274658203,75.87000274658203,27419100,EFA,Factor,2026-09-24
2021-03-29,64.30281066894531,76.30000305175781,76.13999938964844,76.43000030517578,75.91999816894531,18381600,EFA,Factor,2026-09-24
2021-03-30,64.2185287475586,76.19999694824219,75.88999938964844,76.2699966430664,75.80999755859375,15377400,EFA,Factor,2026-09-24
2021-03-31,63.9404296875,75.87000274658203,75.87999725341797,76.2300033569336,75.81999969482422,32191600,EFA,Factor,2026-09-24
2021-04-01,64.77474975585938,76.86000061035156,76.26000213623047,76.93000030517578,76.20999908447266,26312600,EFA,Factor,2026-09-24
2021-04-05,65.71865844726562,77.9800033569336,77.48999786376953,78.05000305175781,77.36000061035156,20340500,EFA,Factor,2026-09-24
2021-04-06,65.01914978027344,77.1500015258789,77.05000305175781,77.2699966430664,76.95999908447266,18995900,EFA,Factor,2026-09-24
2021-04-07,65.15400695800781,77.30999755859375,77.16999816894531,77.41999816894531,77.11000061035156,14349400,EFA,Factor,2026-09-24
2021-04-08,65.52482604980469,77.75,77.66000366210938,77.87000274658203,77.5199966430664,15502500,EFA,Factor,2026-09-24
2021-04-09,65.72708129882812,77.98999786376953,77.69000244140625,78.05000305175781,77.69000244140625,16330500,EFA,Factor,2026-09-24
2021-04-12,65.36470031738281,77.55999755859375,77.66999816894531,77.73999786376953,77.44000244140625,13729500,EFA,Factor,2026-09-24
2021-04-13,65.74393463134766,78.01000213623047,77.66999816894531,78.02999877929688,77.62000274658203,12712500,EFA,Factor,2026-09-24
2021-04-14,65.79450225830078,78.06999969482422,78.05000305175781,78.3499984741211,78.0,13079200,EFA,Factor,2026-09-24
2021-04-15,66.34230041503906,78.72000122070312,78.55999755859375,78.75,78.48999786376953,20480100,EFA,Factor,2026-09-24
2021-04-16,66.82268524169922,79.29000091552734,79.0199966430664,79.30999755859375,78.9000015258789,17058700,EFA,Factor,2026-09-24
2021-04-19,66.70467376708984,79.1500015258789,79.37000274658203,79.41999816894531,78.94000244140625,15206800,EFA,Factor,2026-09-24
2021-04-20,65.50797271728516,77.7300033569336,78.23999786376953,78.33000183105469,77.55000305175781,29570100,EFA,Factor,2026-09-24
2021-04-21,66.18217468261719,78.52999877929688,77.58000183105469,78.55999755859375,77.55999755859375,15615600,EFA,Factor,2026-09-24
2021-04-22,65.96306610107422,78.2699966430664,78.70999908447266,78.77999877929688,78.13999938964844,22677800,EFA,Factor,2026-09-24
2021-04-23,66.63726043701172,79.06999969482422,78.55000305175781,79.2300033569336,78.52999877929688,18607900,EFA,Factor,2026-09-24
2021-04-26,66.68783569335938,79.12999725341797,79.0999984741211,79.2300033569336,79.0,14052100,EFA,Factor,2026-09-24
2021-04-27,66.46871948242188,78.87000274658203,78.73999786376953,78.93000030517578,78.63999938964844,13612200,EFA,Factor,2026-09-24
2021-04-28,66.63726043701172,79.06999969482422,78.80999755859375,79.26000213623047,78.73999786376953,14288600,EFA,Factor,2026-09-24
2021-04-29,66.66255950927734,79.0999984741211,79.33999633789062,79.37999725341797,78.61000061035156,16411000,EFA,Factor,2026-09-24
2021-04-30,65.82820892333984,78.11000061035156,78.62000274658203,78.75,77.83000183105469,28951400,EFA,Factor,2026-09-24
2021-05-03,66.55299377441406,78.97000122070312,78.75,79.05999755859375,78.56999969482422,21382200,EFA,Factor,2026-09-24
2021-05-04,65.56696319580078,77.80000305175781,78.11000061035156,78.30999755859375,77.41000366210938,29144900,EFA,Factor,2026-09-24
2021-05-05,66.46028137207031,78.86000061035156,78.6500015258789,79.02999877929688,78.47000122070312,17680000,EFA,Factor,2026-09-24
2021-05-06,67.00808715820312,79.51000213623047,78.95999908447266,79.54000091552734,78.70999908447266,21533100,EFA,Factor,2026-09-24
2021-05-07,67.76657104492188,80.41000366210938,79.6500015258789,80.44999694824219,79.56999969482422,23316000,EFA,Factor,2026-09-24
2021-05-10,67.40419006347656,79.9800033569336,80.66999816894531,80.66999816894531,79.91999816894531,16927500,EFA,Factor,2026-09-24
2021-05-11,66.51929473876953,78.93000030517578,78.52999877929688,79.11000061035156,78.41999816894531,34624600,EFA,Factor,2026-09-24
2021-05-12,65.45738983154297,77.66999816894531,78.38999938964844,78.73999786376953,77.51000213623047,32608200,EFA,Factor,2026-09-24
2021-05-13,65.94621276855469,78.25,77.69000244140625,78.41999816894531,77.66000366210938,36208800,EFA,Factor,2026-09-24
2021-05-14,67.05022430419922,79.55999755859375,79.01000213623047,79.63999938964844,78.95999908447266,18601700,EFA,Factor,2026-09-24
2021-05-17,66.9238052368164,79.41000366210938,79.0999984741211,79.41999816894531,79.02999877929688,16699500,EFA,Factor,2026-09-24
2021-05-18,67.06709289550781,79.58000183105469,80.04000091552734,80.06999969482422,79.58000183105469,16526900,EFA,Factor,2026-09-24
2021-05-19,66.47714233398438,78.87999725341797,78.58999633789062,79.19000244140625,78.22000122070312,30391700,EFA,Factor,2026-09-24
2021-05-20,67.3536148071289,79.91999816894531,79.38999938964844,80.05000305175781,79.36000061035156,21650300,EFA,Factor,2026-09-24
2021-05-21,67.44631958007812,80.02999877929688,80.18000030517578,80.20999908447266,79.76000213623047,26751600,EFA,Factor,2026-09-24
2021-05-24,67.85926818847656,80.5199966430664,80.25,80.62000274658203,80.19000244140625,12267900,EFA,Factor,2026-09-24
2021-05-25,67.87612915039062,80.54000091552734,80.7699966430664,80.83999633789062,80.41000366210938,14338900,EFA,Factor,2026-09-24
2021-05-26,67.833984375,80.48999786376953,80.44999694824219,80.62999725341797,80.3499984741211,12732000,EFA,Factor,2026-09-24
2021-05-27,67.96041870117188,80.63999938964844,80.62000274658203,80.79000091552734,80.4000015258789,16211200,EFA,Factor,2026-09-24
2021-05-28,68.12052154541016,80.83000183105469,80.83999633789062,81.1500015258789,80.79000091552734,21449500,EFA,Factor,2026-09-24
2021-06-01,68.36493682861328,81.12000274658203,81.5,81.5199966430664,81.0199966430664,27524200,EFA,Factor,2026-09-24
2021-06-02,68.59248352050781,81.38999938964844,81.2699966430664,81.51000213623047,81.16000366210938,13561200,EFA,Factor,2026-09-24
2021-06-03,68.25537109375,80.98999786376953,80.95999908447266,81.08999633789062,80.75,16987600,EFA,Factor,2026-09-24
2021-06-04,68.8368911743164,81.68000030517578,81.52999877929688,81.73999786376953,81.4000015258789,13335200,EFA,Factor,2026-09-24
2021-06-07,69.06441497802734,81.94999694824219,81.87000274658203,81.98999786376953,81.7699966430664,16738700,EFA,Factor,2026-09-24
2021-06-08,69.03071594238281,81.91000366210938,82.02999877929688,82.11000061035156,81.7699966430664,13218700,EFA,Factor,2026-09-24
2021-06-09,68.84530639648438,81.69000244140625,81.87999725341797,81.94000244140625,81.61000061035156,20203600,EFA,Factor,2026-09-24
2021-06-10,69.03495788574219,80.80999755859375,80.66999816894531,80.94999694824219,80.58000183105469,16555200,EFA,Factor,2026-09-24
2021-06-11,69.19727325439453,81.0,80.91000366210938,81.05999755859375,80.69000244140625,12864700,EFA,Factor,2026-09-24
2021-06-14,69.31686401367188,81.13999938964844,80.93000030517578,81.16000366210938,80.87999725341797,17044400,EFA,Factor,2026-09-24
2021-06-15,69.40230560302734,81.23999786376953,81.20999908447266,81.2699966430664,81.06999969482422,17729200,EFA,Factor,2026-09-24
2021-06-16,68.97515869140625,80.73999786376953,81.30999755859375,81.4000015258789,80.47000122070312,21706700,EFA,Factor,2026-09-24
2021-06-17,68.49674987792969,80.18000030517578,80.22000122070312,80.38999938964844,79.80000305175781,27756300,EFA,Factor,2026-09-24
2021-06-18,67.07865142822266,78.5199966430664,78.7300033569336,78.93000030517578,78.43000030517578,36755100,EFA,Factor,2026-09-24
2021-06-21,67.95855712890625,79.55000305175781,78.87000274658203,79.5999984741211,78.75,20228000,EFA,Factor,2026-09-24
2021-06-22,67.96710205078125,79.55999755859375,79.31999969482422,79.75,79.1500015258789,14010200,EFA,Factor,2026-09-24
2021-06-23,67.53141784667969,79.05000305175781,79.47000122070312,79.52999877929688,78.93000030517578,17074600,EFA,Factor,2026-09-24
2021-06-24,68.18067932128906,79.80999755859375,79.63999938964844,79.8499984741211,79.58999633789062,19833300,EFA,Factor,2026-09-24
2021-06-25,68.3259048461914,79.9800033569336,79.98999786376953,80.05000305175781,79.83000183105469,12418800,EFA,Factor,2026-09-24
2021-06-28,67.89021301269531,79.47000122070312,79.69999694824219,79.76000213623047,79.36000061035156,26952900,EFA,Factor,2026-09-24
2021-06-29,67.90730285644531,79.48999786376953,79.62999725341797,79.68000030517578,79.38999938964844,9357500,EFA,Factor,2026-09-24
2021-06-30,67.38618469238281,78.87999725341797,78.76000213623047,79.05999755859375,78.55000305175781,33578500,EFA,Factor,2026-09-24
2021-07-01,67.54849243164062,79.06999969482422,78.88999938964844,79.12000274658203,78.69999694824219,28075400,EFA,Factor,2026-09-24
2021-07-02,67.7791519165039,79.33999633789062,79.08000183105469,79.36000061035156,78.87999725341797,13712600,EFA,Factor,2026-09-24
2021-07-06,67.33491516113281,78.81999969482422,79.37999725341797,79.4000015258789,78.54000091552734,21289800,EFA,Factor,2026-09-24
2021-07-07,67.7022705078125,79.25,79.16000366210938,79.3499984741211,78.83000183105469,21686400,EFA,Factor,2026-09-24
2021-07-08,66.83089447021484,78.2300033569336,77.9800033569336,78.37000274658203,77.75,24175500,EFA,Factor,2026-09-24
2021-07-09,67.96710205078125,79.55999755859375,79.05000305175781,79.61000061035156,78.97000122070312,35200100,EFA,Factor,2026-09-24
2021-07-12,68.25755310058594,79.9000015258789,79.58000183105469,79.94000244140625,79.51000213623047,11995800,EFA,Factor,2026-09-24
2021-07-13,67.89875030517578,79.4800033569336,79.61000061035156,79.79000091552734,79.36000061035156,15689500,EFA,Factor,2026-09-24
2021-07-14,68.05252838134766,79.66000366210938,79.81999969482422,79.83000183105469,79.55999755859375,14023600,EFA,Factor,2026-09-24
2021-07-15,67.40326690673828,78.9000015258789,78.9000015258789,79.0999984741211,78.5999984741211,21637900,EFA,Factor,2026-09-24
2021-07-16,66.90779113769531,78.31999969482422,78.8499984741211,78.9000015258789,78.18000030517578,23034100,EFA,Factor,2026-09-24
2021-07-19,65.69468688964844,76.9000015258789,77.08999633789062,77.2300033569336,76.4800033569336,44844800,EFA,Factor,2026-09-24
2021-07-20,66.173095703125,77.45999908447266,76.72000122070312,77.61000061035156,76.62000274658203,30309900,EFA,Factor,2026-09-24
2021-07-21,67.18115234375,78.63999938964844,78.01000213623047,78.69000244140625,77.97000122070312,22928600,EFA,Factor,2026-09-24
2021-07-22,67.206787109375,78.66999816894531,78.93000030517578,78.97000122070312,78.4800033569336,15874000,EFA,Factor,2026-09-24
2021-07-23,67.67665100097656,79.22000122070312,79.19000244140625,79.37000274658203,79.02999877929688,16550600,EFA,Factor,2026-09-24
2021-07-26,67.77061462402344,79.33000183105469,79.06999969482422,79.36000061035156,79.06999969482422,14870900,EFA,Factor,2026-09-24
2021-07-27,67.49723815917969,79.01000213623047,78.97000122070312,79.06999969482422,78.62999725341797,20952500,EFA,Factor,2026-09-24
2021-07-28,67.7876968383789,79.3499984741211,79.0199966430664,79.5,78.88999938964844,19700600,EFA,Factor,2026-09-24
2021-07-29,68.25755310058594,79.9000015258789,80.01000213623047,80.12000274658203,79.87999725341797,23670000,EFA,Factor,2026-09-24
2021-07-30,67.90730285644531,79.48999786376953,79.58999633789062,79.83999633789062,79.33000183105469,23997100,EFA,Factor,2026-09-24
2021-08-02,68.24901580810547,79.88999938964844,80.13999938964844,80.27999877929688,79.73999786376953,25364000,EFA,Factor,2026-09-24
2021-08-03,68.73595428466797,80.45999908447266,80.2300033569336,80.4800033569336,79.9000015258789,19028100,EFA,Factor,2026-09-24
2021-08-04,68.53093719482422,80.22000122070312,80.51000213623047,80.6500015258789,80.19000244140625,12852000,EFA,Factor,2026-09-24
2021-08-05,68.86409759521484,80.61000061035156,80.62999725341797,80.70999908447266,80.5199966430664,11868900,EFA,Factor,2026-09-24
2021-08-06,68.6078109741211,80.30999755859375,80.43000030517578,80.5199966430664,80.18000030517578,10892500,EFA,Factor,2026-09-24
2021-08-09,68.5736312866211,80.2699966430664,80.33000183105469,80.37999725341797,80.18000030517578,7897000,EFA,Factor,2026-09-24
2021-08-10,68.7274169921875,80.44999694824219,80.2699966430664,80.44999694824219,80.22000122070312,10438200,EFA,Factor,2026-09-24
2021-08-11,69.19727325439453,81.0,80.93000030517578,81.05000305175781,80.76000213623047,14996100,EFA,Factor,2026-09-24
2021-08-12,69.13748931884766,80.93000030517578,80.83000183105469,80.95999908447266,80.66999816894531,12443200,EFA,Factor,2026-09-24
2021-08-13,69.55606079101562,81.41999816894531,81.19000244140625,81.44999694824219,81.12000274658203,14590400,EFA,Factor,2026-09-24
2021-08-16,69.19727325439453,81.0,80.79000091552734,81.01000213623047,80.52999877929688,19192300,EFA,Factor,2026-09-24
2021-08-17,68.54801177978516,80.23999786376953,80.23999786376953,80.41999816894531,79.88999938964844,23555000,EFA,Factor,2026-09-24
2021-08-18,68.28318786621094,79.93000030517578,80.22000122070312,80.52999877929688,79.91999816894531,16384700,EFA,Factor,2026-09-24
2021-08-19,67.60830688476562,79.13999938964844,78.88999938964844,79.3499984741211,78.8499984741211,30515300,EFA,Factor,2026-09-24
2021-08-20,67.87313842773438,79.44999694824219,78.91000366210938,79.47000122070312,78.81999969482422,15774200,EFA,Factor,2026-09-24
2021-08-23,68.50530242919922,80.19000244140625,79.87999725341797,80.27999877929688,79.8499984741211,22524800,EFA,Factor,2026-09-24
2021-08-24,68.65052032470703,80.36000061035156,80.16000366210938,80.48999786376953,80.08000183105469,13722900,EFA,Factor,2026-09-24
2021-08-25,68.67615509033203,80.38999938964844,80.27999877929688,80.47000122070312,80.1500015258789,12891400,EFA,Factor,2026-09-24
2021-08-26,68.31735229492188,79.97000122070312,80.12999725341797,80.23999786376953,79.8499984741211,16927900,EFA,Factor,2026-09-24
2021-08-27,68.94099426269531,80.69999694824219,79.98999786376953,80.7699966430664,79.95999908447266,24935800,EFA,Factor,2026-09-24
2021-08-30,68.92391204833984,80.68000030517578,80.66999816894531,80.80000305175781,80.55999755859375,8142000,EFA,Factor,2026-09-24
2021-08-31,68.88973999023438,80.63999938964844,80.81999969482422,80.83000183105469,80.48999786376953,18738400,EFA,Factor,2026-09-24
2021-09-01,69.51335906982422,81.37000274658203,81.26000213623047,81.58999633789062,81.20999908447266,30472100,EFA,Factor,2026-09-24
2021-09-02,69.79528045654297,81.69999694824219,81.70999908447266,81.87999725341797,81.61000061035156,13827400,EFA,Factor,2026-09-24
2021-09-03,70.1113510131836,82.06999969482422,81.80000305175781,82.18000030517578,81.69000244140625,16303200,EFA,Factor,2026-09-24
2021-09-07,70.1626205444336,82.12999725341797,82.19999694824219,82.29000091552734,82.08000183105469,13967800,EFA,Factor,2026-09-24
2021-09-08,69.6073226928711,81.4800033569336,81.77999877929688,81.91999816894531,81.3499984741211,22764200,EFA,Factor,2026-09-24
2021-09-09,69.48771667480469,81.33999633789062,81.44999694824219,81.76000213623047,81.2699966430664,18963300,EFA,Factor,2026-09-24
2021-09-10,69.33396911621094,81.16000366210938,81.91999816894531,81.9800033569336,81.13999938964844,26709900,EFA,Factor,2026-09-24
2021-09-13,69.88069915771484,81.80000305175781,81.94999694824219,81.95999908447266,81.5199966430664,22335000,EFA,Factor,2026-09-24
2021-09-14,69.59024047851562,81.45999908447266,82.04000091552734,82.05000305175781,81.37999725341797,19177500,EFA,Factor,2026-09-24
2021-09-15,69.79528045654297,81.69999694824219,81.37999725341797,81.70999908447266,81.22000122070312,26233800,EFA,Factor,2026-09-24
2021-09-16,69.68421173095703,81.56999969482422,81.3499984741211,81.58999633789062,81.12999725341797,25765500,EFA,Factor,2026-09-24
2021-09-17,68.77012634277344,80.5,81.06999969482422,81.20999908447266,80.2300033569336,37070600,EFA,Factor,2026-09-24
2021-09-20,67.49723815917969,79.01000213623047,78.73999786376953,79.19999694824219,78.33000183105469,45028000,EFA,Factor,2026-09-24
2021-09-21,68.16358184814453,79.79000091552734,80.08000183105469,80.20999908447266,79.68000030517578,37472300,EFA,Factor,2026-09-24
2021-09-22,68.50530242919922,80.19000244140625,80.18000030517578,80.80000305175781,80.12000274658203,28718400,EFA,Factor,2026-09-24
2021-09-23,69.24852752685547,81.05999755859375,80.81999969482422,81.22000122070312,80.7699966430664,31257800,EFA,Factor,2026-09-24
2021-09-24,68.5992660522461,80.30000305175781,80.22000122070312,80.5,80.16999816894531,20066300,EFA,Factor,2026-09-24
2021-09-27,68.55655670166016,80.25,80.06999969482422,80.33000183105469,79.97000122070312,15526500,EFA,Factor,2026-09-24
2021-09-28,67.06155395507812,78.5,79.04000091552734,79.08000183105469,78.23999786376953,48064900,EFA,Factor,2026-09-24
2021-09-29,66.90779113769531,78.31999969482422,78.70999908447266,78.76000213623047,78.23999786376953,31733200,EFA,Factor,2026-09-24
2021-09-30,66.64295196533203,78.01000213623047,78.4000015258789,78.5199966430664,77.81999969482422,39506300,EFA,Factor,2026-09-24
2021-10-01,66.8052749633789,78.19999694824219,78.05000305175781,78.37999725341797,77.5,44524800,EFA,Factor,2026-09-24
2021-10-04,66.10474395751953,77.37999725341797,77.95999908447266,78.05999755859375,77.0999984741211,32751400,EFA,Factor,2026-09-24
2021-10-05,66.55754089355469,77.91000366210938,77.55000305175781,78.19000244140625,77.45999908447266,25903300,EFA,Factor,2026-09-24
2021-10-06,66.11331176757812,77.38999938964844,76.6500015258789,77.43000030517578,76.43000030517578,36917200,EFA,Factor,2026-09-24
2021-10-07,66.62586212158203,77.98999786376953,77.80999755859375,78.30999755859375,77.80000305175781,19908700,EFA,Factor,2026-09-24
2021-10-08,66.61732482910156,77.9800033569336,78.19000244140625,78.25,77.83999633789062,23628700,EFA,Factor,2026-09-24
2021-10-11,66.40376281738281,77.7300033569336,78.16000366210938,78.41000366210938,77.72000122070312,23542500,EFA,Factor,2026-09-24
2021-10-12,66.43792724609375,77.7699966430664,77.87000274658203,78.04000091552734,77.62999725341797,18697400,EFA,Factor,2026-09-24
2021-10-13,67.09571838378906,78.54000091552734,78.18000030517578,78.63999938964844,78.0,23073600,EFA,Factor,2026-09-24
2021-10-14,67.76206970214844,79.31999969482422,79.29000091552734,79.4000015258789,79.11000061035156,19304400,EFA,Factor,2026-09-24
2021-10-15,68.3259048461914,79.9800033569336,79.76000213623047,80.0,79.66999816894531,24447200,EFA,Factor,2026-09-24
2021-10-18,68.03545379638672,79.63999938964844,79.37999725341797,79.68000030517578,79.23999786376953,19044700,EFA,Factor,2026-09-24
2021-10-19,68.44550323486328,80.12000274658203,79.94999694824219,80.25,79.9000015258789,14649000,EFA,Factor,2026-09-24
2021-10-20,68.68470001220703,80.4000015258789,80.19999694824219,80.5,80.12000274658203,11235500,EFA,Factor,2026-09-24
2021-10-21,68.36005401611328,80.0199966430664,79.87999725341797,80.1500015258789,79.83999633789062,16278800,EFA,Factor,2026-09-24
2021-10-22,68.77012634277344,80.5,80.37000274658203,80.66000366210938,80.1500015258789,22173500,EFA,Factor,2026-09-24
2021-10-25,68.63345336914062,80.33999633789062,80.29000091552734,80.47000122070312,80.05999755859375,13658000,EFA,Factor,2026-09-24
2021-10-26,68.77012634277344,80.5,80.83000183105469,80.83000183105469,80.38999938964844,10552900,EFA,Factor,2026-09-24
2021-10-27,68.49674987792969,80.18000030517578,80.51000213623047,80.62999725341797,80.16000366210938,18449000,EFA,Factor,2026-09-24
2021-10-28,69.16309356689453,80.95999908447266,80.56999969482422,81.0199966430664,80.55000305175781,15260200,EFA,Factor,2026-09-24
2021-10-29,68.76158142089844,80.48999786376953,80.2699966430664,80.55000305175781,80.19000244140625,25406900,EFA,Factor,2026-09-24
2021-11-01,69.42793273925781,81.2699966430664,80.94999694824219,81.30000305175781,80.79000091552734,20337400,EFA,Factor,2026-09-24
2021-11-02,69.28269958496094,81.0999984741211,81.02999877929688,81.20999908447266,80.9800033569336,10184500,EFA,Factor,2026-09-24
2021-11-03,69.84652709960938,81.76000213623047,81.06999969482422,81.79000091552734,80.94000244140625,14911000,EFA,Factor,2026-09-24
2021-11-04,69.80382537841797,81.70999908447266,81.52999877929688,81.70999908447266,81.3499984741211,14083300,EFA,Factor,2026-09-24
2021-11-05,69.90632629394531,81.83000183105469,81.69999694824219,81.83000183105469,81.4800033569336,15593600,EFA,Factor,2026-09-24
2021-11-08,69.89778900146484,81.81999969482422,81.87000274658203,82.0,81.7300033569336,9065900,EFA,Factor,2026-09-24
2021-11-09,69.74402618408203,81.63999938964844,81.87000274658203,81.91999816894531,81.38999938964844,16011200,EFA,Factor,2026-09-24
2021-11-10,68.89826965332031,80.6500015258789,81.30000305175781,81.44000244140625,80.54000091552734,21546800,EFA,Factor,2026-09-24
2021-11-11,69.1460189819336,80.94000244140625,81.05999755859375,81.16000366210938,80.88999938964844,9264600,EFA,Factor,2026-09-24
2021-11-12,69.52190399169922,81.37999725341797,81.20999908447266,81.44000244140625,81.0999984741211,14817900,EFA,Factor,2026-09-24
2021-11-15,69.39376068115234,81.2300033569336,81.58000183105469,81.5999984741211,81.18000030517578,14064500,EFA,Factor,2026-09-24
2021-11-16,69.23998260498047,81.05000305175781,81.22000122070312,81.30999755859375,81.0199966430664,12167900,EFA,Factor,2026-09-24
2021-11-17,69.15455627441406,80.94999694824219,80.87999725341797,81.02999877929688,80.80000305175781,10415400,EFA,Factor,2026-09-24
2021-11-18,69.22290802001953,81.02999877929688,80.94000244140625,81.08000183105469,80.6500015258789,13236800,EFA,Factor,2026-09-24
2021-11-19,68.63345336914062,80.33999633789062,80.58999633789062,80.66999816894531,80.29000091552734,20761900,EFA,Factor,2026-09-24
2021-11-22,68.23194885253906,79.87000274658203,80.2300033569336,80.47000122070312,79.8499984741211,17802300,EFA,Factor,2026-09-24
2021-11-23,68.16358184814453,79.79000091552734,79.69999694824219,79.98999786376953,79.37000274658203,26736800,EFA,Factor,2026-09-24
2021-11-24,67.71082305908203,79.26000213623047,78.66000366210938,79.2699966430664,78.62000274658203,20238700,EFA,Factor,2026-09-24
2021-11-26,65.89117431640625,77.12999725341797,77.7300033569336,77.81999969482422,76.86000061035156,37776000,EFA,Factor,2026-09-24
2021-11-29,66.22434997558594,77.5199966430664,77.73999786376953,77.80999755859375,77.16999816894531,31913600,EFA,Factor,2026-09-24
2021-11-30,65.6434326171875,76.83999633789062,77.3499984741211,77.58999633789062,76.16999816894531,52770800,EFA,Factor,2026-09-24
2021-12-01,65.26754760742188,76.4000015258789,77.88999938964844,78.25,76.38999938964844,43883900,EFA,Factor,2026-09-24
2021-12-02,66.07911682128906,77.3499984741211,76.87999725341797,77.58999633789062,76.80000305175781,42264500,EFA,Factor,2026-09-24
2021-12-03,65.80574798583984,77.02999877929688,77.5999984741211,77.69999694824219,76.56999969482422,46147500,EFA,Factor,2026-09-24
2021-12-06,66.43792724609375,77.7699966430664,77.55000305175781,77.91999816894531,77.27999877929688,30884300,EFA,Factor,2026-09-24
2021-12-07,67.83895111083984,79.41000366210938,78.7699966430664,79.43000030517578,78.7699966430664,28244900,EFA,Factor,2026-09-24
2021-12-08,67.96710205078125,79.55999755859375,79.47000122070312,79.68000030517578,79.27999877929688,21619400,EFA,Factor,2026-09-24
2021-12-09,67.40326690673828,78.9000015258789,79.04000091552734,79.12999725341797,78.83999633789062,32026500,EFA,Factor,2026-09-24
2021-12-10,67.54849243164062,79.06999969482422,79.04000091552734,79.13999938964844,78.77999877929688,23412200,EFA,Factor,2026-09-24
2021-12-13,66.91576385498047,76.98999786376953,77.38999938964844,77.48999786376953,76.9000015258789,27594700,EFA,Factor,2026-09-24
2021-12-14,66.55941009521484,76.58000183105469,76.66999816894531,76.95999908447266,76.23999786376953,30040400,EFA,Factor,2026-09-24
2021-12-15,67.46333312988281,77.62000274658203,76.79000091552734,77.63999938964844,76.43000030517578,31109400,EFA,Factor,2026-09-24
2021-12-16,67.47200775146484,77.62999725341797,78.0,78.08000183105469,77.44000244140625,44621100,EFA,Factor,2026-09-24
2021-12-17,66.62024688720703,76.6500015258789,77.05999755859375,77.25,76.5999984741211,44476200,EFA,Factor,2026-09-24
2021-12-20,66.47249603271484,76.4800033569336,76.19999694824219,76.52999877929688,76.0,26303400,EFA,Factor,2026-09-24
2021-12-21,67.2112808227539,77.33000183105469,76.8499984741211,77.37000274658203,76.79000091552734,22744100,EFA,Factor,2026-09-24
2021-12-22,67.83705139160156,78.05000305175781,77.22000122070312,78.0999984741211,77.18000030517578,21609700,EFA,Factor,2026-09-24
2021-12-23,68.23686981201172,78.51000213623047,78.12999725341797,78.69000244140625,78.12000274658203,28320000,EFA,Factor,2026-09-24
2021-12-27,68.76705169677734,79.12000274658203,78.55000305175781,79.12000274658203,78.54000091552734,15219700,EFA,Factor,2026-09-24
2021-12-28,68.79312133789062,79.1500015258789,79.19999694824219,79.38999938964844,79.11000061035156,15631300,EFA,Factor,2026-09-24
2021-12-29,68.76705169677734,79.12000274658203,79.05000305175781,79.22000122070312,78.93000030517578,15046900,EFA,Factor,2026-09-24
2021-12-30,68.58676147460938,78.75,79.02999877929688,79.12999725341797,78.69000244140625,20617500,EFA,Factor,2026-09-24
2021-12-31,68.52580261230469,78.68000030517578,78.73999786376953,79.08000183105469,78.62999725341797,23252200,EFA,Factor,2026-09-24
2022-01-03,68.96998596191406,79.19000244140625,79.13999938964844,79.22000122070312,78.77999877929688,24096900,EFA,Factor,2026-09-24
2022-01-04,69.36190795898438,79.63999938964844,79.68000030517578,79.87999725341797,79.43000030517578,24314300,EFA,Factor,2026-09-24
2022-01-05,68.75224304199219,78.94000244140625,79.94000244140625,80.04000091552734,78.94000244140625,24704100,EFA,Factor,2026-09-24
2022-01-06,68.40386199951172,78.54000091552734,78.68000030517578,78.91999816894531,78.33000183105469,32472900,EFA,Factor,2026-09-24
2022-01-07,68.60417938232422,78.7699966430664,78.5,78.88999938964844,78.19999694824219,22833900,EFA,Factor,2026-09-24
2022-01-10,67.96841430664062,78.04000091552734,77.88999938964844,78.08999633789062,77.36000061035156,45587600,EFA,Factor,2026-09-24
2022-01-11,68.70868682861328,78.88999938964844,78.08999633789062,78.91999816894531,77.87000274658203,30847000,EFA,Factor,2026-09-24
2022-01-12,69.37932586669922,79.66000366210938,79.37999725341797,79.72000122070312,79.30000305175781,30780700,EFA,Factor,2026-09-24
2022-01-13,68.87417602539062,79.08000183105469,79.88999938964844,79.94000244140625,78.9800033569336,24991200,EFA,Factor,2026-09-24
2022-01-14,68.80448913574219,79.0,78.77999877929688,79.16000366210938,78.51000213623047,26136500,EFA,Factor,2026-09-24
2022-01-18,67.79419708251953,77.83999633789062,78.06999969482422,78.26000213623047,77.66000366210938,37504600,EFA,Factor,2026-09-24
2022-01-19,67.73323822021484,77.7699966430664,78.2300033569336,78.37999725341797,77.70999908447266,34437700,EFA,Factor,2026-09-24
2022-01-20,67.40229034423828,77.38999938964844,78.05000305175781,78.44999694824219,77.29000091552734,38225400,EFA,Factor,2026-09-24
2022-01-21,66.48778533935547,76.33999633789062,77.1500015258789,77.23999786376953,76.20999908447266,60761300,EFA,Factor,2026-09-24
2022-01-24,65.82586669921875,75.58000183105469,74.91000366210938,75.61000061035156,73.55000305175781,85455900,EFA,Factor,2026-09-24
2022-01-25,65.42523956298828,75.12000274658203,74.68000030517578,75.62999725341797,74.0999984741211,54516800,EFA,Factor,2026-09-24
2022-01-26,65.17266082763672,74.83000183105469,76.04000091552734,76.16999816894531,74.45999908447266,55217000,EFA,Factor,2026-09-24
2022-01-27,64.86782836914062,74.4800033569336,74.97000122070312,75.30999755859375,74.19000244140625,46252100,EFA,Factor,2026-09-24
2022-01-28,65.0855712890625,74.7300033569336,73.9800033569336,74.73999786376953,73.52999877929688,44588300,EFA,Factor,2026-09-24
2022-01-31,66.03490447998047,75.81999969482422,74.70999908447266,75.86000061035156,74.69000244140625,38299200,EFA,Factor,2026-09-24
2022-02-01,66.6619873046875,76.54000091552734,76.29000091552734,76.55000305175781,75.75,53240700,EFA,Factor,2026-09-24
2022-02-02,67.15841674804688,77.11000061035156,77.16000366210938,77.20999908447266,76.7300033569336,35225900,EFA,Factor,2026-09-24
2022-02-03,66.09586334228516,75.88999938964844,76.38999938964844,76.6500015258789,75.87000274658203,46207200,EFA,Factor,2026-09-24
2022-02-04,66.25263214111328,76.06999969482422,75.75,76.41999816894531,75.5199966430664,32188300,EFA,Factor,2026-09-24
2022-02-07,66.36585235595703,76.19999694824219,76.12999725341797,76.58999633789062,76.05999755859375,17045500,EFA,Factor,2026-09-24
2022-02-08,66.70552825927734,76.58999633789062,76.19000244140625,76.69999694824219,76.0,27066900,EFA,Factor,2026-09-24
2022-02-09,67.78549194335938,77.83000183105469,77.66000366210938,77.8499984741211,77.5199966430664,26858900,EFA,Factor,2026-09-24
2022-02-10,66.92324829101562,76.83999633789062,76.72000122070312,77.9000015258789,76.68000030517578,27349500,EFA,Factor,2026-09-24
2022-02-11,65.9129638671875,75.68000030517578,76.80999755859375,77.11000061035156,75.45999908447266,51519400,EFA,Factor,2026-09-24
2022-02-14,65.4862060546875,75.19000244140625,75.37000274658203,75.44999694824219,74.66999816894531,45356000,EFA,Factor,2026-09-24
2022-02-15,66.68810272216797,76.56999969482422,76.08000183105469,76.61000061035156,76.0,30223600,EFA,Factor,2026-09-24
2022-02-16,66.940673828125,76.86000061035156,76.2699966430664,77.0199966430664,76.2300033569336,22557600,EFA,Factor,2026-09-24
2022-02-17,65.86071014404297,75.62000274658203,76.29000091552734,76.33000183105469,75.58999633789062,34691300,EFA,Factor,2026-09-24
2022-02-18,65.5820083618164,75.30000305175781,75.66000366210938,75.86000061035156,75.08000183105469,34752000,EFA,Factor,2026-09-24
2022-02-22,64.8155746459961,74.41999816894531,74.62000274658203,75.05000305175781,73.93000030517578,32967600,EFA,Factor,2026-09-24
2022-02-23,64.2843017578125,73.80999755859375,75.16999816894531,75.18000030517578,73.66000366210938,39771800,EFA,Factor,2026-09-24
2022-02-24,63.42207336425781,72.81999969482422,71.11000061035156,72.86000061035156,70.9800033569336,72044600,EFA,Factor,2026-09-24
2022-02-25,65.0071792602539,74.63999938964844,73.45999908447266,74.68000030517578,73.4000015258789,47641800,EFA,Factor,2026-09-24
2022-02-28,63.77043151855469,73.22000122070312,73.11000061035156,74.16000366210938,72.87999725341797,50821600,EFA,Factor,2026-09-24
2022-03-01,62.3769416809082,71.62000274658203,72.91000366210938,73.12000274658203,71.2300033569336,49003900,EFA,Factor,2026-09-24
2022-03-02,63.16077423095703,72.5199966430664,72.12999725341797,72.72000122070312,71.87000274658203,43906000,EFA,Factor,2026-09-24
2022-03-03,61.91533660888672,71.08999633789062,72.22000122070312,72.2699966430664,70.87999725341797,44389700,EFA,Factor,2026-09-24
2022-03-04,60.121185302734375,69.02999877929688,69.11000061035156,69.27999877929688,68.43000030517578,54455500,EFA,Factor,2026-09-24
2022-03-07,58.21382522583008,66.83999633789062,68.58999633789062,68.69999694824219,66.54000091552734,55499400,EFA,Factor,2026-09-24
2022-03-08,58.71896743774414,67.41999816894531,67.48999786376953,68.73999786376953,66.55000305175781,56682500,EFA,Factor,2026-09-24
2022-03-09,61.1750373840332,70.23999786376953,69.54000091552734,70.70999908447266,69.1500015258789,55565000,EFA,Factor,2026-09-24
2022-03-10,60.443443298339844,69.4000015258789,69.25,69.86000061035156,68.98999786376953,33804200,EFA,Factor,2026-09-24
2022-03-11,59.790245056152344,68.6500015258789,69.95999908447266,70.05999755859375,68.55000305175781,32380700,EFA,Factor,2026-09-24
2022-03-14,60.33893585205078,69.27999877929688,69.69000244140625,70.16999816894531,69.13999938964844,32048200,EFA,Factor,2026-09-24
2022-03-15,60.91375732421875,69.94000244140625,69.6500015258789,70.0999984741211,69.30999755859375,36961200,EFA,Factor,2026-09-24
2022-03-16,63.099815368652344,72.44999694824219,71.4000015258789,72.5,70.77999877929688,44821400,EFA,Factor,2026-09-24
2022-03-17,63.63109588623047,73.05999755859375,72.13999938964844,73.20999908447266,72.08000183105469,35025600,EFA,Factor,2026-09-24
2022-03-18,64.24945831298828,73.7699966430664,72.44999694824219,73.83000183105469,72.31999969482422,36684100,EFA,Factor,2026-09-24
2022-03-21,63.84882354736328,73.30999755859375,73.55999755859375,73.72000122070312,72.93000030517578,29985700,EFA,Factor,2026-09-24
2022-03-22,64.44978332519531,74.0,73.76000213623047,74.13999938964844,73.69999694824219,21840800,EFA,Factor,2026-09-24
2022-03-23,63.613677978515625,73.04000091552734,73.18000030517578,73.5199966430664,73.02999877929688,22375800,EFA,Factor,2026-09-24
2022-03-24,64.20591735839844,73.72000122070312,73.27999877929688,73.72000122070312,73.16000366210938,22098200,EFA,Factor,2026-09-24
2022-03-25,64.24076080322266,73.76000213623047,73.66000366210938,73.86000061035156,73.25,18372100,EFA,Factor,2026-09-24
2022-03-28,64.0317153930664,73.5199966430664,73.29000091552734,73.56999969482422,72.95999908447266,24829900,EFA,Factor,2026-09-24
2022-03-29,65.45137786865234,75.1500015258789,75.18000030517578,75.37999725341797,74.48999786376953,25591200,EFA,Factor,2026-09-24
2022-03-30,65.1813735961914,74.83999633789062,74.87999725341797,75.13999938964844,74.55999755859375,22487000,EFA,Factor,2026-09-24
2022-03-31,64.10140991210938,73.5999984741211,74.30000305175781,74.58000183105469,73.5199966430664,31677200,EFA,Factor,2026-09-24
2022-04-01,64.70235443115234,74.29000091552734,74.05999755859375,74.30999755859375,73.73999786376953,23182800,EFA,Factor,2026-09-24
2022-04-04,64.96363067626953,74.58999633789062,74.12999725341797,74.62000274658203,74.05000305175781,20875700,EFA,Factor,2026-09-24
2022-04-05,64.083984375,73.58000183105469,74.11000061035156,74.37999725341797,73.38999938964844,27759400,EFA,Factor,2026-09-24
2022-04-06,63.31755828857422,72.69999694824219,72.66000366210938,73.08999633789062,72.29000091552734,30692700,EFA,Factor,2026-09-24
2022-04-07,63.45691680908203,72.86000061035156,72.7699966430664,73.0999984741211,72.23999786376953,27838500,EFA,Factor,2026-09-24
2022-04-08,63.483036041259766,72.88999938964844,72.58999633789062,73.19000244140625,72.48999786376953,21937200,EFA,Factor,2026-09-24
2022-04-11,62.81240463256836,72.12000274658203,72.58000183105469,72.75,72.06999969482422,22149900,EFA,Factor,2026-09-24
2022-04-12,62.342098236083984,71.58000183105469,72.2300033569336,72.41000366210938,71.4000015258789,28916200,EFA,Factor,2026-09-24
2022-04-13,63.01272201538086,72.3499984741211,71.56999969482422,72.38999938964844,71.56999969482422,20164900,EFA,Factor,2026-09-24
2022-04-14,62.725318908691406,72.0199966430664,72.48999786376953,72.62000274658203,71.9800033569336,19861900,EFA,Factor,2026-09-24
2022-04-18,62.359519958496094,71.5999984741211,71.69999694824219,72.12999725341797,71.47000122070312,18508900,EFA,Factor,2026-09-24
2022-04-19,62.6556396484375,71.94000244140625,71.18000030517578,72.02999877929688,71.18000030517578,24863500,EFA,Factor,2026-09-24
2022-04-20,63.073692321777344,72.41999816894531,72.5,72.66000366210938,72.19999694824219,30249800,EFA,Factor,2026-09-24
2022-04-21,62.39434814453125,71.63999938964844,73.08999633789062,73.22000122070312,71.51000213623047,32960800,EFA,Factor,2026-09-24
2022-04-22,61.3753662109375,70.47000122070312,71.52999877929688,71.54000091552734,70.4000015258789,34878400,EFA,Factor,2026-09-24
2022-04-25,61.07923126220703,70.12999725341797,69.70999908447266,70.19000244140625,69.16000366210938,37193600,EFA,Factor,2026-09-24
2022-04-26,59.37217330932617,68.16999816894531,69.56999969482422,69.61000061035156,68.12999725341797,41284200,EFA,Factor,2026-09-24
2022-04-27,59.642189025878906,68.4800033569336,68.43000030517578,68.94999694824219,68.06999969482422,43593100,EFA,Factor,2026-09-24
2022-04-28,60.48698425292969,69.44999694824219,68.91000366210938,69.62000274658203,68.30000305175781,32154000,EFA,Factor,2026-09-24
2022-04-29,59.781524658203125,68.63999938964844,69.69999694824219,70.12000274658203,68.56999969482422,54305300,EFA,Factor,2026-09-24
2022-05-02,59.63347244262695,68.47000122070312,68.38999938964844,68.73999786376953,67.66000366210938,45813900,EFA,Factor,2026-09-24
2022-05-03,60.0776481628418,68.9800033569336,68.93000030517578,69.23999786376953,68.69999694824219,39643500,EFA,Factor,2026-09-24
2022-05-04,61.13148880004883,70.19000244140625,69.0,70.30999755859375,68.19999694824219,47419100,EFA,Factor,2026-09-24
2022-05-05,59.16315841674805,67.93000030517578,69.18000030517578,69.22000122070312,67.41999816894531,38827000,EFA,Factor,2026-09-24
2022-05-06,58.588340759277344,67.2699966430664,67.44000244140625,67.69000244140625,66.8499984741211,48268900,EFA,Factor,2026-09-24
2022-05-09,56.82032012939453,65.23999786376953,66.04000091552734,66.1500015258789,65.11000061035156,50145000,EFA,Factor,2026-09-24
2022-05-10,57.24708938598633,65.7300033569336,66.4000015258789,66.44000244140625,65.23999786376953,57682400,EFA,Factor,2026-09-24
2022-05-11,56.90740966796875,65.33999633789062,65.91000366210938,66.7699966430664,65.26000213623047,49751100,EFA,Factor,2026-09-24
2022-05-12,56.768070220947266,65.18000030517578,64.93000030517578,65.80000305175781,64.62999725341797,39410900,EFA,Factor,2026-09-24
2022-05-13,58.34446716308594,66.98999786376953,66.13999938964844,67.0199966430664,66.12000274658203,34682200,EFA,Factor,2026-09-24
2022-05-16,58.396728515625,67.05000305175781,66.69000244140625,67.3499984741211,66.47000122070312,21254300,EFA,Factor,2026-09-24
2022-05-17,59.485416412353516,68.30000305175781,68.16000366210938,68.3499984741211,67.77999877929688,31487000,EFA,Factor,2026-09-24
2022-05-18,58.06576919555664,66.66999816894531,67.70999908447266,67.80999755859375,66.56999969482422,23553000,EFA,Factor,2026-09-24
2022-05-19,58.623165130615234,67.30999755859375,66.58999633789062,67.69999694824219,66.56999969482422,35999600,EFA,Factor,2026-09-24
2022-05-20,59.0238037109375,67.7699966430664,68.08000183105469,68.1500015258789,66.91000366210938,36357000,EFA,Factor,2026-09-24
2022-05-23,60.0253791809082,68.91999816894531,68.48999786376953,69.06999969482422,68.37000274658203,23838500,EFA,Factor,2026-09-24
2022-05-24,59.92958450317383,68.80999755859375,68.69999694824219,69.04000091552734,68.33999633789062,19504600,EFA,Factor,2026-09-24
2022-05-25,59.94701385498047,68.83000183105469,68.33999633789062,69.13999938964844,68.33999633789062,18826400,EFA,Factor,2026-09-24
2022-05-26,60.60892868041992,69.58999633789062,68.93000030517578,69.76000213623047,68.91999816894531,20930500,EFA,Factor,2026-09-24
2022-05-27,61.34051513671875,70.43000030517578,70.04000091552734,70.44999694824219,70.0,13697600,EFA,Factor,2026-09-24
2022-05-31,60.97472381591797,70.01000213623047,70.19000244140625,70.47000122070312,69.83999633789062,25025200,EFA,Factor,2026-09-24
2022-06-01,60.3302116394043,69.2699966430664,70.41999816894531,70.45999908447266,69.05999755859375,28336400,EFA,Factor,2026-09-24
2022-06-02,61.584373474121094,70.70999908447266,69.83000183105469,70.7300033569336,69.58000183105469,21642000,EFA,Factor,2026-09-24
2022-06-03,60.70472717285156,69.69999694824219,69.80999755859375,70.0,69.5,21327200,EFA,Factor,2026-09-24
2022-06-06,60.948585510253906,69.9800033569336,70.51000213623047,70.61000061035156,69.83000183105469,15192300,EFA,Factor,2026-09-24
2022-06-07,61.13148880004883,70.19000244140625,69.27999877929688,70.22000122070312,69.2699966430664,19039600,EFA,Factor,2026-09-24
2022-06-08,60.2779541015625,69.20999908447266,69.41999816894531,69.72000122070312,69.12999725341797,21219400,EFA,Factor,2026-09-24
2022-06-09,59.012088775634766,66.29000091552734,67.3499984741211,67.51000213623047,66.26000213623047,25675700,EFA,Factor,2026-09-24
2022-06-10,57.58774948120117,64.69000244140625,65.05999755859375,65.12999725341797,64.48999786376953,34102000,EFA,Factor,2026-09-24
2022-06-13,55.68269729614258,62.54999923706055,63.029998779296875,63.369998931884766,62.439998626708984,54218000,EFA,Factor,2026-09-24
2022-06-14,55.157474517822266,61.959999084472656,62.529998779296875,62.72999954223633,61.41999816894531,38601700,EFA,Factor,2026-09-24
2022-06-15,56.19011306762695,63.119998931884766,62.63999938964844,63.470001220703125,61.86000061035156,37790700,EFA,Factor,2026-09-24
2022-06-16,54.95272445678711,61.72999954223633,61.59000015258789,62.18000030517578,61.34000015258789,38025300,EFA,Factor,2026-09-24
2022-06-17,54.730167388916016,61.47999954223633,61.68000030517578,62.0,61.119998931884766,43097500,EFA,Factor,2026-09-24
2022-06-21,55.558067321777344,62.40999984741211,62.56999969482422,62.77000045776367,62.380001068115234,31891400,EFA,Factor,2026-09-24
2022-06-22,55.18418502807617,61.9900016784668,61.709999084472656,62.56999969482422,61.619998931884766,30368200,EFA,Factor,2026-09-24
2022-06-23,55.12186050415039,61.91999816894531,61.849998474121094,62.0,61.27000045776367,26482500,EFA,Factor,2026-09-24
2022-06-24,56.76875686645508,63.77000045776367,62.790000915527344,63.790000915527344,62.7400016784668,31235000,EFA,Factor,2026-09-24
2022-06-27,56.52839660644531,63.5,63.65999984741211,63.939998626708984,63.43000030517578,20987600,EFA,Factor,2026-09-24
2022-06-28,56.145606994628906,63.06999969482422,64.0199966430664,64.22000122070312,63.04999923706055,19187400,EFA,Factor,2026-09-24
2022-06-29,55.93195724487305,62.83000183105469,63.099998474121094,63.290000915527344,62.790000915527344,18226800,EFA,Factor,2026-09-24
2022-06-30,55.62928771972656,62.4900016784668,61.709999084472656,62.59000015258789,61.470001220703125,37316200,EFA,Factor,2026-09-24
2022-07-01,55.762821197509766,62.63999938964844,61.709999084472656,62.650001525878906,61.5,26046600,EFA,Factor,2026-09-24
2022-07-05,54.5699348449707,61.29999923706055,60.65999984741211,61.31999969482422,60.40999984741211,30911300,EFA,Factor,2026-09-24
2022-07-06,54.614444732666016,61.349998474121094,61.20000076293945,61.4900016784668,60.86000061035156,18030000,EFA,Factor,2026-09-24
2022-07-07,55.44234085083008,62.279998779296875,61.86000061035156,62.290000915527344,61.849998474121094,17215100,EFA,Factor,2026-09-24
2022-07-08,55.5046501159668,62.349998474121094,62.119998931884766,62.560001373291016,61.849998474121094,13135200,EFA,Factor,2026-09-24
2022-07-11,54.60554504394531,61.34000015258789,61.56999969482422,61.75,61.290000915527344,15757900,EFA,Factor,2026-09-24
2022-07-12,54.59663772583008,61.33000183105469,61.2400016784668,61.83000183105469,61.189998626708984,16350500,EFA,Factor,2026-09-24
2022-07-13,54.5699348449707,61.29999923706055,60.58000183105469,61.54999923706055,60.5099983215332,17907500,EFA,Factor,2026-09-24
2022-07-14,53.804351806640625,60.439998626708984,59.9900016784668,60.4900016784668,59.540000915527344,25329100,EFA,Factor,2026-09-24
2022-07-15,54.658958435058594,61.400001525878906,60.880001068115234,61.439998626708984,60.61000061035156,28570100,EFA,Factor,2026-09-24
2022-07-18,54.88151168823242,61.650001525878906,62.2599983215332,62.41999816894531,61.54999923706055,23785600,EFA,Factor,2026-09-24
2022-07-19,56.3770637512207,63.33000183105469,62.81999969482422,63.349998474121094,62.7599983215332,25474500,EFA,Factor,2026-09-24
2022-07-20,56.003173828125,62.90999984741211,63.130001068115234,63.31999969482422,62.59000015258789,18738200,EFA,Factor,2026-09-24
2022-07-21,56.581809997558594,63.560001373291016,62.77000045776367,63.630001068115234,62.689998626708984,19165500,EFA,Factor,2026-09-24
2022-07-22,56.43937683105469,63.400001525878906,63.83000183105469,64.19000244140625,63.150001525878906,18771500,EFA,Factor,2026-09-24
2022-07-25,56.875579833984375,63.88999938964844,63.880001068115234,63.970001220703125,63.54999923706055,17451300,EFA,Factor,2026-09-24
2022-07-26,56.083290100097656,63.0,63.41999816894531,63.47999954223633,63.0,11610000,EFA,Factor,2026-09-24
2022-07-27,57.409706115722656,64.48999786376953,63.63999938964844,64.55999755859375,63.43000030517578,20945500,EFA,Factor,2026-09-24
2022-07-28,57.70347595214844,64.81999969482422,64.38999938964844,64.94000244140625,64.01000213623047,19385400,EFA,Factor,2026-09-24
2022-07-29,58.504669189453125,65.72000122070312,64.94000244140625,65.76000213623047,64.76000213623047,23958000,EFA,Factor,2026-09-24
2022-08-01,58.584781646728516,65.80999755859375,65.69999694824219,66.08000183105469,65.48999786376953,19450500,EFA,Factor,2026-09-24
2022-08-02,57.65007019042969,64.76000213623047,65.27999877929688,65.45999908447266,64.73999786376953,17857700,EFA,Factor,2026-09-24
2022-08-03,57.988346099853516,65.13999938964844,65.05000305175781,65.26000213623047,64.6500015258789,16011100,EFA,Factor,2026-09-24
2022-08-04,58.28211212158203,65.47000122070312,65.26000213623047,65.58999633789062,65.18000030517578,15153600,EFA,Factor,2026-09-24
2022-08-05,57.87261962890625,65.01000213623047,64.66000366210938,65.12000274658203,64.56999969482422,15130400,EFA,Factor,2026-09-24
2022-08-08,58.00614547729492,65.16000366210938,65.52999877929688,65.76000213623047,65.04000091552734,12069100,EFA,Factor,2026-09-24
2022-08-09,57.694576263427734,64.80999755859375,65.12999725341797,65.23999786376953,64.69999694824219,10867800,EFA,Factor,2026-09-24
2022-08-10,58.9942741394043,66.2699966430664,66.16999816894531,66.48999786376953,65.94000244140625,16870800,EFA,Factor,2026-09-24
2022-08-11,58.97648620605469,66.25,66.52999877929688,66.73999786376953,66.13999938964844,11539400,EFA,Factor,2026-09-24
2022-08-12,59.43049621582031,66.76000213623047,66.29000091552734,66.7699966430664,66.12999725341797,13680300,EFA,Factor,2026-09-24
2022-08-15,59.074405670166016,66.36000061035156,66.19000244140625,66.41000366210938,66.05999755859375,15733100,EFA,Factor,2026-09-24
2022-08-16,59.05659866333008,66.33999633789062,65.94999694824219,66.45999908447266,65.94999694824219,13497100,EFA,Factor,2026-09-24
2022-08-17,58.584781646728516,65.80999755859375,65.69999694824219,66.16999816894531,65.47000122070312,14822100,EFA,Factor,2026-09-24
2022-08-18,58.38893127441406,65.58999633789062,65.7300033569336,65.76000213623047,65.36000061035156,14303900,EFA,Factor,2026-09-24
2022-08-19,57.58774948120117,64.69000244140625,64.97000122070312,65.04000091552734,64.54000091552734,20257600,EFA,Factor,2026-09-24
2022-08-22,56.608516693115234,63.59000015258789,63.9900016784668,64.01000213623047,63.43000030517578,20062200,EFA,Factor,2026-09-24
2022-08-23,56.635215759277344,63.619998931884766,63.43000030517578,64.08999633789062,63.349998474121094,19101400,EFA,Factor,2026-09-24
2022-08-24,56.70643997192383,63.70000076293945,63.349998474121094,63.90999984741211,63.279998779296875,12086600,EFA,Factor,2026-09-24
2022-08-25,57.32958984375,64.4000015258789,63.86000061035156,64.41999816894531,63.720001220703125,13980500,EFA,Factor,2026-09-24
2022-08-26,55.82512664794922,62.709999084472656,64.43000030517578,64.5,62.66999816894531,19338300,EFA,Factor,2026-09-24
2022-08-29,55.70050048828125,62.56999969482422,62.43000030517578,62.83000183105469,62.369998931884766,16199700,EFA,Factor,2026-09-24
2022-08-30,55.299903869628906,62.119998931884766,62.9900016784668,63.060001373291016,61.9900016784668,24907400,EFA,Factor,2026-09-24
2022-08-31,54.926021575927734,61.70000076293945,62.119998931884766,62.349998474121094,61.68000030517578,32178200,EFA,Factor,2026-09-24
2022-09-01,54.1871452331543,60.869998931884766,60.79999923706055,60.93000030517578,60.22999954223633,33526300,EFA,Factor,2026-09-24
2022-09-02,53.831058502197266,60.470001220703125,61.38999938964844,61.84000015258789,60.279998779296875,28234000,EFA,Factor,2026-09-24
2022-09-06,53.69752502441406,60.31999969482422,60.7599983215332,60.88999938964844,60.11000061035156,21862300,EFA,Factor,2026-09-24
2022-09-07,54.169334411621094,60.849998474121094,59.84000015258789,60.86000061035156,59.83000183105469,21289000,EFA,Factor,2026-09-24
2022-09-08,54.2049446105957,60.88999938964844,60.16999816894531,60.970001220703125,60.060001373291016,17589900,EFA,Factor,2026-09-24
2022-09-09,55.58477020263672,62.439998626708984,62.060001373291016,62.5,62.02000045776367,22655100,EFA,Factor,2026-09-24
2022-09-12,56.35926055908203,63.310001373291016,63.220001220703125,63.59000015258789,63.150001525878906,22338600,EFA,Factor,2026-09-24
2022-09-13,54.400794982910156,61.11000061035156,62.130001068115234,62.47999954223633,61.060001373291016,26513900,EFA,Factor,2026-09-24
2022-09-14,54.578834533691406,61.310001373291016,61.29999923706055,61.56999969482422,60.95000076293945,19052800,EFA,Factor,2026-09-24
2022-09-15,54.098121643066406,60.77000045776367,60.86000061035156,61.400001525878906,60.66999816894531,23181900,EFA,Factor,2026-09-24
2022-09-16,53.76874542236328,60.400001525878906,60.2400016784668,60.619998931884766,60.060001373291016,31914300,EFA,Factor,2026-09-24
2022-09-19,53.955692291259766,60.61000061035156,59.709999084472656,60.650001525878906,59.70000076293945,19597500,EFA,Factor,2026-09-24
2022-09-20,53.03876876831055,59.58000183105469,59.77000045776367,59.900001525878906,59.22999954223633,23429600,EFA,Factor,2026-09-24
2022-09-21,52.34440612792969,58.79999923706055,59.529998779296875,60.040000915527344,58.75,22678800,EFA,Factor,2026-09-24
2022-09-22,52.193077087402344,58.630001068115234,59.029998779296875,59.150001525878906,58.349998474121094,25400900,EFA,Factor,2026-09-24
2022-09-23,50.52837371826172,56.7599983215332,57.290000915527344,57.349998474121094,56.310001373291016,33958900,EFA,Factor,2026-09-24
2022-09-26,49.780601501464844,55.91999816894531,56.18000030517578,56.689998626708984,55.619998931884766,41892400,EFA,Factor,2026-09-24
2022-09-27,49.442317962646484,55.540000915527344,56.189998626708984,56.4900016784668,55.220001220703125,38742700,EFA,Factor,2026-09-24
2022-09-28,50.63520050048828,56.880001068115234,55.52000045776367,57.029998779296875,55.349998474121094,35116000,EFA,Factor,2026-09-24
2022-09-29,50.038761138916016,56.209999084472656,56.0099983215332,56.25,55.439998626708984,30971600,EFA,Factor,2026-09-24
2022-09-30,49.860721588134766,56.0099983215332,55.959999084472656,56.70000076293945,55.88999938964844,38527600,EFA,Factor,2026-09-24
2022-10-03,50.84885025024414,57.119998931884766,56.59000015258789,57.36000061035156,56.36000061035156,37451600,EFA,Factor,2026-09-24
2022-10-04,52.88743209838867,59.40999984741211,58.630001068115234,59.5,58.61000061035156,32480200,EFA,Factor,2026-09-24
2022-10-05,52.32660675048828,58.779998779296875,58.41999816894531,59.11000061035156,58.09000015258789,28550700,EFA,Factor,2026-09-24
2022-10-06,51.409690856933594,57.75,58.09000015258789,58.380001068115234,57.689998626708984,28668800,EFA,Factor,2026-09-24
2022-10-07,50.59069061279297,56.83000183105469,57.47999954223633,57.54999923706055,56.63999938964844,22200000,EFA,Factor,2026-09-24
2022-10-10,50.305824279785156,56.5099983215332,56.79999923706055,56.86000061035156,56.18000030517578,26510200,EFA,Factor,2026-09-24
2022-10-11,49.7538948059082,55.88999938964844,56.13999938964844,56.790000915527344,55.709999084472656,26577200,EFA,Factor,2026-09-24
2022-10-12,49.59365463256836,55.709999084472656,55.7400016784668,56.040000915527344,55.54999923706055,24455800,EFA,Factor,2026-09-24
2022-10-13,50.617401123046875,56.86000061035156,54.7400016784668,57.119998931884766,54.61000061035156,48010100,EFA,Factor,2026-09-24
2022-10-14,49.860721588134766,56.0099983215332,57.220001220703125,57.400001525878906,55.95000076293945,28145900,EFA,Factor,2026-09-24
2022-10-17,51.08920669555664,57.38999938964844,57.22999954223633,57.650001525878906,57.220001220703125,32731000,EFA,Factor,2026-09-24
2022-10-18,51.45419692993164,57.79999923706055,58.2400016784668,58.29999923706055,57.380001068115234,26876700,EFA,Factor,2026-09-24
2022-10-19,50.8221435546875,57.09000015258789,57.2599983215332,57.5,56.709999084472656,22958200,EFA,Factor,2026-09-24
2022-10-20,50.706417083740234,56.959999084472656,57.13999938964844,57.79999923706055,56.83000183105469,25989700,EFA,Factor,2026-09-24
2022-10-21,51.62333679199219,57.9900016784668,56.439998626708984,58.0099983215332,56.220001220703125,37761800,EFA,Factor,2026-09-24
2022-10-24,51.632240295410156,58.0,57.779998779296875,58.25,57.4900016784668,20327600,EFA,Factor,2026-09-24
2022-10-25,52.77170944213867,59.279998779296875,58.41999816894531,59.33000183105469,58.40999984741211,21583300,EFA,Factor,2026-09-24
2022-10-26,53.270225524902344,59.84000015258789,59.2599983215332,60.25,59.2400016784668,27095500,EFA,Factor,2026-09-24
2022-10-27,52.77170944213867,59.279998779296875,59.630001068115234,60.08000183105469,59.25,20349600,EFA,Factor,2026-09-24
2022-10-28,53.29693603515625,59.869998931884766,59.189998626708984,59.869998931884766,59.08000183105469,19235500,EFA,Factor,2026-09-24
2022-10-31,52.79841232299805,59.310001373291016,59.20000076293945,59.439998626708984,59.11000061035156,27032700,EFA,Factor,2026-09-24
2022-11-01,53.21681213378906,59.779998779296875,60.5,60.52000045776367,59.5099983215332,42687000,EFA,Factor,2026-09-24
2022-11-02,52.44232940673828,58.90999984741211,59.869998931884766,60.650001525878906,58.90999984741211,30497700,EFA,Factor,2026-09-24
2022-11-03,51.997222900390625,58.40999984741211,58.11000061035156,58.689998626708984,58.060001373291016,23604200,EFA,Factor,2026-09-24
2022-11-04,54.080318450927734,60.75,60.16999816894531,60.81999969482422,59.790000915527344,33756400,EFA,Factor,2026-09-24
2022-11-07,54.249454498291016,60.939998626708984,60.970001220703125,61.209999084472656,60.709999084472656,19904600,EFA,Factor,2026-09-24
2022-11-08,54.863704681396484,61.630001068115234,61.36000061035156,62.0099983215332,61.220001220703125,19882900,EFA,Factor,2026-09-24
2022-11-09,54.098121643066406,60.77000045776367,61.20000076293945,61.63999938964844,60.7599983215332,22418600,EFA,Factor,2026-09-24
2022-11-10,57.13374328613281,64.18000030517578,63.27000045776367,64.18000030517578,62.91999816894531,29640900,EFA,Factor,2026-09-24
2022-11-11,58.27320861816406,65.45999908447266,64.76000213623047,65.55999755859375,64.51000213623047,24071300,EFA,Factor,2026-09-24
2022-11-14,57.658958435058594,64.7699966430664,64.93000030517578,65.3499984741211,64.7699966430664,21599900,EFA,Factor,2026-09-24
2022-11-15,58.041748046875,65.19999694824219,65.81999969482422,65.93000030517578,64.5999984741211,34956600,EFA,Factor,2026-09-24
2022-11-16,57.90822982788086,65.05000305175781,65.30000305175781,65.41000366210938,64.86000061035156,22730400,EFA,Factor,2026-09-24
2022-11-17,57.88152313232422,65.0199966430664,64.22000122070312,65.05999755859375,64.19999694824219,21271100,EFA,Factor,2026-09-24
2022-11-18,57.99725341796875,65.1500015258789,65.31999969482422,65.33000183105469,64.93000030517578,18431100,EFA,Factor,2026-09-24
2022-11-21,57.56104278564453,64.66000366210938,64.5999984741211,64.77999877929688,64.37000274658203,21877400,EFA,Factor,2026-09-24
2022-11-22,58.36223220825195,65.55999755859375,65.06999969482422,65.58000183105469,64.97000122070312,14698700,EFA,Factor,2026-09-24
2022-11-23,59.003177642822266,66.27999877929688,65.68000030517578,66.37999725341797,65.68000030517578,13400800,EFA,Factor,2026-09-24
2022-11-25,59.30585861206055,66.62000274658203,66.36000061035156,66.76000213623047,66.36000061035156,10934400,EFA,Factor,2026-09-24
2022-11-28,58.54027557373047,65.76000213623047,66.29000091552734,66.56999969482422,65.72000122070312,18618500,EFA,Factor,2026-09-24
2022-11-29,58.70941925048828,65.94999694824219,65.91999816894531,66.31999969482422,65.79000091552734,17666900,EFA,Factor,2026-09-24
2022-11-30,59.75096130371094,67.12000274658203,66.47000122070312,67.3499984741211,65.83000183105469,41966500,EFA,Factor,2026-09-24
2022-12-01,60.32958984375,67.7699966430664,67.87000274658203,68.05999755859375,67.41999816894531,24209700,EFA,Factor,2026-09-24
2022-12-02,60.28508377075195,67.72000122070312,67.13999938964844,67.93000030517578,67.13999938964844,36230700,EFA,Factor,2026-09-24
2022-12-05,59.4928092956543,66.83000183105469,67.48999786376953,67.68000030517578,66.63999938964844,26304900,EFA,Factor,2026-09-24
2022-12-06,59.22573471069336,66.52999877929688,66.97000122070312,67.11000061035156,66.25,25663000,EFA,Factor,2026-09-24
2022-12-07,59.22573471069336,66.52999877929688,66.55999755859375,66.80999755859375,66.27999877929688,23274300,EFA,Factor,2026-09-24
2022-12-08,59.528404235839844,66.87000274658203,66.5199966430664,66.94000244140625,66.31999969482422,20080400,EFA,Factor,2026-09-24
2022-12-09,59.56401824951172,66.91000366210938,67.02999877929688,67.41999816894531,66.87000274658203,25772900,EFA,Factor,2026-09-24
2022-12-12,59.7420654296875,67.11000061035156,66.9000015258789,67.11000061035156,66.68000030517578,18725400,EFA,Factor,2026-09-24
2022-12-13,60.58937072753906,67.79000091552734,68.6500015258789,68.77999877929688,67.54000091552734,29377300,EFA,Factor,2026-09-24
2022-12-14,60.535743713378906,67.7300033569336,67.88999938964844,68.33000183105469,67.29000091552734,23707700,EFA,Factor,2026-09-24
2022-12-15,58.98949432373047,66.0,66.88999938964844,67.01000213623047,65.7699966430664,25617500,EFA,Factor,2026-09-24
2022-12-16,58.471107482910156,65.41999816894531,65.45999908447266,65.76000213623047,65.12999725341797,23998700,EFA,Factor,2026-09-24
2022-12-19,58.32810974121094,65.26000213623047,65.62999725341797,65.72000122070312,65.08999633789062,21180700,EFA,Factor,2026-09-24
2022-12-20,58.56047821044922,65.5199966430664,65.4000015258789,65.8499984741211,65.30999755859375,21440600,EFA,Factor,2026-09-24
2022-12-21,59.16824722290039,66.19999694824219,65.91999816894531,66.38999938964844,65.83000183105469,17112200,EFA,Factor,2026-09-24
2022-12-22,58.68561553955078,65.66000366210938,65.94999694824219,65.95999908447266,65.11000061035156,21251200,EFA,Factor,2026-09-24
2022-12-23,58.89118194580078,65.88999938964844,65.55000305175781,65.98999786376953,65.41000366210938,12536600,EFA,Factor,2026-09-24
2022-12-27,58.980552673339844,65.98999786376953,65.94000244140625,66.23999786376953,65.81999969482422,16247400,EFA,Factor,2026-09-24
2022-12-28,58.354915618896484,65.29000091552734,66.12999725341797,66.33000183105469,65.29000091552734,14526900,EFA,Factor,2026-09-24
2022-12-29,59.275508880615234,66.31999969482422,66.04000091552734,66.5,66.0,17455400,EFA,Factor,2026-09-24
2022-12-30,58.66773223876953,65.63999938964844,65.94999694824219,66.18000030517578,65.56999969482422,25629000,EFA,Factor,2026-09-24
2023-01-03,59.186134338378906,66.22000122070312,66.45999908447266,66.83000183105469,65.9000015258789,25179300,EFA,Factor,2026-09-24
2023-01-04,59.97265625,67.0999984741211,67.18000030517578,67.31999969482422,66.70999908447266,26751400,EFA,Factor,2026-09-24
2023-01-05,59.37382125854492,66.43000030517578,66.47000122070312,66.69000244140625,66.30000305175781,17376900,EFA,Factor,2026-09-24
2023-01-06,60.89324188232422,68.12999725341797,66.83000183105469,68.16999816894531,66.44000244140625,17951400,EFA,Factor,2026-09-24
2023-01-09,61.152442932128906,68.41999816894531,68.6500015258789,69.05999755859375,68.37999725341797,23392800,EFA,Factor,2026-09-24
2023-01-10,61.33120346069336,68.62000274658203,68.33000183105469,68.62999725341797,68.16999816894531,18811500,EFA,Factor,2026-09-24
2023-01-11,61.79596710205078,69.13999938964844,68.94999694824219,69.1500015258789,68.73999786376953,17732700,EFA,Factor,2026-09-24
2023-01-12,62.70763397216797,70.16000366210938,69.70999908447266,70.27999877929688,69.0,19767100,EFA,Factor,2026-09-24
2023-01-13,63.03831481933594,70.52999877929688,69.80999755859375,70.55000305175781,69.80999755859375,18092100,EFA,Factor,2026-09-24
2023-01-17,63.23495101928711,70.75,70.77999877929688,71.05999755859375,70.55999755859375,25184100,EFA,Factor,2026-09-24
2023-01-18,63.01150894165039,70.5,71.55000305175781,71.68000030517578,70.5,35935300,EFA,Factor,2026-09-24
2023-01-19,62.91318893432617,70.38999938964844,70.27999877929688,70.54000091552734,70.0199966430664,23519000,EFA,Factor,2026-09-24
2023-01-20,63.467350006103516,71.01000213623047,70.36000061035156,71.02999877929688,70.18000030517578,28289500,EFA,Factor,2026-09-24
2023-01-23,63.72654342651367,71.30000305175781,70.69999694824219,71.30999755859375,70.66999816894531,24252900,EFA,Factor,2026-09-24
2023-01-24,63.646095275878906,71.20999908447266,70.91000366210938,71.36000061035156,70.66999816894531,12996500,EFA,Factor,2026-09-24
2023-01-25,64.06617736816406,71.68000030517578,70.9800033569336,71.73999786376953,70.93000030517578,14250500,EFA,Factor,2026-09-24
2023-01-26,64.11979675292969,71.73999786376953,71.73999786376953,71.81999969482422,71.16000366210938,13272300,EFA,Factor,2026-09-24
2023-01-27,63.99466323852539,71.5999984741211,71.30000305175781,71.76000213623047,71.20999908447266,13986800,EFA,Factor,2026-09-24
2023-01-30,63.583526611328125,71.13999938964844,71.33999633789062,71.66999816894531,71.13999938964844,14111500,EFA,Factor,2026-09-24
2023-01-31,63.94998550415039,71.55000305175781,70.94000244140625,71.58999633789062,70.80000305175781,23544400,EFA,Factor,2026-09-24
2023-02-01,64.52200317382812,72.19000244140625,71.48999786376953,72.44000244140625,70.94000244140625,27861400,EFA,Factor,2026-09-24
2023-02-02,64.4326171875,72.08999633789062,72.37999725341797,72.43000030517578,71.63999938964844,15588000,EFA,Factor,2026-09-24
2023-02-03,63.833778381347656,71.41999816894531,71.38999938964844,72.0,71.26000213623047,18589800,EFA,Factor,2026-09-24
2023-02-06,63.18132781982422,70.69000244140625,70.72000122070312,70.87999725341797,70.33000183105469,18409500,EFA,Factor,2026-09-24
2023-02-07,63.717594146728516,71.29000091552734,70.36000061035156,71.37999725341797,70.22000122070312,19440100,EFA,Factor,2026-09-24
2023-02-08,63.3243293762207,70.8499984741211,71.18000030517578,71.29000091552734,70.72000122070312,18281400,EFA,Factor,2026-09-24
2023-02-09,63.440513610839844,70.9800033569336,71.87000274658203,71.93000030517578,70.8499984741211,10875300,EFA,Factor,2026-09-24
2023-02-10,63.16345977783203,70.66999816894531,70.72000122070312,70.7699966430664,70.36000061035156,16681200,EFA,Factor,2026-09-24
2023-02-13,63.79802322387695,71.37999725341797,70.7699966430664,71.37999725341797,70.69000244140625,11806300,EFA,Factor,2026-09-24
2023-02-14,63.91423034667969,71.51000213623047,71.05000305175781,71.83000183105469,70.86000061035156,14082900,EFA,Factor,2026-09-24
2023-02-15,63.628211975097656,71.19000244140625,70.62999725341797,71.19000244140625,70.56999969482422,14031200,EFA,Factor,2026-09-24
2023-02-16,63.31538772583008,70.83999633789062,70.56999969482422,71.2699966430664,70.48999786376953,13151000,EFA,Factor,2026-09-24
2023-02-17,63.47627639770508,71.0199966430664,70.51000213623047,71.0999984741211,70.38999938964844,13768200,EFA,Factor,2026-09-24
2023-02-21,62.77912902832031,70.23999786376953,70.5199966430664,70.7699966430664,70.19000244140625,14419700,EFA,Factor,2026-09-24
2023-02-22,62.4305534362793,69.8499984741211,70.12000274658203,70.23999786376953,69.69999694824219,12991700,EFA,Factor,2026-09-24
2023-02-23,62.7523078918457,70.20999908447266,70.1500015258789,70.29000091552734,69.56999969482422,25783700,EFA,Factor,2026-09-24
2023-02-24,61.70659255981445,69.04000091552734,69.0199966430664,69.2699966430664,68.76000213623047,25120200,EFA,Factor,2026-09-24
2023-02-27,62.43947982788086,69.86000061035156,69.83999633789062,70.04000091552734,69.63999938964844,19736300,EFA,Factor,2026-09-24
2023-02-28,61.98366165161133,69.3499984741211,69.66000366210938,69.81999969482422,69.31999969482422,28408000,EFA,Factor,2026-09-24
2023-03-01,62.314353942871094,69.72000122070312,69.9000015258789,70.05999755859375,69.45999908447266,20961000,EFA,Factor,2026-09-24
2023-03-02,62.43947982788086,69.86000061035156,69.2300033569336,69.91999816894531,69.20999908447266,20540100,EFA,Factor,2026-09-24
2023-03-03,63.35114288330078,70.87999725341797,70.25,70.91999816894531,70.05999755859375,23663300,EFA,Factor,2026-09-24
2023-03-06,63.19026184082031,70.69999694824219,70.72000122070312,71.0,70.62000274658203,22289600,EFA,Factor,2026-09-24
2023-03-07,62.13559341430664,69.5199966430664,70.5999984741211,70.66000366210938,69.44000244140625,26319800,EFA,Factor,2026-09-24
2023-03-08,62.47523880004883,69.9000015258789,69.73999786376953,70.11000061035156,69.56999969482422,21016200,EFA,Factor,2026-09-24
2023-03-09,62.0194091796875,69.38999938964844,70.02999877929688,70.2699966430664,69.2699966430664,25914100,EFA,Factor,2026-09-24
2023-03-10,61.3580207824707,68.6500015258789,69.41000366210938,69.56999969482422,68.58000183105469,31703800,EFA,Factor,2026-09-24
2023-03-13,60.93793869018555,68.18000030517578,67.93000030517578,68.73999786376953,67.80999755859375,27005100,EFA,Factor,2026-09-24
2023-03-14,61.75126647949219,69.08999633789062,68.88999938964844,69.0999984741211,68.55999755859375,18054000,EFA,Factor,2026-09-24
2023-03-15,59.838584899902344,66.94999694824219,66.52999877929688,67.05000305175781,66.06999969482422,37928500,EFA,Factor,2026-09-24
2023-03-16,60.76812744140625,67.98999786376953,66.61000061035156,67.98999786376953,66.55000305175781,33179100,EFA,Factor,2026-09-24
2023-03-17,60.044158935546875,67.18000030517578,67.37999725341797,67.52999877929688,66.91000366210938,23846200,EFA,Factor,2026-09-24
2023-03-20,60.982635498046875,68.2300033569336,67.93000030517578,68.45999908447266,67.80999755859375,24003200,EFA,Factor,2026-09-24
2023-03-21,61.90322494506836,69.26000213623047,69.2300033569336,69.33000183105469,68.86000061035156,16669400,EFA,Factor,2026-09-24
2023-03-22,61.68871307373047,69.0199966430664,69.37000274658203,70.22000122070312,68.9800033569336,16277900,EFA,Factor,2026-09-24
2023-03-23,61.69765090942383,69.02999877929688,69.62999725341797,70.04000091552734,68.72000122070312,23067200,EFA,Factor,2026-09-24
2023-03-24,61.50996017456055,68.81999969482422,68.54000091552734,68.86000061035156,68.13999938964844,27879000,EFA,Factor,2026-09-24
2023-03-27,62.090911865234375,69.47000122070312,69.23999786376953,69.52999877929688,69.08000183105469,23269300,EFA,Factor,2026-09-24
2023-03-28,62.117733001708984,69.5,69.43000030517578,69.66000366210938,69.33000183105469,20324500,EFA,Factor,2026-09-24
2023-03-29,62.86851119995117,70.33999633789062,70.18000030517578,70.4000015258789,70.05000305175781,29119300,EFA,Factor,2026-09-24
2023-03-30,63.601409912109375,71.16000366210938,71.1500015258789,71.26000213623047,70.98999786376953,21615800,EFA,Factor,2026-09-24
2023-03-31,63.92315673828125,71.5199966430664,71.3499984741211,71.68000030517578,71.3499984741211,28532600,EFA,Factor,2026-09-24
2023-04-03,64.4326171875,72.08999633789062,71.69000244140625,72.11000061035156,71.58999633789062,20737100,EFA,Factor,2026-09-24
2023-04-04,64.44155883789062,72.0999984741211,72.0999984741211,72.31999969482422,71.88999938964844,15364600,EFA,Factor,2026-09-24
2023-04-05,63.99466323852539,71.5999984741211,71.72000122070312,71.91999816894531,71.36000061035156,16313900,EFA,Factor,2026-09-24
2023-04-06,64.2985610961914,71.94000244140625,71.61000061035156,72.12999725341797,71.5199966430664,13659900,EFA,Factor,2026-09-24
2023-04-10,64.25386810302734,71.88999938964844,71.48999786376953,71.9000015258789,71.37999725341797,12854000,EFA,Factor,2026-09-24
2023-04-11,64.46836853027344,72.12999725341797,72.05000305175781,72.25,71.98999786376953,11264100,EFA,Factor,2026-09-24
2023-04-12,64.87950897216797,72.58999633789062,72.77999877929688,72.94000244140625,72.37000274658203,13241500,EFA,Factor,2026-09-24
2023-04-13,65.71072387695312,73.5199966430664,73.19000244140625,73.58000183105469,73.11000061035156,12233000,EFA,Factor,2026-09-24
2023-04-14,65.44259643554688,73.22000122070312,73.48999786376953,73.69000244140625,72.94000244140625,14209900,EFA,Factor,2026-09-24
2023-04-17,65.3263931274414,73.08999633789062,73.0199966430664,73.12000274658203,72.73999786376953,17323800,EFA,Factor,2026-09-24
2023-04-18,65.68391418457031,73.48999786376953,73.45999908447266,73.55000305175781,73.29000091552734,13753400,EFA,Factor,2026-09-24
2023-04-19,65.47834777832031,73.26000213623047,73.12000274658203,73.33999633789062,73.0999984741211,8840800,EFA,Factor,2026-09-24
2023-04-20,65.47834777832031,73.26000213623047,73.08999633789062,73.44000244140625,73.06999969482422,12478600,EFA,Factor,2026-09-24
2023-04-21,65.80902862548828,73.62999725341797,73.3499984741211,73.68000030517578,73.02999877929688,14053000,EFA,Factor,2026-09-24
2023-04-24,65.9788589477539,73.81999969482422,73.62999725341797,73.8499984741211,73.61000061035156,12864900,EFA,Factor,2026-09-24
2023-04-25,65.05825805664062,72.79000091552734,73.4800033569336,73.5199966430664,72.77999877929688,12582200,EFA,Factor,2026-09-24
2023-04-26,65.01358032226562,72.73999786376953,73.23999786376953,73.25,72.6500015258789,16928600,EFA,Factor,2026-09-24
2023-04-27,65.82691955566406,73.6500015258789,73.12000274658203,73.66000366210938,72.97000122070312,14505700,EFA,Factor,2026-09-24
2023-04-28,65.80010223388672,73.62000274658203,73.02999877929688,73.62999725341797,73.01000213623047,16936800,EFA,Factor,2026-09-24
2023-05-01,65.70178985595703,73.51000213623047,73.69000244140625,73.88999938964844,73.48999786376953,24499500,EFA,Factor,2026-09-24
2023-05-02,65.04039001464844,72.7699966430664,72.83000183105469,72.83999633789062,72.33000183105469,12907200,EFA,Factor,2026-09-24
2023-05-03,65.21019744873047,72.95999908447266,73.04000091552734,73.55000305175781,72.94999694824219,13977300,EFA,Factor,2026-09-24
2023-05-04,65.07613372802734,72.80999755859375,72.75,73.06999969482422,72.55999755859375,17411200,EFA,Factor,2026-09-24
2023-05-05,66.03248596191406,73.87999725341797,73.16999816894531,73.98999786376953,73.12000274658203,11096900,EFA,Factor,2026-09-24
2023-05-08,66.05036163330078,73.9000015258789,74.02999877929688,74.05000305175781,73.7699966430664,7533200,EFA,Factor,2026-09-24
2023-05-09,65.7822265625,73.5999984741211,73.29000091552734,73.69999694824219,73.25,14835400,EFA,Factor,2026-09-24
2023-05-10,65.64816284179688,73.44999694824219,73.68000030517578,73.69000244140625,72.98999786376953,14009800,EFA,Factor,2026-09-24
2023-05-11,65.4872817993164,73.2699966430664,73.02999877929688,73.2699966430664,72.72000122070312,14971700,EFA,Factor,2026-09-24
2023-05-12,65.37107849121094,73.13999938964844,73.36000061035156,73.41000366210938,72.87000274658203,15823200,EFA,Factor,2026-09-24
2023-05-15,65.87159729003906,73.69999694824219,73.36000061035156,73.70999908447266,73.27999877929688,10580600,EFA,Factor,2026-09-24
2023-05-16,65.24595642089844,73.0,73.31999969482422,73.44000244140625,72.97000122070312,13335700,EFA,Factor,2026-09-24
2023-05-17,65.54983520507812,73.33999633789062,73.08999633789062,73.38999938964844,72.81999969482422,21491300,EFA,Factor,2026-09-24
2023-05-18,65.45152282714844,73.2300033569336,73.16999816894531,73.26000213623047,72.83000183105469,10657000,EFA,Factor,2026-09-24
2023-05-19,65.83585357666016,73.66000366210938,73.55000305175781,73.83999633789062,73.47000122070312,15971200,EFA,Factor,2026-09-24
2023-05-22,65.85372924804688,73.68000030517578,73.55999755859375,73.81999969482422,73.55000305175781,12122700,EFA,Factor,2026-09-24
2023-05-23,64.88844299316406,72.5999984741211,73.04000091552734,73.1500015258789,72.56999969482422,19215100,EFA,Factor,2026-09-24
2023-05-24,63.941043853759766,71.54000091552734,71.88999938964844,71.91000366210938,71.5,21758100,EFA,Factor,2026-09-24
2023-05-25,63.85166931152344,71.44000244140625,71.51000213623047,71.56999969482422,71.1500015258789,17393700,EFA,Factor,2026-09-24
2023-05-26,64.47731018066406,72.13999938964844,71.75,72.19999694824219,71.73999786376953,11189800,EFA,Factor,2026-09-24
2023-05-30,63.824851989746094,71.41000366210938,71.91999816894531,71.94000244140625,71.20999908447266,13979800,EFA,Factor,2026-09-24
2023-05-31,63.16345977783203,70.66999816894531,70.69000244140625,70.80000305175781,70.12999725341797,32754700,EFA,Factor,2026-09-24
2023-06-01,64.10192108154297,71.72000122070312,71.05000305175781,71.77999877929688,71.0,29681600,EFA,Factor,2026-09-24
2023-06-02,64.93313598632812,72.6500015258789,72.6500015258789,72.76000213623047,72.47000122070312,18693500,EFA,Factor,2026-09-24
2023-06-05,64.55774688720703,72.2300033569336,72.54000091552734,72.61000061035156,72.18000030517578,18029700,EFA,Factor,2026-09-24
2023-06-06,65.09402465820312,72.83000183105469,72.37999725341797,72.87000274658203,72.3499984741211,17811900,EFA,Factor,2026-09-24
2023-06-07,64.52153015136719,70.88999938964844,71.25,71.5,70.83000183105469,29259200,EFA,Factor,2026-09-24
2023-06-08,65.20413970947266,71.63999938964844,71.2300033569336,71.6500015258789,71.11000061035156,15781000,EFA,Factor,2026-09-24
2023-06-09,65.09492492675781,71.5199966430664,71.56999969482422,71.68000030517578,71.4000015258789,15419000,EFA,Factor,2026-09-24
2023-06-12,65.37709045410156,71.83000183105469,71.76000213623047,71.86000061035156,71.58999633789062,15814700,EFA,Factor,2026-09-24
2023-06-13,65.99598693847656,72.51000213623047,72.48999786376953,72.69000244140625,72.37999725341797,17620600,EFA,Factor,2026-09-24
2023-06-14,66.24173736572266,72.77999877929688,72.97000122070312,73.18000030517578,72.37999725341797,17305800,EFA,Factor,2026-09-24
2023-06-15,66.94255828857422,73.55000305175781,72.7699966430664,73.58999633789062,72.72000122070312,14597200,EFA,Factor,2026-09-24
2023-06-16,66.79693603515625,73.38999938964844,73.87999725341797,73.91000366210938,73.36000061035156,20036200,EFA,Factor,2026-09-24
2023-06-20,65.91407012939453,72.41999816894531,72.58999633789062,72.72000122070312,72.2699966430664,16873000,EFA,Factor,2026-09-24
2023-06-21,66.01419830322266,72.52999877929688,72.30000305175781,72.77999877929688,72.19000244140625,11322700,EFA,Factor,2026-09-24
2023-06-22,65.6046142578125,72.08000183105469,72.01000213623047,72.19999694824219,71.94000244140625,11313300,EFA,Factor,2026-09-24
2023-06-23,64.58523559570312,70.95999908447266,70.83000183105469,71.1500015258789,70.80999755859375,15929700,EFA,Factor,2026-09-24
2023-06-26,64.66715240478516,71.05000305175781,71.05000305175781,71.19000244140625,70.94000244140625,12950900,EFA,Factor,2026-09-24
2023-06-27,65.23145294189453,71.66999816894531,71.26000213623047,71.72000122070312,71.05000305175781,11034100,EFA,Factor,2026-09-24
2023-06-28,65.2769546508789,71.72000122070312,71.6500015258789,71.86000061035156,71.5199966430664,9256500,EFA,Factor,2026-09-24
2023-06-29,65.1859359741211,71.62000274658203,71.38999938964844,71.62000274658203,71.3499984741211,6736000,EFA,Factor,2026-09-24
2023-06-30,65.98688507080078,72.5,72.29000091552734,72.55000305175781,72.20999908447266,28381100,EFA,Factor,2026-09-24
2023-07-03,65.91407012939453,72.41999816894531,72.47000122070312,72.58000183105469,72.30999755859375,13375500,EFA,Factor,2026-09-24
2023-07-05,65.17684173583984,71.61000061035156,71.9000015258789,71.93000030517578,71.54000091552734,15971500,EFA,Factor,2026-09-24
2023-07-06,64.0482406616211,70.37000274658203,70.54000091552734,70.55999755859375,69.94000244140625,17415300,EFA,Factor,2026-09-24
2023-07-07,64.53062438964844,70.9000015258789,70.44000244140625,71.22000122070312,70.41000366210938,16721300,EFA,Factor,2026-09-24
2023-07-10,64.71266174316406,71.0999984741211,70.77999877929688,71.12999725341797,70.75,9486000,EFA,Factor,2026-09-24
2023-07-11,65.295166015625,71.73999786376953,71.41000366210938,71.76000213623047,71.22000122070312,12811300,EFA,Factor,2026-09-24
2023-07-12,66.54208374023438,73.11000061035156,72.69000244140625,73.19000244140625,72.56999969482422,16111100,EFA,Factor,2026-09-24
2023-07-13,67.60697174072266,74.27999877929688,74.06999969482422,74.37999725341797,74.04000091552734,12707500,EFA,Factor,2026-09-24
2023-07-14,67.22471618652344,73.86000061035156,74.2300033569336,74.29000091552734,73.83000183105469,12549100,EFA,Factor,2026-09-24
2023-07-17,67.14278411865234,73.7699966430664,73.52999877929688,73.86000061035156,73.41000366210938,15876600,EFA,Factor,2026-09-24
2023-07-18,67.57968139648438,74.25,73.9000015258789,74.33999633789062,73.83000183105469,11519400,EFA,Factor,2026-09-24
2023-07-19,67.54326629638672,74.20999908447266,74.30000305175781,74.44999694824219,74.0199966430664,11138700,EFA,Factor,2026-09-24
2023-07-20,67.1974105834961,73.83000183105469,74.05000305175781,74.25,73.70999908447266,14843900,EFA,Factor,2026-09-24
2023-07-21,67.33393859863281,73.9800033569336,74.0,74.05999755859375,73.7699966430664,10318400,EFA,Factor,2026-09-24
2023-07-24,67.17010498046875,73.80000305175781,73.66000366210938,73.95999908447266,73.62000274658203,9421100,EFA,Factor,2026-09-24
2023-07-25,67.24291229248047,73.87999725341797,73.68000030517578,74.05999755859375,73.66000366210938,9151000,EFA,Factor,2026-09-24
2023-07-26,67.42494201660156,74.08000183105469,73.54000091552734,74.31999969482422,73.5,12325300,EFA,Factor,2026-09-24
2023-07-27,67.27022552490234,73.91000366210938,74.69000244140625,74.69000244140625,73.8499984741211,12775700,EFA,Factor,2026-09-24
2023-07-28,67.75260925292969,74.44000244140625,74.45999908447266,74.73999786376953,74.30000305175781,15891100,EFA,Factor,2026-09-24
2023-07-31,67.77080535888672,74.45999908447266,74.51000213623047,74.70999908447266,74.36000061035156,13797600,EFA,Factor,2026-09-24
2023-08-01,66.92436218261719,73.52999877929688,73.7300033569336,73.94000244140625,73.37999725341797,16707800,EFA,Factor,2026-09-24
2023-08-02,65.67742919921875,72.16000366210938,72.62000274658203,72.7300033569336,72.08000183105469,16805400,EFA,Factor,2026-09-24
2023-08-03,65.49539184570312,71.95999908447266,71.58999633789062,72.16000366210938,71.52999877929688,12745700,EFA,Factor,2026-09-24
2023-08-04,65.67742919921875,72.16000366210938,72.33000183105469,72.91000366210938,72.0999984741211,14079600,EFA,Factor,2026-09-24
2023-08-07,66.23263549804688,72.7699966430664,72.62999725341797,72.79000091552734,72.30000305175781,12940600,EFA,Factor,2026-09-24
2023-08-08,65.83216857910156,72.33000183105469,71.97000122070312,72.38999938964844,71.79000091552734,14144400,EFA,Factor,2026-09-24
2023-08-09,65.81394958496094,72.30999755859375,72.43000030517578,72.62000274658203,72.19000244140625,12188700,EFA,Factor,2026-09-24
2023-08-10,66.09610748291016,72.62000274658203,73.08999633789062,73.51000213623047,72.55000305175781,16788900,EFA,Factor,2026-09-24
2023-08-11,65.65013122558594,72.12999725341797,72.11000061035156,72.37000274658203,71.97000122070312,14863700,EFA,Factor,2026-09-24
2023-08-14,65.35887145996094,71.80999755859375,71.4000015258789,71.87999725341797,71.20999908447266,9959400,EFA,Factor,2026-09-24
2023-08-15,64.54883575439453,70.91999816894531,71.38999938964844,71.41000366210938,70.79000091552734,13863600,EFA,Factor,2026-09-24
2023-08-16,64.02094268798828,70.33999633789062,70.69000244140625,70.97000122070312,70.31999969482422,10940100,EFA,Factor,2026-09-24
2023-08-17,63.565860748291016,69.83999633789062,70.55999755859375,70.63999938964844,69.75,14730500,EFA,Factor,2026-09-24
2023-08-18,63.565860748291016,69.83999633789062,69.31999969482422,69.95999908447266,69.30999755859375,13617500,EFA,Factor,2026-09-24
2023-08-21,63.802486419677734,70.0999984741211,70.0199966430664,70.18000030517578,69.70999908447266,15838400,EFA,Factor,2026-09-24
2023-08-22,63.684173583984375,69.97000122070312,70.43000030517578,70.44999694824219,69.91000366210938,10563000,EFA,Factor,2026-09-24
2023-08-23,64.37590789794922,70.7300033569336,70.25,70.83000183105469,70.23999786376953,12670000,EFA,Factor,2026-09-24
2023-08-24,63.493038177490234,69.76000213623047,70.37999725341797,70.5999984741211,69.7300033569336,14879000,EFA,Factor,2026-09-24
2023-08-25,63.92081832885742,70.2300033569336,70.19999694824219,70.47000122070312,69.5999984741211,11617700,EFA,Factor,2026-09-24
2023-08-28,64.5943374633789,70.97000122070312,70.70999908447266,71.0199966430664,70.69000244140625,12320400,EFA,Factor,2026-09-24
2023-08-29,65.39527893066406,71.8499984741211,70.83000183105469,71.9000015258789,70.76000213623047,12224400,EFA,Factor,2026-09-24
2023-08-30,65.35887145996094,71.80999755859375,71.91000366210938,72.1500015258789,71.70999908447266,12235800,EFA,Factor,2026-09-24
2023-08-31,65.10401916503906,71.52999877929688,71.83999633789062,71.9000015258789,71.30999755859375,13375200,EFA,Factor,2026-09-24
2023-09-01,65.06761169433594,71.48999786376953,72.1500015258789,72.18000030517578,71.30000305175781,17069800,EFA,Factor,2026-09-24
2023-09-05,64.50332641601562,70.87000274658203,71.30999755859375,71.33000183105469,70.86000061035156,12085000,EFA,Factor,2026-09-24
2023-09-06,64.36680603027344,70.72000122070312,70.8499984741211,71.0,70.47000122070312,11294600,EFA,Factor,2026-09-24
2023-09-07,64.15745544433594,70.48999786376953,70.5,70.63999938964844,70.27999877929688,13543000,EFA,Factor,2026-09-24
2023-09-08,64.06643676757812,70.38999938964844,70.38999938964844,70.62000274658203,70.30000305175781,11813900,EFA,Factor,2026-09-24
2023-09-11,64.73086547851562,71.12000274658203,70.9800033569336,71.18000030517578,70.79000091552734,11650900,EFA,Factor,2026-09-24
2023-09-12,64.46691131591797,70.83000183105469,70.76000213623047,71.08000183105469,70.72000122070312,7947100,EFA,Factor,2026-09-24
2023-09-13,64.26667785644531,70.61000061035156,70.68000030517578,70.87999725341797,70.47000122070312,10047900,EFA,Factor,2026-09-24
2023-09-14,65.1131362915039,71.54000091552734,71.1500015258789,71.61000061035156,71.12999725341797,13519800,EFA,Factor,2026-09-24
2023-09-15,64.96749877929688,71.37999725341797,71.69000244140625,71.93000030517578,71.3499984741211,13678500,EFA,Factor,2026-09-24
2023-09-18,64.73995971679688,71.12999725341797,71.08000183105469,71.20999908447266,70.83000183105469,9121300,EFA,Factor,2026-09-24
2023-09-19,64.79457092285156,71.19000244140625,71.25,71.37999725341797,71.01000213623047,10339900,EFA,Factor,2026-09-24
2023-09-20,64.63984680175781,71.0199966430664,71.52999877929688,71.87999725341797,70.9800033569336,14523400,EFA,Factor,2026-09-24
2023-09-21,63.565860748291016,69.83999633789062,70.3499984741211,70.48999786376953,69.83999633789062,17619900,EFA,Factor,2026-09-24
2023-09-22,63.62046813964844,69.9000015258789,70.22000122070312,70.45999908447266,69.83999633789062,14714800,EFA,Factor,2026-09-24
2023-09-25,63.33830642700195,69.58999633789062,69.31999969482422,69.62999725341797,69.16000366210938,16853100,EFA,Factor,2026-09-24
2023-09-26,62.519161224365234,68.69000244140625,69.04000091552734,69.25,68.62999725341797,17756900,EFA,Factor,2026-09-24
2023-09-27,62.400840759277344,68.55999755859375,68.94999694824219,69.0,68.08000183105469,16390400,EFA,Factor,2026-09-24
2023-09-28,62.91053771972656,69.12000274658203,68.62000274658203,69.33000183105469,68.52999877929688,19507400,EFA,Factor,2026-09-24
2023-09-29,62.72850036621094,68.91999816894531,69.75,69.76000213623047,68.75,20292800,EFA,Factor,2026-09-24
2023-10-02,61.809234619140625,67.91000366210938,68.47000122070312,68.52999877929688,67.68000030517578,23671400,EFA,Factor,2026-09-24
2023-10-03,61.03560256958008,67.05999755859375,67.30000305175781,67.48999786376953,66.83000183105469,19913200,EFA,Factor,2026-09-24
2023-10-04,61.144813537597656,67.18000030517578,67.2300033569336,67.2699966430664,66.62000274658203,19586200,EFA,Factor,2026-09-24
2023-10-05,61.68180847167969,67.7699966430664,67.56999969482422,67.87000274658203,67.33999633789062,18327200,EFA,Factor,2026-09-24
2023-10-06,62.364437103271484,68.5199966430664,67.63999938964844,68.68000030517578,67.2300033569336,17758900,EFA,Factor,2026-09-24
2023-10-09,62.27341842651367,68.41999816894531,67.87999725341797,68.5,67.80999755859375,11015700,EFA,Factor,2026-09-24
2023-10-10,63.128971099853516,69.36000061035156,69.19000244140625,69.63999938964844,69.0999984741211,23682800,EFA,Factor,2026-09-24
2023-10-11,63.392921447753906,69.6500015258789,69.76000213623047,69.86000061035156,69.26000213623047,15393600,EFA,Factor,2026-09-24
2023-10-12,62.865020751953125,69.06999969482422,69.73999786376953,69.76000213623047,68.80999755859375,16764600,EFA,Factor,2026-09-24
2023-10-13,62.28252410888672,68.43000030517578,68.87000274658203,69.02999877929688,68.26000213623047,19900300,EFA,Factor,2026-09-24
2023-10-16,62.73759841918945,68.93000030517578,68.55000305175781,69.0,68.45999908447266,20119600,EFA,Factor,2026-09-24
2023-10-17,62.774009704589844,68.97000122070312,68.36000061035156,69.29000091552734,68.3499984741211,12155100,EFA,Factor,2026-09-24
2023-10-18,61.68180847167969,67.7699966430664,68.36000061035156,68.43000030517578,67.69000244140625,16945900,EFA,Factor,2026-09-24
2023-10-19,61.135711669921875,67.16999816894531,67.55000305175781,67.91000366210938,67.05000305175781,27204100,EFA,Factor,2026-09-24
2023-10-20,60.58961868286133,66.56999969482422,66.93000030517578,67.08999633789062,66.54000091552734,28251800,EFA,Factor,2026-09-24
2023-10-23,60.63512420654297,66.62000274658203,66.31999969482422,67.04000091552734,66.06999969482422,18574700,EFA,Factor,2026-09-24
2023-10-24,60.980987548828125,67.0,66.73999786376953,67.05999755859375,66.6500015258789,22138700,EFA,Factor,2026-09-24
2023-10-25,60.54411315917969,66.5199966430664,66.81999969482422,67.08000183105469,66.44000244140625,17400900,EFA,Factor,2026-09-24
2023-10-26,60.10722732543945,66.04000091552734,66.3499984741211,66.48999786376953,65.83000183105469,22914700,EFA,Factor,2026-09-24
2023-10-27,59.925193786621094,65.83999633789062,66.5,66.52999877929688,65.68000030517578,24116300,EFA,Factor,2026-09-24
2023-10-30,60.689735412597656,66.68000030517578,66.55999755859375,66.70999908447266,66.2699966430664,23954500,EFA,Factor,2026-09-24
2023-10-31,60.90816879272461,66.91999816894531,66.76000213623047,66.97000122070312,66.52999877929688,18291300,EFA,Factor,2026-09-24
2023-11-01,61.4815788269043,67.55000305175781,67.08000183105469,67.56999969482422,66.88999938964844,21115000,EFA,Factor,2026-09-24
2023-11-02,62.73759841918945,68.93000030517578,68.68000030517578,68.94000244140625,68.4800033569336,19669400,EFA,Factor,2026-09-24
2023-11-03,63.40203094482422,69.66000366210938,69.51000213623047,70.0,69.41000366210938,20752900,EFA,Factor,2026-09-24
2023-11-06,63.08346939086914,69.30999755859375,69.55999755859375,69.62999725341797,69.16999816894531,15938000,EFA,Factor,2026-09-24
2023-11-07,62.701194763183594,68.88999938964844,68.7699966430664,69.0199966430664,68.63999938964844,15747100,EFA,Factor,2026-09-24
2023-11-08,62.61928176879883,68.80000305175781,68.86000061035156,69.0999984741211,68.5999984741211,10916500,EFA,Factor,2026-09-24
2023-11-09,62.61018371582031,68.79000091552734,69.41000366210938,69.58000183105469,68.76000213623047,14557600,EFA,Factor,2026-09-24
2023-11-10,62.8923225402832,69.0999984741211,68.73999786376953,69.1500015258789,68.26000213623047,12518800,EFA,Factor,2026-09-24
2023-11-13,63.056156158447266,69.27999877929688,68.81999969482422,69.37999725341797,68.70999908447266,11354700,EFA,Factor,2026-09-24
2023-11-14,64.66715240478516,71.05000305175781,70.45999908447266,71.13999938964844,70.44999694824219,21166800,EFA,Factor,2026-09-24
2023-11-15,64.56703186035156,70.94000244140625,71.08000183105469,71.29000091552734,70.9000015258789,12980000,EFA,Factor,2026-09-24
2023-11-16,64.52153015136719,70.88999938964844,70.81999969482422,71.11000061035156,70.63999938964844,13769700,EFA,Factor,2026-09-24
2023-11-17,65.39527893066406,71.8499984741211,71.55000305175781,71.86000061035156,71.41000366210938,14314300,EFA,Factor,2026-09-24
2023-11-20,65.64102935791016,72.12000274658203,71.73999786376953,72.19999694824219,71.73999786376953,10334700,EFA,Factor,2026-09-24
2023-11-21,65.38617706298828,71.83999633789062,72.08000183105469,72.1500015258789,71.75,12300200,EFA,Factor,2026-09-24
2023-11-22,65.54090881347656,72.01000213623047,71.94999694824219,72.04000091552734,71.62999725341797,12162900,EFA,Factor,2026-09-24
2023-11-24,66.04150390625,72.55999755859375,72.23999786376953,72.58000183105469,72.2300033569336,8083500,EFA,Factor,2026-09-24
2023-11-27,65.81394958496094,72.30999755859375,72.33999633789062,72.43000030517578,72.16000366210938,10365000,EFA,Factor,2026-09-24
2023-11-28,65.83216857910156,72.33000183105469,72.11000061035156,72.55000305175781,72.0199966430664,11129900,EFA,Factor,2026-09-24
2023-11-29,65.96869659423828,72.4800033569336,72.54000091552734,72.76000213623047,72.30000305175781,10462200,EFA,Factor,2026-09-24
2023-11-30,65.91407012939453,72.41999816894531,72.48999786376953,72.61000061035156,72.16999816894531,19444200,EFA,Factor,2026-09-24
2023-12-01,66.60579681396484,73.18000030517578,72.37999725341797,73.23999786376953,72.3499984741211,21091900,EFA,Factor,2026-09-24
2023-12-04,66.08700561523438,72.61000061035156,72.45999908447266,72.7699966430664,72.33000183105469,14778700,EFA,Factor,2026-09-24
2023-12-05,65.85035705566406,72.3499984741211,72.37999725341797,72.81999969482422,72.2300033569336,17529500,EFA,Factor,2026-09-24
2023-12-06,66.05060577392578,72.56999969482422,73.06999969482422,73.22000122070312,72.55000305175781,16547400,EFA,Factor,2026-09-24
2023-12-07,66.36915588378906,72.91999816894531,72.72000122070312,73.12999725341797,72.43000030517578,14513200,EFA,Factor,2026-09-24
2023-12-08,66.56938934326172,73.13999938964844,72.73999786376953,73.25,72.72000122070312,13323600,EFA,Factor,2026-09-24
2023-12-11,66.73323059082031,73.31999969482422,73.02999877929688,73.36000061035156,73.0199966430664,12372000,EFA,Factor,2026-09-24
2023-12-12,66.85154724121094,73.44999694824219,73.19999694824219,73.44999694824219,72.95999908447266,13210000,EFA,Factor,2026-09-24
2023-12-13,67.8254165649414,74.5199966430664,73.51000213623047,74.58999633789062,73.16000366210938,16760700,EFA,Factor,2026-09-24
2023-12-14,68.32601165771484,75.06999969482422,74.88999938964844,75.33000183105469,74.72000122070312,21959600,EFA,Factor,2026-09-24
2023-12-15,67.66159057617188,74.33999633789062,74.70999908447266,74.8499984741211,74.29000091552734,22420700,EFA,Factor,2026-09-24
2023-12-18,67.8254165649414,74.5199966430664,74.6500015258789,74.70999908447266,74.30000305175781,14409900,EFA,Factor,2026-09-24
2023-12-19,68.3988265991211,75.1500015258789,74.93000030517578,75.19999694824219,74.93000030517578,15551800,EFA,Factor,2026-09-24
2023-12-20,67.70856475830078,73.47000122070312,74.23999786376953,74.41999816894531,73.41999816894531,23019200,EFA,Factor,2026-09-24
2023-12-21,68.80524444580078,74.66000366210938,74.26000213623047,74.66000366210938,74.0999984741211,15837400,EFA,Factor,2026-09-24
2023-12-22,68.8697509765625,74.7300033569336,74.81999969482422,74.97000122070312,74.52999877929688,12184500,EFA,Factor,2026-09-24
2023-12-26,69.18309020996094,75.06999969482422,74.80999755859375,75.19000244140625,74.80999755859375,8915400,EFA,Factor,2026-09-24
2023-12-27,69.55172729492188,75.47000122070312,75.12000274658203,75.52999877929688,75.11000061035156,13103800,EFA,Factor,2026-09-24
2023-12-28,69.36739349365234,75.2699966430664,75.44999694824219,75.66000366210938,75.26000213623047,16832000,EFA,Factor,2026-09-24
2023-12-29,69.44112396240234,75.3499984741211,75.37999725341797,75.58999633789062,75.1500015258789,21346400,EFA,Factor,2026-09-24
2024-01-02,68.66700744628906,74.51000213623047,74.54000091552734,74.87000274658203,74.41000366210938,18177600,EFA,Factor,2026-09-24
2024-01-03,68.15091705322266,73.94999694824219,73.77999877929688,74.16000366210938,73.58000183105469,18637700,EFA,Factor,2026-09-24
2024-01-04,68.3075942993164,74.12000274658203,73.94000244140625,74.48999786376953,73.94000244140625,11977100,EFA,Factor,2026-09-24
2024-01-05,68.35365295410156,74.16999816894531,74.02999877929688,74.81999969482422,73.95999908447266,20636700,EFA,Factor,2026-09-24
2024-01-08,69.08171081542969,74.95999908447266,74.33000183105469,74.9800033569336,74.2699966430664,16250100,EFA,Factor,2026-09-24
2024-01-09,68.4642562866211,74.29000091552734,74.29000091552734,74.47000122070312,74.18000030517578,10218300,EFA,Factor,2026-09-24
2024-01-10,68.90660858154297,74.7699966430664,74.61000061035156,74.87999725341797,74.52999877929688,12191300,EFA,Factor,2026-09-24
2024-01-11,68.89739227294922,74.76000213623047,74.97000122070312,75.06999969482422,74.0999984741211,16434300,EFA,Factor,2026-09-24
2024-01-12,69.18309020996094,75.06999969482422,75.26000213623047,75.5,74.93000030517578,11329300,EFA,Factor,2026-09-24
2024-01-16,68.02189636230469,73.80999755859375,74.16000366210938,74.26000213623047,73.66000366210938,19802700,EFA,Factor,2026-09-24
2024-01-17,67.37678527832031,73.11000061035156,72.83000183105469,73.13999938964844,72.58000183105469,16381400,EFA,Factor,2026-09-24
2024-01-18,67.97581481933594,73.76000213623047,73.41999816894531,73.77999877929688,73.26000213623047,16391400,EFA,Factor,2026-09-24
2024-01-19,68.13248443603516,73.93000030517578,73.55999755859375,73.94000244140625,73.30000305175781,15792200,EFA,Factor,2026-09-24
2024-01-22,68.34445190429688,74.16000366210938,74.11000061035156,74.37999725341797,74.04000091552734,15424800,EFA,Factor,2026-09-24
2024-01-23,68.15091705322266,73.94999694824219,73.77999877929688,74.0,73.62000274658203,13575400,EFA,Factor,2026-09-24
2024-01-24,68.66700744628906,74.51000213623047,74.93000030517578,75.0,74.5,16314600,EFA,Factor,2026-09-24
2024-01-25,68.86053466796875,74.72000122070312,74.69000244140625,74.7300033569336,74.33000183105469,15268800,EFA,Factor,2026-09-24
2024-01-26,69.16466522216797,75.05000305175781,75.11000061035156,75.23999786376953,74.98999786376953,16478600,EFA,Factor,2026-09-24
2024-01-29,69.57015228271484,75.48999786376953,75.0199966430664,75.56999969482422,74.93000030517578,13341500,EFA,Factor,2026-09-24
2024-01-30,69.47798919677734,75.38999938964844,75.37999725341797,75.4800033569336,75.0999984741211,11708400,EFA,Factor,2026-09-24
2024-01-31,69.12779235839844,75.01000213623047,75.7300033569336,75.97000122070312,74.9000015258789,23907300,EFA,Factor,2026-09-24
2024-02-01,69.80975341796875,75.75,75.19000244140625,75.7699966430664,75.02999877929688,17189400,EFA,Factor,2026-09-24
2024-02-02,69.25680541992188,75.1500015258789,75.12999725341797,75.19999694824219,74.80999755859375,15579800,EFA,Factor,2026-09-24
2024-02-05,68.88818359375,74.75,74.69999694824219,74.91999816894531,74.33000183105469,15617900,EFA,Factor,2026-09-24
2024-02-06,69.3121109008789,75.20999908447266,74.72000122070312,75.2300033569336,74.68000030517578,13886600,EFA,Factor,2026-09-24
2024-02-07,69.27523803710938,75.16999816894531,75.16999816894531,75.29000091552734,75.0,10485100,EFA,Factor,2026-09-24
2024-02-08,69.15544128417969,75.04000091552734,75.05000305175781,75.0999984741211,74.81999969482422,9578500,EFA,Factor,2026-09-24
2024-02-09,69.39505004882812,75.30000305175781,75.05000305175781,75.3499984741211,74.87999725341797,11001100,EFA,Factor,2026-09-24
2024-02-12,69.51485443115234,75.43000030517578,75.2699966430664,75.66000366210938,75.25,6911500,EFA,Factor,2026-09-24
2024-02-13,68.4458236694336,74.2699966430664,74.62000274658203,74.72000122070312,74.0199966430664,14942500,EFA,Factor,2026-09-24
2024-02-14,69.21073150634766,75.0999984741211,74.76000213623047,75.12000274658203,74.69999694824219,13248000,EFA,Factor,2026-09-24
2024-02-15,69.99407196044922,75.94999694824219,75.45999908447266,75.97000122070312,75.44999694824219,14128600,EFA,Factor,2026-09-24
2024-02-16,70.10466766357422,76.06999969482422,75.9800033569336,76.38999938964844,75.80000305175781,13381600,EFA,Factor,2026-09-24
2024-02-20,70.3903579711914,76.37999725341797,76.55000305175781,76.62999725341797,76.18000030517578,15285800,EFA,Factor,2026-09-24
2024-02-21,70.44564819335938,76.44000244140625,76.22000122070312,76.47000122070312,76.08999633789062,11433700,EFA,Factor,2026-09-24
2024-02-22,71.23821258544922,77.30000305175781,77.06999969482422,77.31999969482422,76.93000030517578,15476000,EFA,Factor,2026-09-24
2024-02-23,71.33036041259766,77.4000015258789,77.37999725341797,77.52999877929688,77.2699966430664,11400000,EFA,Factor,2026-09-24
2024-02-26,71.22899627685547,77.29000091552734,77.45999908447266,77.45999908447266,77.1500015258789,15015200,EFA,Factor,2026-09-24
2024-02-27,71.42253875732422,77.5,77.33999633789062,77.55999755859375,77.29000091552734,11110900,EFA,Factor,2026-09-24
2024-02-28,71.00782012939453,77.05000305175781,76.9800033569336,77.1500015258789,76.91999816894531,12196600,EFA,Factor,2026-09-24
2024-02-29,71.192138671875,77.25,77.41999816894531,77.55000305175781,76.86000061035156,17221700,EFA,Factor,2026-09-24
2024-03-01,71.88331604003906,78.0,77.56999969482422,78.02999877929688,77.25,18930500,EFA,Factor,2026-09-24
2024-03-04,71.69900512695312,77.80000305175781,77.76000213623047,77.95999908447266,77.68000030517578,13961000,EFA,Factor,2026-09-24
2024-03-05,71.56998443603516,77.66000366210938,77.8499984741211,78.12999725341797,77.44000244140625,12874400,EFA,Factor,2026-09-24
2024-03-06,72.41783142089844,78.58000183105469,78.51000213623047,78.80999755859375,78.36000061035156,24098100,EFA,Factor,2026-09-24
2024-03-07,73.27490997314453,79.51000213623047,79.16999816894531,79.61000061035156,79.0999984741211,18279100,EFA,Factor,2026-09-24
2024-03-08,73.03529357910156,79.25,79.77999877929688,79.86000061035156,79.12999725341797,14926900,EFA,Factor,2026-09-24
2024-03-11,72.62059020996094,78.80000305175781,78.72000122070312,78.83000183105469,78.41000366210938,10496000,EFA,Factor,2026-09-24
2024-03-12,73.201171875,79.43000030517578,78.91000366210938,79.44000244140625,78.61000061035156,15296000,EFA,Factor,2026-09-24
2024-03-13,73.21039581298828,79.44000244140625,79.3499984741211,79.62000274658203,79.31999969482422,14166600,EFA,Factor,2026-09-24
2024-03-14,72.6758804321289,78.86000061035156,79.41999816894531,79.47000122070312,78.56999969482422,25572000,EFA,Factor,2026-09-24
2024-03-15,72.7035140991211,78.88999938964844,79.04000091552734,79.11000061035156,78.62999725341797,17529100,EFA,Factor,2026-09-24
2024-03-18,72.68508911132812,78.87000274658203,79.08999633789062,79.12000274658203,78.80999755859375,13472200,EFA,Factor,2026-09-24
2024-03-19,72.81411743164062,79.01000213623047,78.81999969482422,79.22000122070312,78.70999908447266,13222100,EFA,Factor,2026-09-24
2024-03-20,73.58824157714844,79.8499984741211,78.95999908447266,79.9000015258789,78.9000015258789,18834900,EFA,Factor,2026-09-24
2024-03-21,73.55138397216797,79.80999755859375,79.9000015258789,80.02999877929688,79.79000091552734,13021000,EFA,Factor,2026-09-24
2024-03-22,73.39470672607422,79.63999938964844,79.77999877929688,79.83000183105469,79.55000305175781,12832800,EFA,Factor,2026-09-24
2024-03-25,73.238037109375,79.47000122070312,79.38999938964844,79.76000213623047,79.38999938964844,9418000,EFA,Factor,2026-09-24
2024-03-26,73.32097625732422,79.55999755859375,79.8499984741211,79.87999725341797,79.55999755859375,12343100,EFA,Factor,2026-09-24
2024-03-27,73.76334381103516,80.04000091552734,79.73999786376953,80.05999755859375,79.63999938964844,12337200,EFA,Factor,2026-09-24
2024-03-28,73.59745788574219,79.86000061035156,79.7300033569336,79.97000122070312,79.72000122070312,17180400,EFA,Factor,2026-09-24
2024-04-01,73.28412628173828,79.5199966430664,79.72000122070312,79.87000274658203,79.33000183105469,15419500,EFA,Factor,2026-09-24
2024-04-02,72.7680435180664,78.95999908447266,78.88999938964844,78.95999908447266,78.69000244140625,17414900,EFA,Factor,2026-09-24
2024-04-03,73.17353057861328,79.4000015258789,78.81999969482422,79.5199966430664,78.80999755859375,15898300,EFA,Factor,2026-09-24
2024-04-04,72.54686737060547,78.72000122070312,79.91999816894531,79.94999694824219,78.6500015258789,19950400,EFA,Factor,2026-09-24
2024-04-05,72.77725219726562,78.97000122070312,78.61000061035156,79.12999725341797,78.45999908447266,21091800,EFA,Factor,2026-09-24
2024-04-08,73.13667297363281,79.36000061035156,79.41999816894531,79.52999877929688,79.22000122070312,12350900,EFA,Factor,2026-09-24
2024-04-09,73.12745666503906,79.3499984741211,79.7300033569336,79.80000305175781,79.0,12469100,EFA,Factor,2026-09-24
2024-04-10,72.15979766845703,78.30000305175781,78.20999908447266,78.63999938964844,78.0,21567300,EFA,Factor,2026-09-24
2024-04-11,72.35333251953125,78.51000213623047,78.56999969482422,78.61000061035156,77.6500015258789,11967000,EFA,Factor,2026-09-24
2024-04-12,71.18291473388672,77.23999786376953,77.86000061035156,78.08999633789062,77.13999938964844,17934600,EFA,Factor,2026-09-24
2024-04-15,70.970947265625,77.01000213623047,78.13999938964844,78.23999786376953,76.88999938964844,21610100,EFA,Factor,2026-09-24
2024-04-16,70.27055358886719,76.25,76.38999938964844,76.62000274658203,76.0,24161800,EFA,Factor,2026-09-24
2024-04-17,70.31664276123047,76.30000305175781,76.68000030517578,76.72000122070312,75.95999908447266,15748000,EFA,Factor,2026-09-24
2024-04-18,70.12310028076172,76.08999633789062,76.2699966430664,76.61000061035156,75.97000122070312,12884200,EFA,Factor,2026-09-24
2024-04-19,70.15074157714844,76.12000274658203,76.18000030517578,76.41000366210938,75.88999938964844,16925000,EFA,Factor,2026-09-24
2024-04-22,70.970947265625,77.01000213623047,76.54000091552734,77.2699966430664,76.47000122070312,17314200,EFA,Factor,2026-09-24
2024-04-23,71.74507904052734,77.8499984741211,77.2699966430664,77.94999694824219,77.20999908447266,13466000,EFA,Factor,2026-09-24
2024-04-24,71.6068344116211,77.69999694824219,77.97000122070312,77.97000122070312,77.38999938964844,8530000,EFA,Factor,2026-09-24
2024-04-25,71.27507781982422,77.33999633789062,76.61000061035156,77.44999694824219,76.41999816894531,11479600,EFA,Factor,2026-09-24
2024-04-26,71.84644317626953,77.95999908447266,77.68000030517578,78.05999755859375,77.6500015258789,12676400,EFA,Factor,2026-09-24
2024-04-29,72.12293243408203,78.26000213623047,78.16000366210938,78.4000015258789,78.04000091552734,10560000,EFA,Factor,2026-09-24
2024-04-30,71.21055603027344,77.2699966430664,78.0,78.22000122070312,77.20999908447266,18994300,EFA,Factor,2026-09-24
2024-05-01,71.05390167236328,77.0999984741211,77.25,78.0199966430664,76.91000366210938,17900300,EFA,Factor,2026-09-24
2024-05-02,72.01234436035156,78.13999938964844,77.93000030517578,78.27999877929688,77.5,14993300,EFA,Factor,2026-09-24
2024-05-03,72.73117065429688,78.91999816894531,78.9800033569336,79.22000122070312,78.44000244140625,15055600,EFA,Factor,2026-09-24
2024-05-06,73.22882843017578,79.45999908447266,79.30999755859375,79.5199966430664,79.25,9411400,EFA,Factor,2026-09-24
2024-05-07,73.42235565185547,79.66999816894531,79.72000122070312,79.8499984741211,79.55000305175781,9065800,EFA,Factor,2026-09-24
2024-05-08,73.33941650390625,79.58000183105469,79.31999969482422,79.5999984741211,79.30000305175781,6667500,EFA,Factor,2026-09-24
2024-05-09,73.90158081054688,80.19000244140625,79.56999969482422,80.19999694824219,79.56999969482422,13256000,EFA,Factor,2026-09-24
2024-05-10,74.03981018066406,80.33999633789062,80.45999908447266,80.5199966430664,80.23999786376953,8022000,EFA,Factor,2026-09-24
2024-05-13,74.03981018066406,80.33999633789062,80.41000366210938,80.55000305175781,80.2300033569336,6990500,EFA,Factor,2026-09-24
2024-05-14,74.59276580810547,80.94000244140625,80.6500015258789,80.94999694824219,80.56999969482422,15228300,EFA,Factor,2026-09-24
2024-05-15,75.38533020019531,81.80000305175781,81.31999969482422,81.80000305175781,81.16000366210938,10823700,EFA,Factor,2026-09-24
2024-05-16,74.9798355102539,81.36000061035156,81.63999938964844,81.70999908447266,81.33000183105469,13042100,EFA,Factor,2026-09-24
2024-05-17,75.23787689208984,81.63999938964844,81.37999725341797,81.68000030517578,81.26000213623047,10219600,EFA,Factor,2026-09-24
2024-05-20,75.29316711425781,81.69999694824219,81.72000122070312,81.93000030517578,81.66000366210938,5836800,EFA,Factor,2026-09-24
2024-05-21,75.1733627319336,81.56999969482422,81.4000015258789,81.62999725341797,81.36000061035156,6222000,EFA,Factor,2026-09-24
2024-05-22,74.46375274658203,80.80000305175781,81.0199966430664,81.0999984741211,80.58000183105469,10721200,EFA,Factor,2026-09-24
2024-05-23,74.08589935302734,80.38999938964844,81.5,81.51000213623047,80.23999786376953,8805800,EFA,Factor,2026-09-24
2024-05-24,74.69413757324219,81.05000305175781,80.80000305175781,81.16999816894531,80.76000213623047,9289500,EFA,Factor,2026-09-24
2024-05-28,74.66648864746094,81.0199966430664,81.3499984741211,81.37000274658203,80.77999877929688,13036500,EFA,Factor,2026-09-24
2024-05-29,73.48686981201172,79.73999786376953,79.9800033569336,80.11000061035156,79.70999908447266,13662100,EFA,Factor,2026-09-24
2024-05-30,74.10433197021484,80.41000366210938,80.23999786376953,80.61000061035156,80.20999908447266,7456100,EFA,Factor,2026-09-24
2024-05-31,74.8139419555664,81.18000030517578,80.95999908447266,81.22000122070312,80.55999755859375,19932400,EFA,Factor,2026-09-24
2024-06-03,75.02591705322266,81.41000366210938,81.44000244140625,81.6500015258789,81.08000183105469,17127700,EFA,Factor,2026-09-24
2024-06-04,74.93375396728516,81.30999755859375,81.2300033569336,81.44000244140625,80.97000122070312,12565500,EFA,Factor,2026-09-24
2024-06-05,75.45904541015625,81.87999725341797,81.70999908447266,81.91000366210938,81.2699966430664,8661500,EFA,Factor,2026-09-24
2024-06-06,75.71710968017578,82.16000366210938,81.91000366210938,82.16000366210938,81.86000061035156,13195600,EFA,Factor,2026-09-24
2024-06-07,74.89688110351562,81.2699966430664,81.44000244140625,81.70999908447266,81.19000244140625,21589700,EFA,Factor,2026-09-24
2024-06-10,74.84159088134766,81.20999908447266,80.72000122070312,81.30000305175781,80.5999984741211,8995400,EFA,Factor,2026-09-24
2024-06-11,73.99112701416016,78.91000366210938,78.88999938964844,79.06999969482422,78.47000122070312,17004600,EFA,Factor,2026-09-24
2024-06-12,74.8631591796875,79.83999633789062,80.18000030517578,80.38999938964844,79.69999694824219,15188900,EFA,Factor,2026-09-24
2024-06-13,73.79421997070312,78.69999694824219,79.18000030517578,79.18000030517578,78.37999725341797,12784200,EFA,Factor,2026-09-24
2024-06-14,72.97845458984375,77.83000183105469,77.66000366210938,77.91000366210938,77.36000061035156,17500000,EFA,Factor,2026-09-24
2024-06-17,73.26912689208984,78.13999938964844,77.62999725341797,78.16000366210938,77.37000274658203,13582700,EFA,Factor,2026-09-24
2024-06-18,73.55979919433594,78.44999694824219,78.13999938964844,78.4800033569336,78.12000274658203,16057100,EFA,Factor,2026-09-24
2024-06-20,73.60669708251953,78.5,78.29000091552734,78.62000274658203,78.20999908447266,10942900,EFA,Factor,2026-09-24
2024-06-21,73.09097290039062,77.94999694824219,77.88999938964844,78.05000305175781,77.66999816894531,14237600,EFA,Factor,2026-09-24
2024-06-24,73.67232513427734,78.56999969482422,78.58999633789062,78.95999908447266,78.5199966430664,12193700,EFA,Factor,2026-09-24
2024-06-25,73.85047912597656,78.76000213623047,78.55999755859375,78.87999725341797,78.47000122070312,8751700,EFA,Factor,2026-09-24
2024-06-26,73.30663299560547,78.18000030517578,78.05999755859375,78.33999633789062,77.94000244140625,10509700,EFA,Factor,2026-09-24
2024-06-27,73.3628921508789,78.23999786376953,78.31999969482422,78.5199966430664,78.08000183105469,14156000,EFA,Factor,2026-09-24
2024-06-28,73.4472885131836,78.33000183105469,78.2300033569336,78.56999969482422,78.0,17425000,EFA,Factor,2026-09-24
2024-07-01,73.57855987548828,78.47000122070312,78.76000213623047,79.02999877929688,78.2699966430664,19845700,EFA,Factor,2026-09-24
2024-07-02,73.75672149658203,78.66000366210938,78.22000122070312,78.69000244140625,78.1500015258789,10331700,EFA,Factor,2026-09-24
2024-07-03,74.60061645507812,79.55999755859375,79.25,79.62000274658203,79.25,8107900,EFA,Factor,2026-09-24
2024-07-05,75.09757232666016,80.08999633789062,80.22000122070312,80.2300033569336,79.5199966430664,8408800,EFA,Factor,2026-09-24
2024-07-08,74.72251892089844,79.69000244140625,80.13999938964844,80.22000122070312,79.6500015258789,6031700,EFA,Factor,2026-09-24
2024-07-09,74.42247009277344,79.37000274658203,79.5199966430664,79.58000183105469,79.16999816894531,8069800,EFA,Factor,2026-09-24
2024-07-10,75.47264099121094,80.48999786376953,80.01000213623047,80.54000091552734,79.97000122070312,8189200,EFA,Factor,2026-09-24
2024-07-11,75.68830871582031,80.72000122070312,81.04000091552734,81.18000030517578,80.66999816894531,8930000,EFA,Factor,2026-09-24
2024-07-12,76.49470520019531,81.58000183105469,81.36000061035156,81.87000274658203,81.31999969482422,9289700,EFA,Factor,2026-09-24
2024-07-15,75.819580078125,80.86000061035156,81.38999938964844,81.4000015258789,80.79000091552734,7418700,EFA,Factor,2026-09-24
2024-07-16,76.18526458740234,81.25,80.6500015258789,81.27999877929688,80.55000305175781,10902900,EFA,Factor,2026-09-24
2024-07-17,75.7820816040039,80.81999969482422,80.8499984741211,81.13999938964844,80.7300033569336,11634200,EFA,Factor,2026-09-24
2024-07-18,75.03193664550781,80.0199966430664,80.95999908447266,81.04000091552734,79.83999633789062,16481500,EFA,Factor,2026-09-24
2024-07-19,74.5724868774414,79.52999877929688,79.77999877929688,79.81999969482422,79.44999694824219,15570300,EFA,Factor,2026-09-24
2024-07-22,75.3601303100586,80.37000274658203,80.23999786376953,80.4000015258789,80.02999877929688,13762800,EFA,Factor,2026-09-24
2024-07-23,74.93817138671875,79.91999816894531,79.94999694824219,80.08000183105469,79.86000061035156,12043000,EFA,Factor,2026-09-24
2024-07-24,73.99112701416016,78.91000366210938,79.66999816894531,79.77999877929688,78.87000274658203,10698000,EFA,Factor,2026-09-24
2024-07-25,73.52230072021484,78.41000366210938,78.23999786376953,79.11000061035156,77.9800033569336,17719800,EFA,Factor,2026-09-24
2024-07-26,74.45997619628906,79.41000366210938,79.0199966430664,79.55000305175781,78.94000244140625,10574700,EFA,Factor,2026-09-24
2024-07-29,74.13179016113281,79.05999755859375,79.2300033569336,79.26000213623047,78.81999969482422,9305600,EFA,Factor,2026-09-24
2024-07-30,74.3005599975586,79.23999786376953,79.37000274658203,79.44999694824219,78.91999816894531,8551600,EFA,Factor,2026-09-24
2024-07-31,75.35074615478516,80.36000061035156,80.4000015258789,80.70999908447266,80.12000274658203,20969400,EFA,Factor,2026-09-24
2024-08-01,73.35353088378906,78.2300033569336,79.33999633789062,79.54000091552734,77.8499984741211,18129800,EFA,Factor,2026-09-24
2024-08-02,72.2001953125,77.0,77.16999816894531,77.36000061035156,76.37999725341797,25136200,EFA,Factor,2026-09-24
2024-08-05,70.62492370605469,75.31999969482422,74.2300033569336,75.83000183105469,73.91000366210938,28088800,EFA,Factor,2026-09-24
2024-08-06,70.74681091308594,75.44999694824219,74.70999908447266,75.9000015258789,74.61000061035156,22307500,EFA,Factor,2026-09-24
2024-08-07,71.0843734741211,75.80999755859375,76.8499984741211,77.08999633789062,75.7699966430664,24592600,EFA,Factor,2026-09-24
2024-08-08,72.27521514892578,77.08000183105469,76.55000305175781,77.16000366210938,76.20999908447266,14824700,EFA,Factor,2026-09-24
2024-08-09,72.55650329589844,77.37999725341797,76.87000274658203,77.38999938964844,76.72000122070312,11022700,EFA,Factor,2026-09-24
2024-08-12,72.4908676147461,77.30999755859375,77.33000183105469,77.52999877929688,77.05999755859375,7988700,EFA,Factor,2026-09-24
2024-08-13,73.73796844482422,78.63999938964844,77.88999938964844,78.69999694824219,77.8499984741211,11927500,EFA,Factor,2026-09-24
2024-08-14,74.00989532470703,78.93000030517578,78.79000091552734,79.0,78.63999938964844,7127600,EFA,Factor,2026-09-24
2024-08-15,74.91004180908203,79.88999938964844,79.63999938964844,80.05000305175781,79.55999755859375,10364200,EFA,Factor,2026-09-24
2024-08-16,75.32261657714844,80.33000183105469,79.9800033569336,80.4000015258789,79.95999908447266,10287800,EFA,Factor,2026-09-24
2024-08-19,76.24152374267578,81.30999755859375,80.80999755859375,81.4000015258789,80.80000305175781,6741000,EFA,Factor,2026-09-24
2024-08-20,76.00711059570312,81.05999755859375,81.16999816894531,81.36000061035156,80.91000366210938,5177900,EFA,Factor,2026-09-24
2024-08-21,76.71035766601562,81.80999755859375,81.58000183105469,81.97000122070312,81.4000015258789,10653500,EFA,Factor,2026-09-24
2024-08-22,76.26028442382812,81.33000183105469,82.11000061035156,82.13999938964844,81.27999877929688,7290700,EFA,Factor,2026-09-24
2024-08-23,77.65739440917969,82.81999969482422,81.98999786376953,82.87000274658203,81.88999938964844,10779000,EFA,Factor,2026-09-24
2024-08-26,77.31047058105469,82.44999694824219,82.55999755859375,82.72000122070312,82.36000061035156,6719900,EFA,Factor,2026-09-24
2024-08-27,77.66679382324219,82.83000183105469,82.6500015258789,82.97000122070312,82.54000091552734,9597100,EFA,Factor,2026-09-24
2024-08-28,77.39485931396484,82.54000091552734,82.73999786376953,82.91000366210938,82.19999694824219,7883900,EFA,Factor,2026-09-24
2024-08-29,77.68553161621094,82.8499984741211,82.93000030517578,83.27999877929688,82.70999908447266,9112100,EFA,Factor,2026-09-24
2024-08-30,77.80743408203125,82.9800033569336,83.12000274658203,83.25,82.58999633789062,15627600,EFA,Factor,2026-09-24
2024-09-03,76.57908630371094,81.66999816894531,82.55999755859375,82.66000366210938,81.47000122070312,9886700,EFA,Factor,2026-09-24
2024-09-04,76.24152374267578,81.30999755859375,81.06999969482422,81.69000244140625,80.9800033569336,10324400,EFA,Factor,2026-09-24
2024-09-05,76.26028442382812,81.33000183105469,81.41000366210938,81.55999755859375,80.97000122070312,12147400,EFA,Factor,2026-09-24
2024-09-06,74.82566833496094,79.80000305175781,81.12000274658203,81.33000183105469,79.66999816894531,12344400,EFA,Factor,2026-09-24
2024-09-09,75.5757827758789,80.5999984741211,80.41000366210938,80.9000015258789,80.4000015258789,10635000,EFA,Factor,2026-09-24
2024-09-10,75.20071411132812,80.19999694824219,80.30999755859375,80.31999969482422,79.58000183105469,9742900,EFA,Factor,2026-09-24
2024-09-11,75.65080261230469,80.68000030517578,80.2699966430664,80.70999908447266,79.37999725341797,12999100,EFA,Factor,2026-09-24
2024-09-12,76.2696533203125,81.33999633789062,80.61000061035156,81.37000274658203,80.38999938964844,11685600,EFA,Factor,2026-09-24
2024-09-13,76.44781494140625,81.52999877929688,81.44999694824219,81.83000183105469,81.38999938964844,7340500,EFA,Factor,2026-09-24
2024-09-16,77.0666732788086,82.19000244140625,81.87999725341797,82.2300033569336,81.69000244140625,9869500,EFA,Factor,2026-09-24
2024-09-17,76.6353530883789,81.7300033569336,82.08999633789062,82.13999938964844,81.45999908447266,7307300,EFA,Factor,2026-09-24
2024-09-18,76.39155578613281,81.47000122070312,81.80999755859375,82.45999908447266,81.29000091552734,8454200,EFA,Factor,2026-09-24
2024-09-19,77.90119934082031,83.08000183105469,82.95999908447266,83.23999786376953,82.47000122070312,9974100,EFA,Factor,2026-09-24
2024-09-20,77.13231658935547,82.26000213623047,82.58999633789062,82.61000061035156,81.97000122070312,7892400,EFA,Factor,2026-09-24
2024-09-23,77.42298889160156,82.56999969482422,82.38999938964844,82.66000366210938,82.3499984741211,6997700,EFA,Factor,2026-09-24
2024-09-24,77.88243103027344,83.05999755859375,82.81999969482422,83.12000274658203,82.61000061035156,6855800,EFA,Factor,2026-09-24
2024-09-25,77.46049499511719,82.61000061035156,83.20999908447266,83.2300033569336,82.58999633789062,11869000,EFA,Factor,2026-09-24
2024-09-26,79.16704559326172,84.43000030517578,84.19000244140625,84.52999877929688,83.8499984741211,12875000,EFA,Factor,2026-09-24
2024-09-27,78.68883514404297,83.91999816894531,84.2699966430664,84.55999755859375,83.80000305175781,10690700,EFA,Factor,2026-09-24
2024-09-30,78.41691589355469,83.62999725341797,83.95999908447266,83.97000122070312,83.18000030517578,13424400,EFA,Factor,2026-09-24
2024-10-01,77.83556365966797,83.01000213623047,83.66000366210938,83.69000244140625,82.56999969482422,18430900,EFA,Factor,2026-09-24
2024-10-02,77.67615509033203,82.83999633789062,82.86000061035156,83.02999877929688,82.44999694824219,8335200,EFA,Factor,2026-09-24
2024-10-03,76.95414733886719,82.06999969482422,82.12000274658203,82.27999877929688,81.7699966430664,9890500,EFA,Factor,2026-09-24
2024-10-04,77.40423583984375,82.55000305175781,82.12999725341797,82.56999969482422,82.05000305175781,8536100,EFA,Factor,2026-09-24
2024-10-07,76.972900390625,82.08999633789062,82.30000305175781,82.41000366210938,81.79000091552734,7365100,EFA,Factor,2026-09-24
2024-10-08,76.85101318359375,81.95999908447266,81.9000015258789,81.97000122070312,81.69000244140625,6339100,EFA,Factor,2026-09-24
2024-10-09,76.86976623535156,81.9800033569336,81.5199966430664,82.05000305175781,81.45999908447266,5370800,EFA,Factor,2026-09-24
2024-10-10,76.77598571777344,81.87999725341797,81.7699966430664,81.91000366210938,81.43000030517578,5794400,EFA,Factor,2026-09-24
2024-10-11,77.16981506347656,82.30000305175781,81.83999633789062,82.37999725341797,81.83000183105469,6914900,EFA,Factor,2026-09-24
2024-10-14,77.39485931396484,82.54000091552734,82.11000061035156,82.58000183105469,82.01000213623047,6646200,EFA,Factor,2026-09-24
2024-10-15,76.1102523803711,81.16999816894531,82.23999786376953,82.26000213623047,81.0999984741211,17667300,EFA,Factor,2026-09-24
2024-10-16,76.30716705322266,81.37999725341797,81.37999725341797,81.45999908447266,81.22000122070312,5931800,EFA,Factor,2026-09-24
2024-10-17,76.31654357910156,81.38999938964844,81.68000030517578,81.70999908447266,81.30999755859375,8904600,EFA,Factor,2026-09-24
2024-10-18,76.83226013183594,81.94000244140625,81.80999755859375,81.97000122070312,81.62000274658203,5863100,EFA,Factor,2026-09-24
2024-10-21,75.92272186279297,80.97000122070312,81.48999786376953,81.55000305175781,80.83000183105469,8009100,EFA,Factor,2026-09-24
2024-10-22,75.49140167236328,80.51000213623047,80.44000244140625,80.62999725341797,80.37000274658203,5844200,EFA,Factor,2026-09-24
2024-10-23,74.73188781738281,79.69999694824219,79.79000091552734,79.97000122070312,79.3499984741211,7556000,EFA,Factor,2026-09-24
2024-10-24,75.15384674072266,80.1500015258789,80.33000183105469,80.3499984741211,79.80000305175781,6522400,EFA,Factor,2026-09-24
2024-10-25,74.90066528320312,79.87999725341797,80.33999633789062,80.45999908447266,79.75,9288100,EFA,Factor,2026-09-24
2024-10-28,75.50077056884766,80.5199966430664,80.23999786376953,80.62999725341797,80.18000030517578,6985000,EFA,Factor,2026-09-24
2024-10-29,75.2288589477539,80.2300033569336,80.25,80.41999816894531,80.05000305175781,8778400,EFA,Factor,2026-09-24
2024-10-30,74.74125671386719,79.70999908447266,79.56999969482422,80.05999755859375,79.51000213623047,8828100,EFA,Factor,2026-09-24
2024-10-31,74.28181457519531,79.22000122070312,79.31999969482422,79.31999969482422,78.47000122070312,19247600,EFA,Factor,2026-09-24
2024-11-01,74.43183898925781,79.37999725341797,79.6500015258789,79.86000061035156,79.30999755859375,9951300,EFA,Factor,2026-09-24
2024-11-04,74.48810577392578,79.44000244140625,79.81999969482422,80.02999877929688,79.38999938964844,10280100,EFA,Factor,2026-09-24
2024-11-05,75.2288589477539,80.2300033569336,79.6500015258789,80.30000305175781,79.58999633789062,9596400,EFA,Factor,2026-09-24
2024-11-06,74.14115905761719,79.06999969482422,79.05000305175781,79.16000366210938,78.41999816894531,11746200,EFA,Factor,2026-09-24
2024-11-07,75.266357421875,80.2699966430664,79.9800033569336,80.33999633789062,79.83999633789062,11634100,EFA,Factor,2026-09-24
2024-11-08,74.22555541992188,79.16000366210938,79.37999725341797,79.37999725341797,78.77999877929688,11540300,EFA,Factor,2026-09-24
2024-11-11,74.24430084228516,79.18000030517578,79.41000366210938,79.44999694824219,79.0999984741211,5839600,EFA,Factor,2026-09-24
2024-11-12,72.86593627929688,77.70999908447266,78.41999816894531,78.41999816894531,77.31999969482422,16613700,EFA,Factor,2026-09-24
2024-11-13,72.43460845947266,77.25,77.4000015258789,77.45999908447266,76.80000305175781,14828900,EFA,Factor,2026-09-24
2024-11-14,72.58463287353516,77.41000366210938,77.80999755859375,77.97000122070312,77.33000183105469,19039000,EFA,Factor,2026-09-24
2024-11-15,72.32208251953125,77.12999725341797,77.30999755859375,77.33000183105469,76.95999908447266,15433500,EFA,Factor,2026-09-24
2024-11-18,72.71591186523438,77.55000305175781,77.06999969482422,77.69000244140625,77.0199966430664,7772600,EFA,Factor,2026-09-24
2024-11-19,72.62213897705078,77.44999694824219,76.9000015258789,77.5999984741211,76.79000091552734,13402300,EFA,Factor,2026-09-24
2024-11-20,72.42523956298828,77.23999786376953,77.12999725341797,77.23999786376953,76.69999694824219,12442000,EFA,Factor,2026-09-24
2024-11-21,72.44398498535156,77.26000213623047,77.12000274658203,77.37999725341797,76.8499984741211,9161200,EFA,Factor,2026-09-24
2024-11-22,72.72528839111328,77.55999755859375,77.16999816894531,77.69999694824219,77.16000366210938,16809800,EFA,Factor,2026-09-24
2024-11-25,73.10034942626953,77.95999908447266,78.16000366210938,78.2699966430664,77.72000122070312,24934100,EFA,Factor,2026-09-24
2024-11-26,72.67840576171875,77.51000213623047,77.83000183105469,77.8499984741211,77.2699966430664,9360800,EFA,Factor,2026-09-24
2024-11-27,73.07221984863281,77.93000030517578,77.83999633789062,78.08000183105469,77.69000244140625,7477900,EFA,Factor,2026-09-24
2024-11-29,74.04739379882812,78.97000122070312,78.23999786376953,79.01000213623047,78.20999908447266,11643900,EFA,Factor,2026-09-24
2024-12-02,74.25367736816406,79.19000244140625,79.08000183105469,79.33000183105469,78.56999969482422,15721100,EFA,Factor,2026-09-24
2024-12-03,74.6756362915039,79.63999938964844,79.70999908447266,79.87000274658203,79.4000015258789,13289900,EFA,Factor,2026-09-24
2024-12-04,74.73188781738281,79.69999694824219,79.73999786376953,79.87999725341797,79.58000183105469,10434400,EFA,Factor,2026-09-24
2024-12-05,75.09757232666016,80.08999633789062,80.0999984741211,80.22000122070312,79.94000244140625,11910800,EFA,Factor,2026-09-24
2024-12-06,75.08821105957031,80.08000183105469,80.38999938964844,80.38999938964844,79.9000015258789,7072500,EFA,Factor,2026-09-24
2024-12-09,75.04131317138672,80.02999877929688,80.52999877929688,80.62999725341797,80.0,7801100,EFA,Factor,2026-09-24
2024-12-10,74.36619567871094,79.30999755859375,79.83000183105469,79.8499984741211,79.29000091552734,10662800,EFA,Factor,2026-09-24
2024-12-11,74.83502960205078,79.80999755859375,79.7300033569336,79.87000274658203,79.48999786376953,11858900,EFA,Factor,2026-09-24
2024-12-12,74.17866516113281,79.11000061035156,79.38999938964844,79.70999908447266,79.05000305175781,8623800,EFA,Factor,2026-09-24
2024-12-13,73.97238159179688,78.88999938964844,79.20999908447266,79.20999908447266,78.68000030517578,10116600,EFA,Factor,2026-09-24
2024-12-16,73.72858428955078,78.62999725341797,78.58000183105469,78.9000015258789,78.5,25547700,EFA,Factor,2026-09-24
2024-12-17,73.61167907714844,77.44999694824219,77.43000030517578,77.70999908447266,77.37000274658203,13934900,EFA,Factor,2026-09-24
2024-12-18,71.80584716796875,75.55000305175781,77.37999725341797,77.54000091552734,75.41000366210938,16470400,EFA,Factor,2026-09-24
2024-12-19,71.5777359008789,75.30999755859375,75.80000305175781,75.87000274658203,75.26000213623047,17486600,EFA,Factor,2026-09-24
2024-12-20,71.37814331054688,75.0999984741211,74.37999725341797,75.7300033569336,74.37000274658203,20878200,EFA,Factor,2026-09-24
2024-12-23,71.84385681152344,75.58999633789062,75.23999786376953,75.63999938964844,74.94000244140625,10491200,EFA,Factor,2026-09-24
2024-12-24,72.10047912597656,75.86000061035156,75.62000274658203,75.91999816894531,75.43000030517578,5585200,EFA,Factor,2026-09-24
2024-12-26,72.44264221191406,76.22000122070312,75.98999786376953,76.3499984741211,75.93000030517578,10784900,EFA,Factor,2026-09-24
2024-12-27,72.33808898925781,76.11000061035156,76.08000183105469,76.27999877929688,75.83000183105469,15819700,EFA,Factor,2026-09-24
2024-12-30,71.86287689208984,75.61000061035156,75.63999938964844,75.87999725341797,75.27999877929688,16427600,EFA,Factor,2026-09-24
2024-12-31,71.86287689208984,75.61000061035156,75.86000061035156,75.9800033569336,75.44000244140625,21393500,EFA,Factor,2026-09-24
2025-01-02,71.61575317382812,75.3499984741211,75.69999694824219,75.87000274658203,75.13999938964844,12756600,EFA,Factor,2026-09-24
2025-01-03,71.92939758300781,75.68000030517578,75.52999877929688,75.73999786376953,75.23999786376953,12548800,EFA,Factor,2026-09-24
2025-01-06,72.61371612548828,76.4000015258789,76.33000183105469,76.88999938964844,76.25,16201800,EFA,Factor,2026-09-24
2025-01-07,72.55669403076172,76.33999633789062,77.05999755859375,77.05999755859375,76.2300033569336,9393200,EFA,Factor,2026-09-24
2025-01-08,72.44264221191406,76.22000122070312,75.9000015258789,76.33000183105469,75.68000030517578,7894800,EFA,Factor,2026-09-24
2025-01-10,71.34012603759766,75.05999755859375,75.6500015258789,75.66999816894531,74.9000015258789,12021900,EFA,Factor,2026-09-24
2025-01-13,71.1405258178711,74.8499984741211,74.25,74.88999938964844,74.23999786376953,12019700,EFA,Factor,2026-09-24
2025-01-14,71.39715576171875,75.12000274658203,75.0199966430664,75.26000213623047,74.76000213623047,9963200,EFA,Factor,2026-09-24
2025-01-15,72.30957794189453,76.08000183105469,76.19999694824219,76.26000213623047,75.76000213623047,12144700,EFA,Factor,2026-09-24
2025-01-16,72.68025207519531,76.47000122070312,76.25,76.69000244140625,76.08999633789062,17925700,EFA,Factor,2026-09-24
2025-01-17,72.97488403320312,76.77999877929688,76.86000061035156,77.19000244140625,76.68000030517578,10667100,EFA,Factor,2026-09-24
2025-01-21,74.44807434082031,78.33000183105469,77.80000305175781,78.3499984741211,77.68000030517578,13169100,EFA,Factor,2026-09-24
2025-01-22,74.27699279785156,78.1500015258789,78.48999786376953,78.5,78.12000274658203,8666700,EFA,Factor,2026-09-24
2025-01-23,74.8852767944336,78.79000091552734,78.33999633789062,78.79000091552734,78.19000244140625,10977200,EFA,Factor,2026-09-24
2025-01-24,75.30347442626953,79.2300033569336,79.1500015258789,79.45999908447266,79.08000183105469,7578400,EFA,Factor,2026-09-24
2025-01-27,75.30347442626953,79.2300033569336,78.83999633789062,79.2699966430664,78.81999969482422,13559100,EFA,Factor,2026-09-24
2025-01-28,75.20841979980469,79.12999725341797,79.11000061035156,79.18000030517578,78.66000366210938,9458300,EFA,Factor,2026-09-24
2025-01-29,75.19892120361328,79.12000274658203,79.13999938964844,79.36000061035156,78.8499984741211,7875400,EFA,Factor,2026-09-24
2025-01-30,76.02580261230469,79.98999786376953,79.87999725341797,80.31999969482422,79.63999938964844,13792100,EFA,Factor,2026-09-24
2025-01-31,75.31297302246094,79.23999786376953,79.86000061035156,80.16999816894531,79.16999816894531,14935000,EFA,Factor,2026-09-24
2025-02-03,74.4290542602539,78.30999755859375,77.91000366210938,78.80000305175781,77.6500015258789,14997600,EFA,Factor,2026-09-24
2025-02-04,75.2939682006836,79.22000122070312,78.79000091552734,79.30000305175781,78.70999908447266,10608300,EFA,Factor,2026-09-24
2025-02-05,76.02580261230469,79.98999786376953,79.70999908447266,80.08000183105469,79.55000305175781,7857000,EFA,Factor,2026-09-24
2025-02-06,76.38697814941406,80.37000274658203,80.25,80.54000091552734,80.19000244140625,7806500,EFA,Factor,2026-09-24
2025-02-07,75.66462707519531,79.61000061035156,80.41999816894531,80.4800033569336,79.4800033569336,13110800,EFA,Factor,2026-09-24
2025-02-10,76.1778793334961,80.1500015258789,79.9800033569336,80.18000030517578,79.91999816894531,7287300,EFA,Factor,2026-09-24
2025-02-11,76.53904724121094,80.52999877929688,80.05999755859375,80.61000061035156,80.02999877929688,7583700,EFA,Factor,2026-09-24
2025-02-12,76.82417297363281,80.83000183105469,80.01000213623047,80.98999786376953,79.88999938964844,17271400,EFA,Factor,2026-09-24
2025-02-13,77.75559997558594,81.80999755859375,81.19999694824219,81.8499984741211,81.12000274658203,17212300,EFA,Factor,2026-09-24
2025-02-14,77.86965942382812,81.93000030517578,82.2699966430664,82.3499984741211,81.91000366210938,8051800,EFA,Factor,2026-09-24
2025-02-18,78.43041229248047,82.5199966430664,82.47000122070312,82.62999725341797,82.31999969482422,9485900,EFA,Factor,2026-09-24
2025-02-19,77.62254333496094,81.66999816894531,81.6500015258789,81.80000305175781,81.37999725341797,11042200,EFA,Factor,2026-09-24
2025-02-20,77.98371124267578,82.05000305175781,81.91000366210938,82.0999984741211,81.58000183105469,9177400,EFA,Factor,2026-09-24
2025-02-21,77.49899291992188,81.54000091552734,82.12000274658203,82.13999938964844,81.37999725341797,11630000,EFA,Factor,2026-09-24
2025-02-24,77.45146179199219,81.48999786376953,81.87000274658203,81.98999786376953,81.33999633789062,11135700,EFA,Factor,2026-09-24
2025-02-25,78.15478515625,82.2300033569336,82.51000213623047,82.51000213623047,81.87999725341797,10091400,EFA,Factor,2026-09-24
2025-02-26,78.25933837890625,82.33999633789062,82.47000122070312,82.98999786376953,82.16999816894531,11254600,EFA,Factor,2026-09-24
2025-02-27,77.37543487548828,81.41000366210938,82.11000061035156,82.11000061035156,81.36000061035156,19003200,EFA,Factor,2026-09-24
2025-02-28,77.5370101928711,81.58000183105469,81.33000183105469,81.6500015258789,80.80999755859375,20717700,EFA,Factor,2026-09-24
2025-03-03,78.39241027832031,82.4800033569336,83.16999816894531,83.38999938964844,82.02999877929688,16234700,EFA,Factor,2026-09-24
2025-03-04,78.3733901977539,82.45999908447266,81.88999938964844,83.33000183105469,81.20999908447266,18408500,EFA,Factor,2026-09-24
2025-03-05,80.24576568603516,84.43000030517578,83.58000183105469,84.56999969482422,83.58000183105469,17092500,EFA,Factor,2026-09-24
2025-03-06,79.41888427734375,83.55999755859375,83.80999755859375,84.48999786376953,83.5,18421000,EFA,Factor,2026-09-24
2025-03-07,80.24576568603516,84.43000030517578,83.70999908447266,84.54000091552734,83.54000091552734,13184300,EFA,Factor,2026-09-24
2025-03-10,78.35438537597656,82.44000244140625,83.04000091552734,83.33999633789062,81.87999725341797,19368400,EFA,Factor,2026-09-24
2025-03-11,78.08826446533203,82.16000366210938,82.52999877929688,82.6500015258789,81.61000061035156,18088800,EFA,Factor,2026-09-24
2025-03-12,78.64901733398438,82.75,82.70999908447266,82.93000030517578,82.18000030517578,15886300,EFA,Factor,2026-09-24
2025-03-13,78.12627410888672,82.19999694824219,82.2699966430664,82.5,81.94000244140625,18561400,EFA,Factor,2026-09-24
2025-03-14,79.56144714355469,83.70999908447266,83.0,83.7300033569336,82.8499984741211,13971300,EFA,Factor,2026-09-24
2025-03-17,80.45486450195312,84.6500015258789,83.93000030517578,84.77999877929688,83.87000274658203,12966800,EFA,Factor,2026-09-24
2025-03-18,80.44535827636719,84.63999938964844,84.58000183105469,84.7699966430664,84.1500015258789,10513400,EFA,Factor,2026-09-24
2025-03-19,80.68296813964844,84.88999938964844,84.33999633789062,85.19000244140625,84.27999877929688,16362400,EFA,Factor,2026-09-24
2025-03-20,80.00814819335938,84.18000030517578,83.66999816894531,84.25,83.6500015258789,11820500,EFA,Factor,2026-09-24
2025-03-21,79.51392364501953,83.66000366210938,83.55000305175781,83.81999969482422,83.37000274658203,18771200,EFA,Factor,2026-09-24
2025-03-24,79.5044174194336,83.6500015258789,83.58999633789062,83.83000183105469,83.3499984741211,12201700,EFA,Factor,2026-09-24
2025-03-25,79.94161987304688,84.11000061035156,84.22000122070312,84.31999969482422,83.91000366210938,10478200,EFA,Factor,2026-09-24
2025-03-26,78.9056396484375,83.0199966430664,83.55000305175781,83.77999877929688,82.87999725341797,17010400,EFA,Factor,2026-09-24
2025-03-27,79.07671356201172,83.19999694824219,82.88999938964844,83.38999938964844,82.8499984741211,10331900,EFA,Factor,2026-09-24
2025-03-28,78.3733901977539,82.45999908447266,82.79000091552734,82.88999938964844,82.29000091552734,14242300,EFA,Factor,2026-09-24
2025-03-31,77.67957305908203,81.7300033569336,81.2699966430664,81.87999725341797,80.91999816894531,25560500,EFA,Factor,2026-09-24
2025-04-01,77.79362487792969,81.8499984741211,81.77999877929688,82.11000061035156,81.3499984741211,15154000,EFA,Factor,2026-09-24
2025-04-02,77.97420501708984,82.04000091552734,81.25,82.12999725341797,81.19000244140625,14451600,EFA,Factor,2026-09-24
2025-04-03,76.33944702148438,80.31999969482422,81.23999786376953,81.44000244140625,80.22000122070312,18718400,EFA,Factor,2026-09-24
2025-04-04,71.30210876464844,75.0199966430664,77.25,77.5199966430664,74.97000122070312,40904300,EFA,Factor,2026-09-24
2025-04-07,69.5818099975586,73.20999908447266,72.69000244140625,76.25,72.1500015258789,63057500,EFA,Factor,2026-09-24
2025-04-08,69.34420013427734,72.95999908447266,75.83000183105469,75.91999816894531,72.22000122070312,36425000,EFA,Factor,2026-09-24
2025-04-09,74.69517517089844,78.58999633789062,73.16000366210938,78.86000061035156,72.76000213623047,60645100,EFA,Factor,2026-09-24
2025-04-10,73.22200775146484,77.04000091552734,77.19999694824219,77.48999786376953,75.29000091552734,36697600,EFA,Factor,2026-09-24
2025-04-11,75.05635070800781,78.97000122070312,77.33999633789062,79.1500015258789,77.22000122070312,28909900,EFA,Factor,2026-09-24
2025-04-14,75.86422729492188,79.81999969482422,79.44999694824219,80.23999786376953,79.16999816894531,15749900,EFA,Factor,2026-09-24
2025-04-15,76.54854583740234,80.54000091552734,80.44999694824219,80.91000366210938,80.36000061035156,13679800,EFA,Factor,2026-09-24
2025-04-16,76.25391387939453,80.2300033569336,80.55000305175781,81.05999755859375,79.94000244140625,16542600,EFA,Factor,2026-09-24
2025-04-17,77.08079528808594,81.0999984741211,80.95999908447266,81.58999633789062,80.80999755859375,14072500,EFA,Factor,2026-09-24
2025-04-21,76.66260528564453,80.66000366210938,81.47000122070312,81.55999755859375,80.08999633789062,15883900,EFA,Factor,2026-09-24
2025-04-22,78.24983215332031,82.33000183105469,81.7699966430664,82.69999694824219,81.75,14923200,EFA,Factor,2026-09-24
2025-04-23,78.56348419189453,82.66000366210938,83.12000274658203,83.62999725341797,82.43000030517578,15223500,EFA,Factor,2026-09-24
2025-04-24,79.60897064208984,83.76000213623047,83.02999877929688,83.79000091552734,82.88999938964844,11194200,EFA,Factor,2026-09-24
2025-04-25,79.95112609863281,84.12000274658203,83.5999984741211,84.1500015258789,83.4800033569336,10485300,EFA,Factor,2026-09-24
2025-04-28,80.4833755493164,84.68000030517578,84.2300033569336,84.7699966430664,84.1500015258789,10085400,EFA,Factor,2026-09-24
2025-04-29,80.64494323730469,84.8499984741211,84.58999633789062,85.02999877929688,84.55999755859375,8303800,EFA,Factor,2026-09-24
2025-04-30,80.54991149902344,84.75,84.27999877929688,85.01000213623047,83.86000061035156,24147900,EFA,Factor,2026-09-24
2025-05-01,80.29328918457031,84.4800033569336,84.9800033569336,84.98999786376953,84.37000274658203,10070900,EFA,Factor,2026-09-24
2025-05-02,81.83299255371094,86.0999984741211,85.95999908447266,86.30000305175781,85.80999755859375,14798400,EFA,Factor,2026-09-24
2025-05-05,81.97557067871094,86.25,86.37000274658203,86.4800033569336,86.2300033569336,8119800,EFA,Factor,2026-09-24
2025-05-06,81.87100982666016,86.13999938964844,86.20999908447266,86.44000244140625,86.05000305175781,8661700,EFA,Factor,2026-09-24
2025-05-07,81.59538269042969,85.8499984741211,85.93000030517578,86.19000244140625,85.58999633789062,8536600,EFA,Factor,2026-09-24
2025-05-08,81.31026458740234,85.55000305175781,86.08999633789062,86.08999633789062,85.5,12228300,EFA,Factor,2026-09-24
2025-05-09,81.70944213867188,85.97000122070312,86.20999908447266,86.20999908447266,85.73999786376953,9149000,EFA,Factor,2026-09-24
2025-05-12,82.12763977050781,86.41000366210938,86.08999633789062,86.41999816894531,85.6500015258789,12602500,EFA,Factor,2026-09-24
2025-05-13,82.232177734375,86.5199966430664,86.30000305175781,86.7300033569336,86.19999694824219,13242900,EFA,Factor,2026-09-24
2025-05-14,81.83299255371094,86.0999984741211,86.80999755859375,86.83000183105469,86.04000091552734,10173300,EFA,Factor,2026-09-24
2025-05-15,82.7264175415039,87.04000091552734,86.72000122070312,87.0999984741211,86.5,11283200,EFA,Factor,2026-09-24
2025-05-16,82.91650390625,87.23999786376953,86.94000244140625,87.27999877929688,86.7699966430664,8372100,EFA,Factor,2026-09-24
2025-05-19,83.70537567138672,88.06999969482422,87.23999786376953,88.08000183105469,87.22000122070312,9062900,EFA,Factor,2026-09-24
2025-05-20,84.10456085205078,88.48999786376953,88.26000213623047,88.52999877929688,88.20999908447266,23335500,EFA,Factor,2026-09-24
2025-05-21,83.6103286743164,87.97000122070312,88.5999984741211,88.88999938964844,87.93000030517578,15278800,EFA,Factor,2026-09-24
2025-05-22,83.56279754638672,87.91999816894531,87.62999725341797,88.1500015258789,87.48999786376953,12787300,EFA,Factor,2026-09-24
2025-05-23,83.6768569946289,88.04000091552734,87.19999694824219,88.19999694824219,87.1500015258789,16959600,EFA,Factor,2026-09-24
2025-05-27,84.89342498779297,89.31999969482422,89.30000305175781,89.45999908447266,89.12000274658203,12435700,EFA,Factor,2026-09-24
2025-05-28,83.91446685791016,88.29000091552734,88.44999694824219,88.55000305175781,88.12000274658203,16812400,EFA,Factor,2026-09-24
2025-05-29,84.28514099121094,88.68000030517578,88.73999786376953,88.75,88.25,11454200,EFA,Factor,2026-09-24
2025-05-30,84.40869903564453,88.80999755859375,88.75,88.9000015258789,88.16999816894531,18590200,EFA,Factor,2026-09-24
2025-06-02,85.31161499023438,89.76000213623047,88.97000122070312,89.79000091552734,88.66999816894531,25710500,EFA,Factor,2026-09-24
2025-06-03,84.66532135009766,89.08000183105469,88.86000061035156,89.16999816894531,88.62999725341797,11787400,EFA,Factor,2026-09-24
2025-06-04,85.04549407958984,89.4800033569336,89.29000091552734,89.75,89.2300033569336,11593300,EFA,Factor,2026-09-24
2025-06-05,84.98845672607422,89.41999816894531,89.76000213623047,89.86000061035156,89.2300033569336,14543100,EFA,Factor,2026-09-24
2025-06-06,85.2926025390625,89.73999786376953,89.62000274658203,89.8499984741211,89.5,10301000,EFA,Factor,2026-09-24
2025-06-09,85.2831039428711,89.7300033569336,89.62000274658203,90.0,89.55999755859375,9641600,EFA,Factor,2026-09-24
2025-06-10,85.39715576171875,89.8499984741211,90.05000305175781,90.08999633789062,89.6500015258789,10254100,EFA,Factor,2026-09-24
2025-06-11,85.25458526611328,89.69999694824219,90.01000213623047,90.16000366210938,89.63999938964844,12329600,EFA,Factor,2026-09-24
2025-06-12,85.91039276123047,90.38999938964844,90.19999694824219,90.51000213623047,90.1500015258789,13288000,EFA,Factor,2026-09-24
2025-06-13,84.8078842163086,89.2300033569336,89.22000122070312,89.72000122070312,89.0199966430664,22177100,EFA,Factor,2026-09-24
2025-06-16,85.12599182128906,88.04000091552734,88.41000366210938,88.86000061035156,88.04000091552734,17843400,EFA,Factor,2026-09-24
2025-06-17,84.08174133300781,86.95999908447266,87.66999816894531,87.75,86.86000061035156,16726300,EFA,Factor,2026-09-24
2025-06-18,84.22677612304688,87.11000061035156,87.20999908447266,87.58999633789062,86.9000015258789,18504400,EFA,Factor,2026-09-24
2025-06-20,83.47259521484375,86.33000183105469,87.04000091552734,87.05000305175781,86.30999755859375,16900600,EFA,Factor,2026-09-24
2025-06-23,84.10108184814453,86.9800033569336,85.73999786376953,87.01000213623047,85.68000030517578,23100600,EFA,Factor,2026-09-24
2025-06-24,85.12599182128906,88.04000091552734,87.66000366210938,88.16999816894531,87.55999755859375,14900600,EFA,Factor,2026-09-24
2025-06-25,84.66188049316406,87.55999755859375,87.56999969482422,87.68000030517578,87.36000061035156,14422100,EFA,Factor,2026-09-24
2025-06-26,85.60944366455078,88.54000091552734,88.23999786376953,88.61000061035156,88.12999725341797,15791500,EFA,Factor,2026-09-24
2025-06-27,86.38296508789062,89.33999633789062,89.18000030517578,89.62000274658203,88.95999908447266,15987700,EFA,Factor,2026-09-24
2025-06-30,86.43131256103516,89.38999938964844,89.12000274658203,89.48999786376953,88.94999694824219,28062100,EFA,Factor,2026-09-24
2025-07-01,86.2862777709961,89.23999786376953,89.11000061035156,89.38999938964844,89.02999877929688,11406100,EFA,Factor,2026-09-24
2025-07-02,86.53766632080078,89.5,88.97000122070312,89.55999755859375,88.83999633789062,13133600,EFA,Factor,2026-09-24
2025-07-03,86.5570068359375,89.5199966430664,89.44000244140625,89.68000030517578,89.38999938964844,5311100,EFA,Factor,2026-09-24
2025-07-07,85.61911010742188,88.55000305175781,88.94000244140625,89.0999984741211,88.30000305175781,12925000,EFA,Factor,2026-09-24
2025-07-08,86.24759674072266,89.19999694824219,88.69999694824219,89.29000091552734,88.5999984741211,9061400,EFA,Factor,2026-09-24
2025-07-09,86.89542388916016,89.87000274658203,89.58999633789062,89.9000015258789,89.37999725341797,8699900,EFA,Factor,2026-09-24
2025-07-10,86.83740234375,89.80999755859375,89.62999725341797,89.87999725341797,89.43000030517578,8554400,EFA,Factor,2026-09-24
2025-07-11,86.00586700439453,88.94999694824219,89.0999984741211,89.12999725341797,88.80999755859375,8468000,EFA,Factor,2026-09-24
2025-07-14,86.00586700439453,88.94999694824219,88.6500015258789,89.0199966430664,88.56999969482422,7969900,EFA,Factor,2026-09-24
2025-07-15,85.10665130615234,88.0199966430664,88.95999908447266,88.97000122070312,87.95999908447266,10572000,EFA,Factor,2026-09-24
2025-07-16,85.4547348022461,88.37999725341797,87.9800033569336,88.44000244140625,87.72000122070312,16776500,EFA,Factor,2026-09-24
2025-07-17,85.6771240234375,88.61000061035156,88.1500015258789,88.62000274658203,88.08999633789062,9542000,EFA,Factor,2026-09-24
2025-07-18,85.4354019165039,88.36000061035156,89.0199966430664,89.02999877929688,88.27999877929688,11044700,EFA,Factor,2026-09-24
2025-07-21,85.88984680175781,88.83000183105469,88.77999877929688,89.27999877929688,88.61000061035156,9324000,EFA,Factor,2026-09-24
2025-07-22,86.3636245727539,89.31999969482422,88.93000030517578,89.38999938964844,88.70999908447266,12134300,EFA,Factor,2026-09-24
2025-07-23,88.51014709472656,91.54000091552734,90.54000091552734,91.56999969482422,90.48999786376953,18088200,EFA,Factor,2026-09-24
2025-07-24,87.8526611328125,90.86000061035156,91.06999969482422,91.2699966430664,90.86000061035156,12025500,EFA,Factor,2026-09-24
2025-07-25,87.74629211425781,90.75,90.19000244140625,90.76000213623047,90.08999633789062,9583200,EFA,Factor,2026-09-24
2025-07-28,86.3346176147461,89.29000091552734,89.80999755859375,89.86000061035156,89.0999984741211,13654000,EFA,Factor,2026-09-24
2025-07-29,86.16057586669922,89.11000061035156,89.30000305175781,89.30000305175781,88.93000030517578,11888600,EFA,Factor,2026-09-24
2025-07-30,85.54176330566406,88.47000122070312,88.83000183105469,89.08000183105469,88.13999938964844,14623000,EFA,Factor,2026-09-24
2025-07-31,84.62319946289062,87.5199966430664,88.0999984741211,88.13999938964844,87.3499984741211,29271500,EFA,Factor,2026-09-24
2025-08-01,84.40081787109375,87.29000091552734,87.27999877929688,87.43000030517578,86.73999786376953,18658100,EFA,Factor,2026-09-24
2025-08-04,85.52242279052734,88.44999694824219,88.2300033569336,88.47000122070312,88.11000061035156,14718100,EFA,Factor,2026-09-24
2025-08-05,85.51275634765625,88.44000244140625,88.5999984741211,88.63999938964844,88.16999816894531,11634100,EFA,Factor,2026-09-24
2025-08-06,86.07355499267578,89.0199966430664,88.83999633789062,89.16999816894531,88.7699966430664,11499900,EFA,Factor,2026-09-24
2025-08-07,86.84707641601562,89.81999969482422,90.0199966430664,90.08999633789062,89.44000244140625,11525600,EFA,Factor,2026-09-24
2025-08-08,87.37887573242188,90.37000274658203,90.1500015258789,90.52999877929688,90.08000183105469,10367200,EFA,Factor,2026-09-24
2025-08-11,87.01144409179688,89.98999786376953,90.12000274658203,90.19999694824219,89.87999725341797,8516600,EFA,Factor,2026-09-24
2025-08-12,88.07503509521484,91.08999633789062,90.38999938964844,91.1500015258789,90.27999877929688,12302700,EFA,Factor,2026-09-24
2025-08-13,88.6068344116211,91.63999938964844,91.38999938964844,91.66000366210938,91.37000274658203,9490500,EFA,Factor,2026-09-24
2025-08-14,88.61650848388672,91.6500015258789,91.2300033569336,91.68000030517578,91.19999694824219,11790600,EFA,Factor,2026-09-24
2025-08-15,89.13863372802734,92.19000244140625,92.22000122070312,92.27999877929688,92.04000091552734,11864300,EFA,Factor,2026-09-24
2025-08-18,89.04193878173828,92.08999633789062,91.94999694824219,92.13999938964844,91.80000305175781,11577800,EFA,Factor,2026-09-24
2025-08-19,89.0516128540039,92.0999984741211,92.33000183105469,92.48999786376953,92.0199966430664,10721600,EFA,Factor,2026-09-24
2025-08-20,89.37068939208984,92.43000030517578,92.2699966430664,92.45999908447266,92.11000061035156,15871100,EFA,Factor,2026-09-24
2025-08-21,88.80988311767578,91.8499984741211,91.91999816894531,92.06999969482422,91.69000244140625,11258900,EFA,Factor,2026-09-24
2025-08-22,90.14421844482422,93.2300033569336,92.20999908447266,93.37999725341797,92.18000030517578,15827500,EFA,Factor,2026-09-24
2025-08-25,88.95491790771484,92.0,92.79000091552734,92.94999694824219,91.9800033569336,11700800,EFA,Factor,2026-09-24
2025-08-26,88.85823822021484,91.9000015258789,91.73999786376953,91.94999694824219,91.66999816894531,11788900,EFA,Factor,2026-09-24
2025-08-27,88.64551544189453,91.68000030517578,91.22000122070312,91.72000122070312,91.04000091552734,13054200,EFA,Factor,2026-09-24
2025-08-28,88.97425842285156,92.0199966430664,92.0,92.13999938964844,91.83000183105469,11136400,EFA,Factor,2026-09-24
2025-08-29,88.45213317871094,91.4800033569336,91.52999877929688,91.6500015258789,91.33000183105469,18544500,EFA,Factor,2026-09-24
2025-09-02,87.58192443847656,90.58000183105469,90.0999984741211,90.73999786376953,90.04000091552734,15496100,EFA,Factor,2026-09-24
2025-09-03,87.71728515625,90.72000122070312,90.44999694824219,90.80000305175781,90.37000274658203,14418600,EFA,Factor,2026-09-24
2025-09-04,88.3554458618164,91.37999725341797,91.0,91.4000015258789,90.94000244140625,10348000,EFA,Factor,2026-09-24
2025-09-05,88.75187683105469,91.79000091552734,92.12000274658203,92.38999938964844,91.5,15510600,EFA,Factor,2026-09-24
2025-09-08,89.64142608642578,92.70999908447266,92.45999908447266,92.73999786376953,92.23999786376953,12010700,EFA,Factor,2026-09-24
2025-09-09,89.34168243408203,92.4000015258789,92.33000183105469,92.5,92.1500015258789,10893200,EFA,Factor,2026-09-24
2025-09-10,89.32234191894531,92.37999725341797,92.6500015258789,92.7699966430664,92.2699966430664,11838300,EFA,Factor,2026-09-24
2025-09-11,90.26991271972656,93.36000061035156,92.77999877929688,93.38999938964844,92.75,11013000,EFA,Factor,2026-09-24
2025-09-12,89.91215515136719,92.98999786376953,92.98999786376953,93.12999725341797,92.7699966430664,10010500,EFA,Factor,2026-09-24
2025-09-15,90.51163482666016,93.61000061035156,93.44999694824219,93.68000030517578,93.31999969482422,18108000,EFA,Factor,2026-09-24
2025-09-16,90.26023864746094,93.3499984741211,93.5199966430664,93.54000091552734,93.08000183105469,25226900,EFA,Factor,2026-09-24
2025-09-17,89.92182159423828,93.0,93.23999786376953,93.7699966430664,92.61000061035156,17013600,EFA,Factor,2026-09-24
2025-09-18,90.26991271972656,93.36000061035156,93.0999984741211,93.4800033569336,92.81999969482422,15791600,EFA,Factor,2026-09-24
2025-09-19,89.92182159423828,93.0,93.04000091552734,93.1500015258789,92.76000213623047,21889300,EFA,Factor,2026-09-24
2025-09-22,90.21189880371094,93.30000305175781,92.95999908447266,93.33999633789062,92.7300033569336,13692200,EFA,Factor,2026-09-24
2025-09-23,90.03784942626953,93.12000274658203,93.51000213623047,93.66999816894531,93.0199966430664,14688400,EFA,Factor,2026-09-24
2025-09-24,89.5157241821289,92.58000183105469,92.69000244140625,92.91999816894531,92.45999908447266,14910700,EFA,Factor,2026-09-24
2025-09-25,88.87757110595703,91.91999816894531,91.94999694824219,92.0199966430664,91.52999877929688,22434600,EFA,Factor,2026-09-24
2025-09-26,89.56407165527344,92.62999725341797,92.30999755859375,92.63999938964844,92.2300033569336,18138000,EFA,Factor,2026-09-24
2025-09-29,89.91215515136719,92.98999786376953,92.91999816894531,93.05999755859375,92.7699966430664,13807100,EFA,Factor,2026-09-24
2025-09-30,90.27957916259766,93.37000274658203,92.88999938964844,93.45999908447266,92.86000061035156,24295000,EFA,Factor,2026-09-24
2025-10-01,91.02409362792969,94.13999938964844,93.87999725341797,94.2699966430664,93.86000061035156,17167900,EFA,Factor,2026-09-24
2025-10-02,91.16912841796875,94.29000091552734,94.54000091552734,94.5999984741211,93.87000274658203,15300500,EFA,Factor,2026-09-24
2025-10-03,91.93297576904297,95.08000183105469,94.97000122070312,95.2699966430664,94.8499984741211,13985500,EFA,Factor,2026-09-24
2025-10-06,92.14569854736328,95.30000305175781,95.25,95.52999877929688,95.1500015258789,12812500,EFA,Factor,2026-09-24
2025-10-07,91.34317016601562,94.47000122070312,94.95999908447266,95.01000213623047,94.43000030517578,9075000,EFA,Factor,2026-09-24
2025-10-08,91.61389923095703,94.75,94.79000091552734,94.93000030517578,94.55000305175781,11159400,EFA,Factor,2026-09-24
2025-10-09,90.85972595214844,93.97000122070312,94.79000091552734,94.79000091552734,93.73999786376953,10567900,EFA,Factor,2026-09-24
2025-10-10,89.18697357177734,92.23999786376953,93.69000244140625,93.7699966430664,92.12000274658203,26137200,EFA,Factor,2026-09-24
2025-10-13,89.9024887084961,92.9800033569336,92.6500015258789,93.08000183105469,92.52999877929688,11132900,EFA,Factor,2026-09-24
2025-10-14,90.30858612060547,93.4000015258789,92.44999694824219,93.68000030517578,92.33999633789062,15119000,EFA,Factor,2026-09-24
2025-10-15,90.74369049072266,93.8499984741211,93.86000061035156,94.12999725341797,93.31999969482422,15005400,EFA,Factor,2026-09-24
2025-10-16,91.21746826171875,94.33999633789062,94.41999816894531,94.73999786376953,94.0,24970300,EFA,Factor,2026-09-24
2025-10-17,91.38185119628906,94.51000213623047,94.04000091552734,94.56999969482422,93.91999816894531,16789400,EFA,Factor,2026-09-24
2025-10-20,92.13602447509766,95.29000091552734,94.94999694824219,95.37999725341797,94.93000030517578,12951100,EFA,Factor,2026-09-24
2025-10-21,91.45919036865234,94.58999633789062,94.86000061035156,95.0,94.55000305175781,16644300,EFA,Factor,2026-09-24
2025-10-22,91.3238296508789,94.44999694824219,94.5999984741211,94.76000213623047,94.05000305175781,15028600,EFA,Factor,2026-09-24
2025-10-23,91.749267578125,94.88999938964844,94.62000274658203,95.0,94.62000274658203,10584400,EFA,Factor,2026-09-24
2025-10-24,91.89430236816406,95.04000091552734,95.08000183105469,95.20999908447266,94.94000244140625,8967800,EFA,Factor,2026-09-24
2025-10-27,92.53245544433594,95.69999694824219,95.55999755859375,95.7300033569336,95.4800033569336,10612600,EFA,Factor,2026-09-24
2025-10-28,92.49378204345703,95.66000366210938,95.62999725341797,95.94999694824219,95.47000122070312,9187600,EFA,Factor,2026-09-24
2025-10-29,91.9716567993164,95.12000274658203,95.66000366210938,95.75,94.6500015258789,17914300,EFA,Factor,2026-09-24
2025-10-30,91.56555938720703,94.69999694824219,94.56999969482422,95.08000183105469,94.5,13967800,EFA,Factor,2026-09-24
2025-10-31,91.36251068115234,94.48999786376953,94.58999633789062,94.61000061035156,94.12999725341797,19459200,EFA,Factor,2026-09-24
2025-11-03,91.40118408203125,94.52999877929688,94.55999755859375,94.63999938964844,94.26000213623047,10681400,EFA,Factor,2026-09-24
2025-11-04,90.46328735351562,93.55999755859375,93.52999877929688,94.02999877929688,93.44999694824219,10349000,EFA,Factor,2026-09-24
2025-11-05,91.0434341430664,94.16000366210938,93.68000030517578,94.31999969482422,93.66999816894531,12451300,EFA,Factor,2026-09-24
2025-11-06,90.84037780761719,93.94999694824219,94.2699966430664,94.36000061035156,93.70999908447266,16176000,EFA,Factor,2026-09-24
2025-11-07,91.17880249023438,94.30000305175781,93.56999969482422,94.31999969482422,93.33999633789062,13976900,EFA,Factor,2026-09-24
2025-11-10,92.13602447509766,95.29000091552734,94.86000061035156,95.3499984741211,94.58999633789062,15682400,EFA,Factor,2026-09-24
2025-11-11,92.81285858154297,95.98999786376953,95.66999816894531,96.13999938964844,95.66999816894531,12959400,EFA,Factor,2026-09-24
2025-11-12,93.3639907836914,96.55999755859375,96.30999755859375,96.69000244140625,96.30999755859375,9532200,EFA,Factor,2026-09-24
2025-11-13,92.36808013916016,95.52999877929688,96.3499984741211,96.45999908447266,95.43000030517578,15864800,EFA,Factor,2026-09-24
2025-11-14,92.10702514648438,95.26000213623047,94.87999725341797,95.52999877929688,94.77999877929688,17396400,EFA,Factor,2026-09-24
2025-11-17,90.9080581665039,94.0199966430664,94.5999984741211,94.87999725341797,93.68000030517578,18850900,EFA,Factor,2026-09-24
2025-11-18,89.72844696044922,92.80000305175781,92.80999755859375,93.1500015258789,92.30000305175781,22482300,EFA,Factor,2026-09-24
2025-11-19,89.45771026611328,92.5199966430664,92.70999908447266,93.06999969482422,92.13999938964844,15425200,EFA,Factor,2026-09-24
2025-11-20,88.22007751464844,91.23999786376953,93.12999725341797,93.25,91.20999908447266,26720600,EFA,Factor,2026-09-24
2025-11-21,89.58341217041016,92.6500015258789,92.0999984741211,92.9000015258789,91.76000213623047,27211400,EFA,Factor,2026-09-24
2025-11-24,89.66075897216797,92.7300033569336,92.44999694824219,92.87999725341797,92.33999633789062,18550900,EFA,Factor,2026-09-24
2025-11-25,90.73401641845703,93.83999633789062,93.12999725341797,93.87999725341797,92.88999938964844,19903700,EFA,Factor,2026-09-24
2025-11-26,91.72993469238281,94.87000274658203,94.26000213623047,95.01000213623047,94.2300033569336,13481200,EFA,Factor,2026-09-24
2025-11-28,92.03934478759766,95.19000244140625,94.83999633789062,95.22000122070312,94.73999786376953,8136000,EFA,Factor,2026-09-24
2025-12-01,91.58489227294922,94.72000122070312,94.91999816894531,95.1500015258789,94.69000244140625,21791500,EFA,Factor,2026-09-24
2025-12-02,91.89430236816406,95.04000091552734,95.08000183105469,95.12999725341797,94.75,14267600,EFA,Factor,2026-09-24
2025-12-03,92.3874282836914,95.55000305175781,95.12000274658203,95.58999633789062,95.0999984741211,14439800,EFA,Factor,2026-09-24
2025-12-04,92.63880920410156,95.80999755859375,96.08000183105469,96.18000030517578,95.6500015258789,13862900,EFA,Factor,2026-09-24
2025-12-05,92.63880920410156,95.80999755859375,96.0999984741211,96.2300033569336,95.63999938964844,15829800,EFA,Factor,2026-09-24
2025-12-08,92.34874725341797,95.51000213623047,95.81999969482422,95.81999969482422,95.36000061035156,13589200,EFA,Factor,2026-09-24
2025-12-09,92.2230453491211,95.37999725341797,95.5999984741211,95.83000183105469,95.36000061035156,15966700,EFA,Factor,2026-09-24
2025-12-10,93.24797058105469,96.44000244140625,95.55999755859375,96.5999984741211,95.5,21171700,EFA,Factor,2026-09-24
2025-12-11,93.79910278320312,97.01000213623047,96.72000122070312,97.1500015258789,96.62999725341797,19221400,EFA,Factor,2026-09-24
2025-12-12,93.30598449707031,96.5,97.05999755859375,97.18000030517578,96.1500015258789,20514900,EFA,Factor,2026-09-24
2025-12-15,93.8764419555664,97.08999633789062,97.30999755859375,97.41999816894531,96.87000274658203,22751500,EFA,Factor,2026-09-24
2025-12-16,93.44133758544922,94.91999816894531,95.13999938964844,95.2300033569336,94.5999984741211,29380500,EFA,Factor,2026-09-24
2025-12-17,92.68333435058594,94.1500015258789,94.7300033569336,94.94999694824219,94.12999725341797,34926000,EFA,Factor,2026-09-24
2025-12-18,93.3428955078125,94.81999969482422,94.94999694824219,95.30999755859375,94.58000183105469,29971400,EFA,Factor,2026-09-24
2025-12-19,93.9729232788086,95.45999908447266,95.26000213623047,95.7300033569336,95.20999908447266,31094700,EFA,Factor,2026-09-24
2025-12-22,94.20918273925781,95.69999694824219,95.47000122070312,95.76000213623047,95.4000015258789,15861200,EFA,Factor,2026-09-24
2025-12-23,94.79000091552734,96.29000091552734,96.27999877929688,96.44000244140625,96.16999816894531,16485700,EFA,Factor,2026-09-24
2025-12-24,94.90813446044922,96.41000366210938,96.33000183105469,96.45999908447266,96.19000244140625,5609700,EFA,Factor,2026-09-24
2025-12-26,95.06563568115234,96.56999969482422,96.52999877929688,96.5999984741211,96.33999633789062,9304200,EFA,Factor,2026-09-24
2025-12-29,94.7801513671875,96.27999877929688,96.26000213623047,96.47000122070312,96.05999755859375,16705400,EFA,Factor,2026-09-24
2025-12-30,94.93766021728516,96.44000244140625,96.62999725341797,96.80000305175781,96.41999816894531,15877000,EFA,Factor,2026-09-24
2025-12-31,94.53404235839844,96.02999877929688,96.33000183105469,96.38999938964844,95.91999816894531,27618000,EFA,Factor,2026-09-24
2026-01-02,95.52831268310547,97.04000091552734,97.02999877929688,97.11000061035156,96.51000213623047,42922400,EFA,Factor,2026-09-24
2026-01-05,96.62102508544922,98.1500015258789,97.26000213623047,98.1500015258789,97.2300033569336,25187000,EFA,Factor,2026-09-24
2026-01-06,96.76869201660156,98.30000305175781,98.30999755859375,98.4800033569336,98.12999725341797,14557900,EFA,Factor,2026-09-24
2026-01-07,96.40444946289062,97.93000030517578,98.13999938964844,98.20999908447266,97.83999633789062,15468900,EFA,Factor,2026-09-24
2026-01-08,96.41429901123047,97.94000244140625,97.55999755859375,97.94999694824219,97.52999877929688,14090500,EFA,Factor,2026-09-24
2026-01-09,97.27073669433594,98.80999755859375,98.41999816894531,98.88999938964844,98.33000183105469,16001700,EFA,Factor,2026-09-24
2026-01-12,97.86139678955078,99.41000366210938,99.1500015258789,99.44000244140625,99.12000274658203,15313500,EFA,Factor,2026-09-24
2026-01-13,97.3002700805664,98.83999633789062,99.2300033569336,99.25,98.6500015258789,17697700,EFA,Factor,2026-09-24
2026-01-14,97.75311279296875,99.30000305175781,99.19000244140625,99.37000274658203,98.9800033569336,19947400,EFA,Factor,2026-09-24
2026-01-15,97.71372985839844,99.26000213623047,99.62000274658203,99.62000274658203,99.22000122070312,24662400,EFA,Factor,2026-09-24
2026-01-16,97.97952270507812,99.52999877929688,99.41999816894531,99.54000091552734,99.05999755859375,18699200,EFA,Factor,2026-09-24
2026-01-20,96.4930419921875,98.0199966430664,98.0,98.69000244140625,97.86000061035156,26893300,EFA,Factor,2026-09-24
2026-01-21,97.48731231689453,99.02999877929688,98.2699966430664,99.27999877929688,97.88999938964844,26150500,EFA,Factor,2026-09-24
2026-01-22,97.8712387084961,99.41999816894531,99.38999938964844,99.66999816894531,99.18000030517578,16592800,EFA,Factor,2026-09-24
2026-01-23,98.41267395019531,99.97000122070312,99.16999816894531,100.0,99.0,16753500,EFA,Factor,2026-09-24
2026-01-26,98.9048843383789,100.47000122070312,100.54000091552734,100.83000183105469,100.45999908447266,14959300,EFA,Factor,2026-09-24
2026-01-27,100.49964141845703,102.08999633789062,101.47000122070312,102.31999969482422,101.43000030517578,19754300,EFA,Factor,2026-09-24
2026-01-28,99.43647003173828,101.01000213623047,101.19000244140625,101.36000061035156,100.55999755859375,21938700,EFA,Factor,2026-09-24
2026-01-29,100.10588073730469,101.69000244140625,102.0199966430664,102.0999984741211,100.55999755859375,29236200,EFA,Factor,2026-09-24
2026-01-30,99.17066955566406,100.73999786376953,101.3499984741211,101.54000091552734,100.37000274658203,27813400,EFA,Factor,2026-09-24
2026-02-02,99.82039642333984,101.4000015258789,100.87999725341797,101.55000305175781,100.81999969482422,21725500,EFA,Factor,2026-09-24
2026-02-03,99.86961364746094,101.44999694824219,101.13999938964844,101.66000366210938,100.63999938964844,23625500,EFA,Factor,2026-09-24
2026-02-04,100.19447326660156,101.77999877929688,102.47000122070312,102.66999816894531,101.37000274658203,25576700,EFA,Factor,2026-09-24
2026-02-05,98.7670669555664,100.33000183105469,100.62000274658203,101.1500015258789,100.2699966430664,22760200,EFA,Factor,2026-09-24
2026-02-06,101.01154327392578,102.61000061035156,101.69000244140625,102.6500015258789,101.63999938964844,17343700,EFA,Factor,2026-09-24
2026-02-09,102.37004089355469,103.98999786376953,103.2300033569336,104.16999816894531,103.12000274658203,20137400,EFA,Factor,2026-09-24
2026-02-10,102.61614990234375,104.23999786376953,104.58000183105469,104.66999816894531,104.23999786376953,16861700,EFA,Factor,2026-09-24
2026-02-11,103.30525207519531,104.94000244140625,104.83999633789062,105.16999816894531,104.16000366210938,20493500,EFA,Factor,2026-09-24
2026-02-12,102.52755737304688,104.1500015258789,105.08999633789062,105.23999786376953,103.80999755859375,29385300,EFA,Factor,2026-09-24
2026-02-13,102.61614990234375,104.23999786376953,103.87999725341797,104.43000030517578,103.44999694824219,22651300,EFA,Factor,2026-09-24
2026-02-17,102.59646606445312,104.22000122070312,103.36000061035156,104.33999633789062,103.0199966430664,19647200,EFA,Factor,2026-09-24
2026-02-18,102.71459197998047,104.33999633789062,104.37000274658203,104.91000366210938,104.12000274658203,16099000,EFA,Factor,2026-09-24
2026-02-19,102.42911529541016,104.05000305175781,103.54000091552734,104.08999633789062,103.37000274658203,15994100,EFA,Factor,2026-09-24
2026-02-20,103.265869140625,104.9000015258789,103.86000061035156,105.05000305175781,103.86000061035156,25737500,EFA,Factor,2026-09-24
2026-02-23,102.84256744384766,104.47000122070312,104.80999755859375,105.11000061035156,104.19000244140625,14151800,EFA,Factor,2026-09-24
2026-02-24,103.02960968017578,104.66000366210938,104.16999816894531,104.91999816894531,104.08000183105469,17358000,EFA,Factor,2026-09-24
2026-02-25,104.0140380859375,105.66000366210938,105.26000213623047,105.80000305175781,105.1500015258789,14783800,EFA,Factor,2026-09-24
2026-02-26,103.92543029785156,105.56999969482422,105.63999938964844,105.72000122070312,104.87000274658203,28482700,EFA,Factor,2026-09-24
2026-02-27,103.73838806152344,105.37999725341797,105.5199966430664,105.94000244140625,105.26000213623047,25575500,EFA,Factor,2026-09-24
2026-03-02,101.6907958984375,103.30000305175781,102.76000213623047,103.7300033569336,102.72000122070312,38046600,EFA,Factor,2026-09-24
2026-03-03,98.53079986572266,100.08999633789062,98.6500015258789,100.55999755859375,97.75,52567300,EFA,Factor,2026-09-24
2026-03-04,99.80070495605469,101.37999725341797,100.79000091552734,101.48999786376953,100.4000015258789,30766400,EFA,Factor,2026-09-24
2026-03-05,97.61529541015625,99.16000366210938,99.77999877929688,100.2699966430664,98.22000122070312,34508300,EFA,Factor,2026-09-24
2026-03-06,96.74899291992188,98.27999877929688,97.2699966430664,98.69000244140625,97.05999755859375,27734400,EFA,Factor,2026-09-24
2026-03-09,97.44793701171875,98.98999786376953,96.77999877929688,99.41000366210938,95.9800033569336,37484700,EFA,Factor,2026-09-24
2026-03-10,97.67435455322266,99.22000122070312,99.73999786376953,100.87999725341797,99.06999969482422,44802900,EFA,Factor,2026-09-24
2026-03-11,97.4676284790039,99.01000213623047,98.63999938964844,99.37999725341797,98.29000091552734,21345300,EFA,Factor,2026-09-24
2026-03-12,95.9417724609375,97.45999908447266,98.04000091552734,98.12999725341797,97.01000213623047,34724600,EFA,Factor,2026-09-24
2026-03-13,94.79984283447266,96.30000305175781,97.66999816894531,98.11000061035156,96.13999938964844,27628100,EFA,Factor,2026-09-24
2026-03-16,96.5718002319336,98.0999984741211,97.63999938964844,98.31999969482422,97.44999694824219,17384000,EFA,Factor,2026-09-24
2026-03-17,96.83760070800781,98.37000274658203,98.73999786376953,98.97000122070312,98.23999786376953,16411500,EFA,Factor,2026-09-24
2026-03-18,95.18376922607422,96.69000244140625,97.80999755859375,98.01000213623047,96.61000061035156,26644800,EFA,Factor,2026-09-24
2026-03-19,95.01641082763672,96.5199966430664,94.94000244140625,97.11000061035156,94.80000305175781,34858300,EFA,Factor,2026-09-24
2026-03-20,92.1320571899414,93.58999633789062,96.12999725341797,96.12999725341797,93.08000183105469,45493400,EFA,Factor,2026-09-24
2026-03-23,94.34700012207031,95.83999633789062,95.52999877929688,97.0199966430664,94.94999694824219,40781200,EFA,Factor,2026-09-24
2026-03-24,93.78588104248047,95.2699966430664,94.48999786376953,95.80999755859375,94.3499984741211,22695800,EFA,Factor,2026-09-24
2026-03-25,95.15423583984375,96.66000366210938,96.91999816894531,97.1500015258789,96.1500015258789,20476300,EFA,Factor,2026-09-24
2026-03-26,93.18539428710938,94.66000366210938,95.47000122070312,96.2300033569336,94.62000274658203,19676500,EFA,Factor,2026-09-24
2026-03-27,92.33879089355469,93.80000305175781,94.29000091552734,94.83999633789062,93.5199966430664,22341100,EFA,Factor,2026-09-24
2026-03-30,92.60457611083984,94.06999969482422,94.72000122070312,94.9800033569336,93.66999816894531,16136400,EFA,Factor,2026-09-24
2026-03-31,95.61690521240234,97.12999725341797,95.56999969482422,97.16000366210938,95.05999755859375,39448000,EFA,Factor,2026-09-24
2026-04-01,97.07386016845703,98.61000061035156,98.5199966430664,99.31999969482422,98.22000122070312,27123200,EFA,Factor,2026-09-24
2026-04-02,96.47335815429688,98.0,96.54000091552734,98.41999816894531,96.36000061035156,17276100,EFA,Factor,2026-09-24
2026-04-06,96.95572662353516,98.48999786376953,98.12999725341797,98.7300033569336,98.02999877929688,11810900,EFA,Factor,2026-09-24
2026-04-07,96.81790161132812,98.3499984741211,97.66999816894531,98.5,96.79000091552734,19809700,EFA,Factor,2026-09-24
2026-04-08,100.59809112548828,102.19000244140625,102.48999786376953,102.63999938964844,101.5199966430664,22300800,EFA,Factor,2026-09-24
2026-04-09,100.36182403564453,101.94999694824219,101.08999633789062,102.47000122070312,100.91000366210938,14958400,EFA,Factor,2026-09-24
2026-04-10,100.58824157714844,102.18000030517578,102.62999725341797,102.69000244140625,101.80999755859375,8670300,EFA,Factor,2026-09-24
2026-04-13,101.20842742919922,102.80999755859375,101.2699966430664,102.8499984741211,101.18000030517578,19346900,EFA,Factor,2026-09-24
2026-04-14,102.02549743652344,103.63999938964844,103.33999633789062,103.81999969482422,103.20999908447266,16581000,EFA,Factor,2026-09-24
2026-04-15,101.70063781738281,103.30999755859375,103.38999938964844,103.44999694824219,102.94000244140625,8786300,EFA,Factor,2026-09-24
2026-04-16,101.40531158447266,103.01000213623047,103.55999755859375,103.58000183105469,102.6500015258789,13227600,EFA,Factor,2026-09-24
2026-04-17,102.69490814208984,104.31999969482422,104.45999908447266,105.12999725341797,104.20999908447266,17321500,EFA,Factor,2026-09-24
2026-04-20,102.29129791259766,103.91000366210938,103.72000122070312,103.93000030517578,103.12999725341797,12896100,EFA,Factor,2026-09-24
2026-04-21,100.04680633544922,101.62999725341797,103.12999725341797,103.2699966430664,101.51000213623047,18105400,EFA,Factor,2026-09-24
2026-04-22,100.38151550292969,101.97000122070312,102.33000183105469,102.37999725341797,101.6500015258789,9990800,EFA,Factor,2026-09-24
2026-04-23,99.66288757324219,101.23999786376953,101.75,102.12000274658203,100.1500015258789,15773900,EFA,Factor,2026-09-24
2026-04-24,100.18462371826172,101.7699966430664,101.41000366210938,101.95999908447266,101.1500015258789,14219400,EFA,Factor,2026-09-24
2026-04-27,99.80070495605469,101.37999725341797,101.83000183105469,102.05999755859375,101.33999633789062,10091700,EFA,Factor,2026-09-24
2026-04-28,99.38724517822266,100.95999908447266,100.93000030517578,101.12999725341797,100.55999755859375,11008800,EFA,Factor,2026-09-24
2026-04-29,98.373291015625,99.93000030517578,100.4000015258789,100.4800033569336,99.51000213623047,10986800,EFA,Factor,2026-09-24
2026-04-30,100.72605895996094,102.31999969482422,101.31999969482422,102.58000183105469,101.08999633789062,16585800,EFA,Factor,2026-09-24
2026-05-01,100.50949096679688,102.0999984741211,102.29000091552734,102.87000274658203,102.06999969482422,14447200,EFA,Factor,2026-09-24
2026-05-04,99.13129425048828,100.69999694824219,101.44000244140625,101.72000122070312,100.26000213623047,21026300,EFA,Factor,2026-09-24
2026-05-05,100.45042419433594,102.04000091552734,101.66999816894531,102.16000366210938,101.19000244140625,12347300,EFA,Factor,2026-09-24
2026-05-06,103.1772689819336,104.80999755859375,104.5,104.91999816894531,104.30999755859375,14755500,EFA,Factor,2026-09-24
2026-05-07,101.28718566894531,102.88999938964844,104.81999969482422,104.86000061035156,102.81999969482422,19257500,EFA,Factor,2026-09-24
2026-05-08,102.34051513671875,103.95999908447266,103.7699966430664,104.04000091552734,103.38999938964844,12280100,EFA,Factor,2026-09-24
2026-05-11,102.12393951416016,103.73999786376953,103.80999755859375,104.0,103.56999969482422,10717500,EFA,Factor,2026-09-24
2026-05-12,101.53328704833984,103.13999938964844,103.0,103.27999877929688,102.3499984741211,15770900,EFA,Factor,2026-09-24
2026-05-13,102.21253967285156,103.83000183105469,103.01000213623047,103.87999725341797,102.93000030517578,9578900,EFA,Factor,2026-09-24
2026-05-14,101.84830474853516,103.45999908447266,103.79000091552734,103.93000030517578,103.41000366210938,8943600,EFA,Factor,2026-09-24
2026-05-15,100.13540649414062,101.72000122070312,102.01000213623047,102.13999938964844,101.55000305175781,17916800,EFA,Factor,2026-09-24
2026-05-18,101.0607681274414,102.66000366210938,102.4800033569336,102.81999969482422,101.77999877929688,15944000,EFA,Factor,2026-09-24
2026-05-19,100.33229064941406,101.91999816894531,102.08000183105469,102.47000122070312,101.69000244140625,13211800,EFA,Factor,2026-09-24
2026-05-20,102.00581359863281,103.62000274658203,102.16000366210938,103.91000366210938,101.97000122070312,16511800,EFA,Factor,2026-09-24
2026-05-21,102.56693267822266,104.19000244140625,102.81999969482422,104.55999755859375,102.5999984741211,14357600,EFA,Factor,2026-09-24
2026-05-22,102.3602066040039,103.9800033569336,104.22000122070312,104.4800033569336,103.79000091552734,12012200,EFA,Factor,2026-09-24
2026-05-26,103.4922866821289,105.12999725341797,105.3499984741211,105.45999908447266,104.76000213623047,12884900,EFA,Factor,2026-09-24
2026-05-27,103.13789367675781,104.7699966430664,105.05999755859375,105.08999633789062,104.5199966430664,12599500,EFA,Factor,2026-09-24
2026-05-28,103.05914306640625,104.69000244140625,104.12000274658203,105.01000213623047,103.97000122070312,13606000,EFA,Factor,2026-09-24
2026-05-29,103.16743469238281,104.80000305175781,105.12999725341797,105.5199966430664,104.7300033569336,16926000,EFA,Factor,2026-09-24
2026-06-01,102.81304168701172,104.44000244140625,103.98999786376953,104.91999816894531,103.5999984741211,17412600,EFA,Factor,2026-09-24
2026-06-02,103.38399505615234,105.0199966430664,104.58999633789062,105.16000366210938,104.52999877929688,8400600,EFA,Factor,2026-09-24
2026-06-03,102.4980239868164,104.12000274658203,104.58000183105469,104.63999938964844,104.06999969482422,11807100,EFA,Factor,2026-09-24
2026-06-04,103.3150863647461,104.94999694824219,104.54000091552734,105.0199966430664,104.43000030517578,10158700,EFA,Factor,2026-09-24
2026-06-05,100.66699981689453,102.26000213623047,104.13999938964844,104.19000244140625,101.91000366210938,16937500,EFA,Factor,2026-09-24
2026-06-08,101.27733612060547,102.87999725341797,103.2699966430664,103.5,102.72000122070312,13550300,EFA,Factor,2026-09-24
2026-06-09,101.29702758789062,102.9000015258789,103.88999938964844,104.23999786376953,101.33999633789062,21878000,EFA,Factor,2026-09-24
2026-06-10,99.98774719238281,101.56999969482422,102.2300033569336,102.9000015258789,101.48999786376953,22737700,EFA,Factor,2026-09-24
2026-06-11,103.09852600097656,104.7300033569336,102.4800033569336,104.8499984741211,102.22000122070312,20415000,EFA,Factor,2026-09-24
2026-06-12,103.38399505615234,105.0199966430664,104.6500015258789,105.36000061035156,104.19000244140625,14219900,EFA,Factor,2026-09-24
2026-06-15,104.08000183105469,104.08000183105469,104.69000244140625,104.73999786376953,103.98999786376953,14053600,EFA,Factor,2026-09-24
2026-06-16,104.30999755859375,104.30999755859375,104.72000122070312,104.80000305175781,104.2300033569336,12047000,EFA,Factor,2026-09-24
2026-06-17,103.77999877929688,103.77999877929688,105.04000091552734,105.41999816894531,103.58999633789062,20717600,EFA,Factor,2026-09-24
2026-06-18,104.41000366210938,104.41000366210938,104.58000183105469,104.66000366210938,104.18000030517578,15466300,EFA,Factor,2026-09-24
2026-06-22,104.58000183105469,104.58000183105469,104.58999633789062,104.83999633789062,104.43000030517578,9596200,EFA,Factor,2026-09-24
2026-06-23,102.45999908447266,102.45999908447266,102.37999725341797,103.0199966430664,102.31999969482422,17425700,EFA,Factor,2026-09-24
2026-06-24,102.26000213623047,102.26000213623047,102.23999786376953,102.6500015258789,101.91999816894531,12504200,EFA,Factor,2026-09-24
2026-06-25,103.1500015258789,103.1500015258789,103.4800033569336,103.7300033569336,102.7300033569336,13135400,EFA,Factor,2026-09-24
2026-06-26,102.54000091552734,102.54000091552734,102.45999908447266,103.06999969482422,102.30000305175781,21219200,EFA,Factor,2026-09-24
2026-06-29,103.44999694824219,103.44999694824219,102.87000274658203,103.47000122070312,102.22000122070312,10788600,EFA,Factor,2026-09-24
2026-06-30,103.87999725341797,103.87999725341797,103.31999969482422,103.88999938964844,103.19000244140625,16945900,EFA,Factor,2026-09-24
2026-07-01,103.0199966430664,103.0199966430664,103.06999969482422,103.43000030517578,102.87000274658203,13487100,EFA,Factor,2026-09-24
2026-07-02,104.37000274658203,104.37000274658203,104.58999633789062,105.2699966430664,103.75,12686000,EFA,Factor,2026-09-24
2026-07-06,105.45999908447266,105.45999908447266,105.0,105.5199966430664,104.87999725341797,9803200,EFA,Factor,2026-09-24
2026-07-07,104.16000366210938,104.16000366210938,105.0199966430664,105.16000366210938,103.8499984741211,10714800,EFA,Factor,2026-09-24
2026-07-08,103.36000061035156,103.36000061035156,102.80999755859375,103.41000366210938,102.26000213623047,8642800,EFA,Factor,2026-09-24
2026-07-09,103.91999816894531,103.91999816894531,103.61000061035156,104.19000244140625,103.55000305175781,7586400,EFA,Factor,2026-09-24
2026-07-10,104.33000183105469,104.33000183105469,104.18000030517578,104.5999984741211,103.61000061035156,8286800,EFA,Factor,2026-09-24
2026-07-13,103.23999786376953,103.23999786376953,103.8499984741211,103.9800033569336,103.08999633789062,10953700,EFA,Factor,2026-09-24
2026-07-14,103.95999908447266,103.95999908447266,104.37999725341797,105.08999633789062,103.91000366210938,9932200,EFA,Factor,2026-09-24
2026-07-15,104.6500015258789,104.6500015258789,104.27999877929688,104.80999755859375,103.80000305175781,7415800,EFA,Factor,2026-09-24
2026-07-16,103.80999755859375,103.80999755859375,103.66999816894531,104.22000122070312,103.47000122070312,9966800,EFA,Factor,2026-09-24
2026-07-17,103.33000183105469,103.33000183105469,102.51000213623047,103.51000213623047,102.51000213623047,10969800,EFA,Factor,2026-09-24
2026-07-20,102.56999969482422,102.56999969482422,103.33999633789062,103.48999786376953,102.47000122070312,14834400,EFA,Factor,2026-09-24
2026-07-21,104.05999755859375,104.05999755859375,103.51000213623047,104.19000244140625,103.08999633789062,9826900,EFA,Factor,2026-09-24
2026-07-22,104.25,104.25,104.44000244140625,104.63999938964844,104.22000122070312,14694400,EFA,Factor,2026-09-24
2026-07-23,102.9000015258789,102.9000015258789,102.76000213623047,103.29000091552734,102.54000091552734,12596100,EFA,Factor,2026-09-24
2026-07-24,103.41000366210938,103.41000366210938,103.5,104.02999877929688,103.26000213623047,9032100,EFA,Factor,2026-09-24
2026-07-27,103.91000366210938,103.91000366210938,104.36000061035156,104.45999908447266,103.44999694824219,9299900,EFA,Factor,2026-09-24
2026-07-28,103.88999938964844,103.88999938964844,103.19000244140625,104.18000030517578,103.12000274658203,9580400,EFA,Factor,2026-09-24
2026-07-29,103.37000274658203,103.37000274658203,103.72000122070312,104.8499984741211,102.9800033569336,11646400,EFA,Factor,2026-09-24
2026-07-30,106.23999786376953,106.23999786376953,105.01000213623047,106.31999969482422,104.80999755859375,13263500,EFA,Factor,2026-09-24
2026-07-31,105.58000183105469,105.58000183105469,105.75,105.83000183105469,104.5999984741211,14260700,EFA,Factor,2026-09-24
2026-08-03,106.0199966430664,106.0199966430664,105.72000122070312,106.08000183105469,105.54000091552734,9956800,EFA,Factor,2026-09-24
2026-08-04,107.31999969482422,107.31999969482422,106.72000122070312,107.47000122070312,106.61000061035156,10410000,EFA,Factor,2026-09-24
2026-08-05,107.43000030517578,107.43000030517578,107.98999786376953,108.0,107.4000015258789,9007600,EFA,Factor,2026-09-24
2026-08-06,107.36000061035156,107.36000061035156,107.66000366210938,107.91000366210938,107.26000213623047,8510700,EFA,Factor,2026-09-24
2026-08-07,108.55000305175781,108.55000305175781,108.75,108.76000213623047,108.19000244140625,9430900,EFA,Factor,2026-09-24
2026-08-10,108.01000213623047,108.01000213623047,108.20999908447266,108.30999755859375,107.97000122070312,7015400,EFA,Factor,2026-09-24
2026-08-11,108.08999633789062,108.08999633789062,108.44000244140625,108.62999725341797,107.87999725341797,6368300,EFA,Factor,2026-09-24
2026-08-12,108.5,108.5,108.75,108.81999969482422,108.31999969482422,9901400,EFA,Factor,2026-09-24
2026-08-13,108.69000244140625,108.69000244140625,108.66999816894531,108.88999938964844,108.51000213623047,7237900,EFA,Factor,2026-09-24
2026-08-14,108.63999938964844,108.63999938964844,108.76000213623047,108.88999938964844,108.45999908447266,5660100,EFA,Factor,2026-09-24
2026-08-17,108.44999694824219,108.44999694824219,108.66000366210938,108.87000274658203,108.3499984741211,9375500,EFA,Factor,2026-09-24
2026-08-18,107.2699966430664,107.2699966430664,107.75,108.02999877929688,107.18000030517578,14561300,EFA,Factor,2026-09-24
2026-08-19,107.66000366210938,107.66000366210938,107.87000274658203,108.06999969482422,107.41000366210938,10829600,EFA,Factor,2026-09-24
2026-08-20,107.3499984741211,107.3499984741211,107.29000091552734,107.86000061035156,107.16000366210938,10578400,EFA,Factor,2026-09-24
2026-08-21,108.23999786376953,108.23999786376953,108.12999725341797,108.37000274658203,108.05000305175781,9935600,EFA,Factor,2026-09-24
2026-08-24,108.02999877929688,108.02999877929688,107.98999786376953,108.19000244140625,107.77999877929688,6095400,EFA,Factor,2026-09-24
2026-08-25,108.80999755859375,108.80999755859375,108.51000213623047,108.83000183105469,108.23999786376953,6438700,EFA,Factor,2026-09-24
2026-08-26,108.2699966430664,108.2699966430664,108.68000030517578,108.81999969482422,108.1500015258789,5219100,EFA,Factor,2026-09-24
2026-08-27,108.0199966430664,108.0199966430664,108.04000091552734,108.13999938964844,107.61000061035156,5371900,EFA,Factor,2026-09-24
2026-08-28,107.72000122070312,107.72000122070312,108.5199966430664,108.73999786376953,107.52999877929688,13244900,EFA,Factor,2026-09-24
2026-08-31,107.44999694824219,107.44999694824219,108.04000091552734,108.06999969482422,107.2699966430664,9539200,EFA,Factor,2026-09-24
2026-09-01,106.48999786376953,106.48999786376953,107.04000091552734,107.2699966430664,106.29000091552734,10129300,EFA,Factor,2026-09-24
2026-09-02,107.05999755859375,107.05999755859375,106.7300033569336,107.0999984741211,106.63999938964844,6461400,EFA,Factor,2026-09-24
2026-09-03,108.20999908447266,108.20999908447266,108.0199966430664,108.41000366210938,107.5999984741211,12746200,EFA,Factor,2026-09-24
2026-09-04,108.3499984741211,108.3499984741211,107.8499984741211,108.58000183105469,107.8499984741211,5730300,EFA,Factor,2026-09-24
2026-09-08,107.76000213623047,107.76000213623047,108.33999633789062,108.41000366210938,107.70999908447266,8318900,EFA,Factor,2026-09-24
2026-09-09,106.55999755859375,106.55999755859375,107.2699966430664,107.31999969482422,106.5,15827600,EFA,Factor,2026-09-24
2026-09-10,105.66000366210938,105.66000366210938,106.0,106.33999633789062,105.48999786376953,12801500,EFA,Factor,2026-09-24
2026-09-11,106.69999694824219,106.69999694824219,106.9800033569336,107.02999877929688,106.56999969482422,10285500,EFA,Factor,2026-09-24
2026-09-14,105.8499984741211,105.8499984741211,105.80000305175781,106.44000244140625,105.44000244140625,11477400,EFA,Factor,2026-09-24
2026-09-15,105.4000015258789,105.4000015258789,105.4800033569336,105.51000213623047,105.05000305175781,11921600,EFA,Factor,2026-09-24
2026-09-16,105.0199966430664,105.0199966430664,105.87999725341797,106.16999816894531,104.36000061035156,11545500,EFA,Factor,2026-09-24
2026-09-17,106.04000091552734,106.04000091552734,106.27999877929688,106.38999938964844,105.91999816894531,8514800,EFA,Factor,2026-09-24
2026-09-18,104.97000122070312,104.97000122070312,104.98999786376953,105.12999725341797,104.61000061035156,17991400,EFA,Factor,2026-09-24
2026-09-21,106.12999725341797,106.12999725341797,106.08999633789062,106.3499984741211,105.66000366210938,10883500,EFA,Factor,2026-09-24
2026-09-23,104.80000305175781,104.80000305175781,105.48999786376953,105.55999755859375,104.45999908447266,12210300,EFA,Factor,2026-09-24
