Date,Adj Close,Close,Open,High,Low,Volume,Ticker,Lineage,PullDate
2005-01-03,2.239604949951172,7.0,7.287499904632568,7.292500019073486,6.934999942779541,7932800,VALE,Factor,2026-09-24
2005-01-04,2.134023904800415,6.670000076293945,6.952499866485596,6.962500095367432,6.622499942779541,11647600,VALE,Factor,2026-09-24
2005-01-05,2.083632230758667,6.512499809265137,6.670000076293945,6.710000038146973,6.5,11262000,VALE,Factor,2026-09-24
2005-01-06,2.083632230758667,6.512499809265137,6.550000190734863,6.59250020980835,6.357500076293945,10172800,VALE,Factor,2026-09-24
2005-01-07,2.134023904800415,6.670000076293945,6.747499942779541,6.8125,6.5625,13410400,VALE,Factor,2026-09-24
2005-01-10,2.1180262565612793,6.619999885559082,6.75,6.78249979019165,6.612500190734863,5614400,VALE,Factor,2026-09-24
2005-01-11,2.1028294563293457,6.572500228881836,6.619999885559082,6.637499809265137,6.505000114440918,5912400,VALE,Factor,2026-09-24
2005-01-12,2.1332240104675293,6.667500019073486,6.672500133514404,6.6875,6.409999847412109,11988400,VALE,Factor,2026-09-24
2005-01-13,2.192413330078125,6.852499961853027,6.75,6.96999979019165,6.650000095367432,9980000,VALE,Factor,2026-09-24
2005-01-14,2.321990966796875,7.257500171661377,6.962500095367432,7.324999809265137,6.947500228881836,13966000,VALE,Factor,2026-09-24
2005-01-18,2.3179919719696045,7.244999885559082,7.25,7.287499904632568,7.164999961853027,8870000,VALE,Factor,2026-09-24
2005-01-19,2.269200325012207,7.09250020980835,7.190000057220459,7.232500076293945,7.087500095367432,7323200,VALE,Factor,2026-09-24
2005-01-20,2.2380053997039795,6.994999885559082,7.0,7.1875,6.8125,8262400,VALE,Factor,2026-09-24
2005-01-21,2.374781608581543,7.422500133514404,7.237500190734863,7.637499809265137,7.227499961853027,24743200,VALE,Factor,2026-09-24
2005-01-24,2.439570426940918,7.625,7.574999809265137,7.784999847412109,7.574999809265137,14048400,VALE,Factor,2026-09-24
2005-01-25,2.3931782245635986,7.480000019073486,7.762499809265137,7.775000095367432,7.477499961853027,9486000,VALE,Factor,2026-09-24
2005-01-26,2.4547677040100098,7.672500133514404,7.637499809265137,7.722499847412109,7.512499809265137,10521600,VALE,Factor,2026-09-24
2005-01-27,2.423572063446045,7.574999809265137,7.585000038146973,7.597499847412109,7.454999923706055,9766000,VALE,Factor,2026-09-24
2005-01-28,2.3931782245635986,7.480000019073486,7.505000114440918,7.519999980926514,7.449999809265137,4389200,VALE,Factor,2026-09-24
2005-01-31,2.4195733070373535,7.5625,7.619999885559082,7.772500038146973,7.482500076293945,6846400,VALE,Factor,2026-09-24
2005-02-01,2.4515674114227295,7.662499904632568,7.565000057220459,7.747499942779541,7.565000057220459,9588400,VALE,Factor,2026-09-24
2005-02-02,2.4275715351104736,7.587500095367432,7.712500095367432,7.712500095367432,7.565000057220459,6449200,VALE,Factor,2026-09-24
2005-02-03,2.388378858566284,7.465000152587891,7.5625,7.567500114440918,7.400000095367432,7775600,VALE,Factor,2026-09-24
2005-02-04,2.374781608581543,7.422500133514404,7.512499809265137,7.545000076293945,7.322500228881836,10649600,VALE,Factor,2026-09-24
2005-02-07,2.397976875305176,7.494999885559082,7.474999904632568,7.527500152587891,7.447500228881836,5567200,VALE,Factor,2026-09-24
2005-02-08,2.3995771408081055,7.5,7.537499904632568,7.554999828338623,7.457499980926514,3424800,VALE,Factor,2026-09-24
2005-02-09,2.3475868701934814,7.337500095367432,7.474999904632568,7.537499904632568,7.297500133514404,10168000,VALE,Factor,2026-09-24
2005-02-10,2.327589511871338,7.275000095367432,7.387499809265137,7.397500038146973,7.197500228881836,12990000,VALE,Factor,2026-09-24
2005-02-11,2.3195912837982178,7.25,7.337500095367432,7.367499828338623,7.25,11805200,VALE,Factor,2026-09-24
2005-02-14,2.3987770080566406,7.497499942779541,7.324999809265137,7.522500038146973,7.287499904632568,6762400,VALE,Factor,2026-09-24
2005-02-15,2.4371700286865234,7.617499828338623,7.550000190734863,7.672500133514404,7.53000020980835,6379600,VALE,Factor,2026-09-24
2005-02-16,2.429971933364868,7.59499979019165,7.550000190734863,7.622499942779541,7.547500133514404,8313200,VALE,Factor,2026-09-24
2005-02-17,2.4979591369628906,7.807499885559082,7.675000190734863,7.875,7.619999885559082,12158800,VALE,Factor,2026-09-24
2005-02-18,2.558748245239258,7.997499942779541,7.849999904632568,8.020000457763672,7.8125,13200400,VALE,Factor,2026-09-24
2005-02-22,2.672329902648926,8.352499961853027,8.574999809265137,8.755000114440918,8.305000305175781,25673600,VALE,Factor,2026-09-24
2005-02-23,2.7915072441101074,8.725000381469727,8.6225004196167,8.800000190734863,8.587499618530273,19398000,VALE,Factor,2026-09-24
2005-02-24,2.9234848022460938,9.137499809265137,9.0,9.140000343322754,8.875,17227200,VALE,Factor,2026-09-24
2005-02-25,2.8450980186462402,8.892499923706055,9.087499618530273,9.112500190734863,8.727499961853027,20283200,VALE,Factor,2026-09-24
2005-02-28,2.7995054721832275,8.75,9.0,9.09000015258789,8.662500381469727,34404000,VALE,Factor,2026-09-24
2005-03-01,2.6803274154663086,8.3774995803833,8.7524995803833,8.765000343322754,8.3725004196167,14524400,VALE,Factor,2026-09-24
2005-03-02,2.726719617843628,8.522500038146973,8.25,8.600000381469727,8.234999656677246,13755600,VALE,Factor,2026-09-24
2005-03-03,2.77311110496521,8.667499542236328,8.845000267028809,8.875,8.574999809265137,15214400,VALE,Factor,2026-09-24
2005-03-04,2.887490749359131,9.024999618530273,8.75,9.024999618530273,8.75,20829200,VALE,Factor,2026-09-24
2005-03-07,2.8275015354156494,8.837499618530273,9.149999618530273,9.15250015258789,8.802499771118164,11015600,VALE,Factor,2026-09-24
2005-03-08,2.7643120288848877,8.640000343322754,8.837499618530273,8.837499618530273,8.5024995803833,11281200,VALE,Factor,2026-09-24
2005-03-09,2.7403159141540527,8.5649995803833,8.6875,8.712499618530273,8.52750015258789,9818000,VALE,Factor,2026-09-24
2005-03-10,2.6523327827453613,8.289999961853027,8.375,8.412500381469727,8.09749984741211,18725200,VALE,Factor,2026-09-24
2005-03-11,2.6691291332244873,8.342499732971191,8.350000381469727,8.567500114440918,8.282500267028809,10517600,VALE,Factor,2026-09-24
2005-03-14,2.6003410816192627,8.1274995803833,8.337499618530273,8.337499618530273,7.945000171661377,9902000,VALE,Factor,2026-09-24
2005-03-15,2.568347215652466,8.02750015258789,8.137499809265137,8.242500305175781,7.90749979019165,11854000,VALE,Factor,2026-09-24
2005-03-16,2.552349805831909,7.977499961853027,8.005000114440918,8.020000457763672,7.849999904632568,11971600,VALE,Factor,2026-09-24
2005-03-17,2.693925142288208,8.420000076293945,7.949999809265137,8.447500228881836,7.900000095367432,12779600,VALE,Factor,2026-09-24
2005-03-18,2.690725564956665,8.40999984741211,8.425000190734863,8.487500190734863,8.262499809265137,12030000,VALE,Factor,2026-09-24
2005-03-21,2.6395339965820312,8.25,8.475000381469727,8.487500190734863,8.204999923706055,10408000,VALE,Factor,2026-09-24
2005-03-22,2.615539073944092,8.175000190734863,8.157500267028809,8.4350004196167,8.079999923706055,14277600,VALE,Factor,2026-09-24
2005-03-23,2.444369077682495,7.639999866485596,8.237500190734863,8.237500190734863,7.582499980926514,19662400,VALE,Factor,2026-09-24
2005-03-24,2.5275542736053467,7.900000095367432,7.775000095367432,8.02750015258789,7.769999980926514,22084800,VALE,Factor,2026-09-24
2005-03-28,2.4739632606506348,7.732500076293945,7.90749979019165,7.982500076293945,7.650000095367432,8722000,VALE,Factor,2026-09-24
2005-03-29,2.368382453918457,7.402500152587891,7.817500114440918,7.869999885559082,7.394999980926514,18598400,VALE,Factor,2026-09-24
2005-03-30,2.4667649269104004,7.710000038146973,7.5,7.75,7.477499961853027,14418800,VALE,Factor,2026-09-24
2005-03-31,2.5283539295196533,7.902500152587891,8.0625,8.074999809265137,7.817500114440918,9696000,VALE,Factor,2026-09-24
2005-04-01,2.5595486164093018,8.0,8.237500190734863,8.25,7.912499904632568,11469600,VALE,Factor,2026-09-24
2005-04-04,2.4795613288879395,7.75,7.827499866485596,7.849999904632568,7.712500095367432,8190400,VALE,Factor,2026-09-24
2005-04-05,2.4635651111602783,7.699999809265137,7.849999904632568,7.972499847412109,7.662499904632568,8335200,VALE,Factor,2026-09-24
2005-04-06,2.462765693664551,7.697500228881836,7.762499809265137,7.869999885559082,7.684999942779541,8156800,VALE,Factor,2026-09-24
2005-04-07,2.517155885696411,7.867499828338623,7.724999904632568,7.875,7.652500152587891,7915200,VALE,Factor,2026-09-24
2005-04-08,2.5195560455322266,7.875,7.875,7.96750020980835,7.787499904632568,7700800,VALE,Factor,2026-09-24
2005-04-11,2.497159719467163,7.804999828338623,7.8125,7.887499809265137,7.752500057220459,4997200,VALE,Factor,2026-09-24
2005-04-12,2.455566644668579,7.675000190734863,7.787499904632568,7.800000190734863,7.545000076293945,13349200,VALE,Factor,2026-09-24
2005-04-13,2.3523852825164795,7.352499961853027,7.675000190734863,7.6875,7.320000171661377,18125600,VALE,Factor,2026-09-24
2005-04-14,2.2244081497192383,6.952499866485596,7.349999904632568,7.349999904632568,6.900000095367432,24384000,VALE,Factor,2026-09-24
2005-04-15,2.190685272216797,6.739999771118164,6.824999809265137,7.074999809265137,6.712500095367432,15355600,VALE,Factor,2026-09-24
2005-04-18,2.221565008163452,6.835000038146973,6.6875,6.949999809265137,6.670000076293945,20411600,VALE,Factor,2026-09-24
2005-04-19,2.3231348991394043,7.147500038146973,6.962500095367432,7.184999942779541,6.962500095367432,14974000,VALE,Factor,2026-09-24
2005-04-20,2.2955076694488525,7.0625,7.277500152587891,7.28000020980835,7.042500019073486,12472800,VALE,Factor,2026-09-24
2005-04-21,2.368638515472412,7.287499904632568,7.1875,7.287499904632568,7.014999866485596,6525200,VALE,Factor,2026-09-24
2005-04-22,2.2955076694488525,7.0625,7.300000190734863,7.300000190734863,6.987500190734863,7407600,VALE,Factor,2026-09-24
2005-04-25,2.3938283920288086,7.364999771118164,7.099999904632568,7.394999980926514,7.074999809265137,7492000,VALE,Factor,2026-09-24
2005-04-26,2.327197313308716,7.159999847412109,7.199999809265137,7.372499942779541,7.137499809265137,7848400,VALE,Factor,2026-09-24
2005-04-27,2.2890071868896484,7.042500019073486,7.112500190734863,7.112500190734863,6.949999809265137,7858000,VALE,Factor,2026-09-24
2005-04-28,2.161433696746826,6.650000095367432,6.9375,6.945000171661377,6.554999828338623,20443200,VALE,Factor,2026-09-24
2005-04-29,2.189873695373535,6.737500190734863,6.775000095367432,6.855000019073486,6.53249979019165,15444000,VALE,Factor,2026-09-24
2005-05-02,2.1955621242523193,6.755000114440918,6.787499904632568,6.802499771118164,6.625,6410000,VALE,Factor,2026-09-24
2005-05-03,2.1979990005493164,6.762499809265137,6.6875,6.912499904632568,6.677499771118164,7089200,VALE,Factor,2026-09-24
2005-05-04,2.275193452835083,7.0,6.849999904632568,7.050000190734863,6.804999828338623,10513600,VALE,Factor,2026-09-24
2005-05-05,2.2500040531158447,6.922500133514404,7.037499904632568,7.137499809265137,6.849999904632568,10174000,VALE,Factor,2026-09-24
2005-05-06,2.2833189964294434,7.025000095367432,7.087500095367432,7.175000190734863,6.980000019073486,11716400,VALE,Factor,2026-09-24
2005-05-09,2.321509838104248,7.142499923706055,7.050000190734863,7.162499904632568,6.994999885559082,6312000,VALE,Factor,2026-09-24
2005-05-10,2.239440441131592,6.889999866485596,7.114999771118164,7.114999771118164,6.824999809265137,7165600,VALE,Factor,2026-09-24
2005-05-11,2.239440441131592,6.889999866485596,6.889999866485596,6.912499904632568,6.699999809265137,7191200,VALE,Factor,2026-09-24
2005-05-12,2.124868631362915,6.537499904632568,6.84499979019165,6.84499979019165,6.460000038146973,18815200,VALE,Factor,2026-09-24
2005-05-13,2.080176591873169,6.400000095367432,6.525000095367432,6.587500095367432,6.255000114440918,18668400,VALE,Factor,2026-09-24
2005-05-16,2.1776845455169678,6.699999809265137,6.400000095367432,6.727499961853027,6.400000095367432,8546400,VALE,Factor,2026-09-24
2005-05-17,2.1963751316070557,6.757500171661377,6.635000228881836,6.777500152587891,6.59250020980835,9100400,VALE,Factor,2026-09-24
2005-05-18,2.328010320663452,7.162499904632568,6.9375,7.202499866485596,6.90749979019165,14076000,VALE,Factor,2026-09-24
2005-05-19,2.338573694229126,7.195000171661377,7.199999809265137,7.224999904632568,7.042500019073486,12583200,VALE,Factor,2026-09-24
2005-05-20,2.293069839477539,7.054999828338623,7.177499771118164,7.177499771118164,7.014999866485596,4976800,VALE,Factor,2026-09-24
2005-05-23,2.325572967529297,7.15500020980835,7.087500095367432,7.177499771118164,7.067500114440918,5744400,VALE,Factor,2026-09-24
2005-05-24,2.3832647800445557,7.332499980926514,7.125,7.332499980926514,7.077499866485596,6666000,VALE,Factor,2026-09-24
2005-05-25,2.356449842453003,7.25,7.3125,7.3125,7.135000228881836,7364000,VALE,Factor,2026-09-24
2005-05-26,2.4133307933807373,7.425000190734863,7.25,7.452499866485596,7.235000133514404,5341200,VALE,Factor,2026-09-24
2005-05-27,2.4060170650482178,7.402500152587891,7.357500076293945,7.485000133514404,7.300000190734863,6686000,VALE,Factor,2026-09-24
2005-05-31,2.3588879108428955,7.257500171661377,7.40500020980835,7.4375,7.207499980926514,7146400,VALE,Factor,2026-09-24
2005-06-01,2.3857028484344482,7.340000152587891,7.175000190734863,7.442500114440918,7.162499904632568,7572000,VALE,Factor,2026-09-24
2005-06-02,2.425518751144409,7.462500095367432,7.34250020980835,7.550000190734863,7.340000152587891,12293200,VALE,Factor,2026-09-24
2005-06-03,2.4320192337036133,7.482500076293945,7.574999809265137,7.574999809265137,7.465000152587891,7517200,VALE,Factor,2026-09-24
2005-06-06,2.3678269386291504,7.284999847412109,7.252500057220459,7.3125,7.152500152587891,9628000,VALE,Factor,2026-09-24
2005-06-07,2.315821409225464,7.125,7.112500190734863,7.320000171661377,7.054999828338623,10208800,VALE,Factor,2026-09-24
2005-06-08,2.3076961040496826,7.099999904632568,7.1875,7.28249979019165,7.0625,7866000,VALE,Factor,2026-09-24
2005-06-09,2.2435035705566406,6.902500152587891,7.0,7.0,6.775000095367432,11537600,VALE,Factor,2026-09-24
2005-06-10,2.2686927318573,6.980000019073486,6.96999979019165,7.045000076293945,6.862500190734863,8342000,VALE,Factor,2026-09-24
2005-06-13,2.276005983352661,7.002500057220459,7.025000095367432,7.09499979019165,6.942500114440918,6246400,VALE,Factor,2026-09-24
2005-06-14,2.3239481449127197,7.150000095367432,7.099999904632568,7.152500152587891,6.862500190734863,13041600,VALE,Factor,2026-09-24
2005-06-15,2.3475117683410645,7.222499847412109,7.074999809265137,7.25,6.949999809265137,8852800,VALE,Factor,2026-09-24
2005-06-16,2.4563965797424316,7.557499885559082,7.400000095367432,7.599999904632568,7.372499942779541,16663200,VALE,Factor,2026-09-24
2005-06-17,2.4994618892669678,7.690000057220459,7.775000095367432,7.797500133514404,7.667500019073486,13030800,VALE,Factor,2026-09-24
2005-06-20,2.474273204803467,7.612500190734863,7.684999942779541,7.6875,7.512499809265137,10360800,VALE,Factor,2026-09-24
2005-06-21,2.424705743789673,7.460000038146973,7.599999904632568,7.599999904632568,7.40500020980835,12829200,VALE,Factor,2026-09-24
2005-06-22,2.390578031539917,7.355000019073486,7.445000171661377,7.497499942779541,7.25,8036800,VALE,Factor,2026-09-24
2005-06-23,2.304445505142212,7.090000152587891,7.3125,7.3125,7.012499809265137,11672000,VALE,Factor,2026-09-24
2005-06-24,2.2735674381256104,6.994999885559082,7.0625,7.087500095367432,6.957499980926514,11114400,VALE,Factor,2026-09-24
2005-06-27,2.344261884689331,7.212500095367432,6.949999809265137,7.297500133514404,6.902500152587891,12819200,VALE,Factor,2026-09-24
2005-06-28,2.4027674198150635,7.392499923706055,7.275000095367432,7.487500190734863,7.262499809265137,8402800,VALE,Factor,2026-09-24
2005-06-29,2.4108927249908447,7.417500019073486,7.4375,7.525000095367432,7.392499923706055,5508800,VALE,Factor,2026-09-24
2005-06-30,2.379201889038086,7.320000171661377,7.394999980926514,7.487500190734863,7.320000171661377,7819200,VALE,Factor,2026-09-24
2005-07-01,2.435269355773926,7.492499828338623,7.420000076293945,7.492499828338623,7.402500152587891,4760800,VALE,Factor,2026-09-24
2005-07-05,2.3978915214538574,7.377500057220459,7.452499866485596,7.497499942779541,7.332499980926514,4287200,VALE,Factor,2026-09-24
2005-07-06,2.4385204315185547,7.502500057220459,7.324999809265137,7.554999828338623,7.275000095367432,10656800,VALE,Factor,2026-09-24
2005-07-07,2.452333688735962,7.545000076293945,7.332499980926514,7.554999828338623,7.302499771118164,5303200,VALE,Factor,2026-09-24
2005-07-08,2.523026943206787,7.762499809265137,7.625,7.864999771118164,7.617499828338623,13116000,VALE,Factor,2026-09-24
2005-07-11,2.573406219482422,7.917500019073486,7.922500133514404,8.050000190734863,7.900000095367432,10546400,VALE,Factor,2026-09-24
2005-07-12,2.557154655456543,7.867499828338623,7.875,7.914999961853027,7.820000171661377,8002000,VALE,Factor,2026-09-24
2005-07-13,2.584782123565674,7.952499866485596,7.882500171661377,7.987500190734863,7.882500171661377,8039600,VALE,Factor,2026-09-24
2005-07-14,2.5620296001434326,7.882500171661377,7.992499828338623,8.022500038146973,7.862500190734863,11250000,VALE,Factor,2026-09-24
2005-07-15,2.5149006843566895,7.737500190734863,7.8125,7.8125,7.71999979019165,6407200,VALE,Factor,2026-09-24
2005-07-18,2.5238394737243652,7.764999866485596,7.724999904632568,7.824999809265137,7.664999961853027,6265200,VALE,Factor,2026-09-24
2005-07-19,2.55877947807312,7.872499942779541,7.71999979019165,7.922500133514404,7.682499885559082,7110000,VALE,Factor,2026-09-24
2005-07-20,2.6408495903015137,8.125,7.875,8.140000343322754,7.832499980926514,17390400,VALE,Factor,2026-09-24
2005-07-21,2.689603328704834,8.274999618530273,8.199999809265137,8.279999732971191,8.012499809265137,13470800,VALE,Factor,2026-09-24
2005-07-22,2.6993541717529297,8.305000305175781,8.25,8.3125,8.172499656677246,11947200,VALE,Factor,2026-09-24
2005-07-25,2.5920958518981934,7.974999904632568,8.1225004196167,8.177499771118164,7.837500095367432,10392000,VALE,Factor,2026-09-24
2005-07-26,2.5831565856933594,7.947500228881836,7.900000095367432,7.997499942779541,7.815000057220459,8158000,VALE,Factor,2026-09-24
2005-07-27,2.5920958518981934,7.974999904632568,8.039999961853027,8.055000305175781,7.880000114440918,6985200,VALE,Factor,2026-09-24
2005-07-28,2.656287908554077,8.172499656677246,8.074999809265137,8.25,8.055000305175781,9444000,VALE,Factor,2026-09-24
2005-07-29,2.6457250118255615,8.140000343322754,8.265000343322754,8.267499923706055,8.0625,8696000,VALE,Factor,2026-09-24
2005-08-01,2.6814770698547363,8.25,8.239999771118164,8.287500381469727,8.149999618530273,5333200,VALE,Factor,2026-09-24
2005-08-02,2.7505459785461426,8.462499618530273,8.317500114440918,8.484999656677246,8.317500114440918,13173600,VALE,Factor,2026-09-24
2005-08-03,2.7952380180358887,8.600000381469727,8.587499618530273,8.670000076293945,8.462499618530273,14742800,VALE,Factor,2026-09-24
2005-08-04,2.770047664642334,8.522500038146973,8.595000267028809,8.625,8.462499618530273,9037200,VALE,Factor,2026-09-24
2005-08-05,2.744858503341675,8.444999694824219,8.574999809265137,8.625,8.34000015258789,9431600,VALE,Factor,2026-09-24
2005-08-08,2.7846744060516357,8.567500114440918,8.547499656677246,8.725000381469727,8.52750015258789,8554400,VALE,Factor,2026-09-24
2005-08-09,2.868368148803711,8.824999809265137,8.75,8.925000190734863,8.71500015258789,12291600,VALE,Factor,2026-09-24
2005-08-10,2.919560194015503,8.982500076293945,8.887499809265137,9.052499771118164,8.842499732971191,16628000,VALE,Factor,2026-09-24
2005-08-11,2.8318030834198,8.712499618530273,9.100000381469727,9.107500076293945,8.649999618530273,15566800,VALE,Factor,2026-09-24
2005-08-12,2.8171770572662354,8.667499542236328,8.4375,8.6875,8.375,11052800,VALE,Factor,2026-09-24
2005-08-15,2.86674427986145,8.819999694824219,8.725000381469727,8.832500457763672,8.672499656677246,5233600,VALE,Factor,2026-09-24
2005-08-16,2.775735378265381,8.539999961853027,8.887499809265137,8.887499809265137,8.5,7908400,VALE,Factor,2026-09-24
2005-08-17,2.775735378265381,8.539999961853027,8.492500305175781,8.587499618530273,8.475000381469727,6091200,VALE,Factor,2026-09-24
2005-08-18,2.706667423248291,8.327500343322754,8.537500381469727,8.539999961853027,8.300000190734863,8472400,VALE,Factor,2026-09-24
2005-08-19,2.6936662197113037,8.287500381469727,8.422499656677246,8.522500038146973,8.135000228881836,16584400,VALE,Factor,2026-09-24
2005-08-22,2.810676336288452,8.647500038146973,8.452500343322754,8.697500228881836,8.425000190734863,11996400,VALE,Factor,2026-09-24
2005-08-23,2.7432329654693604,8.4399995803833,8.582500457763672,8.582500457763672,8.362500190734863,10370800,VALE,Factor,2026-09-24
2005-08-24,2.6392245292663574,8.119999885559082,8.274999618530273,8.337499618530273,8.057499885559082,13580800,VALE,Factor,2026-09-24
2005-08-25,2.7472965717315674,8.452500343322754,8.15250015258789,8.47249984741211,8.137499809265137,10208400,VALE,Factor,2026-09-24
2005-08-26,2.716418743133545,8.357500076293945,8.4375,8.47249984741211,8.237500190734863,11380800,VALE,Factor,2026-09-24
2005-08-29,2.7521724700927734,8.467499732971191,8.337499618530273,8.512499809265137,8.282500267028809,5525200,VALE,Factor,2026-09-24
2005-08-30,2.7594847679138184,8.489999771118164,8.547499656677246,8.587499618530273,8.385000228881836,6606400,VALE,Factor,2026-09-24
2005-08-31,2.7944247722625732,8.59749984741211,8.6225004196167,8.649999618530273,8.552499771118164,8858400,VALE,Factor,2026-09-24
2005-09-01,2.8366787433624268,8.727499961853027,8.662500381469727,8.727499961853027,8.574999809265137,9306800,VALE,Factor,2026-09-24
2005-09-02,2.907372236251831,8.944999694824219,8.774999618530273,8.979999542236328,8.762499809265137,8892800,VALE,Factor,2026-09-24
2005-09-06,2.952876091003418,9.085000038146973,9.0625,9.114999771118164,8.960000038146973,8473200,VALE,Factor,2026-09-24
2005-09-07,2.926060914993286,9.0024995803833,9.055000305175781,9.109999656677246,8.932499885559082,6230000,VALE,Factor,2026-09-24
2005-09-08,2.9455623626708984,9.0625,9.0600004196167,9.092499732971191,9.005000114440918,5629600,VALE,Factor,2026-09-24
2005-09-09,3.0219435691833496,9.297499656677246,9.112500190734863,9.307499885559082,9.100000381469727,8778400,VALE,Factor,2026-09-24
2005-09-12,3.022756338119507,9.300000190734863,9.297499656677246,9.387499809265137,9.175000190734863,9094800,VALE,Factor,2026-09-24
2005-09-13,2.960188865661621,9.107500076293945,9.225000381469727,9.292499542236328,9.100000381469727,7979200,VALE,Factor,2026-09-24
2005-09-14,2.9740028381347656,9.149999618530273,9.082500457763672,9.244999885559082,9.074999809265137,8816800,VALE,Factor,2026-09-24
2005-09-15,3.0991382598876953,9.53499984741211,9.300000190734863,9.635000228881836,9.300000190734863,20289600,VALE,Factor,2026-09-24
2005-09-16,3.2380881309509277,9.962499618530273,9.670000076293945,9.979999542236328,9.657500267028809,10874000,VALE,Factor,2026-09-24
2005-09-19,3.1933956146240234,9.824999809265137,9.962499618530273,9.962499618530273,9.817500114440918,8797600,VALE,Factor,2026-09-24
2005-09-20,3.1868960857391357,9.805000305175781,9.824999809265137,9.922499656677246,9.762499809265137,9571600,VALE,Factor,2026-09-24
2005-09-21,3.404665231704712,10.475000381469727,9.975000381469727,10.5625,9.90250015258789,18841600,VALE,Factor,2026-09-24
2005-09-22,3.401414394378662,10.46500015258789,10.475000381469727,10.487500190734863,10.149999618530273,12015600,VALE,Factor,2026-09-24
2005-09-23,3.504610300064087,10.782500267028809,10.46500015258789,10.824999809265137,10.425000190734863,11356400,VALE,Factor,2026-09-24
2005-09-26,3.5663650035858154,10.97249984741211,10.78499984741211,11.02750015258789,10.524999618530273,11257200,VALE,Factor,2026-09-24
2005-09-27,3.5428009033203125,10.899999618530273,10.975000381469727,10.975000381469727,10.614999771118164,11421200,VALE,Factor,2026-09-24
2005-09-28,3.578554153442383,11.010000228881836,10.975000381469727,11.212499618530273,10.962499618530273,10986400,VALE,Factor,2026-09-24
2005-09-29,3.6386826038360596,11.194999694824219,11.095000267028809,11.229999542236328,10.71500015258789,19127200,VALE,Factor,2026-09-24
2005-09-30,3.56392765045166,10.96500015258789,11.125,11.207500457763672,10.930000305175781,12436000,VALE,Factor,2026-09-24
2005-10-03,3.5590527057647705,10.949999809265137,10.920000076293945,11.077500343322754,10.782500267028809,11171600,VALE,Factor,2026-09-24
2005-10-04,3.4615445137023926,10.649999618530273,10.912500381469727,10.949999809265137,10.602499961853027,10270800,VALE,Factor,2026-09-24
2005-10-05,3.2608392238616943,10.032500267028809,10.390000343322754,10.467499732971191,10.007499694824219,16888800,VALE,Factor,2026-09-24
2005-10-06,3.090200185775757,9.507499694824219,9.762499809265137,9.885000228881836,9.300000190734863,28308400,VALE,Factor,2026-09-24
2005-10-07,3.1974587440490723,9.837499618530273,9.6875,10.020000457763672,9.65250015258789,21871600,VALE,Factor,2026-09-24
2005-10-10,3.3136558532714844,10.194999694824219,10.0625,10.279999732971191,10.037500381469727,16368400,VALE,Factor,2026-09-24
2005-10-11,3.3640360832214355,10.350000381469727,10.5,10.612500190734863,10.270000457763672,13306000,VALE,Factor,2026-09-24
2005-10-12,3.1990842819213867,9.842499732971191,10.350000381469727,10.425000190734863,9.707500457763672,13107600,VALE,Factor,2026-09-24
2005-10-13,3.1771457195281982,9.774999618530273,9.649999618530273,9.84000015258789,9.512499809265137,14008400,VALE,Factor,2026-09-24
2005-10-14,3.2405245304107666,9.970000267028809,9.912500381469727,9.987500190734863,9.449999809265137,17644400,VALE,Factor,2026-09-24
2005-10-17,3.2632675170898438,9.864999771118164,10.012499809265137,10.017499923706055,9.842499732971191,10174000,VALE,Factor,2026-09-24
2005-10-18,3.161548614501953,9.557499885559082,9.962499618530273,9.984999656677246,9.557499885559082,9460400,VALE,Factor,2026-09-24
2005-10-19,3.2095141410827637,9.702500343322754,9.5024995803833,9.744999885559082,9.210000038146973,13115600,VALE,Factor,2026-09-24
2005-10-20,3.047426700592041,9.212499618530273,9.800000190734863,9.854999542236328,9.175000190734863,14969200,VALE,Factor,2026-09-24
2005-10-21,3.2012431621551514,9.677499771118164,9.3125,9.699999809265137,9.25,12205200,VALE,Factor,2026-09-24
2005-10-24,3.2889034748077393,9.942500114440918,9.702500343322754,9.970000267028809,9.699999809265137,10467600,VALE,Factor,2026-09-24
2005-10-25,3.2475550174713135,9.817500114440918,10.037500381469727,10.22249984741211,9.75,11342000,VALE,Factor,2026-09-24
2005-10-26,3.2715377807617188,9.890000343322754,9.837499618530273,10.092499732971191,9.774999618530273,9822800,VALE,Factor,2026-09-24
2005-10-27,3.2012431621551514,9.677499771118164,9.890000343322754,9.949999809265137,9.567500114440918,8414400,VALE,Factor,2026-09-24
2005-10-28,3.2946937084198,9.960000038146973,9.75,10.032500267028809,9.75,8836000,VALE,Factor,2026-09-24
2005-10-31,3.4179131984710693,10.332500457763672,10.074999809265137,10.392499923706055,10.0625,11000000,VALE,Factor,2026-09-24
2005-11-01,3.4948220252990723,10.5649995803833,10.537500381469727,10.717499732971191,10.529999732971191,13330800,VALE,Factor,2026-09-24
2005-11-02,3.551056146621704,10.734999656677246,10.574999809265137,10.824999809265137,10.449999809265137,5988400,VALE,Factor,2026-09-24
2005-11-03,3.5973668098449707,10.875,10.850000381469727,11.0600004196167,10.787500381469727,11005200,VALE,Factor,2026-09-24
2005-11-04,3.5485761165618896,10.727499961853027,10.947500228881836,10.947500228881836,10.392499923706055,8797200,VALE,Factor,2026-09-24
2005-11-07,3.5593252182006836,10.760000228881836,10.8725004196167,10.9350004196167,10.640000343322754,7236000,VALE,Factor,2026-09-24
2005-11-08,3.56428861618042,10.774999618530273,10.7524995803833,10.885000228881836,10.6274995803833,7902800,VALE,Factor,2026-09-24
2005-11-09,3.5295543670654297,10.670000076293945,10.75,10.824999809265137,10.587499618530273,8921200,VALE,Factor,2026-09-24
2005-11-10,3.4154305458068848,10.324999809265137,10.362500190734863,10.4375,10.137499809265137,22847600,VALE,Factor,2026-09-24
2005-11-11,3.4774560928344727,10.512499809265137,10.369999885559082,10.5625,10.332500457763672,8666400,VALE,Factor,2026-09-24
2005-11-14,3.414604425430298,10.322500228881836,10.197500228881836,10.462499618530273,10.182499885559082,7336400,VALE,Factor,2026-09-24
2005-11-15,3.4228744506835938,10.34749984741211,10.327500343322754,10.585000038146973,10.295000076293945,7206800,VALE,Factor,2026-09-24
2005-11-16,3.5030922889709473,10.59000015258789,10.395000457763672,10.59749984741211,10.295000076293945,8064400,VALE,Factor,2026-09-24
2005-11-17,3.5692505836486816,10.789999961853027,10.8125,10.875,10.737500190734863,8240000,VALE,Factor,2026-09-24
2005-11-18,3.53121018409729,10.675000190734863,10.720000267028809,10.78499984741211,10.5625,6324000,VALE,Factor,2026-09-24
2005-11-21,3.572559356689453,10.800000190734863,10.824999809265137,10.852499961853027,10.72249984741211,8574400,VALE,Factor,2026-09-24
2005-11-22,3.6213512420654297,10.947500228881836,10.539999961853027,10.949999809265137,10.4399995803833,13638000,VALE,Factor,2026-09-24
2005-11-23,3.6362357139587402,10.992500305175781,10.944999694824219,11.225000381469727,10.90250015258789,10747200,VALE,Factor,2026-09-24
2005-11-25,3.6875083446502686,11.147500038146973,11.050000190734863,11.170000076293945,10.9975004196167,3250400,VALE,Factor,2026-09-24
2005-11-28,3.604809522628784,10.897500038146973,11.25,11.324999809265137,10.837499618530273,9648400,VALE,Factor,2026-09-24
2005-11-29,3.6064651012420654,10.90250015258789,11.012499809265137,11.119999885559082,10.862500190734863,9909600,VALE,Factor,2026-09-24
2005-11-30,3.5857903957366943,10.84000015258789,10.925000190734863,10.925000190734863,10.6850004196167,8249600,VALE,Factor,2026-09-24
2005-12-01,3.716453790664673,11.234999656677246,10.892499923706055,11.234999656677246,10.8774995803833,13034800,VALE,Factor,2026-09-24
2005-12-02,3.7280304431915283,11.270000457763672,11.34749984741211,11.487500190734863,11.130000114440918,10624400,VALE,Factor,2026-09-24
2005-12-05,3.646986961364746,11.024999618530273,11.270000457763672,11.270000457763672,11.012499809265137,8217600,VALE,Factor,2026-09-24
2005-12-06,3.637063503265381,10.994999885559082,11.074999809265137,11.145000457763672,10.899999618530273,13174400,VALE,Factor,2026-09-24
2005-12-07,3.4733192920684814,10.5,10.9375,11.015000343322754,10.477499961853027,13656000,VALE,Factor,2026-09-24
2005-12-08,3.4567809104919434,10.449999809265137,10.524999618530273,10.524999618530273,10.274999618530273,12536800,VALE,Factor,2026-09-24
2005-12-09,3.49151349067688,10.555000305175781,10.539999961853027,10.602499961853027,10.375,8651200,VALE,Factor,2026-09-24
2005-12-12,3.4948220252990723,10.5649995803833,10.6875,10.697500228881836,10.425000190734863,7734800,VALE,Factor,2026-09-24
2005-12-13,3.4898605346679688,10.550000190734863,10.4375,10.625,10.425000190734863,6866000,VALE,Factor,2026-09-24
2005-12-14,3.4485106468200684,10.425000190734863,10.630000114440918,10.647500038146973,10.399999618530273,7241600,VALE,Factor,2026-09-24
2005-12-15,3.40964412689209,10.307499885559082,10.337499618530273,10.375,10.149999618530273,8335600,VALE,Factor,2026-09-24
2005-12-16,3.4038538932800293,10.289999961853027,10.244999885559082,10.354999542236328,10.234999656677246,8212800,VALE,Factor,2026-09-24
2005-12-19,3.3178484439849854,10.029999732971191,10.074999809265137,10.257499694824219,9.875,12468800,VALE,Factor,2026-09-24
2005-12-20,3.3327338695526123,10.074999809265137,10.039999961853027,10.145000457763672,10.024999618530273,7496800,VALE,Factor,2026-09-24
2005-12-21,3.4303176403045654,10.369999885559082,10.274999618530273,10.482500076293945,10.237500190734863,12118400,VALE,Factor,2026-09-24
2005-12-22,3.405508518218994,10.295000076293945,10.3125,10.34000015258789,10.225000381469727,7444000,VALE,Factor,2026-09-24
2005-12-23,3.4030275344848633,10.287500381469727,10.300000190734863,10.364999771118164,10.199999809265137,4023200,VALE,Factor,2026-09-24
2005-12-27,3.3716015815734863,10.192500114440918,10.2524995803833,10.267499923706055,10.137499809265137,13465600,VALE,Factor,2026-09-24
2005-12-28,3.3815255165100098,10.22249984741211,10.125,10.3100004196167,10.082500457763672,8077600,VALE,Factor,2026-09-24
2005-12-29,3.421220541000366,10.342499732971191,10.237500190734863,10.447500228881836,10.210000038146973,6251600,VALE,Factor,2026-09-24
2005-12-30,3.402200698852539,10.28499984741211,10.350000381469727,10.382499694824219,10.262499809265137,4441600,VALE,Factor,2026-09-24
2006-01-03,3.5560195446014404,10.75,10.524999618530273,10.800000190734863,10.395000457763672,10802000,VALE,Factor,2026-09-24
2006-01-04,3.6486401557922363,11.029999732971191,10.885000228881836,11.107500076293945,10.802499771118164,12361200,VALE,Factor,2026-09-24
2006-01-05,3.670142650604248,11.095000267028809,11.050000190734863,11.164999961853027,10.994999885559082,10270400,VALE,Factor,2026-09-24
2006-01-06,3.721414804458618,11.25,11.125,11.300000190734863,11.1225004196167,10731200,VALE,Factor,2026-09-24
2006-01-09,3.771033525466919,11.399999618530273,11.3125,11.399999618530273,11.197500228881836,8924000,VALE,Factor,2026-09-24
2006-01-10,3.7627644538879395,11.375,11.172499656677246,11.399999618530273,11.085000038146973,10219600,VALE,Factor,2026-09-24
2006-01-11,3.820653200149536,11.550000190734863,11.375,11.617500305175781,11.375,11306000,VALE,Factor,2026-09-24
2006-01-12,3.9339492321014404,11.892499923706055,11.8725004196167,12.03499984741211,11.739999771118164,28237200,VALE,Factor,2026-09-24
2006-01-13,3.913273572921753,11.829999923706055,11.887499809265137,11.932499885559082,11.682499885559082,11889200,VALE,Factor,2026-09-24
2006-01-17,3.8843283653259277,11.742500305175781,11.9375,11.952500343322754,11.625,11551600,VALE,Factor,2026-09-24
2006-01-18,3.8074212074279785,11.510000228881836,11.505000114440918,11.574999809265137,11.4375,10631600,VALE,Factor,2026-09-24
2006-01-19,3.9645471572875977,11.984999656677246,11.725000381469727,12.012499809265137,11.677499771118164,15295200,VALE,Factor,2026-09-24
2006-01-20,3.8421530723571777,11.614999771118164,12.012499809265137,12.074999809265137,11.577500343322754,14889600,VALE,Factor,2026-09-24
2006-01-23,3.901697874069214,11.795000076293945,11.712499618530273,11.797499656677246,11.587499618530273,9453600,VALE,Factor,2026-09-24
2006-01-24,3.9554507732391357,11.957500457763672,12.162500381469727,12.225000381469727,11.9399995803833,16176000,VALE,Factor,2026-09-24
2006-01-25,3.9347763061523438,11.895000457763672,12.074999809265137,12.460000038146973,11.75,16635600,VALE,Factor,2026-09-24
2006-01-26,4.102652549743652,12.40250015258789,12.0,12.40250015258789,12.0,27510400,VALE,Factor,2026-09-24
2006-01-27,4.118366241455078,12.449999809265137,12.367500305175781,12.5,12.3125,16525200,VALE,Factor,2026-09-24
2006-01-30,4.135730743408203,12.5024995803833,12.574999809265137,12.649999618530273,12.442500114440918,18090400,VALE,Factor,2026-09-24
2006-01-31,4.239932060241699,12.817500114440918,12.430000305175781,12.897500038146973,12.300000190734863,25141200,VALE,Factor,2026-09-24
2006-02-01,4.166329383850098,12.595000267028809,12.75,12.772500038146973,12.550000190734863,10876800,VALE,Factor,2026-09-24
2006-02-02,4.077016830444336,12.324999809265137,12.6850004196167,12.725000381469727,12.0625,24328400,VALE,Factor,2026-09-24
2006-02-03,4.039801120758057,12.212499618530273,11.992500305175781,12.28499984741211,11.725000381469727,16555600,VALE,Factor,2026-09-24
2006-02-06,4.10182523727417,12.399999618530273,12.369999885559082,12.4375,12.262499809265137,6806000,VALE,Factor,2026-09-24
2006-02-07,3.915755271911621,11.837499618530273,12.149999618530273,12.220000267028809,11.797499656677246,14728400,VALE,Factor,2026-09-24
2006-02-08,3.920717477798462,11.852499961853027,11.6875,11.899999618530273,11.420000076293945,13297600,VALE,Factor,2026-09-24
2006-02-09,3.9099647998809814,11.819999694824219,11.987500190734863,12.117500305175781,11.757499694824219,12482000,VALE,Factor,2026-09-24
2006-02-10,3.8727526664733887,11.707500457763672,12.0,12.022500038146973,11.524999618530273,15416400,VALE,Factor,2026-09-24
2006-02-13,3.7925362586975098,11.46500015258789,11.4375,11.577500343322754,11.342499732971191,13334800,VALE,Factor,2026-09-24
2006-02-14,3.8909456729888916,11.762499809265137,11.5,11.822500228881836,11.375,14156800,VALE,Factor,2026-09-24
2006-02-15,3.9438722133636475,11.922499656677246,11.912500381469727,12.017499923706055,11.755000114440918,12081600,VALE,Factor,2026-09-24
2006-02-16,3.961238384246826,11.975000381469727,11.862500190734863,12.079999923706055,11.630000114440918,23295600,VALE,Factor,2026-09-24
2006-02-17,3.9066593647003174,11.8100004196167,11.949999809265137,11.952500343322754,11.6274995803833,14384800,VALE,Factor,2026-09-24
2006-02-21,3.870272159576416,11.699999809265137,11.875,11.925000190734863,11.619999885559082,12005200,VALE,Factor,2026-09-24
2006-02-22,3.9686830043792725,11.9975004196167,11.795000076293945,12.072500228881836,11.710000038146973,13571600,VALE,Factor,2026-09-24
2006-02-23,4.005895614624023,12.109999656677246,12.015000343322754,12.199999809265137,11.774999618530273,11412400,VALE,Factor,2026-09-24
2006-02-24,4.021608829498291,12.157500267028809,12.050000190734863,12.265000343322754,11.979999542236328,7330400,VALE,Factor,2026-09-24
2006-02-27,3.9289863109588623,11.8774995803833,12.25,12.25,11.832500457763672,8425600,VALE,Factor,2026-09-24
2006-02-28,3.839672803878784,11.607500076293945,11.824999809265137,11.944999694824219,11.524999618530273,10209200,VALE,Factor,2026-09-24
2006-03-01,3.9695091247558594,12.0,11.635000228881836,12.119999885559082,11.635000228881836,13725600,VALE,Factor,2026-09-24
2006-03-02,3.966200828552246,11.989999771118164,12.057499885559082,12.09749984741211,11.84749984741211,10600800,VALE,Factor,2026-09-24
2006-03-03,3.961238384246826,11.975000381469727,11.992500305175781,12.007499694824219,11.774999618530273,9313600,VALE,Factor,2026-09-24
2006-03-06,3.850423812866211,11.640000343322754,11.97249984741211,12.024999618530273,11.489999771118164,12453200,VALE,Factor,2026-09-24
2006-03-07,3.699913740158081,11.1850004196167,11.449999809265137,11.475000381469727,10.899999618530273,22620800,VALE,Factor,2026-09-24
2006-03-08,3.608945369720459,10.90999984741211,11.024999618530273,11.069999694824219,10.5625,34836400,VALE,Factor,2026-09-24
2006-03-09,3.4964752197265625,10.569999694824219,11.037500381469727,11.199999809265137,10.46500015258789,24503600,VALE,Factor,2026-09-24
2006-03-10,3.576693058013916,10.8125,10.587499618530273,10.925000190734863,10.467499732971191,22026400,VALE,Factor,2026-09-24
2006-03-13,3.582481622695923,10.829999923706055,10.904999732971191,11.037500381469727,10.782500267028809,13042800,VALE,Factor,2026-09-24
2006-03-14,3.650294065475464,11.03499984741211,10.712499618530273,11.077500343322754,10.712499618530273,10960800,VALE,Factor,2026-09-24
2006-03-15,3.730510711669922,11.27750015258789,11.232500076293945,11.329999923706055,11.149999618530273,14837200,VALE,Factor,2026-09-24
2006-03-16,3.721414804458618,11.25,11.390000343322754,11.447500228881836,11.074999809265137,13212000,VALE,Factor,2026-09-24
2006-03-17,3.714798927307129,11.229999542236328,11.319999694824219,11.322500228881836,11.125,8528000,VALE,Factor,2026-09-24
2006-03-20,3.7131452560424805,11.225000381469727,11.3125,11.362500190734863,11.145000457763672,6953200,VALE,Factor,2026-09-24
2006-03-21,3.651123046875,11.037500381469727,11.22249984741211,11.260000228881836,10.9399995803833,10723200,VALE,Factor,2026-09-24
2006-03-22,3.656909942626953,11.055000305175781,10.9975004196167,11.162500381469727,10.97249984741211,10474000,VALE,Factor,2026-09-24
2006-03-23,3.63871693611145,11.0,11.212499618530273,11.239999771118164,10.975000381469727,12442800,VALE,Factor,2026-09-24
2006-03-24,3.744570255279541,11.319999694824219,11.225000381469727,11.380000114440918,11.112500190734863,15496800,VALE,Factor,2026-09-24
2006-03-27,3.790881395339966,11.460000038146973,11.382499694824219,11.5625,11.234999656677246,12824400,VALE,Factor,2026-09-24
2006-03-28,3.726377010345459,11.265000343322754,11.324999809265137,11.5625,11.177499771118164,16418800,VALE,Factor,2026-09-24
2006-03-29,3.8487699031829834,11.635000228881836,11.392499923706055,11.710000038146973,11.337499618530273,12870800,VALE,Factor,2026-09-24
2006-03-30,3.991010904312134,12.0649995803833,12.0,12.239999771118164,11.912500381469727,24356000,VALE,Factor,2026-09-24
2006-03-31,4.013339042663574,12.132499694824219,11.957500457763672,12.15999984741211,11.8774995803833,10900000,VALE,Factor,2026-09-24
2006-04-03,4.074535846710205,12.317500114440918,12.487500190734863,12.582500457763672,12.274999618530273,16312000,VALE,Factor,2026-09-24
2006-04-04,4.048073768615723,12.237500190734863,12.399999618530273,12.420000076293945,12.1875,9615200,VALE,Factor,2026-09-24
2006-04-05,4.089420795440674,12.362500190734863,12.399999618530273,12.487500190734863,12.125,10880400,VALE,Factor,2026-09-24
2006-04-06,4.118366241455078,12.449999809265137,12.362500190734863,12.470000267028809,12.217499732971191,10705600,VALE,Factor,2026-09-24
2006-04-07,4.027397155761719,12.175000190734863,12.447500228881836,12.462499618530273,12.024999618530273,10028000,VALE,Factor,2026-09-24
2006-04-10,3.9885287284851074,12.057499885559082,12.047499656677246,12.229999542236328,11.949999809265137,9262400,VALE,Factor,2026-09-24
2006-04-11,3.9595863819122314,11.970000267028809,12.270000457763672,12.3125,11.944999694824219,7601200,VALE,Factor,2026-09-24
2006-04-12,3.9852213859558105,12.047499656677246,11.970000267028809,12.0600004196167,11.837499618530273,6547600,VALE,Factor,2026-09-24
2006-04-13,4.007381916046143,11.979999542236328,11.867500305175781,12.067500114440918,11.699999809265137,6173200,VALE,Factor,2026-09-24
2006-04-17,4.065921783447266,12.154999732971191,12.0649995803833,12.265000343322754,12.020000457763672,7022000,VALE,Factor,2026-09-24
2006-04-18,4.216448783874512,12.604999542236328,12.300000190734863,12.625,12.274999618530273,10941200,VALE,Factor,2026-09-24
2006-04-19,4.207251071929932,12.577500343322754,12.587499618530273,12.637499809265137,12.359999656677246,9144000,VALE,Factor,2026-09-24
2006-04-20,4.1353302001953125,12.362500190734863,12.569999694824219,12.612500190734863,12.137499809265137,13186000,VALE,Factor,2026-09-24
2006-04-21,4.325999736785889,12.932499885559082,12.430000305175781,13.225000381469727,12.430000305175781,18842000,VALE,Factor,2026-09-24
2006-04-24,4.321819305419922,12.920000076293945,12.7524995803833,12.930000305175781,12.697500228881836,10290000,VALE,Factor,2026-09-24
2006-04-25,4.2825140953063965,12.802499771118164,12.920000076293945,12.987500190734863,12.6850004196167,9980800,VALE,Factor,2026-09-24
2006-04-26,4.327672481536865,12.9375,12.864999771118164,13.225000381469727,12.84749984741211,21906000,VALE,Factor,2026-09-24
2006-04-27,4.220630645751953,12.617500305175781,12.6875,12.912500381469727,12.484999656677246,17519200,VALE,Factor,2026-09-24
2006-04-28,4.308437824249268,12.880000114440918,12.8125,12.970000267028809,12.65999984741211,10996400,VALE,Factor,2026-09-24
2006-05-01,4.426352024078369,13.232500076293945,12.9975004196167,13.337499618530273,12.954999923706055,8528400,VALE,Factor,2026-09-24
2006-05-02,4.540085315704346,13.572500228881836,13.149999618530273,13.574999809265137,13.057499885559082,17214000,VALE,Factor,2026-09-24
2006-05-03,4.4949259757995605,13.4375,13.587499618530273,13.59000015258789,13.202500343322754,10161200,VALE,Factor,2026-09-24
2006-05-04,4.57938814163208,13.6899995803833,13.412500381469727,13.729999542236328,13.412500381469727,12447200,VALE,Factor,2026-09-24
2006-05-05,4.679738998413086,13.989999771118164,13.774999618530273,14.052499771118164,13.762499809265137,10868000,VALE,Factor,2026-09-24
2006-05-08,4.7232255935668945,14.119999885559082,14.109999656677246,14.142499923706055,13.84749984741211,14396800,VALE,Factor,2026-09-24
2006-05-09,4.865390300750732,14.545000076293945,14.175000190734863,14.550000190734863,14.074999809265137,15380400,VALE,Factor,2026-09-24
2006-05-10,4.827758312225342,14.432499885559082,14.40250015258789,14.537500381469727,14.272500038146973,15623200,VALE,Factor,2026-09-24
2006-05-11,4.673049449920654,13.970000267028809,14.475000381469727,14.520000457763672,13.822500228881836,20272000,VALE,Factor,2026-09-24
2006-05-12,4.499106407165527,13.449999809265137,13.632499694824219,13.75,13.192500114440918,20726000,VALE,Factor,2026-09-24
2006-05-15,4.306766033172607,12.875,12.75,13.087499618530273,12.65999984741211,20861600,VALE,Factor,2026-09-24
2006-05-16,4.277496814727783,12.787500381469727,13.1274995803833,13.292499542236328,12.517499923706055,25612400,VALE,Factor,2026-09-24
2006-05-17,4.101880073547363,12.262499809265137,12.625,12.717499732971191,11.895000457763672,33788000,VALE,Factor,2026-09-24
2006-05-18,3.9931678771972656,11.9375,12.255000114440918,12.40250015258789,11.887499809265137,28576000,VALE,Factor,2026-09-24
2006-05-19,3.9898200035095215,11.927499771118164,12.0625,12.087499618530273,11.460000038146973,31322000,VALE,Factor,2026-09-24
2006-05-22,3.8267500400543213,11.4399995803833,11.274999618530273,11.529999732971191,10.907500267028809,34122400,VALE,Factor,2026-09-24
2006-05-23,3.764866352081299,11.255000114440918,11.850000381469727,12.095000267028809,11.2524995803833,31076400,VALE,Factor,2026-09-24
2006-05-24,3.66953182220459,10.970000267028809,11.0625,11.390000343322754,10.52750015258789,38220400,VALE,Factor,2026-09-24
2006-05-25,3.973095417022705,11.8774995803833,11.225000381469727,11.932499885559082,11.125,28706400,VALE,Factor,2026-09-24
2006-05-26,4.066758155822754,12.157500267028809,12.3125,12.319999694824219,12.0,24738400,VALE,Factor,2026-09-24
2006-05-30,3.9011778831481934,11.662500381469727,11.887499809265137,11.987500190734863,11.479999542236328,23614800,VALE,Factor,2026-09-24
2006-05-31,3.896160125732422,11.647500038146973,11.7524995803833,11.9350004196167,11.5024995803833,22612000,VALE,Factor,2026-09-24
2006-06-01,3.932954788208008,11.757499694824219,11.5024995803833,11.789999961853027,11.422499656677246,19406000,VALE,Factor,2026-09-24
2006-06-02,3.963897228240967,11.850000381469727,12.024999618530273,12.039999961853027,11.59749984741211,16735200,VALE,Factor,2026-09-24
2006-06-05,3.8434741497039795,11.489999771118164,11.837499618530273,11.837499618530273,11.412500381469727,16646800,VALE,Factor,2026-09-24
2006-06-06,3.7673747539520264,11.262499809265137,11.25,11.34000015258789,10.979999542236328,28393600,VALE,Factor,2026-09-24
2006-06-07,3.5775420665740967,10.694999694824219,11.140000343322754,11.319999694824219,10.635000228881836,19287200,VALE,Factor,2026-09-24
2006-06-08,3.5658345222473145,10.65999984741211,10.350000381469727,10.694999694824219,10.109999656677246,24572600,VALE,Factor,2026-09-24
2006-06-09,3.632735252380371,10.859999656677246,10.899999618530273,10.914999961853027,10.675000190734863,27799800,VALE,Factor,2026-09-24
2006-06-12,3.4353771209716797,10.270000457763672,10.75,10.875,10.260000228881836,18902600,VALE,Factor,2026-09-24
2006-06-13,3.3567681312561035,10.03499984741211,10.015000343322754,10.199999809265137,9.8149995803833,22361800,VALE,Factor,2026-09-24
2006-06-14,3.462137222290039,10.350000381469727,10.074999809265137,10.484999656677246,10.010000228881836,22428400,VALE,Factor,2026-09-24
2006-06-15,3.724724054336548,11.135000228881836,10.585000038146973,11.210000038146973,10.574999809265137,22728400,VALE,Factor,2026-09-24
2006-06-16,3.6444435119628906,10.895000457763672,10.725000381469727,10.96500015258789,10.505000114440918,16384800,VALE,Factor,2026-09-24
2006-06-19,3.5206758975982666,10.524999618530273,10.885000228881836,10.960000038146973,10.444999694824219,12084800,VALE,Factor,2026-09-24
2006-06-20,3.5056233406066895,10.479999542236328,10.725000381469727,10.875,10.479999542236328,13741200,VALE,Factor,2026-09-24
2006-06-21,3.739776372909546,11.180000305175781,10.46500015258789,11.244999885559082,10.46500015258789,17807000,VALE,Factor,2026-09-24
2006-06-22,3.738105297088623,11.175000190734863,11.239999771118164,11.244999885559082,10.9399995803833,11384400,VALE,Factor,2026-09-24
2006-06-23,3.6812398433685303,11.005000114440918,10.904999732971191,11.199999809265137,10.854999542236328,13724000,VALE,Factor,2026-09-24
2006-06-26,3.7297425270080566,11.149999618530273,11.09000015258789,11.399999618530273,11.0,10286200,VALE,Factor,2026-09-24
2006-06-27,3.6477885246276855,10.904999732971191,11.154999732971191,11.390000343322754,10.864999771118164,9268000,VALE,Factor,2026-09-24
2006-06-28,3.738105297088623,11.175000190734863,11.0,11.180000305175781,10.864999771118164,10054800,VALE,Factor,2026-09-24
2006-06-29,3.947172164916992,11.800000190734863,11.25,11.895000457763672,11.25,17289000,VALE,Factor,2026-09-24
2006-06-30,4.020763397216797,12.020000457763672,12.020000457763672,12.100000381469727,11.854999542236328,13388600,VALE,Factor,2026-09-24
2006-07-03,4.085990905761719,12.21500015258789,12.079999923706055,12.270000457763672,11.994999885559082,5719800,VALE,Factor,2026-09-24
2006-07-05,3.942154884338379,11.78499984741211,12.024999618530273,12.024999618530273,11.635000228881836,11060600,VALE,Factor,2026-09-24
2006-07-06,3.963897228240967,11.850000381469727,11.824999809265137,12.0,11.744999885559082,8729000,VALE,Factor,2026-09-24
2006-07-07,3.908703565597534,11.6850004196167,11.765000343322754,11.885000228881836,11.625,8914800,VALE,Factor,2026-09-24
2006-07-10,3.9220850467681885,11.725000381469727,11.774999618530273,11.829999923706055,11.600000381469727,7065400,VALE,Factor,2026-09-24
2006-07-11,3.9237561225891113,11.729999542236328,11.675000190734863,11.75,11.430000305175781,12200000,VALE,Factor,2026-09-24
2006-07-12,3.8602004051208496,11.539999961853027,11.779999732971191,11.864999771118164,11.5,9159800,VALE,Factor,2026-09-24
2006-07-13,3.7431230545043945,11.1899995803833,11.399999618530273,11.399999618530273,11.0649995803833,11956000,VALE,Factor,2026-09-24
2006-07-14,3.731415271759033,11.154999732971191,11.1899995803833,11.25,10.949999809265137,9824800,VALE,Factor,2026-09-24
2006-07-17,3.637754201889038,10.875,10.960000038146973,11.140000343322754,10.779999732971191,13361400,VALE,Factor,2026-09-24
2006-07-18,3.662841320037842,10.949999809265137,11.0,11.100000381469727,10.694999694824219,12277800,VALE,Factor,2026-09-24
2006-07-19,3.888634204864502,11.625,11.010000228881836,11.694999694824219,10.989999771118164,13862800,VALE,Factor,2026-09-24
2006-07-20,3.738105297088623,11.175000190734863,11.625,11.635000228881836,11.100000381469727,15168400,VALE,Factor,2026-09-24
2006-07-21,3.5909218788146973,10.734999656677246,11.204999923706055,11.274999618530273,10.625,18432600,VALE,Factor,2026-09-24
2006-07-24,3.702983856201172,11.069999694824219,10.859999656677246,11.104999542236328,10.765000343322754,11566800,VALE,Factor,2026-09-24
2006-07-25,3.784935712814331,11.3149995803833,11.225000381469727,11.369999885559082,11.0,9318000,VALE,Factor,2026-09-24
2006-07-26,3.788281202316284,11.324999809265137,11.295000076293945,11.425000190734863,11.109999656677246,6381800,VALE,Factor,2026-09-24
2006-07-27,3.818387031555176,11.414999961853027,11.475000381469727,11.645000457763672,11.359999656677246,9787000,VALE,Factor,2026-09-24
2006-07-28,3.9572083950042725,11.829999923706055,11.520000457763672,11.9350004196167,11.420000076293945,11350200,VALE,Factor,2026-09-24
2006-07-31,3.8802707195281982,11.600000381469727,11.824999809265137,11.829999923706055,11.53499984741211,10119200,VALE,Factor,2026-09-24
2006-08-01,3.8602004051208496,11.539999961853027,11.545000076293945,11.5600004196167,11.260000228881836,9104800,VALE,Factor,2026-09-24
2006-08-02,3.928773880004883,11.744999885559082,11.649999618530273,11.9399995803833,11.625,10098000,VALE,Factor,2026-09-24
2006-08-03,3.968914031982422,11.864999771118164,11.744999885559082,12.0649995803833,11.680000305175781,15305000,VALE,Factor,2026-09-24
2006-08-04,4.022434234619141,12.024999618530273,12.074999809265137,12.229999542236328,11.914999961853027,16446000,VALE,Factor,2026-09-24
2006-08-07,3.955535411834717,11.824999809265137,12.020000457763672,12.039999961853027,11.774999618530273,9512000,VALE,Factor,2026-09-24
2006-08-08,3.9271011352539062,11.739999771118164,11.875,11.930000305175781,11.670000076293945,10314000,VALE,Factor,2026-09-24
2006-08-09,3.848492383956909,11.505000114440918,11.779999732971191,11.869999885559082,11.425000190734863,11821800,VALE,Factor,2026-09-24
2006-08-10,3.8284225463867188,11.444999694824219,11.505000114440918,11.520000457763672,11.25,17193600,VALE,Factor,2026-09-24
2006-08-11,3.748142719268799,11.204999923706055,11.260000228881836,11.420000076293945,11.154999732971191,15392600,VALE,Factor,2026-09-24
2006-08-14,3.6812398433685303,11.005000114440918,11.204999923706055,11.324999809265137,10.954999923706055,16899400,VALE,Factor,2026-09-24
2006-08-15,3.649460792541504,10.90999984741211,11.010000228881836,11.164999961853027,10.880000114440918,21851800,VALE,Factor,2026-09-24
2006-08-16,3.7364327907562256,11.170000076293945,11.050000190734863,11.300000190734863,11.005000114440918,28246600,VALE,Factor,2026-09-24
2006-08-17,3.7799198627471924,11.300000190734863,11.295000076293945,11.46500015258789,11.21500015258789,17671000,VALE,Factor,2026-09-24
2006-08-18,3.773228168487549,11.279999732971191,11.324999809265137,11.380000114440918,11.164999961853027,10887600,VALE,Factor,2026-09-24
2006-08-21,3.723052978515625,11.130000114440918,11.225000381469727,11.300000190734863,11.050000190734863,10902200,VALE,Factor,2026-09-24
2006-08-22,3.6477885246276855,10.904999732971191,11.130000114440918,11.175000190734863,10.774999618530273,12757000,VALE,Factor,2026-09-24
2006-08-23,3.493915557861328,10.444999694824219,10.779999732971191,10.819999694824219,10.375,20504200,VALE,Factor,2026-09-24
2006-08-24,3.5039520263671875,10.475000381469727,10.510000228881836,10.524999618530273,10.244999885559082,17937200,VALE,Factor,2026-09-24
2006-08-25,3.495588779449463,10.449999809265137,10.5,10.595000267028809,10.390000343322754,11748600,VALE,Factor,2026-09-24
2006-08-28,3.5591442584991455,10.640000343322754,10.449999809265137,10.739999771118164,10.404999732971191,14407400,VALE,Factor,2026-09-24
2006-08-29,3.570852041244507,10.675000190734863,10.795000076293945,10.795000076293945,10.515000343322754,13319000,VALE,Factor,2026-09-24
2006-08-30,3.5792155265808105,10.699999809265137,10.739999771118164,10.824999809265137,10.625,10024600,VALE,Factor,2026-09-24
2006-08-31,3.5859060287475586,10.720000267028809,10.755000114440918,10.895000457763672,10.675000190734863,11139600,VALE,Factor,2026-09-24
2006-09-01,3.723052978515625,11.130000114440918,10.75,11.15999984741211,10.75,12630200,VALE,Factor,2026-09-24
2006-09-05,3.8250784873962402,11.4350004196167,11.300000190734863,11.460000038146973,11.234999656677246,13703800,VALE,Factor,2026-09-24
2006-09-06,3.7013099193573,11.0649995803833,11.260000228881836,11.319999694824219,11.03499984741211,6885800,VALE,Factor,2026-09-24
2006-09-07,3.6344079971313477,10.864999771118164,10.885000228881836,11.069999694824219,10.800000190734863,7849400,VALE,Factor,2026-09-24
2006-09-08,3.6243739128112793,10.835000038146973,10.869999885559082,10.975000381469727,10.8100004196167,6835400,VALE,Factor,2026-09-24
2006-09-11,3.4119625091552734,10.199999809265137,10.454999923706055,10.529999732971191,10.175000190734863,21575600,VALE,Factor,2026-09-24
2006-09-12,3.4169797897338867,10.21500015258789,10.399999618530273,10.40999984741211,10.010000228881836,15899200,VALE,Factor,2026-09-24
2006-09-13,3.5206758975982666,10.524999618530273,10.319999694824219,10.625,10.1899995803833,15174400,VALE,Factor,2026-09-24
2006-09-14,3.47886323928833,10.399999618530273,10.600000381469727,10.694999694824219,10.375,13467600,VALE,Factor,2026-09-24
2006-09-15,3.487224578857422,10.425000190734863,10.449999809265137,10.539999961853027,10.3100004196167,6758000,VALE,Factor,2026-09-24
2006-09-18,3.507295608520508,10.484999656677246,10.449999809265137,10.619999885559082,10.359999656677246,9440600,VALE,Factor,2026-09-24
2006-09-19,3.4353771209716797,10.270000457763672,10.545000076293945,10.545000076293945,10.130000114440918,9290200,VALE,Factor,2026-09-24
2006-09-20,3.3517510890960693,10.020000457763672,10.270000457763672,10.399999618530273,9.989999771118164,14810200,VALE,Factor,2026-09-24
2006-09-21,3.3918910026550293,10.140000343322754,9.949999809265137,10.295000076293945,9.949999809265137,16156000,VALE,Factor,2026-09-24
2006-09-22,3.3517510890960693,10.020000457763672,10.140000343322754,10.170000076293945,9.90999984741211,13891400,VALE,Factor,2026-09-24
2006-09-25,3.304919719696045,9.880000114440918,9.8100004196167,9.925000190734863,9.579999923706055,20718600,VALE,Factor,2026-09-24
2006-09-26,3.448758125305176,10.3100004196167,9.885000228881836,10.390000343322754,9.885000228881836,21041800,VALE,Factor,2026-09-24
2006-09-27,3.5307116508483887,10.555000305175781,10.484999656677246,10.630000114440918,10.420000076293945,14841000,VALE,Factor,2026-09-24
2006-09-28,3.5675079822540283,10.664999961853027,10.675000190734863,10.725000381469727,10.579999923706055,11421600,VALE,Factor,2026-09-24
2006-09-29,3.605975389480591,10.779999732971191,10.670000076293945,10.90999984741211,10.569999694824219,10758000,VALE,Factor,2026-09-24
2006-10-02,3.6511337757110596,10.914999961853027,10.9350004196167,11.029999732971191,10.859999656677246,10924000,VALE,Factor,2026-09-24
2006-10-03,3.495588779449463,10.449999809265137,10.774999618530273,10.835000038146973,10.414999961853027,15022600,VALE,Factor,2026-09-24
2006-10-04,3.6360809803009033,10.869999885559082,10.390000343322754,10.869999885559082,10.34000015258789,18126000,VALE,Factor,2026-09-24
2006-10-05,3.7213799953460693,11.125,10.984999656677246,11.270000457763672,10.949999809265137,17558600,VALE,Factor,2026-09-24
2006-10-06,3.714690685272217,11.104999542236328,11.119999885559082,11.175000190734863,10.975000381469727,11749600,VALE,Factor,2026-09-24
2006-10-09,3.8167150020599365,11.40999984741211,11.199999809265137,11.585000038146973,11.199999809265137,14008400,VALE,Factor,2026-09-24
2006-10-10,3.8802707195281982,11.600000381469727,11.414999961853027,11.625,11.414999961853027,12688000,VALE,Factor,2026-09-24
2006-10-11,3.9120490550994873,11.694999694824219,11.524999618530273,11.8100004196167,11.399999618530273,15260800,VALE,Factor,2026-09-24
2006-10-12,4.000692844390869,11.960000038146973,11.699999809265137,12.074999809265137,11.699999809265137,15491000,VALE,Factor,2026-09-24
2006-10-13,3.988985776901245,11.925000190734863,11.96500015258789,12.100000381469727,11.850000381469727,12991400,VALE,Factor,2026-09-24
2006-10-16,4.077628135681152,12.1899995803833,12.015000343322754,12.244999885559082,11.954999923706055,18602000,VALE,Factor,2026-09-24
2006-10-17,3.9956750869750977,11.944999694824219,11.899999618530273,12.039999961853027,11.869999885559082,18066800,VALE,Factor,2026-09-24
2006-10-18,4.022434234619141,12.024999618530273,12.125,12.244999885559082,11.920000076293945,17824800,VALE,Factor,2026-09-24
2006-10-19,4.08766508102417,12.220000267028809,11.824999809265137,12.270000457763672,11.824999809265137,14637800,VALE,Factor,2026-09-24
2006-10-20,4.05841064453125,12.0,12.0600004196167,12.1899995803833,11.96500015258789,13157600,VALE,Factor,2026-09-24
2006-10-23,4.105757713317871,12.140000343322754,11.949999809265137,12.1899995803833,11.829999923706055,8258200,VALE,Factor,2026-09-24
2006-10-24,4.290078639984131,12.6850004196167,12.180000305175781,12.6850004196167,12.125,21165200,VALE,Factor,2026-09-24
2006-10-25,4.367862224578857,12.914999961853027,12.649999618530273,12.960000038146973,12.529999732971191,19243800,VALE,Factor,2026-09-24
2006-10-26,4.357717514038086,12.885000228881836,12.869999885559082,12.925000190734863,12.470000267028809,15265000,VALE,Factor,2026-09-24
2006-10-27,4.3154425621032715,12.760000228881836,12.725000381469727,12.9399995803833,12.65999984741211,11130800,VALE,Factor,2026-09-24
2006-10-30,4.213982582092285,12.460000038146973,12.625,12.65999984741211,12.454999923706055,12742600,VALE,Factor,2026-09-24
2006-10-31,4.301914691925049,12.720000267028809,12.555000305175781,12.739999771118164,12.505000114440918,8611400,VALE,Factor,2026-09-24
2006-11-01,4.401684284210205,13.015000343322754,13.0,13.145000457763672,12.904999732971191,23512800,VALE,Factor,2026-09-24
2006-11-02,4.420284748077393,13.069999694824219,13.050000190734863,13.154999732971191,12.824999809265137,12610000,VALE,Factor,2026-09-24
2006-11-03,4.472704887390137,13.225000381469727,13.25,13.34000015258789,13.135000228881836,8938200,VALE,Factor,2026-09-24
2006-11-06,4.5826215744018555,13.550000190734863,13.274999618530273,13.595000267028809,13.255000114440918,13961600,VALE,Factor,2026-09-24
2006-11-07,4.526817798614502,13.385000228881836,13.505000114440918,13.5649995803833,13.3100004196167,13600400,VALE,Factor,2026-09-24
2006-11-08,4.550492286682129,13.454999923706055,13.1899995803833,13.454999923706055,13.15999984741211,10494400,VALE,Factor,2026-09-24
2006-11-09,4.641806602478027,13.725000381469727,13.699999809265137,14.145000457763672,13.645000457763672,27555600,VALE,Factor,2026-09-24
2006-11-10,4.538654804229736,13.420000076293945,13.725000381469727,13.774999618530273,13.380000114440918,12275600,VALE,Factor,2026-09-24
2006-11-13,4.427048683166504,13.09000015258789,13.0,13.145000457763672,12.899999618530273,17085600,VALE,Factor,2026-09-24
2006-11-14,4.479469299316406,13.244999885559082,13.324999809265137,13.390000343322754,13.039999961853027,12557800,VALE,Factor,2026-09-24
2006-11-15,4.558945178985596,13.479999542236328,13.125,13.614999771118164,13.069999694824219,11030200,VALE,Factor,2026-09-24
2006-11-16,4.4321208000183105,13.104999542236328,13.539999961853027,13.585000038146973,13.074999809265137,10374000,VALE,Factor,2026-09-24
2006-11-17,4.405064582824707,13.024999618530273,12.854999542236328,13.0649995803833,12.725000381469727,13634200,VALE,Factor,2026-09-24
2006-11-20,4.403375148773193,13.020000457763672,13.25,13.324999809265137,12.885000228881836,9123400,VALE,Factor,2026-09-24
2006-11-21,4.570784091949463,13.515000343322754,13.225000381469727,13.529999732971191,13.145000457763672,17397000,VALE,Factor,2026-09-24
2006-11-22,4.562328815460205,13.489999771118164,13.524999618530273,13.625,13.220000267028809,9390400,VALE,Factor,2026-09-24
2006-11-24,4.591075897216797,13.574999809265137,13.274999618530273,13.600000381469727,13.274999618530273,4002000,VALE,Factor,2026-09-24
2006-11-27,4.514982223510742,13.350000381469727,13.505000114440918,13.625,13.1899995803833,14128000,VALE,Factor,2026-09-24
2006-11-28,4.542037010192871,13.430000305175781,13.220000267028809,13.460000038146973,13.109999656677246,9196000,VALE,Factor,2026-09-24
2006-11-29,4.668863773345947,13.805000305175781,13.5,13.890000343322754,13.489999771118164,11479400,VALE,Factor,2026-09-24
2006-11-30,4.694228649139404,13.880000114440918,13.755000114440918,13.90999984741211,13.555000305175781,10021600,VALE,Factor,2026-09-24
2006-12-01,4.663789749145508,13.789999961853027,13.975000381469727,14.0,13.53499984741211,12287600,VALE,Factor,2026-09-24
2006-12-04,4.832890510559082,14.289999961853027,13.699999809265137,14.3149995803833,13.630000114440918,14304800,VALE,Factor,2026-09-24
2006-12-05,5.037501335144043,14.895000457763672,14.369999885559082,14.899999618530273,14.354999542236328,24812600,VALE,Factor,2026-09-24
2006-12-06,4.995227813720703,14.770000457763672,14.744999885559082,14.819999694824219,14.600000381469727,13428000,VALE,Factor,2026-09-24
2006-12-07,4.927585601806641,14.569999694824219,14.670000076293945,14.859999656677246,14.53499984741211,11880800,VALE,Factor,2026-09-24
2006-12-08,4.947878360748291,14.630000114440918,14.404999732971191,14.694999694824219,14.324999809265137,12931600,VALE,Factor,2026-09-24
2006-12-11,4.983388900756836,14.734999656677246,14.630000114440918,14.824999809265137,14.529999732971191,8208000,VALE,Factor,2026-09-24
2006-12-12,4.917440414428711,14.539999961853027,14.649999618530273,14.664999961853027,14.329999923706055,14354800,VALE,Factor,2026-09-24
2006-12-13,4.922513008117676,14.555000305175781,14.654999732971191,14.654999732971191,14.380000114440918,11064800,VALE,Factor,2026-09-24
2006-12-14,5.078084468841553,15.015000343322754,14.694999694824219,15.015000343322754,14.694999694824219,12000600,VALE,Factor,2026-09-24
2006-12-15,5.059483528137207,14.960000038146973,15.015000343322754,15.050000190734863,14.854999542236328,10326600,VALE,Factor,2026-09-24
2006-12-18,4.9208221435546875,14.550000190734863,14.904999732971191,14.994999885559082,14.53499984741211,11355000,VALE,Factor,2026-09-24
2006-12-19,4.99353551864624,14.765000343322754,13.5,14.765000343322754,13.5,13341200,VALE,Factor,2026-09-24
2006-12-20,4.91405725479126,14.529999732971191,14.729999542236328,14.729999542236328,14.449999809265137,11318200,VALE,Factor,2026-09-24
2006-12-21,4.93435001373291,14.59000015258789,14.734999656677246,14.795000076293945,14.34000015258789,17822000,VALE,Factor,2026-09-24
2006-12-22,4.94111442565918,14.609999656677246,14.744999885559082,14.744999885559082,14.430000305175781,5213400,VALE,Factor,2026-09-24
2006-12-26,4.981698036193848,14.729999542236328,14.649999618530273,14.774999618530273,14.5600004196167,3835200,VALE,Factor,2026-09-24
2006-12-27,5.13050651550293,15.170000076293945,14.800000190734863,15.199999809265137,14.720000267028809,6401600,VALE,Factor,2026-09-24
2006-12-28,5.062864303588867,14.970000267028809,15.225000381469727,15.229999542236328,14.9399995803833,6126600,VALE,Factor,2026-09-24
2006-12-29,5.029045104980469,14.869999885559082,15.0,15.050000190734863,14.720000267028809,4984400,VALE,Factor,2026-09-24
2007-01-03,4.87347412109375,14.40999984741211,15.069999694824219,15.609999656677246,14.305000305175781,19475000,VALE,Factor,2026-09-24
2007-01-04,4.81428861618042,14.234999656677246,14.319999694824219,14.319999694824219,14.015000343322754,20641000,VALE,Factor,2026-09-24
2007-01-05,4.651952743530273,13.755000114440918,14.234999656677246,14.239999771118164,13.555000305175781,20187600,VALE,Factor,2026-09-24
2007-01-08,4.81428861618042,14.234999656677246,13.845000267028809,14.28499984741211,13.795000076293945,21989000,VALE,Factor,2026-09-24
2007-01-09,4.673935890197754,13.819999694824219,14.204999923706055,14.204999923706055,13.529999732971191,21337600,VALE,Factor,2026-09-24
2007-01-10,4.799071311950684,14.1899995803833,13.625,14.354999542236328,13.5649995803833,18589000,VALE,Factor,2026-09-24
2007-01-11,4.880239486694336,14.430000305175781,14.289999961853027,14.739999771118164,14.194999694824219,14584200,VALE,Factor,2026-09-24
2007-01-12,5.022281646728516,14.850000381469727,14.484999656677246,14.875,14.454999923706055,12997800,VALE,Factor,2026-09-24
2007-01-16,4.963098526000977,14.675000190734863,14.680000305175781,14.845000267028809,14.619999885559082,9092000,VALE,Factor,2026-09-24
2007-01-17,5.001991271972656,14.789999961853027,14.675000190734863,14.875,14.404999732971191,12717800,VALE,Factor,2026-09-24
2007-01-18,4.981698036193848,14.729999542236328,14.989999771118164,15.024999618530273,14.614999771118164,13814200,VALE,Factor,2026-09-24
2007-01-19,5.0933051109313965,15.0600004196167,14.755000114440918,15.1899995803833,14.699999809265137,15401200,VALE,Factor,2026-09-24
2007-01-22,5.177855968475342,15.3100004196167,15.229999542236328,15.395000457763672,15.119999885559082,12977200,VALE,Factor,2026-09-24
2007-01-23,5.548185348510742,16.405000686645508,15.574999809265137,16.46500015258789,15.555000305175781,37741800,VALE,Factor,2026-09-24
2007-01-24,5.658098220825195,16.729999542236328,16.489999771118164,16.854999542236328,16.2549991607666,23145200,VALE,Factor,2026-09-24
2007-01-25,5.53803825378418,16.375,16.834999084472656,16.940000534057617,16.315000534057617,22207400,VALE,Factor,2026-09-24
2007-01-26,5.5803141593933105,16.5,16.489999771118164,16.549999237060547,16.25,15769800,VALE,Factor,2026-09-24
2007-01-29,5.487308025360107,16.225000381469727,16.329999923706055,16.514999389648438,16.200000762939453,12959600,VALE,Factor,2026-09-24
2007-01-30,5.514363765716553,16.30500030517578,16.309999465942383,16.399999618530273,16.030000686645508,16388000,VALE,Factor,2026-09-24
2007-01-31,5.737576961517334,16.96500015258789,16.399999618530273,17.0,16.34000015258789,15094600,VALE,Factor,2026-09-24
2007-02-01,5.766324043273926,17.049999237060547,17.165000915527344,17.334999084472656,16.96500015258789,18333600,VALE,Factor,2026-09-24
2007-02-02,5.752796173095703,17.010000228881836,17.0,17.010000228881836,16.690000534057617,14202000,VALE,Factor,2026-09-24
2007-02-05,5.752796173095703,17.010000228881836,16.9950008392334,17.059999465942383,16.735000610351562,10993600,VALE,Factor,2026-09-24
2007-02-06,5.857637882232666,17.31999969482422,17.084999084472656,17.43000030517578,17.06999969482422,13783200,VALE,Factor,2026-09-24
2007-02-07,5.7358856201171875,16.959999084472656,17.424999237060547,17.459999084472656,16.829999923706055,14772800,VALE,Factor,2026-09-24
2007-02-08,5.700376033782959,16.854999542236328,16.790000915527344,16.989999771118164,16.485000610351562,17278800,VALE,Factor,2026-09-24
2007-02-09,5.625970363616943,16.635000228881836,16.774999618530273,17.075000762939453,16.514999389648438,11154600,VALE,Factor,2026-09-24
2007-02-12,5.576930999755859,16.489999771118164,16.684999465942383,16.774999618530273,16.375,13106200,VALE,Factor,2026-09-24
2007-02-13,5.915132999420166,17.489999771118164,16.75,17.565000534057617,16.649999618530273,19295000,VALE,Factor,2026-09-24
2007-02-14,6.050411701202393,17.889999389648438,17.575000762939453,18.34000015258789,17.53499984741211,26987600,VALE,Factor,2026-09-24
2007-02-15,6.107907772064209,18.059999465942383,18.174999237060547,18.174999237060547,17.950000762939453,14962000,VALE,Factor,2026-09-24
2007-02-16,6.070705413818359,17.950000762939453,17.979999542236328,18.059999465942383,17.864999771118164,11162200,VALE,Factor,2026-09-24
2007-02-20,6.146800518035889,18.174999237060547,17.950000762939453,18.235000610351562,17.600000381469727,12672600,VALE,Factor,2026-09-24
2007-02-21,6.260097026824951,18.510000228881836,18.010000228881836,18.565000534057617,17.850000381469727,19849000,VALE,Factor,2026-09-24
2007-02-22,6.273625373840332,18.549999237060547,18.7450008392334,19.024999618530273,18.334999084472656,22835600,VALE,Factor,2026-09-24
2007-02-23,6.204293727874756,18.344999313354492,18.56999969482422,18.584999084472656,18.110000610351562,18457400,VALE,Factor,2026-09-24
2007-02-26,6.238114356994629,18.44499969482422,18.530000686645508,18.604999542236328,18.28499984741211,11465200,VALE,Factor,2026-09-24
2007-02-27,5.582002639770508,16.5049991607666,17.28499984741211,17.625,15.789999961853027,47479400,VALE,Factor,2026-09-24
2007-02-28,5.766324043273926,17.049999237060547,17.024999618530273,17.219999313354492,16.565000534057617,35037400,VALE,Factor,2026-09-24
2007-03-01,5.6648640632629395,16.75,16.385000228881836,17.0,16.25,37086200,VALE,Factor,2026-09-24
2007-03-02,5.529582500457764,16.350000381469727,16.704999923706055,16.81999969482422,16.15999984741211,23615400,VALE,Factor,2026-09-24
2007-03-05,5.385849475860596,15.925000190734863,15.694999694824219,16.309999465942383,15.5649995803833,26879000,VALE,Factor,2026-09-24
2007-03-06,5.771397590637207,17.065000534057617,16.5049991607666,17.110000610351562,16.434999465942383,27291000,VALE,Factor,2026-09-24
2007-03-07,5.79507303237915,17.135000228881836,17.274999618530273,17.43000030517578,17.010000228881836,25763400,VALE,Factor,2026-09-24
2007-03-08,5.798452854156494,17.145000457763672,17.315000534057617,17.709999084472656,16.920000076293945,28580200,VALE,Factor,2026-09-24
2007-03-09,5.911750793457031,17.479999542236328,17.475000381469727,17.649999618530273,17.15999984741211,15836800,VALE,Factor,2026-09-24
2007-03-12,6.026740550994873,17.81999969482422,17.635000228881836,18.040000915527344,17.424999237060547,20794400,VALE,Factor,2026-09-24
2007-03-13,5.778162002563477,17.084999084472656,17.649999618530273,17.915000915527344,17.010000228881836,24183200,VALE,Factor,2026-09-24
2007-03-14,5.932041645050049,17.540000915527344,17.0049991607666,17.549999237060547,16.690000534057617,31557800,VALE,Factor,2026-09-24
2007-03-15,6.074087619781494,17.959999084472656,17.6299991607666,18.135000228881836,17.56999969482422,27720800,VALE,Factor,2026-09-24
2007-03-16,5.996301174163818,17.729999542236328,18.145000457763672,18.184999465942383,17.549999237060547,25426000,VALE,Factor,2026-09-24
2007-03-19,6.163711071014404,18.225000381469727,18.100000381469727,18.2549991607666,17.844999313354492,16148600,VALE,Factor,2026-09-24
2007-03-20,6.153563499450684,18.19499969482422,18.25,18.40999984741211,17.989999771118164,19297400,VALE,Factor,2026-09-24
2007-03-21,6.275315284729004,18.55500030517578,18.31999969482422,21.959999084472656,17.8700008392334,21509400,VALE,Factor,2026-09-24
2007-03-22,6.248260498046875,18.475000381469727,18.55500030517578,18.709999084472656,18.3799991607666,21683000,VALE,Factor,2026-09-24
2007-03-23,6.25333309173584,18.489999771118164,18.375,18.575000762939453,18.28499984741211,14199400,VALE,Factor,2026-09-24
2007-03-26,6.3581767082214355,18.799999237060547,18.600000381469727,18.81999969482422,18.3799991607666,16294200,VALE,Factor,2026-09-24
2007-03-27,6.258408069610596,18.5049991607666,18.625,18.665000915527344,18.440000534057617,9494800,VALE,Factor,2026-09-24
2007-03-28,6.090997219085693,18.010000228881836,18.280000686645508,18.475000381469727,17.854999542236328,17451800,VALE,Factor,2026-09-24
2007-03-29,6.260097026824951,18.510000228881836,18.229999542236328,18.545000076293945,18.049999237060547,16301600,VALE,Factor,2026-09-24
2007-03-30,6.25502347946167,18.4950008392334,18.479999542236328,18.59000015258789,18.174999237060547,14338200,VALE,Factor,2026-09-24
2007-04-02,6.319280624389648,18.684999465942383,18.549999237060547,18.719999313354492,18.434999465942383,9893000,VALE,Factor,2026-09-24
2007-04-03,6.557713508605957,19.389999389648438,19.104999542236328,19.454999923706055,18.899999618530273,20989400,VALE,Factor,2026-09-24
2007-04-04,6.720052242279053,19.8700008392334,19.510000228881836,19.899999618530273,19.44499969482422,24154800,VALE,Factor,2026-09-24
2007-04-05,6.721741676330566,19.875,19.84000015258789,20.059999465942383,19.68000030517578,18941200,VALE,Factor,2026-09-24
2007-04-09,6.774164199829102,20.030000686645508,20.174999237060547,20.2450008392334,20.014999389648438,15482000,VALE,Factor,2026-09-24
2007-04-10,6.81474494934082,20.149999618530273,20.09000015258789,20.200000762939453,19.979999542236328,11756600,VALE,Factor,2026-09-24
2007-04-11,6.8029093742370605,20.114999771118164,20.299999237060547,20.600000381469727,20.024999618530273,23257000,VALE,Factor,2026-09-24
2007-04-12,6.919589996337891,20.459999084472656,20.065000534057617,20.46500015258789,19.885000228881836,16084600,VALE,Factor,2026-09-24
2007-04-13,6.975391387939453,20.625,20.649999618530273,20.665000915527344,20.360000610351562,15864200,VALE,Factor,2026-09-24
2007-04-16,7.0853095054626465,20.950000762939453,20.959999084472656,20.985000610351562,20.815000534057617,15401200,VALE,Factor,2026-09-24
2007-04-17,7.122642517089844,20.889999389648438,20.854999542236328,21.15999984741211,20.75,15553600,VALE,Factor,2026-09-24
2007-04-18,7.073204040527344,20.7450008392334,20.7549991607666,20.934999465942383,20.530000686645508,19226200,VALE,Factor,2026-09-24
2007-04-19,7.003306865692139,20.540000915527344,20.30500030517578,20.559999465942383,20.100000381469727,17484600,VALE,Factor,2026-09-24
2007-04-20,7.119231700897217,20.8799991607666,21.0,21.030000686645508,20.81999969482422,13660200,VALE,Factor,2026-09-24
2007-04-23,7.158442974090576,20.9950008392334,20.959999084472656,21.344999313354492,20.8799991607666,14586600,VALE,Factor,2026-09-24
2007-04-24,7.1362810134887695,20.93000030517578,21.065000534057617,21.18000030517578,20.684999465942383,11868200,VALE,Factor,2026-09-24
2007-04-25,7.23345422744751,21.21500015258789,21.135000228881836,21.395000457763672,20.895000457763672,15653400,VALE,Factor,2026-09-24
2007-04-26,7.073204040527344,20.7450008392334,21.104999542236328,21.104999542236328,20.674999237060547,14804800,VALE,Factor,2026-09-24
2007-04-27,6.940229415893555,20.354999542236328,19.950000762939453,20.674999237060547,19.934999465942383,19274400,VALE,Factor,2026-09-24
2007-04-30,6.923181056976318,20.30500030517578,20.665000915527344,20.8799991607666,20.264999389648438,10269000,VALE,Factor,2026-09-24
2007-05-01,6.865220069885254,20.135000228881836,20.579999923706055,20.71500015258789,19.920000076293945,14585600,VALE,Factor,2026-09-24
2007-05-02,7.102183818817139,20.829999923706055,20.375,21.020000457763672,20.375,14930400,VALE,Factor,2026-09-24
2007-05-03,7.291415691375732,21.385000228881836,21.15999984741211,21.40999984741211,20.979999542236328,13921400,VALE,Factor,2026-09-24
2007-05-04,7.480650901794434,21.940000534057617,21.4950008392334,22.165000915527344,21.46500015258789,27297600,VALE,Factor,2026-09-24
2007-05-07,7.40734338760376,21.725000381469727,22.075000762939453,22.139999389648438,21.575000762939453,17832800,VALE,Factor,2026-09-24
2007-05-08,7.318695545196533,21.46500015258789,21.450000762939453,21.545000076293945,21.145000457763672,14654600,VALE,Factor,2026-09-24
2007-05-09,7.622145175933838,22.354999542236328,21.625,22.395000457763672,21.565000534057617,26524000,VALE,Factor,2026-09-24
2007-05-10,7.4005255699157715,21.704999923706055,22.225000381469727,22.299999237060547,21.399999618530273,26629800,VALE,Factor,2026-09-24
2007-05-11,7.593164443969727,22.270000457763672,22.03499984741211,22.415000915527344,22.0049991607666,16616000,VALE,Factor,2026-09-24
2007-05-14,7.453373432159424,21.860000610351562,22.299999237060547,22.450000762939453,21.649999618530273,16920000,VALE,Factor,2026-09-24
2007-05-15,7.524974822998047,22.06999969482422,21.924999237060547,22.34000015258789,21.84000015258789,22655200,VALE,Factor,2026-09-24
2007-05-16,7.73807430267334,22.69499969482422,22.424999237060547,22.700000762939453,21.9950008392334,25161600,VALE,Factor,2026-09-24
2007-05-17,7.664766788482666,22.479999542236328,22.450000762939453,22.625,22.030000686645508,20449400,VALE,Factor,2026-09-24
2007-05-18,7.686930179595947,22.545000076293945,22.479999542236328,22.600000381469727,22.190000534057617,13590200,VALE,Factor,2026-09-24
2007-05-21,7.685227394104004,22.540000915527344,22.739999771118164,22.790000915527344,22.510000228881836,15337600,VALE,Factor,2026-09-24
2007-05-22,7.58975887298584,22.260000228881836,22.549999237060547,22.649999618530273,22.204999923706055,14364200,VALE,Factor,2026-09-24
2007-05-23,7.490877628326416,21.969999313354492,22.424999237060547,22.725000381469727,21.889999389648438,23219400,VALE,Factor,2026-09-24
2007-05-24,7.182311058044434,21.065000534057617,21.7549991607666,22.18000030517578,20.854999542236328,27478800,VALE,Factor,2026-09-24
2007-05-25,7.395411014556885,21.690000534057617,21.5049991607666,21.84000015258789,21.44499969482422,18977400,VALE,Factor,2026-09-24
2007-05-29,7.3988189697265625,21.700000762939453,22.100000381469727,22.25,21.510000228881836,14215400,VALE,Factor,2026-09-24
2007-05-30,7.6085076332092285,22.315000534057617,21.280000686645508,22.395000457763672,21.200000762939453,18151000,VALE,Factor,2026-09-24
2007-05-31,7.7483038902282715,22.725000381469727,22.625,22.889999389648438,22.450000762939453,18444000,VALE,Factor,2026-09-24
2007-06-01,8.01595687866211,23.510000228881836,22.969999313354492,23.510000228881836,22.844999313354492,16866000,VALE,Factor,2026-09-24
2007-06-04,8.029594421386719,23.549999237060547,23.239999771118164,23.549999237060547,23.149999618530273,12621600,VALE,Factor,2026-09-24
2007-06-05,7.893209457397461,23.149999618530273,23.344999313354492,23.450000762939453,22.950000762939453,16316200,VALE,Factor,2026-09-24
2007-06-06,7.692041397094727,22.559999465942383,22.905000686645508,22.920000076293945,22.334999084472656,18131800,VALE,Factor,2026-09-24
2007-06-07,7.356199741363525,21.575000762939453,22.489999771118164,22.674999237060547,21.395000457763672,25990200,VALE,Factor,2026-09-24
2007-06-08,7.572709560394287,22.209999084472656,21.905000686645508,22.260000228881836,21.549999237060547,23292200,VALE,Factor,2026-09-24
2007-06-11,7.646013259887695,22.424999237060547,22.30500030517578,22.56999969482422,21.989999771118164,17448800,VALE,Factor,2026-09-24
2007-06-12,7.395411014556885,21.690000534057617,22.350000381469727,22.350000381469727,21.625,20269600,VALE,Factor,2026-09-24
2007-06-13,7.632377624511719,22.385000228881836,21.924999237060547,22.415000915527344,21.84000015258789,22872600,VALE,Factor,2026-09-24
2007-06-14,7.8028564453125,22.885000228881836,22.604999542236328,23.125,22.600000381469727,20503400,VALE,Factor,2026-09-24
2007-06-15,8.004024505615234,23.475000381469727,23.309999465942383,23.549999237060547,23.309999465942383,21144000,VALE,Factor,2026-09-24
2007-06-18,8.10631275177002,23.774999618530273,23.655000686645508,23.854999542236328,23.40999984741211,18276600,VALE,Factor,2026-09-24
2007-06-19,7.807972431182861,22.899999618530273,23.575000762939453,23.614999771118164,22.895000457763672,40420000,VALE,Factor,2026-09-24
2007-06-20,7.671586036682129,22.5,23.149999618530273,23.18000030517578,22.475000381469727,39022400,VALE,Factor,2026-09-24
2007-06-21,7.843771457672119,23.0049991607666,22.510000228881836,23.045000076293945,22.200000762939453,29435600,VALE,Factor,2026-09-24
2007-06-22,7.70056676864624,22.584999084472656,22.959999084472656,22.979999542236328,22.354999542236328,18824200,VALE,Factor,2026-09-24
2007-06-25,7.555663108825684,22.15999984741211,22.610000610351562,22.829999923706055,22.040000915527344,22188400,VALE,Factor,2026-09-24
2007-06-26,7.439734935760498,21.81999969482422,22.4950008392334,22.549999237060547,21.649999618530273,26906600,VALE,Factor,2026-09-24
2007-06-27,7.56929874420166,22.200000762939453,21.489999771118164,22.209999084472656,21.270000457763672,23668200,VALE,Factor,2026-09-24
2007-06-28,7.502813339233398,22.0049991607666,22.299999237060547,22.415000915527344,21.96500015258789,17392400,VALE,Factor,2026-09-24
2007-06-29,7.594870090484619,22.274999618530273,22.075000762939453,22.3700008392334,22.040000915527344,18132600,VALE,Factor,2026-09-24
2007-07-02,7.891504764556885,23.145000457763672,22.5,23.145000457763672,22.5,19277200,VALE,Factor,2026-09-24
2007-07-03,7.910259246826172,23.200000762939453,23.225000381469727,23.299999237060547,23.024999618530273,9302400,VALE,Factor,2026-09-24
2007-07-05,8.092673301696777,23.735000610351562,23.53499984741211,23.790000915527344,23.315000534057617,18731600,VALE,Factor,2026-09-24
2007-07-06,8.188139915466309,24.014999389648438,23.854999542236328,24.219999313354492,23.739999771118164,19236800,VALE,Factor,2026-09-24
2007-07-09,8.281904220581055,24.290000915527344,24.135000228881836,24.5,24.03499984741211,16108400,VALE,Factor,2026-09-24
2007-07-10,8.16086483001709,23.934999465942383,23.809999465942383,24.209999084472656,23.614999771118164,20920800,VALE,Factor,2026-09-24
2007-07-11,8.416581153869629,24.684999465942383,23.850000381469727,24.739999771118164,23.844999313354492,23012000,VALE,Factor,2026-09-24
2007-07-12,8.914386749267578,26.145000457763672,25.229999542236328,26.2549991607666,25.184999465942383,48206400,VALE,Factor,2026-09-24
2007-07-13,8.854714393615723,25.969999313354492,26.325000762939453,26.329999923706055,25.4950008392334,23072600,VALE,Factor,2026-09-24
2007-07-16,8.653550148010254,25.3799991607666,25.809999465942383,25.850000381469727,25.170000076293945,20065400,VALE,Factor,2026-09-24
2007-07-17,8.702991485595703,25.524999618530273,25.450000762939453,25.600000381469727,25.225000381469727,17411000,VALE,Factor,2026-09-24
2007-07-18,8.730265617370605,25.604999542236328,25.375,25.625,25.100000381469727,16849800,VALE,Factor,2026-09-24
2007-07-19,8.832555770874023,25.905000686645508,26.014999389648438,26.155000686645508,25.809999465942383,20223200,VALE,Factor,2026-09-24
2007-07-20,8.689352035522461,25.485000610351562,25.75,25.889999389648438,25.360000610351562,17729600,VALE,Factor,2026-09-24
2007-07-23,9.052472114562988,26.549999237060547,25.885000228881836,26.59000015258789,25.6299991607666,19714200,VALE,Factor,2026-09-24
2007-07-24,8.650142669677734,25.3700008392334,26.225000381469727,26.299999237060547,25.03499984741211,24188400,VALE,Factor,2026-09-24
2007-07-25,8.52739429473877,25.010000228881836,25.575000762939453,25.75,24.15999984741211,32941000,VALE,Factor,2026-09-24
2007-07-26,8.089261054992676,23.725000381469727,23.9950008392334,24.3700008392334,22.6200008392334,46592800,VALE,Factor,2026-09-24
2007-07-27,8.036412239074707,23.56999969482422,24.260000228881836,24.270000457763672,23.094999313354492,40056800,VALE,Factor,2026-09-24
2007-07-30,8.276788711547852,24.274999618530273,24.05500030517578,24.524999618530273,23.799999237060547,24034200,VALE,Factor,2026-09-24
2007-07-31,8.355210304260254,24.5049991607666,25.079999923706055,25.190000534057617,24.309999465942383,29313000,VALE,Factor,2026-09-24
2007-08-01,8.266562461853027,24.2450008392334,24.100000381469727,24.725000381469727,23.704999923706055,34396600,VALE,Factor,2026-09-24
2007-08-02,8.370552062988281,24.549999237060547,24.645000457763672,24.735000610351562,24.110000610351562,21665200,VALE,Factor,2026-09-24
2007-08-03,7.971631050109863,23.3799991607666,24.424999237060547,24.5,23.170000076293945,26258400,VALE,Factor,2026-09-24
2007-08-06,7.935829162597656,23.274999618530273,22.815000534057617,23.399999618530273,22.0049991607666,40614000,VALE,Factor,2026-09-24
2007-08-07,8.053461074829102,23.6200008392334,23.09000015258789,23.920000076293945,22.850000381469727,25208000,VALE,Factor,2026-09-24
2007-08-08,8.353504180908203,24.5,24.114999771118164,24.69499969482422,24.030000686645508,29578200,VALE,Factor,2026-09-24
2007-08-09,7.992088317871094,23.440000534057617,23.299999237060547,23.975000381469727,23.040000915527344,34070600,VALE,Factor,2026-09-24
2007-08-10,7.729550838470459,22.670000076293945,22.30500030517578,22.760000228881836,21.844999313354492,40849400,VALE,Factor,2026-09-24
2007-08-13,7.773874759674072,22.799999237060547,23.05500030517578,23.2450008392334,22.545000076293945,22098000,VALE,Factor,2026-09-24
2007-08-14,7.240269660949707,21.235000610351562,22.5,22.690000534057617,21.200000762939453,37965600,VALE,Factor,2026-09-24
2007-08-15,6.752702236175537,19.80500030517578,20.6299991607666,21.135000228881836,19.545000076293945,55074000,VALE,Factor,2026-09-24
2007-08-16,6.514029502868652,19.104999542236328,18.200000762939453,19.420000076293945,17.0,100596600,VALE,Factor,2026-09-24
2007-08-17,6.836233615875244,20.049999237060547,20.329999923706055,20.559999465942383,19.010000228881836,55187200,VALE,Factor,2026-09-24
2007-08-20,6.873743534088135,20.15999984741211,20.510000228881836,20.75,19.520000457763672,32367800,VALE,Factor,2026-09-24
2007-08-21,6.945344924926758,20.3700008392334,19.860000610351562,20.725000381469727,19.719999313354492,17782000,VALE,Factor,2026-09-24
2007-08-22,7.548841953277588,22.139999389648438,21.3700008392334,22.200000762939453,21.25,40021200,VALE,Factor,2026-09-24
2007-08-23,7.674996852874756,22.510000228881836,22.610000610351562,22.94499969482422,21.860000610351562,42480800,VALE,Factor,2026-09-24
2007-08-24,8.102899551391602,23.764999389648438,22.520000457763672,24.100000381469727,22.235000610351562,31448800,VALE,Factor,2026-09-24
2007-08-27,8.237579345703125,24.15999984741211,23.75,24.639999389648438,23.514999389648438,27668800,VALE,Factor,2026-09-24
2007-08-28,7.678407192230225,22.520000457763672,23.825000762939453,23.899999618530273,22.375,36150000,VALE,Factor,2026-09-24
2007-08-29,8.171093940734863,23.96500015258789,23.079999923706055,24.059999465942383,23.014999389648438,26747000,VALE,Factor,2026-09-24
2007-08-30,8.177911758422852,23.985000610351562,23.5,24.684999465942383,23.299999237060547,25644400,VALE,Factor,2026-09-24
2007-08-31,8.409764289855957,24.665000915527344,24.75,25.0,24.375,30296600,VALE,Factor,2026-09-24
2007-09-04,8.711516380310059,25.549999237060547,24.649999618530273,25.850000381469727,24.649999618530273,24967000,VALE,Factor,2026-09-24
2007-09-05,8.547849655151367,25.06999969482422,25.06999969482422,25.405000686645508,24.700000762939453,26839800,VALE,Factor,2026-09-24
2007-09-06,8.878583908081055,26.040000915527344,25.440000534057617,26.135000228881836,25.15999984741211,27065600,VALE,Factor,2026-09-24
2007-09-07,8.639910697937012,25.34000015258789,25.165000915527344,25.655000686645508,24.850000381469727,24937200,VALE,Factor,2026-09-24
2007-09-10,8.592177391052246,25.200000762939453,25.5049991607666,25.815000534057617,24.375,34545000,VALE,Factor,2026-09-24
2007-09-11,8.933135986328125,26.200000762939453,25.774999618530273,26.325000762939453,25.575000762939453,22332000,VALE,Factor,2026-09-24
2007-09-12,9.043949127197266,26.524999618530273,26.200000762939453,26.75,26.149999618530273,25027600,VALE,Factor,2026-09-24
2007-09-13,9.376382827758789,27.5,26.989999771118164,27.8799991607666,26.829999923706055,20690400,VALE,Factor,2026-09-24
2007-09-14,9.291141510009766,27.25,27.479999542236328,27.75,26.799999237060547,19829800,VALE,Factor,2026-09-24
2007-09-17,9.178629875183105,26.920000076293945,26.780000686645508,27.100000381469727,26.65999984741211,12930500,VALE,Factor,2026-09-24
2007-09-18,10.092395782470703,29.600000381469727,27.65999984741211,29.700000762939453,27.489999771118164,29404000,VALE,Factor,2026-09-24
2007-09-19,10.163999557495117,29.809999465942383,30.510000228881836,30.729999542236328,29.3700008392334,31529700,VALE,Factor,2026-09-24
2007-09-20,10.17763900756836,29.850000381469727,29.889999389648438,30.350000381469727,29.579999923706055,19821400,VALE,Factor,2026-09-24
2007-09-21,10.382216453552246,30.450000762939453,30.450000762939453,30.600000381469727,30.09000015258789,15512900,VALE,Factor,2026-09-24
2007-09-24,10.828873634338379,31.760000228881836,31.209999084472656,31.81999969482422,30.829999923706055,21133900,VALE,Factor,2026-09-24
2007-09-25,10.924341201782227,32.040000915527344,31.18000030517578,32.040000915527344,30.81999969482422,18395600,VALE,Factor,2026-09-24
2007-09-26,11.244839668273926,32.97999954223633,32.7599983215332,33.08000183105469,32.150001525878906,23511100,VALE,Factor,2026-09-24
2007-09-27,11.585801124572754,33.97999954223633,33.220001220703125,34.27000045776367,32.91999816894531,22759800,VALE,Factor,2026-09-24
2007-09-28,11.568753242492676,33.93000030517578,34.599998474121094,34.61000061035156,33.5,26909100,VALE,Factor,2026-09-24
2007-10-01,12.322273254394531,36.13999938964844,34.43000030517578,36.150001525878906,34.29999923706055,29630500,VALE,Factor,2026-09-24
2007-10-02,12.087008476257324,35.45000076293945,36.220001220703125,36.220001220703125,34.54999923706055,33596100,VALE,Factor,2026-09-24
2007-10-03,11.012989044189453,32.29999923706055,34.709999084472656,34.95000076293945,32.209999084472656,48317300,VALE,Factor,2026-09-24
2007-10-04,10.927749633789062,32.04999923706055,32.68000030517578,33.459999084472656,31.520000457763672,39607000,VALE,Factor,2026-09-24
2007-10-05,11.442597389221191,33.560001373291016,32.959999084472656,34.18000030517578,32.650001525878906,27435600,VALE,Factor,2026-09-24
2007-10-08,11.343719482421875,33.27000045776367,33.0,33.400001525878906,32.41999816894531,19233800,VALE,Factor,2026-09-24
2007-10-09,11.711955070495605,34.349998474121094,33.41999816894531,34.779998779296875,33.40999984741211,22812000,VALE,Factor,2026-09-24
2007-10-10,11.677861213684082,34.25,34.4900016784668,35.11000061035156,33.88999938964844,25165700,VALE,Factor,2026-09-24
2007-10-11,11.626715660095215,34.099998474121094,35.0,35.599998474121094,33.20000076293945,29618400,VALE,Factor,2026-09-24
2007-10-12,12.24726390838623,35.91999816894531,33.95000076293945,36.04999923706055,33.709999084472656,20970100,VALE,Factor,2026-09-24
2007-10-15,12.001770973205566,35.20000076293945,35.540000915527344,36.0,34.599998474121094,19178600,VALE,Factor,2026-09-24
2007-10-16,11.671039581298828,34.22999954223633,34.58000183105469,34.68000030517578,33.45000076293945,23684900,VALE,Factor,2026-09-24
2007-10-17,11.817655563354492,34.65999984741211,34.91999816894531,35.08000183105469,33.79999923706055,25229400,VALE,Factor,2026-09-24
2007-10-18,12.100648880004883,35.4900016784668,34.20000076293945,35.5,34.15999984741211,15569500,VALE,Factor,2026-09-24
2007-10-19,11.395215034484863,33.2599983215332,35.439998626708984,35.45000076293945,32.86000061035156,27364100,VALE,Factor,2026-09-24
2007-10-22,11.213630676269531,32.72999954223633,31.969999313354492,33.029998779296875,31.0,30479600,VALE,Factor,2026-09-24
2007-10-23,11.635045051574707,33.959999084472656,33.63999938964844,33.97999954223633,33.11000061035156,20883700,VALE,Factor,2026-09-24
2007-10-24,11.244468688964844,32.81999969482422,33.52000045776367,33.68000030517578,32.209999084472656,30641200,VALE,Factor,2026-09-24
2007-10-25,11.474017143249512,33.4900016784668,33.380001068115234,33.88999938964844,32.83000183105469,22233000,VALE,Factor,2026-09-24
2007-10-26,12.1626615524292,35.5,34.619998931884766,35.849998474121094,34.25,24648300,VALE,Factor,2026-09-24
2007-10-29,12.734822273254395,37.16999816894531,36.290000915527344,37.65999984741211,36.15999984741211,24013600,VALE,Factor,2026-09-24
2007-10-30,12.4949951171875,36.470001220703125,36.810001373291016,37.27000045776367,36.36000061035156,23583600,VALE,Factor,2026-09-24
2007-10-31,12.909549713134766,37.68000030517578,37.29999923706055,38.290000915527344,36.58000183105469,25347300,VALE,Factor,2026-09-24
2007-11-01,12.48128890991211,36.43000030517578,36.79999923706055,37.18000030517578,36.0,27849800,VALE,Factor,2026-09-24
2007-11-02,12.464157104492188,36.380001068115234,37.0,37.18000030517578,35.5099983215332,20042300,VALE,Factor,2026-09-24
2007-11-05,12.17636489868164,35.540000915527344,35.20000076293945,35.84000015258789,34.790000915527344,21060400,VALE,Factor,2026-09-24
2007-11-06,12.933536529541016,37.75,36.63999938964844,37.81999969482422,36.400001525878906,22073000,VALE,Factor,2026-09-24
2007-11-07,12.27914810180664,35.84000015258789,37.380001068115234,37.650001525878906,35.689998626708984,21818000,VALE,Factor,2026-09-24
2007-11-08,12.662870407104492,36.959999084472656,37.7599983215332,38.31999969482422,35.22999954223633,37654400,VALE,Factor,2026-09-24
2007-11-09,12.231186866760254,35.70000076293945,36.119998931884766,37.25,35.59000015258789,27357800,VALE,Factor,2026-09-24
2007-11-12,11.254744529724121,32.849998474121094,35.75,35.77000045776367,32.59000015258789,33036800,VALE,Factor,2026-09-24
2007-11-13,12.080431938171387,35.2599983215332,34.0,35.31999969482422,33.59000015258789,24255500,VALE,Factor,2026-09-24
2007-11-14,12.241460800170898,35.72999954223633,36.29999923706055,36.869998931884766,35.15999984741211,22288300,VALE,Factor,2026-09-24
2007-11-15,11.820054054260254,34.5,35.709999084472656,35.709999084472656,33.65999984741211,20332600,VALE,Factor,2026-09-24
2007-11-16,12.128402709960938,35.400001525878906,35.709999084472656,36.040000915527344,34.779998779296875,22395400,VALE,Factor,2026-09-24
2007-11-19,11.525410652160645,33.63999938964844,35.209999084472656,35.2599983215332,33.25,28456400,VALE,Factor,2026-09-24
2007-11-20,11.525410652160645,33.63999938964844,34.02000045776367,34.939998626708984,32.459999084472656,25163100,VALE,Factor,2026-09-24
2007-11-21,11.110849380493164,32.43000030517578,32.630001068115234,32.849998474121094,31.079999923706055,31411100,VALE,Factor,2026-09-24
2007-11-23,11.155386924743652,32.560001373291016,33.0,33.189998626708984,32.400001525878906,12275500,VALE,Factor,2026-09-24
2007-11-26,10.620917320251465,31.0,32.970001220703125,33.599998474121094,30.100000381469727,36298500,VALE,Factor,2026-09-24
2007-11-27,10.689437866210938,31.200000762939453,31.149999618530273,31.899999618530273,29.899999618530273,31658800,VALE,Factor,2026-09-24
2007-11-28,11.638469696044922,33.970001220703125,32.58000183105469,34.0,32.58000183105469,26828700,VALE,Factor,2026-09-24
2007-11-29,11.772088050842285,34.36000061035156,34.40999984741211,35.349998474121094,33.709999084472656,25895700,VALE,Factor,2026-09-24
2007-11-30,11.847461700439453,34.58000183105469,35.95000076293945,35.95000076293945,34.29999923706055,21179400,VALE,Factor,2026-09-24
2007-12-03,11.957097053527832,34.900001525878906,34.810001373291016,35.029998779296875,34.20000076293945,13571700,VALE,Factor,2026-09-24
2007-12-04,11.792641639709473,34.41999816894531,34.2400016784668,34.720001220703125,34.0,13000600,VALE,Factor,2026-09-24
2007-12-05,12.179793357849121,35.54999923706055,35.41999816894531,35.84000015258789,35.0099983215332,21828600,VALE,Factor,2026-09-24
2007-12-06,12.512125968933105,36.52000045776367,35.599998474121094,36.84000015258789,35.349998474121094,20613300,VALE,Factor,2026-09-24
2007-12-07,12.50527286529541,36.5,36.56999969482422,36.619998931884766,35.880001068115234,15721700,VALE,Factor,2026-09-24
2007-12-10,12.395636558532715,36.18000030517578,36.029998779296875,36.52000045776367,35.720001220703125,14520800,VALE,Factor,2026-09-24
2007-12-11,11.778938293457031,34.380001068115234,36.29999923706055,36.77000045776367,34.209999084472656,23260800,VALE,Factor,2026-09-24
2007-12-12,11.957097053527832,34.900001525878906,35.900001525878906,36.20000076293945,34.06999969482422,21143800,VALE,Factor,2026-09-24
2007-12-13,11.508275032043457,33.59000015258789,33.93000030517578,34.150001525878906,32.79999923706055,28854800,VALE,Factor,2026-09-24
2007-12-14,11.271873474121094,32.900001525878906,32.47999954223633,33.099998474121094,32.43000030517578,25830700,VALE,Factor,2026-09-24
2007-12-17,10.641469955444336,31.059999465942383,32.13999938964844,32.13999938964844,30.559999465942383,23094200,VALE,Factor,2026-09-24
2007-12-18,10.884723663330078,31.770000457763672,32.060001373291016,32.45000076293945,30.6200008392334,20866200,VALE,Factor,2026-09-24
2007-12-19,10.939542770385742,31.93000030517578,32.08000183105469,32.5,31.770000457763672,13327000,VALE,Factor,2026-09-24
2007-12-20,11.121126174926758,32.459999084472656,32.880001068115234,33.02000045776367,32.130001068115234,16844000,VALE,Factor,2026-09-24
2007-12-21,11.408921241760254,33.29999923706055,33.060001373291016,33.63999938964844,32.95000076293945,15335300,VALE,Factor,2026-09-24
2007-12-24,11.60763168334961,33.880001068115234,33.77000045776367,34.15999984741211,33.5099983215332,4419200,VALE,Factor,2026-09-24
2007-12-26,11.73782730102539,34.2599983215332,33.869998931884766,34.4900016784668,33.40999984741211,8240700,VALE,Factor,2026-09-24
2007-12-27,11.515130043029785,33.61000061035156,34.040000915527344,34.369998931884766,33.5099983215332,10489300,VALE,Factor,2026-09-24
2007-12-28,11.436327934265137,33.380001068115234,33.77000045776367,34.040000915527344,33.36000061035156,8645700,VALE,Factor,2026-09-24
2007-12-31,11.193071365356445,32.66999816894531,33.029998779296875,33.040000915527344,32.41999816894531,7935800,VALE,Factor,2026-09-24
2008-01-02,11.20677661895752,32.709999084472656,33.380001068115234,33.45000076293945,32.45000076293945,12307300,VALE,Factor,2026-09-24
2008-01-03,11.336970329284668,33.09000015258789,33.040000915527344,33.54999923706055,32.79999923706055,10542100,VALE,Factor,2026-09-24
2008-01-04,10.881299018859863,31.760000228881836,32.5,32.709999084472656,31.399999618530273,21463700,VALE,Factor,2026-09-24
2008-01-07,10.80250072479248,31.530000686645508,31.65999984741211,32.06999969482422,30.100000381469727,28644400,VALE,Factor,2026-09-24
2008-01-08,10.699715614318848,31.229999542236328,32.06999969482422,32.630001068115234,30.8700008392334,22818300,VALE,Factor,2026-09-24
2008-01-09,10.75796127319336,31.399999618530273,31.420000076293945,31.799999237060547,30.6299991607666,29498300,VALE,Factor,2026-09-24
2008-01-10,11.155386924743652,32.560001373291016,32.029998779296875,33.16999816894531,31.0,29703800,VALE,Factor,2026-09-24
2008-01-11,10.96352767944336,32.0,32.2400016784668,32.540000915527344,31.549999237060547,20281500,VALE,Factor,2026-09-24
2008-01-14,11.06631088256836,32.29999923706055,32.11000061035156,32.7599983215332,31.959999084472656,16775700,VALE,Factor,2026-09-24
2008-01-15,10.638044357299805,31.049999237060547,31.56999969482422,32.02000045776367,30.510000228881836,26625800,VALE,Factor,2026-09-24
2008-01-16,9.93569564819336,29.0,30.209999084472656,30.489999771118164,28.020000457763672,50144400,VALE,Factor,2026-09-24
2008-01-17,9.692442893981934,28.290000915527344,30.0,30.200000762939453,27.700000762939453,44157000,VALE,Factor,2026-09-24
2008-01-18,9.877450942993164,28.829999923706055,29.219999313354492,29.459999084472656,27.700000762939453,37409100,VALE,Factor,2026-09-24
2008-01-22,9.19908618927002,26.850000381469727,25.68000030517578,27.530000686645508,25.200000762939453,60436000,VALE,Factor,2026-09-24
2008-01-23,9.103151321411133,26.56999969482422,25.639999389648438,27.1200008392334,24.0,54841100,VALE,Factor,2026-09-24
2008-01-24,9.702720642089844,28.31999969482422,27.399999618530273,28.610000610351562,27.030000686645508,39790900,VALE,Factor,2026-09-24
2008-01-25,9.493727684020996,27.709999084472656,29.18000030517578,29.43000030517578,27.299999237060547,27061400,VALE,Factor,2026-09-24
2008-01-28,9.52456283569336,27.799999237060547,27.350000381469727,28.280000686645508,26.440000534057617,27563700,VALE,Factor,2026-09-24
2008-01-29,9.836339950561523,28.709999084472656,28.809999465942383,29.309999465942383,28.100000381469727,22393200,VALE,Factor,2026-09-24
2008-01-30,9.98708724975586,29.149999618530273,28.790000915527344,30.0,28.229999542236328,28028400,VALE,Factor,2026-09-24
2008-01-31,10.281734466552734,30.010000228881836,28.200000762939453,30.40999984741211,27.649999618530273,33207400,VALE,Factor,2026-09-24
2008-02-01,10.83676528930664,31.6299991607666,30.790000915527344,31.770000457763672,30.600000381469727,34775300,VALE,Factor,2026-09-24
2008-02-04,10.72712230682373,31.309999465942383,31.920000076293945,32.25,30.90999984741211,16539300,VALE,Factor,2026-09-24
2008-02-05,10.172096252441406,29.690000534057617,31.0,31.209999084472656,29.540000915527344,24071300,VALE,Factor,2026-09-24
2008-02-06,10.264601707458496,29.959999084472656,30.5,31.200000762939453,29.799999237060547,23884600,VALE,Factor,2026-09-24
2008-02-07,10.237195014953613,29.8799991607666,29.75,30.469999313354492,29.049999237060547,31315500,VALE,Factor,2026-09-24
2008-02-08,10.398218154907227,30.350000381469727,29.969999313354492,30.780000686645508,29.850000381469727,19198400,VALE,Factor,2026-09-24
2008-02-11,10.93269157409668,31.90999984741211,30.829999923706055,32.25,30.34000015258789,22653900,VALE,Factor,2026-09-24
2008-02-12,10.96352767944336,32.0,32.70000076293945,33.220001220703125,31.40999984741211,28849600,VALE,Factor,2026-09-24
2008-02-13,11.196501731872559,32.68000030517578,32.5,32.790000915527344,31.75,22045400,VALE,Factor,2026-09-24
2008-02-14,11.035478591918945,32.209999084472656,32.95000076293945,32.97999954223633,32.150001525878906,19295100,VALE,Factor,2026-09-24
2008-02-15,10.973806381225586,32.029998779296875,31.6299991607666,32.029998779296875,31.010000228881836,19562900,VALE,Factor,2026-09-24
2008-02-19,11.477437019348145,33.5,33.95000076293945,34.369998931884766,33.349998474121094,32278700,VALE,Factor,2026-09-24
2008-02-20,12.008489608764648,35.04999923706055,32.95000076293945,35.04999923706055,32.7599983215332,30465700,VALE,Factor,2026-09-24
2008-02-21,11.919407844543457,34.790000915527344,35.689998626708984,35.790000915527344,34.529998779296875,22019000,VALE,Factor,2026-09-24
2008-02-22,12.207199096679688,35.630001068115234,35.47999954223633,35.630001068115234,34.209999084472656,21703300,VALE,Factor,2026-09-24
2008-02-25,12.23803424835205,35.720001220703125,35.540000915527344,35.95000076293945,35.119998931884766,19528900,VALE,Factor,2026-09-24
2008-02-26,12.40591812133789,36.209999084472656,35.5099983215332,36.40999984741211,35.290000915527344,19587300,VALE,Factor,2026-09-24
2008-02-27,12.55666446685791,36.650001525878906,36.09000015258789,36.880001068115234,35.93000030517578,21502400,VALE,Factor,2026-09-24
2008-02-28,12.751951217651367,37.220001220703125,36.40999984741211,37.540000915527344,36.40999984741211,22274300,VALE,Factor,2026-09-24
2008-02-29,11.936539649963379,34.84000015258789,36.7599983215332,36.84000015258789,34.540000915527344,31201800,VALE,Factor,2026-09-24
2008-03-03,11.991354942321777,35.0,34.5099983215332,35.290000915527344,33.93000030517578,24967200,VALE,Factor,2026-09-24
2008-03-04,11.635045051574707,33.959999084472656,34.599998474121094,35.25,33.349998474121094,25294500,VALE,Factor,2026-09-24
2008-03-05,12.131832122802734,35.40999984741211,34.7400016784668,35.619998931884766,34.41999816894531,19720800,VALE,Factor,2026-09-24
2008-03-06,11.686432838439941,34.11000061035156,35.40999984741211,35.560001373291016,33.95000076293945,21776800,VALE,Factor,2026-09-24
2008-03-07,11.35410213470459,33.13999938964844,33.349998474121094,34.099998474121094,32.97999954223633,19619700,VALE,Factor,2026-09-24
2008-03-10,10.85046672821045,31.670000076293945,33.13999938964844,33.13999938964844,31.389999389648438,24080900,VALE,Factor,2026-09-24
2008-03-11,11.494569778442383,33.54999923706055,32.86000061035156,33.599998474121094,32.119998931884766,23202900,VALE,Factor,2026-09-24
2008-03-12,11.727545738220215,34.22999954223633,33.939998626708984,34.779998779296875,33.70000076293945,22173600,VALE,Factor,2026-09-24
2008-03-13,11.710416793823242,34.18000030517578,33.209999084472656,34.45000076293945,32.5099983215332,23910100,VALE,Factor,2026-09-24
2008-03-14,11.587078094482422,33.81999969482422,34.97999954223633,35.060001373291016,33.0,28076300,VALE,Factor,2026-09-24
2008-03-17,11.01834487915039,32.15999984741211,32.0,33.310001373291016,31.450000762939453,31097200,VALE,Factor,2026-09-24
2008-03-18,11.587078094482422,33.81999969482422,33.20000076293945,33.900001525878906,32.52000045776367,22225700,VALE,Factor,2026-09-24
2008-03-19,10.638044357299805,31.049999237060547,33.4900016784668,33.56999969482422,31.0,33165600,VALE,Factor,2026-09-24
2008-03-20,10.562673568725586,30.829999923706055,30.25,31.030000686645508,29.6200008392334,33109700,VALE,Factor,2026-09-24
2008-03-24,10.877873420715332,31.75,31.260000228881836,32.41999816894531,31.25,23137900,VALE,Factor,2026-09-24
2008-03-25,11.309557914733887,33.0099983215332,32.529998779296875,33.2400016784668,32.099998474121094,26326900,VALE,Factor,2026-09-24
2008-03-26,11.88172435760498,34.68000030517578,34.56999969482422,34.810001373291016,33.900001525878906,34555400,VALE,Factor,2026-09-24
2008-03-27,11.748106002807617,34.290000915527344,35.09000015258789,35.220001220703125,34.189998626708984,24240200,VALE,Factor,2026-09-24
2008-03-28,11.700141906738281,34.150001525878906,34.36000061035156,34.5099983215332,33.630001068115234,18150600,VALE,Factor,2026-09-24
2008-03-31,11.868019104003906,34.63999938964844,34.06999969482422,34.939998626708984,34.0099983215332,19505100,VALE,Factor,2026-09-24
2008-04-01,12.135251998901367,35.41999816894531,34.599998474121094,35.54999923706055,34.15999984741211,22165200,VALE,Factor,2026-09-24
2008-04-02,12.196922302246094,35.599998474121094,35.52000045776367,35.810001373291016,34.79999923706055,21181800,VALE,Factor,2026-09-24
2008-04-03,12.316837310791016,35.95000076293945,35.08000183105469,36.349998474121094,35.060001373291016,23876900,VALE,Factor,2026-09-24
2008-04-04,12.563519477844238,36.66999816894531,35.959999084472656,36.95000076293945,35.79999923706055,27974600,VALE,Factor,2026-09-24
2008-04-07,12.597776412963867,36.77000045776367,37.130001068115234,38.459999084472656,36.33000183105469,33502500,VALE,Factor,2026-09-24
2008-04-08,12.721120834350586,37.130001068115234,36.38999938964844,37.72999954223633,35.97999954223633,25773200,VALE,Factor,2026-09-24
2008-04-09,12.55666446685791,36.650001525878906,37.2400016784668,37.290000915527344,36.09000015258789,19276800,VALE,Factor,2026-09-24
2008-04-10,12.457308769226074,36.36000061035156,36.43000030517578,36.5,35.529998779296875,18487100,VALE,Factor,2026-09-24
2008-04-11,12.36034107208252,35.81999969482422,35.689998626708984,36.439998626708984,35.56999969482422,17105000,VALE,Factor,2026-09-24
2008-04-14,12.218867301940918,35.40999984741211,35.400001525878906,35.68000030517578,34.93000030517578,14238100,VALE,Factor,2026-09-24
2008-04-15,12.45005989074707,36.08000183105469,35.7599983215332,36.29999923706055,35.65999984741211,15528900,VALE,Factor,2026-09-24
2008-04-16,13.071179389953613,37.880001068115234,36.939998626708984,37.9900016784668,36.689998626708984,25975300,VALE,Factor,2026-09-24
2008-04-17,13.105690002441406,37.97999954223633,37.41999816894531,38.150001525878906,37.16999816894531,19132800,VALE,Factor,2026-09-24
2008-04-18,13.08843994140625,37.93000030517578,37.599998474121094,38.0,37.040000915527344,20565500,VALE,Factor,2026-09-24
2008-04-21,13.543931007385254,39.25,38.08000183105469,39.720001220703125,38.0,19933100,VALE,Factor,2026-09-24
2008-04-22,13.654352188110352,39.56999969482422,38.779998779296875,40.380001068115234,38.75,32659000,VALE,Factor,2026-09-24
2008-04-23,13.537027359008789,39.22999954223633,39.470001220703125,39.79999923706055,38.77000045776367,20787100,VALE,Factor,2026-09-24
2008-04-24,12.881399154663086,37.33000183105469,39.0,39.0,37.33000183105469,28779700,VALE,Factor,2026-09-24
2008-04-25,13.08498477935791,37.91999816894531,37.25,38.0,36.709999084472656,29787800,VALE,Factor,2026-09-24
2008-04-28,13.119490623474121,38.02000045776367,37.970001220703125,38.47999954223633,37.779998779296875,15132900,VALE,Factor,2026-09-24
2008-04-29,12.712310791015625,36.84000015258789,37.56999969482422,37.56999969482422,36.630001068115234,17474300,VALE,Factor,2026-09-24
2008-04-30,13.48526668548584,39.08000183105469,37.150001525878906,39.540000915527344,36.83000183105469,30199300,VALE,Factor,2026-09-24
2008-05-01,13.20576286315918,38.27000045776367,39.060001373291016,39.900001525878906,37.5099983215332,23935800,VALE,Factor,2026-09-24
2008-05-02,13.771671295166016,39.90999984741211,39.93000030517578,40.040000915527344,39.29999923706055,26074900,VALE,Factor,2026-09-24
2008-05-05,13.909700393676758,40.310001373291016,39.70000076293945,40.599998474121094,39.70000076293945,18105600,VALE,Factor,2026-09-24
2008-05-06,14.113297462463379,40.900001525878906,40.08000183105469,41.02000045776367,39.900001525878906,18747700,VALE,Factor,2026-09-24
2008-05-07,13.478363037109375,39.060001373291016,40.83000183105469,41.04999923706055,38.91999816894531,24834500,VALE,Factor,2026-09-24
2008-05-08,13.806175231933594,40.0099983215332,39.599998474121094,40.18000030517578,39.400001525878906,20243500,VALE,Factor,2026-09-24
2008-05-09,13.657800674438477,39.58000183105469,39.58000183105469,39.689998626708984,38.95000076293945,16878800,VALE,Factor,2026-09-24
2008-05-12,14.00286865234375,40.58000183105469,39.79999923706055,40.65999984741211,39.22999954223633,16443300,VALE,Factor,2026-09-24
2008-05-13,14.11673641204834,40.90999984741211,40.779998779296875,41.11000061035156,40.2599983215332,14371800,VALE,Factor,2026-09-24
2008-05-14,13.975265502929688,40.5,41.09000015258789,41.959999084472656,40.31999969482422,23833000,VALE,Factor,2026-09-24
2008-05-15,14.561880111694336,42.20000076293945,40.849998474121094,42.20000076293945,40.849998474121094,22639100,VALE,Factor,2026-09-24
2008-05-16,15.151947021484375,43.90999984741211,42.79999923706055,43.93000030517578,42.599998474121094,21282200,VALE,Factor,2026-09-24
2008-05-19,14.996664047241211,43.459999084472656,44.13999938964844,44.150001525878906,43.040000915527344,21833800,VALE,Factor,2026-09-24
2008-05-20,14.965606689453125,43.369998931884766,42.599998474121094,43.5,41.779998779296875,24757700,VALE,Factor,2026-09-24
2008-05-21,14.416951179504395,41.779998779296875,43.29999923706055,43.470001220703125,41.70000076293945,25185100,VALE,Factor,2026-09-24
2008-05-22,14.299626350402832,41.439998626708984,42.27000045776367,42.95000076293945,41.08000183105469,17486500,VALE,Factor,2026-09-24
2008-05-23,14.151244163513184,41.0099983215332,41.400001525878906,41.470001220703125,40.5,20859900,VALE,Factor,2026-09-24
2008-05-27,13.678504943847656,39.63999938964844,40.63999938964844,40.63999938964844,39.060001373291016,25818000,VALE,Factor,2026-09-24
2008-05-28,14.030473709106445,40.65999984741211,39.72999954223633,40.869998931884766,38.880001068115234,29207600,VALE,Factor,2026-09-24
2008-05-29,13.650897979736328,39.560001373291016,40.650001525878906,40.790000915527344,39.31999969482422,28952300,VALE,Factor,2026-09-24
2008-05-30,13.726811408996582,39.779998779296875,39.75,40.900001525878906,39.560001373291016,21804800,VALE,Factor,2026-09-24
2008-06-02,13.778578758239746,39.93000030517578,39.790000915527344,40.79999923706055,39.52000045776367,22266100,VALE,Factor,2026-09-24
2008-06-03,13.29202938079834,38.52000045776367,39.849998474121094,39.849998474121094,38.0099983215332,30757600,VALE,Factor,2026-09-24
2008-06-04,12.84688949584961,37.22999954223633,37.900001525878906,38.22999954223633,37.04999923706055,26497000,VALE,Factor,2026-09-24
2008-06-05,13.357587814331055,38.709999084472656,37.599998474121094,38.7599983215332,37.400001525878906,27793800,VALE,Factor,2026-09-24
2008-06-06,12.919356346130371,37.439998626708984,38.849998474121094,38.900001525878906,37.29999923706055,28734400,VALE,Factor,2026-09-24
2008-06-09,12.705413818359375,36.81999969482422,37.45000076293945,37.47999954223633,35.97999954223633,34022900,VALE,Factor,2026-09-24
2008-06-10,12.163657188415527,35.25,35.65999984741211,36.08000183105469,34.18000030517578,45908500,VALE,Factor,2026-09-24
2008-06-11,11.884147644042969,34.439998626708984,34.86000061035156,35.290000915527344,34.31999969482422,37425400,VALE,Factor,2026-09-24
2008-06-12,11.91175651550293,34.52000045776367,34.95000076293945,35.189998626708984,34.130001068115234,34260400,VALE,Factor,2026-09-24
2008-06-13,11.929008483886719,34.56999969482422,34.7599983215332,35.09000015258789,34.060001373291016,33030200,VALE,Factor,2026-09-24
2008-06-16,12.022172927856445,34.84000015258789,34.279998779296875,35.2599983215332,34.0,20531800,VALE,Factor,2026-09-24
2008-06-17,12.48456859588623,36.18000030517578,35.79999923706055,36.58000183105469,35.540000915527344,31079100,VALE,Factor,2026-09-24
2008-06-18,12.432806968688965,36.029998779296875,36.16999816894531,36.529998779296875,35.619998931884766,24723700,VALE,Factor,2026-09-24
2008-06-19,12.45005989074707,36.08000183105469,36.369998931884766,36.5099983215332,35.619998931884766,22027000,VALE,Factor,2026-09-24
2008-06-20,12.011823654174805,34.810001373291016,35.900001525878906,36.040000915527344,34.65999984741211,24852500,VALE,Factor,2026-09-24
2008-06-23,12.098092079162598,35.060001373291016,34.959999084472656,35.40999984741211,34.2599983215332,23065700,VALE,Factor,2026-09-24
2008-06-24,12.30858039855957,35.66999816894531,34.9900016784668,36.45000076293945,34.709999084472656,27308700,VALE,Factor,2026-09-24
2008-06-25,12.6571044921875,36.68000030517578,35.90999984741211,37.4900016784668,35.59000015258789,29643100,VALE,Factor,2026-09-24
2008-06-26,12.260276794433594,35.529998779296875,36.29999923706055,36.5,35.08000183105469,31409800,VALE,Factor,2026-09-24
2008-06-27,12.243021011352539,35.47999954223633,35.11000061035156,35.900001525878906,34.90999984741211,19708700,VALE,Factor,2026-09-24
2008-06-30,12.36034107208252,35.81999969482422,35.54999923706055,36.290000915527344,35.54999923706055,17197600,VALE,Factor,2026-09-24
2008-07-01,11.904852867126465,34.5,34.68000030517578,35.0099983215332,33.54999923706055,38033900,VALE,Factor,2026-09-24
2008-07-02,11.156055450439453,32.33000183105469,34.689998626708984,34.97999954223633,32.189998626708984,40494600,VALE,Factor,2026-09-24
2008-07-03,11.069790840148926,32.08000183105469,32.279998779296875,32.75,31.3799991607666,27162300,VALE,Factor,2026-09-24
2008-07-07,11.13535213470459,32.27000045776367,32.52000045776367,33.5,31.81999969482422,33893000,VALE,Factor,2026-09-24
2008-07-08,11.014575958251953,31.920000076293945,31.93000030517578,32.2400016784668,30.739999771118164,32870500,VALE,Factor,2026-09-24
2008-07-09,10.590144157409668,30.690000534057617,32.310001373291016,32.400001525878906,30.489999771118164,33265300,VALE,Factor,2026-09-24
2008-07-10,10.876550674438477,31.520000457763672,31.020000457763672,32.02000045776367,30.579999923706055,36579800,VALE,Factor,2026-09-24
2008-07-11,10.873098373413086,31.510000228881836,31.399999618530273,32.18000030517578,31.010000228881836,26963200,VALE,Factor,2026-09-24
2008-07-14,10.95591926574707,31.75,32.20000076293945,32.29999923706055,31.75,24362900,VALE,Factor,2026-09-24
2008-07-15,10.804084777832031,31.309999465942383,31.350000381469727,32.0,30.600000381469727,42360300,VALE,Factor,2026-09-24
2008-07-16,10.576338768005371,30.649999618530273,31.010000228881836,31.079999923706055,30.350000381469727,46188800,VALE,Factor,2026-09-24
2008-07-17,9.993172645568848,28.959999084472656,29.8700008392334,29.950000762939453,28.260000228881836,93514900,VALE,Factor,2026-09-24
2008-07-18,10.051835060119629,29.1299991607666,28.75,29.68000030517578,28.639999389648438,39293500,VALE,Factor,2026-09-24
2008-07-21,10.317538261413574,29.899999618530273,29.59000015258789,29.950000762939453,29.299999237060547,28930800,VALE,Factor,2026-09-24
2008-07-22,10.086344718933105,29.229999542236328,29.639999389648438,29.899999618530273,28.850000381469727,30632400,VALE,Factor,2026-09-24
2008-07-23,9.955221176147461,28.850000381469727,29.010000228881836,29.700000762939453,28.790000915527344,26096600,VALE,Factor,2026-09-24
2008-07-24,9.541135787963867,27.649999618530273,29.200000762939453,29.34000015258789,27.360000610351562,46474300,VALE,Factor,2026-09-24
2008-07-25,9.5859956741333,27.780000686645508,27.010000228881836,28.5,26.280000686645508,32708700,VALE,Factor,2026-09-24
2008-07-28,9.623954772949219,27.889999389648438,28.299999237060547,28.469999313354492,27.790000915527344,24820600,VALE,Factor,2026-09-24
2008-07-29,9.789584159851074,28.3700008392334,28.559999465942383,28.670000076293945,28.18000030517578,26460300,VALE,Factor,2026-09-24
2008-07-30,10.597043991088867,30.709999084472656,29.5,30.790000915527344,29.15999984741211,39688500,VALE,Factor,2026-09-24
2008-07-31,10.362396240234375,30.030000686645508,30.68000030517578,30.700000762939453,29.700000762939453,25130200,VALE,Factor,2026-09-24
2008-08-01,9.758528709411621,28.280000686645508,29.479999542236328,29.559999465942383,28.010000228881836,33416800,VALE,Factor,2026-09-24
2008-08-04,9.09599781036377,26.360000610351562,27.520000457763672,27.610000610351562,26.100000381469727,40366500,VALE,Factor,2026-09-24
2008-08-05,9.026983261108398,26.15999984741211,26.459999084472656,26.8799991607666,25.639999389648438,40809200,VALE,Factor,2026-09-24
2008-08-06,9.206418991088867,26.68000030517578,26.559999465942383,27.09000015258789,26.360000610351562,29533000,VALE,Factor,2026-09-24
2008-08-07,9.113251686096191,26.40999984741211,27.0,27.0,26.15999984741211,28316100,VALE,Factor,2026-09-24
2008-08-08,8.885506629943848,25.75,25.700000762939453,26.139999389648438,25.440000534057617,22342100,VALE,Factor,2026-09-24
2008-08-11,8.543889999389648,24.760000228881836,25.760000228881836,25.950000762939453,24.5,39736900,VALE,Factor,2026-09-24
2008-08-12,8.495576858520508,24.6200008392334,24.5,25.200000762939453,24.440000534057617,36504200,VALE,Factor,2026-09-24
2008-08-13,8.940715789794922,25.90999984741211,24.56999969482422,26.079999923706055,24.510000228881836,37848500,VALE,Factor,2026-09-24
2008-08-14,8.944170951843262,25.920000076293945,26.40999984741211,26.68000030517578,25.860000610351562,31706300,VALE,Factor,2026-09-24
2008-08-15,8.744028091430664,25.34000015258789,25.790000915527344,25.93000030517578,24.959999084472656,20980500,VALE,Factor,2026-09-24
2008-08-18,8.561141014099121,24.809999465942383,25.6299991607666,25.850000381469727,24.510000228881836,21253300,VALE,Factor,2026-09-24
2008-08-19,8.768182754516602,25.40999984741211,24.010000228881836,25.760000228881836,23.899999618530273,25028500,VALE,Factor,2026-09-24
2008-08-20,9.282334327697754,26.899999618530273,26.25,26.959999084472656,26.040000915527344,31623200,VALE,Factor,2026-09-24
2008-08-21,9.47557258605957,27.459999084472656,27.5,27.75,27.260000228881836,24986300,VALE,Factor,2026-09-24
2008-08-22,9.189164161682129,26.6299991607666,27.649999618530273,27.649999618530273,26.31999969482422,23172100,VALE,Factor,2026-09-24
2008-08-25,8.96832275390625,25.989999771118164,26.739999771118164,26.8700008392334,25.739999771118164,19311100,VALE,Factor,2026-09-24
2008-08-26,8.944170951843262,25.920000076293945,25.709999084472656,26.1200008392334,25.579999923706055,13037600,VALE,Factor,2026-09-24
2008-08-27,9.227123260498047,26.739999771118164,26.260000228881836,26.8799991607666,26.020000457763672,17968300,VALE,Factor,2026-09-24
2008-08-28,9.282334327697754,26.899999618530273,27.31999969482422,27.440000534057617,26.3700008392334,16470300,VALE,Factor,2026-09-24
2008-08-29,9.1615629196167,26.549999237060547,26.8700008392334,27.059999465942383,26.40999984741211,11853300,VALE,Factor,2026-09-24
2008-09-02,8.706071853637695,25.229999542236328,25.450000762939453,25.649999618530273,24.8799991607666,27967400,VALE,Factor,2026-09-24
2008-09-03,8.623254776000977,24.989999771118164,25.610000610351562,26.280000686645508,24.489999771118164,39457500,VALE,Factor,2026-09-24
2008-09-04,8.133259773254395,23.56999969482422,24.8700008392334,25.079999923706055,23.040000915527344,40018700,VALE,Factor,2026-09-24
2008-09-05,8.116003036499023,23.520000457763672,23.010000228881836,23.719999313354492,22.229999542236328,44440700,VALE,Factor,2026-09-24
2008-09-08,7.843400478363037,22.729999542236328,24.65999984741211,24.770000457763672,22.540000915527344,40302100,VALE,Factor,2026-09-24
2008-09-09,7.232629299163818,20.959999084472656,21.950000762939453,22.450000762939453,20.84000015258789,50239800,VALE,Factor,2026-09-24
2008-09-10,7.619106769561768,22.079999923706055,21.3799991607666,22.59000015258789,20.850000381469727,49244600,VALE,Factor,2026-09-24
2008-09-11,7.898611545562744,22.889999389648438,21.100000381469727,22.889999389648438,20.959999084472656,50320000,VALE,Factor,2026-09-24
2008-09-12,8.371352195739746,24.260000228881836,23.1200008392334,24.260000228881836,22.780000686645508,37231700,VALE,Factor,2026-09-24
2008-09-15,7.429317951202393,21.530000686645508,22.260000228881836,23.1299991607666,21.440000534057617,37905500,VALE,Factor,2026-09-24
2008-09-16,7.6432600021362305,22.149999618530273,20.170000076293945,22.290000915527344,19.790000915527344,48020700,VALE,Factor,2026-09-24
2008-09-17,6.794391632080078,19.690000534057617,21.399999618530273,21.469999313354492,19.270000457763672,59331700,VALE,Factor,2026-09-24
2008-09-18,7.094601631164551,20.559999465942383,20.270000457763672,21.389999389648438,19.06999969482422,54683900,VALE,Factor,2026-09-24
2008-09-19,8.198820114135742,23.760000228881836,23.06999969482422,25.479999542236328,22.440000534057617,45750400,VALE,Factor,2026-09-24
2008-09-22,8.11945629119873,23.530000686645508,24.0,24.149999618530273,23.229999542236328,40090000,VALE,Factor,2026-09-24
2008-09-23,7.318896770477295,21.209999084472656,22.81999969482422,23.100000381469727,20.790000915527344,46874300,VALE,Factor,2026-09-24
2008-09-24,7.29819393157959,21.149999618530273,21.559999465942383,21.600000381469727,20.850000381469727,29350200,VALE,Factor,2026-09-24
2008-09-25,7.681219577789307,22.260000228881836,21.959999084472656,22.479999542236328,21.459999084472656,36709000,VALE,Factor,2026-09-24
2008-09-26,7.208475589752197,20.889999389648438,21.270000457763672,21.280000686645508,20.260000228881836,51167700,VALE,Factor,2026-09-24
2008-09-29,5.762639999389648,16.700000762939453,19.190000534057617,19.399999618530273,16.5,57642600,VALE,Factor,2026-09-24
2008-09-30,6.608055114746094,19.149999618530273,17.959999084472656,19.149999618530273,17.940000534057617,40556900,VALE,Factor,2026-09-24
2008-10-01,6.421720504760742,18.610000610351562,18.959999084472656,19.010000228881836,17.559999465942383,38641500,VALE,Factor,2026-09-24
2008-10-02,5.462429046630859,15.829999923706055,17.850000381469727,18.0,15.710000038146973,66239500,VALE,Factor,2026-09-24
2008-10-03,5.441725254058838,15.770000457763672,16.329999923706055,17.309999465942383,15.470000267028809,65342400,VALE,Factor,2026-09-24
2008-10-06,4.989686965942383,14.460000038146973,13.430000305175781,14.640000343322754,11.859999656677246,121264600,VALE,Factor,2026-09-24
2008-10-07,4.306451797485352,12.479999542236328,14.390000343322754,14.75,12.350000381469727,85102100,VALE,Factor,2026-09-24
2008-10-08,4.39271879196167,12.729999542236328,11.09000015258789,13.859999656677246,10.75,89338600,VALE,Factor,2026-09-24
2008-10-09,4.206380844116211,12.1899995803833,13.680000305175781,14.399999618530273,11.829999923706055,77668000,VALE,Factor,2026-09-24
2008-10-10,4.161523818969727,12.0600004196167,11.010000228881836,12.710000038146973,10.5,72235900,VALE,Factor,2026-09-24
2008-10-13,5.34510612487793,15.489999771118164,13.850000381469727,15.489999771118164,12.989999771118164,54926700,VALE,Factor,2026-09-24
2008-10-14,5.044896602630615,14.619999885559082,16.56999969482422,16.959999084472656,14.010000228881836,83206200,VALE,Factor,2026-09-24
2008-10-15,3.8440611362457275,11.140000343322754,13.649999618530273,13.649999618530273,11.140000343322754,88619300,VALE,Factor,2026-09-24
2008-10-16,4.0165934562683105,11.640000343322754,11.470000267028809,11.949999809265137,10.1899995803833,81975700,VALE,Factor,2026-09-24
2008-10-17,4.237437725067139,12.279999732971191,12.010000228881836,13.130000114440918,11.529999732971191,67627400,VALE,Factor,2026-09-24
2008-10-20,4.765391826629639,13.8100004196167,12.699999809265137,13.9399995803833,12.699999809265137,52560200,VALE,Factor,2026-09-24
2008-10-21,4.628855228424072,13.119999885559082,12.699999809265137,13.609999656677246,12.569999694824219,61790800,VALE,Factor,2026-09-24
2008-10-22,3.9585180282592773,11.220000267028809,11.819999694824219,12.25,10.510000228881836,58855600,VALE,Factor,2026-09-24
2008-10-23,4.039663314819336,11.449999809265137,10.899999618530273,12.109999656677246,10.529999732971191,51833900,VALE,Factor,2026-09-24
2008-10-24,3.7044942378997803,10.5,10.0,11.369999885559082,9.989999771118164,54191300,VALE,Factor,2026-09-24
2008-10-27,3.5668997764587402,10.109999656677246,10.5,10.739999771118164,10.010000228881836,41055800,VALE,Factor,2026-09-24
2008-10-28,4.16314697265625,11.800000190734863,10.850000381469727,11.829999923706055,10.279999732971191,53500700,VALE,Factor,2026-09-24
2008-10-29,4.381889343261719,12.420000076293945,11.739999771118164,12.960000038146973,11.680000305175781,58042200,VALE,Factor,2026-09-24
2008-10-30,4.678247928619385,13.260000228881836,12.899999618530273,13.449999809265137,12.75,64809800,VALE,Factor,2026-09-24
2008-10-31,4.628855228424072,13.119999885559082,12.90999984741211,13.399999618530273,12.25,52220700,VALE,Factor,2026-09-24
2008-11-03,4.720584869384766,13.380000114440918,13.079999923706055,13.720000267028809,12.970000267028809,31393400,VALE,Factor,2026-09-24
2008-11-04,5.327416896820068,15.100000381469727,14.220000267028809,15.149999618530273,14.069999694824219,37288300,VALE,Factor,2026-09-24
2008-11-05,4.5089006423950195,12.779999732971191,14.399999618530273,14.779999732971191,12.760000228881836,44193700,VALE,Factor,2026-09-24
2008-11-06,4.226651668548584,11.979999542236328,12.699999809265137,12.8100004196167,11.819999694824219,43042700,VALE,Factor,2026-09-24
2008-11-07,4.498317241668701,12.75,12.65999984741211,13.039999961853027,12.119999885559082,33322200,VALE,Factor,2026-09-24
2008-11-10,4.593574523925781,13.020000457763672,13.609999656677246,13.84000015258789,12.529999732971191,32427000,VALE,Factor,2026-09-24
2008-11-11,4.367775917053223,12.380000114440918,12.329999923706055,13.0,12.029999732971191,31076700,VALE,Factor,2026-09-24
2008-11-12,3.9444048404693604,11.180000305175781,11.979999542236328,12.079999923706055,11.050000190734863,34843500,VALE,Factor,2026-09-24
2008-11-13,4.470089435577393,12.670000076293945,11.529999732971191,12.6899995803833,10.550000190734863,50968600,VALE,Factor,2026-09-24
2008-11-14,4.046721458435059,11.470000267028809,11.880000114440918,12.279999732971191,11.390000343322754,32722300,VALE,Factor,2026-09-24
2008-11-17,3.9937992095947266,11.319999694824219,11.40999984741211,12.079999923706055,11.0600004196167,28442800,VALE,Factor,2026-09-24
2008-11-18,3.912651777267456,11.09000015258789,11.34000015258789,11.579999923706055,10.680000305175781,25978600,VALE,Factor,2026-09-24
2008-11-19,3.5351476669311523,10.020000457763672,10.779999732971191,11.09000015258789,10.0,29416600,VALE,Factor,2026-09-24
2008-11-20,3.104719400405884,8.800000190734863,9.770000457763672,10.229999542236328,8.800000190734863,42815800,VALE,Factor,2026-09-24
2008-11-21,3.538675546646118,10.029999732971191,9.770000457763672,10.050000190734863,9.09000015258789,40109800,VALE,Factor,2026-09-24
2008-11-24,3.9620463848114014,11.229999542236328,10.329999923706055,11.699999809265137,10.260000228881836,37640300,VALE,Factor,2026-09-24
2008-11-25,4.036135196685791,11.4399995803833,12.0,12.029999732971191,10.920000076293945,31567500,VALE,Factor,2026-09-24
2008-11-26,4.42775297164917,12.550000190734863,11.229999542236328,12.609999656677246,11.149999618530273,38223300,VALE,Factor,2026-09-24
2008-11-28,4.212540626525879,11.9399995803833,12.130000114440918,12.25,11.649999618530273,12006500,VALE,Factor,2026-09-24
2008-12-01,3.690382480621338,10.460000038146973,10.989999771118164,11.109999656677246,10.399999618530273,24660500,VALE,Factor,2026-09-24
2008-12-02,3.722134590148926,10.550000190734863,10.680000305175781,10.760000228881836,10.029999732971191,24567200,VALE,Factor,2026-09-24
2008-12-03,3.5774834156036377,10.140000343322754,10.0,10.430000305175781,9.609999656677246,35031300,VALE,Factor,2026-09-24
2008-12-04,3.4046072959899902,9.649999618530273,9.829999923706055,10.180000305175781,9.369999885559082,26382300,VALE,Factor,2026-09-24
2008-12-05,3.4645845890045166,9.819999694824219,9.039999961853027,9.899999618530273,8.8100004196167,42007500,VALE,Factor,2026-09-24
2008-12-08,3.764472246170044,10.670000076293945,10.130000114440918,10.9399995803833,10.100000381469727,44509900,VALE,Factor,2026-09-24
2008-12-09,3.8209216594696045,10.829999923706055,10.380000114440918,11.130000114440918,10.260000228881836,33922600,VALE,Factor,2026-09-24
2008-12-10,4.251348972320557,12.050000190734863,11.180000305175781,12.130000114440918,11.15999984741211,50022200,VALE,Factor,2026-09-24
2008-12-11,4.216068267822266,11.949999809265137,11.979999542236328,12.949999809265137,11.6899995803833,43783000,VALE,Factor,2026-09-24
2008-12-12,4.209011554718018,11.930000305175781,11.510000228881836,12.020000457763672,11.350000381469727,31894600,VALE,Factor,2026-09-24
2008-12-15,4.230180263519287,11.989999771118164,12.100000381469727,12.460000038146973,11.819999694824219,27013900,VALE,Factor,2026-09-24
2008-12-16,4.787618637084961,13.569999694824219,12.15999984741211,13.649999618530273,12.100000381469727,42399900,VALE,Factor,2026-09-24
2008-12-17,4.5618205070495605,12.930000305175781,12.710000038146973,13.180000305175781,12.640000343322754,37285500,VALE,Factor,2026-09-24
2008-12-18,4.226651668548584,11.979999542236328,13.079999923706055,13.079999923706055,11.75,37713700,VALE,Factor,2026-09-24
2008-12-19,4.23370885848999,12.0,12.119999885559082,12.529999732971191,11.850000381469727,24832700,VALE,Factor,2026-09-24
2008-12-22,4.000855445861816,11.34000015258789,11.979999542236328,12.09000015258789,11.0600004196167,21448100,VALE,Factor,2026-09-24
2008-12-23,3.930293321609497,11.140000343322754,11.359999656677246,11.699999809265137,11.029999732971191,21903600,VALE,Factor,2026-09-24
2008-12-24,3.9796855449676514,11.279999732971191,11.350000381469727,11.350000381469727,11.119999885559082,5794600,VALE,Factor,2026-09-24
2008-12-26,4.057305335998535,11.5,11.210000038146973,11.539999961853027,10.90999984741211,8978900,VALE,Factor,2026-09-24
2008-12-29,3.965574264526367,11.239999771118164,11.550000190734863,11.619999885559082,10.930000305175781,13954500,VALE,Factor,2026-09-24
2008-12-30,4.173731803894043,11.829999923706055,11.609999656677246,11.890000343322754,11.430000305175781,14082700,VALE,Factor,2026-09-24
2008-12-31,4.272518157958984,12.109999656677246,11.829999923706055,12.289999961853027,11.649999618530273,11674800,VALE,Factor,2026-09-24
2009-01-02,4.653552055358887,13.1899995803833,12.220000267028809,13.380000114440918,12.149999618530273,26118500,VALE,Factor,2026-09-24
2009-01-05,4.974607944488525,14.100000381469727,13.050000190734863,14.779999732971191,13.039999961853027,58189000,VALE,Factor,2026-09-24
2009-01-06,5.330945014953613,15.109999656677246,15.010000228881836,15.25,14.6899995803833,46697900,VALE,Factor,2026-09-24
2009-01-07,4.826428413391113,13.680000305175781,14.40999984741211,14.529999732971191,13.430000305175781,31307400,VALE,Factor,2026-09-24
2009-01-08,4.956966876983643,14.050000190734863,13.600000381469727,14.109999656677246,13.25,34575000,VALE,Factor,2026-09-24
2009-01-09,4.893463134765625,13.869999885559082,14.510000228881836,14.5600004196167,13.460000038146973,25613000,VALE,Factor,2026-09-24
2009-01-12,4.498317241668701,12.75,13.529999732971191,13.539999961853027,12.550000190734863,32195600,VALE,Factor,2026-09-24
2009-01-13,4.6076860427856445,13.0600004196167,12.550000190734863,13.380000114440918,12.550000190734863,27240800,VALE,Factor,2026-09-24
2009-01-14,4.254878997802734,12.0600004196167,12.489999771118164,12.609999656677246,11.84000015258789,40725600,VALE,Factor,2026-09-24
2009-01-15,4.445393085479736,12.600000381469727,12.239999771118164,12.699999809265137,11.5,44490300,VALE,Factor,2026-09-24
2009-01-16,4.57240629196167,12.960000038146973,13.119999885559082,13.300000190734863,12.390000343322754,34092500,VALE,Factor,2026-09-24
2009-01-20,4.198427677154541,11.899999618530273,12.65999984741211,12.75,11.800000190734863,27807000,VALE,Factor,2026-09-24
2009-01-21,4.5441813468933105,12.880000114440918,12.369999885559082,12.90999984741211,11.979999542236328,29175800,VALE,Factor,2026-09-24
2009-01-22,4.494786739349365,12.739999771118164,12.350000381469727,12.850000381469727,12.010000228881836,37971100,VALE,Factor,2026-09-24
2009-01-23,4.59710168838501,13.029999732971191,12.229999542236328,13.239999771118164,12.109999656677246,37906400,VALE,Factor,2026-09-24
2009-01-26,4.6429667472839355,13.15999984741211,13.199999809265137,13.710000038146973,13.050000190734863,32605700,VALE,Factor,2026-09-24
2009-01-27,4.90051794052124,13.890000343322754,13.319999694824219,14.0,13.319999694824219,48960800,VALE,Factor,2026-09-24
2009-01-28,5.278022289276123,14.960000038146973,14.390000343322754,15.15999984741211,14.279999732971191,54823900,VALE,Factor,2026-09-24
2009-01-29,5.076922416687012,14.390000343322754,14.579999923706055,14.720000267028809,14.199999809265137,33395400,VALE,Factor,2026-09-24
2009-01-30,4.9781365394592285,14.109999656677246,14.390000343322754,14.649999618530273,13.869999885559082,37436000,VALE,Factor,2026-09-24
2009-02-02,4.9675517082214355,14.079999923706055,13.630000114440918,14.359999656677246,13.470000267028809,30191500,VALE,Factor,2026-09-24
2009-02-03,5.203934669494629,14.75,14.15999984741211,14.970000267028809,14.100000381469727,43455300,VALE,Factor,2026-09-24
2009-02-04,5.475597381591797,15.520000457763672,15.260000228881836,16.329999923706055,15.25,68429900,VALE,Factor,2026-09-24
2009-02-05,5.76137113571167,16.329999923706055,15.4399995803833,16.479999542236328,15.319999694824219,61465300,VALE,Factor,2026-09-24
2009-02-06,6.24472188949585,17.700000762939453,16.399999618530273,17.850000381469727,16.34000015258789,72902100,VALE,Factor,2026-09-24
2009-02-09,5.98716926574707,16.969999313354492,17.6299991607666,17.84000015258789,16.520000457763672,62821200,VALE,Factor,2026-09-24
2009-02-10,5.570855140686035,15.789999961853027,16.510000228881836,16.729999542236328,15.569999694824219,72599200,VALE,Factor,2026-09-24
2009-02-11,5.546159744262695,15.720000267028809,16.200000762939453,16.520000457763672,15.229999542236328,48762800,VALE,Factor,2026-09-24
2009-02-12,5.556743144989014,15.75,15.010000228881836,15.819999694824219,14.890000343322754,50027100,VALE,Factor,2026-09-24
2009-02-13,5.680225372314453,16.100000381469727,15.670000076293945,16.200000762939453,15.539999961853027,37312000,VALE,Factor,2026-09-24
2009-02-17,5.16512393951416,14.640000343322754,15.270000457763672,15.279999732971191,14.59000015258789,49477000,VALE,Factor,2026-09-24
2009-02-18,5.193350791931152,14.720000267028809,14.899999618530273,14.930000305175781,14.220000267028809,47329500,VALE,Factor,2026-09-24
2009-02-19,5.193350791931152,14.720000267028809,15.220000267028809,15.460000038146973,14.59000015258789,35560100,VALE,Factor,2026-09-24
2009-02-20,4.7982025146484375,13.600000381469727,13.890000343322754,13.949999809265137,13.220000267028809,80031000,VALE,Factor,2026-09-24
2009-02-23,4.23370885848999,12.0,13.5600004196167,13.6899995803833,11.880000114440918,58749800,VALE,Factor,2026-09-24
2009-02-24,4.5618205070495605,12.930000305175781,12.229999542236328,13.020000457763672,11.850000381469727,48334100,VALE,Factor,2026-09-24
2009-02-25,4.533596992492676,12.850000381469727,12.9399995803833,13.109999656677246,12.260000228881836,41354200,VALE,Factor,2026-09-24
2009-02-26,4.565349102020264,12.9399995803833,13.210000038146973,13.579999923706055,12.899999618530273,41085600,VALE,Factor,2026-09-24
2009-02-27,4.547708988189697,12.890000343322754,12.5,13.149999618530273,12.430000305175781,43478800,VALE,Factor,2026-09-24
2009-03-02,4.212540626525879,11.9399995803833,12.449999809265137,12.510000228881836,11.819999694824219,43632200,VALE,Factor,2026-09-24
2009-03-03,4.328967571258545,12.270000457763672,12.149999618530273,12.619999885559082,11.859999656677246,42029900,VALE,Factor,2026-09-24
2009-03-04,4.8617095947265625,13.779999732971191,13.119999885559082,14.0600004196167,13.079999923706055,65075800,VALE,Factor,2026-09-24
2009-03-05,4.632383346557617,13.130000114440918,13.09000015258789,13.529999732971191,12.8100004196167,49112900,VALE,Factor,2026-09-24
2009-03-06,4.523012638092041,12.819999694824219,13.449999809265137,13.6899995803833,12.420000076293945,50970900,VALE,Factor,2026-09-24
2009-03-09,4.417169570922852,12.520000457763672,12.449999809265137,12.949999809265137,12.399999618530273,25037200,VALE,Factor,2026-09-24
2009-03-10,4.815844535827637,13.649999618530273,12.960000038146973,13.720000267028809,12.930000305175781,44307500,VALE,Factor,2026-09-24
2009-03-11,4.844069480895996,13.729999542236328,13.880000114440918,13.949999809265137,13.449999809265137,44830200,VALE,Factor,2026-09-24
2009-03-12,4.8899335861206055,13.859999656677246,13.6899995803833,13.930000305175781,13.130000114440918,36667900,VALE,Factor,2026-09-24
2009-03-13,4.75939416885376,13.489999771118164,13.979999542236328,14.0600004196167,13.1899995803833,32411000,VALE,Factor,2026-09-24
2009-03-16,4.7452802658081055,13.449999809265137,13.6899995803833,14.199999809265137,13.399999618530273,29160700,VALE,Factor,2026-09-24
2009-03-17,4.865236759185791,13.789999961853027,13.220000267028809,13.819999694824219,13.0600004196167,34994200,VALE,Factor,2026-09-24
2009-03-18,4.886406421661377,13.850000381469727,13.609999656677246,14.199999809265137,12.9399995803833,58338100,VALE,Factor,2026-09-24
2009-03-19,4.988719463348389,14.140000343322754,14.34000015258789,14.5,13.930000305175781,47892000,VALE,Factor,2026-09-24
2009-03-20,4.914630889892578,13.930000305175781,14.100000381469727,14.220000267028809,13.829999923706055,30147500,VALE,Factor,2026-09-24
2009-03-23,5.278022289276123,14.960000038146973,14.350000381469727,14.960000038146973,14.319999694824219,33908500,VALE,Factor,2026-09-24
2009-03-24,5.055755615234375,14.329999923706055,14.4399995803833,14.699999809265137,14.199999809265137,36636800,VALE,Factor,2026-09-24
2009-03-25,5.073393821716309,14.380000114440918,14.4399995803833,14.829999923706055,14.050000190734863,38971800,VALE,Factor,2026-09-24
2009-03-26,5.242741584777832,14.859999656677246,14.720000267028809,14.960000038146973,14.479999542236328,33761100,VALE,Factor,2026-09-24
2009-03-27,4.9675517082214355,14.079999923706055,14.289999961853027,14.369999885559082,13.949999809265137,35148700,VALE,Factor,2026-09-24
2009-03-30,4.604158401489258,13.050000190734863,13.529999732971191,13.5600004196167,12.90999984741211,43593700,VALE,Factor,2026-09-24
2009-03-31,4.692360877990723,13.300000190734863,13.460000038146973,13.739999771118164,13.149999618530273,30274300,VALE,Factor,2026-09-24
2009-04-01,4.875821113586426,13.819999694824219,13.1899995803833,13.859999656677246,13.100000381469727,24848100,VALE,Factor,2026-09-24
2009-04-02,5.295663833618164,15.010000228881836,14.65999984741211,15.289999961853027,14.5600004196167,48306100,VALE,Factor,2026-09-24
2009-04-03,5.41209077835083,15.34000015258789,15.100000381469727,15.5,14.949999809265137,32427600,VALE,Factor,2026-09-24
2009-04-06,5.263912677764893,14.920000076293945,15.039999961853027,15.100000381469727,14.600000381469727,27741600,VALE,Factor,2026-09-24
2009-04-07,5.098092079162598,14.449999809265137,14.619999885559082,14.770000457763672,14.430000305175781,32942700,VALE,Factor,2026-09-24
2009-04-08,5.207461357116699,14.760000228881836,14.8100004196167,14.949999809265137,14.510000228881836,24062200,VALE,Factor,2026-09-24
2009-04-09,5.634362697601318,15.970000267028809,15.390000343322754,16.0,15.270000457763672,34501400,VALE,Factor,2026-09-24
2009-04-13,5.775484085083008,16.3700008392334,15.739999771118164,16.68000030517578,15.729999542236328,33379600,VALE,Factor,2026-09-24
2009-04-14,5.694337368011475,16.139999389648438,16.309999465942383,16.770000457763672,16.06999969482422,33832300,VALE,Factor,2026-09-24
2009-04-15,5.740201950073242,16.270000457763672,16.010000228881836,16.360000610351562,15.949999809265137,24312700,VALE,Factor,2026-09-24
2009-04-16,5.85479211807251,16.350000381469727,16.5,16.670000076293945,16.06999969482422,32462700,VALE,Factor,2026-09-24
2009-04-17,5.761689186096191,16.09000015258789,16.31999969482422,16.399999618530273,15.970000267028809,26279200,VALE,Factor,2026-09-24
2009-04-20,5.342723846435547,14.920000076293945,15.609999656677246,15.609999656677246,14.920000076293945,31536400,VALE,Factor,2026-09-24
2009-04-21,5.478797912597656,15.300000190734863,14.699999809265137,15.529999732971191,14.579999923706055,27410200,VALE,Factor,2026-09-24
2009-04-22,5.539672374725342,15.470000267028809,15.220000267028809,15.930000305175781,15.15999984741211,33807400,VALE,Factor,2026-09-24
2009-04-23,5.686490535736084,15.880000114440918,15.710000038146973,16.030000686645508,15.619999885559082,29100400,VALE,Factor,2026-09-24
2009-04-24,5.883440017700195,16.43000030517578,16.239999771118164,16.610000610351562,16.149999618530273,28561300,VALE,Factor,2026-09-24
2009-04-27,5.629197120666504,15.720000267028809,16.0,16.149999618530273,15.600000381469727,24503000,VALE,Factor,2026-09-24
2009-04-28,5.575481414794922,15.569999694824219,15.4399995803833,15.699999809265137,15.300000190734863,23286500,VALE,Factor,2026-09-24
2009-04-29,5.750946521759033,16.059999465942383,15.75,16.25,15.710000038146973,22460000,VALE,Factor,2026-09-24
2009-04-30,5.912087440490723,16.510000228881836,16.270000457763672,16.790000915527344,16.25,44452500,VALE,Factor,2026-09-24
2009-05-01,6.237949848175049,17.420000076293945,16.549999237060547,17.68000030517578,16.520000457763672,37187300,VALE,Factor,2026-09-24
2009-05-04,6.689146995544434,18.68000030517578,17.510000228881836,18.8700008392334,17.270000457763672,40590200,VALE,Factor,2026-09-24
2009-05-05,6.696308612823486,18.700000762939453,19.0,19.049999237060547,18.280000686645508,26989000,VALE,Factor,2026-09-24
2009-05-06,6.818058490753174,19.040000915527344,18.90999984741211,19.299999237060547,18.81999969482422,30931800,VALE,Factor,2026-09-24
2009-05-07,6.5602335929870605,18.31999969482422,19.100000381469727,19.299999237060547,17.979999542236328,36155100,VALE,Factor,2026-09-24
2009-05-08,6.735697269439697,18.809999465942383,18.790000915527344,19.030000686645508,18.270000457763672,29249500,VALE,Factor,2026-09-24
2009-05-11,6.782249927520752,18.940000534057617,18.479999542236328,19.309999465942383,18.270000457763672,33618700,VALE,Factor,2026-09-24
2009-05-12,6.596041202545166,18.420000076293945,19.25,19.290000915527344,18.149999618530273,39345200,VALE,Factor,2026-09-24
2009-05-13,6.216466903686523,17.360000610351562,17.75,17.790000915527344,17.100000381469727,44884000,VALE,Factor,2026-09-24
2009-05-14,6.309568405151367,17.6200008392334,17.3799991607666,17.770000457763672,17.229999542236328,31189500,VALE,Factor,2026-09-24
2009-05-15,6.2200446128845215,17.3700008392334,17.719999313354492,17.950000762939453,17.170000076293945,25090300,VALE,Factor,2026-09-24
2009-05-18,6.739277362823486,18.81999969482422,17.729999542236328,18.989999771118164,17.649999618530273,33000200,VALE,Factor,2026-09-24
2009-05-19,6.94338846206665,19.389999389648438,18.860000610351562,19.780000686645508,18.75,30962100,VALE,Factor,2026-09-24
2009-05-20,6.964874267578125,19.450000762939453,19.75,20.510000228881836,19.31999969482422,35957300,VALE,Factor,2026-09-24
2009-05-21,6.685564994812012,18.670000076293945,18.950000762939453,19.0,18.229999542236328,35494900,VALE,Factor,2026-09-24
2009-05-22,6.703469753265381,18.719999313354492,18.790000915527344,18.90999984741211,18.459999084472656,21589000,VALE,Factor,2026-09-24
2009-05-26,6.896839618682861,19.260000228881836,18.40999984741211,19.389999389648438,18.15999984741211,24398400,VALE,Factor,2026-09-24
2009-05-27,6.717792510986328,18.760000228881836,19.40999984741211,19.600000381469727,18.700000762939453,28664000,VALE,Factor,2026-09-24
2009-05-28,6.94338846206665,19.389999389648438,19.030000686645508,19.469999313354492,18.739999771118164,23254100,VALE,Factor,2026-09-24
2009-05-29,6.857446193695068,19.149999618530273,19.899999618530273,19.989999771118164,19.059999465942383,30867600,VALE,Factor,2026-09-24
2009-06-01,7.319386959075928,20.440000534057617,20.100000381469727,20.639999389648438,20.010000228881836,30647800,VALE,Factor,2026-09-24
2009-06-02,7.186892986297607,20.06999969482422,20.280000686645508,20.3700008392334,19.780000686645508,33783200,VALE,Factor,2026-09-24
2009-06-03,6.714211940765381,18.75,19.530000686645508,19.639999389648438,18.56999969482422,30858400,VALE,Factor,2026-09-24
2009-06-04,6.936230182647705,19.3700008392334,18.649999618530273,19.719999313354492,18.459999084472656,26515200,VALE,Factor,2026-09-24
2009-06-05,6.982781410217285,19.5,20.040000915527344,20.170000076293945,19.229999542236328,34011100,VALE,Factor,2026-09-24
2009-06-08,7.007845878601074,19.56999969482422,19.030000686645508,19.739999771118164,18.790000915527344,27101900,VALE,Factor,2026-09-24
2009-06-09,7.0866289138793945,19.790000915527344,19.959999084472656,20.079999923706055,19.399999618530273,28486900,VALE,Factor,2026-09-24
2009-06-10,7.122435092926025,19.889999389648438,20.260000228881836,20.309999465942383,19.459999084472656,30938800,VALE,Factor,2026-09-24
2009-06-11,7.459040641784668,20.829999923706055,19.969999313354492,21.270000457763672,19.920000076293945,40268300,VALE,Factor,2026-09-24
2009-06-12,7.183312892913818,20.059999465942383,20.18000030517578,20.360000610351562,19.799999237060547,32392200,VALE,Factor,2026-09-24
2009-06-15,6.889676094055176,19.239999771118164,19.549999237060547,19.600000381469727,18.920000076293945,31679500,VALE,Factor,2026-09-24
2009-06-16,6.73211669921875,18.799999237060547,19.639999389648438,19.729999542236328,18.649999618530273,34136700,VALE,Factor,2026-09-24
2009-06-17,6.660499572753906,18.600000381469727,18.610000610351562,18.920000076293945,18.1299991607666,31874600,VALE,Factor,2026-09-24
2009-06-18,6.624690055847168,18.5,18.649999618530273,18.90999984741211,18.31999969482422,23251000,VALE,Factor,2026-09-24
2009-06-19,6.639012336730957,18.540000915527344,18.809999465942383,19.0,18.450000762939453,18916200,VALE,Factor,2026-09-24
2009-06-22,6.0803914070129395,16.979999542236328,17.950000762939453,17.989999771118164,16.969999313354492,41811900,VALE,Factor,2026-09-24
2009-06-23,6.288082122802734,17.559999465942383,17.149999618530273,17.709999084472656,16.899999618530273,26105400,VALE,Factor,2026-09-24
2009-06-24,6.234369277954102,17.40999984741211,17.8799991607666,18.1200008392334,17.139999389648438,32539000,VALE,Factor,2026-09-24
2009-06-25,6.474290370941162,18.079999923706055,17.280000686645508,18.110000610351562,16.989999771118164,34852100,VALE,Factor,2026-09-24
2009-06-26,6.395508766174316,17.860000610351562,18.049999237060547,18.15999984741211,17.75,21853700,VALE,Factor,2026-09-24
2009-06-29,6.381186485290527,17.81999969482422,17.950000762939453,18.049999237060547,17.639999389648438,20239400,VALE,Factor,2026-09-24
2009-06-30,6.313148498535156,17.6299991607666,17.93000030517578,18.030000686645508,17.280000686645508,29713500,VALE,Factor,2026-09-24
2009-07-01,6.413414478302002,17.90999984741211,17.950000762939453,18.3700008392334,17.809999465942383,24064900,VALE,Factor,2026-09-24
2009-07-02,6.248693943023682,17.450000762939453,17.43000030517578,17.770000457763672,16.440000534057617,24833600,VALE,Factor,2026-09-24
2009-07-06,6.130523681640625,17.1200008392334,16.899999618530273,17.15999984741211,16.68000030517578,27258500,VALE,Factor,2026-09-24
2009-07-07,5.686490535736084,15.880000114440918,16.8799991607666,16.989999771118164,15.859999656677246,51912200,VALE,Factor,2026-09-24
2009-07-08,5.772432804107666,16.1200008392334,16.239999771118164,16.40999984741211,15.579999923706055,51300500,VALE,Factor,2026-09-24
2009-07-09,5.826144695281982,16.270000457763672,16.420000076293945,16.59000015258789,16.110000610351562,24282000,VALE,Factor,2026-09-24
2009-07-10,5.772432804107666,16.1200008392334,15.920000076293945,16.209999084472656,15.84000015258789,18127200,VALE,Factor,2026-09-24
2009-07-13,5.89060115814209,16.450000762939453,16.18000030517578,16.530000686645508,15.710000038146973,27050700,VALE,Factor,2026-09-24
2009-07-14,5.8619537353515625,16.3700008392334,16.610000610351562,16.719999313354492,16.270000457763672,26592100,VALE,Factor,2026-09-24
2009-07-15,6.470709323883057,18.06999969482422,17.079999923706055,18.06999969482422,17.079999923706055,48276000,VALE,Factor,2026-09-24
2009-07-16,6.459966659545898,18.040000915527344,17.790000915527344,18.170000076293945,17.559999465942383,28315100,VALE,Factor,2026-09-24
2009-07-17,6.438480854034424,17.979999542236328,18.200000762939453,18.239999771118164,17.809999465942383,28531000,VALE,Factor,2026-09-24
2009-07-20,6.803734302520752,19.0,18.489999771118164,19.020000457763672,18.479999542236328,30421300,VALE,Factor,2026-09-24
2009-07-21,6.825221061706543,19.059999465942383,19.239999771118164,19.389999389648438,18.6299991607666,27664500,VALE,Factor,2026-09-24
2009-07-22,6.696308612823486,18.700000762939453,18.889999389648438,19.170000076293945,18.6299991607666,31614800,VALE,Factor,2026-09-24
2009-07-23,6.918323040008545,19.31999969482422,18.920000076293945,19.579999923706055,18.81999969482422,31358600,VALE,Factor,2026-09-24
2009-07-24,6.9469709396362305,19.399999618530273,19.25,19.670000076293945,19.15999984741211,20971900,VALE,Factor,2026-09-24
2009-07-27,7.040074825286865,19.65999984741211,19.579999923706055,19.770000457763672,19.309999465942383,19983000,VALE,Factor,2026-09-24
2009-07-28,7.018589496612549,19.600000381469727,19.459999084472656,19.780000686645508,19.200000762939453,29788500,VALE,Factor,2026-09-24
2009-07-29,6.800154685974121,18.989999771118164,19.25,19.25,18.75,29991800,VALE,Factor,2026-09-24
2009-07-30,6.964874267578125,19.450000762939453,19.440000534057617,19.780000686645508,19.420000076293945,31767400,VALE,Factor,2026-09-24
2009-07-31,7.06514310836792,19.729999542236328,19.399999618530273,19.969999313354492,19.329999923706055,23161100,VALE,Factor,2026-09-24
2009-08-03,7.437556743621826,20.770000457763672,20.420000076293945,20.8700008392334,20.299999237060547,28987600,VALE,Factor,2026-09-24
2009-08-04,7.49843168258667,20.940000534057617,20.600000381469727,21.190000534057617,20.540000915527344,29286800,VALE,Factor,2026-09-24
2009-08-05,7.47336483001709,20.8700008392334,20.940000534057617,21.1299991607666,20.360000610351562,23550000,VALE,Factor,2026-09-24
2009-08-06,7.3086419105529785,20.40999984741211,20.950000762939453,21.049999237060547,20.1299991607666,29777300,VALE,Factor,2026-09-24
2009-08-07,7.444716930389404,20.790000915527344,20.790000915527344,21.020000457763672,20.420000076293945,20910200,VALE,Factor,2026-09-24
2009-08-10,7.3372907638549805,20.489999771118164,20.600000381469727,20.670000076293945,20.15999984741211,20492200,VALE,Factor,2026-09-24
2009-08-11,7.165407657623291,20.010000228881836,20.110000610351562,20.200000762939453,19.75,24812000,VALE,Factor,2026-09-24
2009-08-12,7.258512020111084,20.270000457763672,19.950000762939453,20.360000610351562,19.81999969482422,16853600,VALE,Factor,2026-09-24
2009-08-13,7.455462455749512,20.81999969482422,20.649999618530273,20.8799991607666,20.299999237060547,22658200,VALE,Factor,2026-09-24
2009-08-14,7.416071891784668,20.709999084472656,20.989999771118164,21.059999465942383,20.329999923706055,23985500,VALE,Factor,2026-09-24
2009-08-17,7.036492824554443,19.649999618530273,19.969999313354492,19.969999313354492,19.420000076293945,27029300,VALE,Factor,2026-09-24
2009-08-18,7.0866289138793945,19.790000915527344,19.700000762939453,20.0,19.700000762939453,20917900,VALE,Factor,2026-09-24
2009-08-19,7.108114719390869,19.850000381469727,19.309999465942383,20.010000228881836,19.229999542236328,22022700,VALE,Factor,2026-09-24
2009-08-20,7.151084899902344,19.969999313354492,19.899999618530273,20.1200008392334,19.829999923706055,17867700,VALE,Factor,2026-09-24
2009-08-21,7.348034858703613,20.520000457763672,20.360000610351562,20.520000457763672,20.15999984741211,22078000,VALE,Factor,2026-09-24
2009-08-24,7.383843421936035,20.6200008392334,20.93000030517578,21.049999237060547,20.549999237060547,19042300,VALE,Factor,2026-09-24
2009-08-25,7.237024784088135,20.209999084472656,20.729999542236328,20.979999542236328,20.149999618530273,31281200,VALE,Factor,2026-09-24
2009-08-26,7.183312892913818,20.059999465942383,20.1299991607666,20.149999618530273,19.809999465942383,28236600,VALE,Factor,2026-09-24
2009-08-27,7.172570705413818,20.030000686645508,19.989999771118164,20.110000610351562,19.489999771118164,26188900,VALE,Factor,2026-09-24
2009-08-28,7.183312892913818,20.059999465942383,20.219999313354492,20.3799991607666,19.920000076293945,21390600,VALE,Factor,2026-09-24
2009-08-31,6.878931522369385,19.209999084472656,19.639999389648438,19.639999389648438,19.1299991607666,33582700,VALE,Factor,2026-09-24
2009-09-01,6.8431267738342285,19.110000610351562,19.3700008392334,19.969999313354492,19.010000228881836,33279300,VALE,Factor,2026-09-24
2009-09-02,6.893258094787598,19.25,18.969999313354492,19.459999084472656,18.889999389648438,22884000,VALE,Factor,2026-09-24
2009-09-03,6.989943027496338,19.520000457763672,19.440000534057617,19.59000015258789,19.200000762939453,21047000,VALE,Factor,2026-09-24
2009-09-04,7.222701072692871,20.170000076293945,19.700000762939453,20.170000076293945,19.450000762939453,22108400,VALE,Factor,2026-09-24
2009-09-08,7.494852066040039,20.93000030517578,20.799999237060547,20.969999313354492,20.579999923706055,24488500,VALE,Factor,2026-09-24
2009-09-09,7.459040641784668,20.829999923706055,20.940000534057617,21.030000686645508,20.600000381469727,17040900,VALE,Factor,2026-09-24
2009-09-10,7.648830413818359,21.360000610351562,20.899999618530273,21.3799991607666,20.65999984741211,23827100,VALE,Factor,2026-09-24
2009-09-11,7.587952613830566,21.190000534057617,21.459999084472656,21.610000610351562,21.049999237060547,20668700,VALE,Factor,2026-09-24
2009-09-14,7.663155555725098,21.399999618530273,20.760000228881836,21.450000762939453,20.739999771118164,17346600,VALE,Factor,2026-09-24
2009-09-15,7.813552379608154,21.81999969482422,21.40999984741211,22.0,21.219999313354492,32859700,VALE,Factor,2026-09-24
2009-09-16,8.03915023803711,22.450000762939453,22.1299991607666,22.530000686645508,21.93000030517578,30628000,VALE,Factor,2026-09-24
2009-09-17,7.881589889526367,22.010000228881836,22.239999771118164,22.56999969482422,21.93000030517578,24296100,VALE,Factor,2026-09-24
2009-09-18,7.899490833282471,22.059999465942383,22.1200008392334,22.25,21.809999465942383,21513300,VALE,Factor,2026-09-24
2009-09-21,7.974691867828369,22.270000457763672,21.979999542236328,22.31999969482422,21.56999969482422,27033200,VALE,Factor,2026-09-24
2009-09-22,8.336365699768066,23.280000686645508,22.709999084472656,23.450000762939453,22.489999771118164,30432200,VALE,Factor,2026-09-24
2009-09-23,8.239681243896484,23.010000228881836,23.149999618530273,23.579999923706055,23.010000228881836,28469400,VALE,Factor,2026-09-24
2009-09-24,8.042732238769531,22.459999084472656,23.15999984741211,23.209999084472656,22.149999618530273,29345300,VALE,Factor,2026-09-24
2009-09-25,8.07137680053711,22.540000915527344,22.440000534057617,22.729999542236328,22.170000076293945,17351800,VALE,Factor,2026-09-24
2009-09-28,8.239681243896484,23.010000228881836,22.649999618530273,23.079999923706055,22.540000915527344,16521700,VALE,Factor,2026-09-24
2009-09-29,8.196710586547852,22.889999389648438,23.059999465942383,23.15999984741211,22.700000762939453,14647400,VALE,Factor,2026-09-24
2009-09-30,8.282651901245117,23.1299991607666,23.170000076293945,23.450000762939453,22.68000030517578,23951700,VALE,Factor,2026-09-24
2009-10-01,7.985433101654053,22.299999237060547,23.110000610351562,23.25,22.25,21910100,VALE,Factor,2026-09-24
2009-10-02,8.207453727722168,22.920000076293945,21.959999084472656,23.1299991607666,21.90999984741211,29566100,VALE,Factor,2026-09-24
2009-10-05,8.4115629196167,23.489999771118164,23.110000610351562,23.649999618530273,23.049999237060547,18491100,VALE,Factor,2026-09-24
2009-10-06,8.547639846801758,23.8700008392334,23.8700008392334,24.200000762939453,23.440000534057617,23694000,VALE,Factor,2026-09-24
2009-10-07,8.741005897521973,24.40999984741211,23.850000381469727,24.56999969482422,23.649999618530273,27650100,VALE,Factor,2026-09-24
2009-10-08,8.941540718078613,24.969999313354492,24.809999465942383,25.280000686645508,24.56999969482422,35096600,VALE,Factor,2026-09-24
2009-10-09,9.0310640335083,25.219999313354492,24.940000534057617,25.239999771118164,24.829999923706055,19331300,VALE,Factor,2026-09-24
2009-10-12,9.052547454833984,25.280000686645508,25.360000610351562,25.850000381469727,25.040000915527344,16318600,VALE,Factor,2026-09-24
2009-10-13,8.952282905578613,25.0,25.010000228881836,25.209999084472656,24.780000686645508,19213200,VALE,Factor,2026-09-24
2009-10-14,9.557456970214844,26.690000534057617,25.760000228881836,27.0,25.510000228881836,40586900,VALE,Factor,2026-09-24
2009-10-15,9.636237144470215,26.90999984741211,26.639999389648438,27.0,26.450000762939453,28153800,VALE,Factor,2026-09-24
2009-10-16,9.603717803955078,26.579999923706055,26.1200008392334,26.579999923706055,25.850000381469727,27554000,VALE,Factor,2026-09-24
2009-10-19,9.860251426696777,27.290000915527344,26.6200008392334,27.440000534057617,26.520000457763672,20993500,VALE,Factor,2026-09-24
2009-10-20,9.556746482849121,26.450000762939453,26.639999389648438,26.799999237060547,25.489999771118164,44501400,VALE,Factor,2026-09-24
2009-10-21,9.730179786682129,26.93000030517578,26.719999313354492,27.739999771118164,26.530000686645508,33957700,VALE,Factor,2026-09-24
2009-10-22,9.82773208618164,27.200000762939453,27.190000534057617,27.450000762939453,26.600000381469727,26257500,VALE,Factor,2026-09-24
2009-10-23,9.737404823303223,26.950000762939453,27.770000457763672,28.200000762939453,26.860000610351562,28209200,VALE,Factor,2026-09-24
2009-10-26,9.654302597045898,26.719999313354492,27.1200008392334,27.790000915527344,26.450000762939453,24695000,VALE,Factor,2026-09-24
2009-10-27,9.339958190917969,25.850000381469727,26.65999984741211,26.81999969482422,25.780000686645508,31584800,VALE,Factor,2026-09-24
2009-10-28,8.751017570495605,24.219999313354492,25.510000228881836,25.549999237060547,24.06999969482422,37681700,VALE,Factor,2026-09-24
2009-10-29,9.639849662780762,26.68000030517578,25.100000381469727,27.020000457763672,25.010000228881836,42711800,VALE,Factor,2026-09-24
2009-10-30,9.209887504577637,25.489999771118164,26.920000076293945,26.950000762939453,25.09000015258789,41559300,VALE,Factor,2026-09-24
2009-11-02,9.433902740478516,26.110000610351562,25.75,26.600000381469727,25.440000534057617,29495500,VALE,Factor,2026-09-24
2009-11-03,9.625397682189941,26.639999389648438,24.969999313354492,26.760000228881836,24.950000762939453,29271300,VALE,Factor,2026-09-24
2009-11-04,9.701272964477539,26.850000381469727,27.239999771118164,27.549999237060547,26.700000762939453,30024200,VALE,Factor,2026-09-24
2009-11-05,9.954192161560059,27.549999237060547,27.40999984741211,27.639999389648438,27.09000015258789,21174300,VALE,Factor,2026-09-24
2009-11-06,9.932516098022461,27.489999771118164,27.229999542236328,27.6200008392334,27.030000686645508,20163800,VALE,Factor,2026-09-24
2009-11-09,10.311895370483398,28.540000915527344,28.09000015258789,28.979999542236328,28.010000228881836,30795300,VALE,Factor,2026-09-24
2009-11-10,10.221566200256348,28.290000915527344,28.450000762939453,28.790000915527344,27.790000915527344,25815300,VALE,Factor,2026-09-24
2009-11-11,10.13485050201416,28.049999237060547,28.639999389648438,28.739999771118164,27.780000686645508,25199100,VALE,Factor,2026-09-24
2009-11-12,9.798828125,27.1200008392334,27.75,28.100000381469727,26.690000534057617,25780400,VALE,Factor,2026-09-24
2009-11-13,10.037296295166016,27.780000686645508,26.780000686645508,27.860000610351562,26.780000686645508,28395600,VALE,Factor,2026-09-24
2009-11-16,10.366089820861816,28.690000534057617,27.969999313354492,28.90999984741211,27.950000762939453,30593200,VALE,Factor,2026-09-24
2009-11-17,10.52145767211914,29.1200008392334,28.6299991607666,29.209999084472656,28.260000228881836,22686200,VALE,Factor,2026-09-24
2009-11-18,10.39138126373291,28.760000228881836,29.139999389648438,29.329999923706055,28.399999618530273,22131600,VALE,Factor,2026-09-24
2009-11-19,10.275761604309082,28.440000534057617,28.3799991607666,28.59000015258789,27.719999313354492,21098000,VALE,Factor,2026-09-24
2009-11-20,10.18543529510498,28.190000534057617,28.1200008392334,28.34000015258789,27.56999969482422,15703200,VALE,Factor,2026-09-24
2009-11-23,10.34802532196045,28.639999389648438,28.959999084472656,29.09000015258789,28.40999984741211,16781400,VALE,Factor,2026-09-24
2009-11-24,10.416674613952637,28.829999923706055,28.530000686645508,28.93000030517578,28.15999984741211,15918200,VALE,Factor,2026-09-24
2009-11-25,10.669595718383789,29.530000686645508,28.969999313354492,29.729999542236328,28.8799991607666,20477800,VALE,Factor,2026-09-24
2009-11-27,10.423903465270996,28.850000381469727,28.15999984741211,29.170000076293945,28.040000915527344,17530200,VALE,Factor,2026-09-24
2009-11-30,10.358864784240723,28.670000076293945,28.90999984741211,29.06999969482422,28.239999771118164,22121800,VALE,Factor,2026-09-24
2009-12-01,10.615395545959473,29.3799991607666,29.3700008392334,29.81999969482422,29.25,23421200,VALE,Factor,2026-09-24
2009-12-02,10.622624397277832,29.399999618530273,29.479999542236328,29.75,29.200000762939453,22769600,VALE,Factor,2026-09-24
2009-12-03,10.438352584838867,28.889999389648438,29.639999389648438,29.93000030517578,28.75,21500600,VALE,Factor,2026-09-24
2009-12-04,10.196273803710938,28.219999313354492,29.530000686645508,29.729999542236328,28.100000381469727,27002700,VALE,Factor,2026-09-24
2009-12-07,10.192657470703125,28.209999084472656,28.200000762939453,28.6299991607666,27.8700008392334,17698200,VALE,Factor,2026-09-24
2009-12-08,9.928902626037598,27.479999542236328,27.809999465942383,27.8700008392334,27.149999618530273,21746700,VALE,Factor,2026-09-24
2009-12-09,10.12401008605957,28.020000457763672,27.3700008392334,28.06999969482422,27.229999542236328,17741400,VALE,Factor,2026-09-24
2009-12-10,10.203499794006348,28.239999771118164,28.479999542236328,28.700000762939453,27.920000076293945,17155800,VALE,Factor,2026-09-24
2009-12-11,10.32995891571045,28.59000015258789,28.56999969482422,28.690000534057617,28.31999969482422,14593500,VALE,Factor,2026-09-24
2009-12-14,10.550363540649414,29.200000762939453,28.90999984741211,29.270000457763672,28.75,12693000,VALE,Factor,2026-09-24
2009-12-15,10.478096961975098,29.0,28.889999389648438,29.31999969482422,28.8700008392334,10197900,VALE,Factor,2026-09-24
2009-12-16,10.467259407043457,28.969999313354492,29.040000915527344,29.3700008392334,28.8799991607666,15216200,VALE,Factor,2026-09-24
2009-12-17,9.925287246704102,27.469999313354492,28.270000457763672,28.360000610351562,27.34000015258789,22122600,VALE,Factor,2026-09-24
2009-12-18,9.925287246704102,27.469999313354492,27.399999618530273,27.889999389648438,27.1299991607666,23918100,VALE,Factor,2026-09-24
2009-12-21,9.918062210083008,27.450000762939453,27.760000228881836,28.0,27.3700008392334,18001600,VALE,Factor,2026-09-24
2009-12-22,10.127623558044434,28.030000686645508,27.739999771118164,28.139999389648438,27.479999542236328,14012000,VALE,Factor,2026-09-24
2009-12-23,10.308279991149902,28.530000686645508,28.190000534057617,28.959999084472656,28.170000076293945,16947500,VALE,Factor,2026-09-24
2009-12-24,10.45280647277832,28.93000030517578,28.649999618530273,29.09000015258789,28.6299991607666,4732300,VALE,Factor,2026-09-24
2009-12-28,10.492552757263184,29.040000915527344,29.270000457763672,29.440000534057617,28.920000076293945,10694500,VALE,Factor,2026-09-24
2009-12-29,10.38776969909668,28.75,29.219999313354492,29.34000015258789,28.700000762939453,10873000,VALE,Factor,2026-09-24
2009-12-30,10.38415813446045,28.739999771118164,28.6299991607666,29.149999618530273,28.579999923706055,12854900,VALE,Factor,2026-09-24
2009-12-31,10.488936424255371,29.030000686645508,28.850000381469727,29.219999313354492,28.399999618530273,9848200,VALE,Factor,2026-09-24
2010-01-04,10.929738998413086,30.25,29.59000015258789,30.280000686645508,29.530000686645508,19384000,VALE,Factor,2026-09-24
2010-01-05,11.045364379882812,30.56999969482422,30.139999389648438,31.020000457763672,30.09000015258789,24200200,VALE,Factor,2026-09-24
2010-01-06,11.222403526306152,31.059999465942383,30.56999969482422,31.43000030517578,30.459999084472656,24190900,VALE,Factor,2026-09-24
2010-01-07,11.254922866821289,31.149999618530273,31.020000457763672,31.170000076293945,30.56999969482422,16064900,VALE,Factor,2026-09-24
2010-01-08,11.374157905578613,31.479999542236328,31.3799991607666,31.8799991607666,31.270000457763672,14727200,VALE,Factor,2026-09-24
2010-01-11,11.319960594177246,31.329999923706055,31.799999237060547,31.959999084472656,31.030000686645508,16855300,VALE,Factor,2026-09-24
2010-01-12,11.251310348510742,31.139999389648438,30.6299991607666,31.18000030517578,30.5,22897600,VALE,Factor,2026-09-24
2010-01-13,11.28382682800293,31.229999542236328,31.440000534057617,31.559999465942383,30.829999923706055,21610100,VALE,Factor,2026-09-24
2010-01-14,11.146530151367188,30.850000381469727,31.229999542236328,31.469999313354492,30.75,19893600,VALE,Factor,2026-09-24
2010-01-15,10.958645820617676,30.329999923706055,30.8700008392334,30.8700008392334,30.020000457763672,22851800,VALE,Factor,2026-09-24
2010-01-19,11.272988319396973,31.200000762939453,30.760000228881836,31.309999465942383,30.75,15052700,VALE,Factor,2026-09-24
2010-01-20,10.926132202148438,30.239999771118164,30.56999969482422,30.579999923706055,29.0,28516700,VALE,Factor,2026-09-24
2010-01-21,10.366089820861816,28.690000534057617,30.049999237060547,30.079999923706055,28.540000915527344,30627000,VALE,Factor,2026-09-24
2010-01-22,9.986711502075195,27.639999389648438,28.200000762939453,28.3799991607666,27.479999542236328,37256800,VALE,Factor,2026-09-24
2010-01-25,9.950579643249512,27.540000915527344,28.049999237060547,28.520000457763672,27.520000457763672,18854000,VALE,Factor,2026-09-24
2010-01-26,9.661529541015625,26.739999771118164,27.209999084472656,27.350000381469727,26.600000381469727,37365800,VALE,Factor,2026-09-24
2010-01-27,9.582039833068848,26.520000457763672,26.31999969482422,26.65999984741211,25.93000030517578,35027800,VALE,Factor,2026-09-24
2010-01-28,9.45919132232666,26.18000030517578,26.850000381469727,26.920000076293945,25.709999084472656,27665800,VALE,Factor,2026-09-24
2010-01-29,9.318281173706055,25.790000915527344,26.739999771118164,26.940000534057617,25.559999465942383,28250700,VALE,Factor,2026-09-24
2010-02-01,9.845797538757324,27.25,26.1200008392334,27.389999389648438,26.1200008392334,22629800,VALE,Factor,2026-09-24
2010-02-02,9.957807540893555,27.559999465942383,27.6299991607666,27.770000457763672,27.1200008392334,23324300,VALE,Factor,2026-09-24
2010-02-03,9.755472183227539,27.0,27.309999465942383,27.6200008392334,26.899999618530273,19602300,VALE,Factor,2026-09-24
2010-02-04,9.105103492736816,25.200000762939453,26.489999771118164,26.5,25.18000030517578,36700900,VALE,Factor,2026-09-24
2010-02-05,9.300214767456055,25.739999771118164,25.100000381469727,25.770000457763672,24.209999084472656,47144700,VALE,Factor,2026-09-24
2010-02-08,9.097879409790039,25.18000030517578,25.75,26.270000457763672,25.15999984741211,28774100,VALE,Factor,2026-09-24
2010-02-09,9.513391494750977,26.329999923706055,26.280000686645508,26.760000228881836,25.940000534057617,29374300,VALE,Factor,2026-09-24
2010-02-10,9.466418266296387,26.200000762939453,26.290000915527344,26.5,25.700000762939453,27706400,VALE,Factor,2026-09-24
2010-02-11,9.791600227355957,27.100000381469727,25.209999084472656,27.149999618530273,25.1299991607666,51087200,VALE,Factor,2026-09-24
2010-02-12,9.730179786682129,26.93000030517578,26.43000030517578,27.020000457763672,26.200000762939453,27703900,VALE,Factor,2026-09-24
2010-02-16,10.17820930480957,28.170000076293945,27.639999389648438,28.3799991607666,27.540000915527344,26887100,VALE,Factor,2026-09-24
2010-02-17,10.199886322021484,28.229999542236328,28.399999618530273,28.489999771118164,27.719999313354492,24890100,VALE,Factor,2026-09-24
2010-02-18,10.362479209899902,28.68000030517578,28.0,28.81999969482422,27.950000762939453,25589000,VALE,Factor,2026-09-24
2010-02-19,10.413061141967773,28.81999969482422,28.489999771118164,29.280000686645508,28.43000030517578,24686000,VALE,Factor,2026-09-24
2010-02-22,10.163753509521484,28.1299991607666,29.020000457763672,29.1299991607666,28.1299991607666,18176900,VALE,Factor,2026-09-24
2010-02-23,9.943353652954102,27.520000457763672,27.940000534057617,28.170000076293945,27.209999084472656,23592400,VALE,Factor,2026-09-24
2010-02-24,9.993937492370605,27.65999984741211,27.75,28.049999237060547,27.459999084472656,19156500,VALE,Factor,2026-09-24
2010-02-25,10.08788013458252,27.920000076293945,27.049999237060547,27.989999771118164,26.809999465942383,25148100,VALE,Factor,2026-09-24
2010-02-26,10.066202163696289,27.860000610351562,28.100000381469727,28.31999969482422,27.59000015258789,20848600,VALE,Factor,2026-09-24
2010-03-01,10.282987594604492,28.459999084472656,28.200000762939453,28.600000381469727,28.09000015258789,17444100,VALE,Factor,2026-09-24
2010-03-02,10.539523124694824,29.170000076293945,28.770000457763672,29.670000076293945,28.639999389648438,32171300,VALE,Factor,2026-09-24
2010-03-03,10.528682708740234,29.139999389648438,29.719999313354492,29.959999084472656,29.040000915527344,24244300,VALE,Factor,2026-09-24
2010-03-04,10.669595718383789,29.530000686645508,29.290000915527344,29.649999618530273,28.719999313354492,28031800,VALE,Factor,2026-09-24
2010-03-05,11.081493377685547,30.670000076293945,30.06999969482422,30.729999542236328,29.979999542236328,30989500,VALE,Factor,2026-09-24
2010-03-08,10.998394012451172,30.440000534057617,30.81999969482422,30.93000030517578,30.280000686645508,22312100,VALE,Factor,2026-09-24
2010-03-09,11.09594440460205,30.709999084472656,30.049999237060547,30.979999542236328,30.049999237060547,24546000,VALE,Factor,2026-09-24
2010-03-10,10.98032283782959,30.389999389648438,30.6200008392334,30.8700008392334,30.139999389648438,26758500,VALE,Factor,2026-09-24
2010-03-11,10.893608093261719,30.149999618530273,30.15999984741211,30.190000534057617,29.649999618530273,21938500,VALE,Factor,2026-09-24
2010-03-12,10.850252151489258,30.030000686645508,30.40999984741211,30.450000762939453,29.979999542236328,22845900,VALE,Factor,2026-09-24
2010-03-15,10.897222518920898,30.15999984741211,29.920000076293945,30.209999084472656,29.739999771118164,16559100,VALE,Factor,2026-09-24
2010-03-16,11.153756141662598,30.8700008392334,30.420000076293945,30.950000762939453,30.290000915527344,26219100,VALE,Factor,2026-09-24
2010-03-17,11.099555015563965,30.719999313354492,31.040000915527344,31.950000762939453,30.639999389648438,25427100,VALE,Factor,2026-09-24
2010-03-18,10.857479095458984,30.049999237060547,30.559999465942383,30.799999237060547,29.989999771118164,21910100,VALE,Factor,2026-09-24
2010-03-19,10.75631332397461,29.770000457763672,29.770000457763672,30.3700008392334,29.5,21863800,VALE,Factor,2026-09-24
2010-03-22,10.853865623474121,30.040000915527344,29.299999237060547,30.18000030517578,29.100000381469727,22304400,VALE,Factor,2026-09-24
2010-03-23,11.406676292419434,31.56999969482422,30.920000076293945,31.799999237060547,30.8700008392334,47992600,VALE,Factor,2026-09-24
2010-03-24,11.316343307495117,31.31999969482422,31.1299991607666,31.6200008392334,31.049999237060547,26587600,VALE,Factor,2026-09-24
2010-03-25,11.12485122680664,30.790000915527344,31.719999313354492,31.899999618530273,30.700000762939453,28579000,VALE,Factor,2026-09-24
2010-03-26,11.12485122680664,30.790000915527344,30.8700008392334,31.25,30.6299991607666,24858500,VALE,Factor,2026-09-24
2010-03-29,11.562039375305176,32.0,31.510000228881836,32.0,31.260000228881836,23304100,VALE,Factor,2026-09-24
2010-03-30,11.666820526123047,32.290000915527344,32.5,32.65999984741211,32.0,32744000,VALE,Factor,2026-09-24
2010-03-31,11.630688667297363,32.189998626708984,32.22999954223633,32.560001373291016,31.860000610351562,27202600,VALE,Factor,2026-09-24
2010-04-01,11.908897399902344,32.959999084472656,32.790000915527344,32.970001220703125,32.59000015258789,25037100,VALE,Factor,2026-09-24
2010-04-05,11.890832901000977,32.90999984741211,33.20000076293945,33.31999969482422,32.79999923706055,18580000,VALE,Factor,2026-09-24
2010-04-06,11.919739723205566,32.9900016784668,32.650001525878906,33.2400016784668,32.599998474121094,18418400,VALE,Factor,2026-09-24
2010-04-07,11.955870628356934,33.09000015258789,32.95000076293945,33.40999984741211,32.75,34861700,VALE,Factor,2026-09-24
2010-04-08,12.16543197631836,33.66999816894531,32.720001220703125,33.720001220703125,32.63999938964844,30514200,VALE,Factor,2026-09-24
2010-04-09,12.26659870147705,33.95000076293945,33.790000915527344,33.9900016784668,33.47999954223633,30469800,VALE,Factor,2026-09-24
2010-04-12,12.23408317565918,33.86000061035156,33.970001220703125,34.36000061035156,33.66999816894531,18788800,VALE,Factor,2026-09-24
2010-04-13,12.277440071105957,33.97999954223633,33.70000076293945,34.290000915527344,33.529998779296875,21318400,VALE,Factor,2026-09-24
2010-04-14,12.48338794708252,34.54999923706055,34.560001373291016,34.65999984741211,34.290000915527344,20753000,VALE,Factor,2026-09-24
2010-04-15,12.370598793029785,34.0,34.16999816894531,34.709999084472656,33.9900016784668,22401300,VALE,Factor,2026-09-24
2010-04-16,12.174126625061035,33.459999084472656,34.04999923706055,34.2599983215332,33.11000061035156,32388300,VALE,Factor,2026-09-24
2010-04-19,11.999481201171875,32.97999954223633,33.11000061035156,33.380001068115234,32.439998626708984,31870100,VALE,Factor,2026-09-24
2010-04-20,11.824837684631348,32.5,33.20000076293945,33.38999938964844,32.459999084472656,20963900,VALE,Factor,2026-09-24
2010-04-21,11.617448806762695,31.93000030517578,32.31999969482422,32.5,31.56999969482422,24666800,VALE,Factor,2026-09-24
2010-04-22,11.777539253234863,32.369998931884766,31.709999084472656,32.400001525878906,31.270000457763672,25312300,VALE,Factor,2026-09-24
2010-04-23,11.752069473266602,32.29999923706055,32.34000015258789,32.52000045776367,31.899999618530273,18893900,VALE,Factor,2026-09-24
2010-04-26,11.75934886932373,32.31999969482422,32.720001220703125,32.91999816894531,32.29999923706055,19167200,VALE,Factor,2026-09-24
2010-04-27,11.082601547241211,30.459999084472656,31.799999237060547,31.920000076293945,30.309999465942383,45591400,VALE,Factor,2026-09-24
2010-04-28,11.05713176727295,30.389999389648438,30.850000381469727,30.90999984741211,29.670000076293945,43769200,VALE,Factor,2026-09-24
2010-04-29,11.431892395019531,31.420000076293945,31.0,31.59000015258789,30.90999984741211,36015200,VALE,Factor,2026-09-24
2010-04-30,11.140812873840332,30.6200008392334,31.260000228881836,31.329999923706055,30.5,25748400,VALE,Factor,2026-09-24
2010-05-03,10.951618194580078,30.100000381469727,30.809999465942383,31.100000381469727,29.8799991607666,25840600,VALE,Factor,2026-09-24
2010-05-04,10.362196922302246,28.479999542236328,29.469999313354492,29.5,28.229999542236328,53218300,VALE,Factor,2026-09-24
2010-05-05,10.333090782165527,28.399999618530273,27.709999084472656,28.93000030517578,27.270000457763672,50093200,VALE,Factor,2026-09-24
2010-05-06,9.972885131835938,27.40999984741211,28.219999313354492,28.850000381469727,25.329999923706055,61203100,VALE,Factor,2026-09-24
2010-05-07,9.892839431762695,27.190000534057617,27.5,27.969999313354492,26.309999465942383,53358600,VALE,Factor,2026-09-24
2010-05-10,10.762420654296875,29.579999923706055,29.540000915527344,29.780000686645508,29.010000228881836,44726800,VALE,Factor,2026-09-24
2010-05-11,10.529560089111328,28.940000534057617,28.850000381469727,29.6299991607666,28.770000457763672,31989100,VALE,Factor,2026-09-24
2010-05-12,10.53683853149414,28.959999084472656,29.40999984741211,29.479999542236328,28.8700008392334,20817400,VALE,Factor,2026-09-24
2010-05-13,10.402216911315918,28.59000015258789,28.8700008392334,29.200000762939453,28.5,22442800,VALE,Factor,2026-09-24
2010-05-14,10.060205459594727,27.649999618530273,28.010000228881836,28.149999618530273,27.059999465942383,43650900,VALE,Factor,2026-09-24
2010-05-17,9.820070266723633,26.989999771118164,27.299999237060547,27.6200008392334,26.25,39813900,VALE,Factor,2026-09-24
2010-05-18,9.478060722351074,26.049999237060547,27.649999618530273,27.719999313354492,25.90999984741211,37522200,VALE,Factor,2026-09-24
2010-05-19,9.230650901794434,25.3700008392334,25.190000534057617,25.780000686645508,24.579999923706055,57195900,VALE,Factor,2026-09-24
2010-05-20,8.724908828735352,23.979999542236328,24.0,24.670000076293945,23.579999923706055,62817200,VALE,Factor,2026-09-24
2010-05-21,9.350719451904297,25.700000762939453,23.6200008392334,25.770000457763672,23.579999923706055,56835800,VALE,Factor,2026-09-24
2010-05-24,9.157880783081055,25.170000076293945,25.850000381469727,26.079999923706055,25.170000076293945,38505100,VALE,Factor,2026-09-24
2010-05-25,9.2670316696167,25.469999313354492,23.860000610351562,25.56999969482422,23.65999984741211,44405400,VALE,Factor,2026-09-24
2010-05-26,9.310693740844727,25.59000015258789,26.239999771118164,27.149999618530273,25.34000015258789,55252300,VALE,Factor,2026-09-24
2010-05-27,10.023823738098145,27.549999237060547,26.770000457763672,27.65999984741211,26.440000534057617,47419300,VALE,Factor,2026-09-24
2010-05-28,9.892839431762695,27.190000534057617,27.610000610351562,27.799999237060547,26.84000015258789,34816000,VALE,Factor,2026-09-24
2010-06-01,9.765495300292969,26.84000015258789,27.190000534057617,27.6200008392334,26.799999237060547,44228000,VALE,Factor,2026-09-24
2010-06-02,10.11114501953125,27.790000915527344,27.040000915527344,27.8799991607666,26.969999313354492,27977100,VALE,Factor,2026-09-24
2010-06-03,9.812797546386719,26.969999313354492,27.920000076293945,28.399999618530273,26.329999923706055,38717800,VALE,Factor,2026-09-24
2010-06-04,9.292502403259277,25.540000915527344,26.579999923706055,26.770000457763672,25.360000610351562,37168700,VALE,Factor,2026-09-24
2010-06-07,9.001428604125977,24.739999771118164,25.639999389648438,25.700000762939453,24.700000762939453,32013400,VALE,Factor,2026-09-24
2010-06-08,9.24520492553711,25.40999984741211,25.010000228881836,25.489999771118164,24.670000076293945,31506400,VALE,Factor,2026-09-24
2010-06-09,9.328885078430176,25.639999389648438,25.959999084472656,26.549999237060547,25.600000381469727,33586500,VALE,Factor,2026-09-24
2010-06-10,9.692729949951172,26.639999389648438,26.389999389648438,26.829999923706055,26.34000015258789,29579700,VALE,Factor,2026-09-24
2010-06-11,9.834627151489258,27.030000686645508,26.299999237060547,27.09000015258789,26.299999237060547,19244500,VALE,Factor,2026-09-24
2010-06-14,9.801880836486816,26.940000534057617,27.670000076293945,27.90999984741211,26.84000015258789,34471500,VALE,Factor,2026-09-24
2010-06-15,10.107505798339844,27.780000686645508,27.31999969482422,27.920000076293945,27.100000381469727,21694100,VALE,Factor,2026-09-24
2010-06-16,9.947419166564941,27.34000015258789,27.719999313354492,28.049999237060547,27.15999984741211,30928700,VALE,Factor,2026-09-24
2010-06-17,9.787325859069824,26.899999618530273,27.450000762939453,27.530000686645508,26.549999237060547,24529700,VALE,Factor,2026-09-24
2010-06-18,9.780052185058594,26.8799991607666,26.8799991607666,27.209999084472656,26.56999969482422,19553200,VALE,Factor,2026-09-24
2010-06-21,10.089314460754395,27.729999542236328,27.950000762939453,28.25,27.56999969482422,32052600,VALE,Factor,2026-09-24
2010-06-22,9.900117874145508,27.209999084472656,27.809999465942383,28.06999969482422,27.190000534057617,23174700,VALE,Factor,2026-09-24
2010-06-23,9.961970329284668,27.3799991607666,27.209999084472656,27.459999084472656,26.760000228881836,21422000,VALE,Factor,2026-09-24
2010-06-24,9.74366569519043,26.780000686645508,27.219999313354492,27.290000915527344,26.6299991607666,19864800,VALE,Factor,2026-09-24
2010-06-25,9.951054573059082,27.350000381469727,27.06999969482422,27.40999984741211,26.6200008392334,20074600,VALE,Factor,2026-09-24
2010-06-28,9.689088821411133,26.6299991607666,27.329999923706055,27.469999313354492,26.610000610351562,20777100,VALE,Factor,2026-09-24
2010-06-29,9.06328296661377,24.90999984741211,25.59000015258789,25.59000015258789,24.729999542236328,40852000,VALE,Factor,2026-09-24
2010-06-30,8.85953426361084,24.350000381469727,24.920000076293945,25.280000686645508,24.25,26940000,VALE,Factor,2026-09-24
2010-07-01,8.965043067932129,24.639999389648438,24.420000076293945,24.75,23.860000610351562,32755800,VALE,Factor,2026-09-24
2010-07-02,9.019624710083008,24.790000915527344,25.030000686645508,25.110000610351562,24.329999923706055,19833500,VALE,Factor,2026-09-24
2010-07-06,8.961406707763672,24.6299991607666,25.25,25.399999618530273,24.290000915527344,26195900,VALE,Factor,2026-09-24
2010-07-07,9.274311065673828,25.489999771118164,24.549999237060547,25.5,24.530000686645508,35568700,VALE,Factor,2026-09-24
2010-07-08,9.35799503326416,25.719999313354492,25.770000457763672,26.360000610351562,25.110000610351562,22723800,VALE,Factor,2026-09-24
2010-07-09,9.572660446166992,26.309999465942383,25.520000457763672,26.420000076293945,25.489999771118164,17974200,VALE,Factor,2026-09-24
2010-07-12,9.17607307434082,25.219999313354492,25.719999313354492,25.850000381469727,24.989999771118164,21519300,VALE,Factor,2026-09-24
2010-07-13,9.259757995605469,25.450000762939453,25.549999237060547,25.729999542236328,25.219999313354492,24190800,VALE,Factor,2026-09-24
2010-07-14,9.212456703186035,25.31999969482422,25.1299991607666,25.469999313354492,24.950000762939453,19535900,VALE,Factor,2026-09-24
2010-07-15,9.092390060424805,24.989999771118164,25.229999542236328,25.239999771118164,24.65999984741211,20353300,VALE,Factor,2026-09-24
2010-07-16,8.855894088745117,24.34000015258789,24.690000534057617,24.90999984741211,24.309999465942383,25386600,VALE,Factor,2026-09-24
2010-07-19,9.012345314025879,24.770000457763672,24.6200008392334,24.84000015258789,24.43000030517578,16299100,VALE,Factor,2026-09-24
2010-07-20,9.619959831237793,26.440000534057617,24.969999313354492,26.5,24.90999984741211,47202200,VALE,Factor,2026-09-24
2010-07-21,9.638148307800293,26.489999771118164,27.1299991607666,27.350000381469727,26.290000915527344,36566900,VALE,Factor,2026-09-24
2010-07-22,9.965608596801758,27.389999389648438,27.06999969482422,27.729999542236328,27.020000457763672,22823700,VALE,Factor,2026-09-24
2010-07-23,10.085675239562988,27.719999313354492,27.209999084472656,27.799999237060547,27.110000610351562,21353400,VALE,Factor,2026-09-24
2010-07-26,10.03837776184082,27.59000015258789,27.770000457763672,27.799999237060547,27.34000015258789,13304900,VALE,Factor,2026-09-24
2010-07-27,9.98379898071289,27.440000534057617,27.8700008392334,27.959999084472656,27.1200008392334,16761500,VALE,Factor,2026-09-24
2010-07-28,10.107505798339844,27.780000686645508,27.399999618530273,27.959999084472656,27.3700008392334,18770200,VALE,Factor,2026-09-24
2010-07-29,10.027459144592285,27.559999465942383,28.079999923706055,28.309999465942383,27.549999237060547,23460300,VALE,Factor,2026-09-24
2010-07-30,10.114784240722656,27.799999237060547,27.469999313354492,28.219999313354492,27.309999465942383,21397000,VALE,Factor,2026-09-24
2010-08-02,10.576862335205078,29.06999969482422,28.5,29.18000030517578,28.260000228881836,25044100,VALE,Factor,2026-09-24
2010-08-03,10.576862335205078,29.06999969482422,28.899999618530273,29.260000228881836,28.670000076293945,18920600,VALE,Factor,2026-09-24
2010-08-04,10.569584846496582,29.049999237060547,29.110000610351562,29.139999389648438,28.520000457763672,17734200,VALE,Factor,2026-09-24
2010-08-05,10.605969429016113,29.149999618530273,28.90999984741211,29.18000030517578,28.760000228881836,14518700,VALE,Factor,2026-09-24
2010-08-06,10.5513916015625,29.0,28.950000762939453,29.280000686645508,28.729999542236328,15010500,VALE,Factor,2026-09-24
2010-08-09,10.605969429016113,29.149999618530273,29.229999542236328,29.40999984741211,29.030000686645508,10448800,VALE,Factor,2026-09-24
2010-08-10,10.43496322631836,28.68000030517578,28.649999618530273,28.799999237060547,28.25,19357400,VALE,Factor,2026-09-24
2010-08-11,10.012909889221191,27.520000457763672,27.979999542236328,28.0,27.479999542236328,21379100,VALE,Factor,2026-09-24
2010-08-12,10.082036972045898,27.709999084472656,27.06999969482422,27.81999969482422,27.040000915527344,15193300,VALE,Factor,2026-09-24
2010-08-13,10.096590042114258,27.75,27.90999984741211,28.170000076293945,27.739999771118164,11216900,VALE,Factor,2026-09-24
2010-08-16,10.333090782165527,28.399999618530273,27.979999542236328,28.510000228881836,27.780000686645508,14270700,VALE,Factor,2026-09-24
2010-08-17,10.427685737609863,28.65999984741211,28.639999389648438,28.850000381469727,28.309999465942383,17055100,VALE,Factor,2026-09-24
2010-08-18,10.504095077514648,28.8700008392334,28.829999923706055,29.010000228881836,28.5,16162500,VALE,Factor,2026-09-24
2010-08-19,10.413137435913086,28.6200008392334,28.969999313354492,29.200000762939453,28.459999084472656,16251600,VALE,Factor,2026-09-24
2010-08-20,10.245767593383789,28.15999984741211,28.540000915527344,28.540000915527344,27.93000030517578,17274300,VALE,Factor,2026-09-24
2010-08-23,9.892839431762695,27.190000534057617,28.290000915527344,28.299999237060547,27.09000015258789,23479000,VALE,Factor,2026-09-24
2010-08-24,9.703643798828125,26.670000076293945,26.6299991607666,26.979999542236328,26.520000457763672,17839500,VALE,Factor,2026-09-24
2010-08-25,9.612682342529297,26.420000076293945,26.440000534057617,26.5,25.950000762939453,20993800,VALE,Factor,2026-09-24
2010-08-26,9.514448165893555,26.149999618530273,26.709999084472656,26.969999313354492,26.059999465942383,14903500,VALE,Factor,2026-09-24
2010-08-27,9.881925582885742,27.15999984741211,26.440000534057617,27.18000030517578,26.25,18633900,VALE,Factor,2026-09-24
2010-08-30,9.609045028686523,26.40999984741211,26.90999984741211,27.049999237060547,26.3700008392334,13014100,VALE,Factor,2026-09-24
2010-08-31,9.732749938964844,26.75,26.530000686645508,26.969999313354492,26.40999984741211,16834400,VALE,Factor,2026-09-24
2010-09-01,10.32217025756836,28.3700008392334,27.469999313354492,28.43000030517578,27.440000534057617,27776500,VALE,Factor,2026-09-24
2010-09-02,10.336726188659668,28.40999984741211,28.200000762939453,28.43000030517578,27.969999313354492,15092900,VALE,Factor,2026-09-24
2010-09-03,10.245767593383789,28.15999984741211,28.850000381469727,28.90999984741211,28.079999923706055,17233000,VALE,Factor,2026-09-24
2010-09-07,10.027459144592285,27.559999465942383,27.90999984741211,28.149999618530273,27.059999465942383,17936300,VALE,Factor,2026-09-24
2010-09-08,9.980162620544434,27.43000030517578,27.670000076293945,27.8799991607666,27.3700008392334,14805200,VALE,Factor,2026-09-24
2010-09-09,10.045655250549316,27.610000610351562,27.959999084472656,27.969999313354492,27.530000686645508,14498000,VALE,Factor,2026-09-24
2010-09-10,9.980162620544434,27.43000030517578,27.68000030517578,27.719999313354492,27.229999542236328,10529500,VALE,Factor,2026-09-24
2010-09-13,10.318534851074219,28.360000610351562,27.940000534057617,28.420000076293945,27.780000686645508,21000100,VALE,Factor,2026-09-24
2010-09-14,10.249404907226562,28.170000076293945,28.18000030517578,28.709999084472656,28.030000686645508,18584000,VALE,Factor,2026-09-24
2010-09-15,10.216657638549805,28.079999923706055,28.010000228881836,28.079999923706055,27.719999313354492,16199300,VALE,Factor,2026-09-24
2010-09-16,10.213021278381348,28.06999969482422,27.989999771118164,28.1299991607666,27.84000015258789,15342200,VALE,Factor,2026-09-24
2010-09-17,10.132974624633789,27.850000381469727,28.049999237060547,28.1299991607666,27.75,19397900,VALE,Factor,2026-09-24
2010-09-20,10.213021278381348,28.06999969482422,27.90999984741211,28.110000610351562,27.6299991607666,17788700,VALE,Factor,2026-09-24
2010-09-21,10.3731107711792,28.510000228881836,27.959999084472656,28.649999618530273,27.81999969482422,22280700,VALE,Factor,2026-09-24
2010-09-22,10.515007972717285,28.899999618530273,28.799999237060547,29.459999084472656,28.729999542236328,32275400,VALE,Factor,2026-09-24
2010-09-23,10.547754287719727,28.989999771118164,28.790000915527344,29.489999771118164,28.68000030517578,30419500,VALE,Factor,2026-09-24
2010-09-24,10.929786682128906,30.040000915527344,29.770000457763672,30.100000381469727,29.649999618530273,33677400,VALE,Factor,2026-09-24
2010-09-27,11.086241722106934,30.469999313354492,30.139999389648438,30.860000610351562,29.969999313354492,26195300,VALE,Factor,2026-09-24
2010-09-28,11.22813606262207,30.860000610351562,30.610000610351562,31.030000686645508,30.219999313354492,26102100,VALE,Factor,2026-09-24
2010-09-29,11.199027061462402,30.780000686645508,30.770000457763672,31.100000381469727,30.68000030517578,21836100,VALE,Factor,2026-09-24
2010-09-30,11.377311706542969,31.270000457763672,31.229999542236328,31.309999465942383,30.799999237060547,21772700,VALE,Factor,2026-09-24
2010-10-01,11.533761978149414,31.700000762939453,31.600000381469727,31.940000534057617,31.350000381469727,23819700,VALE,Factor,2026-09-24
2010-10-04,11.526487350463867,31.68000030517578,31.469999313354492,31.700000762939453,31.309999465942383,21488700,VALE,Factor,2026-09-24
2010-10-05,11.762983322143555,32.33000183105469,31.770000457763672,32.5,31.649999618530273,25308000,VALE,Factor,2026-09-24
2010-10-06,11.84666919708252,32.560001373291016,32.36000061035156,32.84000015258789,32.33000183105469,21446200,VALE,Factor,2026-09-24
2010-10-07,11.712044715881348,32.189998626708984,32.65999984741211,32.72999954223633,31.889999389648438,21660200,VALE,Factor,2026-09-24
2010-10-08,11.70840835571289,32.18000030517578,32.119998931884766,32.599998474121094,31.969999313354492,20068300,VALE,Factor,2026-09-24
2010-10-11,11.821198463439941,32.4900016784668,32.400001525878906,32.7400016784668,32.29999923706055,11213700,VALE,Factor,2026-09-24
2010-10-12,11.65746784210205,32.040000915527344,32.310001373291016,32.310001373291016,31.6200008392334,17794700,VALE,Factor,2026-09-24
2010-10-13,11.933991432189941,32.79999923706055,32.709999084472656,32.900001525878906,32.59000015258789,21230900,VALE,Factor,2026-09-24
2010-10-14,11.919437408447266,32.7599983215332,32.849998474121094,33.25,32.59000015258789,24724500,VALE,Factor,2026-09-24
2010-10-15,11.886725425720215,32.34000015258789,32.5,32.58000183105469,31.93000030517578,24667800,VALE,Factor,2026-09-24
2010-10-18,12.092554092407227,32.900001525878906,32.22999954223633,33.060001373291016,32.04999923706055,15565800,VALE,Factor,2026-09-24
2010-10-19,11.666187286376953,31.739999771118164,32.27000045776367,32.27000045776367,31.530000686645508,25405600,VALE,Factor,2026-09-24
2010-10-20,12.08887767791748,32.88999938964844,32.029998779296875,33.13999938964844,32.0099983215332,26412400,VALE,Factor,2026-09-24
2010-10-21,11.798507690429688,32.099998474121094,32.93000030517578,33.099998474121094,31.690000534057617,24791700,VALE,Factor,2026-09-24
2010-10-22,11.787485122680664,32.06999969482422,32.279998779296875,32.41999816894531,31.610000610351562,14620100,VALE,Factor,2026-09-24
2010-10-25,11.923479080200195,32.439998626708984,32.439998626708984,32.790000915527344,32.349998474121094,16462800,VALE,Factor,2026-09-24
2010-10-26,12.070499420166016,32.84000015258789,32.119998931884766,32.93000030517578,31.8799991607666,17436400,VALE,Factor,2026-09-24
2010-10-27,11.772777557373047,32.029998779296875,32.58000183105469,32.58000183105469,31.68000030517578,21376000,VALE,Factor,2026-09-24
2010-10-28,11.688243865966797,31.799999237060547,32.43000030517578,32.66999816894531,31.799999237060547,26759000,VALE,Factor,2026-09-24
2010-10-29,11.813211441040039,32.13999938964844,31.84000015258789,32.2599983215332,31.719999313354492,20335200,VALE,Factor,2026-09-24
2010-11-01,11.916123390197754,32.41999816894531,32.060001373291016,32.68000030517578,32.04999923706055,18073700,VALE,Factor,2026-09-24
2010-11-02,12.136662483215332,33.02000045776367,32.86000061035156,33.349998474121094,32.630001068115234,16531900,VALE,Factor,2026-09-24
2010-11-03,11.930828094482422,32.459999084472656,32.86000061035156,32.91999816894531,31.989999771118164,23441900,VALE,Factor,2026-09-24
2010-11-04,12.423354148864746,33.79999923706055,33.0,33.900001525878906,32.9900016784668,28520700,VALE,Factor,2026-09-24
2010-11-05,12.430703163146973,33.81999969482422,33.59000015258789,34.04999923706055,33.459999084472656,19489300,VALE,Factor,2026-09-24
2010-11-08,12.430703163146973,33.81999969482422,33.56999969482422,33.90999984741211,33.40999984741211,13863600,VALE,Factor,2026-09-24
2010-11-09,12.243253707885742,33.310001373291016,34.06999969482422,34.369998931884766,33.04999923706055,24064500,VALE,Factor,2026-09-24
2010-11-10,12.228549003601074,33.27000045776367,33.34000015258789,33.56999969482422,32.4900016784668,24660800,VALE,Factor,2026-09-24
2010-11-11,12.268978118896484,33.380001068115234,32.959999084472656,33.459999084472656,32.90999984741211,19574700,VALE,Factor,2026-09-24
2010-11-12,11.89775276184082,32.369998931884766,32.83000183105469,33.220001220703125,32.13999938964844,21750400,VALE,Factor,2026-09-24
2010-11-15,11.901426315307617,32.380001068115234,32.93000030517578,32.970001220703125,32.33000183105469,12760200,VALE,Factor,2026-09-24
2010-11-16,11.58165168762207,31.510000228881836,31.959999084472656,32.02000045776367,31.09000015258789,28145000,VALE,Factor,2026-09-24
2010-11-17,11.566949844360352,31.469999313354492,31.6200008392334,31.950000762939453,31.31999969482422,18519600,VALE,Factor,2026-09-24
2010-11-18,11.974930763244629,32.58000183105469,32.22999954223633,32.779998779296875,32.040000915527344,20024500,VALE,Factor,2026-09-24
2010-11-19,11.978617668151855,32.59000015258789,32.279998779296875,32.88999938964844,32.16999816894531,16161200,VALE,Factor,2026-09-24
2010-11-22,12.011693000793457,32.68000030517578,32.560001373291016,32.86000061035156,32.16999816894531,19372500,VALE,Factor,2026-09-24
2010-11-23,11.651484489440918,31.700000762939453,31.93000030517578,32.0,31.360000610351562,21915200,VALE,Factor,2026-09-24
2010-11-24,11.971261978149414,32.56999969482422,32.09000015258789,32.65999984741211,32.08000183105469,14879100,VALE,Factor,2026-09-24
2010-11-26,11.688243865966797,31.799999237060547,32.0,32.16999816894531,31.780000686645508,7613600,VALE,Factor,2026-09-24
2010-11-29,11.857318878173828,32.2599983215332,31.690000534057617,32.29999923706055,31.229999542236328,17876100,VALE,Factor,2026-09-24
2010-11-30,11.64413833618164,31.68000030517578,31.68000030517578,32.25,31.450000762939453,23606600,VALE,Factor,2026-09-24
2010-12-01,12.070499420166016,32.84000015258789,32.439998626708984,33.0,32.36000061035156,17982900,VALE,Factor,2026-09-24
2010-12-02,12.338810920715332,33.56999969482422,32.939998626708984,33.66999816894531,32.86000061035156,18440300,VALE,Factor,2026-09-24
2010-12-03,12.614483833312988,34.31999969482422,33.43000030517578,34.34000015258789,33.380001068115234,16807400,VALE,Factor,2026-09-24
2010-12-06,12.592424392700195,34.2599983215332,34.18000030517578,34.470001220703125,34.13999938964844,14832500,VALE,Factor,2026-09-24
2010-12-07,12.4711332321167,33.93000030517578,34.91999816894531,35.0,33.869998931884766,19702400,VALE,Factor,2026-09-24
2010-12-08,12.34616756439209,33.59000015258789,33.95000076293945,34.09000015258789,33.310001373291016,17723000,VALE,Factor,2026-09-24
2010-12-09,12.280008316040039,33.40999984741211,33.779998779296875,33.790000915527344,33.060001373291016,17793400,VALE,Factor,2026-09-24
2010-12-10,12.463783264160156,33.90999984741211,33.5099983215332,33.90999984741211,33.29999923706055,13263000,VALE,Factor,2026-09-24
2010-12-13,12.735776901245117,34.650001525878906,34.25,34.91999816894531,34.20000076293945,18611900,VALE,Factor,2026-09-24
2010-12-14,12.691664695739746,34.529998779296875,34.81999969482422,35.0,34.349998474121094,15509500,VALE,Factor,2026-09-24
2010-12-15,12.540968894958496,34.119998931884766,34.310001373291016,34.43000030517578,33.849998474121094,14977100,VALE,Factor,2026-09-24
2010-12-16,12.52994441986084,34.09000015258789,33.9900016784668,34.279998779296875,33.81999969482422,14834100,VALE,Factor,2026-09-24
2010-12-17,12.4711332321167,33.93000030517578,33.75,33.9900016784668,33.66999816894531,14959700,VALE,Factor,2026-09-24
2010-12-20,12.371891975402832,33.65999984741211,34.029998779296875,34.130001068115234,33.63999938964844,14660600,VALE,Factor,2026-09-24
2010-12-21,12.570375442504883,34.20000076293945,34.189998626708984,34.52000045776367,34.130001068115234,13353900,VALE,Factor,2026-09-24
2010-12-22,12.699016571044922,34.54999923706055,34.189998626708984,34.56999969482422,33.83000183105469,12415700,VALE,Factor,2026-09-24
2010-12-23,12.643884658813477,34.400001525878906,34.040000915527344,34.40999984741211,34.040000915527344,8066000,VALE,Factor,2026-09-24
2010-12-27,12.338810920715332,33.56999969482422,33.84000015258789,33.849998474121094,33.40999984741211,12379400,VALE,Factor,2026-09-24
2010-12-28,12.191792488098145,33.16999816894531,33.209999084472656,33.56999969482422,32.849998474121094,13190000,VALE,Factor,2026-09-24
2010-12-29,12.41232967376709,33.77000045776367,33.06999969482422,33.83000183105469,33.040000915527344,12948700,VALE,Factor,2026-09-24
2010-12-30,12.592424392700195,34.2599983215332,33.900001525878906,34.310001373291016,33.81999969482422,14592100,VALE,Factor,2026-09-24
2010-12-31,12.706368446350098,34.56999969482422,34.25,34.7599983215332,34.150001525878906,8089600,VALE,Factor,2026-09-24
2011-01-03,12.912201881408691,35.130001068115234,34.91999816894531,35.459999084472656,34.900001525878906,20408500,VALE,Factor,2026-09-24
2011-01-04,13.165813446044922,35.81999969482422,35.43000030517578,35.83000183105469,35.09000015258789,24545200,VALE,Factor,2026-09-24
2011-01-05,13.198891639709473,35.90999984741211,35.470001220703125,36.040000915527344,35.40999984741211,18532000,VALE,Factor,2026-09-24
2011-01-06,12.912201881408691,35.130001068115234,35.849998474121094,35.939998626708984,35.11000061035156,21172200,VALE,Factor,2026-09-24
2011-01-07,12.857070922851562,34.97999954223633,35.22999954223633,35.349998474121094,34.529998779296875,21429000,VALE,Factor,2026-09-24
2011-01-10,12.768852233886719,34.7400016784668,34.93000030517578,35.029998779296875,34.4900016784668,17869100,VALE,Factor,2026-09-24
2011-01-11,12.985711097717285,35.33000183105469,35.40999984741211,35.43000030517578,35.06999969482422,20663100,VALE,Factor,2026-09-24
2011-01-12,13.456183433532715,36.61000061035156,35.86000061035156,36.61000061035156,35.72999954223633,29276000,VALE,Factor,2026-09-24
2011-01-13,13.228300094604492,35.9900016784668,36.7599983215332,37.04999923706055,35.970001220703125,24364900,VALE,Factor,2026-09-24
2011-01-14,13.357254981994629,36.150001525878906,35.880001068115234,36.22999954223633,35.70000076293945,16817300,VALE,Factor,2026-09-24
2011-01-18,13.700884819030762,37.08000183105469,37.060001373291016,37.25,36.47999954223633,18846600,VALE,Factor,2026-09-24
2011-01-19,13.442235946655273,36.380001068115234,37.060001373291016,37.09000015258789,36.08000183105469,18845600,VALE,Factor,2026-09-24
2011-01-20,13.179892539978027,35.66999816894531,35.95000076293945,36.040000915527344,35.09000015258789,32129400,VALE,Factor,2026-09-24
2011-01-21,13.109687805175781,35.47999954223633,36.18000030517578,36.2400016784668,35.41999816894531,17762000,VALE,Factor,2026-09-24
2011-01-24,13.316609382629395,36.040000915527344,35.68000030517578,36.31999969482422,35.619998931884766,17615000,VALE,Factor,2026-09-24
2011-01-25,13.117076873779297,35.5,35.630001068115234,35.810001373291016,35.06999969482422,19645200,VALE,Factor,2026-09-24
2011-01-26,13.372027397155762,36.189998626708984,35.959999084472656,36.369998931884766,35.720001220703125,23488200,VALE,Factor,2026-09-24
2011-01-27,13.117076873779297,35.5,36.189998626708984,36.290000915527344,35.41999816894531,17575400,VALE,Factor,2026-09-24
2011-01-28,12.636735916137695,34.20000076293945,35.2599983215332,35.349998474121094,33.86000061035156,34414600,VALE,Factor,2026-09-24
2011-01-31,12.86951732635498,34.83000183105469,34.47999954223633,34.900001525878906,34.400001525878906,21240600,VALE,Factor,2026-09-24
2011-02-01,13.161417961120605,35.619998931884766,35.279998779296875,35.88999938964844,35.13999938964844,19074200,VALE,Factor,2026-09-24
2011-02-02,12.891688346862793,34.88999938964844,35.68000030517578,35.869998931884766,34.77000045776367,19363900,VALE,Factor,2026-09-24
2011-02-03,12.821484565734863,34.70000076293945,35.15999984741211,35.189998626708984,34.459999084472656,18908500,VALE,Factor,2026-09-24
2011-02-04,12.710637092590332,34.400001525878906,34.66999816894531,34.720001220703125,33.709999084472656,24021800,VALE,Factor,2026-09-24
2011-02-07,12.688465118408203,34.34000015258789,34.15999984741211,34.63999938964844,34.04999923706055,15549500,VALE,Factor,2026-09-24
2011-02-08,12.706938743591309,34.38999938964844,34.439998626708984,34.52000045776367,33.93000030517578,19625000,VALE,Factor,2026-09-24
2011-02-09,12.378087997436523,33.5,34.130001068115234,34.22999954223633,33.27000045776367,21634100,VALE,Factor,2026-09-24
2011-02-10,12.496326446533203,33.81999969482422,33.349998474121094,34.040000915527344,33.189998626708984,21121400,VALE,Factor,2026-09-24
2011-02-11,12.699548721313477,34.369998931884766,33.880001068115234,34.540000915527344,33.630001068115234,18433600,VALE,Factor,2026-09-24
2011-02-14,12.980368614196777,35.130001068115234,34.529998779296875,35.290000915527344,34.52000045776367,20780600,VALE,Factor,2026-09-24
2011-02-15,12.984060287475586,35.13999938964844,34.88999938964844,35.310001373291016,34.81999969482422,17756700,VALE,Factor,2026-09-24
2011-02-16,13.04687213897705,35.310001373291016,35.16999816894531,35.400001525878906,34.810001373291016,16792900,VALE,Factor,2026-09-24
2011-02-17,13.142938613891602,35.56999969482422,35.18000030517578,35.599998474121094,35.040000915527344,24081300,VALE,Factor,2026-09-24
2011-02-18,12.9434175491333,35.029998779296875,35.279998779296875,35.369998931884766,34.88999938964844,21285400,VALE,Factor,2026-09-24
2011-02-22,12.35591983795166,33.439998626708984,33.91999816894531,34.56999969482422,33.36000061035156,28361100,VALE,Factor,2026-09-24
2011-02-23,12.540666580200195,33.939998626708984,33.43000030517578,34.119998931884766,33.099998474121094,22684600,VALE,Factor,2026-09-24
2011-02-24,12.64043140411377,34.209999084472656,34.29999923706055,34.29999923706055,33.560001373291016,20591800,VALE,Factor,2026-09-24
2011-02-25,12.662604331970215,34.27000045776367,34.66999816894531,34.95000076293945,34.04999923706055,20142100,VALE,Factor,2026-09-24
2011-02-28,12.647821426391602,34.22999954223633,34.33000183105469,34.5099983215332,33.70000076293945,16135900,VALE,Factor,2026-09-24
2011-03-01,12.474154472351074,33.7599983215332,34.38999938964844,34.439998626708984,33.68000030517578,17281100,VALE,Factor,2026-09-24
2011-03-02,12.681077003479004,34.31999969482422,33.650001525878906,34.5,33.56999969482422,15870700,VALE,Factor,2026-09-24
2011-03-03,12.884295463562012,34.869998931884766,34.75,34.88999938964844,34.529998779296875,14947200,VALE,Factor,2026-09-24
2011-03-04,12.74758529663086,34.5,34.66999816894531,34.83000183105469,34.040000915527344,15326200,VALE,Factor,2026-09-24
2011-03-07,12.278324127197266,33.22999954223633,34.43000030517578,34.529998779296875,32.970001220703125,25031400,VALE,Factor,2026-09-24
2011-03-08,12.300497055053711,33.290000915527344,33.220001220703125,33.70000076293945,32.54999923706055,17092600,VALE,Factor,2026-09-24
2011-03-09,12.14900016784668,32.880001068115234,33.2400016784668,33.439998626708984,32.68000030517578,20022500,VALE,Factor,2026-09-24
2011-03-10,11.790592193603516,31.90999984741211,32.16999816894531,32.400001525878906,31.68000030517578,30747000,VALE,Factor,2026-09-24
2011-03-11,11.8866605758667,32.16999816894531,31.520000457763672,32.41999816894531,31.489999771118164,24429200,VALE,Factor,2026-09-24
2011-03-14,11.986425399780273,32.439998626708984,32.029998779296875,32.45000076293945,31.739999771118164,15519600,VALE,Factor,2026-09-24
2011-03-15,11.790592193603516,31.90999984741211,30.940000534057617,31.93000030517578,30.790000915527344,24754200,VALE,Factor,2026-09-24
2011-03-16,11.469132423400879,31.040000915527344,31.989999771118164,32.029998779296875,30.68000030517578,33371800,VALE,Factor,2026-09-24
2011-03-17,11.642793655395508,31.510000228881836,31.440000534057617,31.81999969482422,31.31999969482422,24028000,VALE,Factor,2026-09-24
2011-03-18,11.875576972961426,32.13999938964844,32.16999816894531,32.38999938964844,31.979999542236328,19732300,VALE,Factor,2026-09-24
2011-03-21,11.97903060913086,32.41999816894531,32.83000183105469,32.849998474121094,32.2599983215332,18922900,VALE,Factor,2026-09-24
2011-03-22,11.916220664978027,32.25,32.13999938964844,32.310001373291016,31.739999771118164,18915900,VALE,Factor,2026-09-24
2011-03-23,12.082493782043457,32.70000076293945,32.38999938964844,32.90999984741211,32.220001220703125,18347000,VALE,Factor,2026-09-24
2011-03-24,11.956867218017578,32.36000061035156,32.81999969482422,32.939998626708984,32.119998931884766,26086900,VALE,Factor,2026-09-24
2011-03-25,11.949477195739746,32.34000015258789,32.2400016784668,32.7400016784668,31.93000030517578,16685100,VALE,Factor,2026-09-24
2011-03-28,11.901444435119629,32.209999084472656,32.11000061035156,32.59000015258789,31.959999084472656,17046200,VALE,Factor,2026-09-24
2011-03-29,12.182255744934082,32.970001220703125,32.369998931884766,33.16999816894531,32.290000915527344,24697500,VALE,Factor,2026-09-24
2011-03-30,12.16378116607666,32.91999816894531,33.220001220703125,33.27000045776367,32.77000045776367,24610700,VALE,Factor,2026-09-24
2011-03-31,12.322668075561523,33.349998474121094,32.9900016784668,33.470001220703125,32.709999084472656,19678200,VALE,Factor,2026-09-24
2011-04-01,12.35591983795166,33.439998626708984,33.709999084472656,33.7400016784668,33.0,21832200,VALE,Factor,2026-09-24
2011-04-04,12.5184965133667,33.880001068115234,33.47999954223633,34.0,33.04999923706055,22935600,VALE,Factor,2026-09-24
2011-04-05,12.662604331970215,34.27000045776367,34.06999969482422,34.54999923706055,33.779998779296875,21059000,VALE,Factor,2026-09-24
2011-04-06,12.415037155151367,33.599998474121094,34.58000183105469,34.599998474121094,33.4900016784668,29402600,VALE,Factor,2026-09-24
2011-04-07,12.440903663635254,33.66999816894531,33.779998779296875,33.86000061035156,33.38999938964844,18933400,VALE,Factor,2026-09-24
2011-04-08,12.536971092224121,33.93000030517578,34.18000030517578,34.220001220703125,33.68000030517578,17045500,VALE,Factor,2026-09-24
2011-04-11,12.548059463500977,33.959999084472656,33.9900016784668,34.279998779296875,33.63999938964844,21195900,VALE,Factor,2026-09-24
2011-04-12,12.182255744934082,32.970001220703125,33.5099983215332,33.540000915527344,32.7400016784668,23399200,VALE,Factor,2026-09-24
2011-04-13,11.967952728271484,32.38999938964844,33.290000915527344,33.290000915527344,32.380001068115234,26541500,VALE,Factor,2026-09-24
2011-04-14,12.208377838134766,32.650001525878906,32.16999816894531,32.75,31.969999313354492,22522600,VALE,Factor,2026-09-24
2011-04-15,12.256987571716309,32.779998779296875,32.790000915527344,32.849998474121094,32.41999816894531,12846800,VALE,Factor,2026-09-24
2011-04-18,11.984025955200195,32.04999923706055,32.06999969482422,32.150001525878906,31.530000686645508,17344000,VALE,Factor,2026-09-24
2011-04-19,12.20463752746582,32.63999938964844,32.27000045776367,32.7400016784668,32.150001525878906,16031700,VALE,Factor,2026-09-24
2011-04-20,12.42151165008545,33.220001220703125,33.22999954223633,33.459999084472656,33.040000915527344,16795000,VALE,Factor,2026-09-24
2011-04-21,12.54116439819336,33.540000915527344,33.43000030517578,33.72999954223633,33.400001525878906,11261200,VALE,Factor,2026-09-24
2011-04-25,12.552376747131348,33.56999969482422,33.349998474121094,33.65999984741211,33.15999984741211,13587300,VALE,Factor,2026-09-24
2011-04-26,12.630900382995605,33.779998779296875,33.65999984741211,34.7400016784668,33.4900016784668,12200000,VALE,Factor,2026-09-24
2011-04-27,12.507513999938965,33.45000076293945,33.849998474121094,33.880001068115234,32.959999084472656,17659500,VALE,Factor,2026-09-24
2011-04-28,12.372901916503906,33.09000015258789,32.97999954223633,33.209999084472656,32.70000076293945,18067000,VALE,Factor,2026-09-24
2011-04-29,12.48881721496582,33.400001525878906,33.0099983215332,33.650001525878906,33.0099983215332,14731000,VALE,Factor,2026-09-24
2011-05-02,12.28689956665039,32.86000061035156,33.310001373291016,33.45000076293945,32.72999954223633,15442300,VALE,Factor,2026-09-24
2011-05-03,11.96533203125,32.0,32.29999923706055,32.45000076293945,31.8700008392334,22270400,VALE,Factor,2026-09-24
2011-05-04,11.554025650024414,30.899999618530273,31.829999923706055,31.969999313354492,30.81999969482422,35569300,VALE,Factor,2026-09-24
2011-05-05,11.557760238647461,30.90999984741211,30.799999237060547,31.280000686645508,30.510000228881836,24846500,VALE,Factor,2026-09-24
2011-05-06,11.598892211914062,31.020000457763672,31.43000030517578,31.700000762939453,30.84000015258789,21851900,VALE,Factor,2026-09-24
2011-05-09,11.711068153381348,31.31999969482422,31.030000686645508,31.43000030517578,30.770000457763672,16105600,VALE,Factor,2026-09-24
2011-05-10,11.767157554626465,31.469999313354492,31.520000457763672,31.559999465942383,31.15999984741211,13655900,VALE,Factor,2026-09-24
2011-05-11,11.344630241394043,30.34000015258789,30.90999984741211,30.959999084472656,30.110000610351562,25066000,VALE,Factor,2026-09-24
2011-05-12,11.333414077758789,30.309999465942383,29.950000762939453,30.639999389648438,29.43000030517578,25865700,VALE,Factor,2026-09-24
2011-05-13,11.10158634185791,29.690000534057617,30.040000915527344,30.190000534057617,29.280000686645508,24550400,VALE,Factor,2026-09-24
2011-05-16,10.993151664733887,29.399999618530273,29.510000228881836,30.270000457763672,29.3799991607666,23684000,VALE,Factor,2026-09-24
2011-05-17,11.165149688720703,29.860000610351562,29.350000381469727,30.06999969482422,29.190000534057617,20875900,VALE,Factor,2026-09-24
2011-05-18,11.337152481079102,30.31999969482422,30.190000534057617,30.530000686645508,29.989999771118164,17978400,VALE,Factor,2026-09-24
2011-05-19,11.385762214660645,30.450000762939453,30.600000381469727,30.719999313354492,30.280000686645508,19597400,VALE,Factor,2026-09-24
2011-05-20,11.370803833007812,30.40999984741211,30.6299991607666,30.719999313354492,30.09000015258789,20088000,VALE,Factor,2026-09-24
2011-05-23,11.296021461486816,30.209999084472656,29.610000610351562,30.25,29.510000228881836,16161900,VALE,Factor,2026-09-24
2011-05-24,11.486715316772461,30.719999313354492,30.719999313354492,30.829999923706055,30.450000762939453,17407800,VALE,Factor,2026-09-24
2011-05-25,11.445588111877441,30.610000610351562,30.440000534057617,30.850000381469727,30.420000076293945,15956500,VALE,Factor,2026-09-24
2011-05-26,11.696111679077148,31.280000686645508,30.610000610351562,31.399999618530273,30.549999237060547,15367900,VALE,Factor,2026-09-24
2011-05-27,11.920462608337402,31.8799991607666,31.65999984741211,32.130001068115234,31.420000076293945,16684500,VALE,Factor,2026-09-24
2011-05-31,12.06255054473877,32.2599983215332,32.29999923706055,32.41999816894531,31.760000228881836,21325300,VALE,Factor,2026-09-24
2011-06-01,11.81202507019043,31.59000015258789,31.8799991607666,32.189998626708984,31.440000534057617,15164900,VALE,Factor,2026-09-24
2011-06-02,11.924199104309082,31.889999389648438,31.6299991607666,32.040000915527344,31.40999984741211,17746500,VALE,Factor,2026-09-24
2011-06-03,11.853155136108398,31.700000762939453,31.420000076293945,31.950000762939453,31.3799991607666,17976100,VALE,Factor,2026-09-24
2011-06-06,11.688631057739258,31.260000228881836,31.610000610351562,31.68000030517578,31.149999618530273,10440600,VALE,Factor,2026-09-24
2011-06-07,11.66246223449707,31.190000534057617,31.559999465942383,31.700000762939453,31.15999984741211,15620400,VALE,Factor,2026-09-24
2011-06-08,11.654980659484863,31.170000076293945,31.149999618530273,31.299999237060547,30.899999618530273,11279100,VALE,Factor,2026-09-24
2011-06-09,11.740983009338379,31.399999618530273,31.020000457763672,31.56999969482422,31.0,10910900,VALE,Factor,2026-09-24
2011-06-10,11.561501502990723,30.920000076293945,31.25,31.329999923706055,30.690000534057617,13073600,VALE,Factor,2026-09-24
2011-06-13,11.385762214660645,30.450000762939453,30.920000076293945,31.020000457763672,30.40999984741211,13054600,VALE,Factor,2026-09-24
2011-06-14,11.50167465209961,30.760000228881836,30.709999084472656,30.84000015258789,30.450000762939453,13011200,VALE,Factor,2026-09-24
2011-06-15,11.307239532470703,30.239999771118164,30.09000015258789,30.350000381469727,29.90999984741211,15952100,VALE,Factor,2026-09-24
2011-06-16,11.153935432434082,29.829999923706055,29.899999618530273,30.219999313354492,29.420000076293945,17517100,VALE,Factor,2026-09-24
2011-06-17,11.165149688720703,29.860000610351562,30.010000228881836,30.06999969482422,29.540000915527344,15176200,VALE,Factor,2026-09-24
2011-06-20,11.288543701171875,30.190000534057617,29.780000686645508,30.399999618530273,29.729999542236328,11598600,VALE,Factor,2026-09-24
2011-06-21,11.46428394317627,30.65999984741211,30.579999923706055,30.940000534057617,30.43000030517578,14742000,VALE,Factor,2026-09-24
2011-06-22,11.4941987991333,30.739999771118164,30.56999969482422,31.170000076293945,30.520000457763672,14652200,VALE,Factor,2026-09-24
2011-06-23,11.4941987991333,30.739999771118164,30.190000534057617,30.770000457763672,30.030000686645508,10845400,VALE,Factor,2026-09-24
2011-06-24,11.46428394317627,30.65999984741211,30.979999542236328,31.030000686645508,30.59000015258789,9782800,VALE,Factor,2026-09-24
2011-06-27,11.471761703491211,30.68000030517578,30.549999237060547,30.829999923706055,30.3700008392334,11782100,VALE,Factor,2026-09-24
2011-06-28,11.71480941772461,31.329999923706055,30.850000381469727,31.3700008392334,30.780000686645508,11343400,VALE,Factor,2026-09-24
2011-06-29,11.804546356201172,31.56999969482422,31.40999984741211,31.700000762939453,31.219999313354492,13860200,VALE,Factor,2026-09-24
2011-06-30,11.946633338928223,31.950000762939453,31.790000915527344,32.029998779296875,31.649999618530273,12351100,VALE,Factor,2026-09-24
2011-07-01,12.500032424926758,33.43000030517578,32.5099983215332,33.529998779296875,32.2599983215332,24872100,VALE,Factor,2026-09-24
2011-07-05,12.391596794128418,33.13999938964844,33.33000183105469,33.45000076293945,33.0099983215332,14466000,VALE,Factor,2026-09-24
2011-07-06,12.294378280639648,32.880001068115234,32.880001068115234,33.04999923706055,32.619998931884766,13847700,VALE,Factor,2026-09-24
2011-07-07,12.47011947631836,33.349998474121094,33.29999923706055,33.59000015258789,33.209999084472656,15794500,VALE,Factor,2026-09-24
2011-07-08,12.387859344482422,33.130001068115234,32.970001220703125,33.16999816894531,32.779998779296875,13078900,VALE,Factor,2026-09-24
2011-07-11,12.103683471679688,32.369998931884766,32.52000045776367,32.54999923706055,32.189998626708984,14646700,VALE,Factor,2026-09-24
2011-07-12,12.144814491271973,32.47999954223633,32.150001525878906,32.86000061035156,32.119998931884766,15599800,VALE,Factor,2026-09-24
2011-07-13,12.294378280639648,32.880001068115234,32.7599983215332,33.220001220703125,32.529998779296875,17284000,VALE,Factor,2026-09-24
2011-07-14,12.043856620788574,32.209999084472656,32.93000030517578,32.97999954223633,32.09000015258789,16819100,VALE,Factor,2026-09-24
2011-07-15,12.129855155944824,32.439998626708984,32.45000076293945,32.47999954223633,32.11000061035156,12483200,VALE,Factor,2026-09-24
2011-07-18,12.088726043701172,32.33000183105469,32.09000015258789,32.4900016784668,32.02000045776367,12924900,VALE,Factor,2026-09-24
2011-07-19,12.283161163330078,32.849998474121094,32.68000030517578,32.88999938964844,32.45000076293945,15945900,VALE,Factor,2026-09-24
2011-07-20,12.331768989562988,32.97999954223633,32.810001373291016,33.029998779296875,32.54999923706055,16411500,VALE,Factor,2026-09-24
2011-07-21,12.462644577026367,33.33000183105469,33.06999969482422,33.540000915527344,32.84000015258789,16116500,VALE,Factor,2026-09-24
2011-07-22,12.481334686279297,33.380001068115234,33.38999938964844,33.470001220703125,33.02000045776367,10111700,VALE,Factor,2026-09-24
2011-07-25,12.533684730529785,33.52000045776367,33.310001373291016,33.689998626708984,33.150001525878906,9961500,VALE,Factor,2026-09-24
2011-07-26,12.544900894165039,33.54999923706055,33.68000030517578,33.7400016784668,33.33000183105469,12352000,VALE,Factor,2026-09-24
2011-07-27,12.27942180633545,32.84000015258789,33.130001068115234,33.189998626708984,32.650001525878906,18363200,VALE,Factor,2026-09-24
2011-07-28,12.298117637634277,32.88999938964844,32.77000045776367,33.099998474121094,32.630001068115234,13116000,VALE,Factor,2026-09-24
2011-07-29,12.129855155944824,32.439998626708984,32.689998626708984,32.70000076293945,32.040000915527344,28621500,VALE,Factor,2026-09-24
2011-08-01,12.152292251586914,32.5,32.93000030517578,32.970001220703125,32.11000061035156,17712100,VALE,Factor,2026-09-24
2011-08-02,11.793331146240234,31.540000915527344,32.22999954223633,32.459999084472656,31.540000915527344,18400400,VALE,Factor,2026-09-24
2011-08-03,11.572718620300293,30.950000762939453,31.309999465942383,31.469999313354492,29.889999389648438,32568600,VALE,Factor,2026-09-24
2011-08-04,10.765063285827637,28.790000915527344,29.760000228881836,29.809999465942383,28.59000015258789,39832300,VALE,Factor,2026-09-24
2011-08-05,10.462187767028809,27.979999542236328,29.219999313354492,29.440000534057617,26.8700008392334,48190300,VALE,Factor,2026-09-24
2011-08-08,9.340436935424805,24.979999542236328,26.15999984741211,26.639999389648438,24.780000686645508,45646600,VALE,Factor,2026-09-24
2011-08-09,9.912528991699219,26.510000228881836,26.350000381469727,26.540000915527344,24.8700008392334,31540500,VALE,Factor,2026-09-24
2011-08-10,9.59469985961914,25.65999984741211,25.920000076293945,26.579999923706055,25.520000457763672,32130500,VALE,Factor,2026-09-24
2011-08-11,10.080789566040039,26.959999084472656,26.3700008392334,27.270000457763672,24.079999923706055,26729900,VALE,Factor,2026-09-24
2011-08-12,10.143835067749023,26.549999237060547,26.670000076293945,26.950000762939453,26.290000915527344,19736800,VALE,Factor,2026-09-24
2011-08-15,10.399816513061523,27.219999313354492,27.049999237060547,27.489999771118164,27.0,17236700,VALE,Factor,2026-09-24
2011-08-16,10.334863662719727,27.049999237060547,26.979999542236328,27.43000030517578,26.719999313354492,18829000,VALE,Factor,2026-09-24
2011-08-17,10.606132507324219,27.760000228881836,27.299999237060547,27.780000686645508,27.209999084472656,16655900,VALE,Factor,2026-09-24
2011-08-18,9.952800750732422,26.049999237060547,26.149999618530273,26.229999542236328,25.489999771118164,25348100,VALE,Factor,2026-09-24
2011-08-19,9.792333602905273,25.6299991607666,25.68000030517578,26.530000686645508,25.59000015258789,20265200,VALE,Factor,2026-09-24
2011-08-22,9.77705192565918,25.59000015258789,26.350000381469727,26.350000381469727,25.530000686645508,14280500,VALE,Factor,2026-09-24
2011-08-23,10.120909690856934,26.489999771118164,25.84000015258789,26.5,25.540000915527344,14343800,VALE,Factor,2026-09-24
2011-08-24,10.15529727935791,26.579999923706055,26.3799991607666,26.729999542236328,26.040000915527344,12760600,VALE,Factor,2026-09-24
2011-08-25,10.021571159362793,26.229999542236328,26.510000228881836,26.639999389648438,25.8700008392334,16844900,VALE,Factor,2026-09-24
2011-08-26,10.289017677307129,26.93000030517578,26.09000015258789,27.0,25.649999618530273,18420700,VALE,Factor,2026-09-24
2011-08-29,10.541180610656738,27.59000015258789,27.360000610351562,27.65999984741211,27.200000762939453,13793800,VALE,Factor,2026-09-24
2011-08-30,10.632879257202148,27.829999923706055,27.450000762939453,28.020000457763672,27.350000381469727,12206100,VALE,Factor,2026-09-24
2011-08-31,10.78952407836914,28.239999771118164,28.09000015258789,28.399999618530273,27.81999969482422,14595000,VALE,Factor,2026-09-24
2011-09-01,10.770421981811523,28.190000534057617,28.209999084472656,28.40999984741211,27.969999313354492,19380500,VALE,Factor,2026-09-24
2011-09-02,10.415099143981934,27.260000228881836,27.40999984741211,27.520000457763672,26.860000610351562,12054700,VALE,Factor,2026-09-24
2011-09-06,10.346327781677246,27.079999923706055,25.989999771118164,27.110000610351562,25.940000534057617,15820800,VALE,Factor,2026-09-24
2011-09-07,10.705470085144043,28.020000457763672,27.739999771118164,28.209999084472656,27.270000457763672,14203300,VALE,Factor,2026-09-24
2011-09-08,10.564104080200195,27.649999618530273,27.5,28.0,27.450000762939453,16293000,VALE,Factor,2026-09-24
2011-09-09,10.193500518798828,26.68000030517578,27.020000457763672,27.040000915527344,26.520000457763672,15870200,VALE,Factor,2026-09-24
2011-09-12,10.18204116821289,26.649999618530273,26.200000762939453,26.75,25.770000457763672,16611500,VALE,Factor,2026-09-24
2011-09-13,10.227888107299805,26.770000457763672,26.709999084472656,26.979999542236328,26.360000610351562,14489800,VALE,Factor,2026-09-24
2011-09-14,10.239348411560059,26.799999237060547,26.739999771118164,27.110000610351562,26.010000228881836,16985700,VALE,Factor,2026-09-24
2011-09-15,10.42656421661377,27.290000915527344,27.489999771118164,27.600000381469727,27.020000457763672,16706200,VALE,Factor,2026-09-24
2011-09-16,10.369253158569336,27.139999389648438,27.399999618530273,27.489999771118164,27.059999465942383,14052000,VALE,Factor,2026-09-24
2011-09-19,10.204963684082031,26.709999084472656,26.3799991607666,26.81999969482422,25.979999542236328,16597100,VALE,Factor,2026-09-24
2011-09-20,10.220248222351074,26.75,26.75,27.329999923706055,26.450000762939453,14286700,VALE,Factor,2026-09-24
2011-09-21,9.673892974853516,25.31999969482422,26.559999465942383,26.639999389648438,25.290000915527344,26636900,VALE,Factor,2026-09-24
2011-09-22,9.028204917907715,23.6299991607666,23.8700008392334,24.479999542236328,23.239999771118164,35131100,VALE,Factor,2026-09-24
2011-09-23,9.165745735168457,23.989999771118164,23.420000076293945,24.190000534057617,23.219999313354492,23332600,VALE,Factor,2026-09-24
2011-09-26,9.184849739074707,24.040000915527344,23.950000762939453,24.059999465942383,23.100000381469727,24466200,VALE,Factor,2026-09-24
2011-09-27,9.387344360351562,24.56999969482422,24.889999389648438,25.200000762939453,24.489999771118164,27791600,VALE,Factor,2026-09-24
2011-09-28,9.230696678161621,24.15999984741211,24.3700008392334,24.8700008392334,24.049999237060547,22731300,VALE,Factor,2026-09-24
2011-09-29,9.119897842407227,23.8700008392334,24.40999984741211,24.559999465942383,23.360000610351562,29766000,VALE,Factor,2026-09-24
2011-09-30,8.711088180541992,22.799999237060547,23.25,23.479999542236328,22.559999465942383,32455100,VALE,Factor,2026-09-24
2011-10-03,8.351946830749512,21.860000610351562,22.40999984741211,22.709999084472656,21.850000381469727,32553200,VALE,Factor,2026-09-24
2011-10-04,8.401616096496582,21.989999771118164,21.700000762939453,22.020000457763672,21.139999389648438,30900000,VALE,Factor,2026-09-24
2011-10-05,8.730191230773926,22.850000381469727,22.309999465942383,22.959999084472656,22.040000915527344,20394600,VALE,Factor,2026-09-24
2011-10-06,9.119897842407227,23.8700008392334,23.360000610351562,23.8700008392334,23.190000534057617,26126700,VALE,Factor,2026-09-24
2011-10-07,8.925043106079102,23.360000610351562,24.09000015258789,24.200000762939453,23.100000381469727,15808200,VALE,Factor,2026-09-24
2011-10-10,9.257441520690918,24.229999542236328,23.920000076293945,24.299999237060547,23.8799991607666,16918100,VALE,Factor,2026-09-24
2011-10-11,9.391164779663086,24.579999923706055,24.010000228881836,24.610000610351562,23.8700008392334,17313900,VALE,Factor,2026-09-24
2011-10-12,9.635686874389648,25.219999313354492,25.1200008392334,25.68000030517578,25.030000686645508,18825400,VALE,Factor,2026-09-24
2011-10-13,9.597478866577148,25.1200008392334,24.950000762939453,25.15999984741211,24.399999618530273,18850500,VALE,Factor,2026-09-24
2011-10-14,9.712098121643066,25.420000076293945,25.3700008392334,25.510000228881836,25.110000610351562,15803900,VALE,Factor,2026-09-24
2011-10-17,9.11352252960205,23.309999465942383,24.3799991607666,24.489999771118164,23.190000534057617,24740600,VALE,Factor,2026-09-24
2011-10-18,9.262091636657715,23.690000534057617,22.979999542236328,23.81999969482422,22.6200008392334,22924100,VALE,Factor,2026-09-24
2011-10-19,8.839842796325684,22.610000610351562,23.239999771118164,23.280000686645508,22.420000076293945,31573300,VALE,Factor,2026-09-24
2011-10-20,8.683453559875488,22.209999084472656,22.239999771118164,22.459999084472656,21.729999542236328,22436600,VALE,Factor,2026-09-24
2011-10-21,8.918035507202148,22.809999465942383,22.610000610351562,23.010000228881836,22.489999771118164,15211100,VALE,Factor,2026-09-24
2011-10-24,9.610055923461914,24.579999923706055,23.270000457763672,24.65999984741211,23.1200008392334,29683000,VALE,Factor,2026-09-24
2011-10-25,9.41848087310791,24.09000015258789,24.350000381469727,24.399999618530273,23.8700008392334,25593200,VALE,Factor,2026-09-24
2011-10-26,9.727347373962402,24.8799991607666,24.75,24.969999313354492,24.049999237060547,23562100,VALE,Factor,2026-09-24
2011-10-27,10.345081329345703,26.459999084472656,26.09000015258789,26.790000915527344,25.530000686645508,40333100,VALE,Factor,2026-09-24
2011-10-28,10.407637596130371,26.6200008392334,25.920000076293945,26.68000030517578,25.90999984741211,16660900,VALE,Factor,2026-09-24
2011-10-31,9.934563636779785,25.40999984741211,25.969999313354492,25.969999313354492,25.40999984741211,19748700,VALE,Factor,2026-09-24
2011-11-01,9.621784210205078,24.610000610351562,24.110000610351562,24.8799991607666,23.920000076293945,25452100,VALE,Factor,2026-09-24
2011-11-02,9.813362121582031,25.100000381469727,25.209999084472656,25.40999984741211,24.729999542236328,14871900,VALE,Factor,2026-09-24
2011-11-03,10.063580513000488,25.739999771118164,25.469999313354492,25.8799991607666,25.209999084472656,22429500,VALE,Factor,2026-09-24
2011-11-04,10.212150573730469,26.1200008392334,25.84000015258789,26.18000030517578,25.579999923706055,17319000,VALE,Factor,2026-09-24
2011-11-07,10.290346145629883,26.31999969482422,26.209999084472656,26.479999542236328,26.049999237060547,13460600,VALE,Factor,2026-09-24
2011-11-08,10.34898853302002,26.469999313354492,26.68000030517578,26.68000030517578,25.950000762939453,12244800,VALE,Factor,2026-09-24
2011-11-09,9.844637870788574,25.18000030517578,25.68000030517578,25.829999923706055,25.100000381469727,20014900,VALE,Factor,2026-09-24
2011-11-10,9.934563636779785,25.40999984741211,25.899999618530273,25.979999542236328,25.209999084472656,12879800,VALE,Factor,2026-09-24
2011-11-11,10.16132640838623,25.989999771118164,25.81999969482422,26.239999771118164,25.770000457763672,10136400,VALE,Factor,2026-09-24
2011-11-14,10.06749153137207,25.75,25.729999542236328,25.8700008392334,25.469999313354492,8507700,VALE,Factor,2026-09-24
2011-11-15,10.169144630432129,26.010000228881836,25.5,26.299999237060547,25.489999771118164,12728300,VALE,Factor,2026-09-24
2011-11-16,9.965840339660645,25.489999771118164,25.59000015258789,26.0,25.399999618530273,11807000,VALE,Factor,2026-09-24
2011-11-17,9.707799911499023,24.829999923706055,25.5,25.649999618530273,24.610000610351562,20126100,VALE,Factor,2026-09-24
2011-11-18,9.696070671081543,24.799999237060547,24.90999984741211,24.989999771118164,24.34000015258789,18742700,VALE,Factor,2026-09-24
2011-11-21,9.508401870727539,24.31999969482422,24.1299991607666,24.469999313354492,23.719999313354492,19259600,VALE,Factor,2026-09-24
2011-11-22,9.355923652648926,23.93000030517578,24.09000015258789,24.360000610351562,23.709999084472656,16204400,VALE,Factor,2026-09-24
2011-11-23,8.859391212463379,22.65999984741211,23.219999313354492,23.299999237060547,22.579999923706055,19122500,VALE,Factor,2026-09-24
2011-11-25,8.562253952026367,21.899999618530273,22.3700008392334,22.600000381469727,21.760000228881836,16521400,VALE,Factor,2026-09-24
2011-11-28,8.914129257202148,22.799999237060547,22.760000228881836,22.969999313354492,22.469999313354492,17802500,VALE,Factor,2026-09-24
2011-11-29,8.671727180480957,22.18000030517578,22.299999237060547,22.670000076293945,22.1200008392334,17958400,VALE,Factor,2026-09-24
2011-11-30,9.09006404876709,23.25,23.309999465942383,23.6299991607666,22.8700008392334,23271000,VALE,Factor,2026-09-24
2011-12-01,9.054878234863281,23.15999984741211,23.170000076293945,23.559999465942383,23.0,14125600,VALE,Factor,2026-09-24
2011-12-02,9.1878080368042,23.5,23.780000686645508,23.950000762939453,23.3799991607666,15700200,VALE,Factor,2026-09-24
2011-12-05,9.461488723754883,24.200000762939453,24.049999237060547,24.290000915527344,23.940000534057617,15157600,VALE,Factor,2026-09-24
2011-12-06,9.371562004089355,23.969999313354492,23.889999389648438,24.200000762939453,23.719999313354492,12073000,VALE,Factor,2026-09-24
2011-12-07,8.984502792358398,22.979999542236328,23.790000915527344,23.799999237060547,22.770000457763672,30692200,VALE,Factor,2026-09-24
2011-12-08,8.620901107788086,22.049999237060547,22.65999984741211,22.739999771118164,21.950000762939453,21096900,VALE,Factor,2026-09-24
2011-12-09,8.914129257202148,22.799999237060547,22.209999084472656,22.93000030517578,22.09000015258789,18219100,VALE,Factor,2026-09-24
2011-12-12,8.601347923278809,22.0,22.1299991607666,22.15999984741211,21.690000534057617,18346300,VALE,Factor,2026-09-24
2011-12-13,8.386317253112793,21.450000762939453,22.100000381469727,22.290000915527344,21.280000686645508,16691700,VALE,Factor,2026-09-24
2011-12-14,8.265116691589355,21.139999389648438,21.280000686645508,21.600000381469727,21.010000228881836,15168800,VALE,Factor,2026-09-24
2011-12-15,8.20647144317627,20.989999771118164,21.440000534057617,21.469999313354492,20.899999618530273,13117000,VALE,Factor,2026-09-24
2011-12-16,8.24556827545166,21.09000015258789,21.139999389648438,21.260000228881836,20.889999389648438,16939800,VALE,Factor,2026-09-24
2011-12-19,8.018805503845215,20.510000228881836,21.0,21.100000381469727,20.459999084472656,12031700,VALE,Factor,2026-09-24
2011-12-20,8.40977668762207,21.510000228881836,21.1299991607666,21.65999984741211,21.059999465942383,12953900,VALE,Factor,2026-09-24
2011-12-21,8.413686752319336,21.520000457763672,21.170000076293945,21.670000076293945,21.0,11923000,VALE,Factor,2026-09-24
2011-12-22,8.601347923278809,22.0,21.549999237060547,22.059999465942383,21.450000762939453,10389400,VALE,Factor,2026-09-24
2011-12-23,8.652178764343262,22.1299991607666,22.010000228881836,22.15999984741211,21.889999389648438,9165100,VALE,Factor,2026-09-24
2011-12-27,8.60526180267334,22.010000228881836,21.84000015258789,22.079999923706055,21.84000015258789,9656100,VALE,Factor,2026-09-24
2011-12-28,8.308124542236328,21.25,21.850000381469727,21.850000381469727,21.110000610351562,11248100,VALE,Factor,2026-09-24
2011-12-29,8.323763847351074,21.290000915527344,21.299999237060547,21.440000534057617,21.139999389648438,8288600,VALE,Factor,2026-09-24
2011-12-30,8.386317253112793,21.450000762939453,21.209999084472656,21.59000015258789,21.209999084472656,5101000,VALE,Factor,2026-09-24
2012-01-03,9.070516586303711,23.200000762939453,22.6200008392334,23.43000030517578,22.530000686645508,20775200,VALE,Factor,2026-09-24
2012-01-04,9.14480209350586,23.389999389648438,23.149999618530273,23.530000686645508,22.959999084472656,12636400,VALE,Factor,2026-09-24
2012-01-05,8.894579887390137,22.75,23.049999237060547,23.06999969482422,22.600000381469727,10007600,VALE,Factor,2026-09-24
2012-01-06,8.742101669311523,22.360000610351562,22.770000457763672,22.799999237060547,22.18000030517578,14574000,VALE,Factor,2026-09-24
2012-01-09,8.796833992004395,22.5,22.68000030517578,22.709999084472656,22.280000686645508,8678200,VALE,Factor,2026-09-24
2012-01-10,8.93367862701416,22.850000381469727,23.229999542236328,23.299999237060547,22.799999237060547,13471300,VALE,Factor,2026-09-24
2012-01-11,9.06269645690918,23.18000030517578,22.81999969482422,23.270000457763672,22.75,13933300,VALE,Factor,2026-09-24
2012-01-12,9.105703353881836,23.290000915527344,23.25,23.299999237060547,22.829999923706055,23754600,VALE,Factor,2026-09-24
2012-01-13,8.839842796325684,22.610000610351562,22.739999771118164,22.760000228881836,22.18000030517578,34780900,VALE,Factor,2026-09-24
2012-01-17,9.316827774047852,23.829999923706055,23.329999923706055,24.0,23.239999771118164,22448300,VALE,Factor,2026-09-24
2012-01-18,9.567049026489258,24.469999313354492,24.0,24.530000686645508,23.8700008392334,24800800,VALE,Factor,2026-09-24
2012-01-19,9.590507507324219,24.530000686645508,24.270000457763672,24.579999923706055,24.139999389648438,17253800,VALE,Factor,2026-09-24
2012-01-20,9.465396881103516,24.209999084472656,24.31999969482422,24.479999542236328,24.06999969482422,17096600,VALE,Factor,2026-09-24
2012-01-23,9.524041175842285,24.360000610351562,24.399999618530273,24.600000381469727,24.110000610351562,20731300,VALE,Factor,2026-09-24
2012-01-24,9.586599349975586,24.520000457763672,24.1200008392334,24.549999237060547,23.709999084472656,24173000,VALE,Factor,2026-09-24
2012-01-25,9.78990364074707,25.040000915527344,24.329999923706055,25.299999237060547,24.1200008392334,19152500,VALE,Factor,2026-09-24
2012-01-26,9.633512496948242,24.639999389648438,25.110000610351562,25.350000381469727,24.34000015258789,24397500,VALE,Factor,2026-09-24
2012-01-27,9.664791107177734,24.719999313354492,24.59000015258789,24.8700008392334,24.510000228881836,12584900,VALE,Factor,2026-09-24
2012-01-30,9.68433952331543,24.770000457763672,24.190000534057617,24.889999389648438,24.040000915527344,18053900,VALE,Factor,2026-09-24
2012-01-31,9.89155387878418,25.299999237060547,25.469999313354492,25.649999618530273,24.90999984741211,30961600,VALE,Factor,2026-09-24
2012-02-01,10.188692092895508,26.059999465942383,25.940000534057617,26.43000030517578,25.780000686645508,28581800,VALE,Factor,2026-09-24
2012-02-02,10.282526969909668,26.299999237060547,26.299999237060547,26.559999465942383,26.09000015258789,20484000,VALE,Factor,2026-09-24
2012-02-03,10.403729438781738,26.610000610351562,26.6299991607666,26.8700008392334,26.469999313354492,16905100,VALE,Factor,2026-09-24
2012-02-06,10.372447967529297,26.530000686645508,26.540000915527344,26.649999618530273,26.329999923706055,11023000,VALE,Factor,2026-09-24
2012-02-07,10.36462688446045,26.510000228881836,26.510000228881836,26.59000015258789,26.1299991607666,12800300,VALE,Factor,2026-09-24
2012-02-08,10.329439163208008,26.420000076293945,26.639999389648438,26.719999313354492,26.309999465942383,12208800,VALE,Factor,2026-09-24
2012-02-09,10.243428230285645,26.200000762939453,26.270000457763672,26.270000457763672,25.90999984741211,12121700,VALE,Factor,2026-09-24
2012-02-10,10.06749153137207,25.75,25.600000381469727,25.75,25.360000610351562,18430900,VALE,Factor,2026-09-24
2012-02-13,10.259068489074707,26.239999771118164,26.200000762939453,26.3799991607666,25.989999771118164,12330400,VALE,Factor,2026-09-24
2012-02-14,10.07140064239502,25.760000228881836,26.030000686645508,26.09000015258789,25.43000030517578,18154600,VALE,Factor,2026-09-24
2012-02-15,9.87591552734375,25.260000228881836,25.8700008392334,25.8700008392334,24.969999313354492,18643100,VALE,Factor,2026-09-24
2012-02-16,9.903285026550293,25.329999923706055,24.81999969482422,25.540000915527344,24.6200008392334,21777600,VALE,Factor,2026-09-24
2012-02-17,9.758623123168945,24.959999084472656,25.59000015258789,25.6200008392334,24.739999771118164,20893500,VALE,Factor,2026-09-24
2012-02-21,9.844637870788574,25.18000030517578,25.219999313354492,25.469999313354492,25.100000381469727,14324900,VALE,Factor,2026-09-24
2012-02-22,9.813362121582031,25.100000381469727,25.31999969482422,25.3799991607666,24.959999084472656,9736300,VALE,Factor,2026-09-24
2012-02-23,9.985386848449707,25.540000915527344,25.31999969482422,25.65999984741211,25.020000457763672,15194000,VALE,Factor,2026-09-24
2012-02-24,10.044034004211426,25.690000534057617,25.84000015258789,26.040000915527344,25.6299991607666,10715000,VALE,Factor,2026-09-24
2012-02-27,9.965840339660645,25.489999771118164,25.56999969482422,25.610000610351562,25.31999969482422,11306600,VALE,Factor,2026-09-24
2012-02-28,10.126136779785156,25.899999618530273,25.639999389648438,25.940000534057617,25.299999237060547,14129900,VALE,Factor,2026-09-24
2012-02-29,9.828999519348145,25.139999389648438,25.959999084472656,26.239999771118164,25.110000610351562,25351500,VALE,Factor,2026-09-24
2012-03-01,10.020575523376465,25.6299991607666,25.450000762939453,25.850000381469727,25.3799991607666,10809100,VALE,Factor,2026-09-24
2012-03-02,10.040125846862793,25.68000030517578,25.530000686645508,25.75,25.34000015258789,11037900,VALE,Factor,2026-09-24
2012-03-05,9.67261028289795,24.739999771118164,25.280000686645508,25.290000915527344,24.600000381469727,17639400,VALE,Factor,2026-09-24
2012-03-06,9.133071899414062,23.360000610351562,23.84000015258789,23.850000381469727,23.059999465942383,37915700,VALE,Factor,2026-09-24
2012-03-07,9.00796127319336,23.040000915527344,22.8700008392334,23.200000762939453,22.600000381469727,30362200,VALE,Factor,2026-09-24
2012-03-08,9.105703353881836,23.290000915527344,23.459999084472656,23.579999923706055,23.030000686645508,14982300,VALE,Factor,2026-09-24
2012-03-09,9.01969051361084,23.06999969482422,23.15999984741211,23.3799991607666,22.920000076293945,14496100,VALE,Factor,2026-09-24
2012-03-12,8.789017677307129,22.479999542236328,22.600000381469727,22.899999618530273,22.239999771118164,28191900,VALE,Factor,2026-09-24
2012-03-13,9.234724044799805,23.6200008392334,22.59000015258789,23.700000762939453,22.520000457763672,29537800,VALE,Factor,2026-09-24
2012-03-14,9.140889167785645,23.3799991607666,23.489999771118164,23.690000534057617,22.979999542236328,19427000,VALE,Factor,2026-09-24
2012-03-15,9.254271507263184,23.670000076293945,23.90999984741211,23.93000030517578,23.56999969482422,17595600,VALE,Factor,2026-09-24
2012-03-16,9.289462089538574,23.760000228881836,23.65999984741211,23.84000015258789,23.600000381469727,13575800,VALE,Factor,2026-09-24
2012-03-19,9.297276496887207,23.780000686645508,23.709999084472656,23.950000762939453,23.639999389648438,13984800,VALE,Factor,2026-09-24
2012-03-20,9.11352252960205,23.309999465942383,23.059999465942383,23.360000610351562,22.790000915527344,21146000,VALE,Factor,2026-09-24
2012-03-21,9.070516586303711,23.200000762939453,23.260000228881836,23.309999465942383,22.989999771118164,13680700,VALE,Factor,2026-09-24
2012-03-22,8.890668869018555,22.739999771118164,22.809999465942383,22.979999542236328,22.549999237060547,18323600,VALE,Factor,2026-09-24
2012-03-23,8.93367862701416,22.850000381469727,22.770000457763672,23.020000457763672,22.670000076293945,12035200,VALE,Factor,2026-09-24
2012-03-26,9.058786392211914,23.170000076293945,23.100000381469727,23.170000076293945,22.920000076293945,10847900,VALE,Factor,2026-09-24
2012-03-27,9.086155891418457,23.239999771118164,23.309999465942383,23.59000015258789,23.219999313354492,15041700,VALE,Factor,2026-09-24
2012-03-28,8.906310081481934,22.780000686645508,23.15999984741211,23.190000534057617,22.700000762939453,13603600,VALE,Factor,2026-09-24
2012-03-29,9.000143051147461,23.020000457763672,22.489999771118164,23.06999969482422,22.350000381469727,15148800,VALE,Factor,2026-09-24
2012-03-30,9.121345520019531,23.329999923706055,23.290000915527344,23.399999618530273,23.110000610351562,15274600,VALE,Factor,2026-09-24
2012-04-02,9.355923652648926,23.93000030517578,23.329999923706055,24.18000030517578,23.290000915527344,20398500,VALE,Factor,2026-09-24
2012-04-03,9.176076889038086,23.469999313354492,24.059999465942383,24.079999923706055,23.270000457763672,20997300,VALE,Factor,2026-09-24
2012-04-04,8.964953422546387,22.93000030517578,23.040000915527344,23.209999084472656,22.899999618530273,16385400,VALE,Factor,2026-09-24
2012-04-05,8.957136154174805,22.90999984741211,22.899999618530273,23.209999084472656,22.670000076293945,12933100,VALE,Factor,2026-09-24
2012-04-09,8.890668869018555,22.739999771118164,22.56999969482422,22.860000610351562,22.450000762939453,12568700,VALE,Factor,2026-09-24
2012-04-10,8.734280586242676,22.34000015258789,22.510000228881836,22.6299991607666,22.040000915527344,17483800,VALE,Factor,2026-09-24
2012-04-11,8.761650085449219,22.40999984741211,22.799999237060547,22.84000015258789,22.329999923706055,15713500,VALE,Factor,2026-09-24
2012-04-12,9.3246488571167,23.850000381469727,22.93000030517578,23.979999542236328,22.860000610351562,38907500,VALE,Factor,2026-09-24
2012-04-13,9.3246488571167,23.850000381469727,23.709999084472656,23.950000762939453,23.34000015258789,25984700,VALE,Factor,2026-09-24
2012-04-16,9.09975814819336,22.700000762939453,23.3700008392334,23.420000076293945,22.670000076293945,21590100,VALE,Factor,2026-09-24
2012-04-17,9.316226959228516,23.239999771118164,23.030000686645508,23.3700008392334,22.799999237060547,18699500,VALE,Factor,2026-09-24
2012-04-18,9.296184539794922,23.190000534057617,22.959999084472656,23.540000915527344,22.950000762939453,18032400,VALE,Factor,2026-09-24
2012-04-19,9.203985214233398,22.959999084472656,23.020000457763672,23.209999084472656,22.780000686645508,17584800,VALE,Factor,2026-09-24
2012-04-20,9.212002754211426,22.979999542236328,23.100000381469727,23.270000457763672,22.899999618530273,12478700,VALE,Factor,2026-09-24
2012-04-23,9.09975814819336,22.700000762939453,22.5,22.709999084472656,22.219999313354492,15696100,VALE,Factor,2026-09-24
2012-04-24,9.111783981323242,22.729999542236328,22.81999969482422,22.950000762939453,22.610000610351562,11109300,VALE,Factor,2026-09-24
2012-04-25,9.039628028869629,22.549999237060547,22.950000762939453,23.020000457763672,22.299999237060547,17069600,VALE,Factor,2026-09-24
2012-04-26,9.131830215454102,22.780000686645508,21.940000534057617,22.90999984741211,21.93000030517578,21103000,VALE,Factor,2026-09-24
2012-04-27,9.015575408935547,22.489999771118164,22.65999984741211,22.760000228881836,22.170000076293945,27835300,VALE,Factor,2026-09-24
2012-04-30,8.899325370788574,22.200000762939453,22.479999542236328,22.489999771118164,22.030000686645508,22023900,VALE,Factor,2026-09-24
2012-05-01,8.971479415893555,22.3799991607666,22.43000030517578,22.65999984741211,22.15999984741211,12083300,VALE,Factor,2026-09-24
2012-05-02,8.955445289611816,22.34000015258789,22.280000686645508,22.389999389648438,22.020000457763672,14455400,VALE,Factor,2026-09-24
2012-05-03,8.919367790222168,22.25,22.329999923706055,22.329999923706055,21.920000076293945,15320500,VALE,Factor,2026-09-24
2012-05-04,8.634748458862305,21.540000915527344,21.850000381469727,21.889999389648438,21.229999542236328,30567100,VALE,Factor,2026-09-24
2012-05-07,8.5946626663208,21.440000534057617,21.360000610351562,21.579999923706055,21.219999313354492,13365700,VALE,Factor,2026-09-24
2012-05-08,8.378191947937012,20.899999618530273,21.18000030517578,21.18000030517578,20.459999084472656,28011700,VALE,Factor,2026-09-24
2012-05-09,8.217844009399414,20.5,20.360000610351562,20.81999969482422,20.190000534057617,21002200,VALE,Factor,2026-09-24
2012-05-10,8.237887382507324,20.549999237060547,20.829999923706055,21.0,20.520000457763672,16910600,VALE,Factor,2026-09-24
2012-05-11,8.013402938842773,19.989999771118164,20.229999542236328,20.690000534057617,19.959999084472656,26138300,VALE,Factor,2026-09-24
2012-05-14,7.744814872741699,19.31999969482422,19.389999389648438,19.530000686645508,19.270000457763672,26011600,VALE,Factor,2026-09-24
2012-05-15,7.624556541442871,19.020000457763672,19.399999618530273,19.559999465942383,18.959999084472656,24719700,VALE,Factor,2026-09-24
2012-05-16,7.448173999786377,18.579999923706055,19.40999984741211,19.40999984741211,18.3700008392334,32269700,VALE,Factor,2026-09-24
2012-05-17,7.187605857849121,17.93000030517578,18.559999465942383,18.65999984741211,17.84000015258789,32440500,VALE,Factor,2026-09-24
2012-05-18,7.255753993988037,18.100000381469727,17.899999618530273,18.229999542236328,17.690000534057617,34305400,VALE,Factor,2026-09-24
2012-05-21,7.424121379852295,18.520000457763672,18.200000762939453,18.559999465942383,18.170000076293945,19974100,VALE,Factor,2026-09-24
2012-05-22,7.231703281402588,18.040000915527344,18.280000686645508,18.639999389648438,17.899999618530273,22199200,VALE,Factor,2026-09-24
2012-05-23,7.355973243713379,18.350000381469727,17.860000610351562,18.3799991607666,17.6200008392334,25369300,VALE,Factor,2026-09-24
2012-05-24,7.303857803344727,18.219999313354492,18.610000610351562,18.6200008392334,18.049999237060547,23603400,VALE,Factor,2026-09-24
2012-05-25,7.323902130126953,18.270000457763672,18.420000076293945,18.43000030517578,18.1299991607666,14993600,VALE,Factor,2026-09-24
2012-05-29,7.528345108032227,18.780000686645508,18.860000610351562,19.049999237060547,18.6299991607666,28151500,VALE,Factor,2026-09-24
2012-05-30,7.388040542602539,18.43000030517578,18.25,18.489999771118164,18.229999542236328,16625500,VALE,Factor,2026-09-24
2012-05-31,7.339938163757324,18.309999465942383,18.530000686645508,18.59000015258789,17.959999084472656,26497500,VALE,Factor,2026-09-24
2012-06-01,7.239717960357666,18.059999465942383,18.059999465942383,18.459999084472656,17.959999084472656,25847200,VALE,Factor,2026-09-24
2012-06-04,7.1996331214904785,17.959999084472656,18.059999465942383,18.190000534057617,17.719999313354492,17816100,VALE,Factor,2026-09-24
2012-06-05,7.283817291259766,18.170000076293945,18.1200008392334,18.270000457763672,17.940000534057617,17709500,VALE,Factor,2026-09-24
2012-06-06,7.51632022857666,18.75,18.3700008392334,18.780000686645508,18.290000915527344,17813500,VALE,Factor,2026-09-24
2012-06-07,7.716755390167236,19.25,19.260000228881836,20.059999465942383,19.15999984741211,24861700,VALE,Factor,2026-09-24
2012-06-08,7.552399158477783,18.84000015258789,18.729999542236328,18.899999618530273,18.600000381469727,16729500,VALE,Factor,2026-09-24
2012-06-11,7.355973243713379,18.350000381469727,19.139999389648438,19.15999984741211,18.31999969482422,14757800,VALE,Factor,2026-09-24
2012-06-12,7.480241775512695,18.65999984741211,18.489999771118164,18.700000762939453,18.399999618530273,14073700,VALE,Factor,2026-09-24
2012-06-13,7.4682159423828125,18.6299991607666,18.6299991607666,18.8799991607666,18.559999465942383,15368700,VALE,Factor,2026-09-24
2012-06-14,7.53235387802124,18.790000915527344,18.549999237060547,18.860000610351562,18.440000534057617,10052500,VALE,Factor,2026-09-24
2012-06-15,7.780896186828613,19.40999984741211,19.020000457763672,19.440000534057617,18.950000762939453,22193500,VALE,Factor,2026-09-24
2012-06-18,7.760851860046387,19.360000610351562,19.079999923706055,19.40999984741211,19.06999969482422,14296500,VALE,Factor,2026-09-24
2012-06-19,8.053485870361328,20.09000015258789,19.530000686645508,20.260000228881836,19.3799991607666,20808600,VALE,Factor,2026-09-24
2012-06-20,8.081548690795898,20.15999984741211,20.229999542236328,20.479999542236328,19.950000762939453,15636300,VALE,Factor,2026-09-24
2012-06-21,7.716755390167236,19.25,20.0,20.020000457763672,19.239999771118164,19210400,VALE,Factor,2026-09-24
2012-06-22,7.680677890777588,19.15999984741211,19.59000015258789,19.600000381469727,19.0,15643800,VALE,Factor,2026-09-24
2012-06-25,7.496277809143066,18.700000762939453,18.780000686645508,18.889999389648438,18.579999923706055,12872500,VALE,Factor,2026-09-24
2012-06-26,7.672659397125244,19.139999389648438,18.8799991607666,19.350000381469727,18.709999084472656,14614200,VALE,Factor,2026-09-24
2012-06-27,7.624556541442871,19.020000457763672,19.299999237060547,19.299999237060547,18.770000457763672,13553400,VALE,Factor,2026-09-24
2012-06-28,7.528345108032227,18.780000686645508,18.8799991607666,18.889999389648438,18.329999923706055,22506600,VALE,Factor,2026-09-24
2012-06-29,7.95728063583374,19.850000381469727,19.610000610351562,19.920000076293945,19.510000228881836,17659800,VALE,Factor,2026-09-24
2012-07-02,8.05749225616455,20.100000381469727,20.010000228881836,20.1200008392334,19.829999923706055,10095200,VALE,Factor,2026-09-24
2012-07-03,8.253923416137695,20.59000015258789,20.260000228881836,20.670000076293945,20.200000762939453,13132800,VALE,Factor,2026-09-24
2012-07-05,8.233877182006836,20.540000915527344,20.350000381469727,20.719999313354492,20.170000076293945,11132900,VALE,Factor,2026-09-24
2012-07-06,7.985340595245361,19.920000076293945,20.229999542236328,20.290000915527344,19.770000457763672,16664900,VALE,Factor,2026-09-24
2012-07-09,7.9252095222473145,19.770000457763672,19.860000610351562,19.90999984741211,19.610000610351562,6566300,VALE,Factor,2026-09-24
2012-07-10,7.7849040031433105,19.420000076293945,20.1299991607666,20.149999618530273,19.280000686645508,18043700,VALE,Factor,2026-09-24
2012-07-11,7.760851860046387,19.360000610351562,19.5,19.690000534057617,19.170000076293945,11604900,VALE,Factor,2026-09-24
2012-07-12,7.712746620178223,19.239999771118164,18.90999984741211,19.3700008392334,18.760000228881836,12951700,VALE,Factor,2026-09-24
2012-07-13,7.873095989227295,19.639999389648438,19.440000534057617,19.780000686645508,19.440000534057617,13713500,VALE,Factor,2026-09-24
2012-07-16,7.7849040031433105,19.420000076293945,19.59000015258789,19.649999618530273,19.31999969482422,9353700,VALE,Factor,2026-09-24
2012-07-17,7.812965393066406,19.489999771118164,19.459999084472656,19.540000915527344,19.1299991607666,11582300,VALE,Factor,2026-09-24
2012-07-18,7.820982456207275,19.510000228881836,19.200000762939453,19.559999465942383,19.0,15822800,VALE,Factor,2026-09-24
2012-07-19,7.845034122467041,19.56999969482422,19.3799991607666,19.610000610351562,19.3799991607666,14195500,VALE,Factor,2026-09-24
2012-07-20,7.648608207702637,19.079999923706055,19.260000228881836,19.350000381469727,18.959999084472656,17003100,VALE,Factor,2026-09-24
2012-07-23,7.359981060028076,18.360000610351562,18.239999771118164,18.450000762939453,18.040000915527344,13154900,VALE,Factor,2026-09-24
2012-07-24,7.03126859664917,17.540000915527344,18.360000610351562,18.399999618530273,17.40999984741211,35540500,VALE,Factor,2026-09-24
2012-07-25,6.979156017303467,17.40999984741211,17.639999389648438,17.670000076293945,16.799999237060547,24101300,VALE,Factor,2026-09-24
2012-07-26,7.0753607749938965,17.649999618530273,17.3700008392334,17.790000915527344,16.889999389648438,32310900,VALE,Factor,2026-09-24
2012-07-27,7.372008323669434,18.389999389648438,18.100000381469727,18.5,18.010000228881836,27766500,VALE,Factor,2026-09-24
2012-07-30,7.323902130126953,18.270000457763672,18.219999313354492,18.3700008392334,17.989999771118164,10269100,VALE,Factor,2026-09-24
2012-07-31,7.235711097717285,18.049999237060547,18.280000686645508,18.399999618530273,18.010000228881836,14001900,VALE,Factor,2026-09-24
2012-08-01,7.2878241539001465,18.18000030517578,18.170000076293945,18.399999618530273,17.84000015258789,13318900,VALE,Factor,2026-09-24
2012-08-02,7.147520065307617,17.829999923706055,17.850000381469727,18.229999542236328,17.700000762939453,14929800,VALE,Factor,2026-09-24
2012-08-03,7.327912330627441,18.280000686645508,18.309999465942383,18.5,18.170000076293945,12969000,VALE,Factor,2026-09-24
2012-08-06,7.4120941162109375,18.489999771118164,18.329999923706055,18.709999084472656,18.270000457763672,9563700,VALE,Factor,2026-09-24
2012-08-07,7.4120941162109375,18.489999771118164,18.649999618530273,18.780000686645508,18.440000534057617,10441500,VALE,Factor,2026-09-24
2012-08-08,7.492269515991211,18.690000534057617,18.540000915527344,18.829999923706055,18.420000076293945,13191500,VALE,Factor,2026-09-24
2012-08-09,7.5924859046936035,18.940000534057617,18.829999923706055,19.100000381469727,18.799999237060547,20921700,VALE,Factor,2026-09-24
2012-08-10,7.700719833374023,19.209999084472656,18.799999237060547,19.229999542236328,18.68000030517578,18500400,VALE,Factor,2026-09-24
2012-08-13,7.648608207702637,19.079999923706055,19.059999465942383,19.25,18.940000534057617,11943300,VALE,Factor,2026-09-24
2012-08-14,7.339938163757324,18.309999465942383,18.940000534057617,19.020000457763672,18.219999313354492,22776300,VALE,Factor,2026-09-24
2012-08-15,7.223683834075928,18.020000457763672,18.280000686645508,18.299999237060547,17.920000076293945,19727800,VALE,Factor,2026-09-24
2012-08-16,7.2878241539001465,18.18000030517578,18.139999389648438,18.209999084472656,17.90999984741211,14682500,VALE,Factor,2026-09-24
2012-08-17,7.139502048492432,17.809999465942383,18.09000015258789,18.190000534057617,17.770000457763672,18865300,VALE,Factor,2026-09-24
2012-08-20,7.207650184631348,17.979999542236328,17.719999313354492,18.06999969482422,17.440000534057617,22924700,VALE,Factor,2026-09-24
2012-08-21,7.155538082122803,17.850000381469727,18.260000228881836,18.399999618530273,17.770000457763672,18204800,VALE,Factor,2026-09-24
2012-08-22,7.163555145263672,17.8700008392334,17.75,18.0,17.6200008392334,14038000,VALE,Factor,2026-09-24
2012-08-23,6.8829450607299805,17.170000076293945,17.690000534057617,17.700000762939453,17.1200008392334,22233400,VALE,Factor,2026-09-24
2012-08-24,6.818807125091553,17.010000228881836,16.950000762939453,17.100000381469727,16.639999389648438,23214700,VALE,Factor,2026-09-24
2012-08-27,6.68651819229126,16.68000030517578,16.729999542236328,16.940000534057617,16.639999389648438,14607900,VALE,Factor,2026-09-24
2012-08-28,6.638413429260254,16.559999465942383,16.68000030517578,16.780000686645508,16.5,14791400,VALE,Factor,2026-09-24
2012-08-29,6.454013824462891,16.100000381469727,16.40999984741211,16.450000762939453,15.800000190734863,31194200,VALE,Factor,2026-09-24
2012-08-30,6.429963111877441,16.040000915527344,15.930000305175781,16.06999969482422,15.819999694824219,17927000,VALE,Factor,2026-09-24
2012-08-31,6.562248706817627,16.3700008392334,16.360000610351562,16.5,16.260000228881836,23118400,VALE,Factor,2026-09-24
2012-09-04,6.365823745727539,15.880000114440918,16.350000381469727,16.350000381469727,15.770000457763672,19798500,VALE,Factor,2026-09-24
2012-09-05,6.486085414886475,16.18000030517578,16.079999923706055,16.25,16.010000228881836,22702600,VALE,Factor,2026-09-24
2012-09-06,6.770700931549072,16.889999389648438,16.389999389648438,16.969999313354492,16.31999969482422,25560600,VALE,Factor,2026-09-24
2012-09-07,7.2276930809021,18.030000686645508,17.479999542236328,18.34000015258789,17.469999313354492,42026500,VALE,Factor,2026-09-24
2012-09-10,7.127477169036865,17.780000686645508,17.790000915527344,18.190000534057617,17.700000762939453,42115200,VALE,Factor,2026-09-24
2012-09-11,7.319894790649414,18.260000228881836,17.90999984741211,18.34000015258789,17.889999389648438,29258600,VALE,Factor,2026-09-24
2012-09-12,7.38002347946167,18.40999984741211,18.489999771118164,18.59000015258789,17.959999084472656,27831800,VALE,Factor,2026-09-24
2012-09-13,7.612530708312988,18.989999771118164,18.280000686645508,19.139999389648438,18.100000381469727,39497300,VALE,Factor,2026-09-24
2012-09-14,7.760851860046387,19.360000610351562,19.270000457763672,19.760000228881836,19.219999313354492,35890500,VALE,Factor,2026-09-24
2012-09-17,7.764860153198242,19.3700008392334,19.149999618530273,19.639999389648438,18.969999313354492,23150700,VALE,Factor,2026-09-24
2012-09-18,7.83701753616333,19.549999237060547,19.31999969482422,19.6299991607666,19.15999984741211,22429600,VALE,Factor,2026-09-24
2012-09-19,7.744814872741699,19.31999969482422,19.649999618530273,19.68000030517578,19.229999542236328,18606100,VALE,Factor,2026-09-24
2012-09-20,7.6566267013549805,19.100000381469727,19.020000457763672,19.239999771118164,18.790000915527344,29156500,VALE,Factor,2026-09-24
2012-09-21,7.47222375869751,18.639999389648438,19.15999984741211,19.280000686645508,18.600000381469727,23008500,VALE,Factor,2026-09-24
2012-09-24,7.460198879241943,18.610000610351562,18.489999771118164,18.739999771118164,18.280000686645508,20912200,VALE,Factor,2026-09-24
2012-09-25,7.235711097717285,18.049999237060547,18.579999923706055,18.59000015258789,18.020000457763672,19505200,VALE,Factor,2026-09-24
2012-09-26,7.255753993988037,18.100000381469727,18.010000228881836,18.280000686645508,17.719999313354492,16902600,VALE,Factor,2026-09-24
2012-09-27,7.279806613922119,18.15999984741211,18.34000015258789,18.389999389648438,18.020000457763672,12346900,VALE,Factor,2026-09-24
2012-09-28,7.175580024719238,17.899999618530273,17.979999542236328,18.049999237060547,17.75,15699700,VALE,Factor,2026-09-24
2012-10-01,7.211658954620361,17.989999771118164,18.06999969482422,18.40999984741211,17.920000076293945,13724300,VALE,Factor,2026-09-24
2012-10-02,7.151528358459473,17.84000015258789,18.190000534057617,18.25,17.68000030517578,14896000,VALE,Factor,2026-09-24
2012-10-03,7.067345142364502,17.6299991607666,17.780000686645508,17.8700008392334,17.5,15651100,VALE,Factor,2026-09-24
2012-10-04,7.1996331214904785,17.959999084472656,17.479999542236328,18.1299991607666,17.350000381469727,35318600,VALE,Factor,2026-09-24
2012-10-05,7.099414348602295,17.709999084472656,18.18000030517578,18.260000228881836,17.639999389648438,17511400,VALE,Factor,2026-09-24
2012-10-08,7.29985237121582,18.209999084472656,17.639999389648438,18.299999237060547,17.540000915527344,26415800,VALE,Factor,2026-09-24
2012-10-09,7.323902130126953,18.270000457763672,18.43000030517578,18.670000076293945,18.260000228881836,26394000,VALE,Factor,2026-09-24
2012-10-10,7.251746654510498,18.09000015258789,18.389999389648438,18.399999618530273,18.010000228881836,16018700,VALE,Factor,2026-09-24
2012-10-11,7.319894790649414,18.260000228881836,18.260000228881836,18.469999313354492,18.170000076293945,19080700,VALE,Factor,2026-09-24
2012-10-12,7.295841693878174,18.200000762939453,18.270000457763672,18.40999984741211,18.100000381469727,10399600,VALE,Factor,2026-09-24
2012-10-15,7.363990306854248,18.3700008392334,18.270000457763672,18.469999313354492,18.049999237060547,17864000,VALE,Factor,2026-09-24
2012-10-16,7.524338722229004,18.770000457763672,18.5,19.190000534057617,18.5,52606600,VALE,Factor,2026-09-24
2012-10-17,7.689466953277588,18.579999923706055,18.3799991607666,18.760000228881836,18.309999465942383,24296500,VALE,Factor,2026-09-24
2012-10-18,7.635664463043213,18.450000762939453,18.329999923706055,18.600000381469727,18.229999542236328,20721500,VALE,Factor,2026-09-24
2012-10-19,7.494955539703369,18.110000610351562,18.40999984741211,18.459999084472656,18.020000457763672,15368300,VALE,Factor,2026-09-24
2012-10-22,7.561172008514404,18.270000457763672,18.149999618530273,18.290000915527344,17.979999542236328,16347200,VALE,Factor,2026-09-24
2012-10-23,7.2507805824279785,17.520000457763672,17.799999237060547,17.829999923706055,17.420000076293945,19151600,VALE,Factor,2026-09-24
2012-10-24,7.21766996383667,17.440000534057617,17.6200008392334,17.719999313354492,17.3700008392334,18366500,VALE,Factor,2026-09-24
2012-10-25,7.590141296386719,18.34000015258789,18.190000534057617,18.479999542236328,18.020000457763672,25168600,VALE,Factor,2026-09-24
2012-10-26,7.565308570861816,18.280000686645508,18.360000610351562,18.530000686645508,18.15999984741211,23064200,VALE,Factor,2026-09-24
2012-10-31,7.581864356994629,18.31999969482422,18.3799991607666,18.5,18.229999542236328,16779900,VALE,Factor,2026-09-24
2012-11-01,7.805349349975586,18.860000610351562,18.459999084472656,18.969999313354492,18.399999618530273,16728500,VALE,Factor,2026-09-24
2012-11-02,7.67704963684082,18.549999237060547,19.079999923706055,19.079999923706055,18.34000015258789,12368400,VALE,Factor,2026-09-24
2012-11-05,7.73499059677124,18.690000534057617,18.719999313354492,18.799999237060547,18.559999465942383,16634500,VALE,Factor,2026-09-24
2012-11-06,7.7722392082214355,18.780000686645508,18.75,18.959999084472656,18.6200008392334,13099100,VALE,Factor,2026-09-24
2012-11-07,7.643943786621094,18.469999313354492,18.6200008392334,18.68000030517578,18.31999969482422,19263900,VALE,Factor,2026-09-24
2012-11-08,7.511507987976074,18.149999618530273,18.459999084472656,18.600000381469727,18.020000457763672,14066900,VALE,Factor,2026-09-24
2012-11-09,7.490813255310059,18.100000381469727,17.940000534057617,18.290000915527344,17.899999618530273,13421700,VALE,Factor,2026-09-24
2012-11-12,7.441154479980469,17.979999542236328,18.09000015258789,18.1200008392334,17.850000381469727,8821300,VALE,Factor,2026-09-24
2012-11-13,7.325272560119629,17.700000762939453,17.690000534057617,18.06999969482422,17.610000610351562,17194000,VALE,Factor,2026-09-24
2012-11-14,7.21766996383667,17.440000534057617,17.739999771118164,17.790000915527344,17.399999618530273,16010500,VALE,Factor,2026-09-24
2012-11-15,7.15972900390625,17.299999237060547,17.6200008392334,17.6200008392334,17.170000076293945,12446200,VALE,Factor,2026-09-24
2012-11-16,7.081098556518555,17.110000610351562,17.309999465942383,17.31999969482422,16.920000076293945,18402400,VALE,Factor,2026-09-24
2012-11-19,7.209391117095947,17.420000076293945,17.360000610351562,17.579999923706055,17.229999542236328,13934800,VALE,Factor,2026-09-24
2012-11-20,7.176285266876221,17.34000015258789,17.270000457763672,17.530000686645508,17.049999237060547,11855300,VALE,Factor,2026-09-24
2012-11-21,7.134896278381348,17.239999771118164,17.200000762939453,17.399999618530273,17.030000686645508,16032000,VALE,Factor,2026-09-24
2012-11-23,7.2507805824279785,17.520000457763672,17.34000015258789,17.56999969482422,17.25,6666000,VALE,Factor,2026-09-24
2012-11-26,7.308717250823975,17.65999984741211,17.450000762939453,17.670000076293945,17.360000610351562,10580700,VALE,Factor,2026-09-24
2012-11-27,7.15972900390625,17.299999237060547,17.68000030517578,17.8700008392334,17.280000686645508,14715000,VALE,Factor,2026-09-24
2012-11-28,7.151453971862793,17.280000686645508,17.200000762939453,17.34000015258789,17.040000915527344,14296500,VALE,Factor,2026-09-24
2012-11-29,7.3045783042907715,17.649999618530273,17.34000015258789,17.860000610351562,17.309999465942383,17346800,VALE,Factor,2026-09-24
2012-11-30,7.213531017303467,17.43000030517578,17.559999465942383,17.719999313354492,17.399999618530273,15972100,VALE,Factor,2026-09-24
2012-12-03,7.213531017303467,17.43000030517578,17.719999313354492,17.729999542236328,17.329999923706055,18878500,VALE,Factor,2026-09-24
2012-12-04,7.110066890716553,17.18000030517578,17.559999465942383,17.649999618530273,17.149999618530273,15880900,VALE,Factor,2026-09-24
2012-12-05,7.354241847991943,17.770000457763672,17.540000915527344,17.8700008392334,17.469999313354492,17425700,VALE,Factor,2026-09-24
2012-12-06,7.399768352508545,17.8799991607666,17.739999771118164,17.899999618530273,17.690000534057617,9079400,VALE,Factor,2026-09-24
2012-12-07,7.441154479980469,17.979999542236328,18.059999465942383,18.1299991607666,17.940000534057617,13917500,VALE,Factor,2026-09-24
2012-12-10,7.606696128845215,18.3799991607666,18.040000915527344,18.40999984741211,17.950000762939453,16286000,VALE,Factor,2026-09-24
2012-12-11,7.768099784851074,18.770000457763672,18.440000534057617,18.780000686645508,18.3700008392334,15017900,VALE,Factor,2026-09-24
2012-12-12,7.81362247467041,18.8799991607666,18.959999084472656,19.1200008392334,18.790000915527344,17415000,VALE,Factor,2026-09-24
2012-12-13,7.888118267059326,19.059999465942383,18.8799991607666,19.100000381469727,18.829999923706055,20167100,VALE,Factor,2026-09-24
2012-12-14,8.152984619140625,19.700000762939453,19.350000381469727,19.739999771118164,19.290000915527344,23143900,VALE,Factor,2026-09-24
2012-12-17,8.277146339416504,20.0,19.809999465942383,20.1299991607666,19.75,29372800,VALE,Factor,2026-09-24
2012-12-18,8.475794792175293,20.479999542236328,20.100000381469727,20.690000534057617,20.059999465942383,24334900,VALE,Factor,2026-09-24
2012-12-19,8.388888359069824,20.270000457763672,20.479999542236328,20.540000915527344,20.020000457763672,19732800,VALE,Factor,2026-09-24
2012-12-20,8.46751880645752,20.459999084472656,20.270000457763672,20.479999542236328,20.049999237060547,15270800,VALE,Factor,2026-09-24
2012-12-21,8.318528175354004,20.100000381469727,19.920000076293945,20.15999984741211,19.799999237060547,16829500,VALE,Factor,2026-09-24
2012-12-24,8.326807975769043,20.1200008392334,20.0,20.299999237060547,20.0,4499500,VALE,Factor,2026-09-24
2012-12-26,8.45096492767334,20.420000076293945,20.479999542236328,20.739999771118164,20.40999984741211,13442800,VALE,Factor,2026-09-24
2012-12-27,8.533738136291504,20.6200008392334,20.68000030517578,20.729999542236328,20.309999465942383,15011500,VALE,Factor,2026-09-24
2012-12-28,8.492348670959473,20.520000457763672,20.530000686645508,20.709999084472656,20.459999084472656,10447100,VALE,Factor,2026-09-24
2012-12-31,8.674447059631348,20.959999084472656,20.43000030517578,21.09000015258789,20.43000030517578,11444000,VALE,Factor,2026-09-24
2013-01-02,8.893792152404785,21.489999771118164,21.760000228881836,21.8799991607666,21.3799991607666,23912400,VALE,Factor,2026-09-24
2013-01-03,8.794465065002441,21.25,21.25,21.510000228881836,21.079999923706055,18302200,VALE,Factor,2026-09-24
2013-01-04,8.719969749450684,21.06999969482422,20.90999984741211,21.110000610351562,20.649999618530273,18256800,VALE,Factor,2026-09-24
2013-01-07,8.558568954467773,20.68000030517578,20.93000030517578,20.969999313354492,20.489999771118164,15003800,VALE,Factor,2026-09-24
2013-01-08,8.430270195007324,20.3700008392334,20.520000457763672,20.579999923706055,20.309999465942383,12462900,VALE,Factor,2026-09-24
2013-01-09,8.44682788848877,20.40999984741211,20.530000686645508,20.59000015258789,20.270000457763672,16613200,VALE,Factor,2026-09-24
2013-01-10,8.57098388671875,20.709999084472656,20.6200008392334,20.780000686645508,20.489999771118164,15688700,VALE,Factor,2026-09-24
2013-01-11,8.40958023071289,20.31999969482422,20.3799991607666,20.43000030517578,20.110000610351562,16171400,VALE,Factor,2026-09-24
2013-01-14,8.388888359069824,20.270000457763672,20.399999618530273,20.489999771118164,20.15999984741211,11343200,VALE,Factor,2026-09-24
2013-01-15,8.380607604980469,20.25,20.010000228881836,20.25,20.010000228881836,8473900,VALE,Factor,2026-09-24
2013-01-16,8.256452560424805,19.950000762939453,19.829999923706055,20.020000457763672,19.729999542236328,14282400,VALE,Factor,2026-09-24
2013-01-17,8.277146339416504,20.0,20.149999618530273,20.170000076293945,19.93000030517578,9577600,VALE,Factor,2026-09-24
2013-01-18,8.285421371459961,20.020000457763672,20.040000915527344,20.040000915527344,19.81999969482422,10942500,VALE,Factor,2026-09-24
2013-01-22,8.326807975769043,20.1200008392334,19.889999389648438,20.229999542236328,19.799999237060547,13125900,VALE,Factor,2026-09-24
2013-01-23,8.252314567565918,19.940000534057617,20.18000030517578,20.270000457763672,19.8799991607666,10378100,VALE,Factor,2026-09-24
2013-01-24,8.173681259155273,19.75,20.09000015258789,20.170000076293945,19.559999465942383,14880900,VALE,Factor,2026-09-24
2013-01-25,8.09090805053711,19.549999237060547,19.719999313354492,19.809999465942383,19.469999313354492,8811500,VALE,Factor,2026-09-24
2013-01-28,8.008137702941895,19.350000381469727,19.579999923706055,19.610000610351562,19.31999969482422,9884700,VALE,Factor,2026-09-24
2013-01-29,8.132293701171875,19.649999618530273,19.40999984741211,19.780000686645508,19.309999465942383,13228300,VALE,Factor,2026-09-24
2013-01-30,8.05780029296875,19.469999313354492,19.6299991607666,19.65999984741211,19.399999618530273,13184200,VALE,Factor,2026-09-24
2013-01-31,8.347500801086426,20.170000076293945,19.729999542236328,20.260000228881836,19.6200008392334,22327000,VALE,Factor,2026-09-24
2013-02-01,8.492348670959473,20.520000457763672,20.690000534057617,20.700000762939453,20.31999969482422,18657900,VALE,Factor,2026-09-24
2013-02-04,8.368191719055176,20.219999313354492,20.209999084472656,20.350000381469727,20.049999237060547,14594500,VALE,Factor,2026-09-24
2013-02-05,8.215065956115723,19.850000381469727,20.360000610351562,20.40999984741211,19.799999237060547,21968400,VALE,Factor,2026-09-24
2013-02-06,8.3557767868042,20.190000534057617,20.1200008392334,20.280000686645508,20.0,18357900,VALE,Factor,2026-09-24
2013-02-07,8.227479934692383,19.8799991607666,20.350000381469727,20.350000381469727,19.75,15491000,VALE,Factor,2026-09-24
2013-02-08,8.215065956115723,19.850000381469727,19.8799991607666,19.989999771118164,19.68000030517578,15071800,VALE,Factor,2026-09-24
2013-02-11,8.202651023864746,19.81999969482422,19.81999969482422,19.889999389648438,19.600000381469727,9796400,VALE,Factor,2026-09-24
2013-02-12,8.198512077331543,19.809999465942383,19.760000228881836,19.889999389648438,19.65999984741211,7478400,VALE,Factor,2026-09-24
2013-02-13,8.256452560424805,19.950000762939453,19.940000534057617,20.09000015258789,19.799999237060547,10807300,VALE,Factor,2026-09-24
2013-02-14,8.19023609161377,19.790000915527344,19.610000610351562,19.81999969482422,19.59000015258789,11693500,VALE,Factor,2026-09-24
2013-02-15,8.074356079101562,19.510000228881836,19.649999618530273,19.729999542236328,19.3799991607666,11211800,VALE,Factor,2026-09-24
2013-02-19,7.99985933303833,19.329999923706055,19.670000076293945,19.700000762939453,19.25,15269000,VALE,Factor,2026-09-24
2013-02-20,7.693606376647949,18.59000015258789,19.18000030517578,19.280000686645508,18.549999237060547,20037600,VALE,Factor,2026-09-24
2013-02-21,7.619112014770508,18.40999984741211,18.299999237060547,18.489999771118164,18.1200008392334,20077400,VALE,Factor,2026-09-24
2013-02-22,7.486677646636963,18.09000015258789,18.549999237060547,18.56999969482422,18.049999237060547,17094500,VALE,Factor,2026-09-24
2013-02-25,7.453569412231445,18.010000228881836,18.170000076293945,18.34000015258789,18.0,19570500,VALE,Factor,2026-09-24
2013-02-26,7.623251914978027,18.420000076293945,17.979999542236328,18.479999542236328,17.780000686645508,20190000,VALE,Factor,2026-09-24
2013-02-27,7.668773651123047,18.530000686645508,18.299999237060547,18.770000457763672,18.170000076293945,22137200,VALE,Factor,2026-09-24
2013-02-28,7.859149932861328,18.989999771118164,18.809999465942383,19.31999969482422,18.760000228881836,21508600,VALE,Factor,2026-09-24
2013-03-01,7.67704963684082,18.549999237060547,18.520000457763672,18.8700008392334,18.489999771118164,19100700,VALE,Factor,2026-09-24
2013-03-04,7.457707405090332,18.020000457763672,18.110000610351562,18.149999618530273,17.81999969482422,18208200,VALE,Factor,2026-09-24
2013-03-05,7.441154479980469,17.979999542236328,18.280000686645508,18.389999389648438,17.950000762939453,16276000,VALE,Factor,2026-09-24
2013-03-06,7.834317684173584,18.93000030517578,18.100000381469727,19.09000015258789,18.040000915527344,22480900,VALE,Factor,2026-09-24
2013-03-07,7.908812046051025,19.110000610351562,19.049999237060547,19.40999984741211,18.899999618530273,25012400,VALE,Factor,2026-09-24
2013-03-08,7.710158824920654,18.6299991607666,19.079999923706055,19.100000381469727,18.440000534057617,23709300,VALE,Factor,2026-09-24
2013-03-11,7.693606376647949,18.59000015258789,18.530000686645508,18.790000915527344,18.290000915527344,17427300,VALE,Factor,2026-09-24
2013-03-12,7.701883792877197,18.610000610351562,18.670000076293945,18.940000534057617,18.559999465942383,12395600,VALE,Factor,2026-09-24
2013-03-13,7.366657733917236,17.799999237060547,18.420000076293945,18.43000030517578,17.770000457763672,27003400,VALE,Factor,2026-09-24
2013-03-14,7.283886909484863,17.600000381469727,17.760000228881836,17.829999923706055,17.350000381469727,26000300,VALE,Factor,2026-09-24
2013-03-15,7.263193607330322,17.549999237060547,17.8799991607666,17.979999542236328,17.520000457763672,25415300,VALE,Factor,2026-09-24
2013-03-18,7.21766996383667,17.440000534057617,17.260000228881836,17.56999969482422,17.15999984741211,19068000,VALE,Factor,2026-09-24
2013-03-19,7.02729606628418,16.979999542236328,17.280000686645508,17.329999923706055,16.84000015258789,25732500,VALE,Factor,2026-09-24
2013-03-20,7.118343830108643,17.200000762939453,17.059999465942383,17.350000381469727,16.8700008392334,18307500,VALE,Factor,2026-09-24
2013-03-21,7.056265354156494,17.049999237060547,17.040000915527344,17.329999923706055,17.010000228881836,13714400,VALE,Factor,2026-09-24
2013-03-22,7.101790428161621,17.15999984741211,17.139999389648438,17.34000015258789,17.010000228881836,12600400,VALE,Factor,2026-09-24
2013-03-25,7.047989368438721,17.030000686645508,17.149999618530273,17.239999771118164,16.809999465942383,13497600,VALE,Factor,2026-09-24
2013-03-26,7.081098556518555,17.110000610351562,17.06999969482422,17.260000228881836,17.010000228881836,11136400,VALE,Factor,2026-09-24
2013-03-27,7.201115608215332,17.399999618530273,16.889999389648438,17.489999771118164,16.770000457763672,15611000,VALE,Factor,2026-09-24
2013-03-28,7.15559196472168,17.290000915527344,17.5,17.540000915527344,17.170000076293945,15244500,VALE,Factor,2026-09-24
2013-04-01,6.973495006561279,16.850000381469727,17.25,17.31999969482422,16.850000381469727,10759200,VALE,Factor,2026-09-24
2013-04-02,6.857614040374756,16.56999969482422,16.93000030517578,16.979999542236328,16.5,28186300,VALE,Factor,2026-09-24
2013-04-03,7.0148797035217285,16.950000762939453,16.489999771118164,17.1200008392334,16.489999771118164,25912700,VALE,Factor,2026-09-24
2013-04-04,7.023156642913818,16.969999313354492,17.110000610351562,17.329999923706055,16.8799991607666,16534600,VALE,Factor,2026-09-24
2013-04-05,7.172144412994385,17.329999923706055,16.719999313354492,17.489999771118164,16.6200008392334,23054000,VALE,Factor,2026-09-24
2013-04-08,7.201115608215332,17.399999618530273,17.43000030517578,17.469999313354492,17.100000381469727,15892600,VALE,Factor,2026-09-24
2013-04-09,7.552893161773682,18.25,17.760000228881836,18.40999984741211,17.709999084472656,27034000,VALE,Factor,2026-09-24
2013-04-10,7.354241847991943,17.770000457763672,18.450000762939453,18.549999237060547,17.600000381469727,38261600,VALE,Factor,2026-09-24
2013-04-11,7.184562683105469,17.360000610351562,17.68000030517578,17.719999313354492,17.1299991607666,24228300,VALE,Factor,2026-09-24
2013-04-12,7.230086326599121,17.469999313354492,17.239999771118164,18.170000076293945,16.850000381469727,33716600,VALE,Factor,2026-09-24
2013-04-15,6.783118724822998,16.389999389648438,16.93000030517578,16.950000762939453,16.3700008392334,24323700,VALE,Factor,2026-09-24
2013-04-16,6.870030879974365,16.600000381469727,16.6299991607666,16.75,16.350000381469727,16876300,VALE,Factor,2026-09-24
2013-04-17,6.724238395690918,15.819999694824219,15.880000114440918,16.09000015258789,15.470000267028809,35154100,VALE,Factor,2026-09-24
2013-04-18,6.775245189666748,15.9399995803833,15.880000114440918,16.229999542236328,15.699999809265137,19687400,VALE,Factor,2026-09-24
2013-04-19,6.809249401092529,16.020000457763672,16.09000015258789,16.139999389648438,15.710000038146973,16098300,VALE,Factor,2026-09-24
2013-04-22,6.813498497009277,16.030000686645508,15.989999771118164,16.100000381469727,15.760000228881836,13525700,VALE,Factor,2026-09-24
2013-04-23,6.9665141105651855,16.389999389648438,16.06999969482422,16.6200008392334,15.899999618530273,18908700,VALE,Factor,2026-09-24
2013-04-24,7.119532108306885,16.75,16.690000534057617,16.969999313354492,16.68000030517578,15891200,VALE,Factor,2026-09-24
2013-04-25,7.247045516967773,17.049999237060547,17.110000610351562,17.3799991607666,16.950000762939453,21301900,VALE,Factor,2026-09-24
2013-04-26,7.098280906677246,16.700000762939453,17.020000457763672,17.079999923706055,16.510000228881836,15032000,VALE,Factor,2026-09-24
2013-04-29,7.183290004730225,16.899999618530273,16.799999237060547,16.979999542236328,16.600000381469727,13408500,VALE,Factor,2026-09-24
2013-04-30,7.2640485763549805,17.09000015258789,16.719999313354492,17.09000015258789,16.559999465942383,12377000,VALE,Factor,2026-09-24
2013-05-01,7.060026168823242,16.610000610351562,16.989999771118164,17.0,16.530000686645508,14643600,VALE,Factor,2026-09-24
2013-05-02,7.0005202293396,16.469999313354492,16.670000076293945,16.770000457763672,16.450000762939453,18825200,VALE,Factor,2026-09-24
2013-05-03,7.1620378494262695,16.850000381469727,16.979999542236328,17.1299991607666,16.829999923706055,14399400,VALE,Factor,2026-09-24
2013-05-06,7.145035743713379,16.809999465942383,16.889999389648438,16.90999984741211,16.700000762939453,8958600,VALE,Factor,2026-09-24
2013-05-07,7.310801982879639,17.200000762939453,16.950000762939453,17.360000610351562,16.8700008392334,14765400,VALE,Factor,2026-09-24
2013-05-08,7.42981481552124,17.479999542236328,17.420000076293945,17.68000030517578,17.350000381469727,17478400,VALE,Factor,2026-09-24
2013-05-09,7.370310306549072,17.34000015258789,17.510000228881836,17.719999313354492,17.229999542236328,14073900,VALE,Factor,2026-09-24
2013-05-10,7.2087907791137695,16.959999084472656,17.3799991607666,17.389999389648438,16.8799991607666,16947000,VALE,Factor,2026-09-24
2013-05-13,7.149284839630127,16.81999969482422,16.860000610351562,16.8700008392334,16.6299991607666,10206600,VALE,Factor,2026-09-24
2013-05-14,6.941013336181641,16.329999923706055,16.639999389648438,16.709999084472656,16.290000915527344,17801700,VALE,Factor,2026-09-24
2013-05-15,6.749741077423096,15.880000114440918,16.100000381469727,16.1299991607666,15.789999961853027,20948300,VALE,Factor,2026-09-24
2013-05-16,6.622228145599365,15.579999923706055,15.770000457763672,15.899999618530273,15.489999771118164,22287300,VALE,Factor,2026-09-24
2013-05-17,6.634979724884033,15.609999656677246,15.6899995803833,15.8100004196167,15.550000190734863,14282300,VALE,Factor,2026-09-24
2013-05-20,6.804997444152832,16.010000228881836,15.579999923706055,16.049999237060547,15.479999542236328,15227300,VALE,Factor,2026-09-24
2013-05-21,6.902756214141846,16.239999771118164,16.149999618530273,16.389999389648438,16.010000228881836,18214100,VALE,Factor,2026-09-24
2013-05-22,6.775245189666748,15.9399995803833,16.280000686645508,16.549999237060547,15.779999732971191,24749400,VALE,Factor,2026-09-24
2013-05-23,6.617976188659668,15.569999694824219,15.470000267028809,15.6899995803833,15.369999885559082,17838600,VALE,Factor,2026-09-24
2013-05-24,6.592473983764648,15.510000228881836,15.489999771118164,15.579999923706055,15.399999618530273,12343900,VALE,Factor,2026-09-24
2013-05-28,6.464959621429443,15.210000038146973,15.600000381469727,15.65999984741211,15.210000038146973,13110600,VALE,Factor,2026-09-24
2013-05-29,6.333197116851807,14.899999618530273,14.970000267028809,15.069999694824219,14.75,22438500,VALE,Factor,2026-09-24
2013-05-30,6.418204307556152,15.100000381469727,14.90999984741211,15.300000190734863,14.8100004196167,15772700,VALE,Factor,2026-09-24
2013-05-31,6.120673179626465,14.399999618530273,14.84000015258789,14.880000114440918,14.210000038146973,30863400,VALE,Factor,2026-09-24
2013-06-03,6.294943332672119,14.8100004196167,14.529999732971191,14.829999923706055,14.4399995803833,19261300,VALE,Factor,2026-09-24
2013-06-04,6.3842010498046875,15.020000457763672,15.010000228881836,15.0600004196167,14.520000457763672,26898900,VALE,Factor,2026-09-24
2013-06-05,6.184431552886963,14.550000190734863,15.0,15.100000381469727,14.510000228881836,16460200,VALE,Factor,2026-09-24
2013-06-06,6.2481865882873535,14.699999809265137,14.489999771118164,14.739999771118164,14.34000015258789,13834100,VALE,Factor,2026-09-24
2013-06-07,6.167426586151123,14.510000228881836,14.619999885559082,14.789999961853027,14.399999618530273,14308400,VALE,Factor,2026-09-24
2013-06-10,6.073917865753174,14.289999961853027,14.260000228881836,14.40999984741211,14.199999809265137,17883000,VALE,Factor,2026-09-24
2013-06-11,5.942152500152588,13.979999542236328,13.899999618530273,14.140000343322754,13.819999694824219,21870100,VALE,Factor,2026-09-24
2013-06-12,5.827390670776367,13.710000038146973,14.0,14.029999732971191,13.600000381469727,20226500,VALE,Factor,2026-09-24
2013-06-13,6.150425434112549,14.470000267028809,13.859999656677246,14.520000457763672,13.829999923706055,24760800,VALE,Factor,2026-09-24
2013-06-14,6.005909442901611,14.130000114440918,14.699999809265137,14.729999542236328,14.079999923706055,16998400,VALE,Factor,2026-09-24
2013-06-17,6.018661975860596,14.15999984741211,14.300000190734863,14.380000114440918,14.050000190734863,12415300,VALE,Factor,2026-09-24
2013-06-18,6.082419395446777,14.3100004196167,14.069999694824219,14.470000267028809,14.050000190734863,22112900,VALE,Factor,2026-09-24
2013-06-19,5.942152500152588,13.979999542236328,14.289999961853027,14.420000076293945,13.979999542236328,19237200,VALE,Factor,2026-09-24
2013-06-20,5.784884929656982,13.609999656677246,13.430000305175781,13.859999656677246,13.300000190734863,25552400,VALE,Factor,2026-09-24
2013-06-21,5.801888942718506,13.649999618530273,13.65999984741211,13.770000457763672,13.449999809265137,23094300,VALE,Factor,2026-09-24
2013-06-24,5.5001044273376465,12.9399995803833,13.300000190734863,13.3100004196167,12.729999542236328,24634800,VALE,Factor,2026-09-24
2013-06-25,5.6701226234436035,13.34000015258789,13.25,13.390000343322754,13.079999923706055,16361200,VALE,Factor,2026-09-24
2013-06-26,5.585113525390625,13.140000343322754,13.470000267028809,13.569999694824219,12.979999542236328,20867500,VALE,Factor,2026-09-24
2013-06-27,5.580862998962402,13.130000114440918,13.229999542236328,13.350000381469727,13.100000381469727,17006300,VALE,Factor,2026-09-24
2013-06-28,5.5893635749816895,13.149999618530273,12.880000114440918,13.180000305175781,12.84000015258789,20339400,VALE,Factor,2026-09-24
2013-07-01,5.623368263244629,13.229999542236328,13.170000076293945,13.4399995803833,13.020000457763672,18601700,VALE,Factor,2026-09-24
2013-07-02,5.470350742340088,12.869999885559082,13.109999656677246,13.260000228881836,12.600000381469727,20958000,VALE,Factor,2026-09-24
2013-07-03,5.41509485244751,12.739999771118164,12.609999656677246,12.899999618530273,12.520000457763672,14353000,VALE,Factor,2026-09-24
2013-07-05,5.3683390617370605,12.630000114440918,12.869999885559082,12.890000343322754,12.390000343322754,23935900,VALE,Factor,2026-09-24
2013-07-08,5.3980937004089355,12.699999809265137,12.760000228881836,12.899999618530273,12.5600004196167,16925300,VALE,Factor,2026-09-24
2013-07-09,5.48735237121582,12.90999984741211,12.949999809265137,13.09000015258789,12.859999656677246,13387700,VALE,Factor,2026-09-24
2013-07-10,5.461849212646484,12.850000381469727,12.800000190734863,13.050000190734863,12.779999732971191,16830100,VALE,Factor,2026-09-24
2013-07-11,5.763634204864502,13.5600004196167,13.369999885559082,13.5600004196167,13.260000228881836,19139000,VALE,Factor,2026-09-24
2013-07-12,5.648870468139648,13.289999961853027,13.329999923706055,13.399999618530273,13.210000038146973,13442800,VALE,Factor,2026-09-24
2013-07-15,5.759383201599121,13.550000190734863,13.319999694824219,13.600000381469727,13.3100004196167,12635600,VALE,Factor,2026-09-24
2013-07-16,5.925151348114014,13.9399995803833,13.770000457763672,13.949999809265137,13.640000343322754,17604300,VALE,Factor,2026-09-24
2013-07-17,6.09942102432251,14.350000381469727,14.15999984741211,14.430000305175781,14.119999885559082,25317400,VALE,Factor,2026-09-24
2013-07-18,6.082419395446777,14.3100004196167,14.34000015258789,14.569999694824219,14.260000228881836,15771300,VALE,Factor,2026-09-24
2013-07-19,5.874144554138184,13.819999694824219,14.130000114440918,14.1899995803833,13.800000190734863,19692300,VALE,Factor,2026-09-24
2013-07-22,5.997410774230957,14.109999656677246,13.90999984741211,14.170000076293945,13.899999618530273,10696700,VALE,Factor,2026-09-24
2013-07-23,6.146176338195801,14.460000038146973,14.430000305175781,14.529999732971191,14.3100004196167,13420300,VALE,Factor,2026-09-24
2013-07-24,6.048413276672363,14.229999542236328,14.399999618530273,14.430000305175781,14.100000381469727,18775200,VALE,Factor,2026-09-24
2013-07-25,6.141924858093262,14.449999809265137,14.170000076293945,14.470000267028809,14.140000343322754,15331300,VALE,Factor,2026-09-24
2013-07-26,6.116422653198242,14.390000343322754,14.369999885559082,14.4399995803833,14.1899995803833,10796100,VALE,Factor,2026-09-24
2013-07-29,6.001658916473389,14.119999885559082,14.3100004196167,14.34000015258789,14.100000381469727,14514800,VALE,Factor,2026-09-24
2013-07-30,5.869895935058594,13.8100004196167,14.149999618530273,14.15999984741211,13.729999542236328,12733100,VALE,Factor,2026-09-24
2013-07-31,5.831641674041748,13.720000267028809,13.720000267028809,13.880000114440918,13.550000190734863,11628300,VALE,Factor,2026-09-24
2013-08-01,5.814639091491699,13.680000305175781,13.890000343322754,13.960000038146973,13.65999984741211,19867600,VALE,Factor,2026-09-24
2013-08-02,5.844393253326416,13.75,13.6899995803833,13.979999542236328,13.619999885559082,13132400,VALE,Factor,2026-09-24
2013-08-05,5.840142250061035,13.739999771118164,13.710000038146973,13.920000076293945,13.699999809265137,12491200,VALE,Factor,2026-09-24
2013-08-06,5.844393253326416,13.75,13.770000457763672,13.84000015258789,13.5600004196167,13633600,VALE,Factor,2026-09-24
2013-08-07,5.963404655456543,14.029999732971191,13.619999885559082,14.140000343322754,13.619999885559082,16180600,VALE,Factor,2026-09-24
2013-08-08,6.2439374923706055,14.6899995803833,14.229999542236328,14.779999732971191,14.180000305175781,26658000,VALE,Factor,2026-09-24
2013-08-09,6.592473983764648,15.510000228881836,14.859999656677246,15.619999885559082,14.829999923706055,43316200,VALE,Factor,2026-09-24
2013-08-12,6.66898250579834,15.6899995803833,15.579999923706055,15.890000343322754,15.550000190734863,30404000,VALE,Factor,2026-09-24
2013-08-13,6.592473983764648,15.510000228881836,15.6899995803833,15.850000381469727,15.40999984741211,20515400,VALE,Factor,2026-09-24
2013-08-14,6.630729675292969,15.600000381469727,15.479999542236328,15.819999694824219,15.449999809265137,16834200,VALE,Factor,2026-09-24
2013-08-15,6.664731979370117,15.680000305175781,15.3100004196167,15.75,15.289999961853027,24603200,VALE,Factor,2026-09-24
2013-08-16,6.532968044281006,15.369999885559082,15.539999961853027,15.619999885559082,15.3100004196167,20858400,VALE,Factor,2026-09-24
2013-08-19,6.469212055206299,15.220000267028809,15.489999771118164,15.529999732971191,15.149999618530273,17539600,VALE,Factor,2026-09-24
2013-08-20,6.320444107055664,14.869999885559082,15.100000381469727,15.140000343322754,14.850000381469727,20542000,VALE,Factor,2026-09-24
2013-08-21,6.12917423248291,14.420000076293945,14.75,14.850000381469727,14.319999694824219,21708400,VALE,Factor,2026-09-24
2013-08-22,6.3842010498046875,15.020000457763672,14.760000228881836,15.039999961853027,14.729999542236328,19348900,VALE,Factor,2026-09-24
2013-08-23,6.532968044281006,15.369999885559082,15.239999771118164,15.420000076293945,15.119999885559082,15666300,VALE,Factor,2026-09-24
2013-08-26,6.460709095001221,15.199999809265137,15.4399995803833,15.5,15.130000114440918,15993700,VALE,Factor,2026-09-24
2013-08-27,6.354448318481445,14.949999809265137,14.869999885559082,15.0600004196167,14.850000381469727,16637000,VALE,Factor,2026-09-24
2013-08-28,6.324695587158203,14.880000114440918,14.90999984741211,15.0600004196167,14.779999732971191,16560600,VALE,Factor,2026-09-24
2013-08-29,6.150425434112549,14.470000267028809,14.800000190734863,14.850000381469727,14.399999618530273,20391000,VALE,Factor,2026-09-24
2013-08-30,6.124923229217529,14.40999984741211,14.5600004196167,14.569999694824219,14.210000038146973,17106800,VALE,Factor,2026-09-24
2013-09-03,6.4777116775512695,15.239999771118164,14.890000343322754,15.300000190734863,14.789999961853027,28379700,VALE,Factor,2026-09-24
2013-09-04,6.515964984893799,15.329999923706055,15.15999984741211,15.34000015258789,15.029999732971191,12733200,VALE,Factor,2026-09-24
2013-09-05,6.6009745597839355,15.529999732971191,15.199999809265137,15.600000381469727,15.1899995803833,12331600,VALE,Factor,2026-09-24
2013-09-06,6.639229774475098,15.619999885559082,15.739999771118164,15.880000114440918,15.5600004196167,17689700,VALE,Factor,2026-09-24
2013-09-09,6.941013336181641,16.329999923706055,15.819999694824219,16.399999618530273,15.8100004196167,23069900,VALE,Factor,2026-09-24
2013-09-10,7.145035743713379,16.809999465942383,16.559999465942383,16.889999389648438,16.43000030517578,37599400,VALE,Factor,2026-09-24
2013-09-11,6.9665141105651855,16.389999389648438,16.639999389648438,16.75,16.31999969482422,26183500,VALE,Factor,2026-09-24
2013-09-12,6.941013336181641,16.329999923706055,16.31999969482422,16.350000381469727,16.079999923706055,15379600,VALE,Factor,2026-09-24
2013-09-13,6.817748546600342,16.040000915527344,16.239999771118164,16.280000686645508,15.979999542236328,18862500,VALE,Factor,2026-09-24
2013-09-16,6.7922468185424805,15.979999542236328,16.399999618530273,16.399999618530273,15.949999809265137,15122000,VALE,Factor,2026-09-24
2013-09-17,6.8687543869018555,16.15999984741211,16.100000381469727,16.260000228881836,16.049999237060547,8885700,VALE,Factor,2026-09-24
2013-09-18,7.102531433105469,16.709999084472656,16.219999313354492,16.799999237060547,16.15999984741211,19803000,VALE,Factor,2026-09-24
2013-09-19,7.021772384643555,16.520000457763672,16.690000534057617,16.739999771118164,16.420000076293945,16955700,VALE,Factor,2026-09-24
2013-09-20,6.877256393432617,16.18000030517578,16.610000610351562,16.65999984741211,16.1299991607666,16251200,VALE,Factor,2026-09-24
2013-09-23,6.983517646789551,16.43000030517578,16.229999542236328,16.59000015258789,16.200000762939453,12905200,VALE,Factor,2026-09-24
2013-09-24,6.8730058670043945,16.170000076293945,16.270000457763672,16.350000381469727,16.100000381469727,14752600,VALE,Factor,2026-09-24
2013-09-25,6.822000026702881,16.049999237060547,16.200000762939453,16.290000915527344,16.020000457763672,17309100,VALE,Factor,2026-09-24
2013-09-26,6.851753234863281,16.1200008392334,16.139999389648438,16.260000228881836,15.989999771118164,14782700,VALE,Factor,2026-09-24
2013-09-27,6.630729675292969,15.600000381469727,15.9399995803833,15.949999809265137,15.5600004196167,19072300,VALE,Factor,2026-09-24
2013-09-30,6.634979724884033,15.609999656677246,15.449999809265137,15.770000457763672,15.390000343322754,15908900,VALE,Factor,2026-09-24
2013-10-01,6.6137261390686035,15.5600004196167,15.65999984741211,15.65999984741211,15.369999885559082,15544800,VALE,Factor,2026-09-24
2013-10-02,6.685986042022705,15.729999542236328,15.5600004196167,15.84000015258789,15.449999809265137,14381500,VALE,Factor,2026-09-24
2013-10-03,6.588224411010742,15.5,15.75,15.859999656677246,15.420000076293945,15579500,VALE,Factor,2026-09-24
2013-10-04,6.634979724884033,15.609999656677246,15.399999618530273,15.609999656677246,15.25,16941100,VALE,Factor,2026-09-24
2013-10-07,6.575471878051758,15.470000267028809,15.40999984741211,15.649999618530273,15.390000343322754,11200000,VALE,Factor,2026-09-24
2013-10-08,6.490464687347412,15.270000457763672,15.470000267028809,15.510000228881836,15.25,12744700,VALE,Factor,2026-09-24
2013-10-09,6.405453681945801,15.069999694824219,15.329999923706055,15.34000015258789,14.899999618530273,25731800,VALE,Factor,2026-09-24
2013-10-10,6.545719623565674,15.399999618530273,15.260000228881836,15.420000076293945,15.149999618530273,16340700,VALE,Factor,2026-09-24
2013-10-11,6.592473983764648,15.510000228881836,15.380000114440918,15.569999694824219,15.279999732971191,13917000,VALE,Factor,2026-09-24
2013-10-14,6.89425802230835,16.219999313354492,15.359999656677246,16.309999465942383,15.329999923706055,25566300,VALE,Factor,2026-09-24
2013-10-15,6.932510852813721,16.309999465942383,16.15999984741211,16.690000534057617,16.100000381469727,20716600,VALE,Factor,2026-09-24
2013-10-16,6.975015640258789,16.40999984741211,16.440000534057617,16.610000610351562,16.329999923706055,13533100,VALE,Factor,2026-09-24
2013-10-17,7.0812788009643555,16.65999984741211,16.399999618530273,16.81999969482422,16.3799991607666,19550400,VALE,Factor,2026-09-24
2013-10-18,7.031953811645508,16.110000610351562,16.3799991607666,16.510000228881836,16.040000915527344,14868700,VALE,Factor,2026-09-24
2013-10-21,7.1061601638793945,16.280000686645508,16.34000015258789,16.3700008392334,16.190000534057617,10282900,VALE,Factor,2026-09-24
2013-10-22,7.245838165283203,16.600000381469727,16.40999984741211,16.780000686645508,16.389999389648438,17459200,VALE,Factor,2026-09-24
2013-10-23,6.988306045532227,16.010000228881836,16.3799991607666,16.399999618530273,16.0,15034100,VALE,Factor,2026-09-24
2013-10-24,6.94465446472168,15.90999984741211,16.020000457763672,16.079999923706055,15.84000015258789,13035300,VALE,Factor,2026-09-24
2013-10-25,7.018859386444092,16.079999923706055,16.049999237060547,16.459999084472656,15.850000381469727,22693700,VALE,Factor,2026-09-24
2013-10-28,7.088698387145996,16.239999771118164,16.059999465942383,16.31999969482422,16.030000686645508,16239200,VALE,Factor,2026-09-24
2013-10-29,7.066873073577881,16.190000534057617,16.209999084472656,16.219999313354492,16.0,10832700,VALE,Factor,2026-09-24
2013-10-30,7.023224353790283,16.09000015258789,16.100000381469727,16.290000915527344,15.920000076293945,11847700,VALE,Factor,2026-09-24
2013-10-31,6.992671489715576,16.020000457763672,16.139999389648438,16.239999771118164,15.84000015258789,14887700,VALE,Factor,2026-09-24
2013-11-01,7.149807929992676,16.3799991607666,16.079999923706055,16.479999542236328,16.06999969482422,20529300,VALE,Factor,2026-09-24
2013-11-04,7.455355167388916,17.079999923706055,16.770000457763672,17.09000015258789,16.719999313354492,25616300,VALE,Factor,2026-09-24
2013-11-05,7.35932731628418,16.860000610351562,16.829999923706055,16.920000076293945,16.559999465942383,21784400,VALE,Factor,2026-09-24
2013-11-06,7.450990200042725,17.06999969482422,16.889999389648438,17.139999389648438,16.790000915527344,16533800,VALE,Factor,2026-09-24
2013-11-07,7.062509059906006,16.18000030517578,16.950000762939453,16.959999084472656,16.09000015258789,30322800,VALE,Factor,2026-09-24
2013-11-08,6.975210666656494,15.979999542236328,15.949999809265137,16.079999923706055,15.760000228881836,22227600,VALE,Factor,2026-09-24
2013-11-11,6.966479301452637,15.960000038146973,16.010000228881836,16.09000015258789,15.859999656677246,14477000,VALE,Factor,2026-09-24
2013-11-12,6.722043037414551,15.399999618530273,15.869999885559082,15.880000114440918,15.300000190734863,38550000,VALE,Factor,2026-09-24
2013-11-13,6.739502906799316,15.4399995803833,15.119999885559082,15.460000038146973,15.0,29126600,VALE,Factor,2026-09-24
2013-11-14,6.813705921173096,15.609999656677246,15.489999771118164,15.680000305175781,15.289999961853027,15598800,VALE,Factor,2026-09-24
2013-11-15,6.883545398712158,15.770000457763672,15.65999984741211,15.869999885559082,15.529999732971191,18600300,VALE,Factor,2026-09-24
2013-11-18,6.97084379196167,15.970000267028809,16.0,16.15999984741211,15.880000114440918,17378000,VALE,Factor,2026-09-24
2013-11-19,6.848626136779785,15.6899995803833,16.040000915527344,16.110000610351562,15.65999984741211,17463800,VALE,Factor,2026-09-24
2013-11-20,6.730771541595459,15.420000076293945,15.880000114440918,15.90999984741211,15.369999885559082,16712000,VALE,Factor,2026-09-24
2013-11-21,6.643472194671631,15.220000267028809,15.420000076293945,15.479999542236328,15.170000076293945,15616900,VALE,Factor,2026-09-24
2013-11-22,6.748232841491699,15.460000038146973,15.359999656677246,15.569999694824219,15.25,15589100,VALE,Factor,2026-09-24
2013-11-25,6.612917423248291,15.149999618530273,15.510000228881836,15.569999694824219,15.119999885559082,12314800,VALE,Factor,2026-09-24
2013-11-26,6.425224304199219,14.720000267028809,15.0,15.010000228881836,14.680000305175781,20130600,VALE,Factor,2026-09-24
2013-11-27,6.442684650421143,14.760000228881836,14.9399995803833,15.0600004196167,14.680000305175781,14226100,VALE,Factor,2026-09-24
2013-11-29,6.687122344970703,15.319999694824219,15.130000114440918,15.4399995803833,15.119999885559082,12914800,VALE,Factor,2026-09-24
2013-12-02,6.4994306564331055,14.890000343322754,15.180000305175781,15.210000038146973,14.890000343322754,16734000,VALE,Factor,2026-09-24
2013-12-03,6.481970310211182,14.850000381469727,15.079999923706055,15.15999984741211,14.75,12185500,VALE,Factor,2026-09-24
2013-12-04,6.508158206939697,14.90999984741211,14.90999984741211,15.029999732971191,14.75,15115200,VALE,Factor,2026-09-24
2013-12-05,6.591094017028809,15.100000381469727,15.029999732971191,15.3100004196167,14.960000038146973,16520500,VALE,Factor,2026-09-24
2013-12-06,6.65656852722168,15.25,15.300000190734863,15.510000228881836,15.180000305175781,12396100,VALE,Factor,2026-09-24
2013-12-09,6.743865966796875,15.449999809265137,15.369999885559082,15.579999923706055,15.319999694824219,10344800,VALE,Factor,2026-09-24
2013-12-10,6.691487789154053,15.329999923706055,15.539999961853027,15.579999923706055,15.319999694824219,10722400,VALE,Factor,2026-09-24
2013-12-11,6.490697860717773,14.869999885559082,15.210000038146973,15.260000228881836,14.829999923706055,14557500,VALE,Factor,2026-09-24
2013-12-12,6.451413631439209,14.779999732971191,14.859999656677246,14.880000114440918,14.640000343322754,18539200,VALE,Factor,2026-09-24
2013-12-13,6.40339994430542,14.670000076293945,14.890000343322754,14.920000076293945,14.640000343322754,11548800,VALE,Factor,2026-09-24
2013-12-16,6.447049140930176,14.770000457763672,14.850000381469727,14.989999771118164,14.770000457763672,11589700,VALE,Factor,2026-09-24
2013-12-17,6.425224304199219,14.720000267028809,14.920000076293945,14.9399995803833,14.6899995803833,10716300,VALE,Factor,2026-09-24
2013-12-18,6.481970310211182,14.850000381469727,14.789999961853027,15.0,14.539999961853027,18962700,VALE,Factor,2026-09-24
2013-12-19,6.464510917663574,14.8100004196167,14.710000038146973,14.920000076293945,14.630000114440918,12175800,VALE,Factor,2026-09-24
2013-12-20,6.298640251159668,14.430000305175781,14.65999984741211,14.699999809265137,14.399999618530273,20336000,VALE,Factor,2026-09-24
2013-12-23,6.3990349769592285,14.65999984741211,14.520000457763672,14.699999809265137,14.460000038146973,12018700,VALE,Factor,2026-09-24
2013-12-24,6.468874454498291,14.819999694824219,14.6899995803833,14.949999809265137,14.619999885559082,8094300,VALE,Factor,2026-09-24
2013-12-26,6.425224304199219,14.720000267028809,14.800000190734863,14.84000015258789,14.670000076293945,8696700,VALE,Factor,2026-09-24
2013-12-27,6.647835731506348,15.229999542236328,14.84000015258789,15.229999542236328,14.800000190734863,19207200,VALE,Factor,2026-09-24
2013-12-30,6.643472194671631,15.220000267028809,15.260000228881836,15.369999885559082,15.140000343322754,12005700,VALE,Factor,2026-09-24
2013-12-31,6.65656852722168,15.25,15.210000038146973,15.359999656677246,15.100000381469727,8397200,VALE,Factor,2026-09-24
2014-01-02,6.34229040145874,14.529999732971191,14.899999618530273,14.930000305175781,14.4399995803833,32813800,VALE,Factor,2026-09-24
2014-01-03,6.254991054534912,14.329999923706055,14.600000381469727,14.640000343322754,14.220000267028809,23440200,VALE,Factor,2026-09-24
2014-01-06,6.237532138824463,14.289999961853027,14.199999809265137,14.369999885559082,14.050000190734863,14930000,VALE,Factor,2026-09-24
2014-01-07,6.1284074783325195,14.039999961853027,14.420000076293945,14.4399995803833,13.960000038146973,18389100,VALE,Factor,2026-09-24
2014-01-08,6.089122295379639,13.949999809265137,14.09000015258789,14.130000114440918,13.869999885559082,13667900,VALE,Factor,2026-09-24
2014-01-09,5.914524555206299,13.550000190734863,13.789999961853027,13.84000015258789,13.40999984741211,25159800,VALE,Factor,2026-09-24
2014-01-10,5.9887285232543945,13.720000267028809,13.789999961853027,13.899999618530273,13.609999656677246,19705800,VALE,Factor,2026-09-24
2014-01-13,5.9363484382629395,13.600000381469727,13.75,13.84000015258789,13.449999809265137,17337100,VALE,Factor,2026-09-24
2014-01-14,5.927618503570557,13.579999923706055,13.5600004196167,13.720000267028809,13.460000038146973,15054200,VALE,Factor,2026-09-24
2014-01-15,6.023649215698242,13.800000190734863,13.649999618530273,13.859999656677246,13.630000114440918,14229900,VALE,Factor,2026-09-24
2014-01-16,6.019284725189209,13.789999961853027,14.0600004196167,14.140000343322754,13.75,19425400,VALE,Factor,2026-09-24
2014-01-17,6.019284725189209,13.789999961853027,13.829999923706055,13.90999984741211,13.75,12746100,VALE,Factor,2026-09-24
2014-01-21,5.792304515838623,13.270000457763672,13.399999618530273,13.539999961853027,13.050000190734863,39457600,VALE,Factor,2026-09-24
2014-01-22,5.90142822265625,13.520000457763672,13.3100004196167,13.550000190734863,13.239999771118164,20706400,VALE,Factor,2026-09-24
2014-01-23,5.735561370849609,13.140000343322754,13.380000114440918,13.40999984741211,12.880000114440918,27216000,VALE,Factor,2026-09-24
2014-01-24,5.630801200866699,12.899999618530273,12.90999984741211,13.100000381469727,12.819999694824219,24213900,VALE,Factor,2026-09-24
2014-01-27,5.713735580444336,13.09000015258789,12.899999618530273,13.180000305175781,12.6899995803833,21521900,VALE,Factor,2026-09-24
2014-01-28,5.761750221252441,13.199999809265137,13.109999656677246,13.260000228881836,13.069999694824219,17909700,VALE,Factor,2026-09-24
2014-01-29,5.923253536224365,13.569999694824219,12.979999542236328,13.789999961853027,12.970000267028809,37096900,VALE,Factor,2026-09-24
2014-01-30,5.892698764801025,13.5,13.779999732971191,13.789999961853027,13.399999618530273,15588400,VALE,Factor,2026-09-24
2014-01-31,5.9363484382629395,13.600000381469727,13.260000228881836,13.739999771118164,13.180000305175781,16977900,VALE,Factor,2026-09-24
2014-02-03,5.753020286560059,13.180000305175781,13.5,13.539999961853027,13.170000076293945,19233800,VALE,Factor,2026-09-24
2014-02-04,5.940713882446289,13.609999656677246,13.34000015258789,13.6899995803833,13.25,17337700,VALE,Factor,2026-09-24
2014-02-05,6.119678020477295,14.020000457763672,13.680000305175781,14.079999923706055,13.680000305175781,34977500,VALE,Factor,2026-09-24
2014-02-06,6.32046365737915,14.479999542236328,14.319999694824219,14.539999961853027,14.3100004196167,25761100,VALE,Factor,2026-09-24
2014-02-07,6.276815891265869,14.380000114440918,14.430000305175781,14.550000190734863,14.210000038146973,27327900,VALE,Factor,2026-09-24
2014-02-10,6.071661472320557,13.90999984741211,14.25,14.399999618530273,13.850000381469727,28261600,VALE,Factor,2026-09-24
2014-02-11,6.316100120544434,14.470000267028809,14.0,14.5,14.0,20986700,VALE,Factor,2026-09-24
2014-02-12,6.198246479034424,14.199999809265137,14.479999542236328,14.539999961853027,14.130000114440918,15343700,VALE,Factor,2026-09-24
2014-02-13,6.28554630279541,14.399999618530273,14.050000190734863,14.430000305175781,14.020000457763672,16372900,VALE,Factor,2026-09-24
2014-02-14,6.3990349769592285,14.65999984741211,14.420000076293945,14.770000457763672,14.390000343322754,18594000,VALE,Factor,2026-09-24
2014-02-18,6.316100120544434,14.470000267028809,14.569999694824219,14.729999542236328,14.460000038146973,26357300,VALE,Factor,2026-09-24
2014-02-19,6.385940074920654,14.630000114440918,14.380000114440918,14.710000038146973,14.350000381469727,21459100,VALE,Factor,2026-09-24
2014-02-20,6.385940074920654,14.630000114440918,14.609999656677246,14.779999732971191,14.5,17623000,VALE,Factor,2026-09-24
2014-02-21,6.429589748382568,14.729999542236328,14.65999984741211,14.850000381469727,14.640000343322754,17765800,VALE,Factor,2026-09-24
2014-02-24,6.276815891265869,14.380000114440918,14.680000305175781,14.720000267028809,14.350000381469727,24342100,VALE,Factor,2026-09-24
2014-02-25,6.067297458648682,13.899999618530273,14.199999809265137,14.239999771118164,13.859999656677246,19572600,VALE,Factor,2026-09-24
2014-02-26,6.071661472320557,13.90999984741211,13.920000076293945,14.0600004196167,13.720000267028809,13875100,VALE,Factor,2026-09-24
2014-02-27,6.254991054534912,14.329999923706055,14.149999618530273,14.4399995803833,13.949999809265137,22724200,VALE,Factor,2026-09-24
2014-02-28,6.18515157699585,14.170000076293945,14.149999618530273,14.229999542236328,14.020000457763672,26679400,VALE,Factor,2026-09-24
2014-03-03,6.0760273933410645,13.920000076293945,13.949999809265137,14.029999732971191,13.699999809265137,28236800,VALE,Factor,2026-09-24
2014-03-04,6.119678020477295,14.020000457763672,14.0600004196167,14.109999656677246,13.859999656677246,16067300,VALE,Factor,2026-09-24
2014-03-05,6.001824378967285,13.75,14.0,14.029999732971191,13.699999809265137,19545200,VALE,Factor,2026-09-24
2014-03-06,5.9974589347839355,13.739999771118164,13.859999656677246,13.930000305175781,13.720000267028809,20793600,VALE,Factor,2026-09-24
2014-03-07,5.691910266876221,13.039999961853027,13.430000305175781,13.4399995803833,13.0,37349800,VALE,Factor,2026-09-24
2014-03-10,5.591516494750977,12.8100004196167,12.819999694824219,12.90999984741211,12.600000381469727,30055400,VALE,Factor,2026-09-24
2014-03-11,5.473662853240967,12.539999961853027,12.9399995803833,12.9399995803833,12.5,29119400,VALE,Factor,2026-09-24
2014-03-12,5.587151527404785,12.800000190734863,12.539999961853027,12.850000381469727,12.520000457763672,20678600,VALE,Factor,2026-09-24
2014-03-13,5.4212822914123535,12.420000076293945,13.020000457763672,13.039999961853027,12.359999656677246,25561900,VALE,Factor,2026-09-24
2014-03-14,5.45183801651001,12.489999771118164,12.34000015258789,12.579999923706055,12.289999961853027,17577500,VALE,Factor,2026-09-24
2014-03-17,5.469296932220459,12.529999732971191,12.710000038146973,12.8100004196167,12.470000267028809,15602400,VALE,Factor,2026-09-24
2014-03-18,5.560960292816162,12.739999771118164,12.510000228881836,12.8100004196167,12.420000076293945,16389800,VALE,Factor,2026-09-24
2014-03-19,5.517312526702881,12.640000343322754,12.720000267028809,12.989999771118164,12.600000381469727,18828500,VALE,Factor,2026-09-24
2014-03-20,5.591516494750977,12.8100004196167,12.5600004196167,12.949999809265137,12.470000267028809,18014800,VALE,Factor,2026-09-24
2014-03-21,5.691910266876221,13.039999961853027,13.029999732971191,13.25,12.930000305175781,28287600,VALE,Factor,2026-09-24
2014-03-24,5.72683048248291,13.119999885559082,13.109999656677246,13.25,12.970000267028809,14659800,VALE,Factor,2026-09-24
2014-03-25,5.81412935256958,13.319999694824219,13.369999885559082,13.5,13.3100004196167,17552400,VALE,Factor,2026-09-24
2014-03-26,5.766115665435791,13.210000038146973,13.430000305175781,13.539999961853027,13.170000076293945,16055500,VALE,Factor,2026-09-24
2014-03-27,5.958172798156738,13.649999618530273,13.380000114440918,13.739999771118164,13.380000114440918,22881600,VALE,Factor,2026-09-24
2014-03-28,5.971268177032471,13.680000305175781,13.729999542236328,13.859999656677246,13.550000190734863,22834700,VALE,Factor,2026-09-24
2014-03-31,6.036744117736816,13.829999923706055,13.84000015258789,14.100000381469727,13.800000190734863,21684700,VALE,Factor,2026-09-24
2014-04-01,6.019284725189209,13.789999961853027,13.960000038146973,14.050000190734863,13.670000076293945,17551600,VALE,Factor,2026-09-24
2014-04-02,6.2593560218811035,14.34000015258789,13.760000228881836,14.479999542236328,13.760000228881836,32021300,VALE,Factor,2026-09-24
2014-04-03,6.281181812286377,14.390000343322754,14.220000267028809,14.449999809265137,14.010000228881836,18911300,VALE,Factor,2026-09-24
2014-04-04,6.32046365737915,14.479999542236328,14.680000305175781,14.800000190734863,14.430000305175781,18644000,VALE,Factor,2026-09-24
2014-04-07,6.538712978363037,14.979999542236328,14.520000457763672,15.050000190734863,14.520000457763672,32978400,VALE,Factor,2026-09-24
2014-04-08,6.57799768447876,15.069999694824219,15.279999732971191,15.59000015258789,14.979999542236328,40417900,VALE,Factor,2026-09-24
2014-04-09,6.543078422546387,14.989999771118164,14.880000114440918,15.170000076293945,14.75,23526300,VALE,Factor,2026-09-24
2014-04-10,6.464510917663574,14.8100004196167,14.930000305175781,15.0,14.75,20784400,VALE,Factor,2026-09-24
2014-04-11,6.442684650421143,14.760000228881836,14.619999885559082,14.819999694824219,14.539999961853027,24240700,VALE,Factor,2026-09-24
2014-04-14,6.477603435516357,14.84000015258789,14.899999618530273,15.0,14.760000228881836,15550900,VALE,Factor,2026-09-24
2014-04-15,6.23838996887207,13.899999618530273,14.239999771118164,14.25,13.5,32329600,VALE,Factor,2026-09-24
2014-04-16,6.224926948547363,13.869999885559082,14.039999961853027,14.0600004196167,13.789999961853027,14325800,VALE,Factor,2026-09-24
2014-04-17,6.328152179718018,14.100000381469727,13.890000343322754,14.239999771118164,13.8100004196167,14015800,VALE,Factor,2026-09-24
2014-04-21,6.193511962890625,13.800000190734863,14.239999771118164,14.239999771118164,13.680000305175781,16784300,VALE,Factor,2026-09-24
2014-04-22,6.139655113220215,13.680000305175781,13.779999732971191,13.859999656677246,13.670000076293945,17194900,VALE,Factor,2026-09-24
2014-04-23,6.09926176071167,13.59000015258789,13.619999885559082,13.649999618530273,13.4399995803833,11744700,VALE,Factor,2026-09-24
2014-04-24,6.2204389572143555,13.859999656677246,13.710000038146973,14.050000190734863,13.59000015258789,19982700,VALE,Factor,2026-09-24
2014-04-25,6.063355922698975,13.510000228881836,13.6899995803833,13.720000267028809,13.420000076293945,15810300,VALE,Factor,2026-09-24
2014-04-28,5.987059593200684,13.34000015258789,13.220000267028809,13.4399995803833,12.979999542236328,23876100,VALE,Factor,2026-09-24
2014-04-29,5.996034622192383,13.359999656677246,13.4399995803833,13.5,13.260000228881836,20928400,VALE,Factor,2026-09-24
2014-04-30,5.933203220367432,13.220000267028809,12.989999771118164,13.279999732971191,12.970000267028809,25236500,VALE,Factor,2026-09-24
2014-05-01,5.919739723205566,13.1899995803833,13.140000343322754,13.260000228881836,13.039999961853027,12312600,VALE,Factor,2026-09-24
2014-05-02,6.090284824371338,13.569999694824219,13.239999771118164,13.65999984741211,13.220000267028809,19153200,VALE,Factor,2026-09-24
2014-05-05,6.000524520874023,13.369999885559082,13.539999961853027,13.649999618530273,13.25,14104700,VALE,Factor,2026-09-24
2014-05-06,6.005011558532715,13.380000114440918,13.420000076293945,13.640000343322754,13.319999694824219,14820300,VALE,Factor,2026-09-24
2014-05-07,6.081309795379639,13.550000190734863,13.380000114440918,13.600000381469727,13.279999732971191,17733100,VALE,Factor,2026-09-24
2014-05-08,6.000524520874023,13.369999885559082,13.600000381469727,13.609999656677246,13.210000038146973,21691000,VALE,Factor,2026-09-24
2014-05-09,5.937690258026123,13.229999542236328,13.3100004196167,13.369999885559082,13.210000038146973,17354500,VALE,Factor,2026-09-24
2014-05-12,6.184534549713135,13.779999732971191,13.529999732971191,13.819999694824219,13.5,26515000,VALE,Factor,2026-09-24
2014-05-13,6.229413986206055,13.880000114440918,13.779999732971191,13.989999771118164,13.75,19362500,VALE,Factor,2026-09-24
2014-05-14,6.355080604553223,14.15999984741211,13.899999618530273,14.239999771118164,13.890000343322754,14468900,VALE,Factor,2026-09-24
2014-05-15,6.274293899536133,13.979999542236328,14.199999809265137,14.220000267028809,13.84000015258789,14482400,VALE,Factor,2026-09-24
2014-05-16,6.162093639373779,13.729999542236328,13.84000015258789,13.869999885559082,13.619999885559082,19113900,VALE,Factor,2026-09-24
2014-05-19,6.000524520874023,13.369999885559082,13.510000228881836,13.529999732971191,13.350000381469727,14933400,VALE,Factor,2026-09-24
2014-05-20,5.874858856201172,13.09000015258789,13.289999961853027,13.289999961853027,12.9399995803833,21775500,VALE,Factor,2026-09-24
2014-05-21,5.888322830200195,13.119999885559082,13.15999984741211,13.270000457763672,13.0600004196167,12988100,VALE,Factor,2026-09-24
2014-05-22,5.933203220367432,13.220000267028809,13.350000381469727,13.460000038146973,13.149999618530273,13511500,VALE,Factor,2026-09-24
2014-05-23,5.915251731872559,13.180000305175781,13.260000228881836,13.3100004196167,13.119999885559082,12586100,VALE,Factor,2026-09-24
2014-05-27,5.8658833503723145,13.069999694824219,13.260000228881836,13.300000190734863,13.020000457763672,12382000,VALE,Factor,2026-09-24
2014-05-28,5.861394882202148,13.0600004196167,12.979999542236328,13.079999923706055,12.850000381469727,18042500,VALE,Factor,2026-09-24
2014-05-29,5.897298812866211,13.140000343322754,13.050000190734863,13.1899995803833,12.949999809265137,15055600,VALE,Factor,2026-09-24
2014-05-30,5.72226619720459,12.75,12.729999542236328,12.800000190734863,12.609999656677246,30889800,VALE,Factor,2026-09-24
2014-06-02,5.762657165527344,12.84000015258789,12.770000457763672,12.949999809265137,12.729999542236328,17971700,VALE,Factor,2026-09-24
2014-06-03,5.690846920013428,12.680000305175781,12.779999732971191,12.8100004196167,12.630000114440918,18818000,VALE,Factor,2026-09-24
2014-06-04,5.663919925689697,12.619999885559082,12.729999542236328,12.800000190734863,12.609999656677246,16120400,VALE,Factor,2026-09-24
2014-06-05,5.717775821685791,12.739999771118164,12.760000228881836,12.880000114440918,12.720000267028809,15899900,VALE,Factor,2026-09-24
2014-06-06,5.874858856201172,13.09000015258789,12.979999542236328,13.199999809265137,12.949999809265137,15784200,VALE,Factor,2026-09-24
2014-06-09,5.964620113372803,13.289999961853027,13.140000343322754,13.34000015258789,13.119999885559082,17151500,VALE,Factor,2026-09-24
2014-06-10,5.928715229034424,13.210000038146973,13.1899995803833,13.220000267028809,13.020000457763672,16667600,VALE,Factor,2026-09-24
2014-06-11,5.919739723205566,13.1899995803833,13.210000038146973,13.40999984741211,13.130000114440918,14056400,VALE,Factor,2026-09-24
2014-06-12,5.704312324523926,12.710000038146973,12.970000267028809,13.0,12.630000114440918,26985100,VALE,Factor,2026-09-24
2014-06-13,5.74919319152832,12.8100004196167,12.819999694824219,12.829999923706055,12.699999809265137,13883100,VALE,Factor,2026-09-24
2014-06-16,5.7132887840271,12.729999542236328,12.84000015258789,12.84000015258789,12.640000343322754,13587200,VALE,Factor,2026-09-24
2014-06-17,5.668408393859863,12.630000114440918,12.649999618530273,12.65999984741211,12.550000190734863,15603500,VALE,Factor,2026-09-24
2014-06-18,5.794073581695557,12.90999984741211,12.640000343322754,12.920000076293945,12.619999885559082,34954800,VALE,Factor,2026-09-24
2014-06-19,5.771634101867676,12.859999656677246,12.979999542236328,13.069999694824219,12.819999694824219,16916700,VALE,Factor,2026-09-24
2014-06-20,5.771634101867676,12.859999656677246,12.850000381469727,12.930000305175781,12.789999961853027,10279600,VALE,Factor,2026-09-24
2014-06-23,5.906275272369385,13.15999984741211,13.09000015258789,13.25,13.0,17879300,VALE,Factor,2026-09-24
2014-06-24,5.789586067199707,12.899999618530273,13.09000015258789,13.199999809265137,12.869999885559082,16990000,VALE,Factor,2026-09-24
2014-06-25,5.856906890869141,13.050000190734863,13.010000228881836,13.15999984741211,12.949999809265137,10821700,VALE,Factor,2026-09-24
2014-06-26,6.03193998336792,13.4399995803833,13.229999542236328,13.489999771118164,13.229999542236328,18574700,VALE,Factor,2026-09-24
2014-06-27,5.964620113372803,13.289999961853027,13.319999694824219,13.4399995803833,13.149999618530273,11318300,VALE,Factor,2026-09-24
2014-06-30,5.937690258026123,13.229999542236328,13.1899995803833,13.260000228881836,13.079999923706055,12263700,VALE,Factor,2026-09-24
2014-07-01,6.040916919708252,13.460000038146973,13.479999542236328,13.600000381469727,13.40999984741211,15651400,VALE,Factor,2026-09-24
2014-07-02,6.1486310958862305,13.699999809265137,13.5,13.739999771118164,13.489999771118164,17656100,VALE,Factor,2026-09-24
2014-07-03,6.296736240386963,14.029999732971191,13.760000228881836,14.069999694824219,13.729999542236328,14786700,VALE,Factor,2026-09-24
2014-07-07,6.23838996887207,13.899999618530273,13.960000038146973,13.970000267028809,13.770000457763672,15345800,VALE,Factor,2026-09-24
2014-07-08,6.180047512054443,13.770000457763672,14.020000457763672,14.020000457763672,13.739999771118164,14279400,VALE,Factor,2026-09-24
2014-07-09,6.260831832885742,13.949999809265137,13.770000457763672,14.039999961853027,13.720000267028809,14096200,VALE,Factor,2026-09-24
2014-07-10,6.206973552703857,13.829999923706055,13.779999732971191,13.9399995803833,13.710000038146973,17417300,VALE,Factor,2026-09-24
2014-07-11,6.2204389572143555,13.859999656677246,13.739999771118164,13.949999809265137,13.649999618530273,14700700,VALE,Factor,2026-09-24
2014-07-14,6.2339043617248535,13.890000343322754,13.989999771118164,14.039999961853027,13.890000343322754,18447000,VALE,Factor,2026-09-24
2014-07-15,6.283271789550781,14.0,14.0,14.050000190734863,13.890000343322754,13322100,VALE,Factor,2026-09-24
2014-07-16,6.462793350219727,14.399999618530273,14.25,14.449999809265137,14.239999771118164,24806800,VALE,Factor,2026-09-24
2014-07-17,6.274293899536133,13.979999542236328,14.229999542236328,14.25,13.970000267028809,15283200,VALE,Factor,2026-09-24
2014-07-18,6.3191752433776855,14.079999923706055,14.15999984741211,14.279999732971191,14.039999961853027,21318800,VALE,Factor,2026-09-24
2014-07-21,6.395472526550293,14.25,14.119999885559082,14.270000457763672,13.979999542236328,13497100,VALE,Factor,2026-09-24
2014-07-22,6.476258754730225,14.430000305175781,14.390000343322754,14.510000228881836,14.34000015258789,19750400,VALE,Factor,2026-09-24
2014-07-23,6.43586540222168,14.34000015258789,14.369999885559082,14.510000228881836,14.270000457763672,14491400,VALE,Factor,2026-09-24
2014-07-24,6.534603118896484,14.5600004196167,14.460000038146973,14.65999984741211,14.380000114440918,14986300,VALE,Factor,2026-09-24
2014-07-25,6.534603118896484,14.5600004196167,14.5600004196167,14.579999923706055,14.449999809265137,11695300,VALE,Factor,2026-09-24
2014-07-28,6.655778884887695,14.829999923706055,14.619999885559082,14.850000381469727,14.600000381469727,17962400,VALE,Factor,2026-09-24
2014-07-29,6.624364376068115,14.760000228881836,14.899999618530273,14.930000305175781,14.739999771118164,14376000,VALE,Factor,2026-09-24
2014-07-30,6.453815460205078,14.380000114440918,14.619999885559082,14.84000015258789,14.239999771118164,22871100,VALE,Factor,2026-09-24
2014-07-31,6.440352916717529,14.350000381469727,14.289999961853027,14.5600004196167,14.079999923706055,19831900,VALE,Factor,2026-09-24
2014-08-01,6.287760257720947,14.010000228881836,14.319999694824219,14.40999984741211,13.949999809265137,20150700,VALE,Factor,2026-09-24
2014-08-04,6.350592613220215,14.149999618530273,14.09000015258789,14.199999809265137,13.960000038146973,11571800,VALE,Factor,2026-09-24
2014-08-05,6.2339043617248535,13.890000343322754,13.949999809265137,14.0600004196167,13.8100004196167,13316600,VALE,Factor,2026-09-24
2014-08-06,6.287760257720947,14.010000228881836,13.850000381469727,14.09000015258789,13.84000015258789,9296600,VALE,Factor,2026-09-24
2014-08-07,6.189023494720459,13.789999961853027,14.079999923706055,14.100000381469727,13.75,13900700,VALE,Factor,2026-09-24
2014-08-08,6.206973552703857,13.829999923706055,13.680000305175781,13.899999618530273,13.670000076293945,11027300,VALE,Factor,2026-09-24
2014-08-11,6.301225185394287,14.039999961853027,14.050000190734863,14.170000076293945,13.960000038146973,12854200,VALE,Factor,2026-09-24
2014-08-12,6.278784275054932,13.989999771118164,13.989999771118164,14.0600004196167,13.90999984741211,13770500,VALE,Factor,2026-09-24
2014-08-13,6.171069622039795,13.75,13.930000305175781,13.949999809265137,13.569999694824219,22425800,VALE,Factor,2026-09-24
2014-08-14,6.07233190536499,13.529999732971191,13.630000114440918,13.670000076293945,13.300000190734863,27491900,VALE,Factor,2026-09-24
2014-08-15,6.153117656707764,13.710000038146973,13.640000343322754,13.720000267028809,13.5,14072400,VALE,Factor,2026-09-24
2014-08-18,6.197997570037842,13.8100004196167,13.8100004196167,13.850000381469727,13.59000015258789,14406400,VALE,Factor,2026-09-24
2014-08-19,6.229413986206055,13.880000114440918,13.6899995803833,13.970000267028809,13.680000305175781,16657600,VALE,Factor,2026-09-24
2014-08-20,6.3191752433776855,14.079999923706055,13.859999656677246,14.09000015258789,13.859999656677246,13543000,VALE,Factor,2026-09-24
2014-08-21,6.251855850219727,13.930000305175781,14.100000381469727,14.119999885559082,13.899999618530273,13702500,VALE,Factor,2026-09-24
2014-08-22,6.1665825843811035,13.739999771118164,13.75,13.8100004196167,13.649999618530273,12453200,VALE,Factor,2026-09-24
2014-08-25,6.117213249206543,13.630000114440918,13.779999732971191,13.789999961853027,13.619999885559082,12725200,VALE,Factor,2026-09-24
2014-08-26,6.175557613372803,13.760000228881836,13.59000015258789,13.8100004196167,13.5600004196167,16639200,VALE,Factor,2026-09-24
2014-08-27,6.139655113220215,13.680000305175781,13.760000228881836,13.8100004196167,13.630000114440918,13460200,VALE,Factor,2026-09-24
2014-08-28,5.883833408355713,13.109999656677246,13.260000228881836,13.289999961853027,12.90999984741211,48060600,VALE,Factor,2026-09-24
2014-08-29,5.861394882202148,13.0600004196167,13.100000381469727,13.140000343322754,12.880000114440918,24152500,VALE,Factor,2026-09-24
2014-09-02,5.758169174194336,12.829999923706055,13.0,13.010000228881836,12.800000190734863,26544600,VALE,Factor,2026-09-24
2014-09-03,5.82100248336792,12.970000267028809,12.930000305175781,13.199999809265137,12.920000076293945,25145300,VALE,Factor,2026-09-24
2014-09-04,5.753680229187012,12.819999694824219,12.880000114440918,12.970000267028809,12.229999542236328,24321600,VALE,Factor,2026-09-24
2014-09-05,5.690846920013428,12.680000305175781,12.760000228881836,12.789999961853027,12.399999618530273,41798400,VALE,Factor,2026-09-24
2014-09-08,5.592111110687256,12.460000038146973,12.520000457763672,12.539999961853027,12.369999885559082,33951400,VALE,Factor,2026-09-24
2014-09-09,5.619039535522461,12.520000457763672,12.430000305175781,12.720000267028809,12.399999618530273,22778000,VALE,Factor,2026-09-24
2014-09-10,5.556207656860352,12.380000114440918,12.489999771118164,12.510000228881836,12.220000267028809,26138400,VALE,Factor,2026-09-24
2014-09-11,5.569671154022217,12.40999984741211,12.390000343322754,12.479999542236328,12.350000381469727,19543900,VALE,Factor,2026-09-24
2014-09-12,5.5203022956848145,12.300000190734863,12.1899995803833,12.329999923706055,12.100000381469727,27794500,VALE,Factor,2026-09-24
2014-09-15,5.58313512802124,12.4399995803833,12.359999656677246,12.489999771118164,12.329999923706055,14392500,VALE,Factor,2026-09-24
2014-09-16,5.636992454528809,12.5600004196167,12.420000076293945,12.729999542236328,12.319999694824219,20654700,VALE,Factor,2026-09-24
2014-09-17,5.560694217681885,12.390000343322754,12.59000015258789,12.59000015258789,12.350000381469727,22782300,VALE,Factor,2026-09-24
2014-09-18,5.52927827835083,12.319999694824219,12.369999885559082,12.449999809265137,12.279999732971191,14850400,VALE,Factor,2026-09-24
2014-09-19,5.385662078857422,12.0,12.239999771118164,12.329999923706055,11.949999809265137,33721400,VALE,Factor,2026-09-24
2014-09-22,5.134328842163086,11.4399995803833,11.5600004196167,11.619999885559082,11.270000457763672,48657000,VALE,Factor,2026-09-24
2014-09-23,5.125353813171387,11.420000076293945,11.479999542236328,11.600000381469727,11.34000015258789,23831300,VALE,Factor,2026-09-24
2014-09-24,5.2016520500183105,11.59000015258789,11.550000190734863,11.670000076293945,11.470000267028809,38821800,VALE,Factor,2026-09-24
2014-09-25,5.08047342300415,11.319999694824219,11.350000381469727,11.380000114440918,11.170000076293945,32554800,VALE,Factor,2026-09-24
2014-09-26,5.022128105163574,11.1899995803833,11.25,11.3100004196167,11.119999885559082,22492000,VALE,Factor,2026-09-24
2014-09-29,4.87851095199585,10.869999885559082,10.760000228881836,11.029999732971191,10.75,25608300,VALE,Factor,2026-09-24
2014-09-30,4.941344738006592,11.010000228881836,10.970000267028809,11.020000457763672,10.609999656677246,33138300,VALE,Factor,2026-09-24
2014-10-01,4.874021530151367,10.859999656677246,11.0,11.210000038146973,10.739999771118164,35692600,VALE,Factor,2026-09-24
2014-10-02,4.977248668670654,11.09000015258789,10.960000038146973,11.220000267028809,10.699999809265137,29414400,VALE,Factor,2026-09-24
2014-10-03,4.945831298828125,11.020000457763672,10.949999809265137,11.029999732971191,10.729999542236328,33479300,VALE,Factor,2026-09-24
2014-10-06,5.075985431671143,11.3100004196167,11.479999542236328,11.609999656677246,11.25,38211600,VALE,Factor,2026-09-24
2014-10-07,5.111889839172363,11.390000343322754,11.34000015258789,11.579999923706055,11.289999961853027,36266500,VALE,Factor,2026-09-24
2014-10-08,5.1477952003479,11.470000267028809,11.550000190734863,11.569999694824219,11.180000305175781,25333900,VALE,Factor,2026-09-24
2014-10-09,5.049057960510254,11.25,11.510000228881836,11.539999961853027,11.140000343322754,16793600,VALE,Factor,2026-09-24
2014-10-10,4.8919758796691895,10.899999618530273,10.979999542236328,11.180000305175781,10.859999656677246,19284400,VALE,Factor,2026-09-24
2014-10-13,5.1477952003479,11.470000267028809,11.390000343322754,11.789999961853027,11.369999885559082,32815900,VALE,Factor,2026-09-24
2014-10-14,5.295901298522949,11.800000190734863,11.630000114440918,11.949999809265137,11.489999771118164,26175600,VALE,Factor,2026-09-24
2014-10-15,5.188187599182129,11.5600004196167,11.460000038146973,11.600000381469727,11.210000038146973,27140700,VALE,Factor,2026-09-24
2014-10-16,4.99968957901001,11.140000343322754,11.0600004196167,11.329999923706055,11.0,28435400,VALE,Factor,2026-09-24
2014-10-17,4.972417831420898,10.9399995803833,10.770000457763672,11.119999885559082,10.649999618530273,32470300,VALE,Factor,2026-09-24
2014-10-20,4.876968860626221,10.729999542236328,10.760000228881836,10.800000190734863,10.59000015258789,21759800,VALE,Factor,2026-09-24
2014-10-21,4.886058807373047,10.75,10.460000038146973,10.920000076293945,10.460000038146973,28573300,VALE,Factor,2026-09-24
2014-10-22,4.917875289916992,10.819999694824219,10.670000076293945,11.819999694824219,10.65999984741211,18663500,VALE,Factor,2026-09-24
2014-10-23,4.922421455383301,10.829999923706055,10.729999542236328,11.0,10.710000038146973,20833900,VALE,Factor,2026-09-24
2014-10-24,5.072411060333252,11.15999984741211,10.880000114440918,11.449999809265137,10.880000114440918,35645600,VALE,Factor,2026-09-24
2014-10-27,4.808791637420654,10.579999923706055,10.470000267028809,10.619999885559082,10.399999618530273,41943800,VALE,Factor,2026-09-24
2014-10-28,4.836061954498291,10.640000343322754,10.5600004196167,10.670000076293945,10.460000038146973,22993600,VALE,Factor,2026-09-24
2014-10-29,4.6360764503479,10.199999809265137,10.460000038146973,10.539999961853027,10.050000190734863,31288400,VALE,Factor,2026-09-24
2014-10-30,4.508810520172119,9.920000076293945,9.979999542236328,10.039999961853027,9.819999694824219,32631500,VALE,Factor,2026-09-24
2014-10-31,4.586078643798828,10.09000015258789,9.789999961853027,10.109999656677246,9.720000267028809,20470800,VALE,Factor,2026-09-24
2014-11-03,4.4633588790893555,9.819999694824219,9.960000038146973,9.979999542236328,9.729999542236328,25281200,VALE,Factor,2026-09-24
2014-11-04,4.336093425750732,9.539999961853027,9.699999809265137,9.710000038146973,9.460000038146973,23805600,VALE,Factor,2026-09-24
2014-11-05,4.345184326171875,9.5600004196167,9.5,9.670000076293945,9.329999923706055,29630800,VALE,Factor,2026-09-24
2014-11-06,4.154286861419678,9.140000343322754,9.420000076293945,9.420000076293945,9.130000114440918,26317500,VALE,Factor,2026-09-24
2014-11-07,4.286097049713135,9.430000305175781,9.350000381469727,9.510000228881836,9.319999694824219,20065700,VALE,Factor,2026-09-24
2014-11-10,4.108834743499756,9.039999961853027,9.520000457763672,9.520000457763672,9.010000228881836,27366500,VALE,Factor,2026-09-24
2014-11-11,4.054293155670166,8.920000076293945,8.779999732971191,9.0,8.760000228881836,36145000,VALE,Factor,2026-09-24
2014-11-12,4.008841514587402,8.819999694824219,9.0,9.09000015258789,8.75,20960300,VALE,Factor,2026-09-24
2014-11-13,3.9633898735046387,8.720000267028809,8.84000015258789,8.880000114440918,8.670000076293945,23129200,VALE,Factor,2026-09-24
2014-11-14,4.0315680503845215,8.869999885559082,8.600000381469727,8.9399995803833,8.600000381469727,23977200,VALE,Factor,2026-09-24
2014-11-17,4.022477149963379,8.850000381469727,8.899999618530273,8.930000305175781,8.770000457763672,16338500,VALE,Factor,2026-09-24
2014-11-18,3.8770318031311035,8.529999732971191,8.6899995803833,8.6899995803833,8.5,35891100,VALE,Factor,2026-09-24
2014-11-19,3.895211696624756,8.569999694824219,8.569999694824219,8.720000267028809,8.40999984741211,44614000,VALE,Factor,2026-09-24
2014-11-20,3.9497549533843994,8.6899995803833,8.420000076293945,8.75,8.399999618530273,28935300,VALE,Factor,2026-09-24
2014-11-21,4.277006149291992,9.40999984741211,9.319999694824219,9.550000190734863,9.1899995803833,56397200,VALE,Factor,2026-09-24
2014-11-24,4.254281520843506,9.359999656677246,9.399999618530273,9.550000190734863,9.260000228881836,27988000,VALE,Factor,2026-09-24
2014-11-25,4.272461414337158,9.399999618530273,9.40999984741211,9.470000267028809,9.329999923706055,24397000,VALE,Factor,2026-09-24
2014-11-26,4.213375091552734,9.270000457763672,9.489999771118164,9.5,9.220000267028809,24369800,VALE,Factor,2026-09-24
2014-11-28,4.095200061798096,9.010000228881836,9.210000038146973,9.210000038146973,8.960000038146973,16709000,VALE,Factor,2026-09-24
2014-12-01,3.9679348468780518,8.729999542236328,8.960000038146973,8.979999542236328,8.619999885559082,29077500,VALE,Factor,2026-09-24
2014-12-02,3.786128520965576,8.329999923706055,8.90999984741211,8.9399995803833,8.319999694824219,37808200,VALE,Factor,2026-09-24
2014-12-03,3.8770318031311035,8.529999732971191,8.520000457763672,8.710000038146973,8.479999542236328,32979100,VALE,Factor,2026-09-24
2014-12-04,3.7952187061309814,8.350000381469727,8.369999885559082,8.5,8.289999961853027,28296300,VALE,Factor,2026-09-24
2014-12-05,3.808854103088379,8.380000114440918,8.34000015258789,8.529999732971191,8.220000267028809,21458400,VALE,Factor,2026-09-24
2014-12-08,3.6452279090881348,8.020000457763672,8.34000015258789,8.350000381469727,8.0,32956700,VALE,Factor,2026-09-24
2014-12-09,3.60886549949646,7.940000057220459,7.909999847412109,8.140000343322754,7.789999961853027,35497600,VALE,Factor,2026-09-24
2014-12-10,3.4270594120025635,7.539999961853027,7.900000095367432,7.900000095367432,7.519999980926514,37976400,VALE,Factor,2026-09-24
2014-12-11,3.2997937202453613,7.260000228881836,7.360000133514404,7.480000019073486,7.239999771118164,39417500,VALE,Factor,2026-09-24
2014-12-12,3.2679786682128906,7.190000057220459,7.320000171661377,7.340000152587891,7.119999885559082,37635500,VALE,Factor,2026-09-24
2014-12-15,3.117987632751465,6.860000133514404,7.090000152587891,7.130000114440918,6.860000133514404,35413200,VALE,Factor,2026-09-24
2014-12-16,3.199800968170166,7.039999961853027,6.989999771118164,7.179999828338623,6.820000171661377,45571700,VALE,Factor,2026-09-24
2014-12-17,3.2952492237091064,7.25,7.21999979019165,7.400000095367432,7.130000114440918,51858700,VALE,Factor,2026-09-24
2014-12-18,3.458875894546509,7.610000133514404,7.380000114440918,7.619999885559082,7.309999942779541,37266900,VALE,Factor,2026-09-24
2014-12-19,3.6997697353363037,8.140000343322754,7.579999923706055,8.220000267028809,7.579999923706055,51737700,VALE,Factor,2026-09-24
2014-12-22,3.677043914794922,8.09000015258789,8.140000343322754,8.180000305175781,7.96999979019165,27333700,VALE,Factor,2026-09-24
2014-12-23,3.6997697353363037,8.140000343322754,8.0,8.25,7.96999979019165,19983500,VALE,Factor,2026-09-24
2014-12-24,3.677043914794922,8.09000015258789,8.069999694824219,8.170000076293945,7.989999771118164,9495600,VALE,Factor,2026-09-24
2014-12-26,3.708859443664551,8.15999984741211,8.199999809265137,8.359999656677246,8.109999656677246,13106900,VALE,Factor,2026-09-24
2014-12-29,3.7270407676696777,8.199999809265137,8.180000305175781,8.279999732971191,8.109999656677246,15163900,VALE,Factor,2026-09-24
2014-12-30,3.763401508331299,8.279999732971191,8.350000381469727,8.449999809265137,8.199999809265137,22329100,VALE,Factor,2026-09-24
2014-12-31,3.7179510593414307,8.180000305175781,8.239999771118164,8.289999961853027,8.079999923706055,14787900,VALE,Factor,2026-09-24
2015-01-02,3.60886549949646,7.940000057220459,8.020000457763672,8.039999961853027,7.829999923706055,26752500,VALE,Factor,2026-09-24
2015-01-05,3.513418436050415,7.730000019073486,7.630000114440918,7.789999961853027,7.559999942779541,23266000,VALE,Factor,2026-09-24
2015-01-06,3.6997697353363037,8.140000343322754,7.980000019073486,8.220000267028809,7.960000038146973,31163000,VALE,Factor,2026-09-24
2015-01-07,3.790672779083252,8.34000015258789,8.390000343322754,8.470000267028809,8.199999809265137,19692900,VALE,Factor,2026-09-24
2015-01-08,3.895211696624756,8.569999694824219,8.350000381469727,8.59000015258789,8.289999961853027,19426100,VALE,Factor,2026-09-24
2015-01-09,3.8861217498779297,8.550000190734863,8.5600004196167,8.609999656677246,8.460000038146973,25103900,VALE,Factor,2026-09-24
2015-01-12,3.8861217498779297,8.550000190734863,8.350000381469727,8.609999656677246,8.229999542236328,25037100,VALE,Factor,2026-09-24
2015-01-13,3.863395929336548,8.5,8.630000114440918,8.779999732971191,8.479999542236328,38245900,VALE,Factor,2026-09-24
2015-01-14,3.649772882461548,8.029999732971191,8.210000038146973,8.229999542236328,7.869999885559082,43834100,VALE,Factor,2026-09-24
2015-01-15,3.6315927505493164,7.989999771118164,8.039999961853027,8.149999618530273,7.900000095367432,23951100,VALE,Factor,2026-09-24
2015-01-16,3.8224895000457764,8.40999984741211,8.09000015258789,8.479999542236328,8.09000015258789,21047300,VALE,Factor,2026-09-24
2015-01-20,3.8043081760406494,8.369999885559082,8.350000381469727,8.380000114440918,8.239999771118164,15232100,VALE,Factor,2026-09-24
2015-01-21,3.9088473320007324,8.600000381469727,8.34000015258789,8.630000114440918,8.3100004196167,18082900,VALE,Factor,2026-09-24
2015-01-22,3.9497549533843994,8.6899995803833,8.779999732971191,8.829999923706055,8.520000457763672,18606300,VALE,Factor,2026-09-24
2015-01-23,3.5679595470428467,7.849999904632568,8.279999732971191,8.3100004196167,7.820000171661377,40652500,VALE,Factor,2026-09-24
2015-01-26,3.395242691040039,7.46999979019165,7.739999771118164,7.739999771118164,7.460000038146973,32402700,VALE,Factor,2026-09-24
2015-01-27,3.3725171089172363,7.420000076293945,7.320000171661377,7.5,7.230000019073486,27265700,VALE,Factor,2026-09-24
2015-01-28,3.272524118423462,7.199999809265137,7.349999904632568,7.510000228881836,7.150000095367432,48404200,VALE,Factor,2026-09-24
2015-01-29,3.1407129764556885,6.909999847412109,7.340000152587891,7.349999904632568,6.860000133514404,44823500,VALE,Factor,2026-09-24
2015-01-30,3.195255756378174,7.03000020980835,6.71999979019165,7.059999942779541,6.690000057220459,38977900,VALE,Factor,2026-09-24
2015-02-02,3.390698194503784,7.460000038146973,6.96999979019165,7.489999771118164,6.949999809265137,31096700,VALE,Factor,2026-09-24
2015-02-03,3.5815951824188232,7.880000114440918,7.539999961853027,7.920000076293945,7.539999961853027,47491600,VALE,Factor,2026-09-24
2015-02-04,3.4452409744262695,7.579999923706055,7.489999771118164,7.650000095367432,7.460000038146973,31216600,VALE,Factor,2026-09-24
2015-02-05,3.4316046237945557,7.550000190734863,7.489999771118164,7.739999771118164,7.46999979019165,21970500,VALE,Factor,2026-09-24
2015-02-06,3.340701103210449,7.349999904632568,7.360000133514404,7.449999809265137,7.21999979019165,28478700,VALE,Factor,2026-09-24
2015-02-09,3.5361437797546387,7.78000020980835,7.409999847412109,7.880000114440918,7.389999866485596,29938300,VALE,Factor,2026-09-24
2015-02-10,3.3134305477142334,7.289999961853027,7.539999961853027,7.570000171661377,7.170000076293945,28681200,VALE,Factor,2026-09-24
2015-02-11,3.3725171089172363,7.420000076293945,7.190000057220459,7.480000019073486,7.110000133514404,26550900,VALE,Factor,2026-09-24
2015-02-12,3.513418436050415,7.730000019073486,7.630000114440918,7.769999980926514,7.480000019073486,24653200,VALE,Factor,2026-09-24
2015-02-13,3.6588633060455322,8.050000190734863,7.869999885559082,8.069999694824219,7.869999885559082,28768300,VALE,Factor,2026-09-24
2015-02-17,3.6315927505493164,7.989999771118164,8.020000457763672,8.029999732971191,7.75,18486800,VALE,Factor,2026-09-24
2015-02-18,3.627046585083008,7.980000019073486,7.940000057220459,8.130000114440918,7.800000190734863,27581000,VALE,Factor,2026-09-24
2015-02-19,3.495237350463867,7.690000057220459,7.889999866485596,7.889999866485596,7.650000095367432,27441100,VALE,Factor,2026-09-24
2015-02-20,3.5588698387145996,7.829999923706055,7.699999809265137,7.920000076293945,7.679999828338623,17017600,VALE,Factor,2026-09-24
2015-02-23,3.413423776626587,7.510000228881836,7.639999866485596,7.659999847412109,7.420000076293945,22026600,VALE,Factor,2026-09-24
2015-02-24,3.5361437797546387,7.78000020980835,7.539999961853027,7.869999885559082,7.539999961853027,25630000,VALE,Factor,2026-09-24
2015-02-25,3.5043272972106934,7.710000038146973,7.670000076293945,7.769999980926514,7.610000133514404,21774900,VALE,Factor,2026-09-24
2015-02-26,3.336156129837036,7.340000152587891,7.460000038146973,7.5,7.25,31798500,VALE,Factor,2026-09-24
2015-02-27,3.3725171089172363,7.420000076293945,7.380000114440918,7.539999961853027,7.369999885559082,24499000,VALE,Factor,2026-09-24
2015-03-02,3.277068614959717,7.210000038146973,7.380000114440918,7.389999866485596,7.059999942779541,29417500,VALE,Factor,2026-09-24
2015-03-03,3.2407073974609375,7.130000114440918,7.130000114440918,7.289999961853027,7.110000133514404,22436000,VALE,Factor,2026-09-24
2015-03-04,3.1270785331726074,6.880000114440918,6.949999809265137,6.949999809265137,6.730000019073486,35632700,VALE,Factor,2026-09-24
2015-03-05,2.9679973125457764,6.53000020980835,6.800000190734863,6.800000190734863,6.449999809265137,47934700,VALE,Factor,2026-09-24
2015-03-06,2.9180004596710205,6.420000076293945,6.329999923706055,6.5,6.230000019073486,44019900,VALE,Factor,2026-09-24
2015-03-09,2.831641674041748,6.230000019073486,6.349999904632568,6.420000076293945,6.179999828338623,38560600,VALE,Factor,2026-09-24
2015-03-10,2.7907354831695557,6.139999866485596,6.21999979019165,6.300000190734863,6.130000114440918,32776700,VALE,Factor,2026-09-24
2015-03-11,2.754373550415039,6.059999942779541,6.110000133514404,6.130000114440918,6.010000228881836,28953100,VALE,Factor,2026-09-24
2015-03-12,2.7316479682922363,6.010000228881836,6.099999904632568,6.300000190734863,6.0,38581200,VALE,Factor,2026-09-24
2015-03-13,2.645289659500122,5.820000171661377,5.900000095367432,5.900000095367432,5.630000114440918,38401400,VALE,Factor,2026-09-24
2015-03-16,2.6680150032043457,5.869999885559082,5.940000057220459,5.989999771118164,5.769999980926514,18336400,VALE,Factor,2026-09-24
2015-03-17,2.777099847793579,6.110000133514404,5.829999923706055,6.159999847412109,5.820000171661377,26406400,VALE,Factor,2026-09-24
2015-03-18,2.7816450595855713,6.119999885559082,5.989999771118164,6.139999866485596,5.840000152587891,30281300,VALE,Factor,2026-09-24
2015-03-19,2.658925771713257,5.849999904632568,5.96999979019165,6.019999980926514,5.829999923706055,17876400,VALE,Factor,2026-09-24
2015-03-20,2.845277786254883,6.260000228881836,5.929999828338623,6.269999980926514,5.909999847412109,34764200,VALE,Factor,2026-09-24
2015-03-23,2.9679973125457764,6.53000020980835,6.329999923706055,6.550000190734863,6.269999980926514,30229000,VALE,Factor,2026-09-24
2015-03-24,2.858912706375122,6.289999961853027,6.489999771118164,6.519999980926514,6.210000038146973,18851500,VALE,Factor,2026-09-24
2015-03-25,2.827096700668335,6.21999979019165,6.340000152587891,6.369999885559082,6.110000133514404,19906500,VALE,Factor,2026-09-24
2015-03-26,2.6998322010040283,5.940000057220459,6.179999828338623,6.239999771118164,5.900000095367432,32555300,VALE,Factor,2026-09-24
2015-03-27,2.5771121978759766,5.670000076293945,5.829999923706055,5.829999923706055,5.619999885559082,30787400,VALE,Factor,2026-09-24
2015-03-30,2.6316542625427246,5.789999961853027,5.690000057220459,5.829999923706055,5.590000152587891,20147400,VALE,Factor,2026-09-24
2015-03-31,2.568021774291992,5.650000095367432,5.670000076293945,5.690000057220459,5.559999942779541,23630800,VALE,Factor,2026-09-24
2015-04-01,2.536205530166626,5.579999923706055,5.590000152587891,5.639999866485596,5.510000228881836,32130200,VALE,Factor,2026-09-24
2015-04-02,2.618018388748169,5.760000228881836,5.5,5.789999961853027,5.449999809265137,24650400,VALE,Factor,2026-09-24
2015-04-06,2.645289659500122,5.820000171661377,5.889999866485596,5.96999979019165,5.78000020980835,13528300,VALE,Factor,2026-09-24
2015-04-07,2.7589194774627686,6.070000171661377,5.909999847412109,6.139999866485596,5.840000152587891,22239300,VALE,Factor,2026-09-24
2015-04-08,2.772555351257324,6.099999904632568,6.269999980926514,6.309999942779541,6.099999904632568,16727100,VALE,Factor,2026-09-24
2015-04-09,2.8043711185455322,6.170000076293945,6.070000171661377,6.239999771118164,5.96999979019165,16799000,VALE,Factor,2026-09-24
2015-04-10,2.745283365249634,6.039999961853027,6.110000133514404,6.170000076293945,6.0,16556500,VALE,Factor,2026-09-24
2015-04-13,2.6680150032043457,5.869999885559082,5.96999979019165,6.130000114440918,5.78000020980835,23315700,VALE,Factor,2026-09-24
2015-04-14,2.7861905097961426,6.130000114440918,6.039999961853027,6.300000190734863,6.010000228881836,37274900,VALE,Factor,2026-09-24
2015-04-15,2.9054105281829834,6.190000057220459,6.039999961853027,6.230000019073486,5.949999809265137,26668600,VALE,Factor,2026-09-24
2015-04-16,2.825617551803589,6.019999980926514,6.190000057220459,6.230000019073486,6.0,23244100,VALE,Factor,2026-09-24
2015-04-17,2.755211591720581,5.869999885559082,5.949999809265137,5.960000038146973,5.829999923706055,22135700,VALE,Factor,2026-09-24
2015-04-20,2.755211591720581,5.869999885559082,5.909999847412109,5.960000038146973,5.860000133514404,11854100,VALE,Factor,2026-09-24
2015-04-21,2.764598846435547,5.889999866485596,5.829999923706055,5.960000038146973,5.800000190734863,16553100,VALE,Factor,2026-09-24
2015-04-22,3.0509161949157715,6.5,6.050000190734863,6.519999980926514,6.03000020980835,57959700,VALE,Factor,2026-09-24
2015-04-23,3.341926336288452,7.119999885559082,6.539999961853027,7.150000095367432,6.539999961853027,63828300,VALE,Factor,2026-09-24
2015-04-24,3.717423439025879,7.920000076293945,7.449999809265137,7.929999828338623,7.429999828338623,76806100,VALE,Factor,2026-09-24
2015-04-27,3.801910638809204,8.100000381469727,8.260000228881836,8.449999809265137,8.039999961853027,73463300,VALE,Factor,2026-09-24
2015-04-28,3.6094682216644287,7.690000057220459,8.140000343322754,8.15999984741211,7.610000133514404,42815100,VALE,Factor,2026-09-24
2015-04-29,3.4076385498046875,7.260000228881836,7.389999866485596,7.400000095367432,7.179999828338623,42543900,VALE,Factor,2026-09-24
2015-04-30,3.6047747135162354,7.679999828338623,7.059999942779541,7.71999979019165,6.880000114440918,80309700,VALE,Factor,2026-09-24
2015-05-01,3.7878291606903076,8.069999694824219,7.900000095367432,8.119999885559082,7.75,35376700,VALE,Factor,2026-09-24
2015-05-04,3.7690556049346924,8.029999732971191,7.960000038146973,8.100000381469727,7.869999885559082,26201500,VALE,Factor,2026-09-24
2015-05-05,4.1304707527160645,8.800000190734863,8.170000076293945,8.829999923706055,8.130000114440918,58733400,VALE,Factor,2026-09-24
2015-05-06,3.8441543579101562,8.1899995803833,8.949999809265137,9.140000343322754,8.170000076293945,69358400,VALE,Factor,2026-09-24
2015-05-07,3.6798746585845947,7.840000152587891,8.09000015258789,8.100000381469727,7.800000190734863,51065200,VALE,Factor,2026-09-24
2015-05-08,3.581305742263794,7.630000114440918,8.100000381469727,8.1899995803833,7.599999904632568,45621900,VALE,Factor,2026-09-24
2015-05-11,3.5953872203826904,7.659999847412109,7.800000190734863,7.949999809265137,7.570000171661377,33917100,VALE,Factor,2026-09-24
2015-05-12,3.4592692852020264,7.369999885559082,7.610000133514404,7.739999771118164,7.349999904632568,34561700,VALE,Factor,2026-09-24
2015-05-13,3.341926336288452,7.119999885559082,7.349999904632568,7.460000038146973,7.059999942779541,39119300,VALE,Factor,2026-09-24
2015-05-14,3.3466198444366455,7.130000114440918,7.090000152587891,7.329999923706055,7.010000228881836,34702300,VALE,Factor,2026-09-24
2015-05-15,3.341926336288452,7.119999885559082,7.139999866485596,7.199999809265137,7.050000190734863,26605500,VALE,Factor,2026-09-24
2015-05-18,3.1354029178619385,6.679999828338623,7.119999885559082,7.139999866485596,6.659999847412109,48592300,VALE,Factor,2026-09-24
2015-05-19,3.1025469303131104,6.610000133514404,6.610000133514404,6.679999828338623,6.510000228881836,37951900,VALE,Factor,2026-09-24
2015-05-20,3.1025469303131104,6.610000133514404,6.690000057220459,6.769999980926514,6.53000020980835,36176300,VALE,Factor,2026-09-24
2015-05-21,3.1213221549987793,6.650000095367432,6.639999866485596,6.760000228881836,6.53000020980835,32613700,VALE,Factor,2026-09-24
2015-05-22,3.0837717056274414,6.570000171661377,6.699999809265137,6.75,6.559999942779541,20093300,VALE,Factor,2026-09-24
2015-05-26,3.0696909427642822,6.539999961853027,6.650000095367432,6.78000020980835,6.5,43984500,VALE,Factor,2026-09-24
2015-05-27,3.1166274547576904,6.639999866485596,6.449999809265137,6.690000057220459,6.389999866485596,25904800,VALE,Factor,2026-09-24
2015-05-28,3.0509161949157715,6.5,6.53000020980835,6.539999961853027,6.380000114440918,24667300,VALE,Factor,2026-09-24
2015-05-29,2.9570412635803223,6.300000190734863,6.460000038146973,6.519999980926514,6.300000190734863,21601000,VALE,Factor,2026-09-24
2015-06-01,2.952347993850708,6.289999961853027,6.329999923706055,6.420000076293945,6.21999979019165,31681200,VALE,Factor,2026-09-24
2015-06-02,3.1964216232299805,6.809999942779541,6.460000038146973,6.840000152587891,6.440000057220459,46605300,VALE,Factor,2026-09-24
2015-06-03,3.1260159015655518,6.659999847412109,6.829999923706055,6.929999828338623,6.610000133514404,26246200,VALE,Factor,2026-09-24
2015-06-04,3.0415289402008057,6.480000019073486,6.690000057220459,6.710000038146973,6.380000114440918,24590300,VALE,Factor,2026-09-24
2015-06-05,3.0556092262268066,6.510000228881836,6.440000057220459,6.619999885559082,6.380000114440918,30784400,VALE,Factor,2026-09-24
2015-06-08,3.036834239959717,6.46999979019165,6.559999942779541,6.579999923706055,6.449999809265137,29118100,VALE,Factor,2026-09-24
2015-06-09,3.018059730529785,6.429999828338623,6.480000019073486,6.670000076293945,6.409999847412109,24257500,VALE,Factor,2026-09-24
2015-06-10,3.1776461601257324,6.769999980926514,6.71999979019165,6.920000076293945,6.690000057220459,33148800,VALE,Factor,2026-09-24
2015-06-11,3.2198891639709473,6.860000133514404,6.78000020980835,6.909999847412109,6.699999809265137,32750600,VALE,Factor,2026-09-24
2015-06-12,3.1964216232299805,6.809999942779541,6.809999942779541,6.849999904632568,6.699999809265137,15201600,VALE,Factor,2026-09-24
2015-06-15,3.036834239959717,6.46999979019165,6.639999866485596,6.690000057220459,6.460000038146973,27510200,VALE,Factor,2026-09-24
2015-06-16,2.9898974895477295,6.369999885559082,6.420000076293945,6.449999809265137,6.309999942779541,29705400,VALE,Factor,2026-09-24
2015-06-17,2.994591474533081,6.380000114440918,6.349999904632568,6.409999847412109,6.21999979019165,29557200,VALE,Factor,2026-09-24
2015-06-18,3.1354029178619385,6.679999828338623,6.480000019073486,6.679999828338623,6.349999904632568,29258600,VALE,Factor,2026-09-24
2015-06-19,3.0556092262268066,6.510000228881836,6.550000190734863,6.550000190734863,6.420000076293945,23711000,VALE,Factor,2026-09-24
2015-06-22,2.999284267425537,6.389999866485596,6.590000152587891,6.610000133514404,6.389999866485596,14984900,VALE,Factor,2026-09-24
2015-06-23,3.0227530002593994,6.440000057220459,6.389999866485596,6.489999771118164,6.369999885559082,20308900,VALE,Factor,2026-09-24
2015-06-24,3.003978729248047,6.400000095367432,6.46999979019165,6.519999980926514,6.340000152587891,22875300,VALE,Factor,2026-09-24
2015-06-25,2.891329288482666,6.159999847412109,6.329999923706055,6.340000152587891,6.110000133514404,30822800,VALE,Factor,2026-09-24
2015-06-26,2.9241855144500732,6.230000019073486,6.110000133514404,6.260000228881836,6.059999942779541,14747600,VALE,Factor,2026-09-24
2015-06-29,2.872554302215576,6.119999885559082,6.059999942779541,6.199999809265137,6.050000190734863,17049900,VALE,Factor,2026-09-24
2015-06-30,2.764598846435547,5.889999866485596,6.050000190734863,6.099999904632568,5.829999923706055,36936400,VALE,Factor,2026-09-24
2015-07-01,2.703580617904663,5.760000228881836,5.909999847412109,5.960000038146973,5.71999979019165,20120200,VALE,Factor,2026-09-24
2015-07-02,2.745824098587036,5.849999904632568,5.739999771118164,5.880000114440918,5.690000057220459,25475100,VALE,Factor,2026-09-24
2015-07-06,2.6331748962402344,5.610000133514404,5.570000171661377,5.619999885559082,5.480000019073486,28939500,VALE,Factor,2026-09-24
2015-07-07,2.637869358062744,5.619999885559082,5.480000019073486,5.679999828338623,5.199999809265137,51111900,VALE,Factor,2026-09-24
2015-07-08,2.4970574378967285,5.320000171661377,5.409999847412109,5.510000228881836,5.289999961853027,47688100,VALE,Factor,2026-09-24
2015-07-09,2.543994665145874,5.420000076293945,5.570000171661377,5.800000190734863,5.329999923706055,33092200,VALE,Factor,2026-09-24
2015-07-10,2.5486881732940674,5.429999828338623,5.630000114440918,5.670000076293945,5.409999847412109,19275200,VALE,Factor,2026-09-24
2015-07-13,2.7692933082580566,5.900000095367432,5.480000019073486,5.929999828338623,5.340000152587891,66531100,VALE,Factor,2026-09-24
2015-07-14,2.6754190921783447,5.699999809265137,5.78000020980835,5.800000190734863,5.639999866485596,25711500,VALE,Factor,2026-09-24
2015-07-15,2.5721566677093506,5.480000019073486,5.699999809265137,5.710000038146973,5.449999809265137,30076800,VALE,Factor,2026-09-24
2015-07-16,2.619093656539917,5.579999923706055,5.570000171661377,5.610000133514404,5.480000019073486,23157700,VALE,Factor,2026-09-24
2015-07-17,2.5627691745758057,5.460000038146973,5.559999942779541,5.559999942779541,5.400000095367432,18915900,VALE,Factor,2026-09-24
2015-07-20,2.5393004417419434,5.409999847412109,5.480000019073486,5.590000152587891,5.409999847412109,23290900,VALE,Factor,2026-09-24
2015-07-21,2.6050126552581787,5.550000190734863,5.409999847412109,5.670000076293945,5.400000095367432,23637400,VALE,Factor,2026-09-24
2015-07-22,2.5299131870269775,5.389999866485596,5.340000152587891,5.449999809265137,5.269999980926514,36931800,VALE,Factor,2026-09-24
2015-07-23,2.4782824516296387,5.28000020980835,5.329999923706055,5.460000038146973,5.260000228881836,26967900,VALE,Factor,2026-09-24
2015-07-24,2.3703272342681885,5.050000190734863,5.230000019073486,5.239999771118164,4.960000038146973,36492200,VALE,Factor,2026-09-24
2015-07-27,2.3421647548675537,4.989999771118164,4.989999771118164,5.239999771118164,4.909999847412109,29217400,VALE,Factor,2026-09-24
2015-07-28,2.534607172012329,5.400000095367432,5.110000133514404,5.420000076293945,5.070000171661377,40946800,VALE,Factor,2026-09-24
2015-07-29,2.6050126552581787,5.550000190734863,5.550000190734863,5.610000133514404,5.440000057220459,28164300,VALE,Factor,2026-09-24
2015-07-30,2.4360389709472656,5.190000057220459,5.769999980926514,5.920000076293945,5.139999866485596,42924500,VALE,Factor,2026-09-24
2015-07-31,2.4688949584960938,5.260000228881836,5.25,5.320000171661377,5.039999961853027,28893000,VALE,Factor,2026-09-24
2015-08-03,2.3937957286834717,5.099999904632568,5.159999847412109,5.210000038146973,5.039999961853027,21766700,VALE,Factor,2026-09-24
2015-08-04,2.4548134803771973,5.230000019073486,5.190000057220459,5.289999961853027,5.150000095367432,15684900,VALE,Factor,2026-09-24
2015-08-05,2.5486881732940674,5.429999828338623,5.429999828338623,5.539999961853027,5.340000152587891,30204600,VALE,Factor,2026-09-24
2015-08-06,2.619093656539917,5.579999923706055,5.360000133514404,5.610000133514404,5.320000171661377,30395000,VALE,Factor,2026-09-24
2015-08-07,2.4782824516296387,5.28000020980835,5.46999979019165,5.519999980926514,5.269999980926514,23917600,VALE,Factor,2026-09-24
2015-08-10,2.6472558975219727,5.639999866485596,5.269999980926514,5.690000057220459,5.230000019073486,33728400,VALE,Factor,2026-09-24
2015-08-11,2.4970574378967285,5.320000171661377,5.420000076293945,5.46999979019165,5.170000076293945,38553600,VALE,Factor,2026-09-24
2015-08-12,2.5627691745758057,5.460000038146973,5.230000019073486,5.489999771118164,5.21999979019165,39225000,VALE,Factor,2026-09-24
2015-08-13,2.473588466644287,5.269999980926514,5.46999979019165,5.5,5.239999771118164,19986700,VALE,Factor,2026-09-24
2015-08-14,2.4548134803771973,5.230000019073486,5.25,5.380000114440918,5.21999979019165,16086600,VALE,Factor,2026-09-24
2015-08-17,2.4360389709472656,5.190000057220459,5.179999828338623,5.28000020980835,5.150000095367432,18851000,VALE,Factor,2026-09-24
2015-08-18,2.3844082355499268,5.079999923706055,5.119999885559082,5.130000114440918,5.019999980926514,19479700,VALE,Factor,2026-09-24
2015-08-19,2.2764527797698975,4.849999904632568,4.96999979019165,5.03000020980835,4.769999980926514,29744900,VALE,Factor,2026-09-24
2015-08-20,2.3421647548675537,4.989999771118164,4.909999847412109,5.03000020980835,4.820000171661377,27715400,VALE,Factor,2026-09-24
2015-08-21,2.229515552520752,4.75,4.860000133514404,4.929999828338623,4.75,24142400,VALE,Factor,2026-09-24
2015-08-24,2.032378911972046,4.329999923706055,4.289999961853027,4.639999866485596,4.130000114440918,32345300,VALE,Factor,2026-09-24
2015-08-25,2.0136044025421143,4.289999961853027,4.610000133514404,4.639999866485596,4.28000020980835,27214900,VALE,Factor,2026-09-24
2015-08-26,2.084010362625122,4.440000057220459,4.300000190734863,4.440000057220459,4.199999809265137,21243200,VALE,Factor,2026-09-24
2015-08-27,2.346858501434326,5.0,4.559999942779541,5.0,4.559999942779541,41342700,VALE,Factor,2026-09-24
2015-08-28,2.2670652866363525,4.829999923706055,4.920000076293945,5.179999828338623,4.800000190734863,29223100,VALE,Factor,2026-09-24
2015-08-31,2.323390007019043,4.949999809265137,4.670000076293945,5.0,4.639999866485596,16617400,VALE,Factor,2026-09-24
2015-09-01,2.210740566253662,4.710000038146973,4.670000076293945,4.900000095367432,4.659999847412109,23584100,VALE,Factor,2026-09-24
2015-09-02,2.2670652866363525,4.829999923706055,4.829999923706055,4.900000095367432,4.599999904632568,24354900,VALE,Factor,2026-09-24
2015-09-03,2.3374710083007812,4.980000019073486,4.860000133514404,5.099999904632568,4.860000133514404,20620200,VALE,Factor,2026-09-24
2015-09-04,2.220127820968628,4.730000019073486,4.860000133514404,4.920000076293945,4.699999809265137,14348600,VALE,Factor,2026-09-24
2015-09-08,2.3421647548675537,4.989999771118164,4.980000019073486,5.019999980926514,4.880000114440918,18658100,VALE,Factor,2026-09-24
2015-09-09,2.3421647548675537,4.989999771118164,5.190000057220459,5.28000020980835,4.980000019073486,16797800,VALE,Factor,2026-09-24
2015-09-10,2.4360389709472656,5.190000057220459,4.940000057220459,5.210000038146973,4.940000057220459,27481500,VALE,Factor,2026-09-24
2015-09-11,2.3374710083007812,4.980000019073486,5.28000020980835,5.289999961853027,4.920000076293945,23118400,VALE,Factor,2026-09-24
2015-09-14,2.3609397411346436,5.03000020980835,4.980000019073486,5.070000171661377,4.820000171661377,23271700,VALE,Factor,2026-09-24
2015-09-15,2.271759033203125,4.840000152587891,4.860000133514404,4.940000057220459,4.78000020980835,23718400,VALE,Factor,2026-09-24
2015-09-16,2.3609397411346436,5.03000020980835,4.889999866485596,5.03000020980835,4.849999904632568,25491700,VALE,Factor,2026-09-24
2015-09-17,2.417264223098755,5.150000095367432,4.929999828338623,5.300000190734863,4.920000076293945,23804600,VALE,Factor,2026-09-24
2015-09-18,2.3374710083007812,4.980000019073486,5.050000190734863,5.239999771118164,4.96999979019165,28482000,VALE,Factor,2026-09-24
2015-09-21,2.375020980834961,5.059999942779541,5.050000190734863,5.110000133514404,4.940000057220459,16794000,VALE,Factor,2026-09-24
2015-09-22,2.2389028072357178,4.769999980926514,4.769999980926514,4.889999866485596,4.650000095367432,22251900,VALE,Factor,2026-09-24
2015-09-23,2.1544158458709717,4.590000152587891,4.789999961853027,4.800000190734863,4.570000171661377,20916800,VALE,Factor,2026-09-24
2015-09-24,2.196659564971924,4.679999828338623,4.440000057220459,4.690000057220459,4.380000114440918,21729900,VALE,Factor,2026-09-24
2015-09-25,2.1215596199035645,4.519999980926514,4.690000057220459,4.760000228881836,4.5,15114100,VALE,Factor,2026-09-24
2015-09-28,1.910342812538147,4.070000171661377,4.309999942779541,4.329999923706055,4.059999942779541,21539400,VALE,Factor,2026-09-24
2015-09-29,1.8915678262710571,4.03000020980835,4.139999866485596,4.150000095367432,4.03000020980835,20470000,VALE,Factor,2026-09-24
2015-09-30,1.9713611602783203,4.199999809265137,4.21999979019165,4.230000019073486,4.079999923706055,27479300,VALE,Factor,2026-09-24
2015-10-01,1.9995235204696655,4.260000228881836,4.210000038146973,4.360000133514404,4.210000038146973,26243000,VALE,Factor,2026-09-24
2015-10-02,2.102785110473633,4.480000019073486,4.210000038146973,4.539999961853027,4.170000076293945,41732800,VALE,Factor,2026-09-24
2015-10-05,2.1731910705566406,4.630000114440918,4.539999961853027,4.670000076293945,4.53000020980835,37179600,VALE,Factor,2026-09-24
2015-10-06,2.2482903003692627,4.789999961853027,4.670000076293945,4.809999942779541,4.639999866485596,42434900,VALE,Factor,2026-09-24
2015-10-07,2.4219577312469482,5.159999847412109,5.090000152587891,5.349999904632568,5.03000020980835,37936100,VALE,Factor,2026-09-24
2015-10-08,2.473588466644287,5.269999980926514,5.110000133514404,5.289999961853027,5.079999923706055,21284800,VALE,Factor,2026-09-24
2015-10-09,2.5721566677093506,5.480000019073486,5.429999828338623,5.53000020980835,5.389999866485596,27385200,VALE,Factor,2026-09-24
2015-10-12,2.4642012119293213,5.25,5.489999771118164,5.5,5.179999828338623,15205500,VALE,Factor,2026-09-24
2015-10-13,2.229515552520752,4.75,5.090000152587891,5.090000152587891,4.739999771118164,29950600,VALE,Factor,2026-09-24
2015-10-14,2.2905335426330566,4.880000114440918,4.860000133514404,4.940000057220459,4.78000020980835,18860400,VALE,Factor,2026-09-24
2015-10-15,2.346858501434326,5.0,4.889999866485596,5.010000228881836,4.760000228881836,17037400,VALE,Factor,2026-09-24
2015-10-16,2.29276967048645,4.789999961853027,4.900000095367432,4.909999847412109,4.710000038146973,27767700,VALE,Factor,2026-09-24
2015-10-19,2.201824903488159,4.599999904632568,4.71999979019165,4.71999979019165,4.519999980926514,22270300,VALE,Factor,2026-09-24
2015-10-20,2.134813070297241,4.460000038146973,4.550000190734863,4.559999942779541,4.460000038146973,20374300,VALE,Factor,2026-09-24
2015-10-21,2.158745765686035,4.510000228881836,4.550000190734863,4.619999885559082,4.440000057220459,19066000,VALE,Factor,2026-09-24
2015-10-22,2.264050006866455,4.730000019073486,4.690000057220459,4.849999904632568,4.650000095367432,39527400,VALE,Factor,2026-09-24
2015-10-23,2.264050006866455,4.730000019073486,4.840000152587891,4.929999828338623,4.690000057220459,45347600,VALE,Factor,2026-09-24
2015-10-26,2.201824903488159,4.599999904632568,4.710000038146973,4.730000019073486,4.53000020980835,17473100,VALE,Factor,2026-09-24
2015-10-27,2.058227777481079,4.300000190734863,4.489999771118164,4.510000228881836,4.269999980926514,34938000,VALE,Factor,2026-09-24
2015-10-28,2.029508352279663,4.239999771118164,4.25,4.369999885559082,4.159999847412109,40429300,VALE,Factor,2026-09-24
2015-10-29,2.0055758953094482,4.190000057220459,4.150000095367432,4.25,4.110000133514404,25043000,VALE,Factor,2026-09-24
2015-10-30,2.086947441101074,4.360000133514404,4.28000020980835,4.389999866485596,4.210000038146973,23081600,VALE,Factor,2026-09-24
2015-11-02,2.1683192253112793,4.53000020980835,4.329999923706055,4.539999961853027,4.260000228881836,20954800,VALE,Factor,2026-09-24
2015-11-03,2.259263515472412,4.71999979019165,4.46999979019165,4.769999980926514,4.460000038146973,37332300,VALE,Factor,2026-09-24
2015-11-04,2.1826789379119873,4.559999942779541,4.840000152587891,4.849999904632568,4.46999979019165,35922900,VALE,Factor,2026-09-24
2015-11-05,2.101306915283203,4.389999866485596,4.46999979019165,4.519999980926514,4.360000133514404,24958900,VALE,Factor,2026-09-24
2015-11-06,1.981642246246338,4.139999866485596,4.170000076293945,4.199999809265137,4.03000020980835,65212200,VALE,Factor,2026-09-24
2015-11-09,1.9385632276535034,4.050000190734863,4.110000133514404,4.139999866485596,4.019999980926514,23976300,VALE,Factor,2026-09-24
2015-11-10,1.9672826528549194,4.110000133514404,4.010000228881836,4.130000114440918,3.9700000286102295,28682000,VALE,Factor,2026-09-24
2015-11-11,1.933777093887329,4.039999961853027,4.199999809265137,4.210000038146973,3.9800000190734863,25526000,VALE,Factor,2026-09-24
2015-11-12,1.88112473487854,3.930000066757202,3.950000047683716,4.010000228881836,3.9100000858306885,21376800,VALE,Factor,2026-09-24
2015-11-13,1.9002708196640015,3.9700000286102295,4.010000228881836,4.019999980926514,3.9000000953674316,14321600,VALE,Factor,2026-09-24
2015-11-16,1.9050579071044922,3.9800000190734863,3.9600000381469727,4.0,3.890000104904175,20712200,VALE,Factor,2026-09-24
2015-11-17,1.7997524738311768,3.759999990463257,3.880000114440918,3.9000000953674316,3.75,24563900,VALE,Factor,2026-09-24
2015-11-18,1.8667652606964111,3.9000000953674316,3.890000104904175,3.9200000762939453,3.799999952316284,20917500,VALE,Factor,2026-09-24
2015-11-19,1.86197829246521,3.890000104904175,3.9100000858306885,3.930000066757202,3.8499999046325684,13685100,VALE,Factor,2026-09-24
2015-11-20,1.8188990354537964,3.799999952316284,3.869999885559082,3.950000047683716,3.7899999618530273,21648900,VALE,Factor,2026-09-24
2015-11-23,1.8141124248504639,3.7899999618530273,3.759999990463257,3.8299999237060547,3.7300000190734863,28283900,VALE,Factor,2026-09-24
2015-11-24,1.86197829246521,3.890000104904175,3.759999990463257,3.940000057220459,3.740000009536743,17142700,VALE,Factor,2026-09-24
2015-11-25,1.7853931188583374,3.7300000190734863,3.7699999809265137,3.8499999046325684,3.7300000190734863,15140500,VALE,Factor,2026-09-24
2015-11-27,1.708807349205017,3.569999933242798,3.690000057220459,3.7200000286102295,3.549999952316284,19133100,VALE,Factor,2026-09-24
2015-11-30,1.613076090812683,3.369999885559082,3.319999933242798,3.450000047683716,3.299999952316284,51806500,VALE,Factor,2026-09-24
2015-12-01,1.6082895994186401,3.359999895095825,3.380000114440918,3.380000114440918,3.259999990463257,28129700,VALE,Factor,2026-09-24
2015-12-02,1.6082895994186401,3.359999895095825,3.2300000190734863,3.380000114440918,3.200000047683716,29916200,VALE,Factor,2026-09-24
2015-12-03,1.6370091438293457,3.4200000762939453,3.359999895095825,3.5,3.3499999046325684,25280600,VALE,Factor,2026-09-24
2015-12-04,1.56999671459198,3.2799999713897705,3.309999942779541,3.3399999141693115,3.240000009536743,20727200,VALE,Factor,2026-09-24
2015-12-07,1.5412774085998535,3.2200000286102295,3.25,3.2799999713897705,3.200000047683716,16581100,VALE,Factor,2026-09-24
2015-12-08,1.4934117794036865,3.119999885559082,3.009999990463257,3.1500000953674316,2.990000009536743,39171900,VALE,Factor,2026-09-24
2015-12-09,1.5747835636138916,3.2899999618530273,3.25,3.3399999141693115,3.200000047683716,20413800,VALE,Factor,2026-09-24
2015-12-10,1.5652107000350952,3.2699999809265137,3.2300000190734863,3.369999885559082,3.2300000190734863,16730300,VALE,Factor,2026-09-24
2015-12-11,1.507771372795105,3.1500000953674316,3.2100000381469727,3.2300000190734863,3.059999942779541,14025300,VALE,Factor,2026-09-24
2015-12-14,1.5317044258117676,3.200000047683716,3.1700000762939453,3.25,3.130000114440918,15983600,VALE,Factor,2026-09-24
2015-12-15,1.5939303636550903,3.3299999237060547,3.3499999046325684,3.369999885559082,3.2899999618530273,16761400,VALE,Factor,2026-09-24
2015-12-16,1.6513686180114746,3.450000047683716,3.380000114440918,3.4700000286102295,3.2699999809265137,18849700,VALE,Factor,2026-09-24
2015-12-17,1.5460642576217651,3.2300000190734863,3.440000057220459,3.450000047683716,3.2200000286102295,20451100,VALE,Factor,2026-09-24
2015-12-18,1.5317044258117676,3.200000047683716,3.259999990463257,3.3399999141693115,3.1600000858306885,28289100,VALE,Factor,2026-09-24
2015-12-21,1.469478964805603,3.069999933242798,3.259999990463257,3.259999990463257,3.049999952316284,22447300,VALE,Factor,2026-09-24
2015-12-22,1.5029851198196411,3.140000104904175,3.109999895095825,3.180000066757202,3.069999933242798,12473200,VALE,Factor,2026-09-24
2015-12-23,1.6417956352233887,3.430000066757202,3.259999990463257,3.450000047683716,3.25,19734000,VALE,Factor,2026-09-24
2015-12-24,1.579569935798645,3.299999952316284,3.4100000858306885,3.440000057220459,3.2799999713897705,9744900,VALE,Factor,2026-09-24
2015-12-28,1.5508508682250977,3.240000009536743,3.2799999713897705,3.309999942779541,3.2300000190734863,14109200,VALE,Factor,2026-09-24
2015-12-29,1.5939303636550903,3.3299999237060547,3.319999933242798,3.3399999141693115,3.2699999809265137,13468700,VALE,Factor,2026-09-24
2015-12-30,1.5652107000350952,3.2699999809265137,3.2699999809265137,3.3299999237060547,3.259999990463257,13074400,VALE,Factor,2026-09-24
2015-12-31,1.5747835636138916,3.2899999618530273,3.240000009536743,3.3299999237060547,3.2200000286102295,7986000,VALE,Factor,2026-09-24
2016-01-04,1.5125582218170166,3.1600000858306885,3.1700000762939453,3.240000009536743,3.1500000953674316,12576100,VALE,Factor,2026-09-24
2016-01-05,1.507771372795105,3.1500000953674316,3.200000047683716,3.2100000381469727,3.109999895095825,11532000,VALE,Factor,2026-09-24
2016-01-06,1.3928937911987305,2.9100000858306885,2.9800000190734863,3.0299999713897705,2.869999885559082,25293700,VALE,Factor,2026-09-24
2016-01-07,1.2971621751785278,2.7100000381469727,2.759999990463257,2.8399999141693115,2.700000047683716,26596900,VALE,Factor,2026-09-24
2016-01-08,1.2445098161697388,2.5999999046325684,2.7899999618530273,2.7899999618530273,2.5999999046325684,25245400,VALE,Factor,2026-09-24
2016-01-11,1.2157905101776123,2.5399999618530273,2.680000066757202,2.680000066757202,2.5199999809265137,20068800,VALE,Factor,2026-09-24
2016-01-12,1.1344186067581177,2.369999885559082,2.549999952316284,2.559999942779541,2.299999952316284,30695000,VALE,Factor,2026-09-24
2016-01-13,1.0674065351486206,2.2300000190734863,2.430000066757202,2.4700000286102295,2.2100000381469727,32456400,VALE,Factor,2026-09-24
2016-01-14,1.1679246425628662,2.440000057220459,2.2799999713897705,2.4800000190734863,2.25,23804600,VALE,Factor,2026-09-24
2016-01-15,1.1344186067581177,2.369999885559082,2.2699999809265137,2.4200000762939453,2.25,32393600,VALE,Factor,2026-09-24
2016-01-19,1.1152724027633667,2.3299999237060547,2.390000104904175,2.430000066757202,2.2899999618530273,27375200,VALE,Factor,2026-09-24
2016-01-20,1.1152724027633667,2.3299999237060547,2.2100000381469727,2.359999895095825,2.180000066757202,34262800,VALE,Factor,2026-09-24
2016-01-21,1.0530468225479126,2.200000047683716,2.319999933242798,2.4000000953674316,2.140000104904175,33259100,VALE,Factor,2026-09-24
2016-01-22,1.0865529775619507,2.2699999809265137,2.3299999237060547,2.4100000858306885,2.2100000381469727,30802500,VALE,Factor,2026-09-24
2016-01-25,1.0291138887405396,2.1500000953674316,2.2100000381469727,2.25,2.140000104904175,27396400,VALE,Factor,2026-09-24
2016-01-26,1.062619924545288,2.2200000286102295,2.190000057220459,2.240000009536743,2.130000114440918,25296100,VALE,Factor,2026-09-24
2016-01-27,1.1056993007659912,2.309999942779541,2.2200000286102295,2.390000104904175,2.200000047683716,23678600,VALE,Factor,2026-09-24
2016-01-28,1.0865529775619507,2.2699999809265137,2.4000000953674316,2.4200000762939453,2.25,18840200,VALE,Factor,2026-09-24
2016-01-29,1.1727112531661987,2.450000047683716,2.299999952316284,2.4600000381469727,2.2799999713897705,26000900,VALE,Factor,2026-09-24
2016-02-01,1.1344186067581177,2.369999885559082,2.380000114440918,2.440000057220459,2.3399999141693115,22854100,VALE,Factor,2026-09-24
2016-02-02,1.033900499343872,2.1600000858306885,2.2899999618530273,2.319999933242798,2.140000104904175,15003500,VALE,Factor,2026-09-24
2016-02-03,1.1104857921600342,2.319999933242798,2.2899999618530273,2.3499999046325684,2.190000057220459,25616100,VALE,Factor,2026-09-24
2016-02-04,1.287589192390442,2.690000057220459,2.559999942779541,2.7699999809265137,2.559999942779541,44367200,VALE,Factor,2026-09-24
2016-02-05,1.2492965459823608,2.609999895095825,2.6600000858306885,2.7699999809265137,2.559999942779541,23861300,VALE,Factor,2026-09-24
2016-02-08,1.2062174081802368,2.5199999809265137,2.5299999713897705,2.619999885559082,2.509999990463257,16618800,VALE,Factor,2026-09-24
2016-02-09,1.1822844743728638,2.4700000286102295,2.4700000286102295,2.5199999809265137,2.380000114440918,18537500,VALE,Factor,2026-09-24
2016-02-10,1.2445098161697388,2.5999999046325684,2.5299999713897705,2.6700000762939453,2.440000057220459,27337700,VALE,Factor,2026-09-24
2016-02-11,1.1392052173614502,2.380000114440918,2.490000009536743,2.549999952316284,2.380000114440918,20977700,VALE,Factor,2026-09-24
2016-02-12,1.2588696479797363,2.630000114440918,2.609999895095825,2.6600000858306885,2.5399999618530273,19006400,VALE,Factor,2026-09-24
2016-02-16,1.325881838798523,2.7699999809265137,2.690000057220459,2.809999942779541,2.6700000762939453,24869900,VALE,Factor,2026-09-24
2016-02-17,1.464692234992981,3.059999942779541,2.930000066757202,3.2200000286102295,2.880000114440918,40919200,VALE,Factor,2026-09-24
2016-02-18,1.378533959388733,2.880000114440918,3.0299999713897705,3.0399999618530273,2.8399999141693115,24922500,VALE,Factor,2026-09-24
2016-02-19,1.4072537422180176,2.940000057220459,2.890000104904175,2.990000009536743,2.859999895095825,42926700,VALE,Factor,2026-09-24
2016-02-22,1.598716378211975,3.3399999141693115,3.190000057220459,3.3399999141693115,3.1600000858306885,40073600,VALE,Factor,2026-09-24
2016-02-23,1.4886250495910645,3.109999895095825,3.259999990463257,3.299999952316284,3.0799999237060547,21844900,VALE,Factor,2026-09-24
2016-02-24,1.402466893196106,2.930000066757202,2.9200000762939453,2.9800000190734863,2.8399999141693115,30810600,VALE,Factor,2026-09-24
2016-02-25,1.3402410745620728,2.799999952316284,2.890000104904175,2.950000047683716,2.7200000286102295,28094100,VALE,Factor,2026-09-24
2016-02-26,1.2971621751785278,2.7100000381469727,2.859999895095825,2.869999885559082,2.700000047683716,25244800,VALE,Factor,2026-09-24
2016-02-29,1.4072537422180176,2.940000057220459,2.8499999046325684,3.0,2.799999952316284,29797400,VALE,Factor,2026-09-24
2016-03-01,1.5317044258117676,3.200000047683716,3.0799999237060547,3.25,2.990000009536743,36163800,VALE,Factor,2026-09-24
2016-03-02,1.7375274896621704,3.630000114440918,3.240000009536743,3.640000104904175,3.2200000286102295,46431700,VALE,Factor,2026-09-24
2016-03-03,1.9672826528549194,4.110000133514404,3.6500000953674316,4.25,3.569999933242798,76578900,VALE,Factor,2026-09-24
2016-03-04,2.0965206623077393,4.380000114440918,4.400000095367432,4.869999885559082,4.230000019073486,86220500,VALE,Factor,2026-09-24
2016-03-07,2.2257585525512695,4.650000095367432,4.739999771118164,4.889999866485596,4.349999904632568,81139500,VALE,Factor,2026-09-24
2016-03-08,1.914630651473999,4.0,4.21999979019165,4.389999866485596,3.9700000286102295,58891300,VALE,Factor,2026-09-24
2016-03-09,1.88112473487854,3.930000066757202,4.019999980926514,4.070000171661377,3.759999990463257,34581300,VALE,Factor,2026-09-24
2016-03-10,1.8571919202804565,3.880000114440918,3.880000114440918,3.9100000858306885,3.5799999237060547,44173200,VALE,Factor,2026-09-24
2016-03-11,1.8332586288452148,3.8299999237060547,3.930000066757202,4.019999980926514,3.7699999809265137,32108300,VALE,Factor,2026-09-24
2016-03-14,1.7806066274642944,3.7200000286102295,3.799999952316284,3.880000114440918,3.619999885559082,29205200,VALE,Factor,2026-09-24
2016-03-15,1.6944482326507568,3.5399999618530273,3.4800000190734863,3.5899999141693115,3.450000047683716,35139200,VALE,Factor,2026-09-24
2016-03-16,1.9050579071044922,3.9800000190734863,3.5399999618530273,4.010000228881836,3.5399999618530273,40749100,VALE,Factor,2026-09-24
2016-03-17,2.019935131072998,4.21999979019165,4.25,4.349999904632568,3.990000009536743,53735500,VALE,Factor,2026-09-24
2016-03-18,1.996002435684204,4.170000076293945,4.260000228881836,4.400000095367432,4.079999923706055,32519500,VALE,Factor,2026-09-24
2016-03-21,2.024721622467041,4.230000019073486,4.260000228881836,4.329999923706055,4.050000190734863,22547400,VALE,Factor,2026-09-24
2016-03-22,2.024721622467041,4.230000019073486,4.139999866485596,4.320000171661377,4.099999904632568,21909800,VALE,Factor,2026-09-24
2016-03-23,1.838045358657837,3.8399999141693115,4.130000114440918,4.190000057220459,3.7799999713897705,34686400,VALE,Factor,2026-09-24
2016-03-24,1.933777093887329,4.039999961853027,3.7200000286102295,4.079999923706055,3.700000047683716,27876000,VALE,Factor,2026-09-24
2016-03-28,1.9768561124801636,4.130000114440918,4.210000038146973,4.230000019073486,4.019999980926514,22909500,VALE,Factor,2026-09-24
2016-03-29,1.972069263458252,4.119999885559082,4.019999980926514,4.190000057220459,3.890000104904175,23875600,VALE,Factor,2026-09-24
2016-03-30,2.029508352279663,4.239999771118164,4.320000171661377,4.489999771118164,4.210000038146973,32369700,VALE,Factor,2026-09-24
2016-03-31,2.015148639678955,4.210000038146973,4.25,4.340000152587891,4.099999904632568,25905700,VALE,Factor,2026-09-24
2016-04-01,2.067800998687744,4.320000171661377,4.059999942779541,4.440000057220459,4.019999980926514,31577500,VALE,Factor,2026-09-24
2016-04-04,1.943349838256836,4.059999942779541,4.340000152587891,4.400000095367432,4.059999942779541,21931000,VALE,Factor,2026-09-24
2016-04-05,1.9768561124801636,4.130000114440918,3.9800000190734863,4.210000038146973,3.9600000381469727,16075100,VALE,Factor,2026-09-24
2016-04-06,1.9624967575073242,4.099999904632568,4.079999923706055,4.21999979019165,4.03000020980835,23712100,VALE,Factor,2026-09-24
2016-04-07,1.9481366872787476,4.070000171661377,4.090000152587891,4.170000076293945,3.9700000286102295,20989600,VALE,Factor,2026-09-24
2016-04-08,2.144386053085327,4.480000019073486,4.25,4.5,4.190000057220459,32961700,VALE,Factor,2026-09-24
2016-04-11,2.3358492851257324,4.880000114440918,4.679999828338623,4.920000076293945,4.650000095367432,49170100,VALE,Factor,2026-09-24
2016-04-12,2.5464589595794678,5.320000171661377,5.010000228881836,5.409999847412109,4.909999847412109,58479700,VALE,Factor,2026-09-24
2016-04-13,2.6996283531188965,5.639999866485596,5.559999942779541,5.789999961853027,5.420000076293945,51141000,VALE,Factor,2026-09-24
2016-04-14,2.5129523277282715,5.25,5.579999923706055,5.590000152587891,5.090000152587891,49868700,VALE,Factor,2026-09-24
2016-04-15,2.5320990085601807,5.289999961853027,5.059999942779541,5.329999923706055,5.050000190734863,25278800,VALE,Factor,2026-09-24
2016-04-18,2.5225255489349365,5.269999980926514,5.179999828338623,5.409999847412109,5.119999885559082,22829600,VALE,Factor,2026-09-24
2016-04-19,2.747495412826538,5.739999771118164,5.53000020980835,5.880000114440918,5.489999771118164,37443500,VALE,Factor,2026-09-24
2016-04-20,2.905452251434326,6.070000171661377,5.920000076293945,6.260000228881836,5.769999980926514,57948600,VALE,Factor,2026-09-24
2016-04-21,2.646976947784424,5.53000020980835,6.170000076293945,6.260000228881836,5.5,74901800,VALE,Factor,2026-09-24
2016-04-22,2.5943243503570557,5.420000076293945,5.619999885559082,5.710000038146973,5.320000171661377,47931500,VALE,Factor,2026-09-24
2016-04-25,2.4363675117492676,5.090000152587891,5.260000228881836,5.289999961853027,5.039999961853027,33771100,VALE,Factor,2026-09-24
2016-04-26,2.5081660747528076,5.239999771118164,5.079999923706055,5.369999885559082,4.869999885559082,38790500,VALE,Factor,2026-09-24
2016-04-27,2.6756961345672607,5.590000152587891,5.199999809265137,5.599999904632568,5.150000095367432,43179100,VALE,Factor,2026-09-24
2016-04-28,2.690056085586548,5.619999885559082,5.809999942779541,5.96999979019165,5.519999980926514,50997900,VALE,Factor,2026-09-24
2016-04-29,2.713988780975342,5.670000076293945,5.75,6.039999961853027,5.650000095367432,49083000,VALE,Factor,2026-09-24
2016-05-02,2.7044155597686768,5.650000095367432,5.619999885559082,5.75,5.440000057220459,29650800,VALE,Factor,2026-09-24
2016-05-03,2.4938063621520996,5.210000038146973,5.400000095367432,5.409999847412109,5.139999866485596,39852900,VALE,Factor,2026-09-24
2016-05-04,2.3262765407562256,4.860000133514404,4.920000076293945,5.099999904632568,4.820000171661377,53146400,VALE,Factor,2026-09-24
2016-05-05,2.2161850929260254,4.630000114440918,4.980000019073486,5.03000020980835,4.570000171661377,49549000,VALE,Factor,2026-09-24
2016-05-06,2.2879834175109863,4.78000020980835,4.599999904632568,4.920000076293945,4.579999923706055,39798100,VALE,Factor,2026-09-24
2016-05-09,2.063013792037964,4.309999942779541,4.5,4.5,4.150000095367432,53759700,VALE,Factor,2026-09-24
2016-05-10,2.1778922080993652,4.550000190734863,4.460000038146973,4.550000190734863,4.320000171661377,28067400,VALE,Factor,2026-09-24
2016-05-11,2.201824903488159,4.599999904632568,4.650000095367432,4.730000019073486,4.460000038146973,24711500,VALE,Factor,2026-09-24
2016-05-12,2.125239849090576,4.440000057220459,4.489999771118164,4.630000114440918,4.309999942779541,30936100,VALE,Factor,2026-09-24
2016-05-13,1.9768561124801636,4.130000114440918,4.409999847412109,4.519999980926514,4.119999885559082,38125100,VALE,Factor,2026-09-24
2016-05-16,2.024721622467041,4.230000019073486,4.289999961853027,4.449999809265137,4.179999828338623,23886400,VALE,Factor,2026-09-24
2016-05-17,2.063013792037964,4.309999942779541,4.239999771118164,4.480000019073486,4.099999904632568,31873500,VALE,Factor,2026-09-24
2016-05-18,1.9768561124801636,4.130000114440918,4.119999885559082,4.329999923706055,4.099999904632568,21786100,VALE,Factor,2026-09-24
2016-05-19,1.972069263458252,4.119999885559082,3.9600000381469727,4.150000095367432,3.890000104904175,32261200,VALE,Factor,2026-09-24
2016-05-20,1.9050579071044922,3.9800000190734863,4.21999979019165,4.320000171661377,3.9000000953674316,30157100,VALE,Factor,2026-09-24
2016-05-23,1.914630651473999,4.0,3.869999885559082,4.090000152587891,3.8499999046325684,30779900,VALE,Factor,2026-09-24
2016-05-24,1.871551275253296,3.9100000858306885,4.139999866485596,4.150000095367432,3.880000114440918,32215100,VALE,Factor,2026-09-24
2016-05-25,1.9481366872787476,4.070000171661377,3.9600000381469727,4.099999904632568,3.9100000858306885,24162700,VALE,Factor,2026-09-24
2016-05-26,1.943349838256836,4.059999942779541,4.210000038146973,4.329999923706055,4.0,26262900,VALE,Factor,2026-09-24
2016-05-27,1.9050579071044922,3.9800000190734863,4.070000171661377,4.079999923706055,3.930000066757202,15536100,VALE,Factor,2026-09-24
2016-05-31,1.88112473487854,3.930000066757202,3.9200000762939453,4.139999866485596,3.9100000858306885,25392100,VALE,Factor,2026-09-24
2016-06-01,1.9289900064468384,4.03000020980835,3.869999885559082,4.050000190734863,3.8499999046325684,18610800,VALE,Factor,2026-09-24
2016-06-02,1.9864294528961182,4.150000095367432,3.9600000381469727,4.159999847412109,3.950000047683716,23434000,VALE,Factor,2026-09-24
2016-06-03,2.206611394882202,4.610000133514404,4.300000190734863,4.619999885559082,4.289999961853027,42428800,VALE,Factor,2026-09-24
2016-06-06,2.3358492851257324,4.880000114440918,4.739999771118164,4.889999866485596,4.630000114440918,45512700,VALE,Factor,2026-09-24
2016-06-07,2.297556161880493,4.800000190734863,4.78000020980835,5.039999961853027,4.760000228881836,35749100,VALE,Factor,2026-09-24
2016-06-08,2.4172210693359375,5.050000190734863,4.960000038146973,5.079999923706055,4.869999885559082,35124500,VALE,Factor,2026-09-24
2016-06-09,2.2161850929260254,4.630000114440918,4.960000038146973,4.960000038146973,4.550000190734863,37814400,VALE,Factor,2026-09-24
2016-06-10,2.11087965965271,4.409999847412109,4.369999885559082,4.480000019073486,4.329999923706055,22147100,VALE,Factor,2026-09-24
2016-06-13,2.091733455657959,4.369999885559082,4.28000020980835,4.510000228881836,4.260000228881836,17992400,VALE,Factor,2026-09-24
2016-06-14,2.024721622467041,4.230000019073486,4.309999942779541,4.46999979019165,4.150000095367432,18625400,VALE,Factor,2026-09-24
2016-06-15,2.072587251663208,4.329999923706055,4.400000095367432,4.5,4.28000020980835,16094600,VALE,Factor,2026-09-24
2016-06-16,2.1156668663024902,4.420000076293945,4.289999961853027,4.480000019073486,4.210000038146973,23255000,VALE,Factor,2026-09-24
2016-06-17,2.134813070297241,4.460000038146973,4.570000171661377,4.679999828338623,4.420000076293945,24479900,VALE,Factor,2026-09-24
2016-06-20,2.2113986015319824,4.619999885559082,4.679999828338623,4.75,4.590000152587891,17867600,VALE,Factor,2026-09-24
2016-06-21,2.2161850929260254,4.630000114440918,4.659999847412109,4.659999847412109,4.489999771118164,15779700,VALE,Factor,2026-09-24
2016-06-22,2.244904041290283,4.690000057220459,4.75,4.849999904632568,4.670000076293945,26368300,VALE,Factor,2026-09-24
2016-06-23,2.3741416931152344,4.960000038146973,4.869999885559082,4.989999771118164,4.769999980926514,19944700,VALE,Factor,2026-09-24
2016-06-24,2.1778922080993652,4.550000190734863,4.53000020980835,4.75,4.489999771118164,32268900,VALE,Factor,2026-09-24
2016-06-27,2.0965206623077393,4.380000114440918,4.570000171661377,4.599999904632568,4.320000171661377,18258100,VALE,Factor,2026-09-24
2016-06-28,2.2496907711029053,4.699999809265137,4.550000190734863,4.769999980926514,4.550000190734863,23100300,VALE,Factor,2026-09-24
2016-06-29,2.3214895725250244,4.849999904632568,4.920000076293945,4.96999979019165,4.809999942779541,24353900,VALE,Factor,2026-09-24
2016-06-30,2.4220080375671387,5.059999942779541,5.0,5.139999866485596,4.920000076293945,32573800,VALE,Factor,2026-09-24
2016-07-01,2.4698729515075684,5.159999847412109,5.010000228881836,5.230000019073486,4.989999771118164,34514300,VALE,Factor,2026-09-24
2016-07-05,2.3502087593078613,4.909999847412109,5.099999904632568,5.21999979019165,4.860000133514404,21734700,VALE,Factor,2026-09-24
2016-07-06,2.3502087593078613,4.909999847412109,4.820000171661377,4.920000076293945,4.679999828338623,18514200,VALE,Factor,2026-09-24
2016-07-07,2.3071300983428955,4.820000171661377,5.0,5.050000190734863,4.71999979019165,18245200,VALE,Factor,2026-09-24
2016-07-08,2.3693552017211914,4.949999809265137,5.010000228881836,5.079999923706055,4.889999866485596,16300800,VALE,Factor,2026-09-24
2016-07-11,2.4507274627685547,5.119999885559082,5.059999942779541,5.150000095367432,5.019999980926514,14217000,VALE,Factor,2026-09-24
2016-07-12,2.5608181953430176,5.349999904632568,5.340000152587891,5.5,5.320000171661377,31326500,VALE,Factor,2026-09-24
2016-07-13,2.6134705543518066,5.460000038146973,5.389999866485596,5.480000019073486,5.199999809265137,32299000,VALE,Factor,2026-09-24
2016-07-14,2.556032180786133,5.340000152587891,5.53000020980835,5.53000020980835,5.28000020980835,29253400,VALE,Factor,2026-09-24
2016-07-15,2.5656046867370605,5.360000133514404,5.289999961853027,5.440000057220459,5.269999980926514,14320800,VALE,Factor,2026-09-24
2016-07-18,2.6038975715637207,5.440000057220459,5.260000228881836,5.440000057220459,5.21999979019165,15857200,VALE,Factor,2026-09-24
2016-07-19,2.4890196323394775,5.199999809265137,5.300000190734863,5.320000171661377,5.050000190734863,36039300,VALE,Factor,2026-09-24
2016-07-20,2.4746599197387695,5.170000076293945,5.099999904632568,5.289999961853027,5.050000190734863,29301200,VALE,Factor,2026-09-24
2016-07-21,2.5416717529296875,5.309999942779541,5.269999980926514,5.429999828338623,5.21999979019165,31639200,VALE,Factor,2026-09-24
2016-07-22,2.5416717529296875,5.309999942779541,5.289999961853027,5.320000171661377,5.110000133514404,17232900,VALE,Factor,2026-09-24
2016-07-25,2.5512449741363525,5.329999923706055,5.28000020980835,5.349999904632568,5.179999828338623,28924800,VALE,Factor,2026-09-24
2016-07-26,2.713988780975342,5.670000076293945,5.389999866485596,5.730000019073486,5.329999923706055,39581700,VALE,Factor,2026-09-24
2016-07-27,2.7618541717529297,5.769999980926514,5.75,5.860000133514404,5.690000057220459,30641300,VALE,Factor,2026-09-24
2016-07-28,2.776214599609375,5.800000190734863,5.769999980926514,5.849999904632568,5.639999866485596,30650300,VALE,Factor,2026-09-24
2016-07-29,2.752281904220581,5.75,5.789999961853027,5.820000171661377,5.599999904632568,33007000,VALE,Factor,2026-09-24
2016-08-01,2.6421899795532227,5.519999980926514,5.820000171661377,5.860000133514404,5.5,28353500,VALE,Factor,2026-09-24
2016-08-02,2.651763677597046,5.539999961853027,5.590000152587891,5.71999979019165,5.429999828338623,22449400,VALE,Factor,2026-09-24
2016-08-03,2.771427869796753,5.789999961853027,5.440000057220459,5.860000133514404,5.389999866485596,35992600,VALE,Factor,2026-09-24
2016-08-04,2.833653211593628,5.920000076293945,5.730000019073486,5.989999771118164,5.71999979019165,27155900,VALE,Factor,2026-09-24
2016-08-05,2.881518840789795,6.019999980926514,5.949999809265137,6.070000171661377,5.909999847412109,28812700,VALE,Factor,2026-09-24
2016-08-08,2.886305570602417,6.03000020980835,6.019999980926514,6.150000095367432,5.920000076293945,23004600,VALE,Factor,2026-09-24
2016-08-09,2.905452251434326,6.070000171661377,6.110000133514404,6.170000076293945,6.039999961853027,19741400,VALE,Factor,2026-09-24
2016-08-10,2.776214599609375,5.800000190734863,6.110000133514404,6.130000114440918,5.78000020980835,25213500,VALE,Factor,2026-09-24
2016-08-11,2.814507484436035,5.880000114440918,5.880000114440918,5.900000095367432,5.710000038146973,17709000,VALE,Factor,2026-09-24
2016-08-12,2.6996283531188965,5.639999866485596,5.739999771118164,5.860000133514404,5.599999904632568,22953700,VALE,Factor,2026-09-24
2016-08-15,2.776214599609375,5.800000190734863,5.71999979019165,5.869999885559082,5.699999809265137,15621000,VALE,Factor,2026-09-24
2016-08-16,2.8480122089385986,5.949999809265137,5.900000095367432,6.090000152587891,5.880000114440918,23436400,VALE,Factor,2026-09-24
2016-08-17,2.857585906982422,5.96999979019165,5.800000190734863,5.989999771118164,5.730000019073486,18848400,VALE,Factor,2026-09-24
2016-08-18,2.8288662433624268,5.909999847412109,6.019999980926514,6.03000020980835,5.809999942779541,14388000,VALE,Factor,2026-09-24
2016-08-19,2.857585906982422,5.96999979019165,5.860000133514404,6.0,5.800000190734863,20636200,VALE,Factor,2026-09-24
2016-08-22,2.766641139984131,5.78000020980835,5.860000133514404,5.869999885559082,5.699999809265137,19763500,VALE,Factor,2026-09-24
2016-08-23,2.809720277786255,5.869999885559082,5.900000095367432,5.980000019073486,5.829999923706055,17883700,VALE,Factor,2026-09-24
2016-08-24,2.6948421001434326,5.630000114440918,5.760000228881836,5.840000152587891,5.599999904632568,22830200,VALE,Factor,2026-09-24
2016-08-25,2.6996283531188965,5.639999866485596,5.650000095367432,5.75,5.599999904632568,21084100,VALE,Factor,2026-09-24
2016-08-26,2.6086843013763428,5.449999809265137,5.71999979019165,5.829999923706055,5.369999885559082,31588100,VALE,Factor,2026-09-24
2016-08-29,2.685269355773926,5.610000133514404,5.440000057220459,5.639999866485596,5.420000076293945,21267200,VALE,Factor,2026-09-24
2016-08-30,2.6038975715637207,5.440000057220459,5.5,5.610000133514404,5.420000076293945,22226300,VALE,Factor,2026-09-24
2016-08-31,2.5225255489349365,5.269999980926514,5.400000095367432,5.409999847412109,5.179999828338623,32234900,VALE,Factor,2026-09-24
2016-09-01,2.5799646377563477,5.389999866485596,5.289999961853027,5.429999828338623,5.21999979019165,19249800,VALE,Factor,2026-09-24
2016-09-02,2.6804821491241455,5.599999904632568,5.489999771118164,5.659999847412109,5.440000057220459,25964800,VALE,Factor,2026-09-24
2016-09-06,2.737921714782715,5.71999979019165,5.489999771118164,5.71999979019165,5.440000057220459,24588100,VALE,Factor,2026-09-24
2016-09-07,2.6996283531188965,5.639999866485596,5.539999961853027,5.650000095367432,5.53000020980835,19978300,VALE,Factor,2026-09-24
2016-09-08,2.651763677597046,5.539999961853027,5.670000076293945,5.710000038146973,5.5,21195100,VALE,Factor,2026-09-24
2016-09-09,2.4842331409454346,5.190000057220459,5.440000057220459,5.460000038146973,5.150000095367432,26480500,VALE,Factor,2026-09-24
2016-09-12,2.5847513675689697,5.400000095367432,5.079999923706055,5.420000076293945,5.059999942779541,26580000,VALE,Factor,2026-09-24
2016-09-13,2.3693552017211914,4.949999809265137,5.21999979019165,5.21999979019165,4.860000133514404,40403000,VALE,Factor,2026-09-24
2016-09-14,2.4028613567352295,5.019999980926514,4.960000038146973,5.099999904632568,4.920000076293945,16760000,VALE,Factor,2026-09-24
2016-09-15,2.4076478481292725,5.03000020980835,5.010000228881836,5.119999885559082,4.900000095367432,22876100,VALE,Factor,2026-09-24
2016-09-16,2.4076478481292725,5.03000020980835,4.960000038146973,5.059999942779541,4.909999847412109,21449500,VALE,Factor,2026-09-24
2016-09-19,2.4315810203552246,5.079999923706055,5.159999847412109,5.190000057220459,5.039999961853027,23949400,VALE,Factor,2026-09-24
2016-09-20,2.4459402561187744,5.110000133514404,5.119999885559082,5.170000076293945,5.039999961853027,14542100,VALE,Factor,2026-09-24
2016-09-21,2.6182572841644287,5.46999979019165,5.329999923706055,5.480000019073486,5.28000020980835,31832600,VALE,Factor,2026-09-24
2016-09-22,2.5943243503570557,5.420000076293945,5.570000171661377,5.630000114440918,5.369999885559082,26226700,VALE,Factor,2026-09-24
2016-09-23,2.5943243503570557,5.420000076293945,5.389999866485596,5.550000190734863,5.380000114440918,15016500,VALE,Factor,2026-09-24
2016-09-26,2.575178384780884,5.380000114440918,5.400000095367432,5.46999979019165,5.349999904632568,13172100,VALE,Factor,2026-09-24
2016-09-27,2.6038975715637207,5.440000057220459,5.309999942779541,5.449999809265137,5.269999980926514,11258500,VALE,Factor,2026-09-24
2016-09-28,2.7044155597686768,5.650000095367432,5.510000228881836,5.659999847412109,5.429999828338623,18909100,VALE,Factor,2026-09-24
2016-09-29,2.646976947784424,5.53000020980835,5.659999847412109,5.739999771118164,5.489999771118164,19621200,VALE,Factor,2026-09-24
2016-09-30,2.6326169967651367,5.5,5.559999942779541,5.590000152587891,5.429999828338623,13523300,VALE,Factor,2026-09-24
2016-10-03,2.7092020511627197,5.659999847412109,5.539999961853027,5.699999809265137,5.489999771118164,16082500,VALE,Factor,2026-09-24
2016-10-04,2.6086843013763428,5.449999809265137,5.650000095367432,5.699999809265137,5.389999866485596,22742400,VALE,Factor,2026-09-24
2016-10-05,2.646976947784424,5.53000020980835,5.539999961853027,5.579999923706055,5.460000038146973,16024400,VALE,Factor,2026-09-24
2016-10-06,2.6374034881591797,5.510000228881836,5.480000019073486,5.570000171661377,5.460000038146973,13134000,VALE,Factor,2026-09-24
2016-10-07,2.666123390197754,5.570000171661377,5.670000076293945,5.690000057220459,5.46999979019165,32938700,VALE,Factor,2026-09-24
2016-10-10,2.8192930221557617,5.889999866485596,5.670000076293945,5.940000057220459,5.630000114440918,31308100,VALE,Factor,2026-09-24
2016-10-11,2.766641139984131,5.78000020980835,5.909999847412109,5.920000076293945,5.690000057220459,25446900,VALE,Factor,2026-09-24
2016-10-12,2.785787582397461,5.820000171661377,5.730000019073486,5.940000057220459,5.710000038146973,24206200,VALE,Factor,2026-09-24
2016-10-13,2.646976947784424,5.53000020980835,5.650000095367432,5.650000095367432,5.510000228881836,49022000,VALE,Factor,2026-09-24
2016-10-14,2.6709094047546387,5.579999923706055,5.690000057220459,5.75,5.559999942779541,29115100,VALE,Factor,2026-09-24
2016-10-17,2.718775510787964,5.679999828338623,5.599999904632568,5.75,5.599999904632568,13345200,VALE,Factor,2026-09-24
2016-10-18,2.795360803604126,5.840000152587891,5.820000171661377,5.900000095367432,5.730000019073486,23689000,VALE,Factor,2026-09-24
2016-10-19,2.795360803604126,5.840000152587891,5.860000133514404,5.940000057220459,5.789999961853027,15130100,VALE,Factor,2026-09-24
2016-10-20,2.886305570602417,6.03000020980835,5.920000076293945,6.070000171661377,5.869999885559082,26151200,VALE,Factor,2026-09-24
2016-10-21,2.996396780014038,6.260000228881836,6.010000228881836,6.360000133514404,5.960000038146973,45185600,VALE,Factor,2026-09-24
2016-10-24,3.106487989425659,6.489999771118164,6.46999979019165,6.579999923706055,6.380000114440918,34526300,VALE,Factor,2026-09-24
2016-10-25,3.250084400177002,6.789999961853027,6.579999923706055,6.829999923706055,6.579999923706055,56115700,VALE,Factor,2026-09-24
2016-10-26,3.307523727416992,6.909999847412109,6.78000020980835,6.949999809265137,6.630000114440918,46194500,VALE,Factor,2026-09-24
2016-10-27,3.3266701698303223,6.949999809265137,7.019999980926514,7.050000190734863,6.829999923706055,42385200,VALE,Factor,2026-09-24
2016-10-28,3.302737236022949,6.900000095367432,6.980000019073486,7.050000190734863,6.860000133514404,29352400,VALE,Factor,2026-09-24
2016-10-31,3.3123104572296143,6.920000076293945,6.929999828338623,6.96999979019165,6.769999980926514,23959200,VALE,Factor,2026-09-24
2016-11-01,3.302737236022949,6.900000095367432,6.989999771118164,7.03000020980835,6.639999866485596,34997300,VALE,Factor,2026-09-24
2016-11-02,3.2165791988372803,6.71999979019165,6.820000171661377,6.900000095367432,6.699999809265137,27616800,VALE,Factor,2026-09-24
2016-11-03,3.2357254028320312,6.760000228881836,6.920000076293945,6.96999979019165,6.730000019073486,29597700,VALE,Factor,2026-09-24
2016-11-04,3.1926462650299072,6.670000076293945,6.659999847412109,6.820000171661377,6.590000152587891,24528800,VALE,Factor,2026-09-24
2016-11-07,3.4319748878479004,7.170000076293945,7.050000190734863,7.210000038146973,7.010000228881836,32529000,VALE,Factor,2026-09-24
2016-11-08,3.6090781688690186,7.539999961853027,7.210000038146973,7.650000095367432,7.139999866485596,44753200,VALE,Factor,2026-09-24
2016-11-09,3.714383840560913,7.760000228881836,7.71999979019165,8.029999732971191,7.670000076293945,65108800,VALE,Factor,2026-09-24
2016-11-10,3.829261302947998,8.0,7.889999866485596,8.100000381469727,7.699999809265137,51736800,VALE,Factor,2026-09-24
2016-11-11,3.6808769702911377,7.690000057220459,8.039999961853027,8.039999961853027,7.559999942779541,59338100,VALE,Factor,2026-09-24
2016-11-14,3.6808769702911377,7.690000057220459,7.690000057220459,7.739999771118164,7.409999847412109,43153500,VALE,Factor,2026-09-24
2016-11-15,3.5037739276885986,7.320000171661377,7.309999942779541,7.380000114440918,6.849999904632568,28917900,VALE,Factor,2026-09-24
2016-11-16,3.4989864826202393,7.309999942779541,7.289999961853027,7.340000152587891,7.059999942779541,21640600,VALE,Factor,2026-09-24
2016-11-17,3.4989864826202393,7.309999942779541,7.360000133514404,7.480000019073486,7.239999771118164,26517200,VALE,Factor,2026-09-24
2016-11-18,3.4654815196990967,7.239999771118164,7.059999942779541,7.300000190734863,7.0,28474800,VALE,Factor,2026-09-24
2016-11-21,3.6665172576904297,7.659999847412109,7.440000057220459,7.730000019073486,7.429999828338623,36040700,VALE,Factor,2026-09-24
2016-11-22,3.968071222305298,8.289999961853027,8.109999656677246,8.3100004196167,8.0,53670800,VALE,Factor,2026-09-24
2016-11-23,4.015937805175781,8.390000343322754,8.100000381469727,8.4399995803833,8.0600004196167,40948800,VALE,Factor,2026-09-24
2016-11-25,4.03029727935791,8.420000076293945,8.319999694824219,8.4399995803833,8.149999618530273,24372900,VALE,Factor,2026-09-24
2016-11-28,4.3557844161987305,9.100000381469727,8.4399995803833,9.180000305175781,8.399999618530273,61928500,VALE,Factor,2026-09-24
2016-11-29,4.092522144317627,8.550000190734863,8.699999809265137,8.789999961853027,8.449999809265137,51248300,VALE,Factor,2026-09-24
2016-11-30,4.063803195953369,8.489999771118164,8.420000076293945,8.710000038146973,8.399999618530273,43212700,VALE,Factor,2026-09-24
2016-12-01,3.929778814315796,8.210000038146973,8.800000190734863,8.829999923706055,8.069999694824219,54459600,VALE,Factor,2026-09-24
2016-12-02,4.0641255378723145,8.4399995803833,8.109999656677246,8.520000457763672,8.100000381469727,39886600,VALE,Factor,2026-09-24
2016-12-05,4.170063495635986,8.65999984741211,8.609999656677246,8.75,8.529999732971191,36695400,VALE,Factor,2026-09-24
2016-12-06,4.242292881011963,8.8100004196167,8.609999656677246,8.819999694824219,8.520000457763672,34440600,VALE,Factor,2026-09-24
2016-12-07,4.410829067230225,9.15999984741211,9.109999656677246,9.319999694824219,8.949999809265137,43931300,VALE,Factor,2026-09-24
2016-12-08,4.304892063140869,8.9399995803833,9.260000228881836,9.34000015258789,8.850000381469727,37289100,VALE,Factor,2026-09-24
2016-12-09,4.227846622467041,8.779999732971191,8.90999984741211,9.010000228881836,8.729999542236328,26109200,VALE,Factor,2026-09-24
2016-12-12,4.237478256225586,8.800000190734863,8.90999984741211,8.960000038146973,8.729999542236328,31607000,VALE,Factor,2026-09-24
2016-12-13,4.088202953338623,8.489999771118164,8.770000457763672,8.880000114440918,8.4399995803833,30186600,VALE,Factor,2026-09-24
2016-12-14,3.9870822429656982,8.279999732971191,8.380000114440918,8.619999885559082,8.25,38042900,VALE,Factor,2026-09-24
2016-12-15,4.068942070007324,8.449999809265137,8.210000038146973,8.520000457763672,8.09000015258789,35684800,VALE,Factor,2026-09-24
2016-12-16,3.934112787246704,8.170000076293945,8.390000343322754,8.460000038146973,8.149999618530273,30734100,VALE,Factor,2026-09-24
2016-12-19,3.717423915863037,7.71999979019165,8.079999923706055,8.130000114440918,7.710000038146973,37517400,VALE,Factor,2026-09-24
2016-12-20,3.8040993213653564,7.900000095367432,7.860000133514404,7.960000038146973,7.71999979019165,19822800,VALE,Factor,2026-09-24
2016-12-21,3.8089146614074707,7.909999847412109,8.020000457763672,8.029999732971191,7.880000114440918,14345400,VALE,Factor,2026-09-24
2016-12-22,3.751131296157837,7.789999961853027,7.760000228881836,7.869999885559082,7.639999866485596,20751300,VALE,Factor,2026-09-24
2016-12-23,3.7126083374023438,7.710000038146973,7.760000228881836,7.889999866485596,7.690000057220459,20262600,VALE,Factor,2026-09-24
2016-12-27,3.8040993213653564,7.900000095367432,7.909999847412109,8.050000190734863,7.869999885559082,15143700,VALE,Factor,2026-09-24
2016-12-28,3.861884117126465,8.020000457763672,8.149999618530273,8.1899995803833,8.0,22012700,VALE,Factor,2026-09-24
2016-12-29,3.8089146614074707,7.909999847412109,8.09000015258789,8.15999984741211,7.789999961853027,25083500,VALE,Factor,2026-09-24
2016-12-30,3.6692709922790527,7.619999885559082,7.920000076293945,7.949999809265137,7.539999961853027,14623300,VALE,Factor,2026-09-24
2017-01-03,3.876328468322754,8.050000190734863,7.889999866485596,8.0600004196167,7.840000152587891,27690200,VALE,Factor,2026-09-24
2017-01-04,3.876328468322754,8.050000190734863,8.029999732971191,8.119999885559082,7.840000152587891,15069500,VALE,Factor,2026-09-24
2017-01-05,3.9967122077941895,8.300000190734863,8.079999923706055,8.399999618530273,8.069999694824219,24451400,VALE,Factor,2026-09-24
2017-01-06,3.8474366664886475,7.989999771118164,8.149999618530273,8.3100004196167,7.989999771118164,17527900,VALE,Factor,2026-09-24
2017-01-09,3.9581897258758545,8.220000267028809,8.3100004196167,8.380000114440918,8.199999809265137,20748800,VALE,Factor,2026-09-24
2017-01-10,4.3145222663879395,8.960000038146973,8.619999885559082,8.979999542236328,8.600000381469727,30706200,VALE,Factor,2026-09-24
2017-01-11,4.483059406280518,9.3100004196167,8.880000114440918,9.350000381469727,8.779999732971191,46744100,VALE,Factor,2026-09-24
2017-01-12,4.545657634735107,9.4399995803833,9.369999885559082,9.550000190734863,9.319999694824219,33624900,VALE,Factor,2026-09-24
2017-01-13,4.613072872161865,9.579999923706055,9.279999732971191,9.729999542236328,9.220000267028809,31394300,VALE,Factor,2026-09-24
2017-01-17,4.5793657302856445,9.510000228881836,9.539999961853027,9.699999809265137,9.449999809265137,30060000,VALE,Factor,2026-09-24
2017-01-18,4.7864227294921875,9.9399995803833,9.699999809265137,10.119999885559082,9.65999984741211,42953800,VALE,Factor,2026-09-24
2017-01-19,4.719009876251221,9.800000190734863,9.84000015258789,9.890000343322754,9.649999618530273,22852100,VALE,Factor,2026-09-24
2017-01-20,4.829761505126953,10.029999732971191,9.760000228881836,10.180000305175781,9.729999542236328,27984600,VALE,Factor,2026-09-24
2017-01-23,5.060896873474121,10.510000228881836,10.319999694824219,10.550000190734863,10.170000076293945,31544500,VALE,Factor,2026-09-24
2017-01-24,5.18127965927124,10.760000228881836,10.789999961853027,10.960000038146973,10.489999771118164,41303800,VALE,Factor,2026-09-24
2017-01-25,5.1909098625183105,10.779999732971191,10.739999771118164,10.949999809265137,10.5600004196167,31829000,VALE,Factor,2026-09-24
2017-01-26,5.113865375518799,10.619999885559082,10.670000076293945,10.829999923706055,10.550000190734863,21797100,VALE,Factor,2026-09-24
2017-01-27,5.137941837310791,10.670000076293945,10.720000267028809,10.739999771118164,10.569999694824219,16642300,VALE,Factor,2026-09-24
2017-01-30,4.964591026306152,10.3100004196167,10.550000190734863,10.550000190734863,10.260000228881836,21128200,VALE,Factor,2026-09-24
2017-01-31,4.901991844177246,10.180000305175781,10.460000038146973,10.5,10.149999618530273,27452200,VALE,Factor,2026-09-24
2017-02-01,5.046450138092041,10.479999542236328,10.489999771118164,10.529999732971191,10.329999923706055,26423000,VALE,Factor,2026-09-24
2017-02-02,5.017560005187988,10.420000076293945,10.579999923706055,10.619999885559082,10.359999656677246,17498600,VALE,Factor,2026-09-24
2017-02-03,4.685302734375,9.729999542236328,10.0600004196167,10.15999984741211,9.699999809265137,30767600,VALE,Factor,2026-09-24
2017-02-06,4.603442192077637,9.5600004196167,9.710000038146973,9.850000381469727,9.529999732971191,32247900,VALE,Factor,2026-09-24
2017-02-07,4.637148857116699,9.630000114440918,9.869999885559082,9.880000114440918,9.609999656677246,22221600,VALE,Factor,2026-09-24
2017-02-08,4.704564571380615,9.770000457763672,9.670000076293945,9.8100004196167,9.59000015258789,22291100,VALE,Factor,2026-09-24
2017-02-09,4.796054840087891,9.960000038146973,9.770000457763672,10.0,9.720000267028809,24242200,VALE,Factor,2026-09-24
2017-02-10,5.036820411682129,10.460000038146973,10.399999618530273,10.5,10.3100004196167,29084600,VALE,Factor,2026-09-24
2017-02-13,5.460567951202393,11.34000015258789,10.899999618530273,11.489999771118164,10.899999618530273,64503000,VALE,Factor,2026-09-24
2017-02-14,5.373891353607178,11.15999984741211,11.210000038146973,11.289999961853027,10.869999885559082,27173300,VALE,Factor,2026-09-24
2017-02-15,5.3498148918151855,11.109999656677246,11.170000076293945,11.289999961853027,10.970000267028809,36824800,VALE,Factor,2026-09-24
2017-02-16,5.229431629180908,10.859999656677246,11.220000267028809,11.25,10.850000381469727,31753400,VALE,Factor,2026-09-24
2017-02-17,5.282402038574219,10.970000267028809,10.84000015258789,11.039999961853027,10.779999732971191,25051600,VALE,Factor,2026-09-24
2017-02-21,5.547244548797607,11.520000457763672,11.680000305175781,11.699999809265137,11.380000114440918,33278500,VALE,Factor,2026-09-24
2017-02-22,5.412415027618408,11.239999771118164,11.210000038146973,11.260000228881836,11.020000457763672,31161300,VALE,Factor,2026-09-24
2017-02-23,5.176464080810547,10.75,11.399999618530273,11.449999809265137,10.65999984741211,43444900,VALE,Factor,2026-09-24
2017-02-24,5.065713405609131,10.520000457763672,10.460000038146973,10.899999618530273,10.350000381469727,39833500,VALE,Factor,2026-09-24
2017-02-27,5.10905122756958,10.609999656677246,10.619999885559082,10.930000305175781,10.489999771118164,20466900,VALE,Factor,2026-09-24
2017-02-28,4.983852386474609,10.350000381469727,10.479999542236328,10.579999923706055,10.170000076293945,23252200,VALE,Factor,2026-09-24
2017-03-01,5.147572040557861,10.6899995803833,10.670000076293945,10.760000228881836,10.489999771118164,30886700,VALE,Factor,2026-09-24
2017-03-02,4.796054840087891,9.960000038146973,10.510000228881836,10.609999656677246,9.90999984741211,33160500,VALE,Factor,2026-09-24
2017-03-03,4.901991844177246,10.180000305175781,10.079999923706055,10.25,9.949999809265137,22701100,VALE,Factor,2026-09-24
2017-03-06,4.7864227294921875,9.9399995803833,9.899999618530273,10.0600004196167,9.829999923706055,21950600,VALE,Factor,2026-09-24
2017-03-07,4.7816081047058105,9.930000305175781,10.09000015258789,10.109999656677246,9.859999656677246,18997000,VALE,Factor,2026-09-24
2017-03-08,4.555288791656494,9.460000038146973,9.829999923706055,9.850000381469727,9.399999618530273,31096000,VALE,Factor,2026-09-24
2017-03-09,4.555288791656494,9.460000038146973,9.319999694824219,9.619999885559082,9.270000457763672,32011500,VALE,Factor,2026-09-24
2017-03-10,4.560103416442871,9.470000267028809,9.670000076293945,9.6899995803833,9.390000343322754,24848400,VALE,Factor,2026-09-24
2017-03-13,4.738271713256836,9.84000015258789,9.800000190734863,9.970000267028809,9.720000267028809,28516200,VALE,Factor,2026-09-24
2017-03-14,4.747900485992432,9.859999656677246,9.670000076293945,9.949999809265137,9.569999694824219,22095000,VALE,Factor,2026-09-24
2017-03-15,5.142757415771484,10.680000305175781,10.0600004196167,10.710000038146973,9.949999809265137,47617700,VALE,Factor,2026-09-24
2017-03-16,5.022374629974365,10.430000305175781,10.779999732971191,10.800000190734863,10.359999656677246,24311900,VALE,Factor,2026-09-24
2017-03-17,4.8779144287109375,10.130000114440918,10.430000305175781,10.550000190734863,10.130000114440918,23405800,VALE,Factor,2026-09-24
2017-03-20,4.954960346221924,10.289999961853027,10.029999732971191,10.350000381469727,9.960000038146973,17062300,VALE,Factor,2026-09-24
2017-03-21,4.545657634735107,9.4399995803833,10.020000457763672,10.109999656677246,9.380000114440918,39826800,VALE,Factor,2026-09-24
2017-03-22,4.588995456695557,9.529999732971191,9.220000267028809,9.75,9.180000305175781,31222300,VALE,Factor,2026-09-24
2017-03-23,4.4878740310668945,9.319999694824219,9.369999885559082,9.5,9.069999694824219,31399300,VALE,Factor,2026-09-24
2017-03-24,4.478242874145508,9.300000190734863,9.329999923706055,9.369999885559082,9.180000305175781,26480800,VALE,Factor,2026-09-24
2017-03-27,4.497504234313965,9.34000015258789,8.890000343322754,9.430000305175781,8.699999809265137,34988200,VALE,Factor,2026-09-24
2017-03-28,4.560103416442871,9.470000267028809,9.470000267028809,9.59000015258789,9.359999656677246,28022700,VALE,Factor,2026-09-24
2017-03-29,4.632333755493164,9.619999885559082,9.449999809265137,9.789999961853027,9.449999809265137,22099100,VALE,Factor,2026-09-24
2017-03-30,4.593812465667725,9.539999961853027,9.579999923706055,9.739999771118164,9.529999732971191,24202700,VALE,Factor,2026-09-24
2017-03-31,4.574549198150635,9.5,9.369999885559082,9.680000305175781,9.239999771118164,26562500,VALE,Factor,2026-09-24
2017-04-03,4.5697340965271,9.489999771118164,9.550000190734863,9.640000343322754,9.329999923706055,22115300,VALE,Factor,2026-09-24
2017-04-04,4.747900485992432,9.859999656677246,9.489999771118164,9.899999618530273,9.470000267028809,23915100,VALE,Factor,2026-09-24
2017-04-05,4.540842533111572,9.430000305175781,10.079999923706055,10.100000381469727,9.40999984741211,34057800,VALE,Factor,2026-09-24
2017-04-06,4.410829067230225,9.15999984741211,9.470000267028809,9.5600004196167,9.119999885559082,31218800,VALE,Factor,2026-09-24
2017-04-07,4.444535732269287,9.229999542236328,9.0,9.470000267028809,8.949999809265137,31729000,VALE,Factor,2026-09-24
2017-04-10,4.4493513107299805,9.239999771118164,9.229999542236328,9.300000190734863,9.020000457763672,21461700,VALE,Factor,2026-09-24
2017-04-11,4.406013488769531,9.149999618530273,9.270000457763672,9.270000457763672,8.819999694824219,31273000,VALE,Factor,2026-09-24
2017-04-12,4.2085862159729,8.739999771118164,8.890000343322754,8.899999618530273,8.649999618530273,35434900,VALE,Factor,2026-09-24
2017-04-13,4.198955059051514,8.720000267028809,8.779999732971191,8.9399995803833,8.699999809265137,24141200,VALE,Factor,2026-09-24
2017-04-17,4.237478256225586,8.800000190734863,8.75,8.829999923706055,8.600000381469727,26949200,VALE,Factor,2026-09-24
2017-04-18,4.126724720001221,8.569999694824219,8.529999732971191,8.65999984741211,8.420000076293945,34558600,VALE,Factor,2026-09-24
2017-04-19,4.097833156585693,8.510000228881836,8.760000228881836,8.800000190734863,8.470000267028809,26897900,VALE,Factor,2026-09-24
2017-04-20,4.24710750579834,8.819999694824219,8.75,8.9399995803833,8.630000114440918,33565100,VALE,Factor,2026-09-24
2017-04-21,4.27118444442749,8.869999885559082,9.029999732971191,9.069999694824219,8.819999694824219,29323100,VALE,Factor,2026-09-24
2017-04-24,4.354796409606934,8.75,8.859999656677246,8.859999656677246,8.65999984741211,24146400,VALE,Factor,2026-09-24
2017-04-25,4.454334735870361,8.949999809265137,8.6899995803833,8.979999542236328,8.630000114440918,29569700,VALE,Factor,2026-09-24
2017-04-26,4.34484338760376,8.729999542236328,8.819999694824219,8.970000267028809,8.710000038146973,33609200,VALE,Factor,2026-09-24
2017-04-27,4.190558910369873,8.420000076293945,8.770000457763672,8.779999732971191,8.260000228881836,37801900,VALE,Factor,2026-09-24
2017-04-28,4.270190238952637,8.579999923706055,8.539999961853027,8.6899995803833,8.5,17171200,VALE,Factor,2026-09-24
2017-05-01,4.3199591636657715,8.680000305175781,8.579999923706055,8.779999732971191,8.510000228881836,16427400,VALE,Factor,2026-09-24
2017-05-02,4.389634609222412,8.819999694824219,8.789999961853027,8.899999618530273,8.65999984741211,27232600,VALE,Factor,2026-09-24
2017-05-03,4.1606974601745605,8.359999656677246,8.699999809265137,8.710000038146973,8.300000190734863,35280800,VALE,Factor,2026-09-24
2017-05-04,3.956644058227539,7.949999809265137,8.069999694824219,8.069999694824219,7.840000152587891,49988500,VALE,Factor,2026-09-24
2017-05-05,4.066136360168457,8.170000076293945,8.069999694824219,8.300000190734863,8.0,37541600,VALE,Factor,2026-09-24
2017-05-08,4.046229362487793,8.130000114440918,8.039999961853027,8.180000305175781,8.0,27310200,VALE,Factor,2026-09-24
2017-05-09,4.110928058624268,8.260000228881836,8.239999771118164,8.420000076293945,8.199999809265137,37800500,VALE,Factor,2026-09-24
2017-05-10,4.1606974601745605,8.359999656677246,8.529999732971191,8.539999961853027,8.270000457763672,27077100,VALE,Factor,2026-09-24
2017-05-11,4.145766258239746,8.329999923706055,8.359999656677246,8.470000267028809,8.270000457763672,26413600,VALE,Factor,2026-09-24
2017-05-12,4.110928058624268,8.260000228881836,8.3100004196167,8.399999618530273,8.229999542236328,20052400,VALE,Factor,2026-09-24
2017-05-15,4.2353515625,8.510000228881836,8.350000381469727,8.539999961853027,8.34000015258789,24108000,VALE,Factor,2026-09-24
2017-05-16,4.364750862121582,8.770000457763672,8.680000305175781,8.829999923706055,8.600000381469727,27499200,VALE,Factor,2026-09-24
2017-05-17,4.250282287597656,8.539999961853027,8.779999732971191,8.789999961853027,8.5,22732600,VALE,Factor,2026-09-24
2017-05-18,3.9815287590026855,8.0,7.489999771118164,8.239999771118164,7.46999979019165,85122300,VALE,Factor,2026-09-24
2017-05-19,4.190558910369873,8.420000076293945,8.34000015258789,8.550000190734863,8.279999732971191,25211900,VALE,Factor,2026-09-24
2017-05-22,4.225397109985352,8.489999771118164,8.350000381469727,8.600000381469727,8.300000190734863,28057000,VALE,Factor,2026-09-24
2017-05-23,4.295074462890625,8.630000114440918,8.359999656677246,8.699999809265137,8.350000381469727,25211100,VALE,Factor,2026-09-24
2017-05-24,4.210466384887695,8.460000038146973,8.430000305175781,8.539999961853027,8.34000015258789,26623500,VALE,Factor,2026-09-24
2017-05-25,4.215444087982178,8.470000267028809,8.369999885559082,8.529999732971191,8.319999694824219,24887800,VALE,Factor,2026-09-24
2017-05-26,4.245305061340332,8.529999732971191,8.479999542236328,8.579999923706055,8.399999618530273,16257800,VALE,Factor,2026-09-24
2017-05-30,4.3597731590271,8.760000228881836,8.640000343322754,8.880000114440918,8.5600004196167,25185100,VALE,Factor,2026-09-24
2017-05-31,4.165674209594727,8.369999885559082,8.65999984741211,8.65999984741211,8.279999732971191,38149400,VALE,Factor,2026-09-24
2017-06-01,4.076090335845947,8.1899995803833,8.380000114440918,8.420000076293945,8.180000305175781,22154200,VALE,Factor,2026-09-24
2017-06-02,4.086043357849121,8.210000038146973,8.319999694824219,8.319999694824219,8.140000343322754,22730900,VALE,Factor,2026-09-24
2017-06-05,4.026320934295654,8.09000015258789,8.069999694824219,8.149999618530273,7.980000019073486,21499000,VALE,Factor,2026-09-24
2017-06-06,4.051206111907959,8.140000343322754,8.130000114440918,8.289999961853027,8.109999656677246,18811900,VALE,Factor,2026-09-24
2017-06-07,4.03129768371582,8.100000381469727,8.1899995803833,8.210000038146973,8.020000457763672,16555900,VALE,Factor,2026-09-24
2017-06-08,4.11590576171875,8.270000457763672,8.069999694824219,8.359999656677246,8.039999961853027,29191300,VALE,Factor,2026-09-24
2017-06-09,4.135813236236572,8.3100004196167,8.260000228881836,8.430000305175781,8.25,26984300,VALE,Factor,2026-09-24
2017-06-12,4.046229362487793,8.130000114440918,8.3100004196167,8.350000381469727,8.0,28140400,VALE,Factor,2026-09-24
2017-06-13,3.9815287590026855,8.0,8.020000457763672,8.109999656677246,7.909999847412109,27976100,VALE,Factor,2026-09-24
2017-06-14,3.956644058227539,7.949999809265137,8.140000343322754,8.149999618530273,7.880000114440918,25769000,VALE,Factor,2026-09-24
2017-06-15,3.9018983840942383,7.840000152587891,7.789999961853027,7.920000076293945,7.650000095367432,29113700,VALE,Factor,2026-09-24
2017-06-16,3.9218056201934814,7.880000114440918,7.849999904632568,7.920000076293945,7.730000019073486,24826200,VALE,Factor,2026-09-24
2017-06-19,3.996459484100342,8.029999732971191,7.909999847412109,8.199999809265137,7.909999847412109,25775900,VALE,Factor,2026-09-24
2017-06-20,3.8670592308044434,7.769999980926514,7.900000095367432,7.920000076293945,7.679999828338623,26112100,VALE,Factor,2026-09-24
2017-06-21,3.956644058227539,7.949999809265137,7.900000095367432,8.0600004196167,7.860000133514404,25074000,VALE,Factor,2026-09-24
2017-06-22,4.03129768371582,8.100000381469727,7.96999979019165,8.25,7.96999979019165,39189300,VALE,Factor,2026-09-24
2017-06-23,4.066136360168457,8.170000076293945,8.180000305175781,8.279999732971191,8.029999732971191,28376600,VALE,Factor,2026-09-24
2017-06-26,4.15074348449707,8.34000015258789,8.319999694824219,8.369999885559082,8.239999771118164,20459800,VALE,Factor,2026-09-24
2017-06-27,4.190558910369873,8.420000076293945,8.520000457763672,8.75,8.40999984741211,37975300,VALE,Factor,2026-09-24
2017-06-28,4.339866638183594,8.720000267028809,8.640000343322754,8.789999961853027,8.569999694824219,27564300,VALE,Factor,2026-09-24
2017-06-29,4.349820613861084,8.739999771118164,8.859999656677246,8.930000305175781,8.630000114440918,22201500,VALE,Factor,2026-09-24
2017-06-30,4.354796409606934,8.75,8.760000228881836,8.84000015258789,8.65999984741211,17682200,VALE,Factor,2026-09-24
2017-07-03,4.439404487609863,8.920000076293945,8.869999885559082,9.010000228881836,8.859999656677246,12587400,VALE,Factor,2026-09-24
2017-07-05,4.349820613861084,8.739999771118164,8.949999809265137,8.979999542236328,8.619999885559082,31054800,VALE,Factor,2026-09-24
2017-07-06,4.3597731590271,8.760000228881836,8.710000038146973,8.760000228881836,8.5600004196167,22549400,VALE,Factor,2026-09-24
2017-07-07,4.364750862121582,8.770000457763672,8.890000343322754,8.90999984741211,8.600000381469727,23310400,VALE,Factor,2026-09-24
2017-07-10,4.524011611938477,9.09000015258789,8.8100004196167,9.109999656677246,8.760000228881836,25125100,VALE,Factor,2026-09-24
2017-07-11,4.583735466003418,9.210000038146973,9.119999885559082,9.239999771118164,9.100000381469727,20199600,VALE,Factor,2026-09-24
2017-07-12,4.6335039138793945,9.3100004196167,9.300000190734863,9.34000015258789,9.069999694824219,24644800,VALE,Factor,2026-09-24
2017-07-13,4.5140581130981445,9.069999694824219,9.300000190734863,9.3100004196167,8.989999771118164,50708400,VALE,Factor,2026-09-24
2017-07-14,4.603642463684082,9.25,9.180000305175781,9.300000190734863,9.149999618530273,23995300,VALE,Factor,2026-09-24
2017-07-17,4.62852668762207,9.300000190734863,9.369999885559082,9.489999771118164,9.270000457763672,32473800,VALE,Factor,2026-09-24
2017-07-18,4.6882500648498535,9.420000076293945,9.359999656677246,9.449999809265137,9.270000457763672,21226700,VALE,Factor,2026-09-24
2017-07-19,4.6882500648498535,9.420000076293945,9.5,9.539999961853027,9.380000114440918,16723800,VALE,Factor,2026-09-24
2017-07-20,4.543919563293457,9.130000114440918,9.300000190734863,9.350000381469727,9.069999694824219,28557800,VALE,Factor,2026-09-24
2017-07-21,4.489173889160156,9.020000457763672,9.229999542236328,9.239999771118164,8.970000267028809,28733000,VALE,Factor,2026-09-24
2017-07-24,4.573781490325928,9.1899995803833,9.069999694824219,9.220000267028809,9.039999961853027,20941000,VALE,Factor,2026-09-24
2017-07-25,4.762903213500977,9.569999694824219,9.40999984741211,9.65999984741211,9.399999618530273,55246600,VALE,Factor,2026-09-24
2017-07-26,4.673320293426514,9.390000343322754,9.579999923706055,9.630000114440918,9.369999885559082,41177400,VALE,Factor,2026-09-24
2017-07-27,4.683272361755371,9.40999984741211,9.369999885559082,9.539999961853027,9.239999771118164,24826100,VALE,Factor,2026-09-24
2017-07-28,4.8126726150512695,9.670000076293945,9.399999618530273,9.6899995803833,9.369999885559082,25810300,VALE,Factor,2026-09-24
2017-07-31,4.9918413162231445,10.029999732971191,9.930000305175781,10.079999923706055,9.880000114440918,37636600,VALE,Factor,2026-09-24
2017-08-01,4.922165393829346,9.890000343322754,9.899999618530273,9.960000038146973,9.8100004196167,21132100,VALE,Factor,2026-09-24
2017-08-02,4.9271416664123535,9.899999618530273,9.729999542236328,9.979999542236328,9.670000076293945,24107700,VALE,Factor,2026-09-24
2017-08-03,4.887325286865234,9.819999694824219,9.90999984741211,9.90999984741211,9.779999732971191,13061700,VALE,Factor,2026-09-24
2017-08-04,4.96198034286499,9.970000267028809,9.890000343322754,10.0600004196167,9.779999732971191,21540100,VALE,Factor,2026-09-24
2017-08-07,5.1511030197143555,10.350000381469727,10.100000381469727,10.359999656677246,10.09000015258789,24582400,VALE,Factor,2026-09-24
2017-08-08,5.076449394226074,10.199999809265137,10.149999618530273,10.399999618530273,10.020000457763672,44411500,VALE,Factor,2026-09-24
2017-08-09,4.9968180656433105,10.039999961853027,10.09000015258789,10.210000038146973,10.010000228881836,28459200,VALE,Factor,2026-09-24
2017-08-10,4.902257442474365,9.850000381469727,10.109999656677246,10.140000343322754,9.84000015258789,29824300,VALE,Factor,2026-09-24
2017-08-11,4.82262659072876,9.6899995803833,9.710000038146973,9.829999923706055,9.5600004196167,25154700,VALE,Factor,2026-09-24
2017-08-14,4.84253454208374,9.729999542236328,9.640000343322754,9.869999885559082,9.640000343322754,33752000,VALE,Factor,2026-09-24
2017-08-15,4.867419719696045,9.779999732971191,9.699999809265137,9.800000190734863,9.5600004196167,21438700,VALE,Factor,2026-09-24
2017-08-16,5.026679992675781,10.100000381469727,9.920000076293945,10.140000343322754,9.850000381469727,45295500,VALE,Factor,2026-09-24
2017-08-17,4.837557792663574,9.720000267028809,10.050000190734863,10.100000381469727,9.699999809265137,31374500,VALE,Factor,2026-09-24
2017-08-18,4.9918413162231445,10.029999732971191,9.989999771118164,10.119999885559082,9.84000015258789,30590500,VALE,Factor,2026-09-24
2017-08-21,4.971933841705322,9.989999771118164,10.15999984741211,10.229999542236328,9.960000038146973,33831200,VALE,Factor,2026-09-24
2017-08-22,4.9769110679626465,10.0,10.140000343322754,10.220000267028809,9.970000267028809,22043000,VALE,Factor,2026-09-24
2017-08-23,5.141148567199707,10.329999923706055,9.989999771118164,10.329999923706055,9.979999542236328,27962800,VALE,Factor,2026-09-24
2017-08-24,5.335248947143555,10.720000267028809,10.399999618530273,10.800000190734863,10.34000015258789,35633700,VALE,Factor,2026-09-24
2017-08-25,5.315340995788574,10.680000305175781,10.760000228881836,10.800000190734863,10.5600004196167,32261500,VALE,Factor,2026-09-24
2017-08-28,5.385017395019531,10.819999694824219,10.670000076293945,10.899999618530273,10.619999885559082,24179300,VALE,Factor,2026-09-24
2017-08-29,5.399948596954346,10.850000381469727,10.670000076293945,10.890000343322754,10.619999885559082,22907500,VALE,Factor,2026-09-24
2017-08-30,5.380040645599365,10.8100004196167,10.8100004196167,10.90999984741211,10.739999771118164,19479100,VALE,Factor,2026-09-24
2017-08-31,5.5094404220581055,11.069999694824219,11.079999923706055,11.130000114440918,10.880000114440918,43028700,VALE,Factor,2026-09-24
2017-09-01,5.623909950256348,11.300000190734863,11.270000457763672,11.460000038146973,11.180000305175781,25502600,VALE,Factor,2026-09-24
2017-09-05,5.66372537612915,11.380000114440918,11.609999656677246,11.649999618530273,11.199999809265137,46083900,VALE,Factor,2026-09-24
2017-09-06,5.723447799682617,11.5,11.380000114440918,11.5600004196167,11.319999694824219,25916100,VALE,Factor,2026-09-24
2017-09-07,5.793123245239258,11.640000343322754,11.520000457763672,11.720000267028809,11.489999771118164,16835200,VALE,Factor,2026-09-24
2017-09-08,5.5293474197387695,11.109999656677246,11.470000267028809,11.520000457763672,11.079999923706055,44852800,VALE,Factor,2026-09-24
2017-09-11,5.599024295806885,11.25,11.239999771118164,11.359999656677246,11.199999809265137,19865100,VALE,Factor,2026-09-24
2017-09-12,5.618931770324707,11.289999961853027,11.289999961853027,11.430000305175781,11.220000267028809,20173800,VALE,Factor,2026-09-24
2017-09-13,5.494509220123291,11.039999961853027,11.079999923706055,11.109999656677246,10.890000343322754,31600200,VALE,Factor,2026-09-24
2017-09-14,5.3452019691467285,10.739999771118164,10.770000457763672,10.779999732971191,10.539999961853027,41595600,VALE,Factor,2026-09-24
2017-09-15,5.399948596954346,10.850000381469727,10.699999809265137,10.890000343322754,10.670000076293945,25929900,VALE,Factor,2026-09-24
2017-09-18,5.429810047149658,10.90999984741211,10.850000381469727,10.979999542236328,10.819999694824219,22894700,VALE,Factor,2026-09-24
2017-09-19,5.365108966827393,10.779999732971191,10.739999771118164,10.800000190734863,10.569999694824219,30295400,VALE,Factor,2026-09-24
2017-09-20,5.270549297332764,10.59000015258789,10.8100004196167,10.829999923706055,10.390000343322754,36281300,VALE,Factor,2026-09-24
2017-09-21,5.136172771453857,10.319999694824219,10.239999771118164,10.40999984741211,10.199999809265137,42322900,VALE,Factor,2026-09-24
2017-09-22,5.056541442871094,10.15999984741211,10.279999732971191,10.279999732971191,10.119999885559082,28921200,VALE,Factor,2026-09-24
2017-09-25,4.902257442474365,9.850000381469727,10.25,10.25,9.800000190734863,38577300,VALE,Factor,2026-09-24
2017-09-26,4.9271416664123535,9.899999618530273,9.949999809265137,10.050000190734863,9.899999618530273,21794100,VALE,Factor,2026-09-24
2017-09-27,4.971933841705322,9.989999771118164,10.010000228881836,10.050000190734863,9.6899995803833,39237600,VALE,Factor,2026-09-24
2017-09-28,4.947048664093018,9.9399995803833,9.880000114440918,9.960000038146973,9.779999732971191,25772100,VALE,Factor,2026-09-24
2017-09-29,5.011748790740967,10.069999694824219,10.130000114440918,10.140000343322754,9.9399995803833,26671800,VALE,Factor,2026-09-24
2017-10-02,5.006772041320801,10.0600004196167,10.109999656677246,10.170000076293945,10.050000190734863,16415000,VALE,Factor,2026-09-24
2017-10-03,5.131195545196533,10.3100004196167,10.119999885559082,10.3100004196167,10.029999732971191,37115000,VALE,Factor,2026-09-24
2017-10-04,5.161056995391846,10.369999885559082,10.399999618530273,10.539999961853027,10.350000381469727,28213000,VALE,Factor,2026-09-24
2017-10-05,5.071471691131592,10.1899995803833,10.529999732971191,10.539999961853027,10.180000305175781,21930800,VALE,Factor,2026-09-24
2017-10-06,5.041610240936279,10.130000114440918,10.100000381469727,10.149999618530273,10.0,18157400,VALE,Factor,2026-09-24
2017-10-09,4.882349491119385,9.8100004196167,10.0,10.039999961853027,9.760000228881836,21734000,VALE,Factor,2026-09-24
2017-10-10,4.887325286865234,9.819999694824219,9.829999923706055,9.90999984741211,9.739999771118164,29726000,VALE,Factor,2026-09-24
2017-10-11,4.8723955154418945,9.789999961853027,9.75,9.90999984741211,9.720000267028809,28731300,VALE,Factor,2026-09-24
2017-10-12,4.907233715057373,9.859999656677246,9.779999732971191,9.970000267028809,9.720000267028809,21165800,VALE,Factor,2026-09-24
2017-10-13,5.200871467590332,10.449999809265137,10.15999984741211,10.479999542236328,10.15999984741211,59731000,VALE,Factor,2026-09-24
2017-10-16,5.2257561683654785,10.5,10.569999694824219,10.649999618530273,10.319999694824219,41961000,VALE,Factor,2026-09-24
2017-10-17,5.106311798095703,10.260000228881836,10.40999984741211,10.460000038146973,10.220000267028809,24116400,VALE,Factor,2026-09-24
2017-10-18,5.051563739776611,10.149999618530273,10.220000267028809,10.229999542236328,9.949999809265137,23445800,VALE,Factor,2026-09-24
2017-10-19,5.141148567199707,10.329999923706055,10.020000457763672,10.350000381469727,9.970000267028809,23340600,VALE,Factor,2026-09-24
2017-10-20,5.116262912750244,10.279999732971191,10.489999771118164,10.5600004196167,10.279999732971191,37692100,VALE,Factor,2026-09-24
2017-10-23,5.00179386138916,10.050000190734863,10.229999542236328,10.34000015258789,10.050000190734863,19053500,VALE,Factor,2026-09-24
2017-10-24,5.166033744812012,10.380000114440918,10.039999961853027,10.390000343322754,10.029999732971191,28658100,VALE,Factor,2026-09-24
2017-10-25,5.141148567199707,10.329999923706055,10.380000114440918,10.40999984741211,10.119999885559082,22195700,VALE,Factor,2026-09-24
2017-10-26,4.9171881675720215,9.880000114440918,10.300000190734863,10.300000190734863,9.880000114440918,38367800,VALE,Factor,2026-09-24
2017-10-27,4.9818878173828125,10.010000228881836,9.800000190734863,10.0600004196167,9.75,26139800,VALE,Factor,2026-09-24
2017-10-30,4.887325286865234,9.819999694824219,9.859999656677246,10.09000015258789,9.729999542236328,35214300,VALE,Factor,2026-09-24
2017-10-31,4.8723955154418945,9.789999961853027,9.760000228881836,9.949999809265137,9.739999771118164,21006100,VALE,Factor,2026-09-24
2017-11-01,4.9968180656433105,10.039999961853027,10.020000457763672,10.15999984741211,9.960000038146973,30209100,VALE,Factor,2026-09-24
2017-11-02,5.106311798095703,10.260000228881836,10.069999694824219,10.260000228881836,9.970000267028809,24143400,VALE,Factor,2026-09-24
2017-11-03,5.021703720092773,10.09000015258789,10.1899995803833,10.220000267028809,9.949999809265137,31077100,VALE,Factor,2026-09-24
2017-11-06,5.240687370300293,10.529999732971191,10.329999923706055,10.539999961853027,10.319999694824219,30540200,VALE,Factor,2026-09-24
2017-11-07,5.136172771453857,10.319999694824219,10.4399995803833,10.470000267028809,10.229999542236328,25876000,VALE,Factor,2026-09-24
2017-11-08,5.171009540557861,10.390000343322754,10.430000305175781,10.4399995803833,10.25,18140900,VALE,Factor,2026-09-24
2017-11-09,5.041610240936279,10.130000114440918,10.15999984741211,10.229999542236328,10.029999732971191,18712700,VALE,Factor,2026-09-24
2017-11-10,5.011748790740967,10.069999694824219,10.029999732971191,10.109999656677246,9.90999984741211,21940600,VALE,Factor,2026-09-24
2017-11-13,5.026679992675781,10.100000381469727,9.9399995803833,10.1899995803833,9.920000076293945,19119600,VALE,Factor,2026-09-24
2017-11-14,4.862442970275879,9.770000457763672,9.989999771118164,10.050000190734863,9.640000343322754,33641000,VALE,Factor,2026-09-24
2017-11-15,4.907233715057373,9.859999656677246,9.579999923706055,9.869999885559082,9.529999732971191,24127600,VALE,Factor,2026-09-24
2017-11-16,4.96198034286499,9.970000267028809,9.9399995803833,10.0,9.779999732971191,21899100,VALE,Factor,2026-09-24
2017-11-17,5.031656742095947,10.109999656677246,9.930000305175781,10.180000305175781,9.859999656677246,17791100,VALE,Factor,2026-09-24
2017-11-20,5.036633491516113,10.119999885559082,10.199999809265137,10.199999809265137,9.9399995803833,22112600,VALE,Factor,2026-09-24
2017-11-21,5.205848693847656,10.460000038146973,10.279999732971191,10.5,10.25,32473600,VALE,Factor,2026-09-24
2017-11-22,5.360133171081543,10.770000457763672,10.619999885559082,10.84000015258789,10.600000381469727,32878300,VALE,Factor,2026-09-24
2017-11-24,5.464648723602295,10.979999542236328,10.9399995803833,11.130000114440918,10.920000076293945,15035700,VALE,Factor,2026-09-24
2017-11-27,5.429810047149658,10.90999984741211,11.010000228881836,11.020000457763672,10.880000114440918,15164900,VALE,Factor,2026-09-24
2017-11-28,5.638840198516846,11.329999923706055,11.039999961853027,11.420000076293945,11.0,47030200,VALE,Factor,2026-09-24
2017-11-29,5.479579925537109,11.010000228881836,11.239999771118164,11.3100004196167,10.989999771118164,28598100,VALE,Factor,2026-09-24
2017-11-30,5.3252949714660645,10.699999809265137,10.979999542236328,11.010000228881836,10.630000114440918,30420300,VALE,Factor,2026-09-24
2017-12-01,5.42483377456665,10.899999618530273,10.819999694824219,11.039999961853027,10.680000305175781,24423800,VALE,Factor,2026-09-24
2017-12-04,5.63386344909668,11.319999694824219,11.149999618530273,11.40999984741211,11.100000381469727,43755500,VALE,Factor,2026-09-24
2017-12-05,5.5094404220581055,11.069999694824219,11.220000267028809,11.470000267028809,11.069999694824219,31164200,VALE,Factor,2026-09-24
2017-12-06,5.474602222442627,11.0,11.010000228881836,11.09000015258789,10.880000114440918,22513000,VALE,Factor,2026-09-24
2017-12-07,5.3452019691467285,10.739999771118164,10.569999694824219,10.760000228881836,10.550000190734863,20019200,VALE,Factor,2026-09-24
2017-12-08,5.365108966827393,10.779999732971191,10.850000381469727,10.890000343322754,10.699999809265137,22964100,VALE,Factor,2026-09-24
2017-12-11,5.394970417022705,10.84000015258789,10.850000381469727,10.9399995803833,10.800000190734863,18821100,VALE,Factor,2026-09-24
2017-12-12,5.504464149475098,11.0600004196167,10.640000343322754,11.0600004196167,10.640000343322754,29650800,VALE,Factor,2026-09-24
2017-12-13,5.464648723602295,10.979999542236328,10.960000038146973,11.020000457763672,10.869999885559082,25430200,VALE,Factor,2026-09-24
2017-12-14,5.41985559463501,10.890000343322754,10.84000015258789,10.970000267028809,10.829999923706055,21399200,VALE,Factor,2026-09-24
2017-12-15,5.559209823608398,11.170000076293945,11.0600004196167,11.279999732971191,11.029999732971191,30571800,VALE,Factor,2026-09-24
2017-12-18,5.748331069946289,11.550000190734863,11.40999984741211,11.579999923706055,11.380000114440918,23132800,VALE,Factor,2026-09-24
2017-12-19,5.753309726715088,11.5600004196167,11.520000457763672,11.600000381469727,11.449999809265137,17696600,VALE,Factor,2026-09-24
2017-12-20,5.907592296600342,11.869999885559082,11.710000038146973,11.9399995803833,11.6899995803833,27767500,VALE,Factor,2026-09-24
2017-12-21,5.9971771240234375,12.050000190734863,11.9399995803833,12.079999923706055,11.890000343322754,22879200,VALE,Factor,2026-09-24
2017-12-22,5.995668888092041,11.920000076293945,12.0,12.029999732971191,11.869999885559082,11862300,VALE,Factor,2026-09-24
2017-12-26,6.076146602630615,12.079999923706055,11.899999618530273,12.109999656677246,11.819999694824219,16113400,VALE,Factor,2026-09-24
2017-12-27,6.03087854385376,11.989999771118164,12.09000015258789,12.119999885559082,11.979999542236328,12115300,VALE,Factor,2026-09-24
2017-12-28,6.1264472007751465,12.180000305175781,12.130000114440918,12.199999809265137,12.100000381469727,12459600,VALE,Factor,2026-09-24
2017-12-29,6.151596546173096,12.229999542236328,12.109999656677246,12.300000190734863,12.069999694824219,13083500,VALE,Factor,2026-09-24
2018-01-02,6.423213005065918,12.770000457763672,12.550000190734863,12.800000190734863,12.510000228881836,19189400,VALE,Factor,2026-09-24
2018-01-03,6.463451385498047,12.850000381469727,12.800000190734863,12.869999885559082,12.680000305175781,20449600,VALE,Factor,2026-09-24
2018-01-04,6.453392028808594,12.829999923706055,13.029999732971191,13.09000015258789,12.819999694824219,22033100,VALE,Factor,2026-09-24
2018-01-05,6.584169387817383,13.09000015258789,12.800000190734863,13.09000015258789,12.729999542236328,20042800,VALE,Factor,2026-09-24
2018-01-08,6.699857711791992,13.319999694824219,13.260000228881836,13.319999694824219,13.180000305175781,17507000,VALE,Factor,2026-09-24
2018-01-09,6.659618377685547,13.239999771118164,13.399999618530273,13.420000076293945,13.180000305175781,31204900,VALE,Factor,2026-09-24
2018-01-10,6.6143479347229,13.149999618530273,13.100000381469727,13.210000038146973,13.050000190734863,16253500,VALE,Factor,2026-09-24
2018-01-11,6.765247344970703,13.449999809265137,13.210000038146973,13.460000038146973,13.199999809265137,15011400,VALE,Factor,2026-09-24
2018-01-12,6.805487155914307,13.529999732971191,13.510000228881836,13.569999694824219,13.420000076293945,19012500,VALE,Factor,2026-09-24
2018-01-16,6.624408721923828,13.170000076293945,13.279999732971191,13.3100004196167,13.079999923706055,40821800,VALE,Factor,2026-09-24
2018-01-17,6.71494722366333,13.350000381469727,13.220000267028809,13.359999656677246,13.199999809265137,29387800,VALE,Factor,2026-09-24
2018-01-18,6.71494722366333,13.350000381469727,13.420000076293945,13.489999771118164,13.239999771118164,26257100,VALE,Factor,2026-09-24
2018-01-19,6.719976902008057,13.359999656677246,13.399999618530273,13.430000305175781,13.229999542236328,26213200,VALE,Factor,2026-09-24
2018-01-22,6.699857711791992,13.319999694824219,13.279999732971191,13.319999694824219,13.149999618530273,19763900,VALE,Factor,2026-09-24
2018-01-23,6.388002395629883,12.699999809265137,12.789999961853027,12.829999923706055,12.579999923706055,49237000,VALE,Factor,2026-09-24
2018-01-24,6.6294379234313965,13.180000305175781,12.989999771118164,13.3100004196167,12.84000015258789,36168800,VALE,Factor,2026-09-24
2018-01-25,6.513749599456787,12.949999809265137,13.270000457763672,13.279999732971191,12.90999984741211,26615500,VALE,Factor,2026-09-24
2018-01-26,6.594229221343994,13.109999656677246,13.029999732971191,13.1899995803833,12.890000343322754,28822100,VALE,Factor,2026-09-24
2018-01-29,6.564050674438477,13.050000190734863,13.210000038146973,13.239999771118164,12.970000267028809,15009000,VALE,Factor,2026-09-24
2018-01-30,6.533871173858643,12.989999771118164,13.0600004196167,13.109999656677246,12.890000343322754,21874000,VALE,Factor,2026-09-24
2018-01-31,6.584169387817383,13.09000015258789,13.40999984741211,13.420000076293945,12.930000305175781,26612200,VALE,Factor,2026-09-24
2018-02-01,6.6294379234313965,13.180000305175781,13.09000015258789,13.350000381469727,13.079999923706055,25301600,VALE,Factor,2026-09-24
2018-02-02,6.307523250579834,12.539999961853027,12.869999885559082,12.930000305175781,12.529999732971191,32446800,VALE,Factor,2026-09-24
2018-02-05,6.232075214385986,12.390000343322754,12.640000343322754,12.960000038146973,12.149999618530273,35992500,VALE,Factor,2026-09-24
2018-02-06,6.569079875946045,13.0600004196167,12.329999923706055,13.100000381469727,12.279999732971191,37584900,VALE,Factor,2026-09-24
2018-02-07,6.393032073974609,12.710000038146973,13.0,13.140000343322754,12.680000305175781,43237900,VALE,Factor,2026-09-24
2018-02-08,6.216985702514648,12.359999656677246,12.75,12.869999885559082,12.34000015258789,42211000,VALE,Factor,2026-09-24
2018-02-09,6.493630409240723,12.90999984741211,12.739999771118164,12.930000305175781,12.359999656677246,47709800,VALE,Factor,2026-09-24
2018-02-12,6.574108123779297,13.069999694824219,12.989999771118164,13.170000076293945,12.930000305175781,24525500,VALE,Factor,2026-09-24
2018-02-13,6.674708843231201,13.270000457763672,13.010000228881836,13.319999694824219,12.979999542236328,20546800,VALE,Factor,2026-09-24
2018-02-14,7.0418925285339355,14.0,13.100000381469727,14.0,13.079999923706055,43366600,VALE,Factor,2026-09-24
2018-02-15,7.107282638549805,14.130000114440918,14.029999732971191,14.180000305175781,13.920000076293945,28524700,VALE,Factor,2026-09-24
2018-02-16,7.102252006530762,14.119999885559082,14.039999961853027,14.369999885559082,13.949999809265137,25933300,VALE,Factor,2026-09-24
2018-02-20,7.031832218170166,13.979999542236328,14.0600004196167,14.289999961853027,13.829999923706055,24613300,VALE,Factor,2026-09-24
2018-02-21,6.870874881744385,13.65999984741211,14.039999961853027,14.100000381469727,13.640000343322754,31768700,VALE,Factor,2026-09-24
2018-02-22,7.031832218170166,13.979999542236328,13.920000076293945,14.0,13.800000190734863,17293100,VALE,Factor,2026-09-24
2018-02-23,7.142490863800049,14.199999809265137,14.199999809265137,14.220000267028809,14.020000457763672,27465400,VALE,Factor,2026-09-24
2018-02-26,7.368837356567383,14.649999618530273,14.5,14.670000076293945,14.359999656677246,26454300,VALE,Factor,2026-09-24
2018-02-27,7.288360118865967,14.489999771118164,14.569999694824219,14.619999885559082,14.3100004196167,27432500,VALE,Factor,2026-09-24
2018-02-28,6.906084060668945,13.729999542236328,14.380000114440918,14.420000076293945,13.710000038146973,35671100,VALE,Factor,2026-09-24
2018-03-01,6.830636024475098,13.579999923706055,13.850000381469727,13.960000038146973,13.40999984741211,30551400,VALE,Factor,2026-09-24
2018-03-02,6.735066890716553,13.390000343322754,13.319999694824219,13.420000076293945,13.050000190734863,25153100,VALE,Factor,2026-09-24
2018-03-05,6.750156879425049,13.420000076293945,13.180000305175781,13.449999809265137,13.09000015258789,18988200,VALE,Factor,2026-09-24
2018-03-06,6.805487155914307,13.529999732971191,13.829999923706055,13.850000381469727,13.470000267028809,19124500,VALE,Factor,2026-09-24
2018-03-07,6.683913707733154,13.140000343322754,13.140000343322754,13.25,12.960000038146973,22644500,VALE,Factor,2026-09-24
2018-03-08,6.449925899505615,12.680000305175781,12.930000305175781,12.930000305175781,12.600000381469727,23915400,VALE,Factor,2026-09-24
2018-03-09,6.556747913360596,12.890000343322754,12.710000038146973,12.960000038146973,12.710000038146973,19224600,VALE,Factor,2026-09-24
2018-03-12,6.612700462341309,13.0,12.9399995803833,13.029999732971191,12.8100004196167,14537600,VALE,Factor,2026-09-24
2018-03-13,6.56183385848999,12.899999618530273,13.039999961853027,13.140000343322754,12.84000015258789,25006700,VALE,Factor,2026-09-24
2018-03-14,6.633047580718994,13.039999961853027,13.180000305175781,13.270000457763672,12.979999542236328,14643000,VALE,Factor,2026-09-24
2018-03-15,6.536400318145752,12.850000381469727,12.949999809265137,12.960000038146973,12.770000457763672,14517300,VALE,Factor,2026-09-24
2018-03-16,6.510967254638672,12.800000190734863,12.789999961853027,12.920000076293945,12.779999732971191,16524900,VALE,Factor,2026-09-24
2018-03-19,6.343106746673584,12.470000267028809,12.470000267028809,12.529999732971191,12.329999923706055,24253200,VALE,Factor,2026-09-24
2018-03-20,6.383800029754639,12.550000190734863,12.470000267028809,12.680000305175781,12.350000381469727,14800800,VALE,Factor,2026-09-24
2018-03-21,6.6076130867004395,12.989999771118164,12.550000190734863,13.0,12.550000190734863,31293300,VALE,Factor,2026-09-24
2018-03-22,6.399060249328613,12.579999923706055,12.630000114440918,12.789999961853027,12.5600004196167,29232900,VALE,Factor,2026-09-24
2018-03-23,6.363452911376953,12.510000228881836,12.510000228881836,12.760000228881836,12.40999984741211,22766200,VALE,Factor,2026-09-24
2018-03-26,6.455012798309326,12.6899995803833,12.760000228881836,12.779999732971191,12.550000190734863,15387300,VALE,Factor,2026-09-24
2018-03-27,6.221024990081787,12.229999542236328,12.699999809265137,12.699999809265137,12.170000076293945,19889200,VALE,Factor,2026-09-24
2018-03-28,6.332932472229004,12.449999809265137,12.100000381469727,12.489999771118164,11.930000305175781,37067400,VALE,Factor,2026-09-24
2018-03-29,6.470273494720459,12.720000267028809,12.59000015258789,12.890000343322754,12.59000015258789,23227100,VALE,Factor,2026-09-24
2018-04-02,6.566921710968018,12.90999984741211,12.829999923706055,13.069999694824219,12.779999732971191,26529100,VALE,Factor,2026-09-24
2018-04-03,6.50079345703125,12.779999732971191,13.069999694824219,13.109999656677246,12.720000267028809,15174900,VALE,Factor,2026-09-24
2018-04-04,6.434667110443115,12.649999618530273,12.4399995803833,12.720000267028809,12.350000381469727,17570300,VALE,Factor,2026-09-24
2018-04-05,6.587268352508545,12.949999809265137,12.989999771118164,13.119999885559082,12.819999694824219,18417600,VALE,Factor,2026-09-24
2018-04-06,6.43975305557251,12.65999984741211,12.6899995803833,12.84000015258789,12.470000267028809,14968600,VALE,Factor,2026-09-24
2018-04-09,6.358365535736084,12.5,12.609999656677246,12.699999809265137,12.40999984741211,17475600,VALE,Factor,2026-09-24
2018-04-10,6.663565635681152,13.100000381469727,12.850000381469727,13.119999885559082,12.760000228881836,23925000,VALE,Factor,2026-09-24
2018-04-11,6.683913707733154,13.140000343322754,13.100000381469727,13.199999809265137,12.970000267028809,20759600,VALE,Factor,2026-09-24
2018-04-12,6.65339469909668,13.079999923706055,13.149999618530273,13.229999542236328,13.020000457763672,10912000,VALE,Factor,2026-09-24
2018-04-13,6.673740386962891,13.119999885559082,13.1899995803833,13.229999542236328,12.989999771118164,11154500,VALE,Factor,2026-09-24
2018-04-16,6.6025261878967285,12.979999542236328,13.109999656677246,13.119999885559082,12.880000114440918,11267800,VALE,Factor,2026-09-24
2018-04-17,6.836514472961426,13.4399995803833,13.119999885559082,13.479999542236328,13.09000015258789,21523300,VALE,Factor,2026-09-24
2018-04-18,7.126457214355469,14.010000228881836,13.829999923706055,14.180000305175781,13.819999694824219,31348200,VALE,Factor,2026-09-24
2018-04-19,7.18241024017334,14.119999885559082,14.020000457763672,14.15999984741211,13.920000076293945,19540800,VALE,Factor,2026-09-24
2018-04-20,7.121369361877441,14.0,13.949999809265137,14.050000190734863,13.850000381469727,15848500,VALE,Factor,2026-09-24
2018-04-23,6.989115238189697,13.739999771118164,13.739999771118164,13.949999809265137,13.649999618530273,15413700,VALE,Factor,2026-09-24
2018-04-24,7.095935821533203,13.949999809265137,13.829999923706055,14.020000457763672,13.779999732971191,30104000,VALE,Factor,2026-09-24
2018-04-25,6.958596229553223,13.680000305175781,13.649999618530273,13.869999885559082,13.520000457763672,26222700,VALE,Factor,2026-09-24
2018-04-26,7.121369361877441,14.0,13.720000267028809,14.069999694824219,13.59000015258789,21626400,VALE,Factor,2026-09-24
2018-04-27,7.095935821533203,13.949999809265137,14.100000381469727,14.109999656677246,13.770000457763672,20651200,VALE,Factor,2026-09-24
2018-04-30,7.039984226226807,13.84000015258789,13.890000343322754,14.029999732971191,13.829999923706055,13101700,VALE,Factor,2026-09-24
2018-05-01,6.8873820304870605,13.539999961853027,13.90999984741211,13.90999984741211,13.399999618530273,15790200,VALE,Factor,2026-09-24
2018-05-02,6.9840288162231445,13.729999542236328,13.789999961853027,13.920000076293945,13.670000076293945,17546000,VALE,Factor,2026-09-24
2018-05-03,7.065415859222412,13.890000343322754,13.789999961853027,13.979999542236328,13.619999885559082,19727300,VALE,Factor,2026-09-24
2018-05-04,7.162064552307129,14.079999923706055,13.899999618530273,14.170000076293945,13.869999885559082,19284700,VALE,Factor,2026-09-24
2018-05-07,7.045069694519043,13.850000381469727,13.960000038146973,14.029999732971191,13.829999923706055,14285900,VALE,Factor,2026-09-24
2018-05-08,6.989115238189697,13.739999771118164,13.720000267028809,13.920000076293945,13.680000305175781,24389200,VALE,Factor,2026-09-24
2018-05-09,7.085763931274414,13.930000305175781,13.779999732971191,13.989999771118164,13.699999809265137,17699700,VALE,Factor,2026-09-24
2018-05-10,7.345185279846191,14.4399995803833,14.170000076293945,14.479999542236328,14.15999984741211,20393900,VALE,Factor,2026-09-24
2018-05-11,7.431658744812012,14.609999656677246,14.59000015258789,14.949999809265137,14.479999542236328,22860800,VALE,Factor,2026-09-24
2018-05-14,7.6147780418396,14.970000267028809,14.829999923706055,15.0,14.739999771118164,24825200,VALE,Factor,2026-09-24
2018-05-15,7.584258556365967,14.90999984741211,14.579999923706055,14.930000305175781,14.470000267028809,23023500,VALE,Factor,2026-09-24
2018-05-16,7.696165084838867,15.130000114440918,15.109999656677246,15.239999771118164,15.050000190734863,23501500,VALE,Factor,2026-09-24
2018-05-17,7.645298004150391,15.029999732971191,14.960000038146973,15.09000015258789,14.880000114440918,24579200,VALE,Factor,2026-09-24
2018-05-18,7.416398525238037,14.579999923706055,14.710000038146973,14.869999885559082,14.300000190734863,24136200,VALE,Factor,2026-09-24
2018-05-21,7.329924583435059,14.40999984741211,14.8100004196167,14.850000381469727,14.380000114440918,20891700,VALE,Factor,2026-09-24
2018-05-22,7.319751262664795,14.390000343322754,14.289999961853027,14.529999732971191,14.260000228881836,25521700,VALE,Factor,2026-09-24
2018-05-23,7.294317245483398,14.34000015258789,14.15999984741211,14.420000076293945,14.069999694824219,22170200,VALE,Factor,2026-09-24
2018-05-24,7.329924583435059,14.40999984741211,14.529999732971191,14.569999694824219,14.170000076293945,22502400,VALE,Factor,2026-09-24
2018-05-25,7.136630535125732,14.029999732971191,14.210000038146973,14.220000267028809,13.949999809265137,19190100,VALE,Factor,2026-09-24
2018-05-29,6.836514472961426,13.4399995803833,13.729999542236328,14.0,13.399999618530273,31951400,VALE,Factor,2026-09-24
2018-05-30,6.8873820304870605,13.539999961853027,13.430000305175781,13.779999732971191,13.359999656677246,25823000,VALE,Factor,2026-09-24
2018-05-31,6.91790246963501,13.600000381469727,13.6899995803833,13.800000190734863,13.569999694824219,16175800,VALE,Factor,2026-09-24
2018-06-01,7.136630535125732,14.029999732971191,13.789999961853027,14.109999656677246,13.529999732971191,29578900,VALE,Factor,2026-09-24
2018-06-04,7.151892185211182,14.0600004196167,14.170000076293945,14.220000267028809,13.829999923706055,24701400,VALE,Factor,2026-09-24
2018-06-05,7.202757358551025,14.15999984741211,14.130000114440918,14.34000015258789,14.0600004196167,24926300,VALE,Factor,2026-09-24
2018-06-06,7.4367451667785645,14.619999885559082,14.369999885559082,14.729999542236328,14.300000190734863,25289300,VALE,Factor,2026-09-24
2018-06-07,7.039984226226807,13.84000015258789,14.479999542236328,14.479999542236328,13.430000305175781,43383000,VALE,Factor,2026-09-24
2018-06-08,6.994202613830566,13.75,14.029999732971191,14.100000381469727,13.619999885559082,28900400,VALE,Factor,2026-09-24
2018-06-11,6.963681221008301,13.6899995803833,13.869999885559082,14.079999923706055,13.649999618530273,18471100,VALE,Factor,2026-09-24
2018-06-12,7.101021766662598,13.960000038146973,13.819999694824219,14.149999618530273,13.800000190734863,20107500,VALE,Factor,2026-09-24
2018-06-13,7.07559061050415,13.90999984741211,13.979999542236328,14.029999732971191,13.680000305175781,17384300,VALE,Factor,2026-09-24
2018-06-14,6.948423385620117,13.65999984741211,13.899999618530273,13.9399995803833,13.619999885559082,28759100,VALE,Factor,2026-09-24
2018-06-15,6.699174404144287,13.170000076293945,13.510000228881836,13.510000228881836,13.0600004196167,24647600,VALE,Factor,2026-09-24
2018-06-18,6.699174404144287,13.170000076293945,12.90999984741211,13.239999771118164,12.869999885559082,18941500,VALE,Factor,2026-09-24
2018-06-19,6.597440242767334,12.970000267028809,12.600000381469727,13.100000381469727,12.529999732971191,27100300,VALE,Factor,2026-09-24
2018-06-20,6.6076130867004395,12.989999771118164,13.170000076293945,13.1899995803833,12.869999885559082,20477900,VALE,Factor,2026-09-24
2018-06-21,6.399060249328613,12.579999923706055,12.920000076293945,12.960000038146973,12.5600004196167,22502100,VALE,Factor,2026-09-24
2018-06-22,6.516053199768066,12.8100004196167,12.859999656677246,12.899999618530273,12.65999984741211,26227600,VALE,Factor,2026-09-24
2018-06-25,6.378713130950928,12.539999961853027,12.640000343322754,12.720000267028809,12.279999732971191,27013900,VALE,Factor,2026-09-24
2018-06-26,6.495707988739014,12.770000457763672,12.680000305175781,12.819999694824219,12.380000114440918,25369600,VALE,Factor,2026-09-24
2018-06-27,6.338018894195557,12.460000038146973,12.720000267028809,12.90999984741211,12.4399995803833,20472300,VALE,Factor,2026-09-24
2018-06-28,6.50079345703125,12.779999732971191,12.420000076293945,12.890000343322754,12.40999984741211,20094500,VALE,Factor,2026-09-24
2018-06-29,6.521139621734619,12.819999694824219,12.920000076293945,13.020000457763672,12.729999542236328,13056200,VALE,Factor,2026-09-24
2018-07-02,6.353278636932373,12.489999771118164,12.529999732971191,12.640000343322754,12.470000267028809,13949000,VALE,Factor,2026-09-24
2018-07-03,6.383800029754639,12.550000190734863,12.6899995803833,12.729999542236328,12.489999771118164,9950500,VALE,Factor,2026-09-24
2018-07-05,6.449925899505615,12.680000305175781,12.420000076293945,12.75,12.420000076293945,13585100,VALE,Factor,2026-09-24
2018-07-06,6.6279616355896,13.029999732971191,12.600000381469727,13.09000015258789,12.5600004196167,16293500,VALE,Factor,2026-09-24
2018-07-09,6.699174404144287,13.170000076293945,13.199999809265137,13.229999542236328,12.90999984741211,12214400,VALE,Factor,2026-09-24
2018-07-10,6.658480644226074,13.09000015258789,13.170000076293945,13.229999542236328,12.949999809265137,13503100,VALE,Factor,2026-09-24
2018-07-11,6.434667110443115,12.649999618530273,12.760000228881836,12.850000381469727,12.5600004196167,17221100,VALE,Factor,2026-09-24
2018-07-12,6.622874736785889,13.020000457763672,12.819999694824219,13.119999885559082,12.710000038146973,20858000,VALE,Factor,2026-09-24
2018-07-13,6.683913707733154,13.140000343322754,13.170000076293945,13.199999809265137,12.880000114440918,15341400,VALE,Factor,2026-09-24
2018-07-16,6.6076130867004395,12.989999771118164,13.119999885559082,13.149999618530273,12.869999885559082,10407700,VALE,Factor,2026-09-24
2018-07-17,6.7398681640625,13.25,13.039999961853027,13.300000190734863,13.0,15672100,VALE,Factor,2026-09-24
2018-07-18,6.821254730224609,13.40999984741211,13.399999618530273,13.489999771118164,13.220000267028809,14539400,VALE,Factor,2026-09-24
2018-07-19,6.551660537719727,12.880000114440918,13.100000381469727,13.130000114440918,12.75,22365200,VALE,Factor,2026-09-24
2018-07-20,6.57709264755249,12.930000305175781,13.029999732971191,13.15999984741211,12.920000076293945,17615200,VALE,Factor,2026-09-24
2018-07-23,6.699174404144287,13.170000076293945,12.960000038146973,13.279999732971191,12.819999694824219,20975800,VALE,Factor,2026-09-24
2018-07-24,7.004375457763672,13.770000457763672,13.899999618530273,13.949999809265137,13.720000267028809,27399800,VALE,Factor,2026-09-24
2018-07-25,7.121369361877441,14.0,13.770000457763672,14.0,13.699999809265137,23886600,VALE,Factor,2026-09-24
2018-07-26,7.177323341369629,14.109999656677246,14.25,14.300000190734863,14.09000015258789,32548100,VALE,Factor,2026-09-24
2018-07-27,7.345185279846191,14.4399995803833,14.359999656677246,14.5,14.3100004196167,21934000,VALE,Factor,2026-09-24
2018-07-30,7.406224727630615,14.5600004196167,14.569999694824219,14.59000015258789,14.399999618530273,20101100,VALE,Factor,2026-09-24
2018-07-31,7.457091331481934,14.65999984741211,14.609999656677246,14.680000305175781,14.40999984741211,22202500,VALE,Factor,2026-09-24
2018-08-01,7.151892185211182,14.0600004196167,14.3100004196167,14.380000114440918,14.039999961853027,26481700,VALE,Factor,2026-09-24
2018-08-02,7.141716480255127,14.039999961853027,13.699999809265137,14.079999923706055,13.579999923706055,22170000,VALE,Factor,2026-09-24
2018-08-03,7.428600311279297,14.1899995803833,13.720000267028809,14.270000457763672,13.720000267028809,18025700,VALE,Factor,2026-09-24
2018-08-06,7.36577844619751,14.069999694824219,14.09000015258789,14.220000267028809,14.039999961853027,13595100,VALE,Factor,2026-09-24
2018-08-07,7.323897838592529,13.989999771118164,14.359999656677246,14.4399995803833,13.979999542236328,22983700,VALE,Factor,2026-09-24
2018-08-08,7.302957534790039,13.949999809265137,14.140000343322754,14.210000038146973,13.869999885559082,15753500,VALE,Factor,2026-09-24
2018-08-09,7.135433673858643,13.630000114440918,13.960000038146973,13.979999542236328,13.59000015258789,14824500,VALE,Factor,2026-09-24
2018-08-10,7.009791851043701,13.390000343322754,13.300000190734863,13.479999542236328,13.149999618530273,29513800,VALE,Factor,2026-09-24
2018-08-13,6.999321460723877,13.369999885559082,13.34000015258789,13.550000190734863,13.1899995803833,17537200,VALE,Factor,2026-09-24
2018-08-14,7.140670299530029,13.640000343322754,13.449999809265137,13.670000076293945,13.319999694824219,23441900,VALE,Factor,2026-09-24
2018-08-15,6.774211406707764,12.9399995803833,13.260000228881836,13.289999961853027,12.899999618530273,27791100,VALE,Factor,2026-09-24
2018-08-16,6.674746513366699,12.75,13.130000114440918,13.15999984741211,12.720000267028809,28370200,VALE,Factor,2026-09-24
2018-08-17,6.805622577667236,13.0,12.569999694824219,13.0600004196167,12.569999694824219,20983400,VALE,Factor,2026-09-24
2018-08-20,6.821329593658447,13.029999732971191,13.0600004196167,13.130000114440918,12.960000038146973,16115500,VALE,Factor,2026-09-24
2018-08-21,6.721860885620117,12.84000015258789,12.880000114440918,13.069999694824219,12.789999961853027,17378300,VALE,Factor,2026-09-24
2018-08-22,6.86844539642334,13.119999885559082,12.84000015258789,13.149999618530273,12.829999923706055,12359000,VALE,Factor,2026-09-24
2018-08-23,6.768977165222168,12.930000305175781,13.050000190734863,13.079999923706055,12.850000381469727,12802800,VALE,Factor,2026-09-24
2018-08-24,6.920795440673828,13.220000267028809,13.289999961853027,13.300000190734863,13.109999656677246,11953400,VALE,Factor,2026-09-24
2018-08-27,7.114492893218994,13.59000015258789,13.329999923706055,13.649999618530273,13.319999694824219,13883300,VALE,Factor,2026-09-24
2018-08-28,7.0359673500061035,13.4399995803833,13.670000076293945,13.739999771118164,13.34000015258789,18481800,VALE,Factor,2026-09-24
2018-08-29,7.0359673500061035,13.4399995803833,13.5,13.59000015258789,13.399999618530273,13354200,VALE,Factor,2026-09-24
2018-08-30,6.894618988037109,13.170000076293945,13.359999656677246,13.40999984741211,13.039999961853027,28786500,VALE,Factor,2026-09-24
2018-08-31,6.910324573516846,13.199999809265137,13.199999809265137,13.289999961853027,12.989999771118164,13374900,VALE,Factor,2026-09-24
2018-09-04,6.57004451751709,12.550000190734863,12.819999694824219,12.819999694824219,12.520000457763672,13966900,VALE,Factor,2026-09-24
2018-09-05,6.606688976287842,12.619999885559082,12.550000190734863,12.75,12.430000305175781,19611600,VALE,Factor,2026-09-24
2018-09-06,6.800387859344482,12.989999771118164,12.770000457763672,13.050000190734863,12.739999771118164,20815800,VALE,Factor,2026-09-24
2018-09-07,6.810858249664307,13.010000228881836,12.979999542236328,13.149999618530273,12.829999923706055,15269500,VALE,Factor,2026-09-24
2018-09-10,6.789918899536133,12.970000267028809,13.149999618530273,13.1899995803833,12.920000076293945,9036100,VALE,Factor,2026-09-24
2018-09-11,6.643335342407227,12.6899995803833,12.680000305175781,12.760000228881836,12.529999732971191,13374900,VALE,Factor,2026-09-24
2018-09-12,6.7637434005737305,12.920000076293945,12.84000015258789,13.039999961853027,12.640000343322754,18249700,VALE,Factor,2026-09-24
2018-09-13,6.721860885620117,12.84000015258789,13.050000190734863,13.100000381469727,12.789999961853027,14413300,VALE,Factor,2026-09-24
2018-09-14,6.936501502990723,13.25,13.149999618530273,13.300000190734863,13.079999923706055,16418300,VALE,Factor,2026-09-24
2018-09-17,6.9940876960754395,13.359999656677246,13.260000228881836,13.4399995803833,13.25,12857400,VALE,Factor,2026-09-24
2018-09-18,7.229666233062744,13.8100004196167,13.5600004196167,13.960000038146973,13.550000190734863,19838100,VALE,Factor,2026-09-24
2018-09-19,7.444304943084717,14.220000267028809,14.069999694824219,14.399999618530273,14.050000190734863,21790900,VALE,Factor,2026-09-24
2018-09-20,7.6013569831848145,14.520000457763672,14.489999771118164,14.5600004196167,14.289999961853027,18801600,VALE,Factor,2026-09-24
2018-09-21,7.8840532302856445,15.0600004196167,14.649999618530273,15.100000381469727,14.630000114440918,27725600,VALE,Factor,2026-09-24
2018-09-24,7.742705345153809,14.789999961853027,14.970000267028809,15.1899995803833,14.75,17073500,VALE,Factor,2026-09-24
2018-09-25,7.983519077301025,15.25,14.680000305175781,15.260000228881836,14.680000305175781,23175100,VALE,Factor,2026-09-24
2018-09-26,7.847406387329102,14.989999771118164,15.260000228881836,15.289999961853027,14.819999694824219,30406400,VALE,Factor,2026-09-24
2018-09-27,7.768880367279053,14.84000015258789,15.0,15.020000457763672,14.699999809265137,16933400,VALE,Factor,2026-09-24
2018-09-28,7.768880367279053,14.84000015258789,14.770000457763672,15.130000114440918,14.760000228881836,17512700,VALE,Factor,2026-09-24
2018-10-01,7.868348121643066,15.029999732971191,14.8100004196167,15.130000114440918,14.699999809265137,13293900,VALE,Factor,2026-09-24
2018-10-02,8.177218437194824,15.619999885559082,15.350000381469727,15.800000190734863,15.289999961853027,34345800,VALE,Factor,2026-09-24
2018-10-03,8.088221549987793,15.449999809265137,15.779999732971191,16.1299991607666,15.289999961853027,40515600,VALE,Factor,2026-09-24
2018-10-04,7.904994010925293,15.100000381469727,15.5,15.520000457763672,14.979999542236328,21482400,VALE,Factor,2026-09-24
2018-10-05,7.857875823974609,15.010000228881836,14.869999885559082,15.079999923706055,14.8100004196167,23207600,VALE,Factor,2026-09-24
2018-10-08,7.96258020401001,15.210000038146973,15.039999961853027,15.359999656677246,14.90999984741211,28973100,VALE,Factor,2026-09-24
2018-10-09,8.135336875915527,15.539999961853027,15.34000015258789,15.640000343322754,15.140000343322754,21207800,VALE,Factor,2026-09-24
2018-10-10,7.774116516113281,14.850000381469727,15.470000267028809,15.529999732971191,14.850000381469727,23336400,VALE,Factor,2026-09-24
2018-10-11,7.826465606689453,14.949999809265137,15.0,15.289999961853027,14.84000015258789,20463600,VALE,Factor,2026-09-24
2018-10-12,7.988755226135254,15.260000228881836,15.300000190734863,15.489999771118164,15.050000190734863,17613800,VALE,Factor,2026-09-24
2018-10-15,8.09345531463623,15.460000038146973,15.399999618530273,15.6899995803833,15.15999984741211,20372000,VALE,Factor,2026-09-24
2018-10-16,8.103927612304688,15.479999542236328,15.880000114440918,15.899999618530273,15.34000015258789,22208200,VALE,Factor,2026-09-24
2018-10-17,8.339507102966309,15.930000305175781,15.760000228881836,16.020000457763672,15.5,27537200,VALE,Factor,2026-09-24
2018-10-18,7.931167125701904,15.149999618530273,15.850000381469727,15.850000381469727,15.079999923706055,28358600,VALE,Factor,2026-09-24
2018-10-19,7.988755226135254,15.260000228881836,15.329999923706055,15.550000190734863,15.130000114440918,18725900,VALE,Factor,2026-09-24
2018-10-22,8.255744934082031,15.770000457763672,15.59000015258789,15.789999961853027,15.449999809265137,22923100,VALE,Factor,2026-09-24
2018-10-23,7.973049640655518,15.229999542236328,15.359999656677246,15.399999618530273,14.979999542236328,29588600,VALE,Factor,2026-09-24
2018-10-24,7.590886116027832,14.5,15.550000190734863,15.569999694824219,14.449999809265137,29566000,VALE,Factor,2026-09-24
2018-10-25,7.706060409545898,14.720000267028809,14.9399995803833,14.970000267028809,14.380000114440918,29501000,VALE,Factor,2026-09-24
2018-10-26,7.889286994934082,15.069999694824219,14.5,15.210000038146973,14.479999542236328,39050000,VALE,Factor,2026-09-24
2018-10-29,7.470479965209961,14.270000457763672,15.350000381469727,15.40999984741211,14.100000381469727,39303700,VALE,Factor,2026-09-24
2018-10-30,7.638004779815674,14.59000015258789,14.329999923706055,14.6899995803833,14.229999542236328,28975400,VALE,Factor,2026-09-24
2018-10-31,7.904994010925293,15.100000381469727,14.760000228881836,15.180000305175781,14.729999542236328,26204500,VALE,Factor,2026-09-24
2018-11-01,8.124866485595703,15.520000457763672,15.260000228881836,15.729999542236328,14.930000305175781,20387800,VALE,Factor,2026-09-24
2018-11-02,8.088221549987793,15.449999809265137,15.630000114440918,15.920000076293945,15.210000038146973,19612200,VALE,Factor,2026-09-24
2018-11-05,8.06204605102539,15.399999618530273,15.510000228881836,15.630000114440918,15.289999961853027,13491500,VALE,Factor,2026-09-24
2018-11-06,8.004459381103516,15.289999961853027,15.34000015258789,15.4399995803833,15.119999885559082,12682800,VALE,Factor,2026-09-24
2018-11-07,8.02016544342041,15.319999694824219,15.350000381469727,15.420000076293945,15.149999618530273,11247900,VALE,Factor,2026-09-24
2018-11-08,7.941640377044678,15.170000076293945,15.449999809265137,15.630000114440918,15.079999923706055,13839200,VALE,Factor,2026-09-24
2018-11-09,7.6432390213012695,14.600000381469727,15.029999732971191,15.039999961853027,14.380000114440918,35420800,VALE,Factor,2026-09-24
2018-11-12,7.569947242736816,14.460000038146973,14.680000305175781,14.699999809265137,14.40999984741211,18640000,VALE,Factor,2026-09-24
2018-11-13,7.6432390213012695,14.600000381469727,14.350000381469727,14.739999771118164,14.210000038146973,23855200,VALE,Factor,2026-09-24
2018-11-14,7.606592655181885,14.529999732971191,14.569999694824219,14.739999771118164,14.229999542236328,23243900,VALE,Factor,2026-09-24
2018-11-15,7.815997123718262,14.930000305175781,14.520000457763672,14.989999771118164,14.510000228881836,14805300,VALE,Factor,2026-09-24
2018-11-16,7.836936950683594,14.970000267028809,14.819999694824219,15.039999961853027,14.6899995803833,16468700,VALE,Factor,2026-09-24
2018-11-19,7.706060409545898,14.720000267028809,14.800000190734863,14.819999694824219,14.510000228881836,14460000,VALE,Factor,2026-09-24
2018-11-20,7.36577844619751,14.069999694824219,14.420000076293945,14.420000076293945,13.789999961853027,19791100,VALE,Factor,2026-09-24
2018-11-21,7.512362003326416,14.350000381469727,14.210000038146973,14.369999885559082,14.130000114440918,25058900,VALE,Factor,2026-09-24
2018-11-23,6.941736698150635,13.260000228881836,13.65999984741211,13.670000076293945,13.130000114440918,30503900,VALE,Factor,2026-09-24
2018-11-26,6.674746513366699,12.75,12.75,13.149999618530273,12.649999618530273,31244500,VALE,Factor,2026-09-24
2018-11-27,6.7480387687683105,12.890000343322754,12.670000076293945,12.9399995803833,12.550000190734863,26799000,VALE,Factor,2026-09-24
2018-11-28,7.077849388122559,13.520000457763672,13.170000076293945,13.569999694824219,12.930000305175781,24391600,VALE,Factor,2026-09-24
2018-11-29,7.05167293548584,13.470000267028809,13.539999961853027,13.59000015258789,13.229999542236328,28832100,VALE,Factor,2026-09-24
2018-11-30,7.172079086303711,13.699999809265137,13.489999771118164,13.869999885559082,13.390000343322754,23454000,VALE,Factor,2026-09-24
2018-12-03,7.37101411819458,14.079999923706055,14.220000267028809,14.279999732971191,13.9399995803833,21391800,VALE,Factor,2026-09-24
2018-12-04,7.119729995727539,13.600000381469727,14.029999732971191,14.180000305175781,13.550000190734863,26542200,VALE,Factor,2026-09-24
2018-12-06,7.08308219909668,13.529999732971191,13.039999961853027,13.5600004196167,12.949999809265137,35775200,VALE,Factor,2026-09-24
2018-12-07,6.878915309906006,13.140000343322754,13.5600004196167,13.729999542236328,13.0600004196167,24976200,VALE,Factor,2026-09-24
2018-12-10,6.732332229614258,12.859999656677246,12.930000305175781,13.039999961853027,12.710000038146973,22182100,VALE,Factor,2026-09-24
2018-12-11,6.810858249664307,13.010000228881836,13.180000305175781,13.220000267028809,12.779999732971191,27275400,VALE,Factor,2026-09-24
2018-12-12,6.816094875335693,13.020000457763672,13.229999542236328,13.289999961853027,12.989999771118164,18085400,VALE,Factor,2026-09-24
2018-12-13,6.826563835144043,13.039999961853027,13.130000114440918,13.15999984741211,12.90999984741211,17212000,VALE,Factor,2026-09-24
2018-12-14,6.784682750701904,12.960000038146973,12.770000457763672,13.119999885559082,12.75,23547100,VALE,Factor,2026-09-24
2018-12-17,6.821329593658447,13.029999732971191,13.119999885559082,13.40999984741211,12.949999809265137,22045600,VALE,Factor,2026-09-24
2018-12-18,6.905088424682617,13.1899995803833,13.1899995803833,13.359999656677246,13.079999923706055,20005800,VALE,Factor,2026-09-24
2018-12-19,6.6642746925354,12.729999542236328,13.369999885559082,13.5,12.619999885559082,32017500,VALE,Factor,2026-09-24
2018-12-20,6.774211406707764,12.9399995803833,13.130000114440918,13.25,12.770000457763672,29154500,VALE,Factor,2026-09-24
2018-12-21,6.753271579742432,12.899999618530273,13.09000015258789,13.229999542236328,12.829999923706055,21755100,VALE,Factor,2026-09-24
2018-12-24,6.596218585968018,12.600000381469727,12.819999694824219,13.029999732971191,12.59000015258789,11224100,VALE,Factor,2026-09-24
2018-12-26,6.842267990112305,13.069999694824219,12.680000305175781,13.069999694824219,12.550000190734863,16587500,VALE,Factor,2026-09-24
2018-12-27,6.800387859344482,12.989999771118164,12.699999809265137,12.989999771118164,12.649999618530273,18651400,VALE,Factor,2026-09-24
2018-12-28,6.816094875335693,13.020000457763672,13.050000190734863,13.15999984741211,12.920000076293945,13777600,VALE,Factor,2026-09-24
2018-12-31,6.905088424682617,13.1899995803833,13.170000076293945,13.260000228881836,13.050000190734863,9599600,VALE,Factor,2026-09-24
2019-01-02,7.05167293548584,13.470000267028809,12.9399995803833,13.479999542236328,12.920000076293945,22120700,VALE,Factor,2026-09-24
2019-01-03,6.7166266441345215,12.829999923706055,13.359999656677246,13.380000114440918,12.819999694824219,27666700,VALE,Factor,2026-09-24
2019-01-04,7.339602470397949,14.020000457763672,13.350000381469727,14.09000015258789,13.34000015258789,42880100,VALE,Factor,2026-09-24
2019-01-07,7.24013614654541,13.829999923706055,14.229999542236328,14.279999732971191,13.800000190734863,26186100,VALE,Factor,2026-09-24
2019-01-08,7.360544204711914,14.0600004196167,13.9399995803833,14.149999618530273,13.850000381469727,20270400,VALE,Factor,2026-09-24
2019-01-09,7.596121788024902,14.510000228881836,14.510000228881836,14.65999984741211,14.430000305175781,30852000,VALE,Factor,2026-09-24
2019-01-10,7.538534641265869,14.399999618530273,14.25,14.399999618530273,14.130000114440918,18677100,VALE,Factor,2026-09-24
2019-01-11,7.386720657348633,14.109999656677246,14.220000267028809,14.25,14.0600004196167,17448300,VALE,Factor,2026-09-24
2019-01-14,7.397188663482666,14.130000114440918,13.90999984741211,14.220000267028809,13.899999618530273,14188100,VALE,Factor,2026-09-24
2019-01-15,7.360544204711914,14.0600004196167,14.260000228881836,14.260000228881836,13.90999984741211,19092900,VALE,Factor,2026-09-24
2019-01-16,7.386720657348633,14.109999656677246,14.09000015258789,14.15999984741211,14.039999961853027,16980600,VALE,Factor,2026-09-24
2019-01-17,7.575182914733887,14.470000267028809,14.029999732971191,14.630000114440918,14.020000457763672,29542100,VALE,Factor,2026-09-24
2019-01-18,7.648474216461182,14.609999656677246,14.699999809265137,14.710000038146973,14.460000038146973,24177000,VALE,Factor,2026-09-24
2019-01-22,7.5647125244140625,14.449999809265137,14.5,14.550000190734863,14.319999694824219,28366800,VALE,Factor,2026-09-24
2019-01-23,7.721765041351318,14.75,14.609999656677246,14.789999961853027,14.539999961853027,19896800,VALE,Factor,2026-09-24
2019-01-24,7.7793498039245605,14.859999656677246,14.710000038146973,14.960000038146973,14.699999809265137,24996900,VALE,Factor,2026-09-24
2019-01-25,7.151139736175537,13.65999984741211,15.180000305175781,15.449999809265137,12.850000381469727,157468400,VALE,Factor,2026-09-24
2019-01-28,5.86330509185791,11.199999809265137,11.6899995803833,11.8100004196167,11.079999923706055,150204000,VALE,Factor,2026-09-24
2019-01-29,6.009888172149658,11.479999542236328,11.75,11.770000457763672,11.430000305175781,84280700,VALE,Factor,2026-09-24
2019-01-30,6.590983867645264,12.59000015258789,12.460000038146973,12.699999809265137,12.34000015258789,96986200,VALE,Factor,2026-09-24
2019-01-31,6.512457370758057,12.4399995803833,12.640000343322754,12.720000267028809,12.329999923706055,44701900,VALE,Factor,2026-09-24
2019-02-01,6.580513954162598,12.569999694824219,12.470000267028809,12.649999618530273,12.40999984741211,27898100,VALE,Factor,2026-09-24
2019-02-04,6.360640525817871,12.149999618530273,12.130000114440918,12.210000038146973,11.789999961853027,59850100,VALE,Factor,2026-09-24
2019-02-05,6.33969783782959,12.109999656677246,12.119999885559082,12.180000305175781,11.9399995803833,29661500,VALE,Factor,2026-09-24
2019-02-06,5.947066307067871,11.359999656677246,11.850000381469727,11.970000267028809,11.1899995803833,67720800,VALE,Factor,2026-09-24
2019-02-07,5.847600936889648,11.170000076293945,11.270000457763672,11.390000343322754,11.029999732971191,54779700,VALE,Factor,2026-09-24
2019-02-08,5.962773323059082,11.390000343322754,10.979999542236328,11.630000114440918,10.890000343322754,66887500,VALE,Factor,2026-09-24
2019-02-11,5.873775959014893,11.220000267028809,11.460000038146973,11.470000267028809,11.079999923706055,39647300,VALE,Factor,2026-09-24
2019-02-12,6.203588485717773,11.850000381469727,11.3100004196167,11.90999984741211,11.270000457763672,49077800,VALE,Factor,2026-09-24
2019-02-13,6.282113552093506,12.0,12.149999618530273,12.270000457763672,11.970000267028809,32913500,VALE,Factor,2026-09-24
2019-02-14,6.355406284332275,12.140000343322754,11.970000267028809,12.229999542236328,11.9399995803833,26821700,VALE,Factor,2026-09-24
2019-02-15,6.45487117767334,12.329999923706055,12.289999961853027,12.369999885559082,12.15999984741211,29025100,VALE,Factor,2026-09-24
2019-02-19,6.381579875946045,12.1899995803833,12.15999984741211,12.319999694824219,12.140000343322754,27907500,VALE,Factor,2026-09-24
2019-02-20,6.402520179748535,12.229999542236328,12.079999923706055,12.380000114440918,12.069999694824219,23507300,VALE,Factor,2026-09-24
2019-02-21,6.297817707061768,12.029999732971191,12.039999961853027,12.130000114440918,11.960000038146973,35357900,VALE,Factor,2026-09-24
2019-02-22,6.5438690185546875,12.5,12.170000076293945,12.510000228881836,12.170000076293945,20253300,VALE,Factor,2026-09-24
2019-02-25,6.57004451751709,12.550000190734863,12.569999694824219,12.600000381469727,12.369999885559082,23818300,VALE,Factor,2026-09-24
2019-02-26,6.55433988571167,12.520000457763672,12.449999809265137,12.569999694824219,12.380000114440918,13670700,VALE,Factor,2026-09-24
2019-02-27,6.538633823394775,12.489999771118164,12.5,12.579999923706055,12.380000114440918,24632300,VALE,Factor,2026-09-24
2019-02-28,6.533398628234863,12.479999542236328,12.40999984741211,12.520000457763672,12.270000457763672,23508400,VALE,Factor,2026-09-24
2019-03-01,6.486280918121338,12.390000343322754,12.039999961853027,12.40999984741211,12.029999732971191,37611000,VALE,Factor,2026-09-24
2019-03-04,6.501987457275391,12.420000076293945,12.029999732971191,12.479999542236328,11.920000076293945,32129700,VALE,Factor,2026-09-24
2019-03-05,6.627629280090332,12.65999984741211,12.350000381469727,12.90999984741211,12.350000381469727,25783800,VALE,Factor,2026-09-24
2019-03-06,6.538633823394775,12.489999771118164,12.789999961853027,12.789999961853027,12.34000015258789,35608700,VALE,Factor,2026-09-24
2019-03-07,6.596218585968018,12.600000381469727,12.600000381469727,12.630000114440918,12.4399995803833,30780900,VALE,Factor,2026-09-24
2019-03-08,6.590983867645264,12.59000015258789,12.399999618530273,12.609999656677246,12.260000228881836,21803600,VALE,Factor,2026-09-24
2019-03-11,6.800387859344482,12.989999771118164,12.760000228881836,12.989999771118164,12.739999771118164,24991800,VALE,Factor,2026-09-24
2019-03-12,6.831799030303955,13.050000190734863,12.979999542236328,13.210000038146973,12.970000267028809,32748700,VALE,Factor,2026-09-24
2019-03-13,6.952205657958984,13.279999732971191,13.029999732971191,13.380000114440918,13.010000228881836,27274300,VALE,Factor,2026-09-24
2019-03-14,6.884148597717285,13.149999618530273,13.109999656677246,13.199999809265137,13.050000190734863,19052800,VALE,Factor,2026-09-24
2019-03-15,6.910324573516846,13.199999809265137,13.1899995803833,13.399999618530273,13.15999984741211,34941700,VALE,Factor,2026-09-24
2019-03-18,6.952205657958984,13.279999732971191,13.119999885559082,13.319999694824219,13.010000228881836,35198100,VALE,Factor,2026-09-24
2019-03-19,7.172079086303711,13.699999809265137,13.420000076293945,13.979999542236328,13.369999885559082,42430900,VALE,Factor,2026-09-24
2019-03-20,7.062140941619873,13.489999771118164,13.5600004196167,13.649999618530273,13.359999656677246,29029200,VALE,Factor,2026-09-24
2019-03-21,7.046437740325928,13.460000038146973,13.550000190734863,13.619999885559082,13.229999542236328,27701400,VALE,Factor,2026-09-24
2019-03-22,6.711391448974609,12.819999694824219,13.199999809265137,13.260000228881836,12.760000228881836,35756100,VALE,Factor,2026-09-24
2019-03-25,6.732332229614258,12.859999656677246,12.819999694824219,13.020000457763672,12.649999618530273,27058600,VALE,Factor,2026-09-24
2019-03-26,6.816094875335693,13.020000457763672,13.010000228881836,13.15999984741211,12.930000305175781,16290700,VALE,Factor,2026-09-24
2019-03-27,6.632864475250244,12.670000076293945,12.819999694824219,12.970000267028809,12.479999542236328,25543500,VALE,Factor,2026-09-24
2019-03-28,6.611924171447754,12.630000114440918,12.699999809265137,12.779999732971191,12.319999694824219,19876000,VALE,Factor,2026-09-24
2019-03-29,6.837034225463867,13.0600004196167,12.890000343322754,13.270000457763672,12.890000343322754,23143400,VALE,Factor,2026-09-24
2019-04-01,7.10925817489624,13.579999923706055,13.59000015258789,13.699999809265137,13.539999961853027,24432900,VALE,Factor,2026-09-24
2019-04-02,7.05167293548584,13.470000267028809,13.739999771118164,13.779999732971191,13.369999885559082,16440100,VALE,Factor,2026-09-24
2019-04-03,6.983615398406982,13.34000015258789,13.699999809265137,13.720000267028809,13.319999694824219,24721400,VALE,Factor,2026-09-24
2019-04-04,7.05167293548584,13.470000267028809,13.34000015258789,13.609999656677246,13.289999961853027,20157700,VALE,Factor,2026-09-24
2019-04-05,7.009791851043701,13.390000343322754,13.460000038146973,13.5,13.34000015258789,12149700,VALE,Factor,2026-09-24
2019-04-08,7.234900951385498,13.819999694824219,13.569999694824219,13.850000381469727,13.550000190734863,16859600,VALE,Factor,2026-09-24
2019-04-09,7.104023456573486,13.569999694824219,13.739999771118164,13.75,13.539999961853027,15594100,VALE,Factor,2026-09-24
2019-04-10,7.098789215087891,13.5600004196167,13.600000381469727,13.739999771118164,13.40999984741211,31453000,VALE,Factor,2026-09-24
2019-04-11,7.015026569366455,13.399999618530273,13.40999984741211,13.430000305175781,13.1899995803833,20926500,VALE,Factor,2026-09-24
2019-04-12,6.9312663078308105,13.239999771118164,13.479999542236328,13.600000381469727,13.170000076293945,15113000,VALE,Factor,2026-09-24
2019-04-15,6.952205657958984,13.279999732971191,13.300000190734863,13.329999923706055,13.0600004196167,15595700,VALE,Factor,2026-09-24
2019-04-16,7.104023456573486,13.569999694824219,13.100000381469727,13.619999885559082,13.100000381469727,24468100,VALE,Factor,2026-09-24
2019-04-17,6.946971893310547,13.270000457763672,13.680000305175781,13.770000457763672,13.130000114440918,22478200,VALE,Factor,2026-09-24
2019-04-18,6.973147392272949,13.319999694824219,13.34000015258789,13.460000038146973,13.180000305175781,10311500,VALE,Factor,2026-09-24
2019-04-22,6.837034225463867,13.0600004196167,13.180000305175781,13.210000038146973,12.930000305175781,14459600,VALE,Factor,2026-09-24
2019-04-23,6.894618988037109,13.170000076293945,13.050000190734863,13.180000305175781,12.930000305175781,18815300,VALE,Factor,2026-09-24
2019-04-24,6.5752787590026855,12.5600004196167,13.020000457763672,13.020000457763672,12.539999961853027,26146400,VALE,Factor,2026-09-24
2019-04-25,6.638101100921631,12.680000305175781,12.529999732971191,12.699999809265137,12.350000381469727,14451200,VALE,Factor,2026-09-24
2019-04-26,6.711391448974609,12.819999694824219,12.600000381469727,12.819999694824219,12.579999923706055,12317000,VALE,Factor,2026-09-24
2019-04-29,6.6904497146606445,12.779999732971191,12.850000381469727,12.880000114440918,12.6899995803833,11890100,VALE,Factor,2026-09-24
2019-04-30,6.6904497146606445,12.779999732971191,12.760000228881836,12.859999656677246,12.600000381469727,14233100,VALE,Factor,2026-09-24
2019-05-01,6.481048583984375,12.380000114440918,12.829999923706055,12.84000015258789,12.350000381469727,17633000,VALE,Factor,2026-09-24
2019-05-02,6.470577716827393,12.359999656677246,12.380000114440918,12.399999618530273,12.260000228881836,15322300,VALE,Factor,2026-09-24
2019-05-03,6.695685863494873,12.789999961853027,12.579999923706055,12.850000381469727,12.5600004196167,17316500,VALE,Factor,2026-09-24
2019-05-06,6.55433988571167,12.520000457763672,12.350000381469727,12.569999694824219,12.350000381469727,16791200,VALE,Factor,2026-09-24
2019-05-07,6.538633823394775,12.489999771118164,12.300000190734863,12.5,12.170000076293945,18788900,VALE,Factor,2026-09-24
2019-05-08,6.5072221755981445,12.430000305175781,12.680000305175781,12.710000038146973,12.390000343322754,19688000,VALE,Factor,2026-09-24
2019-05-09,6.412991046905518,12.25,12.229999542236328,12.319999694824219,12.029999732971191,22556300,VALE,Factor,2026-09-24
2019-05-10,6.528165817260742,12.470000267028809,12.319999694824219,12.600000381469727,12.100000381469727,24177600,VALE,Factor,2026-09-24
2019-05-13,6.27164363861084,11.979999542236328,12.149999618530273,12.210000038146973,11.920000076293945,25256100,VALE,Factor,2026-09-24
2019-05-14,6.303053379058838,12.039999961853027,12.069999694824219,12.079999923706055,11.90999984741211,20354200,VALE,Factor,2026-09-24
2019-05-15,6.282113552093506,12.0,11.779999732971191,12.119999885559082,11.75,13452800,VALE,Factor,2026-09-24
2019-05-16,6.025595188140869,11.510000228881836,12.119999885559082,12.180000305175781,11.380000114440918,50807400,VALE,Factor,2026-09-24
2019-05-17,6.067474365234375,11.59000015258789,11.380000114440918,11.640000343322754,11.359999656677246,32287800,VALE,Factor,2026-09-24
2019-05-20,5.973243236541748,11.40999984741211,11.539999961853027,11.569999694824219,11.390000343322754,20770500,VALE,Factor,2026-09-24
2019-05-21,6.130295753479004,11.710000038146973,11.289999961853027,11.84000015258789,11.229999542236328,26257600,VALE,Factor,2026-09-24
2019-05-22,6.1512370109558105,11.75,12.100000381469727,12.130000114440918,11.720000267028809,18091000,VALE,Factor,2026-09-24
2019-05-23,6.172176361083984,11.789999961853027,11.59000015258789,11.869999885559082,11.430000305175781,14156700,VALE,Factor,2026-09-24
2019-05-24,6.2925848960876465,12.020000457763672,12.119999885559082,12.199999809265137,12.020000457763672,28916700,VALE,Factor,2026-09-24
2019-05-28,6.491518020629883,12.399999618530273,12.430000305175781,12.630000114440918,12.359999656677246,28428000,VALE,Factor,2026-09-24
2019-05-29,6.522928714752197,12.460000038146973,12.319999694824219,12.479999542236328,12.25,20874900,VALE,Factor,2026-09-24
2019-05-30,6.559574127197266,12.529999732971191,12.460000038146973,12.600000381469727,12.420000076293945,14263900,VALE,Factor,2026-09-24
2019-05-31,6.528165817260742,12.470000267028809,12.369999885559082,12.960000038146973,12.34000015258789,28326100,VALE,Factor,2026-09-24
2019-06-03,6.533398628234863,12.479999542236328,12.550000190734863,12.609999656677246,12.369999885559082,19101800,VALE,Factor,2026-09-24
2019-06-04,6.617160320281982,12.640000343322754,12.619999885559082,12.65999984741211,12.4399995803833,21207000,VALE,Factor,2026-09-24
2019-06-05,6.496753215789795,12.40999984741211,12.630000114440918,12.65999984741211,12.279999732971191,14184800,VALE,Factor,2026-09-24
2019-06-06,6.559574127197266,12.529999732971191,12.510000228881836,12.59000015258789,12.399999618530273,13842100,VALE,Factor,2026-09-24
2019-06-07,6.559574127197266,12.529999732971191,12.479999542236328,12.65999984741211,12.4399995803833,16036300,VALE,Factor,2026-09-24
2019-06-10,6.501987457275391,12.420000076293945,12.579999923706055,12.630000114440918,12.399999618530273,21973200,VALE,Factor,2026-09-24
2019-06-11,6.941736698150635,13.260000228881836,12.90999984741211,13.3100004196167,12.869999885559082,44946800,VALE,Factor,2026-09-24
2019-06-12,6.926031112670898,13.229999542236328,13.359999656677246,13.4399995803833,13.149999618530273,22120500,VALE,Factor,2026-09-24
2019-06-13,7.030731678009033,13.430000305175781,13.489999771118164,13.569999694824219,13.34000015258789,19151600,VALE,Factor,2026-09-24
2019-06-14,6.86844539642334,13.119999885559082,13.3100004196167,13.329999923706055,13.050000190734863,17962200,VALE,Factor,2026-09-24
2019-06-17,6.7375664710998535,12.869999885559082,13.119999885559082,13.140000343322754,12.829999923706055,13722900,VALE,Factor,2026-09-24
2019-06-18,7.046437740325928,13.460000038146973,13.239999771118164,13.539999961853027,13.170000076293945,21125500,VALE,Factor,2026-09-24
2019-06-19,7.088318347930908,13.539999961853027,13.539999961853027,13.600000381469727,13.329999923706055,27063500,VALE,Factor,2026-09-24
2019-06-20,7.177315711975098,13.710000038146973,13.819999694824219,14.0,13.649999618530273,14594600,VALE,Factor,2026-09-24
2019-06-21,7.08308219909668,13.529999732971191,13.619999885559082,13.760000228881836,13.529999732971191,19521300,VALE,Factor,2026-09-24
2019-06-24,7.140670299530029,13.640000343322754,13.59000015258789,13.6899995803833,13.539999961853027,10638600,VALE,Factor,2026-09-24
2019-06-25,6.978382110595703,13.329999923706055,13.579999923706055,13.649999618530273,13.279999732971191,15995700,VALE,Factor,2026-09-24
2019-06-26,7.0359673500061035,13.4399995803833,13.449999809265137,13.510000228881836,13.300000190734863,11992000,VALE,Factor,2026-09-24
2019-06-27,7.030731678009033,13.430000305175781,13.430000305175781,13.520000457763672,13.279999732971191,12291500,VALE,Factor,2026-09-24
2019-06-28,7.0359673500061035,13.4399995803833,13.569999694824219,13.579999923706055,13.40999984741211,13853000,VALE,Factor,2026-09-24
2019-07-01,7.292487621307373,13.930000305175781,13.960000038146973,14.020000457763672,13.869999885559082,25215500,VALE,Factor,2026-09-24
2019-07-02,6.957440376281738,13.289999961853027,13.8100004196167,13.880000114440918,13.020000457763672,38848700,VALE,Factor,2026-09-24
2019-07-03,6.999321460723877,13.369999885559082,13.300000190734863,13.479999542236328,13.229999542236328,16019700,VALE,Factor,2026-09-24
2019-07-05,6.86844539642334,13.119999885559082,13.09000015258789,13.130000114440918,12.920000076293945,28408000,VALE,Factor,2026-09-24
2019-07-08,6.962677001953125,13.300000190734863,13.270000457763672,13.520000457763672,13.210000038146973,18994600,VALE,Factor,2026-09-24
2019-07-09,6.9940876960754395,13.359999656677246,13.029999732971191,13.470000267028809,13.029999732971191,14378700,VALE,Factor,2026-09-24
2019-07-10,7.229666233062744,13.8100004196167,13.640000343322754,13.930000305175781,13.609999656677246,30888800,VALE,Factor,2026-09-24
2019-07-11,7.2453718185424805,13.84000015258789,13.850000381469727,13.970000267028809,13.710000038146973,19754800,VALE,Factor,2026-09-24
2019-07-12,7.224431037902832,13.800000190734863,13.989999771118164,14.0,13.779999732971191,15585100,VALE,Factor,2026-09-24
2019-07-15,7.329132556915283,14.0,13.989999771118164,14.09000015258789,13.920000076293945,15898500,VALE,Factor,2026-09-24
2019-07-16,7.3448381423950195,14.029999732971191,14.039999961853027,14.180000305175781,14.010000228881836,14536800,VALE,Factor,2026-09-24
2019-07-17,7.302957534790039,13.949999809265137,14.029999732971191,14.029999732971191,13.890000343322754,13012100,VALE,Factor,2026-09-24
2019-07-18,7.3343682289123535,14.010000228881836,13.949999809265137,14.079999923706055,13.880000114440918,15911500,VALE,Factor,2026-09-24
2019-07-19,7.350073337554932,14.039999961853027,14.149999618530273,14.1899995803833,13.979999542236328,11851100,VALE,Factor,2026-09-24
2019-07-22,7.287252426147461,13.920000076293945,14.010000228881836,14.050000190734863,13.800000190734863,12646500,VALE,Factor,2026-09-24
2019-07-23,7.166844367980957,13.6899995803833,13.880000114440918,13.890000343322754,13.65999984741211,14990700,VALE,Factor,2026-09-24
2019-07-24,7.0254974365234375,13.420000076293945,13.5,13.520000457763672,13.369999885559082,18275500,VALE,Factor,2026-09-24
2019-07-25,6.941736698150635,13.260000228881836,13.319999694824219,13.399999618530273,13.15999984741211,14773400,VALE,Factor,2026-09-24
2019-07-26,6.946971893310547,13.270000457763672,13.470000267028809,13.470000267028809,13.25,12055500,VALE,Factor,2026-09-24
2019-07-29,6.9312663078308105,13.239999771118164,13.1899995803833,13.25,13.079999923706055,17826100,VALE,Factor,2026-09-24
2019-07-30,6.889383792877197,13.15999984741211,13.279999732971191,13.289999961853027,13.140000343322754,20709700,VALE,Factor,2026-09-24
2019-07-31,6.800387859344482,12.989999771118164,13.25,13.3100004196167,12.850000381469727,27454600,VALE,Factor,2026-09-24
2019-08-01,6.55433988571167,12.520000457763672,12.729999542236328,12.84000015258789,12.489999771118164,29837000,VALE,Factor,2026-09-24
2019-08-02,6.428696155548096,12.279999732971191,12.34000015258789,12.420000076293945,12.1899995803833,19317000,VALE,Factor,2026-09-24
2019-08-05,6.05177116394043,11.5600004196167,11.720000267028809,11.739999771118164,11.5,27417500,VALE,Factor,2026-09-24
2019-08-06,6.1512370109558105,11.75,11.8100004196167,11.84000015258789,11.59000015258789,21088000,VALE,Factor,2026-09-24
2019-08-07,6.0936503410339355,11.640000343322754,11.479999542236328,11.649999618530273,11.390000343322754,21091300,VALE,Factor,2026-09-24
2019-08-08,6.266408443450928,11.970000267028809,11.920000076293945,12.010000228881836,11.869999885559082,20536400,VALE,Factor,2026-09-24
2019-08-09,6.046534538269043,11.550000190734863,11.8100004196167,11.859999656677246,11.510000228881836,19123500,VALE,Factor,2026-09-24
2019-08-12,5.9156575202941895,11.300000190734863,11.25,11.4399995803833,11.1899995803833,13687700,VALE,Factor,2026-09-24
2019-08-13,6.12506103515625,11.699999809265137,11.3100004196167,11.800000190734863,11.270000457763672,27767200,VALE,Factor,2026-09-24
2019-08-14,5.790014743804932,11.0600004196167,11.350000381469727,11.350000381469727,11.050000190734863,24040000,VALE,Factor,2026-09-24
2019-08-15,5.742898941040039,10.970000267028809,11.069999694824219,11.100000381469727,10.680000305175781,20501500,VALE,Factor,2026-09-24
2019-08-16,5.695784091949463,10.880000114440918,11.050000190734863,11.109999656677246,10.84000015258789,16612100,VALE,Factor,2026-09-24
2019-08-19,5.591081619262695,10.680000305175781,11.029999732971191,11.050000190734863,10.59000015258789,21986500,VALE,Factor,2026-09-24
2019-08-20,5.6486687660217285,10.789999961853027,10.609999656677246,10.979999542236328,10.600000381469727,18706600,VALE,Factor,2026-09-24
2019-08-21,5.685312747955322,10.859999656677246,10.6899995803833,10.989999771118164,10.670000076293945,19556800,VALE,Factor,2026-09-24
2019-08-22,5.63819694519043,10.770000457763672,10.869999885559082,10.9399995803833,10.6899995803833,16527400,VALE,Factor,2026-09-24
2019-08-23,5.47590970993042,10.460000038146973,10.75,10.90999984741211,10.390000343322754,24437000,VALE,Factor,2026-09-24
2019-08-26,5.38167667388916,10.279999732971191,10.479999542236328,10.5,10.199999809265137,15253000,VALE,Factor,2026-09-24
2019-08-27,5.4078521728515625,10.329999923706055,10.300000190734863,10.550000190734863,10.279999732971191,21225400,VALE,Factor,2026-09-24
2019-08-28,5.460203647613525,10.430000305175781,10.390000343322754,10.59000015258789,10.300000190734863,12539100,VALE,Factor,2026-09-24
2019-08-29,5.612021446228027,10.720000267028809,10.569999694824219,10.829999923706055,10.529999732971191,20135700,VALE,Factor,2026-09-24
2019-08-30,5.758605003356934,11.0,11.039999961853027,11.149999618530273,10.90999984741211,29954000,VALE,Factor,2026-09-24
2019-09-03,5.711489677429199,10.90999984741211,10.930000305175781,11.039999961853027,10.829999923706055,16612800,VALE,Factor,2026-09-24
2019-09-04,5.8842453956604,11.239999771118164,11.170000076293945,11.260000228881836,11.119999885559082,17011500,VALE,Factor,2026-09-24
2019-09-05,5.931361675262451,11.329999923706055,11.460000038146973,11.520000457763672,11.300000190734863,16574600,VALE,Factor,2026-09-24
2019-09-06,5.9365973472595215,11.34000015258789,11.300000190734863,11.4399995803833,11.300000190734863,16838300,VALE,Factor,2026-09-24
2019-09-09,6.077944755554199,11.609999656677246,11.34000015258789,11.609999656677246,11.329999923706055,18956800,VALE,Factor,2026-09-24
2019-09-10,6.14076566696167,11.729999542236328,11.510000228881836,11.800000190734863,11.4399995803833,20728700,VALE,Factor,2026-09-24
2019-09-11,6.182647228240967,11.8100004196167,11.779999732971191,11.9399995803833,11.640000343322754,20107500,VALE,Factor,2026-09-24
2019-09-12,6.371110916137695,12.170000076293945,12.0600004196167,12.210000038146973,11.949999809265137,30558400,VALE,Factor,2026-09-24
2019-09-13,6.360640525817871,12.149999618530273,12.359999656677246,12.380000114440918,12.119999885559082,24857400,VALE,Factor,2026-09-24
2019-09-16,6.214057445526123,11.869999885559082,11.899999618530273,11.979999542236328,11.789999961853027,18225800,VALE,Factor,2026-09-24
2019-09-17,6.2454681396484375,11.930000305175781,11.710000038146973,11.970000267028809,11.680000305175781,13757100,VALE,Factor,2026-09-24
2019-09-18,6.161707401275635,11.770000457763672,11.859999656677246,11.9399995803833,11.630000114440918,15287400,VALE,Factor,2026-09-24
2019-09-19,6.062239646911621,11.579999923706055,11.609999656677246,11.710000038146973,11.550000190734863,13662100,VALE,Factor,2026-09-24
2019-09-20,6.062239646911621,11.579999923706055,11.600000381469727,11.6899995803833,11.470000267028809,14515800,VALE,Factor,2026-09-24
2019-09-23,6.0046539306640625,11.470000267028809,11.510000228881836,11.619999885559082,11.449999809265137,16533300,VALE,Factor,2026-09-24
2019-09-24,5.8685407638549805,11.210000038146973,11.390000343322754,11.399999618530273,11.170000076293945,15789100,VALE,Factor,2026-09-24
2019-09-25,6.0046539306640625,11.470000267028809,11.1899995803833,11.489999771118164,11.130000114440918,16306100,VALE,Factor,2026-09-24
2019-09-26,5.988947868347168,11.4399995803833,11.569999694824219,11.569999694824219,11.380000114440918,14592600,VALE,Factor,2026-09-24
2019-09-27,5.983712673187256,11.430000305175781,11.539999961853027,11.59000015258789,11.34000015258789,13501100,VALE,Factor,2026-09-24
2019-09-30,6.020359039306641,11.5,11.319999694824219,11.529999732971191,11.289999961853027,12819500,VALE,Factor,2026-09-24
2019-10-01,5.994184494018555,11.449999809265137,11.430000305175781,11.65999984741211,11.40999984741211,18367200,VALE,Factor,2026-09-24
2019-10-02,5.690547466278076,10.869999885559082,11.15999984741211,11.220000267028809,10.850000381469727,35259100,VALE,Factor,2026-09-24
2019-10-03,5.790014743804932,11.0600004196167,10.899999618530273,11.170000076293945,10.729999542236328,26433700,VALE,Factor,2026-09-24
2019-10-04,5.994184494018555,11.449999809265137,11.25,11.470000267028809,11.239999771118164,21606900,VALE,Factor,2026-09-24
2019-10-07,5.8842453956604,11.239999771118164,11.4399995803833,11.520000457763672,11.210000038146973,12404600,VALE,Factor,2026-09-24
2019-10-08,5.784780025482178,11.050000190734863,11.180000305175781,11.220000267028809,11.039999961853027,19897800,VALE,Factor,2026-09-24
2019-10-09,5.816190719604492,11.109999656677246,11.1899995803833,11.199999809265137,10.989999771118164,12151800,VALE,Factor,2026-09-24
2019-10-10,5.97847843170166,11.420000076293945,11.180000305175781,11.520000457763672,11.180000305175781,22547700,VALE,Factor,2026-09-24
2019-10-11,6.182647228240967,11.8100004196167,11.6899995803833,11.899999618530273,11.670000076293945,23397600,VALE,Factor,2026-09-24
2019-10-14,6.062239646911621,11.579999923706055,11.59000015258789,11.619999885559082,11.489999771118164,12863900,VALE,Factor,2026-09-24
2019-10-15,5.988947868347168,11.4399995803833,11.529999732971191,11.59000015258789,11.40999984741211,18703300,VALE,Factor,2026-09-24
2019-10-16,5.8685407638549805,11.210000038146973,11.199999809265137,11.279999732971191,11.140000343322754,22808100,VALE,Factor,2026-09-24
2019-10-17,5.847600936889648,11.170000076293945,11.300000190734863,11.34000015258789,11.149999618530273,14801700,VALE,Factor,2026-09-24
2019-10-18,5.837130069732666,11.149999618530273,11.239999771118164,11.350000381469727,11.140000343322754,13181400,VALE,Factor,2026-09-24
2019-10-21,5.95753812789917,11.380000114440918,11.25,11.380000114440918,11.220000267028809,9959600,VALE,Factor,2026-09-24
2019-10-22,6.057003498077393,11.569999694824219,11.470000267028809,11.630000114440918,11.460000038146973,17331100,VALE,Factor,2026-09-24
2019-10-23,6.098885536193848,11.649999618530273,11.600000381469727,11.6899995803833,11.529999732971191,13323000,VALE,Factor,2026-09-24
2019-10-24,6.025595188140869,11.510000228881836,11.770000457763672,11.779999732971191,11.489999771118164,19610100,VALE,Factor,2026-09-24
2019-10-25,6.303053379058838,12.039999961853027,11.850000381469727,12.069999694824219,11.84000015258789,28137900,VALE,Factor,2026-09-24
2019-10-28,6.402520179748535,12.229999542236328,12.1899995803833,12.229999542236328,12.079999923706055,21694600,VALE,Factor,2026-09-24
2019-10-29,6.355406284332275,12.140000343322754,12.020000457763672,12.199999809265137,12.020000457763672,16324600,VALE,Factor,2026-09-24
2019-10-30,6.350170135498047,12.130000114440918,11.960000038146973,12.130000114440918,11.800000190734863,16135900,VALE,Factor,2026-09-24
2019-10-31,6.146000862121582,11.739999771118164,11.9399995803833,11.949999809265137,11.600000381469727,16008300,VALE,Factor,2026-09-24
2019-11-01,6.355406284332275,12.140000343322754,12.0,12.210000038146973,11.989999771118164,24896100,VALE,Factor,2026-09-24
2019-11-04,6.45487117767334,12.329999923706055,12.399999618530273,12.420000076293945,12.289999961853027,14029400,VALE,Factor,2026-09-24
2019-11-05,6.481048583984375,12.380000114440918,12.479999542236328,12.479999542236328,12.319999694824219,17273400,VALE,Factor,2026-09-24
2019-11-06,6.371110916137695,12.170000076293945,12.010000228881836,12.279999732971191,12.010000228881836,18869800,VALE,Factor,2026-09-24
2019-11-07,6.3920512199401855,12.210000038146973,12.199999809265137,12.319999694824219,12.0600004196167,22387300,VALE,Factor,2026-09-24
2019-11-08,6.161707401275635,11.770000457763672,11.760000228881836,11.920000076293945,11.710000038146973,18263900,VALE,Factor,2026-09-24
2019-11-11,6.077944755554199,11.609999656677246,11.539999961853027,11.619999885559082,11.5,60845500,VALE,Factor,2026-09-24
2019-11-12,6.020359039306641,11.5,11.520000457763672,11.579999923706055,11.40999984741211,20027000,VALE,Factor,2026-09-24
2019-11-13,5.873775959014893,11.220000267028809,11.350000381469727,11.390000343322754,11.180000305175781,13866800,VALE,Factor,2026-09-24
2019-11-14,5.86330509185791,11.199999809265137,11.25,11.350000381469727,11.180000305175781,12915200,VALE,Factor,2026-09-24
2019-11-15,5.99941873550415,11.460000038146973,11.350000381469727,11.510000228881836,11.300000190734863,12458500,VALE,Factor,2026-09-24
2019-11-18,5.9156575202941895,11.300000190734863,11.380000114440918,11.4399995803833,11.279999732971191,13348100,VALE,Factor,2026-09-24
2019-11-19,5.99941873550415,11.460000038146973,11.4399995803833,11.479999542236328,11.3100004196167,15658300,VALE,Factor,2026-09-24
2019-11-20,5.894716739654541,11.260000228881836,11.3100004196167,11.460000038146973,11.130000114440918,12417400,VALE,Factor,2026-09-24
2019-11-21,6.0046539306640625,11.470000267028809,11.359999656677246,11.510000228881836,11.270000457763672,15263700,VALE,Factor,2026-09-24
2019-11-22,6.224527835845947,11.890000343322754,11.800000190734863,11.930000305175781,11.739999771118164,30538500,VALE,Factor,2026-09-24
2019-11-25,6.297817707061768,12.029999732971191,12.020000457763672,12.140000343322754,11.979999542236328,18666900,VALE,Factor,2026-09-24
2019-11-26,6.297817707061768,12.029999732971191,11.970000267028809,12.079999923706055,11.829999923706055,26175800,VALE,Factor,2026-09-24
2019-11-27,6.214057445526123,11.869999885559082,11.920000076293945,11.930000305175781,11.720000267028809,15572600,VALE,Factor,2026-09-24
2019-11-29,6.156472206115723,11.760000228881836,11.779999732971191,11.859999656677246,11.739999771118164,7450500,VALE,Factor,2026-09-24
2019-12-02,6.355406284332275,12.140000343322754,11.979999542236328,12.210000038146973,11.90999984741211,17935000,VALE,Factor,2026-09-24
2019-12-03,6.282113552093506,12.0,12.020000457763672,12.050000190734863,11.90999984741211,20077900,VALE,Factor,2026-09-24
2019-12-04,6.334465980529785,12.100000381469727,12.0600004196167,12.140000343322754,12.010000228881836,10652200,VALE,Factor,2026-09-24
2019-12-05,6.344934940338135,12.119999885559082,12.039999961853027,12.180000305175781,11.989999771118164,13333300,VALE,Factor,2026-09-24
2019-12-06,6.486280918121338,12.390000343322754,12.279999732971191,12.430000305175781,12.229999542236328,22335000,VALE,Factor,2026-09-24
2019-12-09,6.481048583984375,12.380000114440918,12.489999771118164,12.609999656677246,12.350000381469727,42420200,VALE,Factor,2026-09-24
2019-12-10,6.439167022705078,12.300000190734863,12.34000015258789,12.390000343322754,12.25,11778000,VALE,Factor,2026-09-24
2019-12-11,6.585748672485352,12.579999923706055,12.4399995803833,12.609999656677246,12.40999984741211,13591600,VALE,Factor,2026-09-24
2019-12-12,6.75850772857666,12.90999984741211,12.569999694824219,12.9399995803833,12.550000190734863,21931800,VALE,Factor,2026-09-24
2019-12-13,6.837034225463867,13.0600004196167,12.9399995803833,13.210000038146973,12.890000343322754,32018200,VALE,Factor,2026-09-24
2019-12-16,6.889383792877197,13.15999984741211,13.329999923706055,13.329999923706055,13.15999984741211,20446100,VALE,Factor,2026-09-24
2019-12-17,6.852739334106445,13.09000015258789,13.109999656677246,13.180000305175781,13.039999961853027,17965500,VALE,Factor,2026-09-24
2019-12-18,6.84750509262085,13.079999923706055,13.069999694824219,13.140000343322754,12.90999984741211,17987200,VALE,Factor,2026-09-24
2019-12-19,6.920795440673828,13.220000267028809,13.130000114440918,13.350000381469727,13.100000381469727,13284100,VALE,Factor,2026-09-24
2019-12-20,6.946971893310547,13.270000457763672,13.350000381469727,13.40999984741211,13.239999771118164,27190300,VALE,Factor,2026-09-24
2019-12-23,6.962677001953125,13.300000190734863,13.390000343322754,13.420000076293945,13.279999732971191,23768800,VALE,Factor,2026-09-24
2019-12-24,7.05167293548584,13.470000267028809,13.329999923706055,13.569999694824219,13.3100004196167,5251400,VALE,Factor,2026-09-24
2019-12-26,7.062140941619873,13.489999771118164,13.40999984741211,13.529999732971191,13.40999984741211,14680300,VALE,Factor,2026-09-24
2019-12-27,7.103517532348633,13.220000267028809,13.15999984741211,13.300000190734863,13.15999984741211,18324000,VALE,Factor,2026-09-24
2019-12-30,7.087396621704102,13.1899995803833,13.260000228881836,13.34000015258789,13.1899995803833,11795700,VALE,Factor,2026-09-24
2019-12-31,7.092770576477051,13.199999809265137,13.1899995803833,13.260000228881836,13.109999656677246,8207600,VALE,Factor,2026-09-24
2020-01-02,7.227102756500244,13.449999809265137,13.3100004196167,13.470000267028809,13.289999961853027,19410400,VALE,Factor,2026-09-24
2020-01-03,7.141129970550537,13.289999961853027,13.229999542236328,13.449999809265137,13.229999542236328,17770000,VALE,Factor,2026-09-24
2020-01-06,7.0605316162109375,13.140000343322754,13.079999923706055,13.199999809265137,13.050000190734863,19213300,VALE,Factor,2026-09-24
2020-01-07,7.108891487121582,13.229999542236328,13.050000190734863,13.3100004196167,13.039999961853027,18859600,VALE,Factor,2026-09-24
2020-01-08,7.103517532348633,13.220000267028809,13.180000305175781,13.369999885559082,13.119999885559082,24916400,VALE,Factor,2026-09-24
2020-01-09,6.979930400848389,12.989999771118164,13.119999885559082,13.140000343322754,12.960000038146973,17937000,VALE,Factor,2026-09-24
2020-01-10,6.969186305999756,12.970000267028809,13.069999694824219,13.140000343322754,12.930000305175781,14055100,VALE,Factor,2026-09-24
2020-01-13,7.157251358032227,13.319999694824219,12.960000038146973,13.399999618530273,12.949999809265137,26080400,VALE,Factor,2026-09-24
2020-01-14,7.227102756500244,13.449999809265137,13.470000267028809,13.550000190734863,13.369999885559082,17567200,VALE,Factor,2026-09-24
2020-01-15,7.125010967254639,13.260000228881836,13.4399995803833,13.4399995803833,13.170000076293945,15928300,VALE,Factor,2026-09-24
2020-01-16,7.071277618408203,13.15999984741211,13.279999732971191,13.279999732971191,13.109999656677246,13701700,VALE,Factor,2026-09-24
2020-01-17,7.323822975158691,13.630000114440918,13.470000267028809,13.670000076293945,13.390000343322754,22030300,VALE,Factor,2026-09-24
2020-01-21,7.119637489318848,13.25,13.529999732971191,13.529999732971191,13.1899995803833,23668300,VALE,Factor,2026-09-24
2020-01-22,7.210983753204346,13.420000076293945,13.369999885559082,13.479999542236328,13.350000381469727,14244400,VALE,Factor,2026-09-24
2020-01-23,7.146504878997803,13.300000190734863,13.140000343322754,13.329999923706055,13.0600004196167,26282200,VALE,Factor,2026-09-24
2020-01-24,6.899331092834473,12.84000015258789,13.1899995803833,13.199999809265137,12.760000228881836,30560900,VALE,Factor,2026-09-24
2020-01-27,6.447973251342773,12.0,12.09000015258789,12.149999618530273,11.9399995803833,40353800,VALE,Factor,2026-09-24
2020-01-28,6.544692039489746,12.180000305175781,12.25,12.300000190734863,12.079999923706055,25003800,VALE,Factor,2026-09-24
2020-01-29,6.42110538482666,11.949999809265137,12.100000381469727,12.149999618530273,11.90999984741211,21947600,VALE,Factor,2026-09-24
2020-01-30,6.4533467292785645,12.010000228881836,11.800000190734863,12.039999961853027,11.670000076293945,26128300,VALE,Factor,2026-09-24
2020-01-31,6.302894115447998,11.729999542236328,11.779999732971191,11.829999923706055,11.59000015258789,23213800,VALE,Factor,2026-09-24
2020-02-03,6.394240856170654,11.899999618530273,11.829999923706055,11.979999542236328,11.819999694824219,17943900,VALE,Factor,2026-09-24
2020-02-04,6.571558952331543,12.229999542236328,12.279999732971191,12.350000381469727,12.210000038146973,21074000,VALE,Factor,2026-09-24
2020-02-05,6.684398651123047,12.4399995803833,12.5600004196167,12.579999923706055,12.420000076293945,17816600,VALE,Factor,2026-09-24
2020-02-06,6.662906646728516,12.399999618530273,12.640000343322754,12.640000343322754,12.300000190734863,16383000,VALE,Factor,2026-09-24
2020-02-07,6.469466209411621,12.039999961853027,12.199999809265137,12.199999809265137,11.979999542236328,37275400,VALE,Factor,2026-09-24
2020-02-10,6.233041286468506,11.600000381469727,11.789999961853027,11.819999694824219,11.510000228881836,29912200,VALE,Factor,2026-09-24
2020-02-11,6.4049859046936035,11.920000076293945,11.930000305175781,12.039999961853027,11.899999618530273,30155800,VALE,Factor,2026-09-24
2020-02-12,6.512452602386475,12.119999885559082,12.199999809265137,12.220000267028809,12.119999885559082,24756300,VALE,Factor,2026-09-24
2020-02-13,6.410359859466553,11.930000305175781,11.979999542236328,12.029999732971191,11.880000114440918,21709300,VALE,Factor,2026-09-24
2020-02-14,6.378119945526123,11.869999885559082,11.960000038146973,12.0,11.770000457763672,15698400,VALE,Factor,2026-09-24
2020-02-18,6.458720684051514,12.020000457763672,12.020000457763672,12.149999618530273,11.930000305175781,25402600,VALE,Factor,2026-09-24
2020-02-19,6.474841117858887,12.050000190734863,12.050000190734863,12.100000381469727,11.979999542236328,16228000,VALE,Factor,2026-09-24
2020-02-20,6.367374420166016,11.850000381469727,12.09000015258789,12.119999885559082,11.8100004196167,19394100,VALE,Factor,2026-09-24
2020-02-21,6.136321544647217,11.420000076293945,11.430000305175781,11.479999542236328,11.270000457763672,39728000,VALE,Factor,2026-09-24
2020-02-24,5.674217224121094,10.5600004196167,10.949999809265137,10.979999542236328,10.489999771118164,50569600,VALE,Factor,2026-09-24
2020-02-25,5.539883613586426,10.3100004196167,10.6899995803833,10.819999694824219,10.239999771118164,41068900,VALE,Factor,2026-09-24
2020-02-26,5.470030784606934,10.180000305175781,10.390000343322754,10.569999694824219,10.100000381469727,49291900,VALE,Factor,2026-09-24
2020-02-27,5.330323696136475,9.920000076293945,9.800000190734863,10.15999984741211,9.65999984741211,51569800,VALE,Factor,2026-09-24
2020-02-28,5.276591777801514,9.819999694824219,9.600000381469727,9.84000015258789,9.529999732971191,58968300,VALE,Factor,2026-09-24
2020-03-02,5.518390655517578,10.270000457763672,10.109999656677246,10.460000038146973,9.979999542236328,55830000,VALE,Factor,2026-09-24
2020-03-03,5.4915242195129395,10.220000267028809,10.609999656677246,10.90999984741211,10.149999618530273,64799000,VALE,Factor,2026-09-24
2020-03-04,5.674217224121094,10.5600004196167,10.510000228881836,10.680000305175781,10.319999694824219,46153500,VALE,Factor,2026-09-24
2020-03-05,5.437791347503662,10.119999885559082,10.260000228881836,10.279999732971191,9.880000114440918,59129800,VALE,Factor,2026-09-24
2020-03-06,5.120765686035156,9.529999732971191,9.420000076293945,9.890000343322754,9.420000076293945,42161900,VALE,Factor,2026-09-24
2020-03-09,4.282528877258301,7.96999979019165,8.300000190734863,8.779999732971191,7.849999904632568,59785500,VALE,Factor,2026-09-24
2020-03-10,5.050912857055664,9.399999618530273,8.8100004196167,9.699999809265137,8.710000038146973,71490600,VALE,Factor,2026-09-24
2020-03-11,4.567314624786377,8.5,9.239999771118164,9.470000267028809,8.170000076293945,73917200,VALE,Factor,2026-09-24
2020-03-12,3.8472909927368164,7.159999847412109,7.420000076293945,7.679999828338623,6.610000133514404,77801900,VALE,Factor,2026-09-24
2020-03-13,4.674780368804932,8.699999809265137,9.050000190734863,9.25,7.730000019073486,56593800,VALE,Factor,2026-09-24
2020-03-16,4.244915962219238,7.900000095367432,7.099999904632568,8.329999923706055,7.099999904632568,33107300,VALE,Factor,2026-09-24
2020-03-17,4.389995574951172,8.170000076293945,8.119999885559082,8.640000343322754,7.710000038146973,30640800,VALE,Factor,2026-09-24
2020-03-18,3.976250648498535,7.400000095367432,7.519999980926514,8.020000457763672,6.920000076293945,50289600,VALE,Factor,2026-09-24
2020-03-19,3.858036994934082,7.179999828338623,7.230000019073486,7.579999923706055,6.840000152587891,31102400,VALE,Factor,2026-09-24
2020-03-20,3.750570774078369,6.980000019073486,7.590000152587891,7.880000114440918,6.869999885559082,36080700,VALE,Factor,2026-09-24
2020-03-23,3.5356388092041016,6.579999923706055,6.690000057220459,6.980000019073486,6.489999771118164,32474300,VALE,Factor,2026-09-24
2020-03-24,4.029983043670654,7.5,7.349999904632568,7.610000133514404,7.21999979019165,32700300,VALE,Factor,2026-09-24
2020-03-25,4.3201422691345215,8.039999961853027,7.699999809265137,8.239999771118164,7.5,32929700,VALE,Factor,2026-09-24
2020-03-26,4.470595359802246,8.319999694824219,8.319999694824219,8.460000038146973,7.960000038146973,25869700,VALE,Factor,2026-09-24
2020-03-27,4.212676048278809,7.840000152587891,7.730000019073486,8.149999618530273,7.679999828338623,21021000,VALE,Factor,2026-09-24
2020-03-30,4.3201422691345215,8.039999961853027,8.069999694824219,8.149999618530273,7.869999885559082,18079900,VALE,Factor,2026-09-24
2020-03-31,4.454474925994873,8.289999961853027,8.220000267028809,8.579999923706055,8.170000076293945,34289000,VALE,Factor,2026-09-24
2020-04-01,4.37924861907959,8.149999618530273,7.940000057220459,8.399999618530273,7.940000057220459,27309500,VALE,Factor,2026-09-24
2020-04-02,4.37924861907959,8.149999618530273,8.34000015258789,8.470000267028809,7.929999828338623,27479500,VALE,Factor,2026-09-24
2020-04-03,4.072968482971191,7.579999923706055,7.96999979019165,8.079999923706055,7.449999809265137,28712900,VALE,Factor,2026-09-24
2020-04-06,4.357755184173584,8.109999656677246,8.09000015258789,8.270000457763672,7.909999847412109,27421600,VALE,Factor,2026-09-24
2020-04-07,4.502835273742676,8.380000114440918,8.680000305175781,8.699999809265137,8.329999923706055,22663200,VALE,Factor,2026-09-24
2020-04-08,4.5350751876831055,8.4399995803833,8.359999656677246,8.529999732971191,8.3100004196167,19323300,VALE,Factor,2026-09-24
2020-04-09,4.567314624786377,8.5,8.640000343322754,8.770000457763672,8.399999618530273,22372400,VALE,Factor,2026-09-24
2020-04-13,4.604928493499756,8.569999694824219,8.449999809265137,8.600000381469727,8.34000015258789,18465100,VALE,Factor,2026-09-24
2020-04-14,4.6156744956970215,8.59000015258789,8.800000190734863,8.880000114440918,8.550000190734863,20187000,VALE,Factor,2026-09-24
2020-04-15,4.4383544921875,8.260000228881836,8.220000267028809,8.34000015258789,8.079999923706055,18345600,VALE,Factor,2026-09-24
2020-04-16,4.36850118637085,8.130000114440918,8.25,8.25,7.96999979019165,21048400,VALE,Factor,2026-09-24
2020-04-17,4.492088317871094,8.359999656677246,8.279999732971191,8.40999984741211,8.1899995803833,18665000,VALE,Factor,2026-09-24
2020-04-20,4.293275356292725,7.989999771118164,8.050000190734863,8.140000343322754,7.920000076293945,25888800,VALE,Factor,2026-09-24
2020-04-21,4.18580961227417,7.789999961853027,7.840000152587891,7.880000114440918,7.599999904632568,21564500,VALE,Factor,2026-09-24
2020-04-22,4.282528877258301,7.96999979019165,7.849999904632568,8.020000457763672,7.809999942779541,21909700,VALE,Factor,2026-09-24
2020-04-23,4.223423004150391,7.860000133514404,7.929999828338623,8.220000267028809,7.849999904632568,27748900,VALE,Factor,2026-09-24
2020-04-24,4.1213297843933105,7.670000076293945,7.829999923706055,7.860000133514404,7.360000133514404,45475600,VALE,Factor,2026-09-24
2020-04-27,4.2341694831848145,7.880000114440918,7.900000095367432,7.96999979019165,7.760000228881836,26284500,VALE,Factor,2026-09-24
2020-04-28,4.357755184173584,8.109999656677246,8.079999923706055,8.180000305175781,7.789999961853027,24653700,VALE,Factor,2026-09-24
2020-04-29,4.7070207595825195,8.760000228881836,8.270000457763672,8.800000190734863,8.25,36265100,VALE,Factor,2026-09-24
2020-04-30,4.432981491088867,8.25,8.420000076293945,8.489999771118164,8.210000038146973,25434800,VALE,Factor,2026-09-24
2020-05-01,4.28790283203125,7.980000019073486,8.0,8.039999961853027,7.880000114440918,15991000,VALE,Factor,2026-09-24
2020-05-04,4.28790283203125,7.980000019073486,7.800000190734863,7.989999771118164,7.760000228881836,15604500,VALE,Factor,2026-09-24
2020-05-05,4.196556091308594,7.809999942779541,8.050000190734863,8.180000305175781,7.809999942779541,17398800,VALE,Factor,2026-09-24
2020-05-06,4.180436611175537,7.78000020980835,7.789999961853027,7.880000114440918,7.690000057220459,20273800,VALE,Factor,2026-09-24
2020-05-07,4.261035919189453,7.929999828338623,7.900000095367432,8.100000381469727,7.880000114440918,22828200,VALE,Factor,2026-09-24
2020-05-08,4.578060626983643,8.520000457763672,8.149999618530273,8.5600004196167,8.149999618530273,27540800,VALE,Factor,2026-09-24
2020-05-11,4.422235012054443,8.229999542236328,8.399999618530273,8.5,8.210000038146973,23699300,VALE,Factor,2026-09-24
2020-05-12,4.352382183074951,8.100000381469727,8.399999618530273,8.449999809265137,8.09000015258789,20347500,VALE,Factor,2026-09-24
2020-05-13,4.395368576049805,8.180000305175781,8.329999923706055,8.34000015258789,8.020000457763672,27974900,VALE,Factor,2026-09-24
2020-05-14,4.427608013153076,8.239999771118164,7.940000057220459,8.270000457763672,7.860000133514404,30912200,VALE,Factor,2026-09-24
2020-05-15,4.443727970123291,8.270000457763672,8.369999885559082,8.520000457763672,8.229999542236328,30860000,VALE,Factor,2026-09-24
2020-05-18,4.841352462768555,9.010000228881836,8.9399995803833,9.029999732971191,8.800000190734863,35793000,VALE,Factor,2026-09-24
2020-05-19,4.873593330383301,9.069999694824219,9.029999732971191,9.1899995803833,8.9399995803833,32715500,VALE,Factor,2026-09-24
2020-05-20,4.981059551239014,9.270000457763672,9.350000381469727,9.449999809265137,9.180000305175781,23435300,VALE,Factor,2026-09-24
2020-05-21,4.905832290649414,9.130000114440918,9.270000457763672,9.390000343322754,9.050000190734863,34691000,VALE,Factor,2026-09-24
2020-05-22,4.825232982635498,8.979999542236328,9.020000457763672,9.149999618530273,8.890000343322754,23412900,VALE,Factor,2026-09-24
2020-05-26,4.895086765289307,9.109999656677246,9.359999656677246,9.359999656677246,9.039999961853027,31909200,VALE,Factor,2026-09-24
2020-05-27,5.142258644104004,9.569999694824219,9.319999694824219,9.59000015258789,9.199999809265137,28978600,VALE,Factor,2026-09-24
2020-05-28,5.0025529861450195,9.3100004196167,9.649999618530273,9.65999984741211,9.279999732971191,24760200,VALE,Factor,2026-09-24
2020-05-29,5.2443528175354,9.760000228881836,9.489999771118164,9.800000190734863,9.390000343322754,37186400,VALE,Factor,2026-09-24
2020-06-01,5.287337779998779,9.84000015258789,9.84000015258789,9.979999542236328,9.8100004196167,26790500,VALE,Factor,2026-09-24
2020-06-02,5.513016700744629,10.260000228881836,10.050000190734863,10.260000228881836,10.020000457763672,29054600,VALE,Factor,2026-09-24
2020-06-03,5.679589748382568,10.569999694824219,10.619999885559082,10.739999771118164,10.470000267028809,35975700,VALE,Factor,2026-09-24
2020-06-04,5.824669361114502,10.84000015258789,10.520000457763672,10.880000114440918,10.4399995803833,41536200,VALE,Factor,2026-09-24
2020-06-05,5.932136058807373,11.039999961853027,11.220000267028809,11.329999923706055,10.899999618530273,46686600,VALE,Factor,2026-09-24
2020-06-08,6.055721282958984,11.270000457763672,11.149999618530273,11.300000190734863,10.949999809265137,31123800,VALE,Factor,2026-09-24
2020-06-09,6.028854846954346,11.220000267028809,11.010000228881836,11.260000228881836,10.970000267028809,19166500,VALE,Factor,2026-09-24
2020-06-10,5.921389579772949,11.020000457763672,11.270000457763672,11.279999732971191,10.9399995803833,30075000,VALE,Factor,2026-09-24
2020-06-11,5.5076446533203125,10.25,10.520000457763672,10.619999885559082,10.180000305175781,30162500,VALE,Factor,2026-09-24
2020-06-12,5.711829662322998,10.630000114440918,10.569999694824219,10.699999809265137,10.270000457763672,31964800,VALE,Factor,2026-09-24
2020-06-15,5.701083183288574,10.609999656677246,10.100000381469727,10.609999656677246,10.069999694824219,33837300,VALE,Factor,2026-09-24
2020-06-16,5.7279486656188965,10.65999984741211,10.819999694824219,10.869999885559082,10.420000076293945,43970200,VALE,Factor,2026-09-24
2020-06-17,5.770937442779541,10.739999771118164,10.600000381469727,10.779999732971191,10.520000457763672,34889800,VALE,Factor,2026-09-24
2020-06-18,5.668843746185303,10.550000190734863,10.479999542236328,10.579999923706055,10.430000305175781,34436100,VALE,Factor,2026-09-24
2020-06-19,5.539883613586426,10.3100004196167,10.510000228881836,10.579999923706055,10.279999732971191,43773700,VALE,Factor,2026-09-24
2020-06-22,5.620483875274658,10.460000038146973,10.4399995803833,10.640000343322754,10.380000114440918,17825600,VALE,Factor,2026-09-24
2020-06-23,5.803176403045654,10.800000190734863,10.800000190734863,10.979999542236328,10.720000267028809,24413500,VALE,Factor,2026-09-24
2020-06-24,5.588243007659912,10.399999618530273,10.710000038146973,10.720000267028809,10.319999694824219,18254600,VALE,Factor,2026-09-24
2020-06-25,5.674217224121094,10.5600004196167,10.449999809265137,10.5600004196167,10.270000457763672,32098700,VALE,Factor,2026-09-24
2020-06-26,5.475403785705566,10.1899995803833,10.350000381469727,10.479999542236328,10.119999885559082,18614800,VALE,Factor,2026-09-24
2020-06-29,5.48615026473999,10.210000038146973,10.279999732971191,10.329999923706055,10.100000381469727,14625700,VALE,Factor,2026-09-24
2020-06-30,5.539883613586426,10.3100004196167,10.130000114440918,10.40999984741211,10.0600004196167,21777400,VALE,Factor,2026-09-24
2020-07-01,5.523763179779053,10.279999732971191,10.369999885559082,10.449999809265137,10.109999656677246,22874200,VALE,Factor,2026-09-24
2020-07-02,5.593616962432861,10.40999984741211,10.40999984741211,10.609999656677246,10.359999656677246,17517400,VALE,Factor,2026-09-24
2020-07-06,5.695709705352783,10.600000381469727,10.59000015258789,10.739999771118164,10.539999961853027,22903600,VALE,Factor,2026-09-24
2020-07-07,5.625857353210449,10.470000267028809,10.65999984741211,10.720000267028809,10.470000267028809,15840200,VALE,Factor,2026-09-24
2020-07-08,5.781682968139648,10.760000228881836,10.760000228881836,10.850000381469727,10.609999656677246,22815900,VALE,Factor,2026-09-24
2020-07-09,5.711829662322998,10.630000114440918,10.880000114440918,10.90999984741211,10.520000457763672,19137300,VALE,Factor,2026-09-24
2020-07-10,5.79780387878418,10.789999961853027,10.569999694824219,10.819999694824219,10.529999732971191,23732700,VALE,Factor,2026-09-24
2020-07-13,5.792428493499756,10.779999732971191,10.9399995803833,11.109999656677246,10.75,25884400,VALE,Factor,2026-09-24
2020-07-14,6.233041286468506,11.600000381469727,10.789999961853027,11.640000343322754,10.729999542236328,48474200,VALE,Factor,2026-09-24
2020-07-15,6.20080041885376,11.539999961853027,11.739999771118164,11.779999732971191,11.319999694824219,23632600,VALE,Factor,2026-09-24
2020-07-16,6.061094760894775,11.279999732971191,11.460000038146973,11.489999771118164,11.270000457763672,27862000,VALE,Factor,2026-09-24
2020-07-17,6.077216148376465,11.3100004196167,11.430000305175781,11.449999809265137,11.3100004196167,25853400,VALE,Factor,2026-09-24
2020-07-20,6.147066593170166,11.4399995803833,11.319999694824219,11.5,11.300000190734863,20665900,VALE,Factor,2026-09-24
2020-07-21,6.1578145027160645,11.460000038146973,11.4399995803833,11.579999923706055,11.350000381469727,27836500,VALE,Factor,2026-09-24
2020-07-22,6.222293853759766,11.579999923706055,11.720000267028809,11.720000267028809,11.510000228881836,28233600,VALE,Factor,2026-09-24
2020-07-23,6.066467761993408,11.289999961853027,11.59000015258789,11.65999984741211,11.289999961853027,27353300,VALE,Factor,2026-09-24
2020-07-24,6.050347805023193,11.260000228881836,11.220000267028809,11.34000015258789,11.09000015258789,36014200,VALE,Factor,2026-09-24
2020-07-27,6.3996124267578125,11.90999984741211,11.460000038146973,11.9399995803833,11.350000381469727,42063100,VALE,Factor,2026-09-24
2020-07-28,6.308266639709473,11.739999771118164,11.65999984741211,11.789999961853027,11.59000015258789,20529100,VALE,Factor,2026-09-24
2020-07-29,6.496333599090576,12.09000015258789,11.90999984741211,12.149999618530273,11.890000343322754,24691900,VALE,Factor,2026-09-24
2020-07-30,6.367374420166016,11.850000381469727,11.930000305175781,12.069999694824219,11.680000305175781,29433700,VALE,Factor,2026-09-24
2020-07-31,6.254533767700195,11.640000343322754,11.789999961853027,11.800000190734863,11.59000015258789,18876900,VALE,Factor,2026-09-24
2020-08-03,6.136321544647217,11.420000076293945,11.800000190734863,11.819999694824219,11.329999923706055,28077800,VALE,Factor,2026-09-24
2020-08-04,6.173933982849121,11.489999771118164,11.180000305175781,11.5,11.119999885559082,75671000,VALE,Factor,2026-09-24
2020-08-05,6.319015026092529,11.760000228881836,11.760000228881836,11.949999809265137,11.710000038146973,26444700,VALE,Factor,2026-09-24
2020-08-06,6.1954264640808105,11.529999732971191,11.640000343322754,11.770000457763672,11.5,26619900,VALE,Factor,2026-09-24
2020-08-07,5.996614933013916,11.15999984741211,11.3100004196167,11.319999694824219,11.0600004196167,42556500,VALE,Factor,2026-09-24
2020-08-10,6.1040802001953125,11.359999656677246,11.399999618530273,11.520000457763672,11.180000305175781,42324800,VALE,Factor,2026-09-24
2020-08-11,6.001988410949707,11.170000076293945,11.5,11.5600004196167,11.140000343322754,30996700,VALE,Factor,2026-09-24
2020-08-12,6.077216148376465,11.3100004196167,11.260000228881836,11.420000076293945,11.149999618530273,26197700,VALE,Factor,2026-09-24
2020-08-13,6.061094760894775,11.279999732971191,11.470000267028809,11.489999771118164,11.220000267028809,17539900,VALE,Factor,2026-09-24
2020-08-14,6.087960720062256,11.329999923706055,11.319999694824219,11.359999656677246,11.210000038146973,17319600,VALE,Factor,2026-09-24
2020-08-17,6.1040802001953125,11.359999656677246,11.380000114440918,11.529999732971191,11.229999542236328,28306900,VALE,Factor,2026-09-24
2020-08-18,6.233041286468506,11.600000381469727,11.609999656677246,11.770000457763672,11.5,26357700,VALE,Factor,2026-09-24
2020-08-19,6.082587718963623,11.319999694824219,11.619999885559082,11.680000305175781,11.279999732971191,20971900,VALE,Factor,2026-09-24
2020-08-20,6.114828109741211,11.380000114440918,11.029999732971191,11.390000343322754,11.020000457763672,24466300,VALE,Factor,2026-09-24
2020-08-21,5.9536285400390625,11.079999923706055,11.149999618530273,11.239999771118164,11.0,22804600,VALE,Factor,2026-09-24
2020-08-24,6.071840763092041,11.300000190734863,11.25,11.3100004196167,11.170000076293945,20285500,VALE,Factor,2026-09-24
2020-08-25,6.028854846954346,11.220000267028809,11.1899995803833,11.239999771118164,11.020000457763672,23660100,VALE,Factor,2026-09-24
2020-08-26,5.937509536743164,11.050000190734863,11.229999542236328,11.3100004196167,10.930000305175781,26074600,VALE,Factor,2026-09-24
2020-08-27,5.873028755187988,10.930000305175781,11.15999984741211,11.1899995803833,10.800000190734863,16175300,VALE,Factor,2026-09-24
2020-08-28,6.071840763092041,11.300000190734863,11.109999656677246,11.380000114440918,11.079999923706055,16052000,VALE,Factor,2026-09-24
2020-08-31,5.910642147064209,11.0,11.25,11.260000228881836,10.979999542236328,18476000,VALE,Factor,2026-09-24
2020-09-01,6.179308891296387,11.5,11.239999771118164,11.59000015258789,11.210000038146973,20222200,VALE,Factor,2026-09-24
2020-09-02,6.141693115234375,11.430000305175781,11.550000190734863,11.550000190734863,11.279999732971191,25120500,VALE,Factor,2026-09-24
2020-09-03,6.0396013259887695,11.239999771118164,11.270000457763672,11.470000267028809,11.100000381469727,27030500,VALE,Factor,2026-09-24
2020-09-04,6.114828109741211,11.380000114440918,11.329999923706055,11.4399995803833,11.079999923706055,20092400,VALE,Factor,2026-09-24
2020-09-08,5.932136058807373,11.039999961853027,11.029999732971191,11.210000038146973,10.9399995803833,25425900,VALE,Factor,2026-09-24
2020-09-09,6.082587718963623,11.319999694824219,11.359999656677246,11.40999984741211,11.220000267028809,25713500,VALE,Factor,2026-09-24
2020-09-10,5.9536285400390625,11.079999923706055,11.329999923706055,11.40999984741211,11.010000228881836,21228700,VALE,Factor,2026-09-24
2020-09-11,6.27065372467041,11.670000076293945,11.489999771118164,11.729999542236328,11.4399995803833,45763700,VALE,Factor,2026-09-24
2020-09-14,6.313640594482422,11.75,11.869999885559082,11.869999885559082,11.600000381469727,32208500,VALE,Factor,2026-09-24
2020-09-15,6.362000465393066,11.84000015258789,11.920000076293945,12.079999923706055,11.770000457763672,44035400,VALE,Factor,2026-09-24
2020-09-16,6.227668285369873,11.59000015258789,11.770000457763672,11.819999694824219,11.539999961853027,21364400,VALE,Factor,2026-09-24
2020-09-17,6.383492946624756,11.880000114440918,11.399999618530273,11.9399995803833,11.390000343322754,34170400,VALE,Factor,2026-09-24
2020-09-18,6.1846818923950195,11.510000228881836,11.800000190734863,11.970000267028809,11.510000228881836,46196400,VALE,Factor,2026-09-24
2020-09-21,5.980494976043701,11.130000114440918,11.260000228881836,11.3100004196167,10.869999885559082,41534200,VALE,Factor,2026-09-24
2020-09-22,5.962003707885742,10.640000343322754,10.779999732971191,10.789999961853027,10.489999771118164,29599100,VALE,Factor,2026-09-24
2020-09-23,5.967607498168945,10.649999618530273,10.390000343322754,10.729999542236328,10.390000343322754,84017800,VALE,Factor,2026-09-24
2020-09-24,5.995624542236328,10.699999809265137,10.649999618530273,10.859999656677246,10.550000190734863,73935000,VALE,Factor,2026-09-24
2020-09-25,6.018039703369141,10.739999771118164,10.489999771118164,10.760000228881836,10.489999771118164,45987900,VALE,Factor,2026-09-24
2020-09-28,5.87795352935791,10.489999771118164,10.880000114440918,10.920000076293945,10.449999809265137,37726900,VALE,Factor,2026-09-24
2020-09-29,5.833126068115234,10.40999984741211,10.470000267028809,10.720000267028809,10.399999618530273,28434600,VALE,Factor,2026-09-24
2020-09-30,5.928382873535156,10.579999923706055,10.5600004196167,10.729999542236328,10.470000267028809,27303800,VALE,Factor,2026-09-24
2020-10-01,5.833126068115234,10.40999984741211,10.579999923706055,10.619999885559082,10.289999961853027,21543500,VALE,Factor,2026-09-24
2020-10-02,5.821918964385986,10.390000343322754,10.329999923706055,10.539999961853027,10.3100004196167,24827800,VALE,Factor,2026-09-24
2020-10-05,6.0236406326293945,10.75,10.569999694824219,10.789999961853027,10.529999732971191,23405500,VALE,Factor,2026-09-24
2020-10-06,5.883556365966797,10.5,10.869999885559082,10.930000305175781,10.430000305175781,25228400,VALE,Factor,2026-09-24
2020-10-07,6.0236406326293945,10.75,10.680000305175781,10.880000114440918,10.579999923706055,30304400,VALE,Factor,2026-09-24
2020-10-08,6.19174337387085,11.050000190734863,10.75,11.0600004196167,10.710000038146973,28357800,VALE,Factor,2026-09-24
2020-10-09,6.27018928527832,11.1899995803833,11.15999984741211,11.210000038146973,11.050000190734863,26233200,VALE,Factor,2026-09-24
2020-10-12,6.28700065612793,11.220000267028809,11.270000457763672,11.300000190734863,11.180000305175781,14906300,VALE,Factor,2026-09-24
2020-10-13,6.281396865844727,11.210000038146973,11.010000228881836,11.289999961853027,10.970000267028809,22460500,VALE,Factor,2026-09-24
2020-10-14,6.354241847991943,11.34000015258789,11.220000267028809,11.359999656677246,11.210000038146973,28812000,VALE,Factor,2026-09-24
2020-10-15,6.264587879180908,11.180000305175781,11.130000114440918,11.279999732971191,11.069999694824219,16506000,VALE,Factor,2026-09-24
2020-10-16,6.214157581329346,11.09000015258789,11.220000267028809,11.239999771118164,11.09000015258789,11870300,VALE,Factor,2026-09-24
2020-10-19,6.236569404602051,11.130000114440918,11.170000076293945,11.329999923706055,11.109999656677246,16480400,VALE,Factor,2026-09-24
2020-10-20,6.214157581329346,11.09000015258789,11.09000015258789,11.260000228881836,11.039999961853027,17613900,VALE,Factor,2026-09-24
2020-10-21,6.309413909912109,11.260000228881836,11.100000381469727,11.34000015258789,11.0600004196167,21332900,VALE,Factor,2026-09-24
2020-10-22,6.331827640533447,11.300000190734863,11.25,11.449999809265137,11.210000038146973,20007200,VALE,Factor,2026-09-24
2020-10-23,6.337432861328125,11.3100004196167,11.279999732971191,11.430000305175781,11.130000114440918,29461400,VALE,Factor,2026-09-24
2020-10-26,6.242173194885254,11.140000343322754,11.260000228881836,11.300000190734863,11.039999961853027,18734800,VALE,Factor,2026-09-24
2020-10-27,6.186140060424805,11.039999961853027,11.09000015258789,11.170000076293945,11.029999732971191,25867000,VALE,Factor,2026-09-24
2020-10-28,5.90036678314209,10.529999732971191,10.819999694824219,10.869999885559082,10.479999542236328,26833700,VALE,Factor,2026-09-24
2020-10-29,6.034848213195801,10.770000457763672,10.470000267028809,10.880000114440918,10.390000343322754,32565000,VALE,Factor,2026-09-24
2020-10-30,5.9227800369262695,10.569999694824219,10.699999809265137,10.8100004196167,10.449999809265137,33879000,VALE,Factor,2026-09-24
2020-11-02,6.006831169128418,10.720000267028809,10.720000267028809,10.779999732971191,10.640000343322754,10000400,VALE,Factor,2026-09-24
2020-11-03,6.158123016357422,10.989999771118164,10.930000305175781,11.029999732971191,10.850000381469727,27845500,VALE,Factor,2026-09-24
2020-11-04,6.074072360992432,10.84000015258789,10.970000267028809,11.079999923706055,10.789999961853027,25124600,VALE,Factor,2026-09-24
2020-11-05,6.348637104034424,11.329999923706055,11.100000381469727,11.40999984741211,11.079999923706055,24749700,VALE,Factor,2026-09-24
2020-11-06,6.595186710357666,11.770000457763672,11.5,11.829999923706055,11.479999542236328,25898600,VALE,Factor,2026-09-24
2020-11-09,6.611998081207275,11.800000190734863,12.210000038146973,12.239999771118164,11.729999542236328,41421800,VALE,Factor,2026-09-24
2020-11-10,6.5727739334106445,11.729999542236328,11.739999771118164,11.9399995803833,11.630000114440918,40528800,VALE,Factor,2026-09-24
2020-11-11,6.634410858154297,11.84000015258789,11.800000190734863,11.869999885559082,11.710000038146973,27244400,VALE,Factor,2026-09-24
2020-11-12,6.438291549682617,11.489999771118164,11.720000267028809,11.75,11.430000305175781,18307900,VALE,Factor,2026-09-24
2020-11-13,6.544755935668945,11.680000305175781,11.510000228881836,11.680000305175781,11.40999984741211,34190900,VALE,Factor,2026-09-24
2020-11-16,6.757684707641602,12.0600004196167,11.729999542236328,12.069999694824219,11.670000076293945,74107400,VALE,Factor,2026-09-24
2020-11-17,7.037854194641113,12.5600004196167,12.180000305175781,12.829999923706055,12.140000343322754,53277200,VALE,Factor,2026-09-24
2020-11-18,6.948200702667236,12.399999618530273,12.630000114440918,12.680000305175781,12.369999885559082,24819700,VALE,Factor,2026-09-24
2020-11-19,7.149923324584961,12.760000228881836,12.550000190734863,12.789999961853027,12.520000457763672,31339700,VALE,Factor,2026-09-24
2020-11-20,7.105095863342285,12.680000305175781,12.720000267028809,12.770000457763672,12.600000381469727,17653700,VALE,Factor,2026-09-24
2020-11-23,7.390867233276367,13.1899995803833,13.0,13.1899995803833,12.880000114440918,49044900,VALE,Factor,2026-09-24
2020-11-24,7.85034704208374,14.010000228881836,13.279999732971191,14.039999961853027,13.260000228881836,65536300,VALE,Factor,2026-09-24
2020-11-25,8.012842178344727,14.300000190734863,14.020000457763672,14.329999923706055,13.960000038146973,57687200,VALE,Factor,2026-09-24
2020-11-27,8.253789901733398,14.729999542236328,14.5,14.760000228881836,14.460000038146973,33007800,VALE,Factor,2026-09-24
2020-11-30,8.15853214263916,14.5600004196167,14.789999961853027,14.8100004196167,14.399999618530273,42430500,VALE,Factor,2026-09-24
2020-12-01,8.763697624206543,15.640000343322754,15.239999771118164,15.680000305175781,15.170000076293945,52575100,VALE,Factor,2026-09-24
2020-12-02,8.589993476867676,15.329999923706055,15.039999961853027,15.600000381469727,14.84000015258789,50382300,VALE,Factor,2026-09-24
2020-12-03,8.595597267150879,15.34000015258789,15.510000228881836,15.729999542236328,15.270000457763672,35956800,VALE,Factor,2026-09-24
2020-12-04,8.993436813354492,16.049999237060547,15.760000228881836,16.15999984741211,15.720000267028809,44203800,VALE,Factor,2026-09-24
2020-12-07,9.122316360473633,16.280000686645508,16.18000030517578,16.290000915527344,16.110000610351562,42044100,VALE,Factor,2026-09-24
2020-12-08,9.071884155273438,16.190000534057617,16.1299991607666,16.450000762939453,16.100000381469727,28022200,VALE,Factor,2026-09-24
2020-12-09,9.015850067138672,16.09000015258789,16.290000915527344,16.31999969482422,15.9399995803833,29604200,VALE,Factor,2026-09-24
2020-12-10,9.52575969696045,17.0,16.440000534057617,17.049999237060547,16.399999618530273,42094300,VALE,Factor,2026-09-24
2020-12-11,9.447309494018555,16.860000610351562,16.760000228881836,16.920000076293945,16.700000762939453,31929200,VALE,Factor,2026-09-24
2020-12-14,9.223176002502441,16.459999084472656,16.75,16.799999237060547,16.329999923706055,30601700,VALE,Factor,2026-09-24
2020-12-15,9.34084701538086,16.670000076293945,16.75,16.770000457763672,16.559999465942383,16439100,VALE,Factor,2026-09-24
2020-12-16,9.49213981628418,16.940000534057617,16.68000030517578,16.969999313354492,16.5,16764200,VALE,Factor,2026-09-24
2020-12-17,9.654637336730957,17.229999542236328,17.239999771118164,17.440000534057617,17.170000076293945,29416300,VALE,Factor,2026-09-24
2020-12-18,9.73308277130127,17.3700008392334,17.280000686645508,17.459999084472656,17.219999313354492,25577300,VALE,Factor,2026-09-24
2020-12-21,9.52575969696045,17.0,16.729999542236328,17.1299991607666,16.700000762939453,25899100,VALE,Factor,2026-09-24
2020-12-22,9.413688659667969,16.799999237060547,16.770000457763672,16.860000610351562,16.600000381469727,19819500,VALE,Factor,2026-09-24
2020-12-23,9.430500030517578,16.829999923706055,16.860000610351562,16.959999084472656,16.760000228881836,15523200,VALE,Factor,2026-09-24
2020-12-24,9.46412181854248,16.889999389648438,16.899999618530273,16.920000076293945,16.739999771118164,9039900,VALE,Factor,2026-09-24
2020-12-28,9.374466896057129,16.729999542236328,16.899999618530273,16.940000534057617,16.6200008392334,18639400,VALE,Factor,2026-09-24
2020-12-29,9.436103820800781,16.84000015258789,16.920000076293945,17.0,16.639999389648438,21124200,VALE,Factor,2026-09-24
2020-12-30,9.497742652893066,16.950000762939453,16.709999084472656,16.969999313354492,16.68000030517578,19434900,VALE,Factor,2026-09-24
2020-12-31,9.391277313232422,16.760000228881836,16.950000762939453,16.969999313354492,16.75,8228600,VALE,Factor,2026-09-24
2021-01-04,9.749893188476562,17.399999618530273,17.5,17.700000762939453,17.200000762939453,44854800,VALE,Factor,2026-09-24
2021-01-05,9.912391662597656,17.690000534057617,17.149999618530273,17.700000762939453,17.09000015258789,38460700,VALE,Factor,2026-09-24
2021-01-06,10.175750732421875,18.15999984741211,17.81999969482422,18.350000381469727,17.690000534057617,38234200,VALE,Factor,2026-09-24
2021-01-07,10.607213020324707,18.93000030517578,18.389999389648438,19.0,18.280000686645508,71389700,VALE,Factor,2026-09-24
2021-01-08,10.60161018371582,18.920000076293945,18.8799991607666,18.940000534057617,18.510000228881836,42156400,VALE,Factor,2026-09-24
2021-01-11,10.42790412902832,18.610000610351562,18.3700008392334,18.65999984741211,18.290000915527344,36916800,VALE,Factor,2026-09-24
2021-01-12,10.483938217163086,18.709999084472656,18.469999313354492,18.81999969482422,18.420000076293945,25180300,VALE,Factor,2026-09-24
2021-01-13,10.170145988464355,18.149999618530273,18.450000762939453,18.5,18.020000457763672,21136400,VALE,Factor,2026-09-24
2021-01-14,10.612815856933594,18.940000534057617,18.5,18.940000534057617,18.40999984741211,25737600,VALE,Factor,2026-09-24
2021-01-15,9.884374618530273,17.639999389648438,18.280000686645508,18.290000915527344,17.610000610351562,33742200,VALE,Factor,2026-09-24
2021-01-19,9.867565155029297,17.610000610351562,17.639999389648438,17.700000762939453,17.290000915527344,29263400,VALE,Factor,2026-09-24
2021-01-20,9.777912139892578,17.450000762939453,17.799999237060547,17.81999969482422,17.18000030517578,21869500,VALE,Factor,2026-09-24
2021-01-21,9.789118766784668,17.469999313354492,17.729999542236328,17.75,17.309999465942383,33202800,VALE,Factor,2026-09-24
2021-01-22,9.643428802490234,17.209999084472656,16.920000076293945,17.229999542236328,16.809999465942383,23447600,VALE,Factor,2026-09-24
2021-01-25,9.497742652893066,16.950000762939453,17.200000762939453,17.200000762939453,16.700000762939453,16259900,VALE,Factor,2026-09-24
2021-01-26,9.621016502380371,17.170000076293945,17.360000610351562,17.5,17.110000610351562,24582600,VALE,Factor,2026-09-24
2021-01-27,9.251192092895508,16.510000228881836,16.719999313354492,16.899999618530273,16.3799991607666,29628800,VALE,Factor,2026-09-24
2021-01-28,9.385673522949219,16.75,16.520000457763672,16.8799991607666,16.229999542236328,27265100,VALE,Factor,2026-09-24
2021-01-29,9.049469947814941,16.149999618530273,16.360000610351562,16.510000228881836,16.09000015258789,22826400,VALE,Factor,2026-09-24
2021-02-01,9.380069732666016,16.739999771118164,16.469999313354492,16.899999618530273,16.200000762939453,25607800,VALE,Factor,2026-09-24
2021-02-02,9.178348541259766,16.3799991607666,16.739999771118164,16.760000228881836,16.329999923706055,31693300,VALE,Factor,2026-09-24
2021-02-03,9.46412181854248,16.889999389648438,16.709999084472656,17.309999465942383,16.65999984741211,38262100,VALE,Factor,2026-09-24
2021-02-04,9.245589256286621,16.5,16.850000381469727,16.899999618530273,16.43000030517578,31559000,VALE,Factor,2026-09-24
2021-02-05,9.671445846557617,17.260000228881836,16.729999542236328,17.31999969482422,16.719999313354492,23718600,VALE,Factor,2026-09-24
2021-02-08,9.889978408813477,17.649999618530273,17.350000381469727,17.8700008392334,17.34000015258789,37457800,VALE,Factor,2026-09-24
2021-02-09,9.884374618530273,17.639999389648438,17.229999542236328,17.649999618530273,17.06999969482422,25655600,VALE,Factor,2026-09-24
2021-02-10,9.889978408813477,17.649999618530273,17.690000534057617,17.799999237060547,17.5,27846100,VALE,Factor,2026-09-24
2021-02-11,9.73308277130127,17.3700008392334,17.68000030517578,17.75,17.299999237060547,17275500,VALE,Factor,2026-09-24
2021-02-12,9.805927276611328,17.5,17.209999084472656,17.610000610351562,17.1299991607666,10500800,VALE,Factor,2026-09-24
2021-02-16,10.102907180786133,18.030000686645508,17.84000015258789,18.079999923706055,17.790000915527344,17515200,VALE,Factor,2026-09-24
2021-02-17,10.013253211975098,17.8700008392334,18.0,18.170000076293945,17.649999618530273,29903400,VALE,Factor,2026-09-24
2021-02-18,10.07489013671875,17.979999542236328,18.0,18.100000381469727,17.68000030517578,23664300,VALE,Factor,2026-09-24
2021-02-19,10.209371566772461,18.219999313354492,18.079999923706055,18.469999313354492,18.059999465942383,30013600,VALE,Factor,2026-09-24
2021-02-22,9.82274055480957,17.530000686645508,17.219999313354492,18.079999923706055,17.09000015258789,43032900,VALE,Factor,2026-09-24
2021-02-23,10.03006362915039,17.899999618530273,17.479999542236328,17.950000762939453,17.040000915527344,32639600,VALE,Factor,2026-09-24
2021-02-24,10.114113807678223,18.049999237060547,17.75,18.149999618530273,17.65999984741211,20345600,VALE,Factor,2026-09-24
2021-02-25,9.749893188476562,17.399999618530273,18.110000610351562,18.200000762939453,17.229999542236328,31641600,VALE,Factor,2026-09-24
2021-02-26,9.469724655151367,16.899999618530273,17.6200008392334,17.6200008392334,16.84000015258789,30064700,VALE,Factor,2026-09-24
2021-03-01,9.82274055480957,17.530000686645508,17.360000610351562,17.770000457763672,17.15999984741211,34783500,VALE,Factor,2026-09-24
2021-03-02,10.05808162689209,17.950000762939453,17.270000457763672,18.09000015258789,17.239999771118164,36881000,VALE,Factor,2026-09-24
2021-03-03,10.0188570022583,17.8799991607666,17.65999984741211,18.1200008392334,17.389999389648438,42451000,VALE,Factor,2026-09-24
2021-03-04,9.805927276611328,17.5,18.049999237060547,18.239999771118164,17.239999771118164,37424400,VALE,Factor,2026-09-24
2021-03-05,10.3960542678833,17.739999771118164,17.1200008392334,17.75,17.100000381469727,40994500,VALE,Factor,2026-09-24
2021-03-08,10.091320991516113,17.219999313354492,17.559999465942383,17.850000381469727,17.149999618530273,47401300,VALE,Factor,2026-09-24
2021-03-09,9.968256950378418,17.010000228881836,16.799999237060547,17.200000762939453,16.389999389648438,37627400,VALE,Factor,2026-09-24
2021-03-10,10.091320991516113,17.219999313354492,16.8799991607666,17.299999237060547,16.719999313354492,45183100,VALE,Factor,2026-09-24
2021-03-11,10.560139656066895,18.020000457763672,17.670000076293945,18.139999389648438,17.670000076293945,30339000,VALE,Factor,2026-09-24
2021-03-12,10.32573127746582,17.6200008392334,17.639999389648438,17.75,17.399999618530273,26400700,VALE,Factor,2026-09-24
2021-03-15,10.103041648864746,17.239999771118164,17.270000457763672,17.299999237060547,17.020000457763672,20839400,VALE,Factor,2026-09-24
2021-03-16,10.07374095916748,17.190000534057617,17.520000457763672,17.559999465942383,17.1200008392334,17837500,VALE,Factor,2026-09-24
2021-03-17,10.290568351745605,17.559999465942383,17.110000610351562,17.639999389648438,17.030000686645508,21525600,VALE,Factor,2026-09-24
2021-03-18,10.126482009887695,17.280000686645508,17.399999618530273,17.860000610351562,17.200000762939453,21987200,VALE,Factor,2026-09-24
2021-03-19,10.108901977539062,17.25,17.209999084472656,17.34000015258789,16.90999984741211,29946100,VALE,Factor,2026-09-24
2021-03-22,9.968256950378418,17.010000228881836,16.799999237060547,17.079999923706055,16.600000381469727,25653900,VALE,Factor,2026-09-24
2021-03-23,9.716266632080078,16.579999923706055,17.0,17.100000381469727,16.530000686645508,38210900,VALE,Factor,2026-09-24
2021-03-24,9.780729293823242,16.690000534057617,16.84000015258789,17.09000015258789,16.610000610351562,26472000,VALE,Factor,2026-09-24
2021-03-25,9.575621604919434,16.34000015258789,16.520000457763672,16.56999969482422,16.049999237060547,32105100,VALE,Factor,2026-09-24
2021-03-26,9.810029983520508,16.739999771118164,16.739999771118164,16.829999923706055,16.280000686645508,31425000,VALE,Factor,2026-09-24
2021-03-29,9.938955307006836,16.959999084472656,16.790000915527344,17.059999465942383,16.729999542236328,22626500,VALE,Factor,2026-09-24
2021-03-30,9.974116325378418,17.020000457763672,16.969999313354492,17.020000457763672,16.739999771118164,20101100,VALE,Factor,2026-09-24
2021-03-31,10.185083389282227,17.3799991607666,17.010000228881836,17.440000534057617,17.0,26083700,VALE,Factor,2026-09-24
2021-04-01,10.032720565795898,17.1200008392334,17.389999389648438,17.510000228881836,16.93000030517578,20811700,VALE,Factor,2026-09-24
2021-04-05,10.712505340576172,18.280000686645508,17.81999969482422,18.360000610351562,17.790000915527344,38306900,VALE,Factor,2026-09-24
2021-04-06,10.730085372924805,18.309999465942383,18.31999969482422,18.600000381469727,18.270000457763672,22398900,VALE,Factor,2026-09-24
2021-04-07,10.929333686828613,18.649999618530273,18.420000076293945,18.84000015258789,18.40999984741211,29545700,VALE,Factor,2026-09-24
2021-04-08,11.034818649291992,18.829999923706055,18.84000015258789,18.979999542236328,18.6299991607666,24584800,VALE,Factor,2026-09-24
2021-04-09,10.677345275878906,18.219999313354492,18.530000686645508,18.649999618530273,18.190000534057617,19611300,VALE,Factor,2026-09-24
2021-04-12,10.601160049438477,18.09000015258789,18.350000381469727,18.389999389648438,18.049999237060547,19816000,VALE,Factor,2026-09-24
2021-04-13,10.659764289855957,18.190000534057617,18.079999923706055,18.350000381469727,17.959999084472656,16911500,VALE,Factor,2026-09-24
2021-04-14,11.08169937133789,18.90999984741211,18.200000762939453,19.049999237060547,18.200000762939453,25259200,VALE,Factor,2026-09-24
2021-04-15,11.310249328613281,19.299999237060547,19.350000381469727,19.399999618530273,19.110000610351562,25754300,VALE,Factor,2026-09-24
2021-04-16,11.445034980773926,19.530000686645508,19.209999084472656,19.530000686645508,19.010000228881836,27685400,VALE,Factor,2026-09-24
2021-04-19,11.386433601379395,19.43000030517578,19.5,19.719999313354492,19.399999618530273,27786100,VALE,Factor,2026-09-24
2021-04-20,11.2282075881958,19.15999984741211,19.440000534057617,19.440000534057617,19.049999237060547,25122800,VALE,Factor,2026-09-24
2021-04-21,11.380572319030762,19.420000076293945,19.09000015258789,19.520000457763672,18.790000915527344,20570500,VALE,Factor,2026-09-24
2021-04-22,11.398152351379395,19.450000762939453,19.440000534057617,19.510000228881836,19.0,30103800,VALE,Factor,2026-09-24
2021-04-23,11.52121639251709,19.65999984741211,19.6299991607666,19.729999542236328,19.459999084472656,16821800,VALE,Factor,2026-09-24
2021-04-26,11.69116497039795,19.950000762939453,20.020000457763672,20.139999389648438,19.829999923706055,24744500,VALE,Factor,2026-09-24
2021-04-27,11.896273612976074,20.299999237060547,20.079999923706055,20.360000610351562,19.920000076293945,29662700,VALE,Factor,2026-09-24
2021-04-28,12.28304386138916,20.959999084472656,20.290000915527344,21.0,20.260000228881836,32434900,VALE,Factor,2026-09-24
2021-04-29,12.341651916503906,21.059999465942383,21.030000686645508,21.1200008392334,20.670000076293945,32035800,VALE,Factor,2026-09-24
2021-04-30,11.790787696838379,20.1200008392334,20.579999923706055,20.760000228881836,20.020000457763672,36748500,VALE,Factor,2026-09-24
2021-05-03,11.77320671081543,20.09000015258789,20.18000030517578,20.350000381469727,20.059999465942383,22234200,VALE,Factor,2026-09-24
2021-05-04,11.943154335021973,20.3799991607666,20.0,20.540000915527344,19.969999313354492,28749600,VALE,Factor,2026-09-24
2021-05-05,12.148262023925781,20.729999542236328,20.8700008392334,21.0,20.6299991607666,26637300,VALE,Factor,2026-09-24
2021-05-06,12.804608345031738,21.850000381469727,21.1299991607666,21.899999618530273,21.0,40997500,VALE,Factor,2026-09-24
2021-05-07,12.939395904541016,22.079999923706055,22.030000686645508,22.200000762939453,21.809999465942383,34101600,VALE,Factor,2026-09-24
2021-05-10,12.92181396484375,22.049999237060547,22.969999313354492,23.020000457763672,22.010000228881836,42773100,VALE,Factor,2026-09-24
2021-05-11,13.30859088897705,22.709999084472656,21.93000030517578,22.760000228881836,21.809999465942383,42737300,VALE,Factor,2026-09-24
2021-05-12,12.699126243591309,21.670000076293945,22.399999618530273,22.59000015258789,21.559999465942383,34745800,VALE,Factor,2026-09-24
2021-05-13,12.464714050292969,21.270000457763672,21.170000076293945,21.75,21.010000228881836,38785400,VALE,Factor,2026-09-24
2021-05-14,12.324070930480957,21.030000686645508,21.09000015258789,21.280000686645508,20.799999237060547,29950900,VALE,Factor,2026-09-24
2021-05-17,12.652243614196777,21.59000015258789,21.020000457763672,21.670000076293945,21.010000228881836,37285900,VALE,Factor,2026-09-24
2021-05-18,12.833911895751953,21.899999618530273,21.760000228881836,22.040000915527344,21.6200008392334,40717500,VALE,Factor,2026-09-24
2021-05-19,12.370952606201172,21.110000610351562,21.209999084472656,21.399999618530273,20.780000686645508,48593500,VALE,Factor,2026-09-24
2021-05-20,12.34750747680664,21.06999969482422,21.170000076293945,21.209999084472656,20.850000381469727,29093400,VALE,Factor,2026-09-24
2021-05-21,11.984179496765137,20.450000762939453,21.0,21.079999923706055,20.309999465942383,35357500,VALE,Factor,2026-09-24
2021-05-24,12.07794189453125,20.610000610351562,20.329999923706055,20.729999542236328,20.229999542236328,24307000,VALE,Factor,2026-09-24
2021-05-25,11.802508354187012,20.139999389648438,20.8799991607666,20.889999389648438,20.049999237060547,39800700,VALE,Factor,2026-09-24
2021-05-26,12.130683898925781,20.700000762939453,20.020000457763672,20.81999969482422,20.0,34008100,VALE,Factor,2026-09-24
2021-05-27,12.388531684875488,21.139999389648438,21.030000686645508,21.290000915527344,20.940000534057617,41706800,VALE,Factor,2026-09-24
2021-05-28,12.611223220825195,21.520000457763672,21.079999923706055,21.670000076293945,20.950000762939453,39084900,VALE,Factor,2026-09-24
2021-06-01,13.009718894958496,22.200000762939453,22.75,22.799999237060547,22.059999465942383,41512100,VALE,Factor,2026-09-24
2021-06-02,13.285147666931152,22.670000076293945,22.040000915527344,22.829999923706055,21.979999542236328,43409400,VALE,Factor,2026-09-24
2021-06-03,13.126920700073242,22.399999618530273,22.389999389648438,22.489999771118164,22.010000228881836,25924600,VALE,Factor,2026-09-24
2021-06-04,13.15622329711914,22.450000762939453,22.68000030517578,22.690000534057617,22.260000228881836,20679100,VALE,Factor,2026-09-24
2021-06-07,13.056597709655762,22.280000686645508,22.09000015258789,22.360000610351562,22.09000015258789,27500600,VALE,Factor,2026-09-24
2021-06-08,12.822189331054688,21.8799991607666,22.200000762939453,22.270000457763672,21.790000915527344,26471000,VALE,Factor,2026-09-24
2021-06-09,12.980416297912598,22.149999618530273,21.950000762939453,22.399999618530273,21.850000381469727,31167600,VALE,Factor,2026-09-24
2021-06-10,13.027297019958496,22.229999542236328,22.1299991607666,22.3700008392334,22.0,34421600,VALE,Factor,2026-09-24
2021-06-11,13.126920700073242,22.399999618530273,22.3799991607666,22.479999542236328,22.139999389648438,22649700,VALE,Factor,2026-09-24
2021-06-14,13.203105926513672,22.530000686645508,22.559999465942383,22.729999542236328,22.270000457763672,25956000,VALE,Factor,2026-09-24
2021-06-15,12.974556922912598,22.139999389648438,22.309999465942383,22.399999618530273,21.8799991607666,30966500,VALE,Factor,2026-09-24
2021-06-16,12.593640327453613,21.489999771118164,21.829999923706055,21.860000610351562,21.290000915527344,32532300,VALE,Factor,2026-09-24
2021-06-17,12.353368759155273,21.079999923706055,21.56999969482422,21.6200008392334,20.8799991607666,32693900,VALE,Factor,2026-09-24
2021-06-18,12.605362892150879,21.510000228881836,21.469999313354492,21.579999923706055,21.190000534057617,30869900,VALE,Factor,2026-09-24
2021-06-21,12.892513275146484,22.0,21.420000076293945,22.079999923706055,21.420000076293945,25854900,VALE,Factor,2026-09-24
2021-06-22,13.191386222839355,22.510000228881836,22.079999923706055,22.520000457763672,22.010000228881836,25061600,VALE,Factor,2026-09-24
2021-06-23,13.36133098602295,22.799999237060547,22.770000457763672,23.1200008392334,22.709999084472656,31702200,VALE,Factor,2026-09-24
2021-06-24,13.526226043701172,22.639999389648438,22.510000228881836,22.860000610351562,22.329999923706055,26017200,VALE,Factor,2026-09-24
2021-06-25,13.550126075744629,22.68000030517578,22.920000076293945,23.18000030517578,22.670000076293945,32446600,VALE,Factor,2026-09-24
2021-06-28,13.400762557983398,22.43000030517578,22.8700008392334,22.899999618530273,22.329999923706055,26978300,VALE,Factor,2026-09-24
2021-06-29,13.621816635131836,22.799999237060547,22.559999465942383,22.950000762939453,22.549999237060547,20723800,VALE,Factor,2026-09-24
2021-06-30,13.62779426574707,22.809999465942383,22.670000076293945,22.93000030517578,22.399999618530273,23643800,VALE,Factor,2026-09-24
2021-07-01,13.209579467773438,22.110000610351562,22.860000610351562,22.8799991607666,22.010000228881836,26176100,VALE,Factor,2026-09-24
2021-07-02,13.430633544921875,22.479999542236328,22.459999084472656,22.549999237060547,22.1299991607666,20370600,VALE,Factor,2026-09-24
2021-07-06,13.119962692260742,21.959999084472656,22.149999618530273,22.25,21.75,26079700,VALE,Factor,2026-09-24
2021-07-07,13.10204029083252,21.93000030517578,22.059999465942383,22.290000915527344,21.75,25089200,VALE,Factor,2026-09-24
2021-07-08,13.000472068786621,21.760000228881836,21.3799991607666,21.8799991607666,21.18000030517578,24261500,VALE,Factor,2026-09-24
2021-07-09,13.394786834716797,22.420000076293945,22.100000381469727,22.600000381469727,21.899999618530273,16302300,VALE,Factor,2026-09-24
2021-07-12,13.335041999816895,22.31999969482422,22.1200008392334,22.440000534057617,22.010000228881836,16920500,VALE,Factor,2026-09-24
2021-07-13,13.382837295532227,22.399999618530273,22.290000915527344,22.5,22.18000030517578,13555700,VALE,Factor,2026-09-24
2021-07-14,13.538175582885742,22.65999984741211,22.770000457763672,22.940000534057617,22.520000457763672,20484400,VALE,Factor,2026-09-24
2021-07-15,13.466482162475586,22.540000915527344,22.670000076293945,22.920000076293945,22.34000015258789,17296400,VALE,Factor,2026-09-24
2021-07-16,13.185681343078613,22.06999969482422,22.65999984741211,22.65999984741211,22.059999465942383,22619900,VALE,Factor,2026-09-24
2021-07-19,12.755518913269043,21.350000381469727,21.559999465942383,21.610000610351562,21.139999389648438,26132700,VALE,Factor,2026-09-24
2021-07-20,12.92280387878418,21.6299991607666,21.149999618530273,21.719999313354492,20.860000610351562,20235500,VALE,Factor,2026-09-24
2021-07-21,13.17373275756836,22.049999237060547,21.6299991607666,22.1299991607666,21.56999969482422,18644200,VALE,Factor,2026-09-24
2021-07-22,13.108012199401855,21.940000534057617,21.969999313354492,22.059999465942383,21.639999389648438,13670100,VALE,Factor,2026-09-24
2021-07-23,13.11398696899414,21.950000762939453,22.149999618530273,22.170000076293945,21.75,19138100,VALE,Factor,2026-09-24
2021-07-26,13.466482162475586,22.540000915527344,22.139999389648438,22.6200008392334,22.110000610351562,16925600,VALE,Factor,2026-09-24
2021-07-27,13.2454252243042,22.170000076293945,22.260000228881836,22.40999984741211,22.030000686645508,18721800,VALE,Factor,2026-09-24
2021-07-28,13.705461502075195,22.940000534057617,22.450000762939453,23.030000686645508,22.40999984741211,23867000,VALE,Factor,2026-09-24
2021-07-29,13.663640975952148,22.8700008392334,23.049999237060547,23.149999618530273,22.68000030517578,30116800,VALE,Factor,2026-09-24
2021-07-30,12.558361053466797,21.020000457763672,22.06999969482422,22.1200008392334,20.969999313354492,41709200,VALE,Factor,2026-09-24
2021-08-02,12.671875953674316,21.209999084472656,21.510000228881836,21.760000228881836,21.200000762939453,25974900,VALE,Factor,2026-09-24
2021-08-03,12.988521575927734,21.739999771118164,21.149999618530273,21.770000457763672,20.920000076293945,35585800,VALE,Factor,2026-09-24
2021-08-04,12.958651542663574,21.690000534057617,21.709999084472656,21.889999389648438,21.489999771118164,30837700,VALE,Factor,2026-09-24
2021-08-05,12.53446102142334,20.979999542236328,21.280000686645508,21.3700008392334,20.899999618530273,33534000,VALE,Factor,2026-09-24
2021-08-06,12.510563850402832,20.940000534057617,21.209999084472656,21.25,20.90999984741211,22708200,VALE,Factor,2026-09-24
2021-08-09,12.450819969177246,20.84000015258789,20.670000076293945,20.950000762939453,20.440000534057617,16929400,VALE,Factor,2026-09-24
2021-08-10,12.642003059387207,21.15999984741211,20.8700008392334,21.360000610351562,20.860000610351562,17605000,VALE,Factor,2026-09-24
2021-08-11,12.564334869384766,21.030000686645508,21.209999084472656,21.329999923706055,20.940000534057617,13997900,VALE,Factor,2026-09-24
2021-08-12,12.474716186523438,20.8799991607666,21.0,21.09000015258789,20.84000015258789,16958200,VALE,Factor,2026-09-24
2021-08-13,12.331330299377441,20.639999389648438,20.850000381469727,20.8799991607666,20.540000915527344,15920100,VALE,Factor,2026-09-24
2021-08-16,12.32535457611084,20.6299991607666,20.420000076293945,20.709999084472656,20.18000030517578,20530000,VALE,Factor,2026-09-24
2021-08-17,12.146119117736816,20.329999923706055,20.700000762939453,20.729999542236328,20.030000686645508,25808200,VALE,Factor,2026-09-24
2021-08-18,11.536725997924805,19.309999465942383,19.809999465942383,19.950000762939453,19.299999237060547,39041200,VALE,Factor,2026-09-24
2021-08-19,10.789913177490234,18.059999465942383,18.34000015258789,18.420000076293945,18.0,57005800,VALE,Factor,2026-09-24
2021-08-20,10.891478538513184,18.229999542236328,18.049999237060547,18.329999923706055,17.969999313354492,30253300,VALE,Factor,2026-09-24
2021-08-23,10.700295448303223,17.90999984741211,18.100000381469727,18.15999984741211,17.889999389648438,28666100,VALE,Factor,2026-09-24
2021-08-24,11.303720474243164,18.920000076293945,18.700000762939453,19.200000762939453,18.6299991607666,42029000,VALE,Factor,2026-09-24
2021-08-25,11.399312019348145,19.079999923706055,18.8700008392334,19.1299991607666,18.719999313354492,17660600,VALE,Factor,2026-09-24
2021-08-26,11.214103698730469,18.770000457763672,18.829999923706055,19.09000015258789,18.700000762939453,14722900,VALE,Factor,2026-09-24
2021-08-27,11.61439037322998,19.440000534057617,18.979999542236328,19.469999313354492,18.959999084472656,15286100,VALE,Factor,2026-09-24
2021-08-30,11.542698860168457,19.31999969482422,19.399999618530273,19.489999771118164,19.18000030517578,15768400,VALE,Factor,2026-09-24
2021-08-31,11.393336296081543,19.06999969482422,19.209999084472656,19.219999313354492,18.93000030517578,22341700,VALE,Factor,2026-09-24
2021-09-01,11.399312019348145,19.079999923706055,18.639999389648438,19.25,18.579999923706055,21833900,VALE,Factor,2026-09-24
2021-09-02,11.393336296081543,19.06999969482422,19.139999389648438,19.360000610351562,18.93000030517578,19720400,VALE,Factor,2026-09-24
2021-09-03,11.399312019348145,19.079999923706055,19.31999969482422,19.3700008392334,19.030000686645508,20575400,VALE,Factor,2026-09-24
2021-09-07,11.178256034851074,18.709999084472656,18.979999542236328,19.049999237060547,18.709999084472656,14956400,VALE,Factor,2026-09-24
2021-09-08,10.742116928100586,17.979999542236328,18.360000610351562,18.360000610351562,17.93000030517578,33248600,VALE,Factor,2026-09-24
2021-09-09,10.78393840789795,18.049999237060547,18.040000915527344,18.219999313354492,17.56999969482422,44470800,VALE,Factor,2026-09-24
2021-09-10,10.771988868713379,18.030000686645508,18.25,18.450000762939453,18.020000457763672,29854800,VALE,Factor,2026-09-24
2021-09-13,10.807835578918457,18.09000015258789,18.170000076293945,18.200000762939453,17.979999542236328,21016500,VALE,Factor,2026-09-24
2021-09-14,10.652499198913574,17.829999923706055,18.280000686645508,18.280000686645508,17.729999542236328,28829000,VALE,Factor,2026-09-24
2021-09-15,10.5270357131958,17.6200008392334,17.709999084472656,17.950000762939453,17.440000534057617,27295200,VALE,Factor,2026-09-24
2021-09-16,9.98933219909668,16.719999313354492,17.020000457763672,17.1299991607666,16.690000534057617,41691100,VALE,Factor,2026-09-24
2021-09-17,9.744379043579102,16.309999465942383,16.540000915527344,16.559999465942383,15.9399995803833,58015900,VALE,Factor,2026-09-24
2021-09-20,9.356039047241211,15.65999984741211,15.710000038146973,15.800000190734863,15.119999885559082,69326400,VALE,Factor,2026-09-24
2021-09-21,9.487476348876953,15.880000114440918,15.770000457763672,15.989999771118164,15.470000267028809,33936700,VALE,Factor,2026-09-24
2021-09-22,9.810097694396973,16.420000076293945,16.850000381469727,16.920000076293945,16.31999969482422,53406800,VALE,Factor,2026-09-24
2021-09-23,9.783035278320312,14.819999694824219,14.760000228881836,15.1899995803833,14.65999984741211,49957700,VALE,Factor,2026-09-24
2021-09-24,9.565194129943848,14.489999771118164,14.5600004196167,14.760000228881836,14.399999618530273,35663800,VALE,Factor,2026-09-24
2021-09-27,9.598198890686035,14.539999961853027,14.5600004196167,14.84000015258789,14.199999809265137,55514900,VALE,Factor,2026-09-24
2021-09-28,9.10970687866211,13.800000190734863,14.380000114440918,14.40999984741211,13.760000228881836,41274000,VALE,Factor,2026-09-24
2021-09-29,9.221928596496582,13.970000267028809,13.960000038146973,14.229999542236328,13.75,44462700,VALE,Factor,2026-09-24
2021-09-30,9.208725929260254,13.949999809265137,14.300000190734863,14.40999984741211,13.930000305175781,42957800,VALE,Factor,2026-09-24
2021-10-01,9.373757362365723,14.199999809265137,14.289999961853027,14.369999885559082,14.010000228881836,25893100,VALE,Factor,2026-09-24
2021-10-04,9.169118881225586,13.890000343322754,14.079999923706055,14.210000038146973,13.859999656677246,34494000,VALE,Factor,2026-09-24
2021-10-05,9.070099830627441,13.739999771118164,13.899999618530273,13.979999542236328,13.710000038146973,35044300,VALE,Factor,2026-09-24
2021-10-06,9.26813793182373,14.039999961853027,13.5600004196167,14.119999885559082,13.510000228881836,31006800,VALE,Factor,2026-09-24
2021-10-07,9.545389175415039,14.460000038146973,14.210000038146973,14.600000381469727,14.180000305175781,35423400,VALE,Factor,2026-09-24
2021-10-08,9.618001937866211,14.569999694824219,14.770000457763672,14.850000381469727,14.460000038146973,28083200,VALE,Factor,2026-09-24
2021-10-11,9.736824035644531,14.75,15.0,15.100000381469727,14.619999885559082,35259000,VALE,Factor,2026-09-24
2021-10-12,9.697216987609863,14.6899995803833,14.710000038146973,14.800000190734863,14.59000015258789,13992400,VALE,Factor,2026-09-24
2021-10-13,9.5189847946167,14.420000076293945,14.399999618530273,14.520000457763672,14.260000228881836,26261800,VALE,Factor,2026-09-24
2021-10-14,9.545389175415039,14.460000038146973,14.539999961853027,14.640000343322754,14.390000343322754,28393600,VALE,Factor,2026-09-24
2021-10-15,9.756628036499023,14.779999732971191,14.5600004196167,14.9399995803833,14.539999961853027,22290400,VALE,Factor,2026-09-24
2021-10-18,9.63780689239502,14.600000381469727,14.460000038146973,14.609999656677246,14.210000038146973,31198900,VALE,Factor,2026-09-24
2021-10-19,9.380358695983887,14.210000038146973,14.460000038146973,14.479999542236328,14.100000381469727,28358300,VALE,Factor,2026-09-24
2021-10-20,9.14271354675293,13.850000381469727,13.90999984741211,14.100000381469727,13.770000457763672,44766900,VALE,Factor,2026-09-24
2021-10-21,8.806050300598145,13.34000015258789,13.260000228881836,13.380000114440918,12.880000114440918,75025000,VALE,Factor,2026-09-24
2021-10-22,8.924873352050781,13.520000457763672,13.380000114440918,13.640000343322754,13.210000038146973,42785900,VALE,Factor,2026-09-24
2021-10-25,9.17572021484375,13.899999618530273,13.729999542236328,14.020000457763672,13.649999618530273,22458500,VALE,Factor,2026-09-24
2021-10-26,9.103107452392578,13.789999961853027,13.819999694824219,13.880000114440918,13.649999618530273,17550000,VALE,Factor,2026-09-24
2021-10-27,8.891864776611328,13.470000267028809,13.739999771118164,13.789999961853027,13.399999618530273,32442400,VALE,Factor,2026-09-24
2021-10-28,8.713630676269531,13.199999809265137,13.300000190734863,13.380000114440918,13.140000343322754,33663100,VALE,Factor,2026-09-24
2021-10-29,8.403375625610352,12.729999542236328,12.869999885559082,12.979999542236328,12.630000114440918,39768900,VALE,Factor,2026-09-24
2021-11-01,8.50239372253418,12.880000114440918,12.729999542236328,12.890000343322754,12.600000381469727,24803500,VALE,Factor,2026-09-24
2021-11-02,8.126124382019043,12.3100004196167,12.5,12.630000114440918,12.15999984741211,56967600,VALE,Factor,2026-09-24
2021-11-03,7.954492092132568,12.050000190734863,12.3100004196167,12.34000015258789,11.960000038146973,84904900,VALE,Factor,2026-09-24
2021-11-04,7.782858848571777,11.789999961853027,11.989999771118164,12.100000381469727,11.75,52008600,VALE,Factor,2026-09-24
2021-11-05,7.664035797119141,11.609999656677246,11.84000015258789,11.869999885559082,11.59000015258789,54864400,VALE,Factor,2026-09-24
2021-11-08,8.073312759399414,12.229999542236328,11.729999542236328,12.34000015258789,11.710000038146973,55868000,VALE,Factor,2026-09-24
2021-11-09,7.99409818649292,12.109999656677246,12.180000305175781,12.279999732971191,11.890000343322754,44061100,VALE,Factor,2026-09-24
2021-11-10,7.9082818031311035,11.979999542236328,11.989999771118164,12.149999618530273,11.920000076293945,42798600,VALE,Factor,2026-09-24
2021-11-11,8.350565910339355,12.649999618530273,12.65999984741211,12.829999923706055,12.550000190734863,42531700,VALE,Factor,2026-09-24
2021-11-12,8.284553527832031,12.550000190734863,12.510000228881836,12.890000343322754,12.449999809265137,32568600,VALE,Factor,2026-09-24
2021-11-15,8.139325141906738,12.329999923706055,12.569999694824219,12.59000015258789,12.319999694824219,15201600,VALE,Factor,2026-09-24
2021-11-16,7.99409818649292,12.109999656677246,12.390000343322754,12.399999618530273,12.069999694824219,24919800,VALE,Factor,2026-09-24
2021-11-17,7.796061992645264,11.8100004196167,12.170000076293945,12.279999732971191,11.800000190734863,36291200,VALE,Factor,2026-09-24
2021-11-18,7.4395952224731445,11.270000457763672,11.4399995803833,11.600000381469727,11.15999984741211,62513300,VALE,Factor,2026-09-24
2021-11-19,7.558416843414307,11.449999809265137,11.510000228881836,11.710000038146973,11.420000076293945,38621700,VALE,Factor,2026-09-24
2021-11-22,8.079914093017578,12.239999771118164,11.90999984741211,12.40999984741211,11.859999656677246,44316000,VALE,Factor,2026-09-24
2021-11-23,8.24494743347168,12.489999771118164,12.529999732971191,12.569999694824219,12.270000457763672,37292000,VALE,Factor,2026-09-24
2021-11-24,8.390172958374023,12.710000038146973,12.5600004196167,12.739999771118164,12.479999542236328,27093600,VALE,Factor,2026-09-24
2021-11-26,8.165730476379395,12.369999885559082,12.199999809265137,12.449999809265137,12.109999656677246,23473100,VALE,Factor,2026-09-24
2021-11-29,8.211939811706543,12.4399995803833,12.640000343322754,12.65999984741211,12.350000381469727,25153400,VALE,Factor,2026-09-24
2021-11-30,8.165730476379395,12.369999885559082,12.65999984741211,12.8100004196167,12.210000038146973,37493900,VALE,Factor,2026-09-24
2021-12-01,8.086514472961426,12.25,12.6899995803833,12.8100004196167,12.239999771118164,35263600,VALE,Factor,2026-09-24
2021-12-02,8.575006484985352,12.989999771118164,12.539999961853027,13.039999961853027,12.5,44968100,VALE,Factor,2026-09-24
2021-12-03,8.403375625610352,12.729999542236328,13.020000457763672,13.180000305175781,12.520000457763672,43847200,VALE,Factor,2026-09-24
2021-12-06,8.839056968688965,13.390000343322754,12.880000114440918,13.399999618530273,12.760000228881836,47057000,VALE,Factor,2026-09-24
2021-12-07,8.990884780883789,13.619999885559082,13.84000015258789,14.0600004196167,13.550000190734863,56104100,VALE,Factor,2026-09-24
2021-12-08,9.037093162536621,13.6899995803833,13.569999694824219,13.760000228881836,13.550000190734863,30969000,VALE,Factor,2026-09-24
2021-12-09,8.911670684814453,13.5,13.460000038146973,13.670000076293945,13.420000076293945,16838500,VALE,Factor,2026-09-24
2021-12-10,8.924873352050781,13.520000457763672,13.510000228881836,13.539999961853027,13.369999885559082,14927200,VALE,Factor,2026-09-24
2021-12-13,9.08330249786377,13.760000228881836,13.920000076293945,14.0,13.6899995803833,31494600,VALE,Factor,2026-09-24
2021-12-14,9.017289161682129,13.65999984741211,13.899999618530273,14.029999732971191,13.600000381469727,27115200,VALE,Factor,2026-09-24
2021-12-15,8.99748706817627,13.630000114440918,13.710000038146973,13.710000038146973,13.34000015258789,23550900,VALE,Factor,2026-09-24
2021-12-16,9.347352981567383,14.15999984741211,13.899999618530273,14.229999542236328,13.8100004196167,29493300,VALE,Factor,2026-09-24
2021-12-17,9.241732597351074,14.0,14.050000190734863,14.130000114440918,13.930000305175781,25852200,VALE,Factor,2026-09-24
2021-12-20,9.030492782592773,13.680000305175781,13.75,13.8100004196167,13.59000015258789,20771000,VALE,Factor,2026-09-24
2021-12-21,9.254936218261719,14.020000457763672,13.880000114440918,14.039999961853027,13.819999694824219,22669400,VALE,Factor,2026-09-24
2021-12-22,9.32094669342041,14.119999885559082,13.800000190734863,14.140000343322754,13.699999809265137,17614900,VALE,Factor,2026-09-24
2021-12-23,9.182319641113281,13.90999984741211,14.010000228881836,14.029999732971191,13.90999984741211,17343000,VALE,Factor,2026-09-24
2021-12-27,9.274739265441895,14.050000190734863,13.949999809265137,14.109999656677246,13.8100004196167,12817900,VALE,Factor,2026-09-24
2021-12-28,8.977682113647461,13.600000381469727,13.760000228881836,13.829999923706055,13.5600004196167,21348600,VALE,Factor,2026-09-24
2021-12-29,8.931472778320312,13.529999732971191,13.710000038146973,13.800000190734863,13.510000228881836,16140900,VALE,Factor,2026-09-24
2021-12-30,9.294543266296387,14.079999923706055,13.970000267028809,14.199999809265137,13.9399995803833,23893000,VALE,Factor,2026-09-24
2021-12-31,9.254936218261719,14.020000457763672,14.050000190734863,14.09000015258789,13.869999885559082,11319200,VALE,Factor,2026-09-24
2022-01-03,9.116308212280273,13.8100004196167,14.09000015258789,14.130000114440918,13.8100004196167,20177800,VALE,Factor,2026-09-24
2022-01-04,8.944676399230957,13.550000190734863,13.84000015258789,13.869999885559082,13.539999961853027,41351400,VALE,Factor,2026-09-24
2022-01-05,9.017289161682129,13.65999984741211,13.680000305175781,13.930000305175781,13.59000015258789,58210800,VALE,Factor,2026-09-24
2022-01-06,9.248334884643555,14.010000228881836,13.979999542236328,14.140000343322754,13.869999885559082,29066000,VALE,Factor,2026-09-24
2022-01-07,9.776432991027832,14.8100004196167,14.109999656677246,14.829999923706055,14.109999656677246,45638800,VALE,Factor,2026-09-24
2022-01-10,9.670811653137207,14.649999618530273,14.850000381469727,14.880000114440918,14.529999732971191,27748400,VALE,Factor,2026-09-24
2022-01-11,10.060284614562988,15.239999771118164,14.880000114440918,15.25,14.829999923706055,31868700,VALE,Factor,2026-09-24
2022-01-12,10.264924049377441,15.550000190734863,15.5,15.600000381469727,15.319999694824219,31876700,VALE,Factor,2026-09-24
2022-01-13,10.099893569946289,15.300000190734863,15.359999656677246,15.539999961853027,15.210000038146973,32193900,VALE,Factor,2026-09-24
2022-01-14,10.152702331542969,15.380000114440918,15.0600004196167,15.4399995803833,15.029999732971191,25261600,VALE,Factor,2026-09-24
2022-01-18,10.238519668579102,15.510000228881836,15.529999732971191,15.760000228881836,15.359999656677246,30724100,VALE,Factor,2026-09-24
2022-01-19,10.680802345275879,16.18000030517578,16.139999389648438,16.309999465942383,16.030000686645508,36933100,VALE,Factor,2026-09-24
2022-01-20,10.555377006530762,15.989999771118164,16.3700008392334,16.399999618530273,15.9399995803833,35470000,VALE,Factor,2026-09-24
2022-01-21,10.297930717468262,15.600000381469727,15.930000305175781,15.970000267028809,15.479999542236328,45786200,VALE,Factor,2026-09-24
2022-01-24,10.106494903564453,15.3100004196167,15.1899995803833,15.350000381469727,14.930000305175781,50534100,VALE,Factor,2026-09-24
2022-01-25,10.218717575073242,15.479999542236328,15.4399995803833,15.59000015258789,15.119999885559082,26965000,VALE,Factor,2026-09-24
2022-01-26,10.251720428466797,15.529999732971191,15.850000381469727,15.850000381469727,15.380000114440918,37747800,VALE,Factor,2026-09-24
2022-01-27,10.278127670288086,15.569999694824219,15.789999961853027,15.880000114440918,15.359999656677246,34056100,VALE,Factor,2026-09-24
2022-01-28,10.28472900390625,15.579999923706055,15.869999885559082,15.949999809265137,15.359999656677246,42797600,VALE,Factor,2026-09-24
2022-01-31,10.020678520202637,15.180000305175781,15.359999656677246,15.5,15.170000076293945,40405400,VALE,Factor,2026-09-24
2022-02-01,10.680802345275879,16.18000030517578,15.5,16.200000762939453,15.489999771118164,35334500,VALE,Factor,2026-09-24
2022-02-02,10.793024063110352,16.350000381469727,16.06999969482422,16.3799991607666,15.979999542236328,26142100,VALE,Factor,2026-09-24
2022-02-03,10.660998344421387,16.149999618530273,16.190000534057617,16.450000762939453,16.139999389648438,22268000,VALE,Factor,2026-09-24
2022-02-04,10.925047874450684,16.549999237060547,16.170000076293945,16.600000381469727,16.110000610351562,30025300,VALE,Factor,2026-09-24
2022-02-07,11.334325790405273,17.170000076293945,16.799999237060547,17.219999313354492,16.690000534057617,34645300,VALE,Factor,2026-09-24
2022-02-08,11.505956649780273,17.43000030517578,17.1200008392334,17.440000534057617,17.09000015258789,36637900,VALE,Factor,2026-09-24
2022-02-09,11.55876636505127,17.510000228881836,17.1299991607666,17.540000915527344,17.110000610351562,36936500,VALE,Factor,2026-09-24
2022-02-10,11.783208847045898,17.850000381469727,17.709999084472656,18.149999618530273,17.68000030517578,55181900,VALE,Factor,2026-09-24
2022-02-11,11.578572273254395,17.540000915527344,17.6299991607666,17.93000030517578,17.479999542236328,38011300,VALE,Factor,2026-09-24
2022-02-14,11.545562744140625,17.489999771118164,17.600000381469727,17.610000610351562,17.360000610351562,24138500,VALE,Factor,2026-09-24
2022-02-15,11.314523696899414,17.139999389648438,17.239999771118164,17.270000457763672,16.829999923706055,35562100,VALE,Factor,2026-09-24
2022-02-16,11.512557983398438,17.440000534057617,17.34000015258789,17.510000228881836,17.25,20295800,VALE,Factor,2026-09-24
2022-02-17,10.958053588867188,16.600000381469727,17.079999923706055,17.1299991607666,16.459999084472656,38657400,VALE,Factor,2026-09-24
2022-02-18,10.98445987701416,16.639999389648438,16.8700008392334,16.8700008392334,16.610000610351562,26247500,VALE,Factor,2026-09-24
2022-02-22,11.340926170349121,17.18000030517578,16.920000076293945,17.260000228881836,16.889999389648438,34551700,VALE,Factor,2026-09-24
2022-02-23,11.400336265563965,17.270000457763672,17.1200008392334,17.31999969482422,16.989999771118164,30476300,VALE,Factor,2026-09-24
2022-02-24,11.268311500549316,17.06999969482422,16.440000534057617,17.170000076293945,16.290000915527344,53693900,VALE,Factor,2026-09-24
2022-02-25,11.763404846191406,17.81999969482422,16.729999542236328,17.899999618530273,16.719999313354492,42396700,VALE,Factor,2026-09-24
2022-02-28,12.205686569213867,18.489999771118164,17.600000381469727,18.5,17.600000381469727,35627200,VALE,Factor,2026-09-24
2022-03-01,12.449935913085938,18.860000610351562,18.559999465942383,19.459999084472656,18.559999465942383,49064600,VALE,Factor,2026-09-24
2022-03-02,12.852609634399414,19.469999313354492,19.1200008392334,19.5,18.729999542236328,48983100,VALE,Factor,2026-09-24
2022-03-03,13.096854209899902,19.84000015258789,19.979999542236328,20.1200008392334,19.65999984741211,39768400,VALE,Factor,2026-09-24
2022-03-04,13.301492691040039,20.149999618530273,19.450000762939453,20.15999984741211,19.299999237060547,28813300,VALE,Factor,2026-09-24
2022-03-07,13.598548889160156,20.600000381469727,20.760000228881836,20.959999084472656,20.399999618530273,51694500,VALE,Factor,2026-09-24
2022-03-08,13.083649635314941,19.81999969482422,20.469999313354492,20.469999313354492,19.670000076293945,63201200,VALE,Factor,2026-09-24
2022-03-09,12.826705932617188,18.719999313354492,18.719999313354492,18.860000610351562,18.420000076293945,62036300,VALE,Factor,2026-09-24
2022-03-10,13.23096752166748,19.309999465942383,18.65999984741211,19.34000015258789,18.6200008392334,46070300,VALE,Factor,2026-09-24
2022-03-11,13.066521644592285,19.06999969482422,19.399999618530273,19.579999923706055,19.059999465942383,31342900,VALE,Factor,2026-09-24
2022-03-14,12.196332931518555,17.799999237060547,18.610000610351562,18.690000534057617,17.790000915527344,50674400,VALE,Factor,2026-09-24
2022-03-15,11.812628746032715,17.239999771118164,17.280000686645508,17.399999618530273,16.950000762939453,65998600,VALE,Factor,2026-09-24
2022-03-16,12.16207504272461,17.75,17.90999984741211,17.959999084472656,17.34000015258789,53546400,VALE,Factor,2026-09-24
2022-03-17,12.813004493713379,18.700000762939453,18.25,18.799999237060547,18.1200008392334,41943900,VALE,Factor,2026-09-24
2022-03-18,13.05966854095459,19.059999465942383,18.549999237060547,19.079999923706055,18.450000762939453,32235000,VALE,Factor,2026-09-24
2022-03-21,13.662635803222656,19.940000534057617,19.6299991607666,20.100000381469727,19.56999969482422,35748200,VALE,Factor,2026-09-24
2022-03-22,13.402261734008789,19.559999465942383,19.889999389648438,19.899999618530273,19.420000076293945,35086200,VALE,Factor,2026-09-24
2022-03-23,13.655784606933594,19.93000030517578,19.8700008392334,20.239999771118164,19.829999923706055,31530900,VALE,Factor,2026-09-24
2022-03-24,13.717449188232422,20.020000457763672,19.799999237060547,20.229999542236328,19.770000457763672,28676600,VALE,Factor,2026-09-24
2022-03-25,13.662635803222656,19.940000534057617,20.200000762939453,20.25,19.739999771118164,27451000,VALE,Factor,2026-09-24
2022-03-28,13.68319034576416,19.969999313354492,19.850000381469727,20.059999465942383,19.469999313354492,25124400,VALE,Factor,2026-09-24
2022-03-29,13.669487953186035,19.950000762939453,19.75,19.950000762939453,19.540000915527344,27429800,VALE,Factor,2026-09-24
2022-03-30,13.7243013381958,20.030000686645508,20.170000076293945,20.299999237060547,19.969999313354492,35389300,VALE,Factor,2026-09-24
2022-03-31,13.696891784667969,19.989999771118164,20.219999313354492,20.399999618530273,19.959999084472656,29515000,VALE,Factor,2026-09-24
2022-04-01,14.272453308105469,20.829999923706055,20.389999389648438,20.829999923706055,20.360000610351562,28897800,VALE,Factor,2026-09-24
2022-04-04,14.546524047851562,21.229999542236328,21.09000015258789,21.290000915527344,21.040000915527344,30119400,VALE,Factor,2026-09-24
2022-04-05,13.92985725402832,20.329999923706055,20.889999389648438,21.09000015258789,20.270000457763672,45892400,VALE,Factor,2026-09-24
2022-04-06,14.032636642456055,20.479999542236328,20.360000610351562,20.59000015258789,20.15999984741211,31305000,VALE,Factor,2026-09-24
2022-04-07,14.032636642456055,20.479999542236328,20.229999542236328,20.59000015258789,20.100000381469727,23755100,VALE,Factor,2026-09-24
2022-04-08,13.772266387939453,20.100000381469727,20.420000076293945,20.469999313354492,19.920000076293945,34815200,VALE,Factor,2026-09-24
2022-04-11,13.710597038269043,20.010000228881836,20.0,20.170000076293945,19.760000228881836,28814000,VALE,Factor,2026-09-24
2022-04-12,13.655784606933594,19.93000030517578,20.5,20.549999237060547,19.889999389648438,21619300,VALE,Factor,2026-09-24
2022-04-13,13.642081260681152,19.90999984741211,19.90999984741211,20.049999237060547,19.75,28994800,VALE,Factor,2026-09-24
2022-04-14,13.347447395324707,19.479999542236328,19.700000762939453,19.700000762939453,19.290000915527344,25599100,VALE,Factor,2026-09-24
2022-04-18,13.244669914245605,19.329999923706055,19.389999389648438,19.5,19.239999771118164,19069600,VALE,Factor,2026-09-24
2022-04-19,12.847264289855957,18.75,18.889999389648438,19.049999237060547,18.549999237060547,32522200,VALE,Factor,2026-09-24
2022-04-20,12.641704559326172,18.450000762939453,18.469999313354492,18.56999969482422,18.079999923706055,36712300,VALE,Factor,2026-09-24
2022-04-21,12.09355640411377,17.649999618530273,18.34000015258789,18.360000610351562,17.440000534057617,28050000,VALE,Factor,2026-09-24
2022-04-22,11.442630767822266,16.700000762939453,17.65999984741211,17.65999984741211,16.610000610351562,44664600,VALE,Factor,2026-09-24
2022-04-25,11.08633041381836,16.18000030517578,16.139999389648438,16.299999237060547,15.699999809265137,56363600,VALE,Factor,2026-09-24
2022-04-26,10.69577407836914,15.609999656677246,15.920000076293945,15.979999542236328,15.569999694824219,48071200,VALE,Factor,2026-09-24
2022-04-27,11.237071990966797,16.399999618530273,16.1200008392334,16.559999465942383,15.949999809265137,60351400,VALE,Factor,2026-09-24
2022-04-28,11.648184776306152,17.0,16.399999618530273,17.149999618530273,16.219999313354492,46759200,VALE,Factor,2026-09-24
2022-04-29,11.572813034057617,16.889999389648438,17.56999969482422,17.760000228881836,16.8700008392334,47752500,VALE,Factor,2026-09-24
2022-05-02,11.230218887329102,16.389999389648438,16.459999084472656,16.510000228881836,16.0,40078300,VALE,Factor,2026-09-24
2022-05-03,11.40151596069336,16.639999389648438,16.579999923706055,16.84000015258789,16.479999542236328,31293600,VALE,Factor,2026-09-24
2022-05-04,11.37411117553711,16.600000381469727,16.239999771118164,16.649999618530273,15.890000343322754,51393500,VALE,Factor,2026-09-24
2022-05-05,10.969849586486816,16.010000228881836,16.520000457763672,16.540000915527344,15.680000305175781,38963800,VALE,Factor,2026-09-24
2022-05-06,10.771143913269043,15.720000267028809,15.729999542236328,16.040000915527344,15.350000381469727,41891100,VALE,Factor,2026-09-24
2022-05-09,10.147624969482422,14.8100004196167,15.100000381469727,15.229999542236328,14.770000457763672,44222100,VALE,Factor,2026-09-24
2022-05-10,10.072253227233887,14.699999809265137,15.0,15.039999961853027,14.520000457763672,35022300,VALE,Factor,2026-09-24
2022-05-11,10.442255973815918,15.239999771118164,15.270000457763672,15.640000343322754,15.180000305175781,41159800,VALE,Factor,2026-09-24
2022-05-12,10.380586624145508,15.149999618530273,14.84000015258789,15.210000038146973,14.640000343322754,36213900,VALE,Factor,2026-09-24
2022-05-13,10.56558895111084,15.420000076293945,15.1899995803833,15.579999923706055,15.140000343322754,25381100,VALE,Factor,2026-09-24
2022-05-16,10.85336685180664,15.84000015258789,15.670000076293945,15.979999542236328,15.670000076293945,30722500,VALE,Factor,2026-09-24
2022-05-17,11.038368225097656,16.110000610351562,16.3799991607666,16.40999984741211,15.890000343322754,41171500,VALE,Factor,2026-09-24
2022-05-18,10.70262622833252,15.619999885559082,15.729999542236328,15.850000381469727,15.520000457763672,26267400,VALE,Factor,2026-09-24
2022-05-19,11.113738059997559,16.219999313354492,15.949999809265137,16.389999389648438,15.949999809265137,38464500,VALE,Factor,2026-09-24
2022-05-20,11.456332206726074,16.719999313354492,16.649999618530273,16.790000915527344,16.479999542236328,42818000,VALE,Factor,2026-09-24
2022-05-23,11.792074203491211,17.209999084472656,17.219999313354492,17.399999618530273,17.09000015258789,35745900,VALE,Factor,2026-09-24
2022-05-24,11.942814826965332,17.43000030517578,16.950000762939453,17.459999084472656,16.889999389648438,29740200,VALE,Factor,2026-09-24
2022-05-25,11.983924865722656,17.489999771118164,17.239999771118164,17.6200008392334,17.239999771118164,25884000,VALE,Factor,2026-09-24
2022-05-26,12.072999954223633,17.6200008392334,17.25,17.760000228881836,17.200000762939453,28617600,VALE,Factor,2026-09-24
2022-05-27,12.395038604736328,18.09000015258789,17.889999389648438,18.100000381469727,17.81999969482422,25798300,VALE,Factor,2026-09-24
2022-05-31,12.367630958557129,18.049999237060547,18.329999923706055,18.43000030517578,17.8799991607666,37288800,VALE,Factor,2026-09-24
2022-06-01,12.56633472442627,18.34000015258789,18.1299991607666,18.479999542236328,18.030000686645508,25323800,VALE,Factor,2026-09-24
2022-06-02,12.888373374938965,18.809999465942383,18.6299991607666,18.84000015258789,18.530000686645508,31933900,VALE,Factor,2026-09-24
2022-06-03,12.703374862670898,18.540000915527344,18.6200008392334,18.729999542236328,18.3700008392334,25774100,VALE,Factor,2026-09-24
2022-06-06,12.703374862670898,18.540000915527344,18.729999542236328,18.790000915527344,18.450000762939453,18063600,VALE,Factor,2026-09-24
2022-06-07,12.7787446975708,18.649999618530273,18.209999084472656,18.649999618530273,18.190000534057617,31285800,VALE,Factor,2026-09-24
2022-06-08,12.258000373840332,17.889999389648438,18.540000915527344,18.59000015258789,17.75,31474300,VALE,Factor,2026-09-24
2022-06-09,11.709850311279297,17.09000015258789,17.559999465942383,17.579999923706055,17.06999969482422,32471600,VALE,Factor,2026-09-24
2022-06-10,11.55225944519043,16.860000610351562,16.639999389648438,17.040000915527344,16.5,36704100,VALE,Factor,2026-09-24
2022-06-13,10.887627601623535,15.890000343322754,16.149999618530273,16.190000534057617,15.600000381469727,46922000,VALE,Factor,2026-09-24
2022-06-14,10.846515655517578,15.829999923706055,15.9399995803833,16.0,15.6899995803833,33275100,VALE,Factor,2026-09-24
2022-06-15,11.141146659851074,16.260000228881836,15.949999809265137,16.43000030517578,15.869999885559082,34101800,VALE,Factor,2026-09-24
2022-06-16,10.634108543395996,15.520000457763672,15.710000038146973,15.84000015258789,15.279999732971191,27812000,VALE,Factor,2026-09-24
2022-06-17,10.22984790802002,14.930000305175781,15.260000228881836,15.319999694824219,14.75,47767800,VALE,Factor,2026-09-24
2022-06-21,10.085958480834961,14.720000267028809,14.899999618530273,15.100000381469727,14.699999809265137,33074200,VALE,Factor,2026-09-24
2022-06-22,9.92151165008545,14.479999542236328,14.1899995803833,14.729999542236328,14.149999618530273,46046000,VALE,Factor,2026-09-24
2022-06-23,9.537806510925293,13.920000076293945,14.739999771118164,14.739999771118164,13.850000381469727,45103900,VALE,Factor,2026-09-24
2022-06-24,9.729660987854004,14.199999809265137,13.989999771118164,14.229999542236328,13.75,33576700,VALE,Factor,2026-09-24
2022-06-27,10.195587158203125,14.880000114440918,14.670000076293945,15.109999656677246,14.5600004196167,33833500,VALE,Factor,2026-09-24
2022-06-28,10.29151439666748,15.020000457763672,15.270000457763672,15.319999694824219,14.930000305175781,36743900,VALE,Factor,2026-09-24
2022-06-29,10.407994270324707,15.1899995803833,15.1899995803833,15.279999732971191,14.850000381469727,32129200,VALE,Factor,2026-09-24
2022-06-30,10.024291038513184,14.630000114440918,14.720000267028809,14.859999656677246,14.489999771118164,37964600,VALE,Factor,2026-09-24
2022-07-01,9.695401191711426,14.149999618530273,14.239999771118164,14.359999656677246,13.789999961853027,30589700,VALE,Factor,2026-09-24
2022-07-05,9.448734283447266,13.789999961853027,13.609999656677246,13.800000190734863,13.40999984741211,33384700,VALE,Factor,2026-09-24
2022-07-06,9.448734283447266,13.789999961853027,13.779999732971191,13.899999618530273,13.449999809265137,26216000,VALE,Factor,2026-09-24
2022-07-07,9.928364753723145,14.489999771118164,14.420000076293945,14.600000381469727,14.34000015258789,37720300,VALE,Factor,2026-09-24
2022-07-08,9.76391887664795,14.25,14.609999656677246,14.640000343322754,14.170000076293945,23282800,VALE,Factor,2026-09-24
2022-07-11,9.250029563903809,13.5,13.729999542236328,13.75,13.479999542236328,41059200,VALE,Factor,2026-09-24
2022-07-12,9.167805671691895,13.380000114440918,13.220000267028809,13.489999771118164,13.15999984741211,29222400,VALE,Factor,2026-09-24
2022-07-13,9.22262191772461,13.460000038146973,13.40999984741211,13.680000305175781,13.279999732971191,23165900,VALE,Factor,2026-09-24
2022-07-14,8.557991027832031,12.489999771118164,12.850000381469727,12.859999656677246,12.399999618530273,50727800,VALE,Factor,2026-09-24
2022-07-15,8.667620658874512,12.649999618530273,12.399999618530273,12.6899995803833,12.25,34693700,VALE,Factor,2026-09-24
2022-07-18,8.70188045501709,12.699999809265137,12.960000038146973,13.09000015258789,12.65999984741211,24270100,VALE,Factor,2026-09-24
2022-07-19,8.70188045501709,12.699999809265137,12.680000305175781,12.869999885559082,12.619999885559082,27763000,VALE,Factor,2026-09-24
2022-07-20,8.516879081726074,12.430000305175781,12.380000114440918,12.4399995803833,12.199999809265137,46438000,VALE,Factor,2026-09-24
2022-07-21,8.571693420410156,12.510000228881836,12.3100004196167,12.539999961853027,12.239999771118164,28454000,VALE,Factor,2026-09-24
2022-07-22,8.626509666442871,12.59000015258789,12.960000038146973,13.020000457763672,12.550000190734863,24856600,VALE,Factor,2026-09-24
2022-07-25,9.010211944580078,13.149999618530273,12.960000038146973,13.1899995803833,12.899999618530273,28741900,VALE,Factor,2026-09-24
2022-07-26,9.003362655639648,13.140000343322754,13.239999771118164,13.279999732971191,12.970000267028809,25974200,VALE,Factor,2026-09-24
2022-07-27,9.236324310302734,13.479999542236328,13.15999984741211,13.489999771118164,13.010000228881836,27143000,VALE,Factor,2026-09-24
2022-07-28,9.359659194946289,13.65999984741211,13.789999961853027,13.899999618530273,13.479999542236328,26124400,VALE,Factor,2026-09-24
2022-07-29,9.22262191772461,13.460000038146973,13.289999961853027,13.529999732971191,13.0600004196167,51939200,VALE,Factor,2026-09-24
2022-08-01,9.003362655639648,13.140000343322754,13.260000228881836,13.529999732971191,13.079999923706055,32705800,VALE,Factor,2026-09-24
2022-08-02,9.167805671691895,13.380000114440918,13.010000228881836,13.420000076293945,12.75,50187800,VALE,Factor,2026-09-24
2022-08-03,8.770398139953613,12.800000190734863,13.220000267028809,13.229999542236328,12.789999961853027,29576100,VALE,Factor,2026-09-24
2022-08-04,8.811509132385254,12.859999656677246,12.8100004196167,13.050000190734863,12.710000038146973,38139100,VALE,Factor,2026-09-24
2022-08-05,9.044473648071289,13.199999809265137,12.90999984741211,13.25,12.859999656677246,42928900,VALE,Factor,2026-09-24
2022-08-08,9.15410327911377,13.359999656677246,13.40999984741211,13.529999732971191,13.180000305175781,26275900,VALE,Factor,2026-09-24
2022-08-09,9.332252502441406,13.619999885559082,13.420000076293945,13.649999618530273,13.369999885559082,23005000,VALE,Factor,2026-09-24
2022-08-10,9.428177833557129,13.760000228881836,13.9399995803833,13.970000267028809,13.65999984741211,39669100,VALE,Factor,2026-09-24
2022-08-11,9.59947395324707,14.010000228881836,13.960000038146973,14.319999694824219,13.960000038146973,34307200,VALE,Factor,2026-09-24
2022-08-12,9.799057960510254,13.600000381469727,13.460000038146973,13.670000076293945,13.34000015258789,26451000,VALE,Factor,2026-09-24
2022-08-15,9.66215991973877,13.40999984741211,13.220000267028809,13.449999809265137,13.050000190734863,24132300,VALE,Factor,2026-09-24
2022-08-16,9.784646987915039,13.579999923706055,13.5600004196167,13.729999542236328,13.449999809265137,23933400,VALE,Factor,2026-09-24
2022-08-17,9.51805591583252,13.210000038146973,13.170000076293945,13.34000015258789,13.020000457763672,22116000,VALE,Factor,2026-09-24
2022-08-18,9.438798904418945,13.100000381469727,13.199999809265137,13.229999542236328,13.069999694824219,16024600,VALE,Factor,2026-09-24
2022-08-19,9.280284881591797,12.880000114440918,12.9399995803833,12.979999542236328,12.739999771118164,32495500,VALE,Factor,2026-09-24
2022-08-22,9.201027870178223,12.770000457763672,12.8100004196167,12.949999809265137,12.6899995803833,26755600,VALE,Factor,2026-09-24
2022-08-23,9.91434097290039,13.760000228881836,13.029999732971191,13.789999961853027,13.029999732971191,36258500,VALE,Factor,2026-09-24
2022-08-24,9.590106964111328,13.3100004196167,13.539999961853027,13.75,13.229999542236328,30048000,VALE,Factor,2026-09-24
2022-08-25,9.755826950073242,13.539999961853027,13.369999885559082,13.569999694824219,13.289999961853027,29504000,VALE,Factor,2026-09-24
2022-08-26,9.69097900390625,13.449999809265137,13.850000381469727,13.920000076293945,13.359999656677246,31872300,VALE,Factor,2026-09-24
2022-08-29,9.546875953674316,13.25,13.3100004196167,13.420000076293945,13.199999809265137,29459400,VALE,Factor,2026-09-24
2022-08-30,9.100154876708984,12.630000114440918,13.109999656677246,13.119999885559082,12.5600004196167,30417500,VALE,Factor,2026-09-24
2022-08-31,8.948844909667969,12.420000076293945,12.579999923706055,12.670000076293945,12.399999618530273,28906000,VALE,Factor,2026-09-24
2022-09-01,8.754304885864258,12.149999618530273,12.180000305175781,12.1899995803833,11.819999694824219,37958700,VALE,Factor,2026-09-24
2022-09-02,8.768715858459473,12.170000076293945,12.289999961853027,12.460000038146973,12.09000015258789,33699400,VALE,Factor,2026-09-24
2022-09-06,8.747101783752441,12.140000343322754,12.470000267028809,12.510000228881836,12.100000381469727,22391100,VALE,Factor,2026-09-24
2022-09-07,8.840767860412598,12.270000457763672,12.0,12.34000015258789,11.720000267028809,23277100,VALE,Factor,2026-09-24
2022-09-08,8.891204833984375,12.34000015258789,12.300000190734863,12.40999984741211,12.140000343322754,29064100,VALE,Factor,2026-09-24
2022-09-09,9.734211921691895,13.510000228881836,12.789999961853027,13.539999961853027,12.739999771118164,44432700,VALE,Factor,2026-09-24
2022-09-12,9.928751945495605,13.779999732971191,13.710000038146973,13.789999961853027,13.489999771118164,32677400,VALE,Factor,2026-09-24
2022-09-13,9.474823951721191,13.149999618530273,13.420000076293945,13.729999542236328,13.119999885559082,38521300,VALE,Factor,2026-09-24
2022-09-14,9.309104919433594,12.920000076293945,13.109999656677246,13.329999923706055,12.800000190734863,38933900,VALE,Factor,2026-09-24
2022-09-15,9.402771949768066,13.050000190734863,12.930000305175781,13.09000015258789,12.84000015258789,43779700,VALE,Factor,2026-09-24
2022-09-16,9.352335929870605,12.979999542236328,12.789999961853027,13.050000190734863,12.6899995803833,53303800,VALE,Factor,2026-09-24
2022-09-19,9.799057960510254,13.600000381469727,12.880000114440918,13.640000343322754,12.8100004196167,46819400,VALE,Factor,2026-09-24
2022-09-20,9.654953956604004,13.399999618530273,13.34000015258789,13.479999542236328,13.130000114440918,42943300,VALE,Factor,2026-09-24
2022-09-21,9.460412979125977,13.130000114440918,13.5,13.550000190734863,13.130000114440918,46328100,VALE,Factor,2026-09-24
2022-09-22,9.827879905700684,13.640000343322754,13.5,13.710000038146973,13.350000381469727,40605200,VALE,Factor,2026-09-24
2022-09-23,9.395567893981934,13.039999961853027,13.15999984741211,13.170000076293945,12.899999618530273,55022900,VALE,Factor,2026-09-24
2022-09-26,9.071334838867188,12.59000015258789,12.760000228881836,13.0,12.59000015258789,49602500,VALE,Factor,2026-09-24
2022-09-27,9.042511940002441,12.550000190734863,12.75,12.859999656677246,12.460000038146973,41800300,VALE,Factor,2026-09-24
2022-09-28,9.201027870178223,12.770000457763672,12.670000076293945,12.880000114440918,12.630000114440918,36674900,VALE,Factor,2026-09-24
2022-09-29,9.121770858764648,12.65999984741211,12.649999618530273,12.729999542236328,12.399999618530273,44001300,VALE,Factor,2026-09-24
2022-09-30,9.597311019897461,13.319999694824219,12.699999809265137,13.470000267028809,12.680000305175781,54426300,VALE,Factor,2026-09-24
2022-10-03,10.267395973205566,14.25,13.729999542236328,14.300000190734863,13.680000305175781,47559900,VALE,Factor,2026-09-24
2022-10-04,10.5483980178833,14.640000343322754,14.510000228881836,14.760000228881836,14.3100004196167,47389100,VALE,Factor,2026-09-24
2022-10-05,10.663681030273438,14.800000190734863,14.720000267028809,14.930000305175781,14.630000114440918,43026000,VALE,Factor,2026-09-24
2022-10-06,10.454730033874512,14.510000228881836,14.630000114440918,14.880000114440918,14.380000114440918,37758200,VALE,Factor,2026-09-24
2022-10-07,10.389883995056152,14.420000076293945,14.640000343322754,15.1899995803833,14.350000381469727,82941000,VALE,Factor,2026-09-24
2022-10-10,10.15211296081543,14.09000015258789,14.539999961853027,14.539999961853027,14.050000190734863,48196300,VALE,Factor,2026-09-24
2022-10-11,9.97918701171875,13.850000381469727,13.850000381469727,14.1899995803833,13.789999961853027,41128800,VALE,Factor,2026-09-24
2022-10-12,9.84228801727295,13.65999984741211,13.770000457763672,13.920000076293945,13.619999885559082,29629300,VALE,Factor,2026-09-24
2022-10-13,9.849493980407715,13.670000076293945,13.40999984741211,13.880000114440918,13.270000457763672,45623800,VALE,Factor,2026-09-24
2022-10-14,9.417181968688965,13.069999694824219,13.699999809265137,13.699999809265137,13.029999732971191,41714400,VALE,Factor,2026-09-24
2022-10-17,9.568490982055664,13.279999732971191,13.25,13.5,13.180000305175781,43260000,VALE,Factor,2026-09-24
2022-10-18,9.827879905700684,13.640000343322754,13.670000076293945,13.789999961853027,13.319999694824219,43325900,VALE,Factor,2026-09-24
2022-10-19,9.69097900390625,13.449999809265137,13.5600004196167,13.65999984741211,13.34000015258789,39920400,VALE,Factor,2026-09-24
2022-10-20,9.899930953979492,13.739999771118164,13.40999984741211,14.039999961853027,13.359999656677246,46895600,VALE,Factor,2026-09-24
2022-10-21,10.325037002563477,14.329999923706055,13.699999809265137,14.430000305175781,13.609999656677246,65200700,VALE,Factor,2026-09-24
2022-10-24,9.727007865905762,13.5,13.920000076293945,13.9399995803833,13.420000076293945,71835300,VALE,Factor,2026-09-24
2022-10-25,9.763032913208008,13.550000190734863,13.329999923706055,13.779999732971191,13.300000190734863,63760500,VALE,Factor,2026-09-24
2022-10-26,9.899930953979492,13.739999771118164,13.460000038146973,14.020000457763672,13.449999809265137,63550800,VALE,Factor,2026-09-24
2022-10-27,9.63333797454834,13.369999885559082,13.300000190734863,13.670000076293945,13.050000190734863,66526000,VALE,Factor,2026-09-24
2022-10-28,9.10736083984375,12.640000343322754,12.75,12.899999618530273,12.470000267028809,72168900,VALE,Factor,2026-09-24
2022-10-31,9.323514938354492,12.9399995803833,12.600000381469727,13.239999771118164,12.569999694824219,74676700,VALE,Factor,2026-09-24
2022-11-01,9.6765718460083,13.430000305175781,13.40999984741211,13.760000228881836,13.289999961853027,65489000,VALE,Factor,2026-09-24
2022-11-02,9.201027870178223,12.770000457763672,13.300000190734863,13.399999618530273,12.75,48757400,VALE,Factor,2026-09-24
2022-11-03,9.446003913879395,13.109999656677246,13.029999732971191,13.180000305175781,12.8100004196167,37888900,VALE,Factor,2026-09-24
2022-11-04,10.368269920349121,14.390000343322754,14.130000114440918,14.569999694824219,13.989999771118164,83276300,VALE,Factor,2026-09-24
2022-11-07,10.015213966369629,13.899999618530273,14.279999732971191,14.329999923706055,13.880000114440918,31237600,VALE,Factor,2026-09-24
2022-11-08,10.389883995056152,14.420000076293945,14.15999984741211,14.569999694824219,14.050000190734863,41753700,VALE,Factor,2026-09-24
2022-11-09,10.137701034545898,14.069999694824219,14.279999732971191,14.529999732971191,13.970000267028809,29424300,VALE,Factor,2026-09-24
2022-11-10,9.97918701171875,13.850000381469727,14.039999961853027,14.15999984741211,13.640000343322754,44423200,VALE,Factor,2026-09-24
2022-11-11,11.132018089294434,15.449999809265137,14.479999542236328,15.529999732971191,14.4399995803833,63743900,VALE,Factor,2026-09-24
2022-11-14,11.319354057312012,15.710000038146973,15.300000190734863,15.930000305175781,15.300000190734863,39393900,VALE,Factor,2026-09-24
2022-11-15,11.39140510559082,15.8100004196167,15.930000305175781,15.979999542236328,15.600000381469727,24265900,VALE,Factor,2026-09-24
2022-11-16,10.966299057006836,15.220000267028809,15.670000076293945,15.84000015258789,15.130000114440918,30932900,VALE,Factor,2026-09-24
2022-11-17,11.04555606842041,15.329999923706055,14.890000343322754,15.329999923706055,14.760000228881836,24906500,VALE,Factor,2026-09-24
2022-11-18,10.858221054077148,15.069999694824219,15.289999961853027,15.329999923706055,15.0,38862800,VALE,Factor,2026-09-24
2022-11-21,10.8366060256958,15.039999961853027,14.930000305175781,15.0600004196167,14.630000114440918,19853500,VALE,Factor,2026-09-24
2022-11-22,10.728528022766113,14.890000343322754,15.069999694824219,15.229999542236328,14.75,38071400,VALE,Factor,2026-09-24
2022-11-23,10.894247055053711,15.119999885559082,14.949999809265137,15.149999618530273,14.789999961853027,22711000,VALE,Factor,2026-09-24
2022-11-25,10.894247055053711,15.119999885559082,15.289999961853027,15.420000076293945,15.020000457763672,11023100,VALE,Factor,2026-09-24
2022-11-28,10.930273056030273,15.170000076293945,15.020000457763672,15.270000457763672,14.960000038146973,23125400,VALE,Factor,2026-09-24
2022-11-29,11.59315013885498,16.09000015258789,15.8100004196167,16.200000762939453,15.8100004196167,35717100,VALE,Factor,2026-09-24
2022-11-30,11.888564109802246,16.5,16.200000762939453,16.6200008392334,16.200000762939453,34378400,VALE,Factor,2026-09-24
2022-12-01,11.989433288574219,16.639999389648438,16.450000762939453,16.68000030517578,16.270000457763672,33043800,VALE,Factor,2026-09-24
2022-12-02,12.047076225280762,16.719999313354492,16.489999771118164,16.829999923706055,16.459999084472656,32911100,VALE,Factor,2026-09-24
2022-12-05,11.859742164611816,16.459999084472656,16.68000030517578,16.850000381469727,16.389999389648438,39078100,VALE,Factor,2026-09-24
2022-12-06,12.075897216796875,16.760000228881836,16.709999084472656,16.940000534057617,16.559999465942383,23256100,VALE,Factor,2026-09-24
2022-12-07,11.650793075561523,16.170000076293945,16.309999465942383,16.309999465942383,16.0,37540200,VALE,Factor,2026-09-24
2022-12-08,11.838127136230469,16.43000030517578,16.6200008392334,16.75,16.399999618530273,21012500,VALE,Factor,2026-09-24
2022-12-09,12.205591201782227,16.940000534057617,16.790000915527344,17.09000015258789,16.700000762939453,40815400,VALE,Factor,2026-09-24
2022-12-12,11.694022178649902,16.229999542236328,16.3700008392334,16.420000076293945,15.920000076293945,42406200,VALE,Factor,2026-09-24
2022-12-13,11.69836139678955,16.18000030517578,16.40999984741211,16.559999465942383,16.110000610351562,39242400,VALE,Factor,2026-09-24
2022-12-14,11.864654541015625,16.40999984741211,16.18000030517578,16.489999771118164,16.100000381469727,26603700,VALE,Factor,2026-09-24
2022-12-15,11.85742473602295,16.399999618530273,16.3799991607666,16.639999389648438,16.229999542236328,28607900,VALE,Factor,2026-09-24
2022-12-16,11.618830680847168,16.06999969482422,16.1200008392334,16.299999237060547,15.949999809265137,24389300,VALE,Factor,2026-09-24
2022-12-19,11.640519142150879,16.100000381469727,15.930000305175781,16.1299991607666,15.850000381469727,20805200,VALE,Factor,2026-09-24
2022-12-20,11.886344909667969,16.440000534057617,16.440000534057617,16.690000534057617,16.389999389648438,16416900,VALE,Factor,2026-09-24
2022-12-21,11.994795799255371,16.59000015258789,16.510000228881836,16.739999771118164,16.43000030517578,27809300,VALE,Factor,2026-09-24
2022-12-22,11.958646774291992,16.540000915527344,16.530000686645508,16.610000610351562,16.299999237060547,17452500,VALE,Factor,2026-09-24
2022-12-23,12.067097663879395,16.690000534057617,16.510000228881836,16.790000915527344,16.5,13416000,VALE,Factor,2026-09-24
2022-12-27,12.204469680786133,16.8799991607666,16.639999389648438,16.950000762939453,16.6200008392334,19991100,VALE,Factor,2026-09-24
2022-12-28,12.233389854431152,16.920000076293945,17.079999923706055,17.15999984741211,16.829999923706055,21807400,VALE,Factor,2026-09-24
2022-12-29,12.204469680786133,16.8799991607666,17.149999618530273,17.229999542236328,16.850000381469727,19336000,VALE,Factor,2026-09-24
2022-12-30,12.269542694091797,16.969999313354492,16.829999923706055,17.100000381469727,16.729999542236328,16455900,VALE,Factor,2026-09-24
2023-01-03,11.821272850036621,16.350000381469727,16.649999618530273,16.719999313354492,16.299999237060547,25585700,VALE,Factor,2026-09-24
2023-01-04,11.965875625610352,16.549999237060547,16.229999542236328,16.549999237060547,16.049999237060547,34623700,VALE,Factor,2026-09-24
2023-01-05,12.356303215026855,17.09000015258789,16.579999923706055,17.100000381469727,16.549999237060547,28418500,VALE,Factor,2026-09-24
2023-01-06,12.768421173095703,17.65999984741211,17.389999389648438,17.68000030517578,17.190000534057617,31231000,VALE,Factor,2026-09-24
2023-01-09,12.66719913482666,17.520000457763672,17.459999084472656,17.639999389648438,17.31999969482422,22693900,VALE,Factor,2026-09-24
2023-01-10,12.98532485961914,17.959999084472656,17.799999237060547,18.040000915527344,17.760000228881836,28056900,VALE,Factor,2026-09-24
2023-01-11,12.941943168640137,17.899999618530273,18.059999465942383,18.09000015258789,17.799999237060547,21824200,VALE,Factor,2026-09-24
2023-01-12,13.288989067077637,18.3799991607666,18.190000534057617,18.489999771118164,17.989999771118164,17878300,VALE,Factor,2026-09-24
2023-01-13,13.325143814086914,18.43000030517578,18.260000228881836,18.489999771118164,18.25,16548600,VALE,Factor,2026-09-24
2023-01-17,13.014245986938477,18.0,18.139999389648438,18.190000534057617,17.940000534057617,23675800,VALE,Factor,2026-09-24
2023-01-18,13.050395965576172,18.049999237060547,18.40999984741211,18.479999542236328,18.030000686645508,19427800,VALE,Factor,2026-09-24
2023-01-19,13.06485652923584,18.06999969482422,18.040000915527344,18.200000762939453,17.920000076293945,20044300,VALE,Factor,2026-09-24
2023-01-20,13.101006507873535,18.1200008392334,18.049999237060547,18.18000030517578,18.0,20682900,VALE,Factor,2026-09-24
2023-01-23,13.108236312866211,18.1299991607666,18.030000686645508,18.200000762939453,17.969999313354492,11139600,VALE,Factor,2026-09-24
2023-01-24,13.390213012695312,18.520000457763672,18.079999923706055,18.540000915527344,18.059999465942383,13737700,VALE,Factor,2026-09-24
2023-01-25,13.672188758850098,18.90999984741211,18.540000915527344,18.950000762939453,18.5,15963900,VALE,Factor,2026-09-24
2023-01-26,13.954163551330566,19.299999237060547,19.049999237060547,19.309999465942383,19.0,20958000,VALE,Factor,2026-09-24
2023-01-27,13.491435050964355,18.65999984741211,19.059999465942383,19.110000610351562,18.600000381469727,26483600,VALE,Factor,2026-09-24
2023-01-30,13.382983207702637,18.510000228881836,18.649999618530273,18.75,18.399999618530273,18578900,VALE,Factor,2026-09-24
2023-01-31,13.505894660949707,18.68000030517578,18.559999465942383,18.690000534057617,18.420000076293945,14280200,VALE,Factor,2026-09-24
2023-02-01,13.339603424072266,18.450000762939453,18.170000076293945,18.540000915527344,17.940000534057617,22991100,VALE,Factor,2026-09-24
2023-02-02,12.768421173095703,17.65999984741211,18.309999465942383,18.309999465942383,17.600000381469727,27022600,VALE,Factor,2026-09-24
2023-02-03,12.52259635925293,17.31999969482422,17.649999618530273,17.770000457763672,17.209999084472656,39014500,VALE,Factor,2026-09-24
2023-02-06,12.262310028076172,16.959999084472656,16.770000457763672,16.989999771118164,16.649999618530273,16439600,VALE,Factor,2026-09-24
2023-02-07,12.255081176757812,16.950000762939453,17.0,17.15999984741211,16.850000381469727,12971400,VALE,Factor,2026-09-24
2023-02-08,12.255081176757812,16.950000762939453,16.950000762939453,17.110000610351562,16.799999237060547,12820500,VALE,Factor,2026-09-24
2023-02-09,12.117708206176758,16.760000228881836,16.899999618530273,16.969999313354492,16.719999313354492,15645300,VALE,Factor,2026-09-24
2023-02-10,11.973106384277344,16.559999465942383,16.700000762939453,16.770000457763672,16.459999084472656,24320900,VALE,Factor,2026-09-24
2023-02-13,12.088788986206055,16.719999313354492,16.459999084472656,16.790000915527344,16.420000076293945,19540200,VALE,Factor,2026-09-24
2023-02-14,12.12493896484375,16.770000457763672,16.84000015258789,17.0,16.6200008392334,15494600,VALE,Factor,2026-09-24
2023-02-15,12.327383041381836,17.049999237060547,16.729999542236328,17.06999969482422,16.610000610351562,16820600,VALE,Factor,2026-09-24
2023-02-16,12.356303215026855,17.09000015258789,17.110000610351562,17.25,16.940000534057617,19080200,VALE,Factor,2026-09-24
2023-02-17,12.305693626403809,17.020000457763672,17.059999465942383,17.200000762939453,16.8799991607666,16999100,VALE,Factor,2026-09-24
2023-02-21,12.320155143737793,17.040000915527344,17.06999969482422,17.549999237060547,17.010000228881836,35445400,VALE,Factor,2026-09-24
2023-02-22,12.226161003112793,16.90999984741211,16.84000015258789,17.020000457763672,16.520000457763672,32689400,VALE,Factor,2026-09-24
2023-02-23,12.233389854431152,16.920000076293945,17.079999923706055,17.170000076293945,16.59000015258789,18437200,VALE,Factor,2026-09-24
2023-02-24,11.806814193725586,16.329999923706055,16.440000534057617,16.5,16.229999542236328,15877700,VALE,Factor,2026-09-24
2023-02-27,11.785120964050293,16.299999237060547,16.139999389648438,16.389999389648438,16.110000610351562,12543100,VALE,Factor,2026-09-24
2023-02-28,11.814042091369629,16.34000015258789,16.299999237060547,16.530000686645508,16.149999618530273,20128100,VALE,Factor,2026-09-24
2023-03-01,12.52259635925293,17.31999969482422,16.899999618530273,17.489999771118164,16.860000610351562,33752200,VALE,Factor,2026-09-24
2023-03-02,12.363533020019531,17.100000381469727,17.15999984741211,17.219999313354492,16.8700008392334,28703400,VALE,Factor,2026-09-24
2023-03-03,12.37076473236084,17.110000610351562,17.190000534057617,17.25,17.059999465942383,40047400,VALE,Factor,2026-09-24
2023-03-06,12.067097663879395,16.690000534057617,16.729999542236328,16.780000686645508,16.549999237060547,46661500,VALE,Factor,2026-09-24
2023-03-07,11.799581527709961,16.31999969482422,16.700000762939453,16.84000015258789,16.270000457763672,31286600,VALE,Factor,2026-09-24
2023-03-08,12.088788986206055,16.719999313354492,16.6200008392334,16.90999984741211,16.59000015258789,12981900,VALE,Factor,2026-09-24
2023-03-09,11.90803337097168,16.469999313354492,16.719999313354492,16.84000015258789,16.43000030517578,16344500,VALE,Factor,2026-09-24
2023-03-10,11.712822914123535,16.200000762939453,16.389999389648438,16.639999389648438,16.110000610351562,18617300,VALE,Factor,2026-09-24
2023-03-13,11.618830680847168,16.06999969482422,16.020000457763672,16.399999618530273,15.9399995803833,27469300,VALE,Factor,2026-09-24
2023-03-14,11.784432411193848,15.9399995803833,15.869999885559082,16.049999237060547,15.779999732971191,23262300,VALE,Factor,2026-09-24
2023-03-15,11.399996757507324,15.420000076293945,15.539999961853027,15.59000015258789,15.029999732971191,33044100,VALE,Factor,2026-09-24
2023-03-16,11.525677680969238,15.59000015258789,15.319999694824219,15.619999885559082,15.220000267028809,24065500,VALE,Factor,2026-09-24
2023-03-17,11.673537254333496,15.789999961853027,15.8100004196167,15.850000381469727,15.640000343322754,33414600,VALE,Factor,2026-09-24
2023-03-20,11.725288391113281,15.859999656677246,15.770000457763672,16.030000686645508,15.699999809265137,19930100,VALE,Factor,2026-09-24
2023-03-21,11.621787071228027,15.720000267028809,15.850000381469727,15.869999885559082,15.529999732971191,17548500,VALE,Factor,2026-09-24
2023-03-22,11.488713264465332,15.539999961853027,15.630000114440918,15.859999656677246,15.510000228881836,22743600,VALE,Factor,2026-09-24
2023-03-23,11.05252456665039,14.949999809265137,15.600000381469727,15.65999984741211,14.859999656677246,36625500,VALE,Factor,2026-09-24
2023-03-24,11.05252456665039,14.949999809265137,14.890000343322754,14.960000038146973,14.739999771118164,45426100,VALE,Factor,2026-09-24
2023-03-27,11.067312240600586,14.970000267028809,15.0600004196167,15.109999656677246,14.869999885559082,19492700,VALE,Factor,2026-09-24
2023-03-28,11.296494483947754,15.279999732971191,15.270000457763672,15.4399995803833,15.229999542236328,16022900,VALE,Factor,2026-09-24
2023-03-29,11.540462493896484,15.609999656677246,15.5,15.699999809265137,15.40999984741211,19190200,VALE,Factor,2026-09-24
2023-03-30,11.784432411193848,15.9399995803833,15.930000305175781,16.010000228881836,15.710000038146973,15557200,VALE,Factor,2026-09-24
2023-03-31,11.666145324707031,15.779999732971191,16.079999923706055,16.15999984741211,15.720000267028809,24061300,VALE,Factor,2026-09-24
2023-04-03,11.643966674804688,15.75,15.680000305175781,15.800000190734863,15.640000343322754,12833500,VALE,Factor,2026-09-24
2023-04-04,11.274316787719727,15.25,15.640000343322754,15.680000305175781,15.239999771118164,26787600,VALE,Factor,2026-09-24
2023-04-05,11.222566604614258,15.180000305175781,15.25,15.289999961853027,15.0,32733900,VALE,Factor,2026-09-24
2023-04-06,11.163421630859375,15.100000381469727,15.140000343322754,15.170000076293945,14.979999542236328,15408600,VALE,Factor,2026-09-24
2023-04-10,11.363031387329102,15.369999885559082,15.239999771118164,15.399999618530273,15.210000038146973,11192900,VALE,Factor,2026-09-24
2023-04-11,12.139297485351562,16.420000076293945,15.989999771118164,16.559999465942383,15.989999771118164,31304500,VALE,Factor,2026-09-24
2023-04-12,12.00622272491455,16.239999771118164,16.600000381469727,16.600000381469727,16.209999084472656,22059100,VALE,Factor,2026-09-24
2023-04-13,11.865755081176758,16.049999237060547,16.229999542236328,16.399999618530273,16.0,17744300,VALE,Factor,2026-09-24
2023-04-14,11.799217224121094,15.960000038146973,15.779999732971191,16.09000015258789,15.75,21427400,VALE,Factor,2026-09-24
2023-04-17,11.592215538024902,15.680000305175781,16.190000534057617,16.239999771118164,15.670000076293945,28957500,VALE,Factor,2026-09-24
2023-04-18,11.65875244140625,15.770000457763672,15.59000015258789,15.84000015258789,15.529999732971191,17204500,VALE,Factor,2026-09-24
2023-04-19,11.067312240600586,14.970000267028809,15.210000038146973,15.210000038146973,14.800000190734863,39371700,VALE,Factor,2026-09-24
2023-04-20,10.882487297058105,14.720000267028809,14.970000267028809,15.079999923706055,14.699999809265137,41347200,VALE,Factor,2026-09-24
2023-04-21,10.549802780151367,14.270000457763672,14.489999771118164,14.5,13.949999809265137,27422700,VALE,Factor,2026-09-24
2023-04-24,10.453694343566895,14.140000343322754,14.220000267028809,14.289999961853027,14.109999656677246,30417100,VALE,Factor,2026-09-24
2023-04-25,10.172760009765625,13.760000228881836,13.899999618530273,13.90999984741211,13.699999809265137,30400000,VALE,Factor,2026-09-24
2023-04-26,10.268871307373047,13.890000343322754,13.949999809265137,14.069999694824219,13.859999656677246,23793800,VALE,Factor,2026-09-24
2023-04-27,10.594160079956055,14.329999923706055,13.819999694824219,14.369999885559082,13.779999732971191,29285800,VALE,Factor,2026-09-24
2023-04-28,10.653304100036621,14.40999984741211,14.260000228881836,14.4399995803833,14.1899995803833,20752500,VALE,Factor,2026-09-24
2023-05-01,10.498050689697266,14.199999809265137,14.369999885559082,14.430000305175781,14.0600004196167,9671100,VALE,Factor,2026-09-24
2023-05-02,10.180152893066406,13.770000457763672,14.170000076293945,14.180000305175781,13.710000038146973,22693000,VALE,Factor,2026-09-24
2023-05-03,10.194938659667969,13.789999961853027,13.829999923706055,13.949999809265137,13.65999984741211,18395100,VALE,Factor,2026-09-24
2023-05-04,9.877039909362793,13.359999656677246,13.699999809265137,13.710000038146973,13.25,28492800,VALE,Factor,2026-09-24
2023-05-05,10.276261329650879,13.899999618530273,13.5600004196167,14.020000457763672,13.5600004196167,22993100,VALE,Factor,2026-09-24
2023-05-08,10.276261329650879,13.899999618530273,14.239999771118164,14.289999961853027,13.899999618530273,19175600,VALE,Factor,2026-09-24
2023-05-09,10.424121856689453,14.100000381469727,13.729999542236328,14.180000305175781,13.699999809265137,19581700,VALE,Factor,2026-09-24
2023-05-10,10.350191116333008,14.0,14.25,14.260000228881836,13.8100004196167,20195600,VALE,Factor,2026-09-24
2023-05-11,10.135795593261719,13.710000038146973,13.539999961853027,13.789999961853027,13.489999771118164,22353100,VALE,Factor,2026-09-24
2023-05-12,10.187544822692871,13.779999732971191,13.6899995803833,13.899999618530273,13.670000076293945,12430000,VALE,Factor,2026-09-24
2023-05-15,10.40933609008789,14.079999923706055,14.039999961853027,14.130000114440918,13.9399995803833,17708000,VALE,Factor,2026-09-24
2023-05-16,10.121007919311523,13.6899995803833,13.979999542236328,14.069999694824219,13.640000343322754,15386500,VALE,Factor,2026-09-24
2023-05-17,10.46847915649414,14.15999984741211,13.9399995803833,14.239999771118164,13.9399995803833,16908000,VALE,Factor,2026-09-24
2023-05-18,10.416728019714355,14.09000015258789,14.020000457763672,14.109999656677246,13.880000114440918,17361200,VALE,Factor,2026-09-24
2023-05-19,10.246688842773438,13.859999656677246,14.0,14.010000228881836,13.8100004196167,21901900,VALE,Factor,2026-09-24
2023-05-22,10.121007919311523,13.6899995803833,13.829999923706055,13.829999923706055,13.670000076293945,12969000,VALE,Factor,2026-09-24
2023-05-23,9.869647026062012,13.350000381469727,13.5,13.510000228881836,13.319999694824219,16843800,VALE,Factor,2026-09-24
2023-05-24,9.69960880279541,13.119999885559082,13.210000038146973,13.229999542236328,13.0600004196167,18926500,VALE,Factor,2026-09-24
2023-05-25,9.514782905578613,12.869999885559082,13.0600004196167,13.09000015258789,12.84000015258789,19233900,VALE,Factor,2026-09-24
2023-05-26,9.80311107635498,13.260000228881836,13.270000457763672,13.380000114440918,13.140000343322754,19326400,VALE,Factor,2026-09-24
2023-05-30,9.43346118927002,12.760000228881836,12.920000076293945,12.920000076293945,12.579999923706055,30416300,VALE,Factor,2026-09-24
2023-05-31,9.374317169189453,12.680000305175781,12.640000343322754,12.770000457763672,12.510000228881836,45251700,VALE,Factor,2026-09-24
2023-06-01,9.640464782714844,13.039999961853027,12.8100004196167,13.109999656677246,12.760000228881836,52730200,VALE,Factor,2026-09-24
2023-06-02,10.113616943359375,13.680000305175781,13.710000038146973,13.770000457763672,13.5600004196167,29295500,VALE,Factor,2026-09-24
2023-06-05,10.061863899230957,13.609999656677246,13.779999732971191,13.8100004196167,13.539999961853027,18834400,VALE,Factor,2026-09-24
2023-06-06,10.157973289489746,13.739999771118164,13.739999771118164,13.920000076293945,13.720000267028809,23116100,VALE,Factor,2026-09-24
2023-06-07,10.305832862854004,13.9399995803833,13.779999732971191,13.949999809265137,13.75,24257200,VALE,Factor,2026-09-24
2023-06-08,10.416728019714355,14.09000015258789,14.039999961853027,14.100000381469727,13.920000076293945,15324000,VALE,Factor,2026-09-24
2023-06-09,10.37976360321045,14.039999961853027,14.149999618530273,14.279999732971191,14.0,26761600,VALE,Factor,2026-09-24
2023-06-12,10.180152893066406,13.770000457763672,13.8100004196167,13.819999694824219,13.619999885559082,17900600,VALE,Factor,2026-09-24
2023-06-13,10.276261329650879,13.899999618530273,14.100000381469727,14.130000114440918,13.899999618530273,22862700,VALE,Factor,2026-09-24
2023-06-14,10.535016059875488,14.25,14.260000228881836,14.359999656677246,14.069999694824219,29902000,VALE,Factor,2026-09-24
2023-06-15,10.697663307189941,14.470000267028809,14.279999732971191,14.489999771118164,14.210000038146973,19115600,VALE,Factor,2026-09-24
2023-06-16,10.675482749938965,14.4399995803833,14.329999923706055,14.550000190734863,14.279999732971191,20758100,VALE,Factor,2026-09-24
2023-06-20,10.387157440185547,14.050000190734863,14.239999771118164,14.239999771118164,14.010000228881836,24522800,VALE,Factor,2026-09-24
2023-06-21,10.335405349731445,13.979999542236328,14.0,14.039999961853027,13.899999618530273,25521500,VALE,Factor,2026-09-24
2023-06-22,10.28365421295166,13.90999984741211,14.069999694824219,14.069999694824219,13.850000381469727,26128900,VALE,Factor,2026-09-24
2023-06-23,10.128401756286621,13.699999809265137,13.699999809265137,13.760000228881836,13.59000015258789,20916100,VALE,Factor,2026-09-24
2023-06-26,10.194938659667969,13.789999961853027,13.6899995803833,13.899999618530273,13.670000076293945,12696000,VALE,Factor,2026-09-24
2023-06-27,10.28365421295166,13.90999984741211,14.0,14.069999694824219,13.84000015258789,15824300,VALE,Factor,2026-09-24
2023-06-28,9.854863166809082,13.329999923706055,13.630000114440918,13.649999618530273,13.319999694824219,24680500,VALE,Factor,2026-09-24
2023-06-29,9.995329856872559,13.520000457763672,13.319999694824219,13.5600004196167,13.3100004196167,17979100,VALE,Factor,2026-09-24
2023-06-30,9.921398162841797,13.420000076293945,13.59000015258789,13.600000381469727,13.390000343322754,17534400,VALE,Factor,2026-09-24
2023-07-03,10.172760009765625,13.760000228881836,13.670000076293945,13.869999885559082,13.649999618530273,13970200,VALE,Factor,2026-09-24
2023-07-05,9.899219512939453,13.390000343322754,13.5,13.520000457763672,13.34000015258789,27230000,VALE,Factor,2026-09-24
2023-07-06,9.736574172973633,13.170000076293945,13.289999961853027,13.430000305175781,13.09000015258789,23387800,VALE,Factor,2026-09-24
2023-07-07,9.906611442565918,13.399999618530273,13.199999809265137,13.489999771118164,13.180000305175781,24673300,VALE,Factor,2026-09-24
2023-07-10,9.766144752502441,13.210000038146973,13.210000038146973,13.369999885559082,13.1899995803833,16898100,VALE,Factor,2026-09-24
2023-07-11,10.143187522888184,13.720000267028809,13.25,13.779999732971191,13.25,38742900,VALE,Factor,2026-09-24
2023-07-12,10.298440933227539,13.930000305175781,14.050000190734863,14.100000381469727,13.920000076293945,17232800,VALE,Factor,2026-09-24
2023-07-13,10.601554870605469,14.34000015258789,14.149999618530273,14.359999656677246,14.119999885559082,22772300,VALE,Factor,2026-09-24
2023-07-14,10.56458854675293,14.289999961853027,14.350000381469727,14.40999984741211,14.199999809265137,17442400,VALE,Factor,2026-09-24
2023-07-17,10.40194320678711,14.069999694824219,14.039999961853027,14.130000114440918,13.829999923706055,15263500,VALE,Factor,2026-09-24
2023-07-18,10.372371673583984,14.029999732971191,14.020000457763672,14.1899995803833,13.949999809265137,9006100,VALE,Factor,2026-09-24
2023-07-19,10.387157440185547,14.050000190734863,14.0,14.130000114440918,13.9399995803833,12094700,VALE,Factor,2026-09-24
2023-07-20,10.387157440185547,14.050000190734863,14.220000267028809,14.289999961853027,14.039999961853027,14268900,VALE,Factor,2026-09-24
2023-07-21,10.4906587600708,14.1899995803833,14.130000114440918,14.260000228881836,14.050000190734863,12214800,VALE,Factor,2026-09-24
2023-07-24,10.875093460083008,14.710000038146973,14.220000267028809,14.829999923706055,14.210000038146973,20954300,VALE,Factor,2026-09-24
2023-07-25,11.215170860290527,15.170000076293945,15.199999809265137,15.3100004196167,15.09000015258789,38292200,VALE,Factor,2026-09-24
2023-07-26,11.163421630859375,15.100000381469727,15.039999961853027,15.260000228881836,14.920000076293945,20944300,VALE,Factor,2026-09-24
2023-07-27,10.93423843383789,14.789999961853027,14.9399995803833,15.0,14.770000457763672,25218400,VALE,Factor,2026-09-24
2023-07-28,10.527624130249023,14.239999771118164,14.520000457763672,14.619999885559082,14.239999771118164,31629500,VALE,Factor,2026-09-24
2023-07-31,10.815950393676758,14.630000114440918,14.390000343322754,14.65999984741211,14.380000114440918,22070000,VALE,Factor,2026-09-24
2023-08-01,10.461085319519043,14.149999618530273,14.319999694824219,14.380000114440918,14.140000343322754,19540000,VALE,Factor,2026-09-24
2023-08-02,10.276261329650879,13.899999618530273,14.039999961853027,14.0600004196167,13.869999885559082,19278000,VALE,Factor,2026-09-24
2023-08-03,10.202330589294434,13.800000190734863,13.729999542236328,13.890000343322754,13.619999885559082,26292100,VALE,Factor,2026-09-24
2023-08-04,10.224510192871094,13.829999923706055,13.90999984741211,14.069999694824219,13.8100004196167,25710600,VALE,Factor,2026-09-24
2023-08-07,10.254081726074219,13.869999885559082,13.729999542236328,13.899999618530273,13.600000381469727,14910100,VALE,Factor,2026-09-24
2023-08-08,10.165366172790527,13.75,13.5,13.899999618530273,13.420000076293945,27126500,VALE,Factor,2026-09-24
2023-08-09,10.054472923278809,13.600000381469727,13.789999961853027,13.850000381469727,13.569999694824219,15380500,VALE,Factor,2026-09-24
2023-08-10,9.980541229248047,13.5,13.720000267028809,13.789999961853027,13.489999771118164,15100700,VALE,Factor,2026-09-24
2023-08-11,9.847466468811035,13.319999694824219,13.460000038146973,13.510000228881836,13.289999961853027,29019800,VALE,Factor,2026-09-24
2023-08-14,9.50890064239502,12.470000267028809,12.649999618530273,12.649999618530273,12.449999809265137,26182600,VALE,Factor,2026-09-24
2023-08-15,9.356391906738281,12.270000457763672,12.369999885559082,12.390000343322754,12.239999771118164,24388500,VALE,Factor,2026-09-24
2023-08-16,9.36401653289795,12.279999732971191,12.239999771118164,12.430000305175781,12.220000267028809,19020000,VALE,Factor,2026-09-24
2023-08-17,9.447896003723145,12.390000343322754,12.550000190734863,12.609999656677246,12.350000381469727,28711100,VALE,Factor,2026-09-24
2023-08-18,9.386893272399902,12.3100004196167,12.34000015258789,12.430000305175781,12.260000228881836,22482900,VALE,Factor,2026-09-24
2023-08-21,9.379267692565918,12.300000190734863,12.260000228881836,12.380000114440918,12.220000267028809,17279100,VALE,Factor,2026-09-24
2023-08-22,9.676657676696777,12.6899995803833,12.579999923706055,12.720000267028809,12.5,19366100,VALE,Factor,2026-09-24
2023-08-23,9.89017105102539,12.970000267028809,12.8100004196167,13.050000190734863,12.789999961853027,17646900,VALE,Factor,2026-09-24
2023-08-24,9.707159996032715,12.729999542236328,12.710000038146973,12.829999923706055,12.630000114440918,13100900,VALE,Factor,2026-09-24
2023-08-25,9.7147855758667,12.739999771118164,12.770000457763672,12.829999923706055,12.649999618530273,13184800,VALE,Factor,2026-09-24
2023-08-28,9.852044105529785,12.920000076293945,12.8100004196167,12.949999809265137,12.760000228881836,9681400,VALE,Factor,2026-09-24
2023-08-29,10.164687156677246,13.329999923706055,12.989999771118164,13.380000114440918,12.930000305175781,21719400,VALE,Factor,2026-09-24
2023-08-30,10.164687156677246,13.329999923706055,13.430000305175781,13.460000038146973,13.25,10979000,VALE,Factor,2026-09-24
2023-08-31,10.042679786682129,13.170000076293945,13.359999656677246,13.420000076293945,13.149999618530273,15771800,VALE,Factor,2026-09-24
2023-09-01,10.667963027954102,13.989999771118164,13.729999542236328,14.0,13.65999984741211,34557700,VALE,Factor,2026-09-24
2023-09-05,10.584083557128906,13.880000114440918,13.920000076293945,13.979999542236328,13.819999694824219,13210500,VALE,Factor,2026-09-24
2023-09-06,10.385822296142578,13.619999885559082,13.84000015258789,14.029999732971191,13.600000381469727,15946700,VALE,Factor,2026-09-24
2023-09-07,10.050305366516113,13.180000305175781,13.420000076293945,13.489999771118164,13.140000343322754,13502700,VALE,Factor,2026-09-24
2023-09-08,10.149435997009277,13.3100004196167,13.3100004196167,13.369999885559082,13.260000228881836,12086400,VALE,Factor,2026-09-24
2023-09-11,10.439199447631836,13.6899995803833,13.739999771118164,13.819999694824219,13.670000076293945,18737400,VALE,Factor,2026-09-24
2023-09-12,10.370573997497559,13.600000381469727,13.649999618530273,13.779999732971191,13.59000015258789,10806500,VALE,Factor,2026-09-24
2023-09-13,10.446825981140137,13.699999809265137,13.640000343322754,13.779999732971191,13.630000114440918,13481200,VALE,Factor,2026-09-24
2023-09-14,10.980606079101562,14.399999618530273,14.15999984741211,14.479999542236328,14.140000343322754,31659200,VALE,Factor,2026-09-24
2023-09-15,10.91960334777832,14.319999694824219,14.59000015258789,14.59000015258789,14.270000457763672,18507900,VALE,Factor,2026-09-24
2023-09-18,10.759468078613281,14.109999656677246,14.369999885559082,14.399999618530273,14.109999656677246,31129700,VALE,Factor,2026-09-24
2023-09-19,10.767093658447266,14.119999885559082,14.1899995803833,14.239999771118164,13.989999771118164,67304800,VALE,Factor,2026-09-24
2023-09-20,10.828097343444824,14.199999809265137,14.220000267028809,14.350000381469727,14.180000305175781,16016700,VALE,Factor,2026-09-24
2023-09-21,10.408699035644531,13.649999618530273,13.789999961853027,13.859999656677246,13.630000114440918,20546100,VALE,Factor,2026-09-24
2023-09-22,10.484952926635742,13.75,13.880000114440918,13.989999771118164,13.739999771118164,16404900,VALE,Factor,2026-09-24
2023-09-25,10.218063354492188,13.399999618530273,13.460000038146973,13.489999771118164,13.210000038146973,34577200,VALE,Factor,2026-09-24
2023-09-26,9.989301681518555,13.100000381469727,13.220000267028809,13.329999923706055,13.079999923706055,15038200,VALE,Factor,2026-09-24
2023-09-27,9.90542221069336,12.989999771118164,13.170000076293945,13.199999809265137,12.880000114440918,24758600,VALE,Factor,2026-09-24
2023-09-28,10.088432312011719,13.229999542236328,13.0600004196167,13.279999732971191,13.010000228881836,26473800,VALE,Factor,2026-09-24
2023-09-29,10.218063354492188,13.399999618530273,13.430000305175781,13.510000228881836,13.329999923706055,13516100,VALE,Factor,2026-09-24
2023-10-02,10.080805778503418,13.220000267028809,13.329999923706055,13.359999656677246,13.109999656677246,13755300,VALE,Factor,2026-09-24
2023-10-03,9.821542739868164,12.880000114440918,13.029999732971191,13.180000305175781,12.84000015258789,15291000,VALE,Factor,2026-09-24
2023-10-04,9.730037689208984,12.760000228881836,12.859999656677246,12.949999809265137,12.699999809265137,14998600,VALE,Factor,2026-09-24
2023-10-05,9.74528694152832,12.779999732971191,12.720000267028809,12.890000343322754,12.670000076293945,15367200,VALE,Factor,2026-09-24
2023-10-06,9.897794723510742,12.979999542236328,12.710000038146973,13.069999694824219,12.6899995803833,19676200,VALE,Factor,2026-09-24
2023-10-09,9.806290626525879,12.859999656677246,12.789999961853027,12.90999984741211,12.649999618530273,13502900,VALE,Factor,2026-09-24
2023-10-10,10.065555572509766,13.199999809265137,13.130000114440918,13.239999771118164,13.09000015258789,13860100,VALE,Factor,2026-09-24
2023-10-11,10.19518756866455,13.369999885559082,13.270000457763672,13.390000343322754,13.180000305175781,15536000,VALE,Factor,2026-09-24
2023-10-12,9.989301681518555,13.100000381469727,13.399999618530273,13.4399995803833,13.010000228881836,17744400,VALE,Factor,2026-09-24
2023-10-13,9.98167610168457,13.09000015258789,13.199999809265137,13.329999923706055,13.039999961853027,14987200,VALE,Factor,2026-09-24
2023-10-16,10.179937362670898,13.350000381469727,13.289999961853027,13.399999618530273,13.229999542236328,12852800,VALE,Factor,2026-09-24
2023-10-17,10.263815879821777,13.460000038146973,13.149999618530273,13.539999961853027,13.140000343322754,19042200,VALE,Factor,2026-09-24
2023-10-18,9.836791038513184,12.899999618530273,13.270000457763672,13.279999732971191,12.890000343322754,26635600,VALE,Factor,2026-09-24
2023-10-19,9.730037689208984,12.760000228881836,12.859999656677246,12.949999809265137,12.739999771118164,27015700,VALE,Factor,2026-09-24
2023-10-20,9.463147163391113,12.40999984741211,12.420000076293945,12.510000228881836,12.279999732971191,37491000,VALE,Factor,2026-09-24
2023-10-23,9.48602294921875,12.4399995803833,12.390000343322754,12.5600004196167,12.319999694824219,20211600,VALE,Factor,2026-09-24
2023-10-24,9.791040420532227,12.84000015258789,12.680000305175781,12.84000015258789,12.65999984741211,20913400,VALE,Factor,2026-09-24
2023-10-25,9.699535369873047,12.720000267028809,12.949999809265137,13.0,12.710000038146973,20991200,VALE,Factor,2026-09-24
2023-10-26,9.935921669006348,13.029999732971191,12.760000228881836,13.079999923706055,12.729999542236328,34973400,VALE,Factor,2026-09-24
2023-10-27,10.28669261932373,13.489999771118164,13.199999809265137,13.6899995803833,13.1899995803833,51344400,VALE,Factor,2026-09-24
2023-10-30,10.3095703125,13.520000457763672,13.789999961853027,13.829999923706055,13.5,27782400,VALE,Factor,2026-09-24
2023-10-31,10.454452514648438,13.710000038146973,13.430000305175781,13.75,13.399999618530273,16264100,VALE,Factor,2026-09-24
2023-11-01,10.82047176361084,14.1899995803833,13.880000114440918,14.239999771118164,13.880000114440918,36950800,VALE,Factor,2026-09-24
2023-11-02,11.049234390258789,14.489999771118164,14.390000343322754,14.579999923706055,14.350000381469727,19655500,VALE,Factor,2026-09-24
2023-11-03,11.07973575592041,14.529999732971191,14.520000457763672,14.6899995803833,14.520000457763672,18727700,VALE,Factor,2026-09-24
2023-11-06,11.140739440917969,14.609999656677246,14.630000114440918,14.6899995803833,14.5600004196167,20102900,VALE,Factor,2026-09-24
2023-11-07,10.911977767944336,14.3100004196167,14.59000015258789,14.59000015258789,14.270000457763672,28179700,VALE,Factor,2026-09-24
2023-11-08,10.858599662780762,14.239999771118164,14.40999984741211,14.479999542236328,14.210000038146973,20333100,VALE,Factor,2026-09-24
2023-11-09,10.86622428894043,14.25,14.399999618530273,14.520000457763672,14.210000038146973,16796500,VALE,Factor,2026-09-24
2023-11-10,11.125489234924316,14.59000015258789,14.460000038146973,14.609999656677246,14.359999656677246,18838400,VALE,Factor,2026-09-24
2023-11-13,11.033984184265137,14.470000267028809,14.539999961853027,14.5600004196167,14.430000305175781,12429700,VALE,Factor,2026-09-24
2023-11-14,11.560136795043945,15.15999984741211,15.0,15.25,14.970000267028809,25826500,VALE,Factor,2026-09-24
2023-11-15,11.491508483886719,15.069999694824219,15.239999771118164,15.25,15.020000457763672,15926500,VALE,Factor,2026-09-24
2023-11-16,11.590639114379883,15.199999809265137,15.100000381469727,15.25,15.020000457763672,22664600,VALE,Factor,2026-09-24
2023-11-17,11.544886589050293,15.140000343322754,15.149999618530273,15.270000457763672,15.100000381469727,18139300,VALE,Factor,2026-09-24
2023-11-20,11.933782577514648,15.649999618530273,15.510000228881836,15.760000228881836,15.5,34517300,VALE,Factor,2026-09-24
2023-11-21,12.101542472839355,15.869999885559082,15.869999885559082,16.020000457763672,15.75,28567000,VALE,Factor,2026-09-24
2023-11-22,11.951461791992188,15.210000038146973,15.5,15.529999732971191,15.100000381469727,45919300,VALE,Factor,2026-09-24
2023-11-24,11.833598136901855,15.0600004196167,15.109999656677246,15.170000076293945,15.020000457763672,12785200,VALE,Factor,2026-09-24
2023-11-27,11.700016975402832,14.890000343322754,15.069999694824219,15.079999923706055,14.819999694824219,22369100,VALE,Factor,2026-09-24
2023-11-28,11.857170104980469,15.09000015258789,14.8100004196167,15.109999656677246,14.789999961853027,15452500,VALE,Factor,2026-09-24
2023-11-29,11.73930549621582,14.9399995803833,14.960000038146973,15.020000457763672,14.859999656677246,13487500,VALE,Factor,2026-09-24
2023-11-30,11.786452293395996,15.0,14.989999771118164,15.039999961853027,14.899999618530273,14308500,VALE,Factor,2026-09-24
2023-12-01,12.077184677124023,15.369999885559082,15.119999885559082,15.470000267028809,15.079999923706055,26439400,VALE,Factor,2026-09-24
2023-12-04,11.629300117492676,14.800000190734863,15.109999656677246,15.119999885559082,14.729999542236328,28980000,VALE,Factor,2026-09-24
2023-12-05,11.566438674926758,14.720000267028809,14.720000267028809,14.789999961853027,14.59000015258789,17148400,VALE,Factor,2026-09-24
2023-12-06,11.542865753173828,14.6899995803833,14.979999542236328,14.989999771118164,14.680000305175781,14782000,VALE,Factor,2026-09-24
2023-12-07,11.652872085571289,14.829999923706055,14.850000381469727,14.859999656677246,14.739999771118164,16373200,VALE,Factor,2026-09-24
2023-12-08,11.53500747680664,14.680000305175781,14.680000305175781,14.869999885559082,14.670000076293945,16258300,VALE,Factor,2026-09-24
2023-12-11,11.613584518432617,14.779999732971191,14.600000381469727,14.829999923706055,14.510000228881836,16242700,VALE,Factor,2026-09-24
2023-12-12,11.511433601379395,14.649999618530273,14.800000190734863,14.819999694824219,14.600000381469727,13796000,VALE,Factor,2026-09-24
2023-12-13,11.660728454589844,14.84000015258789,14.65999984741211,14.890000343322754,14.510000228881836,24976500,VALE,Factor,2026-09-24
2023-12-14,11.76287841796875,14.970000267028809,14.979999542236328,15.15999984741211,14.960000038146973,25031500,VALE,Factor,2026-09-24
2023-12-15,11.755023002624512,14.960000038146973,14.989999771118164,15.010000228881836,14.90999984741211,17744900,VALE,Factor,2026-09-24
2023-12-18,11.943603515625,15.199999809265137,15.039999961853027,15.229999542236328,15.029999732971191,20641000,VALE,Factor,2026-09-24
2023-12-19,12.069327354431152,15.359999656677246,15.359999656677246,15.4399995803833,15.329999923706055,21981000,VALE,Factor,2026-09-24
2023-12-20,11.927889823913574,15.180000305175781,15.399999618530273,15.430000305175781,15.170000076293945,18300900,VALE,Factor,2026-09-24
2023-12-21,12.39148998260498,15.770000457763672,15.640000343322754,15.84000015258789,15.630000114440918,17253800,VALE,Factor,2026-09-24
2023-12-22,12.36791706085205,15.739999771118164,15.920000076293945,15.920000076293945,15.6899995803833,15426600,VALE,Factor,2026-09-24
2023-12-26,12.5172119140625,15.930000305175781,15.970000267028809,16.049999237060547,15.920000076293945,13122500,VALE,Factor,2026-09-24
2023-12-27,12.580073356628418,16.010000228881836,15.960000038146973,16.079999923706055,15.9399995803833,12392100,VALE,Factor,2026-09-24
2023-12-28,12.4857816696167,15.890000343322754,15.9399995803833,16.020000457763672,15.890000343322754,9426600,VALE,Factor,2026-09-24
2023-12-29,12.462207794189453,15.859999656677246,15.8100004196167,15.869999885559082,15.680000305175781,9239400,VALE,Factor,2026-09-24
2024-01-02,12.344344139099121,15.710000038146973,15.880000114440918,15.989999771118164,15.579999923706055,15975000,VALE,Factor,2026-09-24
2024-01-03,12.273625373840332,15.619999885559082,15.4399995803833,15.65999984741211,15.420000076293945,15678800,VALE,Factor,2026-09-24
2024-01-04,12.124329566955566,15.430000305175781,15.4399995803833,15.520000457763672,15.350000381469727,17245100,VALE,Factor,2026-09-24
2024-01-05,12.02217960357666,15.300000190734863,15.260000228881836,15.399999618530273,15.199999809265137,14500000,VALE,Factor,2026-09-24
2024-01-08,11.998607635498047,15.270000457763672,15.119999885559082,15.300000190734863,15.050000190734863,13374700,VALE,Factor,2026-09-24
2024-01-09,11.731449127197266,14.930000305175781,15.029999732971191,15.069999694824219,14.899999618530273,13918600,VALE,Factor,2026-09-24
2024-01-10,11.605727195739746,14.770000457763672,14.760000228881836,14.800000190734863,14.6899995803833,16025000,VALE,Factor,2026-09-24
2024-01-11,11.692160606384277,14.880000114440918,14.890000343322754,14.930000305175781,14.729999542236328,20917800,VALE,Factor,2026-09-24
2024-01-12,11.605727195739746,14.770000457763672,14.949999809265137,15.020000457763672,14.729999542236328,15322900,VALE,Factor,2026-09-24
2024-01-16,11.244275093078613,14.3100004196167,14.5,14.539999961853027,14.25,27908400,VALE,Factor,2026-09-24
2024-01-17,11.047835350036621,14.0600004196167,14.109999656677246,14.180000305175781,13.989999771118164,28028800,VALE,Factor,2026-09-24
2024-01-18,11.032118797302246,14.039999961853027,14.119999885559082,14.140000343322754,14.010000228881836,26767400,VALE,Factor,2026-09-24
2024-01-19,10.843534469604492,13.800000190734863,13.930000305175781,13.970000267028809,13.789999961853027,43416200,VALE,Factor,2026-09-24
2024-01-22,10.70209789276123,13.619999885559082,13.550000190734863,13.739999771118164,13.529999732971191,30192900,VALE,Factor,2026-09-24
2024-01-23,11.024262428283691,14.029999732971191,13.920000076293945,14.0600004196167,13.859999656677246,35572600,VALE,Factor,2026-09-24
2024-01-24,11.134267807006836,14.170000076293945,14.399999618530273,14.470000267028809,14.149999618530273,30016800,VALE,Factor,2026-09-24
2024-01-25,10.882823944091797,13.850000381469727,14.180000305175781,14.270000457763672,13.680000305175781,46467900,VALE,Factor,2026-09-24
2024-01-26,11.134267807006836,14.170000076293945,13.9399995803833,14.210000038146973,13.920000076293945,22598700,VALE,Factor,2026-09-24
2024-01-29,10.992830276489258,13.989999771118164,13.970000267028809,14.0,13.829999923706055,15742100,VALE,Factor,2026-09-24
2024-01-30,10.91425609588623,13.890000343322754,13.84000015258789,13.960000038146973,13.630000114440918,24436400,VALE,Factor,2026-09-24
2024-01-31,10.757101058959961,13.6899995803833,13.789999961853027,13.890000343322754,13.670000076293945,23886100,VALE,Factor,2026-09-24
2024-02-01,10.78067398071289,13.720000267028809,13.640000343322754,13.800000190734863,13.609999656677246,15902100,VALE,Factor,2026-09-24
2024-02-02,10.442795753479004,13.289999961853027,13.479999542236328,13.5,13.270000457763672,25214600,VALE,Factor,2026-09-24
2024-02-05,10.324932098388672,13.140000343322754,13.199999809265137,13.199999809265137,13.029999732971191,27078900,VALE,Factor,2026-09-24
2024-02-06,10.537087440490723,13.40999984741211,13.350000381469727,13.470000267028809,13.329999923706055,23668400,VALE,Factor,2026-09-24
2024-02-07,10.59994888305664,13.489999771118164,13.430000305175781,13.510000228881836,13.390000343322754,18090300,VALE,Factor,2026-09-24
2024-02-08,10.427082061767578,13.270000457763672,13.4399995803833,13.4399995803833,13.220000267028809,30311000,VALE,Factor,2026-09-24
2024-02-09,10.41922378540039,13.260000228881836,13.260000228881836,13.329999923706055,13.149999618530273,17703500,VALE,Factor,2026-09-24
2024-02-12,10.552803039550781,13.430000305175781,13.289999961853027,13.569999694824219,13.229999542236328,15738500,VALE,Factor,2026-09-24
2024-02-13,10.340645790100098,13.15999984741211,13.3100004196167,13.350000381469727,13.0600004196167,16482200,VALE,Factor,2026-09-24
2024-02-14,10.411367416381836,13.25,13.270000457763672,13.4399995803833,13.170000076293945,20104500,VALE,Factor,2026-09-24
2024-02-15,10.395650863647461,13.229999542236328,13.170000076293945,13.239999771118164,13.140000343322754,18601300,VALE,Factor,2026-09-24
2024-02-16,10.709956169128418,13.630000114440918,13.369999885559082,13.770000457763672,13.359999656677246,34102600,VALE,Factor,2026-09-24
2024-02-20,10.505657196044922,13.369999885559082,13.4399995803833,13.4399995803833,13.199999809265137,39600300,VALE,Factor,2026-09-24
2024-02-21,10.552803039550781,13.430000305175781,13.40999984741211,13.520000457763672,13.380000114440918,18404400,VALE,Factor,2026-09-24
2024-02-22,10.6156644821167,13.510000228881836,13.579999923706055,13.619999885559082,13.479999542236328,33413100,VALE,Factor,2026-09-24
2024-02-23,10.584234237670898,13.470000267028809,13.75,13.760000228881836,13.449999809265137,27600500,VALE,Factor,2026-09-24
2024-02-26,10.348505020141602,13.170000076293945,13.260000228881836,13.270000457763672,13.09000015258789,27558200,VALE,Factor,2026-09-24
2024-02-27,10.70209789276123,13.619999885559082,13.449999809265137,13.680000305175781,13.420000076293945,25506300,VALE,Factor,2026-09-24
2024-02-28,10.505657196044922,13.369999885559082,13.489999771118164,13.489999771118164,13.34000015258789,21413600,VALE,Factor,2026-09-24
2024-02-29,10.537087440490723,13.40999984741211,13.449999809265137,13.529999732971191,13.390000343322754,19589700,VALE,Factor,2026-09-24
2024-03-01,10.59994888305664,13.489999771118164,13.40999984741211,13.529999732971191,13.34000015258789,18882100,VALE,Factor,2026-09-24
2024-03-04,10.560660362243652,13.4399995803833,13.479999542236328,13.520000457763672,13.399999618530273,14809900,VALE,Factor,2026-09-24
2024-03-05,10.395650863647461,13.229999542236328,13.329999923706055,13.390000343322754,13.199999809265137,28324100,VALE,Factor,2026-09-24
2024-03-06,10.584234237670898,13.470000267028809,13.4399995803833,13.5600004196167,13.4399995803833,20858000,VALE,Factor,2026-09-24
2024-03-07,10.59994888305664,13.489999771118164,13.649999618530273,13.680000305175781,13.460000038146973,22602100,VALE,Factor,2026-09-24
2024-03-08,10.364218711853027,13.1899995803833,13.380000114440918,13.399999618530273,13.180000305175781,38459600,VALE,Factor,2026-09-24
2024-03-11,10.081344604492188,12.829999923706055,12.84000015258789,12.9399995803833,12.789999961853027,48299300,VALE,Factor,2026-09-24
2024-03-12,10.01898193359375,12.210000038146973,12.460000038146973,12.520000457763672,12.180000305175781,57921400,VALE,Factor,2026-09-24
2024-03-13,10.076419830322266,12.279999732971191,12.140000343322754,12.34000015258789,12.079999923706055,57827200,VALE,Factor,2026-09-24
2024-03-14,9.93692684173584,12.109999656677246,12.239999771118164,12.260000228881836,12.050000190734863,30414600,VALE,Factor,2026-09-24
2024-03-15,9.813844680786133,11.960000038146973,11.970000267028809,12.039999961853027,11.880000114440918,29480200,VALE,Factor,2026-09-24
2024-03-18,9.9451322555542,12.119999885559082,12.140000343322754,12.149999618530273,11.989999771118164,25547700,VALE,Factor,2026-09-24
2024-03-19,10.01898193359375,12.210000038146973,12.289999961853027,12.319999694824219,12.210000038146973,22059500,VALE,Factor,2026-09-24
2024-03-20,10.158477783203125,12.380000114440918,12.199999809265137,12.420000076293945,12.140000343322754,23566100,VALE,Factor,2026-09-24
2024-03-21,10.158477783203125,12.380000114440918,12.510000228881836,12.550000190734863,12.369999885559082,18904100,VALE,Factor,2026-09-24
2024-03-22,9.994366645812988,12.180000305175781,12.289999961853027,12.329999923706055,12.180000305175781,12989400,VALE,Factor,2026-09-24
2024-03-25,9.97795581817627,12.15999984741211,12.239999771118164,12.3100004196167,12.15999984741211,13617300,VALE,Factor,2026-09-24
2024-03-26,9.863078117370605,12.020000457763672,12.109999656677246,12.149999618530273,11.9399995803833,19303100,VALE,Factor,2026-09-24
2024-03-27,9.986161231994629,12.170000076293945,11.970000267028809,12.1899995803833,11.960000038146973,22717200,VALE,Factor,2026-09-24
2024-03-28,10.002571105957031,12.1899995803833,12.0600004196167,12.1899995803833,12.039999961853027,28231800,VALE,Factor,2026-09-24
2024-04-01,9.93692684173584,12.109999656677246,12.239999771118164,12.289999961853027,12.050000190734863,26536600,VALE,Factor,2026-09-24
2024-04-02,10.068217277526855,12.270000457763672,12.210000038146973,12.40999984741211,12.1899995803833,33293700,VALE,Factor,2026-09-24
2024-04-03,9.912311553955078,12.079999923706055,12.109999656677246,12.149999618530273,11.930000305175781,30003700,VALE,Factor,2026-09-24
2024-04-04,9.781021118164062,11.920000076293945,12.119999885559082,12.199999809265137,11.899999618530273,41717900,VALE,Factor,2026-09-24
2024-04-05,9.682555198669434,11.800000190734863,11.949999809265137,11.949999809265137,11.729999542236328,23086500,VALE,Factor,2026-09-24
2024-04-08,10.256942749023438,12.5,12.069999694824219,12.5600004196167,12.0600004196167,60994600,VALE,Factor,2026-09-24
2024-04-09,10.256942749023438,12.5,12.600000381469727,12.670000076293945,12.380000114440918,33561400,VALE,Factor,2026-09-24
2024-04-10,9.969749450683594,12.149999618530273,12.220000267028809,12.350000381469727,12.079999923706055,28889900,VALE,Factor,2026-09-24
2024-04-11,9.986161231994629,12.170000076293945,12.15999984741211,12.229999542236328,12.0600004196167,25353500,VALE,Factor,2026-09-24
2024-04-12,9.863078117370605,12.020000457763672,12.25,12.369999885559082,11.960000038146973,31175600,VALE,Factor,2026-09-24
2024-04-15,9.84666633605957,12.0,12.029999732971191,12.140000343322754,11.949999809265137,32461300,VALE,Factor,2026-09-24
2024-04-16,9.575881958007812,11.670000076293945,11.6899995803833,11.739999771118164,11.520000457763672,41041100,VALE,Factor,2026-09-24
2024-04-17,9.723583221435547,11.850000381469727,12.0600004196167,12.140000343322754,11.8100004196167,34810500,VALE,Factor,2026-09-24
2024-04-18,9.715376853942871,11.84000015258789,11.890000343322754,11.970000267028809,11.739999771118164,25806200,VALE,Factor,2026-09-24
2024-04-19,9.994366645812988,12.180000305175781,11.850000381469727,12.229999542236328,11.84000015258789,34857300,VALE,Factor,2026-09-24
2024-04-22,10.010775566101074,12.199999809265137,12.020000457763672,12.279999732971191,11.949999809265137,31241100,VALE,Factor,2026-09-24
2024-04-23,10.01898193359375,12.210000038146973,12.050000190734863,12.289999961853027,11.960000038146973,31418400,VALE,Factor,2026-09-24
2024-04-24,10.150270462036133,12.369999885559082,12.420000076293945,12.460000038146973,12.210000038146973,36338900,VALE,Factor,2026-09-24
2024-04-25,9.895898818969727,12.0600004196167,12.119999885559082,12.130000114440918,11.970000267028809,32970900,VALE,Factor,2026-09-24
2024-04-26,10.076419830322266,12.279999732971191,12.180000305175781,12.350000381469727,12.15999984741211,21435400,VALE,Factor,2026-09-24
2024-04-29,10.248737335205078,12.489999771118164,12.34000015258789,12.510000228881836,12.329999923706055,20450800,VALE,Factor,2026-09-24
2024-04-30,9.986161231994629,12.170000076293945,12.270000457763672,12.289999961853027,12.140000343322754,28309500,VALE,Factor,2026-09-24
2024-05-01,10.010775566101074,12.199999809265137,12.1899995803833,12.380000114440918,12.100000381469727,14475000,VALE,Factor,2026-09-24
2024-05-02,10.273355484008789,12.520000457763672,12.449999809265137,12.5600004196167,12.34000015258789,27528800,VALE,Factor,2026-09-24
2024-05-03,10.347204208374023,12.609999656677246,12.649999618530273,12.670000076293945,12.449999809265137,23144400,VALE,Factor,2026-09-24
2024-05-06,10.330794334411621,12.59000015258789,12.65999984741211,12.729999542236328,12.59000015258789,17105300,VALE,Factor,2026-09-24
2024-05-07,10.412848472595215,12.6899995803833,12.800000190734863,12.880000114440918,12.6899995803833,24043500,VALE,Factor,2026-09-24
2024-05-08,10.297971725463867,12.550000190734863,12.5,12.619999885559082,12.460000038146973,18126800,VALE,Factor,2026-09-24
2024-05-09,10.322588920593262,12.579999923706055,12.399999618530273,12.59000015258789,12.369999885559082,22627100,VALE,Factor,2026-09-24
2024-05-10,10.207711219787598,12.4399995803833,12.630000114440918,12.649999618530273,12.430000305175781,16457200,VALE,Factor,2026-09-24
2024-05-13,10.314382553100586,12.569999694824219,12.59000015258789,12.670000076293945,12.479999542236328,18536500,VALE,Factor,2026-09-24
2024-05-14,10.306177139282227,12.5600004196167,12.5600004196167,12.619999885559082,12.460000038146973,15583300,VALE,Factor,2026-09-24
2024-05-15,10.306177139282227,12.5600004196167,12.510000228881836,12.569999694824219,12.260000228881836,27650600,VALE,Factor,2026-09-24
2024-05-16,10.388232231140137,12.65999984741211,12.680000305175781,12.6899995803833,12.550000190734863,18661100,VALE,Factor,2026-09-24
2024-05-17,10.659015655517578,12.989999771118164,12.739999771118164,13.010000228881836,12.699999809265137,26194700,VALE,Factor,2026-09-24
2024-05-20,10.601576805114746,12.920000076293945,12.899999618530273,13.0600004196167,12.8100004196167,22794100,VALE,Factor,2026-09-24
2024-05-21,10.568756103515625,12.880000114440918,13.050000190734863,13.140000343322754,12.869999885559082,27331300,VALE,Factor,2026-09-24
2024-05-22,10.380026817321777,12.649999618530273,12.8100004196167,12.890000343322754,12.600000381469727,21328100,VALE,Factor,2026-09-24
2024-05-23,10.322588920593262,12.579999923706055,12.680000305175781,12.699999809265137,12.5,23961600,VALE,Factor,2026-09-24
2024-05-24,10.33899974822998,12.600000381469727,12.600000381469727,12.75,12.5600004196167,13988900,VALE,Factor,2026-09-24
2024-05-28,10.14206600189209,12.359999656677246,12.600000381469727,12.619999885559082,12.260000228881836,25526400,VALE,Factor,2026-09-24
2024-05-29,9.953337669372559,12.130000114440918,12.220000267028809,12.260000228881836,12.079999923706055,18881400,VALE,Factor,2026-09-24
2024-05-30,9.93692684173584,12.109999656677246,12.09000015258789,12.210000038146973,11.960000038146973,28640100,VALE,Factor,2026-09-24
2024-05-31,9.887693405151367,12.050000190734863,12.130000114440918,12.149999618530273,11.970000267028809,32279400,VALE,Factor,2026-09-24
2024-06-03,9.698966026306152,11.819999694824219,11.850000381469727,11.90999984741211,11.770000457763672,29505600,VALE,Factor,2026-09-24
2024-06-04,9.469209671020508,11.539999961853027,11.600000381469727,11.600000381469727,11.520000457763672,25738600,VALE,Factor,2026-09-24
2024-06-05,9.36253833770752,11.40999984741211,11.529999732971191,11.550000190734863,11.359999656677246,29843200,VALE,Factor,2026-09-24
2024-06-06,9.5348539352417,11.619999885559082,11.460000038146973,11.670000076293945,11.420000076293945,28376200,VALE,Factor,2026-09-24
2024-06-07,9.31330394744873,11.350000381469727,11.4399995803833,11.539999961853027,11.319999694824219,28272700,VALE,Factor,2026-09-24
2024-06-10,9.354331970214844,11.399999618530273,11.270000457763672,11.449999809265137,11.229999542236328,20712600,VALE,Factor,2026-09-24
2024-06-11,9.337922096252441,11.380000114440918,11.239999771118164,11.399999618530273,11.130000114440918,38516800,VALE,Factor,2026-09-24
2024-06-12,9.124577522277832,11.119999885559082,11.399999618530273,11.430000305175781,11.069999694824219,31972000,VALE,Factor,2026-09-24
2024-06-13,9.288687705993652,11.319999694824219,11.199999809265137,11.359999656677246,11.149999618530273,23361500,VALE,Factor,2026-09-24
2024-06-14,9.239455223083496,11.260000228881836,11.239999771118164,11.319999694824219,11.210000038146973,16160500,VALE,Factor,2026-09-24
2024-06-17,9.15739917755127,11.15999984741211,11.109999656677246,11.170000076293945,11.020000457763672,22624100,VALE,Factor,2026-09-24
2024-06-18,9.173810005187988,11.180000305175781,11.130000114440918,11.279999732971191,11.130000114440918,18582000,VALE,Factor,2026-09-24
2024-06-20,9.264071464538574,11.289999961853027,11.25,11.34000015258789,11.210000038146973,27685400,VALE,Factor,2026-09-24
2024-06-21,9.231249809265137,11.25,11.229999542236328,11.319999694824219,11.170000076293945,24588900,VALE,Factor,2026-09-24
2024-06-24,9.255866050720215,11.279999732971191,11.3100004196167,11.350000381469727,11.239999771118164,26305500,VALE,Factor,2026-09-24
2024-06-25,9.108166694641113,11.100000381469727,11.260000228881836,11.260000228881836,11.069999694824219,19115100,VALE,Factor,2026-09-24
2024-06-26,9.14098834991455,11.140000343322754,11.100000381469727,11.199999809265137,11.039999961853027,25511600,VALE,Factor,2026-09-24
2024-06-27,9.15739917755127,11.15999984741211,11.130000114440918,11.1899995803833,10.989999771118164,24638000,VALE,Factor,2026-09-24
2024-06-28,9.165604591369629,11.170000076293945,11.1899995803833,11.279999732971191,11.109999656677246,24791900,VALE,Factor,2026-09-24
2024-07-01,9.190221786499023,11.199999809265137,11.319999694824219,11.329999923706055,11.1899995803833,27011800,VALE,Factor,2026-09-24
2024-07-02,9.14098834991455,11.140000343322754,11.100000381469727,11.180000305175781,10.989999771118164,25738000,VALE,Factor,2026-09-24
2024-07-03,9.526649475097656,11.609999656677246,11.369999885559082,11.670000076293945,11.359999656677246,32405900,VALE,Factor,2026-09-24
2024-07-05,9.56767749786377,11.65999984741211,11.520000457763672,11.65999984741211,11.449999809265137,26780500,VALE,Factor,2026-09-24
2024-07-08,9.419975280761719,11.479999542236328,11.449999809265137,11.529999732971191,11.4399995803833,27528000,VALE,Factor,2026-09-24
2024-07-09,9.485621452331543,11.5600004196167,11.539999961853027,11.670000076293945,11.5,38670100,VALE,Factor,2026-09-24
2024-07-10,9.411772727966309,11.470000267028809,11.59000015258789,11.600000381469727,11.390000343322754,21149900,VALE,Factor,2026-09-24
2024-07-11,9.3461275100708,11.390000343322754,11.5600004196167,11.59000015258789,11.34000015258789,26688200,VALE,Factor,2026-09-24
2024-07-12,9.452799797058105,11.520000457763672,11.380000114440918,11.59000015258789,11.350000381469727,21370000,VALE,Factor,2026-09-24
2024-07-15,9.444594383239746,11.510000228881836,11.510000228881836,11.600000381469727,11.390000343322754,17824000,VALE,Factor,2026-09-24
2024-07-16,9.428181648254395,11.489999771118164,11.479999542236328,11.489999771118164,11.300000190734863,25884700,VALE,Factor,2026-09-24
2024-07-17,9.198427200317383,11.210000038146973,11.279999732971191,11.350000381469727,11.210000038146973,35962200,VALE,Factor,2026-09-24
2024-07-18,8.97687816619873,10.9399995803833,11.140000343322754,11.15999984741211,10.920000076293945,32595800,VALE,Factor,2026-09-24
2024-07-19,8.968671798706055,10.930000305175781,11.0,11.010000228881836,10.880000114440918,20922000,VALE,Factor,2026-09-24
2024-07-22,8.960466384887695,10.920000076293945,10.979999542236328,10.989999771118164,10.899999618530273,21826300,VALE,Factor,2026-09-24
2024-07-23,8.837382316589355,10.770000457763672,10.789999961853027,10.850000381469727,10.699999809265137,22896800,VALE,Factor,2026-09-24
2024-07-24,8.755328178405762,10.670000076293945,10.699999809265137,10.800000190734863,10.640000343322754,22536800,VALE,Factor,2026-09-24
2024-07-25,8.779943466186523,10.699999809265137,10.699999809265137,10.859999656677246,10.670000076293945,27696900,VALE,Factor,2026-09-24
2024-07-26,8.911232948303223,10.859999656677246,10.880000114440918,10.930000305175781,10.75,25627100,VALE,Factor,2026-09-24
2024-07-29,8.927644729614258,10.880000114440918,10.890000343322754,10.930000305175781,10.8100004196167,19719000,VALE,Factor,2026-09-24
2024-07-30,8.771737098693848,10.6899995803833,10.779999732971191,10.789999961853027,10.640000343322754,33171500,VALE,Factor,2026-09-24
2024-07-31,8.903027534484863,10.850000381469727,10.760000228881836,10.920000076293945,10.720000267028809,32738200,VALE,Factor,2026-09-24
2024-08-01,8.599421501159668,10.479999542236328,10.859999656677246,10.90999984741211,10.460000038146973,34377700,VALE,Factor,2026-09-24
2024-08-02,8.509159088134766,10.369999885559082,10.550000190734863,10.5600004196167,10.350000381469727,37203500,VALE,Factor,2026-09-24
2024-08-05,8.467460632324219,9.949999809265137,9.710000038146973,10.0,9.65999984741211,36519600,VALE,Factor,2026-09-24
2024-08-06,8.595110893249512,10.100000381469727,9.9399995803833,10.170000076293945,9.890000343322754,40183800,VALE,Factor,2026-09-24
2024-08-07,8.612131118774414,10.119999885559082,10.199999809265137,10.369999885559082,10.109999656677246,29244000,VALE,Factor,2026-09-24
2024-08-08,8.654681205749512,10.170000076293945,10.149999618530273,10.229999542236328,10.140000343322754,23923200,VALE,Factor,2026-09-24
2024-08-09,8.73978042602539,10.270000457763672,10.350000381469727,10.350000381469727,10.220000267028809,33557700,VALE,Factor,2026-09-24
2024-08-12,8.748291015625,10.279999732971191,10.289999961853027,10.34000015258789,10.25,22723900,VALE,Factor,2026-09-24
2024-08-13,8.79935073852539,10.34000015258789,10.279999732971191,10.369999885559082,10.25,21534700,VALE,Factor,2026-09-24
2024-08-14,8.646171569824219,10.15999984741211,10.199999809265137,10.220000267028809,10.09000015258789,42813800,VALE,Factor,2026-09-24
2024-08-15,8.688722610473633,10.210000038146973,10.180000305175781,10.270000457763672,10.15999984741211,26260400,VALE,Factor,2026-09-24
2024-08-16,8.671700477600098,10.1899995803833,10.170000076293945,10.220000267028809,10.119999885559082,21741400,VALE,Factor,2026-09-24
2024-08-19,8.944022178649902,10.510000228881836,10.390000343322754,10.630000114440918,10.369999885559082,47889500,VALE,Factor,2026-09-24
2024-08-20,8.833392143249512,10.380000114440918,10.470000267028809,10.5,10.34000015258789,20379700,VALE,Factor,2026-09-24
2024-08-21,9.054652214050293,10.640000343322754,10.630000114440918,10.710000038146973,10.5600004196167,17569600,VALE,Factor,2026-09-24
2024-08-22,8.87594223022461,10.430000305175781,10.4399995803833,10.5,10.34000015258789,26015700,VALE,Factor,2026-09-24
2024-08-23,8.884450912475586,10.4399995803833,10.460000038146973,10.600000381469727,10.390000343322754,25739800,VALE,Factor,2026-09-24
2024-08-26,9.029121398925781,10.609999656677246,10.5600004196167,10.680000305175781,10.550000190734863,19841800,VALE,Factor,2026-09-24
2024-08-27,9.267401695251465,10.890000343322754,10.789999961853027,10.930000305175781,10.729999542236328,35588100,VALE,Factor,2026-09-24
2024-08-28,9.097201347351074,10.6899995803833,10.619999885559082,10.770000457763672,10.579999923706055,29484400,VALE,Factor,2026-09-24
2024-08-29,8.97806167602539,10.550000190734863,10.579999923706055,10.640000343322754,10.470000267028809,27684400,VALE,Factor,2026-09-24
2024-08-30,8.952532768249512,10.520000457763672,10.479999542236328,10.569999694824219,10.4399995803833,19742700,VALE,Factor,2026-09-24
2024-09-03,8.510010719299316,10.0,10.270000457763672,10.279999732971191,9.970000267028809,40055500,VALE,Factor,2026-09-24
2024-09-04,8.603620529174805,10.109999656677246,10.0,10.15999984741211,10.0,30034300,VALE,Factor,2026-09-24
2024-09-05,8.714251518249512,10.239999771118164,10.180000305175781,10.3100004196167,10.170000076293945,26346500,VALE,Factor,2026-09-24
2024-09-06,8.62064266204834,10.130000114440918,10.239999771118164,10.3100004196167,10.069999694824219,29338200,VALE,Factor,2026-09-24
2024-09-09,8.629152297973633,10.140000343322754,10.149999618530273,10.220000267028809,10.140000343322754,11507800,VALE,Factor,2026-09-24
2024-09-10,8.43342113494873,9.90999984741211,10.09000015258789,10.100000381469727,9.850000381469727,29373800,VALE,Factor,2026-09-24
2024-09-11,8.697232246398926,10.220000267028809,10.130000114440918,10.229999542236328,10.039999961853027,28253000,VALE,Factor,2026-09-24
2024-09-12,8.824881553649902,10.369999885559082,10.25,10.399999618530273,10.25,21332800,VALE,Factor,2026-09-24
2024-09-13,8.944022178649902,10.510000228881836,10.430000305175781,10.619999885559082,10.420000076293945,31773900,VALE,Factor,2026-09-24
2024-09-16,9.012102127075195,10.59000015258789,10.579999923706055,10.630000114440918,10.510000228881836,16114200,VALE,Factor,2026-09-24
2024-09-17,9.003591537475586,10.579999923706055,10.619999885559082,10.640000343322754,10.510000228881836,16863200,VALE,Factor,2026-09-24
2024-09-18,8.961042404174805,10.529999732971191,10.520000457763672,10.710000038146973,10.479999542236328,19583600,VALE,Factor,2026-09-24
2024-09-19,9.15677261352539,10.760000228881836,10.800000190734863,10.84000015258789,10.710000038146973,37319700,VALE,Factor,2026-09-24
2024-09-20,8.850411415100098,10.399999618530273,10.619999885559082,10.640000343322754,10.319999694824219,27970100,VALE,Factor,2026-09-24
2024-09-23,8.850411415100098,10.399999618530273,10.229999542236328,10.4399995803833,10.170000076293945,30930500,VALE,Factor,2026-09-24
2024-09-24,9.42058277130127,11.069999694824219,10.979999542236328,11.130000114440918,10.970000267028809,50871000,VALE,Factor,2026-09-24
2024-09-25,9.497172355651855,11.15999984741211,11.119999885559082,11.170000076293945,11.050000190734863,23486600,VALE,Factor,2026-09-24
2024-09-26,10.041813850402832,11.800000190734863,11.550000190734863,11.850000381469727,11.539999961853027,56946400,VALE,Factor,2026-09-24
2024-09-27,10.033303260803223,11.789999961853027,11.880000114440918,11.979999542236328,11.640000343322754,82285000,VALE,Factor,2026-09-24
2024-09-30,9.939693450927734,11.680000305175781,11.890000343322754,11.960000038146973,11.65999984741211,36868800,VALE,Factor,2026-09-24
2024-10-01,9.973733901977539,11.720000267028809,11.720000267028809,11.779999732971191,11.550000190734863,32292600,VALE,Factor,2026-09-24
2024-10-02,10.024792671203613,11.779999732971191,11.920000076293945,12.050000190734863,11.760000228881836,25284000,VALE,Factor,2026-09-24
2024-10-03,9.769493103027344,11.479999542236328,11.489999771118164,11.5600004196167,11.380000114440918,46405100,VALE,Factor,2026-09-24
2024-10-04,9.743963241577148,11.449999809265137,11.460000038146973,11.539999961853027,11.399999618530273,19891900,VALE,Factor,2026-09-24
2024-10-07,9.803532600402832,11.520000457763672,11.449999809265137,11.680000305175781,11.4399995803833,30935500,VALE,Factor,2026-09-24
2024-10-08,9.40356159210205,11.050000190734863,11.0600004196167,11.100000381469727,10.949999809265137,46551600,VALE,Factor,2026-09-24
2024-10-09,9.28442096710205,10.90999984741211,10.859999656677246,10.930000305175781,10.800000190734863,34581000,VALE,Factor,2026-09-24
2024-10-10,9.35250186920166,10.989999771118164,10.970000267028809,11.010000228881836,10.859999656677246,18776000,VALE,Factor,2026-09-24
2024-10-11,9.429091453552246,11.079999923706055,10.890000343322754,11.079999923706055,10.859999656677246,22288400,VALE,Factor,2026-09-24
2024-10-14,9.446113586425781,11.100000381469727,11.010000228881836,11.1899995803833,10.9399995803833,25062900,VALE,Factor,2026-09-24
2024-10-15,9.182302474975586,10.789999961853027,10.829999923706055,10.84000015258789,10.680000305175781,40558400,VALE,Factor,2026-09-24
2024-10-16,9.34399127960205,10.979999542236328,10.869999885559082,11.039999961853027,10.84000015258789,32382500,VALE,Factor,2026-09-24
2024-10-17,9.139752388000488,10.739999771118164,10.789999961853027,10.800000190734863,10.680000305175781,27350700,VALE,Factor,2026-09-24
2024-10-18,9.046141624450684,10.630000114440918,10.850000381469727,10.880000114440918,10.609999656677246,21768100,VALE,Factor,2026-09-24
2024-10-21,8.99508285522461,10.569999694824219,10.649999618530273,10.680000305175781,10.569999694824219,21239100,VALE,Factor,2026-09-24
2024-10-22,9.037631034851074,10.619999885559082,10.569999694824219,10.640000343322754,10.5,23471300,VALE,Factor,2026-09-24
2024-10-23,8.85892105102539,10.40999984741211,10.470000267028809,10.470000267028809,10.380000114440918,20616200,VALE,Factor,2026-09-24
2024-10-24,8.927002906799316,10.489999771118164,10.399999618530273,10.520000457763672,10.369999885559082,21924600,VALE,Factor,2026-09-24
2024-10-25,9.258892059326172,10.880000114440918,10.630000114440918,10.979999542236328,10.619999885559082,59680200,VALE,Factor,2026-09-24
2024-10-28,9.369523048400879,11.010000228881836,10.970000267028809,11.039999961853027,10.9399995803833,69248500,VALE,Factor,2026-09-24
2024-10-29,9.267401695251465,10.890000343322754,11.069999694824219,11.109999656677246,10.880000114440918,22045400,VALE,Factor,2026-09-24
2024-10-30,9.199321746826172,10.8100004196167,10.800000190734863,10.850000381469727,10.739999771118164,31388800,VALE,Factor,2026-09-24
2024-10-31,9.105711936950684,10.699999809265137,10.829999923706055,10.829999923706055,10.680000305175781,16824900,VALE,Factor,2026-09-24
2024-11-01,9.020612716674805,10.600000381469727,10.729999542236328,10.779999732971191,10.550000190734863,20467700,VALE,Factor,2026-09-24
2024-11-04,9.173791885375977,10.779999732971191,10.760000228881836,10.90999984741211,10.739999771118164,20468800,VALE,Factor,2026-09-24
2024-11-05,9.199321746826172,10.8100004196167,10.819999694824219,10.890000343322754,10.710000038146973,20284400,VALE,Factor,2026-09-24
2024-11-06,9.190813064575195,10.800000190734863,10.579999923706055,10.850000381469727,10.5,32024900,VALE,Factor,2026-09-24
2024-11-07,9.53972339630127,11.210000038146973,11.069999694824219,11.319999694824219,11.0600004196167,51305200,VALE,Factor,2026-09-24
2024-11-08,9.012102127075195,10.59000015258789,10.75,10.75,10.300000190734863,59281500,VALE,Factor,2026-09-24
2024-11-11,8.697232246398926,10.220000267028809,10.3100004196167,10.34000015258789,10.1899995803833,31282000,VALE,Factor,2026-09-24
2024-11-12,8.484480857849121,9.970000267028809,10.050000190734863,10.079999923706055,9.90999984741211,35192300,VALE,Factor,2026-09-24
2024-11-13,8.416401863098145,9.890000343322754,9.930000305175781,9.989999771118164,9.829999923706055,26079100,VALE,Factor,2026-09-24
2024-11-14,8.365340232849121,9.829999923706055,9.890000343322754,9.920000076293945,9.8100004196167,17960000,VALE,Factor,2026-09-24
2024-11-15,8.348320960998535,9.8100004196167,9.90999984741211,9.90999984741211,9.779999732971191,15469500,VALE,Factor,2026-09-24
2024-11-18,8.535541534423828,10.029999732971191,9.890000343322754,10.069999694824219,9.890000343322754,27526800,VALE,Factor,2026-09-24
2024-11-19,8.527031898498535,10.020000457763672,10.0,10.0600004196167,9.970000267028809,17055400,VALE,Factor,2026-09-24
2024-11-20,8.535541534423828,10.029999732971191,10.029999732971191,10.140000343322754,9.989999771118164,22687900,VALE,Factor,2026-09-24
2024-11-21,8.475971221923828,9.960000038146973,9.869999885559082,9.970000267028809,9.84000015258789,28912900,VALE,Factor,2026-09-24
2024-11-22,8.527031898498535,10.020000457763672,9.90999984741211,10.039999961853027,9.880000114440918,19121400,VALE,Factor,2026-09-24
2024-11-25,8.569581031799316,10.069999694824219,10.119999885559082,10.149999618530273,10.020000457763672,17531900,VALE,Factor,2026-09-24
2024-11-26,8.424910545349121,9.899999618530273,10.020000457763672,10.020000457763672,9.84000015258789,23544800,VALE,Factor,2026-09-24
2024-11-27,8.399381637573242,9.869999885559082,9.930000305175781,10.020000457763672,9.829999923706055,28135400,VALE,Factor,2026-09-24
2024-11-29,8.39087200164795,9.859999656677246,9.680000305175781,9.880000114440918,9.640000343322754,30374900,VALE,Factor,2026-09-24
2024-12-02,8.33130168914795,9.789999961853027,9.739999771118164,9.8100004196167,9.6899995803833,31488800,VALE,Factor,2026-09-24
2024-12-03,8.237690925598145,9.680000305175781,9.710000038146973,9.779999732971191,9.640000343322754,27941400,VALE,Factor,2026-09-24
2024-12-04,8.093021392822266,9.510000228881836,9.640000343322754,9.649999618530273,9.420000076293945,45870400,VALE,Factor,2026-09-24
2024-12-05,8.178120613098145,9.609999656677246,9.569999694824219,9.649999618530273,9.529999732971191,24568700,VALE,Factor,2026-09-24
2024-12-06,7.965369701385498,9.359999656677246,9.550000190734863,9.579999923706055,9.329999923706055,27882800,VALE,Factor,2026-09-24
2024-12-09,8.382362365722656,9.850000381469727,9.710000038146973,9.949999809265137,9.699999809265137,49368200,VALE,Factor,2026-09-24
2024-12-10,8.407891273498535,9.880000114440918,9.84000015258789,9.930000305175781,9.819999694824219,24468900,VALE,Factor,2026-09-24
2024-12-11,8.365340232849121,9.829999923706055,9.84000015258789,9.970000267028809,9.680000305175781,35413100,VALE,Factor,2026-09-24
2024-12-12,8.134282112121582,9.470000267028809,9.649999618530273,9.65999984741211,9.40999984741211,31687400,VALE,Factor,2026-09-24
2024-12-13,7.953902244567871,9.260000228881836,9.369999885559082,9.380000114440918,9.220000267028809,27085100,VALE,Factor,2026-09-24
2024-12-16,7.816469669342041,9.100000381469727,9.1899995803833,9.34000015258789,9.09000015258789,35171700,VALE,Factor,2026-09-24
2024-12-17,7.893775463104248,9.1899995803833,9.079999923706055,9.279999732971191,9.0,32039900,VALE,Factor,2026-09-24
2024-12-18,7.507246971130371,8.739999771118164,9.050000190734863,9.050000190734863,8.6899995803833,41087500,VALE,Factor,2026-09-24
2024-12-19,7.541605472564697,8.779999732971191,8.819999694824219,8.84000015258789,8.729999542236328,35452000,VALE,Factor,2026-09-24
2024-12-20,7.644680023193359,8.899999618530273,8.779999732971191,8.9399995803833,8.760000228881836,35596200,VALE,Factor,2026-09-24
2024-12-23,7.679037570953369,8.9399995803833,8.899999618530273,8.949999809265137,8.819999694824219,29069100,VALE,Factor,2026-09-24
2024-12-24,7.679037570953369,8.9399995803833,8.960000038146973,8.970000267028809,8.890000343322754,6879100,VALE,Factor,2026-09-24
2024-12-26,7.696216583251953,8.960000038146973,8.84000015258789,9.020000457763672,8.8100004196167,21706500,VALE,Factor,2026-09-24
2024-12-27,7.661859512329102,8.920000076293945,8.819999694824219,8.930000305175781,8.8100004196167,25181600,VALE,Factor,2026-09-24
2024-12-30,7.610321044921875,8.859999656677246,8.90999984741211,8.9399995803833,8.800000190734863,22315600,VALE,Factor,2026-09-24
2024-12-31,7.6189117431640625,8.869999885559082,8.859999656677246,8.9399995803833,8.84000015258789,11853000,VALE,Factor,2026-09-24
2025-01-02,7.627501010894775,8.880000114440918,8.800000190734863,8.960000038146973,8.779999732971191,20711600,VALE,Factor,2026-09-24
2025-01-03,7.412762641906738,8.630000114440918,8.789999961853027,8.8100004196167,8.619999885559082,27781300,VALE,Factor,2026-09-24
2025-01-06,7.404173374176025,8.619999885559082,8.699999809265137,8.760000228881836,8.600000381469727,21631300,VALE,Factor,2026-09-24
2025-01-07,7.352636337280273,8.5600004196167,8.65999984741211,8.75,8.520000457763672,29526200,VALE,Factor,2026-09-24
2025-01-08,7.301098823547363,8.5,8.5,8.510000228881836,8.420000076293945,25887200,VALE,Factor,2026-09-24
2025-01-10,7.301098823547363,8.5,8.470000267028809,8.609999656677246,8.449999809265137,26286700,VALE,Factor,2026-09-24
2025-01-13,7.309688091278076,8.510000228881836,8.40999984741211,8.630000114440918,8.380000114440918,30172800,VALE,Factor,2026-09-24
2025-01-14,7.404173374176025,8.619999885559082,8.630000114440918,8.710000038146973,8.579999923706055,29688900,VALE,Factor,2026-09-24
2025-01-15,7.5244269371032715,8.760000228881836,8.710000038146973,8.789999961853027,8.600000381469727,28032100,VALE,Factor,2026-09-24
2025-01-16,7.533016204833984,8.770000457763672,8.739999771118164,8.850000381469727,8.649999618530273,142370500,VALE,Factor,2026-09-24
2025-01-17,7.679037570953369,8.9399995803833,8.859999656677246,9.069999694824219,8.859999656677246,59396200,VALE,Factor,2026-09-24
2025-01-21,7.713396072387695,8.979999542236328,8.979999542236328,9.010000228881836,8.84000015258789,32055600,VALE,Factor,2026-09-24
2025-01-22,7.6189117431640625,8.869999885559082,9.029999732971191,9.100000381469727,8.850000381469727,54050100,VALE,Factor,2026-09-24
2025-01-23,7.636090278625488,8.890000343322754,8.869999885559082,8.90999984741211,8.779999732971191,47294300,VALE,Factor,2026-09-24
2025-01-24,7.713396072387695,8.979999542236328,9.020000457763672,9.079999923706055,8.970000267028809,31999000,VALE,Factor,2026-09-24
2025-01-27,7.868007183074951,9.15999984741211,8.960000038146973,9.1899995803833,8.930000305175781,42584600,VALE,Factor,2026-09-24
2025-01-28,7.75634241104126,9.029999732971191,9.100000381469727,9.109999656677246,8.989999771118164,33070800,VALE,Factor,2026-09-24
2025-01-29,7.790701389312744,9.069999694824219,9.020000457763672,9.170000076293945,8.989999771118164,32285400,VALE,Factor,2026-09-24
2025-01-30,8.065566062927246,9.390000343322754,9.15999984741211,9.520000457763672,9.149999618530273,49521100,VALE,Factor,2026-09-24
2025-01-31,7.979671478271484,9.289999961853027,9.430000305175781,9.510000228881836,9.289999961853027,41926200,VALE,Factor,2026-09-24
2025-02-03,8.03979778289795,9.359999656677246,9.15999984741211,9.380000114440918,9.109999656677246,35563700,VALE,Factor,2026-09-24
2025-02-04,8.099925994873047,9.430000305175781,9.420000076293945,9.470000267028809,9.359999656677246,39983400,VALE,Factor,2026-09-24
2025-02-05,8.04838752746582,9.369999885559082,9.369999885559082,9.449999809265137,9.34000015258789,33600100,VALE,Factor,2026-09-24
2025-02-06,8.254535675048828,9.609999656677246,9.609999656677246,9.680000305175781,9.5600004196167,37286000,VALE,Factor,2026-09-24
2025-02-07,8.134282112121582,9.470000267028809,9.680000305175781,9.680000305175781,9.430000305175781,35975100,VALE,Factor,2026-09-24
2025-02-10,8.211588859558105,9.5600004196167,9.5,9.600000381469727,9.489999771118164,22423300,VALE,Factor,2026-09-24
2025-02-11,8.22017765045166,9.569999694824219,9.520000457763672,9.600000381469727,9.479999542236328,20254400,VALE,Factor,2026-09-24
2025-02-12,8.211588859558105,9.5600004196167,9.579999923706055,9.630000114440918,9.529999732971191,25367400,VALE,Factor,2026-09-24
2025-02-13,8.22017765045166,9.569999694824219,9.40999984741211,9.579999923706055,9.359999656677246,26851800,VALE,Factor,2026-09-24
2025-02-14,8.383379936218262,9.760000228881836,9.699999809265137,9.819999694824219,9.649999618530273,31749100,VALE,Factor,2026-09-24
2025-02-18,8.426326751708984,9.8100004196167,9.800000190734863,9.880000114440918,9.760000228881836,26121700,VALE,Factor,2026-09-24
2025-02-19,8.366199493408203,9.739999771118164,9.739999771118164,9.779999732971191,9.630000114440918,31073400,VALE,Factor,2026-09-24
2025-02-20,8.71837043762207,10.149999618530273,9.989999771118164,10.279999732971191,9.989999771118164,61783700,VALE,Factor,2026-09-24
2025-02-21,8.684012413024902,10.109999656677246,10.180000305175781,10.229999542236328,10.069999694824219,42834300,VALE,Factor,2026-09-24
2025-02-24,8.563758850097656,9.970000267028809,10.180000305175781,10.229999542236328,9.949999809265137,34888300,VALE,Factor,2026-09-24
2025-02-25,8.495043754577637,9.890000343322754,9.920000076293945,9.960000038146973,9.869999885559082,29611900,VALE,Factor,2026-09-24
2025-02-26,8.383379936218262,9.760000228881836,9.960000038146973,9.970000267028809,9.75,34061800,VALE,Factor,2026-09-24
2025-02-27,8.27171516418457,9.630000114440918,9.779999732971191,9.779999732971191,9.619999885559082,27660500,VALE,Factor,2026-09-24
2025-02-28,8.099925994873047,9.430000305175781,9.5600004196167,9.600000381469727,9.350000381469727,33537800,VALE,Factor,2026-09-24
2025-03-03,8.065566062927246,9.390000343322754,9.600000381469727,9.680000305175781,9.350000381469727,25193200,VALE,Factor,2026-09-24
2025-03-04,8.03979778289795,9.359999656677246,9.34000015258789,9.470000267028809,9.210000038146973,27472000,VALE,Factor,2026-09-24
2025-03-05,8.331842422485352,9.699999809265137,9.470000267028809,9.739999771118164,9.449999809265137,31026500,VALE,Factor,2026-09-24
2025-03-06,8.400558471679688,9.779999732971191,9.760000228881836,9.859999656677246,9.720000267028809,29942100,VALE,Factor,2026-09-24
2025-03-07,8.503631591796875,9.899999618530273,9.6899995803833,9.949999809265137,9.670000076293945,30056900,VALE,Factor,2026-09-24
2025-03-10,8.24746036529541,9.239999771118164,9.399999618530273,9.470000267028809,9.079999923706055,32666700,VALE,Factor,2026-09-24
2025-03-11,8.390274047851562,9.399999618530273,9.289999961853027,9.4399995803833,9.15999984741211,36471200,VALE,Factor,2026-09-24
2025-03-12,8.274239540100098,9.270000457763672,9.239999771118164,9.289999961853027,9.15999984741211,28406200,VALE,Factor,2026-09-24
2025-03-13,8.408125877380371,9.420000076293945,9.279999732971191,9.539999961853027,9.270000457763672,24075700,VALE,Factor,2026-09-24
2025-03-14,8.756233215332031,9.8100004196167,9.649999618530273,9.899999618530273,9.619999885559082,37639100,VALE,Factor,2026-09-24
2025-03-17,8.997230529785156,10.079999923706055,9.880000114440918,10.109999656677246,9.869999885559082,34569100,VALE,Factor,2026-09-24
2025-03-18,9.086488723754883,10.180000305175781,10.09000015258789,10.210000038146973,9.960000038146973,37160400,VALE,Factor,2026-09-24
2025-03-19,9.095414161682129,10.1899995803833,10.130000114440918,10.220000267028809,10.039999961853027,47709100,VALE,Factor,2026-09-24
2025-03-20,9.050786018371582,10.140000343322754,10.109999656677246,10.180000305175781,10.0600004196167,31148100,VALE,Factor,2026-09-24
2025-03-21,8.98830509185791,10.069999694824219,10.0,10.09000015258789,9.979999542236328,35053400,VALE,Factor,2026-09-24
2025-03-24,8.872268676757812,9.9399995803833,10.140000343322754,10.199999809265137,9.90999984741211,19496600,VALE,Factor,2026-09-24
2025-03-25,9.006156921386719,10.09000015258789,10.079999923706055,10.15999984741211,10.050000190734863,27410600,VALE,Factor,2026-09-24
2025-03-26,9.041860580444336,10.130000114440918,10.09000015258789,10.149999618530273,10.0600004196167,22939800,VALE,Factor,2026-09-24
2025-03-27,9.07756233215332,10.170000076293945,10.069999694824219,10.199999809265137,10.0600004196167,20042800,VALE,Factor,2026-09-24
2025-03-28,8.961526870727539,10.039999961853027,10.119999885559082,10.15999984741211,10.010000228881836,21447100,VALE,Factor,2026-09-24
2025-03-31,8.907971382141113,9.979999542236328,9.850000381469727,10.0,9.760000228881836,28351400,VALE,Factor,2026-09-24
2025-04-01,9.015082359313965,10.100000381469727,10.0600004196167,10.220000267028809,10.039999961853027,20845100,VALE,Factor,2026-09-24
2025-04-02,9.006156921386719,10.09000015258789,10.109999656677246,10.109999656677246,9.9399995803833,24525700,VALE,Factor,2026-09-24
2025-04-03,8.684825897216797,9.729999542236328,9.979999542236328,10.119999885559082,9.710000038146973,52912200,VALE,Factor,2026-09-24
2025-04-04,8.10464859008789,9.079999923706055,9.289999961853027,9.300000190734863,8.869999885559082,73667800,VALE,Factor,2026-09-24
2025-04-07,7.881503105163574,8.829999923706055,8.789999961853027,9.199999809265137,8.640000343322754,76247000,VALE,Factor,2026-09-24
2025-04-08,7.372730255126953,8.260000228881836,9.0,9.010000228881836,8.170000076293945,68739000,VALE,Factor,2026-09-24
2025-04-09,7.9082794189453125,8.859999656677246,8.149999618530273,8.920000076293945,8.0600004196167,87806200,VALE,Factor,2026-09-24
2025-04-10,7.943983554840088,8.899999618530273,8.890000343322754,9.039999961853027,8.65999984741211,70888400,VALE,Factor,2026-09-24
2025-04-11,8.229610443115234,9.220000267028809,9.010000228881836,9.279999732971191,8.9399995803833,38903800,VALE,Factor,2026-09-24
2025-04-14,8.274239540100098,9.270000457763672,9.359999656677246,9.4399995803833,9.229999542236328,36387200,VALE,Factor,2026-09-24
2025-04-15,8.149277687072754,9.130000114440918,9.3100004196167,9.34000015258789,9.100000381469727,23790300,VALE,Factor,2026-09-24
2025-04-16,8.033241271972656,9.0,9.050000190734863,9.079999923706055,8.930000305175781,25841900,VALE,Factor,2026-09-24
2025-04-17,8.131424903869629,9.109999656677246,8.989999771118164,9.199999809265137,8.979999542236328,26700100,VALE,Factor,2026-09-24
2025-04-21,8.140351295471191,9.119999885559082,9.130000114440918,9.170000076293945,9.039999961853027,21868900,VALE,Factor,2026-09-24
2025-04-22,8.42597770690918,9.4399995803833,9.1899995803833,9.510000228881836,9.180000305175781,42473800,VALE,Factor,2026-09-24
2025-04-23,8.524161338806152,9.550000190734863,9.65999984741211,9.779999732971191,9.539999961853027,29221600,VALE,Factor,2026-09-24
2025-04-24,8.702677726745605,9.75,9.710000038146973,9.819999694824219,9.65999984741211,30354500,VALE,Factor,2026-09-24
2025-04-25,8.479533195495605,9.5,9.550000190734863,9.59000015258789,9.4399995803833,33335100,VALE,Factor,2026-09-24
2025-04-28,8.568790435791016,9.600000381469727,9.510000228881836,9.619999885559082,9.479999542236328,22812000,VALE,Factor,2026-09-24
2025-04-29,8.568790435791016,9.600000381469727,9.609999656677246,9.630000114440918,9.550000190734863,24641600,VALE,Factor,2026-09-24
2025-04-30,8.309942245483398,9.3100004196167,9.3100004196167,9.430000305175781,9.289999961853027,30129700,VALE,Factor,2026-09-24
2025-05-01,8.24746036529541,9.239999771118164,9.3100004196167,9.390000343322754,9.180000305175781,18480300,VALE,Factor,2026-09-24
2025-05-02,8.363496780395508,9.369999885559082,9.4399995803833,9.520000457763672,9.319999694824219,21566800,VALE,Factor,2026-09-24
2025-05-05,8.309942245483398,9.3100004196167,9.40999984741211,9.430000305175781,9.300000190734863,16698600,VALE,Factor,2026-09-24
2025-05-06,8.309942245483398,9.3100004196167,9.350000381469727,9.399999618530273,9.300000190734863,17114100,VALE,Factor,2026-09-24
2025-05-07,8.229610443115234,9.220000267028809,9.319999694824219,9.34000015258789,9.170000076293945,20660400,VALE,Factor,2026-09-24
2025-05-08,8.301015853881836,9.300000190734863,9.3100004196167,9.430000305175781,9.270000457763672,28406000,VALE,Factor,2026-09-24
2025-05-09,8.354570388793945,9.359999656677246,9.350000381469727,9.390000343322754,9.3100004196167,19632100,VALE,Factor,2026-09-24
2025-05-12,8.568790435791016,9.600000381469727,9.710000038146973,9.770000457763672,9.539999961853027,25166500,VALE,Factor,2026-09-24
2025-05-13,8.818714141845703,9.880000114440918,9.65999984741211,9.920000076293945,9.649999618530273,30990500,VALE,Factor,2026-09-24
2025-05-14,8.738381385803223,9.789999961853027,9.920000076293945,9.930000305175781,9.760000228881836,25437300,VALE,Factor,2026-09-24
2025-05-15,8.756233215332031,9.8100004196167,9.8100004196167,9.890000343322754,9.760000228881836,26677200,VALE,Factor,2026-09-24
2025-05-16,8.747307777404785,9.800000190734863,9.680000305175781,9.850000381469727,9.619999885559082,21490100,VALE,Factor,2026-09-24
2025-05-19,8.77408504486084,9.829999923706055,9.699999809265137,9.859999656677246,9.699999809265137,23440100,VALE,Factor,2026-09-24
2025-05-20,8.729455947875977,9.779999732971191,9.800000190734863,9.819999694824219,9.710000038146973,17167900,VALE,Factor,2026-09-24
2025-05-21,8.613420486450195,9.649999618530273,9.779999732971191,9.779999732971191,9.640000343322754,22641600,VALE,Factor,2026-09-24
2025-05-22,8.550939559936523,9.579999923706055,9.630000114440918,9.75,9.550000190734863,34489600,VALE,Factor,2026-09-24
2025-05-23,8.568790435791016,9.600000381469727,9.430000305175781,9.630000114440918,9.420000076293945,31060900,VALE,Factor,2026-09-24
2025-05-27,8.51523494720459,9.539999961853027,9.539999961853027,9.579999923706055,9.479999542236328,22266700,VALE,Factor,2026-09-24
2025-05-28,8.363496780395508,9.369999885559082,9.460000038146973,9.460000038146973,9.329999923706055,29963500,VALE,Factor,2026-09-24
2025-05-29,8.42597770690918,9.4399995803833,9.479999542236328,9.510000228881836,9.40999984741211,26528800,VALE,Factor,2026-09-24
2025-05-30,8.149277687072754,9.130000114440918,9.369999885559082,9.369999885559082,9.109999656677246,41904000,VALE,Factor,2026-09-24
2025-06-02,8.274239540100098,9.270000457763672,9.239999771118164,9.3100004196167,9.210000038146973,25068000,VALE,Factor,2026-09-24
2025-06-03,8.309942245483398,9.3100004196167,9.1899995803833,9.350000381469727,9.119999885559082,27835800,VALE,Factor,2026-09-24
2025-06-04,8.345645904541016,9.350000381469727,9.390000343322754,9.510000228881836,9.350000381469727,31302000,VALE,Factor,2026-09-24
2025-06-05,8.479533195495605,9.5,9.539999961853027,9.619999885559082,9.470000267028809,32895800,VALE,Factor,2026-09-24
2025-06-06,8.470606803894043,9.489999771118164,9.510000228881836,9.550000190734863,9.40999984741211,28727700,VALE,Factor,2026-09-24
2025-06-09,8.550939559936523,9.579999923706055,9.5,9.579999923706055,9.420000076293945,33646000,VALE,Factor,2026-09-24
2025-06-10,8.622345924377441,9.65999984741211,9.600000381469727,9.739999771118164,9.59000015258789,30561100,VALE,Factor,2026-09-24
2025-06-11,8.577715873718262,9.609999656677246,9.65999984741211,9.699999809265137,9.550000190734863,28707300,VALE,Factor,2026-09-24
2025-06-12,8.51523494720459,9.539999961853027,9.539999961853027,9.600000381469727,9.479999542236328,23403400,VALE,Factor,2026-09-24
2025-06-13,8.443829536437988,9.460000038146973,9.390000343322754,9.479999542236328,9.359999656677246,26563000,VALE,Factor,2026-09-24
2025-06-16,8.765158653259277,9.819999694824219,9.539999961853027,9.859999656677246,9.529999732971191,46647600,VALE,Factor,2026-09-24
2025-06-17,8.345645904541016,9.350000381469727,9.75,9.770000457763672,9.34000015258789,95010600,VALE,Factor,2026-09-24
2025-06-18,8.301015853881836,9.300000190734863,9.399999618530273,9.460000038146973,9.279999732971191,32767100,VALE,Factor,2026-09-24
2025-06-20,8.086796760559082,9.0600004196167,9.279999732971191,9.279999732971191,9.020000457763672,64685300,VALE,Factor,2026-09-24
2025-06-23,8.1939058303833,9.180000305175781,9.050000190734863,9.1899995803833,9.010000228881836,38963300,VALE,Factor,2026-09-24
2025-06-24,8.220684051513672,9.210000038146973,9.180000305175781,9.210000038146973,9.119999885559082,34861500,VALE,Factor,2026-09-24
2025-06-25,8.086796760559082,9.0600004196167,9.050000190734863,9.119999885559082,8.970000267028809,39327000,VALE,Factor,2026-09-24
2025-06-26,8.45275592803955,9.470000267028809,9.279999732971191,9.5,9.270000457763672,87645600,VALE,Factor,2026-09-24
2025-06-27,8.69375228881836,9.739999771118164,9.510000228881836,9.739999771118164,9.479999542236328,66579000,VALE,Factor,2026-09-24
2025-06-30,8.666975975036621,9.710000038146973,9.619999885559082,9.75,9.609999656677246,45313700,VALE,Factor,2026-09-24
2025-07-01,8.765158653259277,9.819999694824219,9.699999809265137,9.869999885559082,9.649999618530273,49736000,VALE,Factor,2026-09-24
2025-07-02,9.17574691772461,10.279999732971191,9.989999771118164,10.3100004196167,9.920000076293945,109623200,VALE,Factor,2026-09-24
2025-07-03,9.1221923828125,10.220000267028809,10.229999542236328,10.369999885559082,10.170000076293945,23864300,VALE,Factor,2026-09-24
2025-07-07,8.872268676757812,9.9399995803833,10.079999923706055,10.140000343322754,9.890000343322754,35574500,VALE,Factor,2026-09-24
2025-07-08,8.916897773742676,9.989999771118164,10.010000228881836,10.210000038146973,9.979999542236328,49347700,VALE,Factor,2026-09-24
2025-07-09,8.800862312316895,9.859999656677246,10.020000457763672,10.020000457763672,9.8100004196167,35222300,VALE,Factor,2026-09-24
2025-07-10,8.890120506286621,9.960000038146973,10.079999923706055,10.319999694824219,9.949999809265137,84062800,VALE,Factor,2026-09-24
2025-07-11,9.050786018371582,10.140000343322754,10.010000228881836,10.15999984741211,9.930000305175781,47689800,VALE,Factor,2026-09-24
2025-07-14,8.836565017700195,9.899999618530273,9.979999542236328,10.010000228881836,9.859999656677246,28250000,VALE,Factor,2026-09-24
2025-07-15,8.64912223815918,9.6899995803833,9.850000381469727,9.869999885559082,9.609999656677246,45335100,VALE,Factor,2026-09-24
2025-07-16,8.729455947875977,9.779999732971191,9.699999809265137,9.84000015258789,9.6899995803833,46682700,VALE,Factor,2026-09-24
2025-07-17,8.756233215332031,9.8100004196167,9.760000228881836,9.869999885559082,9.739999771118164,53805100,VALE,Factor,2026-09-24
2025-07-18,8.720531463623047,9.770000457763672,9.850000381469727,9.899999618530273,9.739999771118164,35498200,VALE,Factor,2026-09-24
2025-07-21,9.041860580444336,10.130000114440918,10.0,10.25,9.970000267028809,65886700,VALE,Factor,2026-09-24
2025-07-22,9.25607967376709,10.369999885559082,10.279999732971191,10.460000038146973,10.239999771118164,72961900,VALE,Factor,2026-09-24
2025-07-23,9.282856941223145,10.399999618530273,10.289999961853027,10.449999809265137,10.289999961853027,62197000,VALE,Factor,2026-09-24
2025-07-24,9.13111686706543,10.229999542236328,10.329999923706055,10.350000381469727,10.180000305175781,58951400,VALE,Factor,2026-09-24
2025-07-25,8.925824165344238,10.0,10.109999656677246,10.119999885559082,9.930000305175781,50742100,VALE,Factor,2026-09-24
2025-07-28,8.783011436462402,9.84000015258789,9.859999656677246,9.899999618530273,9.760000228881836,44956700,VALE,Factor,2026-09-24
2025-07-29,8.827640533447266,9.890000343322754,9.890000343322754,9.970000267028809,9.819999694824219,44793900,VALE,Factor,2026-09-24
2025-07-30,8.595568656921387,9.630000114440918,9.75,9.760000228881836,9.5600004196167,69250100,VALE,Factor,2026-09-24
2025-07-31,8.50631046295166,9.529999732971191,9.430000305175781,9.609999656677246,9.359999656677246,54555300,VALE,Factor,2026-09-24
2025-08-01,8.666975975036621,9.710000038146973,9.890000343322754,9.930000305175781,9.65999984741211,91152400,VALE,Factor,2026-09-24
2025-08-04,8.791936874389648,9.850000381469727,9.829999923706055,9.869999885559082,9.760000228881836,52292300,VALE,Factor,2026-09-24
2025-08-05,8.80978775024414,9.869999885559082,9.890000343322754,10.010000228881836,9.84000015258789,27403100,VALE,Factor,2026-09-24
2025-08-06,8.791936874389648,9.850000381469727,9.970000267028809,9.970000267028809,9.850000381469727,23122900,VALE,Factor,2026-09-24
2025-08-07,8.916897773742676,9.989999771118164,9.960000038146973,10.010000228881836,9.869999885559082,24773700,VALE,Factor,2026-09-24
2025-08-08,9.1221923828125,10.220000267028809,10.050000190734863,10.300000190734863,10.020000457763672,41941900,VALE,Factor,2026-09-24
2025-08-11,9.104340553283691,10.199999809265137,10.25,10.289999961853027,10.149999618530273,28044300,VALE,Factor,2026-09-24
2025-08-12,9.282856941223145,10.399999618530273,10.3100004196167,10.4399995803833,10.3100004196167,40571900,VALE,Factor,2026-09-24
2025-08-13,9.307787895202637,10.079999923706055,10.0600004196167,10.140000343322754,10.029999732971191,24372200,VALE,Factor,2026-09-24
2025-08-14,9.150811195373535,9.90999984741211,9.859999656677246,9.90999984741211,9.8100004196167,23363600,VALE,Factor,2026-09-24
2025-08-15,9.160045623779297,9.920000076293945,9.90999984741211,9.970000267028809,9.84000015258789,19516800,VALE,Factor,2026-09-24
2025-08-18,9.058473587036133,9.8100004196167,9.899999618530273,9.9399995803833,9.779999732971191,21700100,VALE,Factor,2026-09-24
2025-08-19,8.966133117675781,9.710000038146973,9.760000228881836,9.829999923706055,9.670000076293945,24904400,VALE,Factor,2026-09-24
2025-08-20,8.975367546081543,9.720000267028809,9.710000038146973,9.760000228881836,9.680000305175781,22484800,VALE,Factor,2026-09-24
2025-08-21,9.058473587036133,9.8100004196167,9.699999809265137,9.8100004196167,9.680000305175781,14413900,VALE,Factor,2026-09-24
2025-08-22,9.34472370147705,10.119999885559082,9.800000190734863,10.149999618530273,9.800000190734863,31606900,VALE,Factor,2026-09-24
2025-08-25,9.39089298248291,10.170000076293945,10.180000305175781,10.260000228881836,10.140000343322754,16016600,VALE,Factor,2026-09-24
2025-08-26,9.437063217163086,10.220000267028809,10.119999885559082,10.229999542236328,10.119999885559082,19044100,VALE,Factor,2026-09-24
2025-08-27,9.464764595031738,10.25,10.170000076293945,10.260000228881836,10.130000114440918,14889000,VALE,Factor,2026-09-24
2025-08-28,9.464764595031738,10.25,10.319999694824219,10.420000076293945,10.239999771118164,26193700,VALE,Factor,2026-09-24
2025-08-29,9.492466926574707,10.279999732971191,10.25,10.319999694824219,10.25,15105200,VALE,Factor,2026-09-24
2025-09-02,9.39089298248291,10.170000076293945,10.130000114440918,10.180000305175781,10.079999923706055,19694900,VALE,Factor,2026-09-24
2025-09-03,9.42782974243164,10.210000038146973,10.220000267028809,10.25,10.149999618530273,21207900,VALE,Factor,2026-09-24
2025-09-04,9.4739990234375,10.260000228881836,10.289999961853027,10.289999961853027,10.180000305175781,16803400,VALE,Factor,2026-09-24
2025-09-05,9.603272438049316,10.399999618530273,10.4399995803833,10.550000190734863,10.350000381469727,25996800,VALE,Factor,2026-09-24
2025-09-08,9.649442672729492,10.449999809265137,10.4399995803833,10.470000267028809,10.369999885559082,18200200,VALE,Factor,2026-09-24
2025-09-09,9.55710506439209,10.350000381469727,10.550000190734863,10.630000114440918,10.329999923706055,26517800,VALE,Factor,2026-09-24
2025-09-10,9.695612907409668,10.5,10.489999771118164,10.569999694824219,10.430000305175781,26580100,VALE,Factor,2026-09-24
2025-09-11,9.815653800964355,10.630000114440918,10.449999809265137,10.670000076293945,10.449999809265137,30818300,VALE,Factor,2026-09-24
2025-09-12,9.85258960723877,10.670000076293945,10.649999618530273,10.75,10.609999656677246,25684000,VALE,Factor,2026-09-24
2025-09-15,10.00033187866211,10.829999923706055,10.75,10.859999656677246,10.699999809265137,22165700,VALE,Factor,2026-09-24
2025-09-16,10.074203491210938,10.90999984741211,10.899999618530273,10.9399995803833,10.760000228881836,39632500,VALE,Factor,2026-09-24
2025-09-17,10.046502113342285,10.880000114440918,10.869999885559082,11.010000228881836,10.8100004196167,34852900,VALE,Factor,2026-09-24
2025-09-18,10.009566307067871,10.84000015258789,10.960000038146973,10.979999542236328,10.819999694824219,27690400,VALE,Factor,2026-09-24
2025-09-19,10.028034210205078,10.859999656677246,10.859999656677246,10.930000305175781,10.8100004196167,22484800,VALE,Factor,2026-09-24
2025-09-22,10.028034210205078,10.859999656677246,10.920000076293945,10.960000038146973,10.819999694824219,24583000,VALE,Factor,2026-09-24
2025-09-23,10.111139297485352,10.949999809265137,10.90999984741211,11.0600004196167,10.899999618530273,33201700,VALE,Factor,2026-09-24
2025-09-24,10.00033187866211,10.829999923706055,10.90999984741211,10.970000267028809,10.819999694824219,24335900,VALE,Factor,2026-09-24
2025-09-25,10.05573558807373,10.890000343322754,10.930000305175781,10.970000267028809,10.850000381469727,24906400,VALE,Factor,2026-09-24
2025-09-26,9.880290985107422,10.699999809265137,10.800000190734863,10.800000190734863,10.579999923706055,59854500,VALE,Factor,2026-09-24
2025-09-29,9.926460266113281,10.75,10.819999694824219,10.880000114440918,10.729999542236328,33345800,VALE,Factor,2026-09-24
2025-09-30,10.028034210205078,10.859999656677246,10.8100004196167,10.890000343322754,10.720000267028809,30235900,VALE,Factor,2026-09-24
2025-10-01,10.138840675354004,10.979999542236328,10.9399995803833,11.079999923706055,10.899999618530273,30067300,VALE,Factor,2026-09-24
2025-10-02,10.175777435302734,11.020000457763672,11.039999961853027,11.069999694824219,10.859999656677246,34919900,VALE,Factor,2026-09-24
2025-10-03,10.166543006896973,11.010000228881836,10.970000267028809,11.09000015258789,10.970000267028809,27156600,VALE,Factor,2026-09-24
2025-10-06,10.425091743469238,11.289999961853027,11.119999885559082,11.319999694824219,11.100000381469727,52374100,VALE,Factor,2026-09-24
2025-10-07,10.194244384765625,11.039999961853027,11.1899995803833,11.210000038146973,11.020000457763672,36894700,VALE,Factor,2026-09-24
2025-10-08,10.249648094177246,11.100000381469727,11.100000381469727,11.15999984741211,11.0600004196167,31062700,VALE,Factor,2026-09-24
2025-10-09,10.185009956359863,11.029999732971191,11.199999809265137,11.329999923706055,11.020000457763672,42470000,VALE,Factor,2026-09-24
2025-10-10,9.926460266113281,10.75,11.039999961853027,11.100000381469727,10.710000038146973,46652000,VALE,Factor,2026-09-24
2025-10-13,10.166543006896973,11.010000228881836,10.960000038146973,11.0600004196167,10.899999618530273,30061800,VALE,Factor,2026-09-24
2025-10-14,10.129607200622559,10.970000267028809,10.789999961853027,11.020000457763672,10.770000457763672,33461200,VALE,Factor,2026-09-24
2025-10-15,10.314285278320312,11.170000076293945,11.020000457763672,11.199999809265137,11.010000228881836,38155500,VALE,Factor,2026-09-24
2025-10-16,10.258881568908691,11.109999656677246,11.149999618530273,11.1899995803833,11.010000228881836,30463700,VALE,Factor,2026-09-24
2025-10-17,10.249648094177246,11.100000381469727,11.020000457763672,11.140000343322754,11.0,29373700,VALE,Factor,2026-09-24
2025-10-20,10.526664733886719,11.399999618530273,11.25,11.460000038146973,11.220000267028809,34717000,VALE,Factor,2026-09-24
2025-10-21,10.406624794006348,11.270000457763672,11.279999732971191,11.380000114440918,11.229999542236328,41881300,VALE,Factor,2026-09-24
2025-10-22,10.637472152709961,11.520000457763672,11.399999618530273,11.569999694824219,11.380000114440918,49747300,VALE,Factor,2026-09-24
2025-10-23,10.582069396972656,11.460000038146973,11.640000343322754,11.65999984741211,11.449999809265137,24643000,VALE,Factor,2026-09-24
2025-10-24,10.53589916229248,11.40999984741211,11.529999732971191,11.5600004196167,11.399999618530273,21305200,VALE,Factor,2026-09-24
2025-10-27,10.582069396972656,11.460000038146973,11.539999961853027,11.550000190734863,11.430000305175781,26895400,VALE,Factor,2026-09-24
2025-10-28,10.729811668395996,11.619999885559082,11.489999771118164,11.6899995803833,11.479999542236328,36276300,VALE,Factor,2026-09-24
2025-10-29,10.923723220825195,11.829999923706055,11.859999656677246,11.9399995803833,11.75,48965200,VALE,Factor,2026-09-24
2025-10-30,10.979126930236816,11.890000343322754,11.779999732971191,11.930000305175781,11.6899995803833,38570800,VALE,Factor,2026-09-24
2025-10-31,11.163805961608887,12.09000015258789,11.899999618530273,12.220000267028809,11.890000343322754,45923400,VALE,Factor,2026-09-24
2025-11-03,11.26537799835205,12.199999809265137,12.130000114440918,12.239999771118164,12.100000381469727,37428300,VALE,Factor,2026-09-24
2025-11-04,11.025296211242676,11.9399995803833,12.020000457763672,12.069999694824219,11.869999885559082,51377400,VALE,Factor,2026-09-24
2025-11-05,11.366951942443848,12.3100004196167,12.119999885559082,12.390000343322754,12.09000015258789,43423900,VALE,Factor,2026-09-24
2025-11-06,11.29308032989502,12.229999542236328,12.350000381469727,12.399999618530273,12.180000305175781,33872800,VALE,Factor,2026-09-24
2025-11-07,11.219208717346191,12.149999618530273,12.020000457763672,12.15999984741211,11.9399995803833,31631500,VALE,Factor,2026-09-24
2025-11-10,11.357718467712402,12.300000190734863,12.329999923706055,12.34000015258789,12.210000038146973,19436300,VALE,Factor,2026-09-24
2025-11-11,11.3946533203125,12.34000015258789,12.420000076293945,12.479999542236328,12.289999961853027,22881400,VALE,Factor,2026-09-24
2025-11-12,11.523927688598633,12.479999542236328,12.420000076293945,12.489999771118164,12.359999656677246,22241900,VALE,Factor,2026-09-24
2025-11-13,11.431589126586914,12.380000114440918,12.5,12.600000381469727,12.329999923706055,20435100,VALE,Factor,2026-09-24
2025-11-14,11.357718467712402,12.300000190734863,12.260000228881836,12.420000076293945,12.1899995803833,24747100,VALE,Factor,2026-09-24
2025-11-17,11.237676620483398,12.170000076293945,12.3100004196167,12.380000114440918,12.15999984741211,28106100,VALE,Factor,2026-09-24
2025-11-18,11.237676620483398,12.170000076293945,12.140000343322754,12.279999732971191,12.050000190734863,26444000,VALE,Factor,2026-09-24
2025-11-19,11.191507339477539,12.119999885559082,12.149999618530273,12.270000457763672,12.100000381469727,21571000,VALE,Factor,2026-09-24
2025-11-20,11.006829261779785,11.920000076293945,12.220000267028809,12.270000457763672,11.890000343322754,31217100,VALE,Factor,2026-09-24
2025-11-21,11.163805961608887,12.09000015258789,12.010000228881836,12.119999885559082,11.819999694824219,42962300,VALE,Factor,2026-09-24
2025-11-24,11.163805961608887,12.09000015258789,12.079999923706055,12.170000076293945,12.0600004196167,20333400,VALE,Factor,2026-09-24
2025-11-25,11.256144523620605,12.1899995803833,12.180000305175781,12.260000228881836,12.140000343322754,24892100,VALE,Factor,2026-09-24
2025-11-26,11.551630973815918,12.510000228881836,12.279999732971191,12.5600004196167,12.279999732971191,28521300,VALE,Factor,2026-09-24
2025-11-28,11.64396858215332,12.609999656677246,12.649999618530273,12.720000267028809,12.539999961853027,26854700,VALE,Factor,2026-09-24
2025-12-01,11.717840194702148,12.6899995803833,12.65999984741211,12.739999771118164,12.640000343322754,23346100,VALE,Factor,2026-09-24
2025-12-02,11.902519226074219,12.890000343322754,12.789999961853027,12.899999618530273,12.680000305175781,30154800,VALE,Factor,2026-09-24
2025-12-03,12.281109809875488,13.300000190734863,13.0,13.390000343322754,12.960000038146973,70480300,VALE,Factor,2026-09-24
2025-12-04,12.52119255065918,13.5600004196167,13.420000076293945,13.619999885559082,13.300000190734863,54701700,VALE,Factor,2026-09-24
2025-12-05,11.911752700805664,12.899999618530273,13.529999732971191,13.5600004196167,12.800000190734863,77142900,VALE,Factor,2026-09-24
2025-12-08,11.828648567199707,12.8100004196167,13.039999961853027,13.050000190734863,12.75,34302900,VALE,Factor,2026-09-24
2025-12-09,11.819413185119629,12.800000190734863,12.6899995803833,12.920000076293945,12.609999656677246,21962800,VALE,Factor,2026-09-24
2025-12-10,11.994857788085938,12.989999771118164,13.050000190734863,13.0600004196167,12.850000381469727,24953800,VALE,Factor,2026-09-24
2025-12-11,12.271875381469727,13.289999961853027,13.029999732971191,13.399999618530273,13.020000457763672,40863000,VALE,Factor,2026-09-24
2025-12-12,12.33798885345459,12.6899995803833,12.680000305175781,12.829999923706055,12.510000228881836,41038700,VALE,Factor,2026-09-24
2025-12-15,12.415770530700684,12.770000457763672,12.789999961853027,12.819999694824219,12.670000076293945,22665300,VALE,Factor,2026-09-24
2025-12-16,12.367156982421875,12.720000267028809,12.800000190734863,12.869999885559082,12.699999809265137,25328900,VALE,Factor,2026-09-24
2025-12-17,12.43521499633789,12.789999961853027,12.739999771118164,12.869999885559082,12.710000038146973,24960500,VALE,Factor,2026-09-24
2025-12-18,12.415770530700684,12.770000457763672,12.770000457763672,12.90999984741211,12.729999542236328,27332100,VALE,Factor,2026-09-24
2025-12-19,12.367156982421875,12.720000267028809,12.800000190734863,12.869999885559082,12.710000038146973,31704300,VALE,Factor,2026-09-24
2025-12-22,12.785228729248047,13.149999618530273,12.880000114440918,13.199999809265137,12.859999656677246,35663600,VALE,Factor,2026-09-24
2025-12-23,12.843564987182617,13.210000038146973,13.199999809265137,13.239999771118164,13.130000114440918,21744800,VALE,Factor,2026-09-24
2025-12-24,12.785228729248047,13.149999618530273,13.210000038146973,13.220000267028809,13.069999694824219,5409800,VALE,Factor,2026-09-24
2025-12-26,12.863009452819824,13.229999542236328,13.220000267028809,13.279999732971191,13.15999984741211,14882000,VALE,Factor,2026-09-24
2025-12-29,12.561609268188477,12.920000076293945,13.140000343322754,13.15999984741211,12.869999885559082,24130700,VALE,Factor,2026-09-24
2025-12-30,12.736616134643555,13.100000381469727,13.229999542236328,13.239999771118164,13.079999923706055,17163200,VALE,Factor,2026-09-24
2025-12-31,12.668557167053223,13.029999732971191,13.079999923706055,13.09000015258789,13.0,7913500,VALE,Factor,2026-09-24
2026-01-02,12.892178535461426,13.260000228881836,13.25,13.300000190734863,13.180000305175781,16920500,VALE,Factor,2026-09-24
2026-01-05,13.183856964111328,13.5600004196167,13.4399995803833,13.630000114440918,13.369999885559082,41816300,VALE,Factor,2026-09-24
2026-01-06,13.776935577392578,14.170000076293945,13.649999618530273,14.180000305175781,13.649999618530273,61443200,VALE,Factor,2026-09-24
2026-01-07,13.864439010620117,14.260000228881836,14.069999694824219,14.380000114440918,14.020000457763672,60415000,VALE,Factor,2026-09-24
2026-01-08,13.679708480834961,14.069999694824219,13.949999809265137,14.109999656677246,13.760000228881836,44432400,VALE,Factor,2026-09-24
2026-01-09,13.582483291625977,13.970000267028809,13.9399995803833,14.149999618530273,13.890000343322754,29252900,VALE,Factor,2026-09-24
2026-01-12,13.514424324035645,13.899999618530273,14.029999732971191,14.079999923706055,13.859999656677246,24795300,VALE,Factor,2026-09-24
2026-01-13,13.718599319458008,14.109999656677246,14.010000228881836,14.15999984741211,13.890000343322754,30406100,VALE,Factor,2026-09-24
2026-01-14,14.204730033874512,14.609999656677246,14.180000305175781,14.680000305175781,14.170000076293945,50116000,VALE,Factor,2026-09-24
2026-01-15,14.263065338134766,14.670000076293945,14.75,14.829999923706055,14.619999885559082,44294200,VALE,Factor,2026-09-24
2026-01-16,14.204730033874512,14.609999656677246,14.529999732971191,14.630000114440918,14.420000076293945,30226400,VALE,Factor,2026-09-24
2026-01-20,14.515853881835938,14.930000305175781,14.420000076293945,14.949999809265137,14.350000381469727,36506000,VALE,Factor,2026-09-24
2026-01-21,15.138099670410156,15.569999694824219,15.170000076293945,15.609999656677246,15.149999618530273,57888700,VALE,Factor,2026-09-24
2026-01-22,15.303384780883789,15.739999771118164,15.649999618530273,15.970000267028809,15.630000114440918,52672800,VALE,Factor,2026-09-24
2026-01-23,15.731179237365723,16.18000030517578,15.899999618530273,16.219999313354492,15.8100004196167,31009400,VALE,Factor,2026-09-24
2026-01-26,15.264493942260742,15.699999809265137,16.270000457763672,16.350000381469727,15.569999694824219,43762100,VALE,Factor,2026-09-24
2026-01-27,15.983967781066895,16.440000534057617,16.110000610351562,16.540000915527344,16.06999969482422,40262000,VALE,Factor,2026-09-24
2026-01-28,16.29509162902832,16.760000228881836,16.520000457763672,16.8799991607666,16.489999771118164,43600800,VALE,Factor,2026-09-24
2026-01-29,16.4700984954834,16.940000534057617,17.110000610351562,17.34000015258789,16.600000381469727,86980600,VALE,Factor,2026-09-24
2026-01-30,15.62423038482666,16.06999969482422,16.440000534057617,16.850000381469727,15.960000038146973,67037400,VALE,Factor,2026-09-24
2026-02-02,15.692288398742676,16.139999389648438,16.100000381469727,16.229999542236328,15.970000267028809,29688000,VALE,Factor,2026-09-24
2026-02-03,16.528432846069336,17.0,16.739999771118164,17.020000457763672,16.649999618530273,35370400,VALE,Factor,2026-09-24
2026-02-04,16.557601928710938,17.030000686645508,17.100000381469727,17.15999984741211,16.649999618530273,49608000,VALE,Factor,2026-09-24
2026-02-05,15.82840633392334,16.280000686645508,16.68000030517578,16.920000076293945,16.280000686645508,56058100,VALE,Factor,2026-09-24
2026-02-06,15.84784984588623,16.299999237060547,16.6299991607666,16.6299991607666,16.290000915527344,39162300,VALE,Factor,2026-09-24
2026-02-09,16.32425880432129,16.790000915527344,16.520000457763672,16.8700008392334,16.34000015258789,58837000,VALE,Factor,2026-09-24
2026-02-10,16.275644302368164,16.739999771118164,16.709999084472656,16.8700008392334,16.59000015258789,23482300,VALE,Factor,2026-09-24
2026-02-11,16.897891998291016,17.3799991607666,17.200000762939453,17.440000534057617,17.059999465942383,44898000,VALE,Factor,2026-09-24
2026-02-12,16.567323684692383,17.040000915527344,17.530000686645508,17.719999313354492,17.0,74860700,VALE,Factor,2026-09-24
2026-02-13,16.188140869140625,16.649999618530273,16.690000534057617,16.780000686645508,16.360000610351562,48148800,VALE,Factor,2026-09-24
2026-02-17,15.458946228027344,15.899999618530273,16.110000610351562,16.190000534057617,15.510000228881836,58965500,VALE,Factor,2026-09-24
2026-02-18,15.556172370910645,16.0,16.030000686645508,16.360000610351562,15.880000114440918,32094200,VALE,Factor,2026-09-24
2026-02-19,15.653398513793945,16.100000381469727,15.779999732971191,16.139999389648438,15.729999542236328,20658000,VALE,Factor,2026-09-24
2026-02-20,16.246477127075195,16.709999084472656,16.190000534057617,16.709999084472656,16.15999984741211,29053500,VALE,Factor,2026-09-24
2026-02-23,16.450653076171875,16.920000076293945,16.850000381469727,17.06999969482422,16.770000457763672,21983800,VALE,Factor,2026-09-24
2026-02-24,16.557601928710938,17.030000686645508,16.979999542236328,17.200000762939453,16.8700008392334,21360100,VALE,Factor,2026-09-24
2026-02-25,17.043731689453125,17.530000686645508,17.389999389648438,17.600000381469727,17.139999389648438,27136200,VALE,Factor,2026-09-24
2026-02-26,16.829833984375,17.309999465942383,17.010000228881836,17.360000610351562,16.84000015258789,40949700,VALE,Factor,2026-09-24
2026-02-27,16.703439712524414,17.18000030517578,17.329999923706055,17.420000076293945,17.149999618530273,16804400,VALE,Factor,2026-09-24
2026-03-02,16.51871109008789,16.989999771118164,17.0,17.100000381469727,16.739999771118164,15224100,VALE,Factor,2026-09-24
2026-03-03,15.527005195617676,15.970000267028809,15.930000305175781,16.059999465942383,15.510000228881836,47152100,VALE,Factor,2026-09-24
2026-03-04,15.614507675170898,16.059999465942383,16.25,16.25,15.970000267028809,37487900,VALE,Factor,2026-09-24
2026-03-05,14.992260932922363,15.420000076293945,15.760000228881836,15.800000190734863,15.199999809265137,45116200,VALE,Factor,2026-09-24
2026-03-06,14.554743766784668,14.970000267028809,15.109999656677246,15.130000114440918,14.880000114440918,42916600,VALE,Factor,2026-09-24
2026-03-09,14.904757499694824,15.329999923706055,14.739999771118164,15.470000267028809,14.630000114440918,48905200,VALE,Factor,2026-09-24
2026-03-10,15.196435928344727,15.630000114440918,15.489999771118164,15.729999542236328,15.34000015258789,31753300,VALE,Factor,2026-09-24
2026-03-11,14.914480209350586,15.34000015258789,15.520000457763672,15.699999809265137,15.220000267028809,53705100,VALE,Factor,2026-09-24
2026-03-12,14.651969909667969,15.069999694824219,15.180000305175781,15.180000305175781,14.890000343322754,34568900,VALE,Factor,2026-09-24
2026-03-13,14.272788047790527,14.680000305175781,15.0600004196167,15.229999542236328,14.630000114440918,30855700,VALE,Factor,2026-09-24
2026-03-16,14.632524490356445,15.050000190734863,15.0,15.229999542236328,14.949999809265137,21838900,VALE,Factor,2026-09-24
2026-03-17,14.681138038635254,15.100000381469727,15.25,15.3100004196167,15.0600004196167,19822200,VALE,Factor,2026-09-24
2026-03-18,14.282510757446289,14.6899995803833,14.970000267028809,15.020000457763672,14.649999618530273,32857400,VALE,Factor,2026-09-24
2026-03-19,14.224175453186035,14.630000114440918,14.109999656677246,14.699999809265137,14.0600004196167,35438000,VALE,Factor,2026-09-24
2026-03-20,13.660264015197754,14.050000190734863,14.4399995803833,14.539999961853027,14.0,49923300,VALE,Factor,2026-09-24
2026-03-23,14.37973690032959,14.789999961853027,14.4399995803833,15.0,14.390000343322754,32568600,VALE,Factor,2026-09-24
2026-03-24,14.457517623901367,14.869999885559082,14.5600004196167,14.899999618530273,14.510000228881836,25883500,VALE,Factor,2026-09-24
2026-03-25,14.7200288772583,15.140000343322754,15.15999984741211,15.350000381469727,15.079999923706055,27893700,VALE,Factor,2026-09-24
2026-03-26,14.535298347473145,14.949999809265137,14.979999542236328,15.199999809265137,14.890000343322754,18773800,VALE,Factor,2026-09-24
2026-03-27,14.613079071044922,15.029999732971191,14.989999771118164,15.289999961853027,14.9399995803833,20895300,VALE,Factor,2026-09-24
2026-03-30,14.681138038635254,15.100000381469727,15.369999885559082,15.470000267028809,15.039999961853027,23089200,VALE,Factor,2026-09-24
2026-03-31,15.468668937683105,15.90999984741211,15.470000267028809,15.930000305175781,15.430000305175781,29807300,VALE,Factor,2026-09-24
2026-04-01,15.604784965515137,16.049999237060547,16.209999084472656,16.219999313354492,15.979999542236328,21867800,VALE,Factor,2026-09-24
2026-04-02,15.7409029006958,16.190000534057617,15.850000381469727,16.219999313354492,15.770000457763672,20023600,VALE,Factor,2026-09-24
2026-04-06,15.692288398742676,16.139999389648438,16.219999313354492,16.299999237060547,16.040000915527344,14901600,VALE,Factor,2026-09-24
2026-04-07,15.731179237365723,16.18000030517578,16.1299991607666,16.209999084472656,15.9399995803833,21815900,VALE,Factor,2026-09-24
2026-04-08,16.275644302368164,16.739999771118164,16.959999084472656,17.0,16.579999923706055,24746300,VALE,Factor,2026-09-24
2026-04-09,16.188140869140625,16.649999618530273,16.639999389648438,16.799999237060547,16.530000686645508,21423300,VALE,Factor,2026-09-24
2026-04-10,16.48954200744629,16.959999084472656,16.90999984741211,17.190000534057617,16.799999237060547,41157100,VALE,Factor,2026-09-24
2026-04-13,16.965951919555664,17.450000762939453,16.979999542236328,17.469999313354492,16.920000076293945,38599300,VALE,Factor,2026-09-24
2026-04-14,17.189571380615234,17.68000030517578,17.5,17.770000457763672,17.5,34694600,VALE,Factor,2026-09-24
2026-04-15,17.131235122680664,17.6200008392334,17.799999237060547,17.829999923706055,17.549999237060547,28658700,VALE,Factor,2026-09-24
2026-04-16,16.94650650024414,17.43000030517578,17.780000686645508,17.829999923706055,17.350000381469727,20810700,VALE,Factor,2026-09-24
2026-04-17,17.28679656982422,17.780000686645508,17.739999771118164,17.940000534057617,17.6200008392334,35768500,VALE,Factor,2026-09-24
2026-04-20,17.325687408447266,17.81999969482422,17.780000686645508,17.90999984741211,17.610000610351562,20048400,VALE,Factor,2026-09-24
2026-04-21,16.965951919555664,17.450000762939453,17.809999465942383,17.84000015258789,17.40999984741211,20057800,VALE,Factor,2026-09-24
2026-04-22,17.0242862701416,17.510000228881836,17.75,17.850000381469727,17.510000228881836,17472100,VALE,Factor,2026-09-24
2026-04-23,16.664548873901367,17.139999389648438,17.469999313354492,17.56999969482422,17.110000610351562,21305200,VALE,Factor,2026-09-24
2026-04-24,16.69371795654297,17.170000076293945,17.170000076293945,17.329999923706055,17.049999237060547,26396600,VALE,Factor,2026-09-24
2026-04-27,16.59649085998535,17.06999969482422,17.219999313354492,17.260000228881836,17.020000457763672,15963400,VALE,Factor,2026-09-24
2026-04-28,16.440929412841797,16.90999984741211,16.90999984741211,17.020000457763672,16.760000228881836,26864400,VALE,Factor,2026-09-24
2026-04-29,15.410333633422852,15.850000381469727,16.280000686645508,16.280000686645508,15.789999961853027,41759400,VALE,Factor,2026-09-24
2026-04-30,15.906187057495117,16.360000610351562,16.15999984741211,16.440000534057617,16.0,16363800,VALE,Factor,2026-09-24
2026-05-01,15.731179237365723,16.18000030517578,16.350000381469727,16.350000381469727,16.030000686645508,12473000,VALE,Factor,2026-09-24
2026-05-04,15.40061092376709,15.84000015258789,16.15999984741211,16.18000030517578,15.800000190734863,21959300,VALE,Factor,2026-09-24
2026-05-05,15.488114356994629,15.930000305175781,16.059999465942383,16.059999465942383,15.819999694824219,24959900,VALE,Factor,2026-09-24
2026-05-06,16.03257942199707,16.489999771118164,16.420000076293945,16.549999237060547,16.350000381469727,36541900,VALE,Factor,2026-09-24
2026-05-07,15.7409029006958,16.190000534057617,16.510000228881836,16.520000457763672,16.110000610351562,19303800,VALE,Factor,2026-09-24
2026-05-08,16.1686954498291,16.6299991607666,16.459999084472656,16.65999984741211,16.43000030517578,15937400,VALE,Factor,2026-09-24
2026-05-11,16.59649085998535,17.06999969482422,16.799999237060547,17.1200008392334,16.719999313354492,28538300,VALE,Factor,2026-09-24
2026-05-12,16.557601928710938,17.030000686645508,16.799999237060547,17.149999618530273,16.600000381469727,38215900,VALE,Factor,2026-09-24
2026-05-13,16.37287139892578,16.84000015258789,17.020000457763672,17.280000686645508,16.799999237060547,42469900,VALE,Factor,2026-09-24
2026-05-14,16.12008285522461,16.579999923706055,16.989999771118164,17.030000686645508,16.549999237060547,18576100,VALE,Factor,2026-09-24
2026-05-15,15.867295265197754,16.31999969482422,15.989999771118164,16.350000381469727,15.869999885559082,28901900,VALE,Factor,2026-09-24
2026-05-18,15.857572555541992,16.309999465942383,16.5,16.610000610351562,16.1299991607666,27836900,VALE,Factor,2026-09-24
2026-05-19,15.565895080566406,16.010000228881836,15.880000114440918,16.1200008392334,15.84000015258789,21956100,VALE,Factor,2026-09-24
2026-05-20,15.896464347839355,16.350000381469727,16.15999984741211,16.40999984741211,15.989999771118164,17680500,VALE,Factor,2026-09-24
2026-05-21,16.013134002685547,16.469999313354492,16.209999084472656,16.579999923706055,16.139999389648438,19010400,VALE,Factor,2026-09-24
2026-05-22,16.022857666015625,16.479999542236328,16.459999084472656,16.530000686645508,16.270000457763672,17743900,VALE,Factor,2026-09-24
2026-05-26,16.04230308532715,16.5,16.700000762939453,16.760000228881836,16.329999923706055,17037800,VALE,Factor,2026-09-24
2026-05-27,16.052024841308594,16.510000228881836,16.399999618530273,16.56999969482422,16.239999771118164,24385900,VALE,Factor,2026-09-24
2026-05-28,16.09091567993164,16.549999237060547,16.450000762939453,16.68000030517578,16.200000762939453,23940400,VALE,Factor,2026-09-24
2026-05-29,15.799237251281738,16.25,16.530000686645508,16.610000610351562,16.219999313354492,22948500,VALE,Factor,2026-09-24
2026-06-01,15.84784984588623,16.299999237060547,16.0,16.34000015258789,15.979999542236328,16907300,VALE,Factor,2026-09-24
2026-06-02,16.353425979614258,16.81999969482422,16.5,16.940000534057617,16.40999984741211,27196600,VALE,Factor,2026-09-24
2026-06-03,15.614507675170898,16.059999465942383,16.3799991607666,16.43000030517578,16.049999237060547,29347600,VALE,Factor,2026-09-24
2026-06-04,15.332552909851074,15.770000457763672,15.90999984741211,15.979999542236328,15.760000228881836,18127400,VALE,Factor,2026-09-24
2026-06-05,14.807531356811523,15.229999542236328,15.59000015258789,15.609999656677246,15.15999984741211,25207600,VALE,Factor,2026-09-24
2026-06-08,14.574189186096191,14.989999771118164,15.170000076293945,15.199999809265137,14.869999885559082,21397400,VALE,Factor,2026-09-24
2026-06-09,14.7200288772583,15.140000343322754,15.1899995803833,15.199999809265137,14.760000228881836,24470400,VALE,Factor,2026-09-24
2026-06-10,14.515853881835938,14.930000305175781,15.0,15.069999694824219,14.859999656677246,16941200,VALE,Factor,2026-09-24
2026-06-11,14.933924674987793,15.359999656677246,15.130000114440918,15.479999542236328,14.960000038146973,27962500,VALE,Factor,2026-09-24
2026-06-12,15.274216651916504,15.710000038146973,15.579999923706055,15.729999542236328,15.479999542236328,23021100,VALE,Factor,2026-09-24
2026-06-15,15.556172370910645,16.0,16.139999389648438,16.360000610351562,15.960000038146973,33594000,VALE,Factor,2026-09-24
2026-06-16,15.536726951599121,15.979999542236328,15.949999809265137,16.139999389648438,15.930000305175781,16556700,VALE,Factor,2026-09-24
2026-06-17,15.099209785461426,15.529999732971191,15.8100004196167,16.040000915527344,15.470000267028809,21213100,VALE,Factor,2026-09-24
2026-06-18,14.992260932922363,15.420000076293945,15.399999618530273,15.520000457763672,15.329999923706055,20789600,VALE,Factor,2026-09-24
2026-06-22,15.274216651916504,15.710000038146973,15.579999923706055,15.859999656677246,15.520000457763672,21898600,VALE,Factor,2026-09-24
2026-06-23,14.885313034057617,15.3100004196167,15.210000038146973,15.420000076293945,15.180000305175781,28253000,VALE,Factor,2026-09-24
2026-06-24,14.428350448608398,14.84000015258789,15.020000457763672,15.0600004196167,14.789999961853027,26624200,VALE,Factor,2026-09-24
2026-06-25,14.700582504272461,15.119999885559082,15.069999694824219,15.270000457763672,14.850000381469727,32386500,VALE,Factor,2026-09-24
2026-06-26,14.651969909667969,15.069999694824219,15.069999694824219,15.239999771118164,15.020000457763672,28810300,VALE,Factor,2026-09-24
2026-06-29,14.613079071044922,15.029999732971191,15.100000381469727,15.100000381469727,14.84000015258789,12017800,VALE,Factor,2026-09-24
2026-06-30,14.622801780700684,15.039999961853027,15.0,15.109999656677246,14.869999885559082,15548700,VALE,Factor,2026-09-24
2026-07-01,14.486684799194336,14.899999618530273,14.880000114440918,15.180000305175781,14.819999694824219,16645000,VALE,Factor,2026-09-24
2026-07-02,14.574189186096191,14.989999771118164,15.0600004196167,15.279999732971191,14.869999885559082,14429600,VALE,Factor,2026-09-24
2026-07-06,14.671415328979492,15.09000015258789,15.130000114440918,15.220000267028809,15.010000228881836,19911200,VALE,Factor,2026-09-24
2026-07-07,14.282510757446289,14.6899995803833,14.859999656677246,14.979999542236328,14.640000343322754,27753600,VALE,Factor,2026-09-24
2026-07-08,13.660264015197754,14.050000190734863,14.369999885559082,14.430000305175781,13.979999542236328,43704600,VALE,Factor,2026-09-24
2026-07-09,13.82554817199707,14.220000267028809,14.109999656677246,14.279999732971191,13.9399995803833,25411000,VALE,Factor,2026-09-24
2026-07-10,14.058890342712402,14.460000038146973,14.3100004196167,14.59000015258789,14.3100004196167,17860300,VALE,Factor,2026-09-24
2026-07-13,13.78665828704834,14.180000305175781,14.369999885559082,14.40999984741211,14.079999923706055,15757400,VALE,Factor,2026-09-24
2026-07-14,14.185284614562988,14.59000015258789,14.5,14.720000267028809,14.5,23953400,VALE,Factor,2026-09-24
2026-07-15,14.263065338134766,14.670000076293945,14.649999618530273,14.739999771118164,14.489999771118164,23819100,VALE,Factor,2026-09-24
2026-07-16,13.82554817199707,14.220000267028809,14.380000114440918,14.399999618530273,14.15999984741211,17779100,VALE,Factor,2026-09-24
2026-07-17,13.796380043029785,14.1899995803833,14.010000228881836,14.289999961853027,14.010000228881836,12201000,VALE,Factor,2026-09-24
2026-07-20,13.708877563476562,14.100000381469727,14.229999542236328,14.300000190734863,14.050000190734863,14994700,VALE,Factor,2026-09-24
2026-07-21,13.854716300964355,14.25,14.329999923706055,14.350000381469727,14.050000190734863,13857100,VALE,Factor,2026-09-24
2026-07-22,14.43807315826416,14.850000381469727,14.569999694824219,14.859999656677246,14.569999694824219,17570200,VALE,Factor,2026-09-24
2026-07-23,14.41862678527832,14.829999923706055,14.800000190734863,15.15999984741211,14.779999732971191,40181000,VALE,Factor,2026-09-24
2026-07-24,14.37973690032959,14.789999961853027,14.720000267028809,14.899999618530273,14.720000267028809,24963700,VALE,Factor,2026-09-24
2026-07-27,14.370014190673828,14.779999732971191,14.600000381469727,14.789999961853027,14.550000190734863,16407200,VALE,Factor,2026-09-24
2026-07-28,14.29223346710205,14.699999809265137,14.65999984741211,14.8100004196167,14.600000381469727,11829900,VALE,Factor,2026-09-24
2026-07-29,14.243619918823242,14.649999618530273,14.819999694824219,14.869999885559082,14.489999771118164,21037300,VALE,Factor,2026-09-24
2026-07-30,14.574189186096191,14.989999771118164,15.0,15.0,14.670000076293945,24231800,VALE,Factor,2026-09-24
2026-07-31,14.642247200012207,15.0600004196167,15.149999618530273,15.149999618530273,14.710000038146973,28930900,VALE,Factor,2026-09-24
2026-08-03,14.175561904907227,14.579999923706055,14.84000015258789,14.850000381469727,14.5,30705800,VALE,Factor,2026-09-24
2026-08-04,14.41862678527832,14.829999923706055,15.0,15.0600004196167,14.789999961853027,22049500,VALE,Factor,2026-09-24
2026-08-05,14.525575637817383,14.9399995803833,14.75,14.979999542236328,14.6899995803833,33258300,VALE,Factor,2026-09-24
2026-08-06,14.311678886413574,14.720000267028809,14.90999984741211,15.0,14.720000267028809,22366700,VALE,Factor,2026-09-24
2026-08-07,14.301956176757812,14.710000038146973,14.869999885559082,14.890000343322754,14.609999656677246,24283500,VALE,Factor,2026-09-24
2026-08-10,14.47696304321289,14.890000343322754,14.779999732971191,14.90999984741211,14.630000114440918,19198700,VALE,Factor,2026-09-24
2026-08-11,13.922774314880371,14.319999694824219,14.970000267028809,14.979999542236328,14.239999771118164,28057900,VALE,Factor,2026-09-24
2026-08-12,14.020000457763672,14.420000076293945,14.529999732971191,14.550000190734863,14.390000343322754,18710300,VALE,Factor,2026-09-24
2026-08-13,13.800000190734863,13.800000190734863,13.970000267028809,14.020000457763672,13.739999771118164,21853200,VALE,Factor,2026-09-24
2026-08-14,13.630000114440918,13.630000114440918,13.65999984741211,13.739999771118164,13.5600004196167,20783000,VALE,Factor,2026-09-24
2026-08-17,13.75,13.75,13.649999618530273,13.800000190734863,13.59000015258789,10426400,VALE,Factor,2026-09-24
2026-08-18,13.680000305175781,13.680000305175781,13.65999984741211,13.979999542236328,13.649999618530273,18233200,VALE,Factor,2026-09-24
2026-08-19,13.899999618530273,13.899999618530273,14.1899995803833,14.279999732971191,13.859999656677246,25897100,VALE,Factor,2026-09-24
2026-08-20,14.229999542236328,14.229999542236328,13.729999542236328,14.279999732971191,13.729999542236328,39802100,VALE,Factor,2026-09-24
2026-08-21,14.59000015258789,14.59000015258789,14.5,14.6899995803833,14.420000076293945,27465400,VALE,Factor,2026-09-24
2026-08-24,15.039999961853027,15.039999961853027,14.630000114440918,15.220000267028809,14.619999885559082,49764700,VALE,Factor,2026-09-24
2026-08-25,15.329999923706055,15.329999923706055,15.010000228881836,15.329999923706055,14.90999984741211,19211500,VALE,Factor,2026-09-24
2026-08-26,15.15999984741211,15.15999984741211,15.369999885559082,15.40999984741211,15.130000114440918,19570500,VALE,Factor,2026-09-24
2026-08-27,15.3100004196167,15.3100004196167,15.170000076293945,15.350000381469727,15.0600004196167,29833100,VALE,Factor,2026-09-24
2026-08-28,15.029999732971191,15.029999732971191,15.279999732971191,15.3100004196167,14.890000343322754,36738500,VALE,Factor,2026-09-24
2026-08-31,15.09000015258789,15.09000015258789,15.319999694824219,15.420000076293945,15.050000190734863,22611600,VALE,Factor,2026-09-24
2026-09-01,15.119999885559082,15.119999885559082,14.989999771118164,15.3100004196167,14.9399995803833,27420900,VALE,Factor,2026-09-24
2026-09-02,15.729999542236328,15.729999542236328,15.430000305175781,15.930000305175781,15.380000114440918,28024500,VALE,Factor,2026-09-24
2026-09-03,15.3100004196167,15.3100004196167,15.979999542236328,16.020000457763672,15.170000076293945,43802600,VALE,Factor,2026-09-24
2026-09-04,15.270000457763672,15.270000457763672,15.15999984741211,15.550000190734863,15.109999656677246,25762700,VALE,Factor,2026-09-24
2026-09-08,15.5600004196167,15.5600004196167,15.710000038146973,15.920000076293945,15.520000457763672,34273400,VALE,Factor,2026-09-24
2026-09-09,15.4399995803833,15.4399995803833,15.479999542236328,15.670000076293945,15.3100004196167,56561100,VALE,Factor,2026-09-24
2026-09-10,15.279999732971191,15.279999732971191,15.029999732971191,15.399999618530273,14.960000038146973,38434900,VALE,Factor,2026-09-24
2026-09-11,15.229999542236328,15.229999542236328,15.359999656677246,15.359999656677246,15.079999923706055,20760600,VALE,Factor,2026-09-24
2026-09-14,14.609999656677246,14.609999656677246,14.770000457763672,14.819999694824219,14.600000381469727,22268200,VALE,Factor,2026-09-24
2026-09-15,14.470000267028809,14.470000267028809,14.569999694824219,14.6899995803833,14.4399995803833,24278000,VALE,Factor,2026-09-24
2026-09-16,14.130000114440918,14.130000114440918,14.430000305175781,14.5,13.989999771118164,45084700,VALE,Factor,2026-09-24
2026-09-17,14.470000267028809,14.470000267028809,14.260000228881836,14.529999732971191,14.100000381469727,30427400,VALE,Factor,2026-09-24
2026-09-18,14.210000038146973,14.210000038146973,14.380000114440918,14.40999984741211,14.130000114440918,18514300,VALE,Factor,2026-09-24
2026-09-21,14.149999618530273,14.149999618530273,14.40999984741211,14.40999984741211,14.140000343322754,18049600,VALE,Factor,2026-09-24
2026-09-23,13.819999694824219,13.819999694824219,14.09000015258789,14.100000381469727,13.800000190734863,30982000,VALE,Factor,2026-09-24
