Date,Adj Close,Close,Open,High,Low,Volume,Ticker,Lineage,PullDate
2023-03-31,4.819275856018066,5.800000190734863,6.050000190734863,6.119999885559082,5.800000190734863,307900,HSHP,DryBulk,2026-09-22
2023-04-03,5.068548202514648,6.099999904632568,5.800000190734863,6.5,5.800000190734863,84900,HSHP,DryBulk,2026-09-22
2023-04-04,4.943911075592041,5.949999809265137,6.0,6.0,5.880000114440918,19700,HSHP,DryBulk,2026-09-22
2023-04-05,4.9189863204956055,5.920000076293945,6.0,6.0,5.920000076293945,9000,HSHP,DryBulk,2026-09-22
2023-04-06,4.860820770263672,5.849999904632568,5.954999923706055,5.988999843597412,5.829999923706055,22000,HSHP,DryBulk,2026-09-22
2023-04-10,4.852511882781982,5.840000152587891,5.920000076293945,6.074999809265137,5.809999942779541,52600,HSHP,DryBulk,2026-09-22
2023-04-11,4.830077171325684,5.813000202178955,5.829999923706055,5.849999904632568,5.699999809265137,99900,HSHP,DryBulk,2026-09-22
2023-04-12,4.819275856018066,5.800000190734863,5.809999942779541,5.809999942779541,5.75,85500,HSHP,DryBulk,2026-09-22
2023-04-13,4.819275856018066,5.800000190734863,5.800000190734863,5.849999904632568,5.769999980926514,90700,HSHP,DryBulk,2026-09-22
2023-04-14,4.852511882781982,5.840000152587891,5.800000190734863,5.849999904632568,5.800000190734863,10700,HSHP,DryBulk,2026-09-22
2023-04-17,4.877438545227051,5.869999885559082,5.960000038146973,5.960000038146973,5.840000152587891,14700,HSHP,DryBulk,2026-09-22
2023-04-18,4.910676002502441,5.909999847412109,5.889999866485596,5.909999847412109,5.800000190734863,17800,HSHP,DryBulk,2026-09-22
2023-04-19,4.860820770263672,5.849999904632568,5.809999942779541,5.849999904632568,5.800000190734863,23100,HSHP,DryBulk,2026-09-22
2023-04-20,4.877438545227051,5.869999885559082,5.800000190734863,5.869999885559082,5.769999980926514,54100,HSHP,DryBulk,2026-09-22
2023-04-21,4.819275856018066,5.800000190734863,5.800000190734863,5.800000190734863,5.699999809265137,81300,HSHP,DryBulk,2026-09-22
2023-04-24,4.819275856018066,5.800000190734863,5.800000190734863,5.929999828338623,5.730000019073486,65900,HSHP,DryBulk,2026-09-22
2023-04-25,4.810967445373535,5.789999961853027,5.800000190734863,5.800000190734863,5.639999866485596,67100,HSHP,DryBulk,2026-09-22
2023-04-26,4.794348239898682,5.769999980926514,5.800000190734863,5.800000190734863,5.679999828338623,31300,HSHP,DryBulk,2026-09-22
2023-04-27,4.7777299880981445,5.75,5.800000190734863,5.800000190734863,5.630000114440918,42100,HSHP,DryBulk,2026-09-22
2023-04-28,4.810967445373535,5.789999961853027,5.800000190734863,5.800000190734863,5.699999809265137,61300,HSHP,DryBulk,2026-09-22
2023-05-01,4.802657127380371,5.78000020980835,5.789999961853027,5.789999961853027,5.699999809265137,9100,HSHP,DryBulk,2026-09-22
2023-05-02,4.636476039886475,5.579999923706055,5.760000228881836,5.760000228881836,5.539999961853027,27700,HSHP,DryBulk,2026-09-22
2023-05-03,4.827584743499756,5.809999942779541,5.570000171661377,5.809999942779541,5.570000171661377,17400,HSHP,DryBulk,2026-09-22
2023-05-04,4.528457164764404,5.449999809265137,5.679999828338623,5.679999828338623,5.320000171661377,33100,HSHP,DryBulk,2026-09-22
2023-05-05,4.827584743499756,5.809999942779541,5.539999961853027,5.809999942779541,5.539999961853027,24100,HSHP,DryBulk,2026-09-22
2023-05-08,4.711258411407471,5.670000076293945,5.809999942779541,5.809999942779541,5.440000057220459,18100,HSHP,DryBulk,2026-09-22
2023-05-09,4.752803325653076,5.71999979019165,5.800000190734863,5.800000190734863,5.550000190734863,14400,HSHP,DryBulk,2026-09-22
2023-05-10,4.694639682769775,5.650000095367432,5.679999828338623,5.730000019073486,5.559999942779541,78600,HSHP,DryBulk,2026-09-22
2023-05-11,4.570003032684326,5.5,5.699999809265137,5.739999771118164,5.5,42900,HSHP,DryBulk,2026-09-22
2023-05-12,4.628167629241943,5.570000171661377,5.570000171661377,5.570000171661377,5.570000171661377,1500,HSHP,DryBulk,2026-09-22
2023-05-15,4.503530502319336,5.420000076293945,5.460000038146973,5.5,5.300000190734863,130600,HSHP,DryBulk,2026-09-22
2023-05-16,4.503530502319336,5.420000076293945,5.440000057220459,5.451000213623047,5.420000076293945,5200,HSHP,DryBulk,2026-09-22
2023-05-17,4.653094291687012,5.599999904632568,5.489999771118164,5.809999942779541,5.480000019073486,28300,HSHP,DryBulk,2026-09-22
2023-05-18,4.553384304046631,5.480000019073486,5.599999904632568,5.599999904632568,5.40500020980835,12000,HSHP,DryBulk,2026-09-22
2023-05-19,4.42043924331665,5.320000171661377,5.420000076293945,5.420000076293945,5.199999809265137,27000,HSHP,DryBulk,2026-09-22
2023-05-22,4.486911773681641,5.400000095367432,5.389999866485596,5.445000171661377,5.260000228881836,14600,HSHP,DryBulk,2026-09-22
2023-05-23,4.644785404205322,5.590000152587891,5.449999809265137,5.809999942779541,5.369999885559082,80300,HSHP,DryBulk,2026-09-22
2023-05-24,4.279184818267822,5.150000095367432,5.150000095367432,5.349999904632568,5.039999961853027,31500,HSHP,DryBulk,2026-09-22
2023-05-25,4.486911773681641,5.400000095367432,5.139999866485596,5.639999866485596,5.090000152587891,77100,HSHP,DryBulk,2026-09-22
2023-05-26,4.520147800445557,5.440000057220459,5.329999923706055,5.5,5.300000190734863,8900,HSHP,DryBulk,2026-09-22
2023-05-30,4.395512104034424,5.289999961853027,5.329999923706055,5.369999885559082,5.114999771118164,30100,HSHP,DryBulk,2026-09-22
2023-05-31,4.204401969909668,5.059999942779541,5.0,5.059999942779541,4.849999904632568,72300,HSHP,DryBulk,2026-09-22
2023-06-01,4.270876407623291,5.139999866485596,5.0,5.364999771118164,4.90500020980835,30000,HSHP,DryBulk,2026-09-22
2023-06-02,4.461984634399414,5.369999885559082,5.130000114440918,5.599999904632568,5.099999904632568,47300,HSHP,DryBulk,2026-09-22
2023-06-05,4.503530502319336,5.420000076293945,5.389999866485596,5.590000152587891,5.199999809265137,85000,HSHP,DryBulk,2026-09-22
2023-06-06,4.819275856018066,5.800000190734863,5.260000228881836,5.800000190734863,5.199999809265137,106500,HSHP,DryBulk,2026-09-22
2023-06-07,4.827584743499756,5.809999942779541,5.550000190734863,5.809999942779541,5.510000228881836,109200,HSHP,DryBulk,2026-09-22
2023-06-08,4.819275856018066,5.800000190734863,5.699999809265137,5.849999904632568,5.300000190734863,234500,HSHP,DryBulk,2026-09-22
2023-06-09,4.636476039886475,5.579999923706055,5.590000152587891,5.699999809265137,5.5,89100,HSHP,DryBulk,2026-09-22
2023-06-12,4.702949047088623,5.659999847412109,5.449999809265137,5.829999923706055,5.429999828338623,69100,HSHP,DryBulk,2026-09-22
2023-06-13,4.769421577453613,5.739999771118164,5.550000190734863,5.849999904632568,5.460000038146973,72300,HSHP,DryBulk,2026-09-22
2023-06-14,4.719566345214844,5.679999828338623,5.510000228881836,5.760000228881836,5.510000228881836,81700,HSHP,DryBulk,2026-09-22
2023-06-15,4.985456943511963,6.0,5.71999979019165,6.21999979019165,5.699999809265137,146800,HSHP,DryBulk,2026-09-22
2023-06-16,4.935602188110352,5.940000057220459,5.829999923706055,6.050000190734863,5.800000190734863,106800,HSHP,DryBulk,2026-09-22
2023-06-20,4.810967445373535,5.789999961853027,5.690000057220459,5.920000076293945,5.570000171661377,119700,HSHP,DryBulk,2026-09-22
2023-06-21,4.736185073852539,5.699999809265137,5.539999961853027,5.769999980926514,5.539999961853027,259300,HSHP,DryBulk,2026-09-22
2023-06-22,5.051929473876953,6.079999923706055,5.690000057220459,6.119999885559082,5.610000133514404,315000,HSHP,DryBulk,2026-09-22
2023-06-23,5.26796817779541,6.340000152587891,5.800000190734863,6.610000133514404,5.71999979019165,3095400,HSHP,DryBulk,2026-09-22
2023-06-26,4.702949047088623,5.659999847412109,5.869999885559082,6.0,5.550000190734863,270500,HSHP,DryBulk,2026-09-22
2023-06-27,4.545074939727783,5.46999979019165,5.590000152587891,5.699999809265137,5.460000038146973,166500,HSHP,DryBulk,2026-09-22
2023-06-28,4.545074939727783,5.46999979019165,5.300000190734863,5.519999980926514,5.199999809265137,179300,HSHP,DryBulk,2026-09-22
2023-06-29,4.428747653961182,5.329999923706055,5.25,5.410999774932861,5.21999979019165,194300,HSHP,DryBulk,2026-09-22
2023-06-30,4.619857311248779,5.559999942779541,5.369999885559082,5.577000141143799,5.369999885559082,72600,HSHP,DryBulk,2026-09-22
2023-07-03,4.644785404205322,5.590000152587891,5.559999942779541,5.639999866485596,5.5,61800,HSHP,DryBulk,2026-09-22
2023-07-05,4.503530502319336,5.420000076293945,5.320000171661377,5.610000133514404,5.320000171661377,143100,HSHP,DryBulk,2026-09-22
2023-07-06,4.2874932289123535,5.159999847412109,5.369999885559082,5.389999866485596,5.139999866485596,126300,HSHP,DryBulk,2026-09-22
2023-07-07,4.470293998718262,5.380000114440918,5.260000228881836,5.380000114440918,5.210000038146973,25600,HSHP,DryBulk,2026-09-22
2023-07-10,4.478602886199951,5.389999866485596,5.340000152587891,5.440000057220459,5.340000152587891,14300,HSHP,DryBulk,2026-09-22
2023-07-11,4.810967445373535,5.789999961853027,5.5,5.824999809265137,5.460000038146973,96400,HSHP,DryBulk,2026-09-22
2023-07-12,4.761112213134766,5.730000019073486,5.800000190734863,5.800000190734863,5.710000038146973,44500,HSHP,DryBulk,2026-09-22
2023-07-13,4.794348239898682,5.769999980926514,5.809999942779541,5.809999942779541,5.650000095367432,16300,HSHP,DryBulk,2026-09-22
2023-07-14,4.5616936683654785,5.489999771118164,5.699999809265137,5.699999809265137,5.46999979019165,23700,HSHP,DryBulk,2026-09-22
2023-07-17,4.653094291687012,5.599999904632568,5.510000228881836,5.650000095367432,5.340000152587891,55800,HSHP,DryBulk,2026-09-22
2023-07-18,4.711258411407471,5.670000076293945,5.570000171661377,5.739999771118164,5.539999961853027,32600,HSHP,DryBulk,2026-09-22
2023-07-19,4.636476039886475,5.579999923706055,5.690000057220459,5.690000057220459,5.460000038146973,23300,HSHP,DryBulk,2026-09-22
2023-07-20,4.869130611419678,5.860000133514404,5.710000038146973,6.03000020980835,5.619999885559082,55400,HSHP,DryBulk,2026-09-22
2023-07-21,4.877438545227051,5.869999885559082,5.840000152587891,5.889999866485596,5.744999885559082,35700,HSHP,DryBulk,2026-09-22
2023-07-24,4.74449348449707,5.710000038146973,5.75,5.764999866485596,5.635000228881836,24700,HSHP,DryBulk,2026-09-22
2023-07-25,4.90236759185791,5.900000095367432,5.630000114440918,5.945000171661377,5.630000114440918,31300,HSHP,DryBulk,2026-09-22
2023-07-26,4.8358941078186035,5.820000171661377,5.880000114440918,5.880000114440918,5.760000228881836,25900,HSHP,DryBulk,2026-09-22
2023-07-27,4.869130611419678,5.860000133514404,5.920000076293945,5.920000076293945,5.78000020980835,32800,HSHP,DryBulk,2026-09-22
2023-07-28,4.985456943511963,6.0,5.78000020980835,6.0,5.769999980926514,111100,HSHP,DryBulk,2026-09-22
2023-07-31,5.010385036468506,6.03000020980835,6.059999942779541,6.150000095367432,5.980000019073486,256700,HSHP,DryBulk,2026-09-22
2023-08-01,4.869130611419678,5.860000133514404,5.980000019073486,5.980000019073486,5.840000152587891,37000,HSHP,DryBulk,2026-09-22
2023-08-02,4.9189863204956055,5.920000076293945,5.800000190734863,5.989999771118164,5.789999961853027,22800,HSHP,DryBulk,2026-09-22
2023-08-03,5.027003765106201,6.050000190734863,6.019999980926514,6.079999923706055,6.0,21600,HSHP,DryBulk,2026-09-22
2023-08-04,5.010385036468506,6.03000020980835,6.099999904632568,6.230000019073486,6.0,33800,HSHP,DryBulk,2026-09-22
2023-08-07,5.068548202514648,6.099999904632568,6.159999847412109,6.159999847412109,6.019999980926514,18600,HSHP,DryBulk,2026-09-22
2023-08-08,4.910676002502441,5.909999847412109,6.0,6.0,5.840000152587891,66000,HSHP,DryBulk,2026-09-22
2023-08-09,4.885748386383057,5.880000114440918,6.050000190734863,6.050000190734863,5.809999942779541,222500,HSHP,DryBulk,2026-09-22
2023-08-10,4.678020000457764,5.630000114440918,5.800000190734863,5.880000114440918,5.5,134900,HSHP,DryBulk,2026-09-22
2023-08-11,4.727876663208008,5.690000057220459,5.670000076293945,5.690000057220459,5.513999938964844,31100,HSHP,DryBulk,2026-09-22
2023-08-14,4.786039352416992,5.760000228881836,5.610000133514404,5.760000228881836,5.599999904632568,24000,HSHP,DryBulk,2026-09-22
2023-08-15,4.644785404205322,5.590000152587891,5.710000038146973,5.710000038146973,5.550000190734863,36600,HSHP,DryBulk,2026-09-22
2023-08-16,4.661403656005859,5.610000133514404,5.590000152587891,5.650000095367432,5.510000228881836,21400,HSHP,DryBulk,2026-09-22
2023-08-17,4.702949047088623,5.659999847412109,5.559999942779541,5.699999809265137,5.5,49700,HSHP,DryBulk,2026-09-22
2023-08-18,4.603240013122559,5.539999961853027,5.5,5.619999885559082,5.480000019073486,108500,HSHP,DryBulk,2026-09-22
2023-08-21,4.2874932289123535,5.159999847412109,5.460000038146973,5.460000038146973,5.050000190734863,164200,HSHP,DryBulk,2026-09-22
2023-08-22,4.196094512939453,5.050000190734863,5.159999847412109,5.269999980926514,5.03000020980835,79600,HSHP,DryBulk,2026-09-22
2023-08-23,4.229330062866211,5.090000152587891,5.03000020980835,5.269999980926514,5.03000020980835,66000,HSHP,DryBulk,2026-09-22
2023-08-24,4.004984378814697,4.820000171661377,5.059999942779541,5.070000171661377,4.789999961853027,151600,HSHP,DryBulk,2026-09-22
2023-08-25,4.038220405578613,4.860000133514404,4.909999847412109,4.9629998207092285,4.78000020980835,111600,HSHP,DryBulk,2026-09-22
2023-08-28,4.121311187744141,4.960000038146973,4.909999847412109,5.190000057220459,4.909999847412109,90000,HSHP,DryBulk,2026-09-22
2023-08-29,4.304111003875732,5.179999828338623,4.989999771118164,5.199999809265137,4.989999771118164,42800,HSHP,DryBulk,2026-09-22
2023-08-30,4.054839134216309,4.880000114440918,5.130000114440918,5.130000114440918,4.760000228881836,146100,HSHP,DryBulk,2026-09-22
2023-08-31,4.121311187744141,4.960000038146973,5.010000228881836,5.199999809265137,4.880000114440918,81000,HSHP,DryBulk,2026-09-22
2023-09-01,4.146238803863525,4.989999771118164,5.039999961853027,5.039999961853027,4.860000133514404,54400,HSHP,DryBulk,2026-09-22
2023-09-05,4.270876407623291,5.139999866485596,5.0,5.400000095367432,4.889999866485596,262600,HSHP,DryBulk,2026-09-22
2023-09-06,4.054839134216309,4.880000114440918,5.059999942779541,5.099999904632568,4.860000133514404,110500,HSHP,DryBulk,2026-09-22
2023-09-07,3.8886568546295166,4.679999828338623,4.869999885559082,4.869999885559082,4.659999847412109,113300,HSHP,DryBulk,2026-09-22
2023-09-08,4.071459770202637,4.900000095367432,4.760000228881836,4.96999979019165,4.715000152587891,83600,HSHP,DryBulk,2026-09-22
2023-09-11,4.270876407623291,5.139999866485596,4.889999866485596,5.190000057220459,4.869999885559082,99900,HSHP,DryBulk,2026-09-22
2023-09-12,4.279184818267822,5.150000095367432,5.050000190734863,5.239999771118164,5.039999961853027,93600,HSHP,DryBulk,2026-09-22
2023-09-13,4.146238803863525,4.989999771118164,4.940000057220459,5.099999904632568,4.920000076293945,282700,HSHP,DryBulk,2026-09-22
2023-09-14,4.104693412780762,4.940000057220459,4.900000095367432,5.010000228881836,4.869999885559082,148000,HSHP,DryBulk,2026-09-22
2023-09-15,4.071459770202637,4.900000095367432,5.0,5.0,4.820000171661377,1575200,HSHP,DryBulk,2026-09-22
2023-09-18,3.930202007293701,4.730000019073486,4.800000190734863,4.869999885559082,4.690000057220459,89400,HSHP,DryBulk,2026-09-22
2023-09-19,3.9717495441436768,4.78000020980835,4.75,4.960000038146973,4.75,369300,HSHP,DryBulk,2026-09-22
2023-09-20,3.930202007293701,4.730000019073486,4.860000133514404,4.869999885559082,4.71999979019165,66900,HSHP,DryBulk,2026-09-22
2023-09-21,3.98836612701416,4.800000190734863,4.739999771118164,4.840000152587891,4.650000095367432,71700,HSHP,DryBulk,2026-09-22
2023-09-22,4.004984378814697,4.820000171661377,4.829999923706055,4.989999771118164,4.820000171661377,80500,HSHP,DryBulk,2026-09-22
2023-09-25,3.9634387493133545,4.769999980926514,4.78000020980835,4.860000133514404,4.679999828338623,88600,HSHP,DryBulk,2026-09-22
2023-09-26,4.004984378814697,4.820000171661377,4.789999961853027,4.900000095367432,4.78000020980835,55500,HSHP,DryBulk,2026-09-22
2023-09-27,4.071459770202637,4.900000095367432,4.860000133514404,4.980000019073486,4.860000133514404,62900,HSHP,DryBulk,2026-09-22
2023-09-28,4.004984378814697,4.820000171661377,4.730000019073486,4.855000019073486,4.670000076293945,55000,HSHP,DryBulk,2026-09-22
2023-09-29,4.01329231262207,4.829999923706055,4.860000133514404,4.875,4.75,24400,HSHP,DryBulk,2026-09-22
2023-10-02,4.096384048461914,4.929999828338623,4.829999923706055,4.980000019073486,4.829999923706055,75900,HSHP,DryBulk,2026-09-22
2023-10-03,4.071459770202637,4.900000095367432,4.869999885559082,5.050000190734863,4.829999923706055,178400,HSHP,DryBulk,2026-09-22
2023-10-04,3.8969664573669434,4.690000057220459,4.800000190734863,4.809999942779541,4.659999847412109,116400,HSHP,DryBulk,2026-09-22
2023-10-05,4.071459770202637,4.900000095367432,4.679999828338623,4.920000076293945,4.679999828338623,56800,HSHP,DryBulk,2026-09-22
2023-10-06,4.046529769897461,4.869999885559082,4.900000095367432,4.994999885559082,4.840000152587891,132900,HSHP,DryBulk,2026-09-22
2023-10-09,4.029911994934082,4.849999904632568,4.989999771118164,4.989999771118164,4.809999942779541,35200,HSHP,DryBulk,2026-09-22
2023-10-10,4.038220405578613,4.860000133514404,4.880000114440918,5.0,4.815000057220459,68000,HSHP,DryBulk,2026-09-22
2023-10-11,4.096384048461914,4.929999828338623,4.840000152587891,4.940000057220459,4.75,102700,HSHP,DryBulk,2026-09-22
2023-10-12,4.079766750335693,4.909999847412109,4.949999809265137,5.0,4.860000133514404,62800,HSHP,DryBulk,2026-09-22
2023-10-13,4.096384048461914,4.929999828338623,4.900000095367432,4.980000019073486,4.849999904632568,30800,HSHP,DryBulk,2026-09-22
2023-10-16,4.029911994934082,4.849999904632568,4.940000057220459,4.940000057220459,4.760000228881836,70800,HSHP,DryBulk,2026-09-22
2023-10-17,4.162857532501221,5.010000228881836,4.843999862670898,5.019999980926514,4.840000152587891,57000,HSHP,DryBulk,2026-09-22
2023-10-18,4.2459492683410645,5.110000133514404,5.070000171661377,5.130000114440918,5.039999961853027,112300,HSHP,DryBulk,2026-09-22
2023-10-19,4.2874932289123535,5.159999847412109,5.03000020980835,5.179999828338623,5.0,58300,HSHP,DryBulk,2026-09-22
2023-10-20,4.154549598693848,5.0,5.090000152587891,5.090000152587891,4.949999809265137,41700,HSHP,DryBulk,2026-09-22
2023-10-23,4.046529769897461,4.869999885559082,4.889999866485596,4.920000076293945,4.800000190734863,62900,HSHP,DryBulk,2026-09-22
2023-10-24,4.096384048461914,4.929999828338623,4.901000022888184,4.980000019073486,4.860000133514404,62900,HSHP,DryBulk,2026-09-22
2023-10-25,3.9717495441436768,4.78000020980835,4.78000020980835,4.835000038146973,4.75,129100,HSHP,DryBulk,2026-09-22
2023-10-26,3.8886568546295166,4.679999828338623,4.679999828338623,4.708000183105469,4.599999904632568,158800,HSHP,DryBulk,2026-09-22
2023-10-27,3.880347490310669,4.670000076293945,4.619999885559082,4.690000057220459,4.570000171661377,96100,HSHP,DryBulk,2026-09-22
2023-10-30,3.764021158218384,4.53000020980835,4.630000114440918,4.630000114440918,4.5,47600,HSHP,DryBulk,2026-09-22
2023-10-31,3.7723300457000732,4.539999961853027,4.5,4.557000160217285,4.440000057220459,105800,HSHP,DryBulk,2026-09-22
2023-11-01,3.7889492511749268,4.559999942779541,4.480000019073486,4.570000171661377,4.420000076293945,65500,HSHP,DryBulk,2026-09-22
2023-11-02,3.8720386028289795,4.659999847412109,4.570000171661377,4.670000076293945,4.480000019073486,105700,HSHP,DryBulk,2026-09-22
2023-11-03,3.9135847091674805,4.710000038146973,4.599999904632568,4.840000152587891,4.570000171661377,48500,HSHP,DryBulk,2026-09-22
2023-11-06,3.86372971534729,4.650000095367432,4.679999828338623,4.710000038146973,4.565000057220459,55200,HSHP,DryBulk,2026-09-22
2023-11-07,3.6560020446777344,4.400000095367432,4.46999979019165,4.519999980926514,4.300000190734863,912300,HSHP,DryBulk,2026-09-22
2023-11-08,3.6560020446777344,4.400000095367432,4.449999809265137,4.449999809265137,4.369999885559082,102100,HSHP,DryBulk,2026-09-22
2023-11-09,3.8221850395202637,4.599999904632568,4.539999961853027,4.645999908447266,4.510000228881836,168500,HSHP,DryBulk,2026-09-22
2023-11-10,3.8886568546295166,4.679999828338623,4.599999904632568,4.699999809265137,4.53000020980835,116300,HSHP,DryBulk,2026-09-22
2023-11-13,3.9052751064300537,4.699999809265137,4.590000152587891,4.710000038146973,4.570000171661377,174500,HSHP,DryBulk,2026-09-22
2023-11-14,4.113002300262451,4.949999809265137,4.769999980926514,4.949999809265137,4.650000095367432,61900,HSHP,DryBulk,2026-09-22
2023-11-15,4.121311187744141,4.960000038146973,4.840000152587891,4.989999771118164,4.829999923706055,65600,HSHP,DryBulk,2026-09-22
2023-11-16,4.221020698547363,5.079999923706055,4.96999979019165,5.139999866485596,4.954999923706055,152000,HSHP,DryBulk,2026-09-22
2023-11-17,4.279184818267822,5.150000095367432,5.050000190734863,5.170000076293945,4.980000019073486,90800,HSHP,DryBulk,2026-09-22
2023-11-20,4.2542572021484375,5.119999885559082,5.150000095367432,5.179999828338623,5.079999923706055,98800,HSHP,DryBulk,2026-09-22
2023-11-21,4.3705854415893555,5.260000228881836,5.289999961853027,5.320000171661377,5.090000152587891,127900,HSHP,DryBulk,2026-09-22
2023-11-22,4.445367336273193,5.349999904632568,5.269999980926514,5.389999866485596,5.239999771118164,34400,HSHP,DryBulk,2026-09-22
2023-11-24,4.786039352416992,5.760000228881836,5.670000076293945,5.857999801635742,5.650000095367432,125200,HSHP,DryBulk,2026-09-22
2023-11-27,4.802657127380371,5.78000020980835,5.78000020980835,5.789999961853027,5.679999828338623,116600,HSHP,DryBulk,2026-09-22
2023-11-28,4.727876663208008,5.690000057220459,5.679999828338623,5.789999961853027,5.639999866485596,144600,HSHP,DryBulk,2026-09-22
2023-11-29,4.8358941078186035,5.820000171661377,5.800000190734863,5.849999904632568,5.760000228881836,158400,HSHP,DryBulk,2026-09-22
2023-11-30,4.985456943511963,6.0,5.849999904632568,6.070000171661377,5.840000152587891,289000,HSHP,DryBulk,2026-09-22
2023-12-01,5.060240268707275,6.090000152587891,6.019999980926514,6.260000228881836,6.019999980926514,143900,HSHP,DryBulk,2026-09-22
2023-12-04,5.126712322235107,6.170000076293945,6.190000057220459,6.269999980926514,6.079999923706055,326200,HSHP,DryBulk,2026-09-22
2023-12-05,5.060240268707275,6.090000152587891,5.710000038146973,6.159999847412109,5.710000038146973,244200,HSHP,DryBulk,2026-09-22
2023-12-06,4.869130611419678,5.860000133514404,5.809999942779541,6.070000171661377,5.800000190734863,205500,HSHP,DryBulk,2026-09-22
2023-12-07,4.927292823791504,5.929999828338623,5.769999980926514,5.96999979019165,5.670000076293945,126900,HSHP,DryBulk,2026-09-22
2023-12-08,5.043620586395264,6.070000171661377,5.889999866485596,6.130000114440918,5.849999904632568,162300,HSHP,DryBulk,2026-09-22
2023-12-11,5.010385036468506,6.03000020980835,5.900000095367432,6.110000133514404,5.789999961853027,192800,HSHP,DryBulk,2026-09-22
2023-12-12,4.852511882781982,5.840000152587891,5.949999809265137,5.980000019073486,5.809999942779541,171400,HSHP,DryBulk,2026-09-22
2023-12-13,4.8358941078186035,5.820000171661377,5.840000152587891,5.940000057220459,5.630000114440918,138900,HSHP,DryBulk,2026-09-22
2023-12-14,5.110093116760254,6.150000095367432,6.059999942779541,6.269999980926514,6.059999942779541,161300,HSHP,DryBulk,2026-09-22
2023-12-15,5.392603874206543,6.489999771118164,6.150000095367432,6.639999866485596,6.150000095367432,1782000,HSHP,DryBulk,2026-09-22
2023-12-18,5.367676734924316,6.460000038146973,6.53000020980835,6.599999904632568,6.349999904632568,143700,HSHP,DryBulk,2026-09-22
2023-12-19,5.533857345581055,6.659999847412109,6.400000095367432,6.739999771118164,6.389999866485596,116100,HSHP,DryBulk,2026-09-22
2023-12-20,5.26796817779541,6.340000152587891,6.5,6.650000095367432,6.320000171661377,146900,HSHP,DryBulk,2026-09-22
2023-12-21,5.359365463256836,6.449999809265137,6.449999809265137,6.480000019073486,6.309999942779541,63400,HSHP,DryBulk,2026-09-22
2023-12-22,5.799749374389648,6.980000019073486,6.550000190734863,6.989999771118164,6.550000190734863,88900,HSHP,DryBulk,2026-09-22
2023-12-26,5.608639717102051,6.75,7.110000133514404,7.110000133514404,6.695000171661377,102900,HSHP,DryBulk,2026-09-22
2023-12-27,5.575404167175293,6.710000038146973,6.679999828338623,6.710000038146973,6.440000057220459,183500,HSHP,DryBulk,2026-09-22
2023-12-28,5.641876220703125,6.789999961853027,6.670000076293945,6.829999923706055,6.670000076293945,59800,HSHP,DryBulk,2026-09-22
2023-12-29,5.616949558258057,6.760000228881836,6.75,6.929999828338623,6.690000057220459,66700,HSHP,DryBulk,2026-09-22
2024-01-02,5.442458152770996,6.550000190734863,6.769999980926514,6.789999961853027,6.440000057220459,69000,HSHP,DryBulk,2026-09-22
2024-01-03,5.5421671867370605,6.670000076293945,6.670000076293945,6.790999889373779,6.639999866485596,103400,HSHP,DryBulk,2026-09-22
2024-01-04,5.8329854011535645,7.019999980926514,6.989999771118164,7.210000038146973,6.880000114440918,135000,HSHP,DryBulk,2026-09-22
2024-01-05,6.1736578941345215,7.429999828338623,6.929999828338623,7.489999771118164,6.889999866485596,175100,HSHP,DryBulk,2026-09-22
2024-01-08,5.658493995666504,6.809999942779541,6.980000019073486,7.079999923706055,6.75,219300,HSHP,DryBulk,2026-09-22
2024-01-09,5.359365463256836,6.449999809265137,6.809999942779541,6.820000171661377,6.380000114440918,132700,HSHP,DryBulk,2026-09-22
2024-01-10,5.517240047454834,6.639999866485596,6.559999942779541,6.71999979019165,6.539999961853027,77100,HSHP,DryBulk,2026-09-22
2024-01-11,5.367676734924316,6.460000038146973,6.630000114440918,6.630000114440918,6.409999847412109,62600,HSHP,DryBulk,2026-09-22
2024-01-12,5.425840377807617,6.53000020980835,6.730000019073486,6.78000020980835,6.489999771118164,59100,HSHP,DryBulk,2026-09-22
2024-01-16,5.425840377807617,6.53000020980835,6.599999904632568,6.670000076293945,6.440000057220459,72300,HSHP,DryBulk,2026-09-22
2024-01-17,5.425840377807617,6.53000020980835,6.440000057220459,6.570000171661377,6.400000095367432,42100,HSHP,DryBulk,2026-09-22
2024-01-18,5.658493995666504,6.809999942779541,6.639999866485596,6.869999885559082,6.639999866485596,59100,HSHP,DryBulk,2026-09-22
2024-01-19,5.716657638549805,6.880000114440918,6.849999904632568,6.889999866485596,6.75,90400,HSHP,DryBulk,2026-09-22
2024-01-22,5.791439533233643,6.96999979019165,6.980000019073486,7.033999919891357,6.909999847412109,29700,HSHP,DryBulk,2026-09-22
2024-01-23,5.741586208343506,6.909999847412109,6.809999942779541,6.949999809265137,6.739999771118164,66500,HSHP,DryBulk,2026-09-22
2024-01-24,5.974239826202393,7.190000057220459,7.039999961853027,7.190000057220459,6.929999828338623,105300,HSHP,DryBulk,2026-09-22
2024-01-25,6.015785217285156,7.239999771118164,7.019999980926514,7.269999980926514,6.880000114440918,89600,HSHP,DryBulk,2026-09-22
2024-01-26,5.799749374389648,6.980000019073486,7.099999904632568,7.139999866485596,6.889999866485596,106900,HSHP,DryBulk,2026-09-22
2024-01-29,5.633567810058594,6.78000020980835,7.010000228881836,7.010000228881836,6.690000057220459,59200,HSHP,DryBulk,2026-09-22
2024-01-30,5.533857345581055,6.659999847412109,6.789999961853027,6.789999961853027,6.650000095367432,35700,HSHP,DryBulk,2026-09-22
2024-01-31,5.409221172332764,6.510000228881836,6.840000152587891,6.840000152587891,6.5,98000,HSHP,DryBulk,2026-09-22
2024-02-01,5.409221172332764,6.510000228881836,6.639999866485596,6.659999847412109,6.440000057220459,78200,HSHP,DryBulk,2026-09-22
2024-02-02,5.326131820678711,6.409999847412109,6.440000057220459,6.539999961853027,6.379000186920166,47100,HSHP,DryBulk,2026-09-22
2024-02-05,5.467385768890381,6.579999923706055,6.480000019073486,6.690000057220459,6.449999809265137,49300,HSHP,DryBulk,2026-09-22
2024-02-06,5.791439533233643,6.96999979019165,6.789999961853027,7.110000133514404,6.789999961853027,139300,HSHP,DryBulk,2026-09-22
2024-02-07,6.024094581604004,7.25,6.840000152587891,7.340000152587891,6.769999980926514,112800,HSHP,DryBulk,2026-09-22
2024-02-08,5.857913017272949,7.050000190734863,6.980000019073486,7.260000228881836,6.932000160217285,105600,HSHP,DryBulk,2026-09-22
2024-02-09,6.007475852966309,7.230000019073486,7.170000076293945,7.309999942779541,7.070000171661377,60900,HSHP,DryBulk,2026-09-22
2024-02-12,6.098877429962158,7.340000152587891,7.230000019073486,7.440000057220459,7.179999828338623,71900,HSHP,DryBulk,2026-09-22
2024-02-13,5.799749374389648,6.980000019073486,7.329999923706055,7.329999923706055,6.929999828338623,68700,HSHP,DryBulk,2026-09-22
2024-02-14,5.999166965484619,7.21999979019165,7.269999980926514,7.295000076293945,7.059999942779541,60700,HSHP,DryBulk,2026-09-22
2024-02-15,6.190277099609375,7.449999809265137,7.210000038146973,7.460000038146973,6.980000019073486,121300,HSHP,DryBulk,2026-09-22
2024-02-16,6.348150253295898,7.639999866485596,7.53000020980835,7.670000076293945,7.289999961853027,120800,HSHP,DryBulk,2026-09-22
2024-02-20,6.331532001495361,7.619999885559082,7.53000020980835,7.690000057220459,7.340000152587891,67300,HSHP,DryBulk,2026-09-22
2024-02-21,6.481290817260742,7.789999961853027,7.53000020980835,7.949999809265137,7.460000038146973,72600,HSHP,DryBulk,2026-09-22
2024-02-22,6.597771167755127,7.929999828338623,7.760000228881836,8.050000190734863,7.760000228881836,101400,HSHP,DryBulk,2026-09-22
2024-02-23,6.972171783447266,8.380000114440918,8.0600004196167,8.5,8.020000457763672,124500,HSHP,DryBulk,2026-09-22
2024-02-26,6.398091793060303,7.690000057220459,8.069999694824219,8.100000381469727,7.650000095367432,110200,HSHP,DryBulk,2026-09-22
2024-02-27,6.7724928855896,8.140000343322754,7.840000152587891,8.199999809265137,7.820000171661377,78000,HSHP,DryBulk,2026-09-22
2024-02-28,6.689291954040527,8.039999961853027,8.039999961853027,8.305000305175781,7.985000133514404,169600,HSHP,DryBulk,2026-09-22
2024-02-29,6.564491271972656,7.889999866485596,7.920000076293945,8.010000228881836,7.699999809265137,159600,HSHP,DryBulk,2026-09-22
2024-03-01,6.689291954040527,8.039999961853027,8.0,8.270000457763672,8.0,114900,HSHP,DryBulk,2026-09-22
2024-03-04,6.581131458282471,7.909999847412109,8.0,8.024999618530273,7.828999996185303,53300,HSHP,DryBulk,2026-09-22
2024-03-05,6.631051063537598,7.96999979019165,7.940000057220459,8.079999923706055,7.849999904632568,63000,HSHP,DryBulk,2026-09-22
2024-03-06,6.572812557220459,7.900000095367432,7.760000228881836,8.020000457763672,7.75,81500,HSHP,DryBulk,2026-09-22
2024-03-07,6.913933277130127,8.3100004196167,7.940000057220459,8.369999885559082,7.940000057220459,96800,HSHP,DryBulk,2026-09-22
2024-03-08,6.972171783447266,8.380000114440918,8.34000015258789,8.545000076293945,8.21500015258789,62200,HSHP,DryBulk,2026-09-22
2024-03-11,6.647690773010254,7.989999771118164,8.0600004196167,8.072999954223633,7.900000095367432,53600,HSHP,DryBulk,2026-09-22
2024-03-12,6.797452449798584,8.170000076293945,7.960000038146973,8.199000358581543,7.900000095367432,64200,HSHP,DryBulk,2026-09-22
2024-03-13,6.60609245300293,7.940000057220459,8.079999923706055,8.079999923706055,7.889999866485596,83600,HSHP,DryBulk,2026-09-22
2024-03-14,6.589451313018799,7.920000076293945,8.010000228881836,8.010000228881836,7.639999866485596,89500,HSHP,DryBulk,2026-09-22
2024-03-15,6.855691909790039,8.239999771118164,7.699999809265137,8.279999732971191,7.699999809265137,526500,HSHP,DryBulk,2026-09-22
2024-03-18,6.86404275894165,8.220000267028809,8.020000457763672,8.260000228881836,7.900000095367432,209300,HSHP,DryBulk,2026-09-22
2024-03-19,6.713735580444336,8.039999961853027,7.989999771118164,8.210000038146973,7.960000038146973,208900,HSHP,DryBulk,2026-09-22
2024-03-20,6.596829891204834,7.900000095367432,7.869999885559082,7.96999979019165,7.699999809265137,100800,HSHP,DryBulk,2026-09-22
2024-03-21,6.680333137512207,8.0,7.900000095367432,8.140000343322754,7.889999866485596,162100,HSHP,DryBulk,2026-09-22
2024-03-22,6.51332426071167,7.800000190734863,7.909999847412109,7.909999847412109,7.760000228881836,47900,HSHP,DryBulk,2026-09-22
2024-03-25,6.354666709899902,7.610000133514404,7.710000038146973,7.75,7.599999904632568,51900,HSHP,DryBulk,2026-09-22
2024-03-26,6.204360008239746,7.429999828338623,7.53000020980835,7.53000020980835,7.420000076293945,92100,HSHP,DryBulk,2026-09-22
2024-03-27,6.321265697479248,7.570000171661377,7.630000114440918,7.630000114440918,7.409999847412109,50100,HSHP,DryBulk,2026-09-22
2024-03-28,6.438169956207275,7.710000038146973,7.639999866485596,7.849999904632568,7.614999771118164,62600,HSHP,DryBulk,2026-09-22
2024-04-01,6.388068675994873,7.650000095367432,7.800000190734863,7.960000038146973,7.574999809265137,122800,HSHP,DryBulk,2026-09-22
2024-04-02,6.212710380554199,7.440000057220459,7.440000057220459,7.627999782562256,7.400000095367432,93000,HSHP,DryBulk,2026-09-22
2024-04-03,6.538376331329346,7.829999923706055,7.639999866485596,7.900000095367432,7.639999866485596,94800,HSHP,DryBulk,2026-09-22
2024-04-04,6.379717826843262,7.639999866485596,7.800000190734863,7.885000228881836,7.619999885559082,62000,HSHP,DryBulk,2026-09-22
2024-04-05,6.538376331329346,7.829999923706055,7.789999961853027,7.929999828338623,7.789999961853027,58600,HSHP,DryBulk,2026-09-22
2024-04-08,6.571778297424316,7.869999885559082,7.889999866485596,7.989999771118164,7.75,106100,HSHP,DryBulk,2026-09-22
2024-04-09,6.396418571472168,7.659999847412109,7.690000057220459,7.78000020980835,7.619999885559082,49200,HSHP,DryBulk,2026-09-22
2024-04-10,6.329614639282227,7.579999923706055,7.510000228881836,7.610000133514404,7.460000038146973,112900,HSHP,DryBulk,2026-09-22
2024-04-11,6.5216755867004395,7.809999942779541,7.809999942779541,7.829999923706055,7.538000106811523,114300,HSHP,DryBulk,2026-09-22
2024-04-12,6.471573352813721,7.75,7.710000038146973,7.820000171661377,7.710000038146973,40900,HSHP,DryBulk,2026-09-22
2024-04-15,6.438169956207275,7.710000038146973,7.739999771118164,7.920000076293945,7.699999809265137,153900,HSHP,DryBulk,2026-09-22
2024-04-16,6.504973411560059,7.789999961853027,7.699999809265137,7.920000076293945,7.625,117000,HSHP,DryBulk,2026-09-22
2024-04-17,6.5216755867004395,7.809999942779541,7.889999866485596,7.900000095367432,7.71999979019165,55600,HSHP,DryBulk,2026-09-22
2024-04-18,6.454614639282227,7.699999809265137,7.710000038146973,7.889999866485596,7.610000133514404,103500,HSHP,DryBulk,2026-09-22
2024-04-19,6.756389141082764,8.0600004196167,7.739999771118164,8.100000381469727,7.739999771118164,148300,HSHP,DryBulk,2026-09-22
2024-04-22,6.454614639282227,7.699999809265137,7.730000019073486,7.760000228881836,7.619999885559082,116300,HSHP,DryBulk,2026-09-22
2024-04-23,6.370788097381592,7.599999904632568,7.659999847412109,7.710000038146973,7.559999942779541,111100,HSHP,DryBulk,2026-09-22
2024-04-24,6.421082973480225,7.659999847412109,7.590000152587891,7.739999771118164,7.579999923706055,159000,HSHP,DryBulk,2026-09-22
2024-04-25,6.479762077331543,7.730000019073486,7.610000133514404,7.739999771118164,7.599999904632568,55400,HSHP,DryBulk,2026-09-22
2024-04-26,6.949188232421875,8.289999961853027,8.010000228881836,8.329999923706055,8.0,288700,HSHP,DryBulk,2026-09-22
2024-04-29,6.848597526550293,8.170000076293945,8.09000015258789,8.199999809265137,8.0,91300,HSHP,DryBulk,2026-09-22
2024-04-30,6.848597526550293,8.170000076293945,8.170000076293945,8.329999923706055,8.140000343322754,146600,HSHP,DryBulk,2026-09-22
2024-05-01,6.848597526550293,8.170000076293945,8.270000457763672,8.270000457763672,7.980000019073486,50900,HSHP,DryBulk,2026-09-22
2024-05-02,7.100077152252197,8.470000267028809,8.350000381469727,8.505000114440918,8.270000457763672,103200,HSHP,DryBulk,2026-09-22
2024-05-03,7.074929714202881,8.4399995803833,8.489999771118164,8.489999771118164,8.380000114440918,33400,HSHP,DryBulk,2026-09-22
2024-05-06,6.915658950805664,8.25,8.239999771118164,8.34000015258789,8.199999809265137,65100,HSHP,DryBulk,2026-09-22
2024-05-07,7.175520420074463,8.5600004196167,8.399999618530273,8.65999984741211,8.359999656677246,126500,HSHP,DryBulk,2026-09-22
2024-05-08,7.049779415130615,8.40999984741211,8.430000305175781,8.5,8.27400016784668,126200,HSHP,DryBulk,2026-09-22
2024-05-09,7.200666427612305,8.59000015258789,8.479999542236328,8.699999809265137,8.40999984741211,131900,HSHP,DryBulk,2026-09-22
2024-05-10,7.158753395080566,8.539999961853027,8.670000076293945,8.699999809265137,8.5,42600,HSHP,DryBulk,2026-09-22
2024-05-13,7.326406478881836,8.739999771118164,8.720000267028809,8.770000457763672,8.65999984741211,74200,HSHP,DryBulk,2026-09-22
2024-05-14,7.301257610321045,8.710000038146973,8.75,8.779999732971191,8.539999961853027,51900,HSHP,DryBulk,2026-09-22
2024-05-15,7.292876243591309,8.699999809265137,8.710000038146973,8.75,8.510000228881836,78300,HSHP,DryBulk,2026-09-22
2024-05-16,7.561119556427002,9.020000457763672,8.75,9.142999649047852,8.75,86200,HSHP,DryBulk,2026-09-22
2024-05-17,7.720390796661377,9.210000038146973,9.0600004196167,9.260000228881836,9.0,56100,HSHP,DryBulk,2026-09-22
2024-05-20,7.737154483795166,9.229999542236328,9.25,9.390000343322754,9.220000267028809,42100,HSHP,DryBulk,2026-09-22
2024-05-21,7.628180980682373,9.100000381469727,9.039999961853027,9.1850004196167,8.989999771118164,52000,HSHP,DryBulk,2026-09-22
2024-05-22,7.350333213806152,8.729999542236328,8.770000457763672,8.795000076293945,8.579999923706055,56500,HSHP,DryBulk,2026-09-22
2024-05-23,7.15668249130249,8.5,8.710000038146973,8.739999771118164,8.420000076293945,69700,HSHP,DryBulk,2026-09-22
2024-05-24,7.274558067321777,8.640000343322754,8.670000076293945,8.800000190734863,8.640000343322754,50900,HSHP,DryBulk,2026-09-22
2024-05-28,7.7039570808410645,9.149999618530273,9.029999732971191,9.1899995803833,8.970000267028809,127600,HSHP,DryBulk,2026-09-22
2024-05-29,7.762895107269287,9.220000267028809,9.34000015258789,9.390000343322754,9.140000343322754,111300,HSHP,DryBulk,2026-09-22
2024-05-30,7.956545829772949,9.449999809265137,9.479999542236328,9.545000076293945,9.34000015258789,172600,HSHP,DryBulk,2026-09-22
2024-05-31,8.023902893066406,9.529999732971191,9.649999618530273,9.649999618530273,9.430000305175781,73800,HSHP,DryBulk,2026-09-22
2024-06-03,8.108098030090332,9.630000114440918,9.75,9.760000228881836,9.59000015258789,62800,HSHP,DryBulk,2026-09-22
2024-06-04,7.779735088348389,9.239999771118164,9.369999885559082,9.4399995803833,9.081000328063965,75100,HSHP,DryBulk,2026-09-22
2024-06-05,8.074420928955078,9.59000015258789,9.289999961853027,9.600000381469727,9.270000457763672,77300,HSHP,DryBulk,2026-09-22
2024-06-06,7.788153648376465,9.25,9.359999656677246,9.359999656677246,9.109999656677246,65400,HSHP,DryBulk,2026-09-22
2024-06-07,7.611340045928955,9.039999961853027,8.829999923706055,9.140000343322754,8.810999870300293,111700,HSHP,DryBulk,2026-09-22
2024-06-10,7.661859512329102,9.100000381469727,8.829999923706055,9.15999984741211,8.800000190734863,100000,HSHP,DryBulk,2026-09-22
2024-06-11,7.451370716094971,8.850000381469727,8.630000114440918,8.90999984741211,8.579999923706055,98400,HSHP,DryBulk,2026-09-22
2024-06-12,7.602921009063721,9.029999732971191,9.039999961853027,9.119999885559082,8.979999542236328,70000,HSHP,DryBulk,2026-09-22
2024-06-13,7.459788799285889,8.859999656677246,9.180000305175781,9.239999771118164,8.755000114440918,51500,HSHP,DryBulk,2026-09-22
2024-06-14,7.273716926574707,8.600000381469727,8.609999656677246,8.670000076293945,8.5,102400,HSHP,DryBulk,2026-09-22
2024-06-17,7.155306816101074,8.460000038146973,8.460000038146973,8.489999771118164,8.319999694824219,56300,HSHP,DryBulk,2026-09-22
2024-06-18,7.096103191375732,8.390000343322754,8.4399995803833,8.539999961853027,8.390000343322754,80900,HSHP,DryBulk,2026-09-22
2024-06-20,7.29063081741333,8.619999885559082,8.619999885559082,8.739999771118164,8.569999694824219,49900,HSHP,DryBulk,2026-09-22
2024-06-21,7.256800174713135,8.579999923706055,8.680000305175781,8.739999771118164,8.550000190734863,102900,HSHP,DryBulk,2026-09-22
2024-06-24,7.256800174713135,8.579999923706055,8.579999923706055,8.670000076293945,8.520000457763672,28900,HSHP,DryBulk,2026-09-22
2024-06-25,7.172222137451172,8.479999542236328,8.529999732971191,8.529999732971191,8.380000114440918,50600,HSHP,DryBulk,2026-09-22
2024-06-26,7.620486736297607,9.010000228881836,8.5600004196167,9.109999656677246,8.5600004196167,100500,HSHP,DryBulk,2026-09-22
2024-06-27,7.628946304321289,9.020000457763672,9.039999961853027,9.100000381469727,8.84000015258789,56600,HSHP,DryBulk,2026-09-22
2024-06-28,7.747352600097656,9.15999984741211,8.9399995803833,9.229999542236328,8.663000106811523,1155500,HSHP,DryBulk,2026-09-22
2024-07-01,7.679691314697266,9.079999923706055,9.149999618530273,9.149999618530273,8.899999618530273,160600,HSHP,DryBulk,2026-09-22
2024-07-02,7.688149929046631,9.09000015258789,8.949999809265137,9.270000457763672,8.906000137329102,103000,HSHP,DryBulk,2026-09-22
2024-07-03,7.561281681060791,8.9399995803833,8.989999771118164,9.130000114440918,8.9399995803833,94500,HSHP,DryBulk,2026-09-22
2024-07-05,7.206053733825684,8.520000457763672,8.680000305175781,8.680000305175781,8.420000076293945,139100,HSHP,DryBulk,2026-09-22
2024-07-08,7.1299333572387695,8.430000305175781,8.380000114440918,8.489999771118164,8.350000381469727,61200,HSHP,DryBulk,2026-09-22
2024-07-09,7.05381441116333,8.34000015258789,8.270000457763672,8.470000267028809,8.239999771118164,69000,HSHP,DryBulk,2026-09-22
2024-07-10,7.146849155426025,8.449999809265137,8.260000228881836,8.470000267028809,8.234999656677246,97100,HSHP,DryBulk,2026-09-22
2024-07-11,7.070728778839111,8.359999656677246,8.180000305175781,8.430000305175781,8.0600004196167,119000,HSHP,DryBulk,2026-09-22
2024-07-12,7.05381441116333,8.34000015258789,8.319999694824219,8.470000267028809,8.25,84600,HSHP,DryBulk,2026-09-22
2024-07-15,7.036897659301758,8.319999694824219,8.119999885559082,8.390000343322754,8.119999885559082,119300,HSHP,DryBulk,2026-09-22
2024-07-16,7.146849155426025,8.449999809265137,8.279999732971191,8.539999961853027,8.279999732971191,95600,HSHP,DryBulk,2026-09-22
2024-07-17,7.206053733825684,8.520000457763672,8.430000305175781,8.609999656677246,8.430000305175781,87800,HSHP,DryBulk,2026-09-22
2024-07-18,6.959329605102539,8.180000305175781,8.319999694824219,8.449999809265137,8.145000457763672,81400,HSHP,DryBulk,2026-09-22
2024-07-19,6.865743637084961,8.069999694824219,8.050000190734863,8.199999809265137,8.039999961853027,70900,HSHP,DryBulk,2026-09-22
2024-07-22,7.172022342681885,8.430000305175781,8.029999732971191,8.539999961853027,7.96999979019165,88000,HSHP,DryBulk,2026-09-22
2024-07-23,7.1550068855285645,8.40999984741211,8.359999656677246,8.470000267028809,8.3100004196167,82000,HSHP,DryBulk,2026-09-22
2024-07-24,7.010376453399658,8.239999771118164,8.279999732971191,8.4399995803833,8.229999542236328,70000,HSHP,DryBulk,2026-09-22
2024-07-25,6.9167914390563965,8.130000114440918,8.109999656677246,8.270000457763672,8.029999732971191,125700,HSHP,DryBulk,2026-09-22
2024-07-26,6.865743637084961,8.069999694824219,8.050000190734863,8.170000076293945,7.960000038146973,72300,HSHP,DryBulk,2026-09-22
2024-07-29,6.772158145904541,7.960000038146973,8.050000190734863,8.170000076293945,7.960000038146973,59700,HSHP,DryBulk,2026-09-22
2024-07-30,6.763651371002197,7.949999809265137,7.949999809265137,8.0,7.880000114440918,54600,HSHP,DryBulk,2026-09-22
2024-07-31,6.908283233642578,8.119999885559082,7.980000019073486,8.210000038146973,7.940000057220459,57500,HSHP,DryBulk,2026-09-22
2024-08-01,6.619020938873291,7.78000020980835,8.020000457763672,8.069999694824219,7.75,88600,HSHP,DryBulk,2026-09-22
2024-08-02,6.2957258224487305,7.400000095367432,7.5,7.584000110626221,7.389999866485596,174900,HSHP,DryBulk,2026-09-22
2024-08-05,6.185125350952148,7.269999980926514,7.110000133514404,7.28000020980835,7.039999961853027,152400,HSHP,DryBulk,2026-09-22
2024-08-06,6.193633079528809,7.28000020980835,7.190000057220459,7.368000030517578,7.190000057220459,57400,HSHP,DryBulk,2026-09-22
2024-08-07,6.37229585647583,7.489999771118164,7.639999866485596,7.679999828338623,7.460000038146973,78000,HSHP,DryBulk,2026-09-22
2024-08-08,6.4488654136657715,7.579999923706055,7.699999809265137,7.710000038146973,7.5,62600,HSHP,DryBulk,2026-09-22
2024-08-09,6.363787651062012,7.480000019073486,7.670000076293945,7.679999828338623,7.46999979019165,61700,HSHP,DryBulk,2026-09-22
2024-08-12,6.576481342315674,7.730000019073486,7.829999923706055,7.840000152587891,7.570000171661377,152600,HSHP,DryBulk,2026-09-22
2024-08-13,6.704097270965576,7.880000114440918,7.800000190734863,7.900000095367432,7.650000095367432,50200,HSHP,DryBulk,2026-09-22
2024-08-14,6.644542694091797,7.809999942779541,7.860000133514404,7.920000076293945,7.75,57400,HSHP,DryBulk,2026-09-22
2024-08-15,6.610513210296631,7.769999980926514,7.630000114440918,7.900000095367432,7.599999904632568,85100,HSHP,DryBulk,2026-09-22
2024-08-16,6.481902122497559,7.559999942779541,7.619999885559082,7.724999904632568,7.480000019073486,53800,HSHP,DryBulk,2026-09-22
2024-08-19,6.198963165283203,7.230000019073486,7.289999961853027,7.460000038146973,7.230000019073486,111000,HSHP,DryBulk,2026-09-22
2024-08-20,6.2418317794799805,7.28000020980835,7.260000228881836,7.355999946594238,7.230000019073486,70400,HSHP,DryBulk,2026-09-22
2024-08-21,6.336145877838135,7.389999866485596,7.400000095367432,7.429999828338623,7.300000190734863,43700,HSHP,DryBulk,2026-09-22
2024-08-22,6.3961639404296875,7.460000038146973,7.440000057220459,7.619999885559082,7.440000057220459,104000,HSHP,DryBulk,2026-09-22
2024-08-23,6.473330020904541,7.550000190734863,7.409999847412109,7.570000171661377,7.349999904632568,116500,HSHP,DryBulk,2026-09-22
2024-08-26,6.567641735076904,7.659999847412109,7.519999980926514,7.835000038146973,7.5,156700,HSHP,DryBulk,2026-09-22
2024-08-27,6.550495624542236,7.639999866485596,7.559999942779541,7.699999809265137,7.510000228881836,90100,HSHP,DryBulk,2026-09-22
2024-08-28,6.45618200302124,7.53000020980835,7.460000038146973,7.630000114440918,7.420000076293945,88800,HSHP,DryBulk,2026-09-22
2024-08-29,6.644808292388916,7.75,7.639999866485596,7.829999923706055,7.619999885559082,122100,HSHP,DryBulk,2026-09-22
2024-08-30,6.593364715576172,7.690000057220459,7.480000019073486,7.730000019073486,7.480000019073486,85500,HSHP,DryBulk,2026-09-22
2024-09-03,6.284702777862549,7.329999923706055,7.460000038146973,7.485000133514404,7.289999961853027,293600,HSHP,DryBulk,2026-09-22
2024-09-04,6.318998336791992,7.369999885559082,7.340000152587891,7.460000038146973,7.28000020980835,51800,HSHP,DryBulk,2026-09-22
2024-09-05,6.156093597412109,7.179999828338623,7.340000152587891,7.340000152587891,7.139999866485596,91300,HSHP,DryBulk,2026-09-22
2024-09-06,6.293277263641357,7.340000152587891,7.329999923706055,7.519999980926514,7.329999923706055,177300,HSHP,DryBulk,2026-09-22
2024-09-09,6.2075371742248535,7.239999771118164,7.210000038146973,7.409999847412109,7.210000038146973,86700,HSHP,DryBulk,2026-09-22
2024-09-10,6.113224029541016,7.130000114440918,7.300000190734863,7.300000190734863,7.010000228881836,65600,HSHP,DryBulk,2026-09-22
2024-09-11,6.113224029541016,7.130000114440918,7.139999866485596,7.190000057220459,7.074999809265137,33800,HSHP,DryBulk,2026-09-22
2024-09-12,6.379015922546387,7.440000057220459,7.300000190734863,7.519999980926514,7.300000190734863,56600,HSHP,DryBulk,2026-09-22
2024-09-13,6.55906867980957,7.650000095367432,7.630000114440918,7.664999961853027,7.51200008392334,89600,HSHP,DryBulk,2026-09-22
2024-09-16,6.87058162689209,7.940000057220459,7.809999942779541,7.960000038146973,7.730000019073486,81300,HSHP,DryBulk,2026-09-22
2024-09-17,6.9398064613342285,8.020000457763672,7.889999866485596,8.100000381469727,7.809999942779541,179800,HSHP,DryBulk,2026-09-22
2024-09-18,6.89654016494751,7.96999979019165,7.980000019073486,8.164999961853027,7.940000057220459,151300,HSHP,DryBulk,2026-09-22
2024-09-19,7.311891555786133,8.449999809265137,8.210000038146973,8.489999771118164,8.180000305175781,95700,HSHP,DryBulk,2026-09-22
2024-09-20,7.104216575622559,8.210000038146973,8.3100004196167,8.34000015258789,8.170000076293945,220700,HSHP,DryBulk,2026-09-22
2024-09-23,7.138829231262207,8.25,8.119999885559082,8.329999923706055,8.119999885559082,50500,HSHP,DryBulk,2026-09-22
2024-09-24,7.3811163902282715,8.529999732971191,8.529999732971191,8.5600004196167,8.319999694824219,77600,HSHP,DryBulk,2026-09-22
2024-09-25,7.277277946472168,8.40999984741211,8.369999885559082,8.529999732971191,8.28499984741211,134200,HSHP,DryBulk,2026-09-22
2024-09-26,7.424381732940674,8.579999923706055,8.489999771118164,8.609000205993652,8.432999610900879,83400,HSHP,DryBulk,2026-09-22
2024-09-27,7.407074928283691,8.5600004196167,8.460000038146973,8.579999923706055,8.399999618530273,57900,HSHP,DryBulk,2026-09-22
2024-09-30,7.493607521057129,8.65999984741211,8.600000381469727,8.739999771118164,8.550000190734863,150400,HSHP,DryBulk,2026-09-22
2024-10-01,7.407074928283691,8.5600004196167,8.479999542236328,8.720000267028809,8.470000267028809,95100,HSHP,DryBulk,2026-09-22
2024-10-02,7.51091194152832,8.680000305175781,8.539999961853027,8.711999893188477,8.529999732971191,72700,HSHP,DryBulk,2026-09-22
2024-10-03,7.3897705078125,8.539999961853027,8.59000015258789,8.654999732971191,8.510000228881836,105800,HSHP,DryBulk,2026-09-22
2024-10-04,7.3811163902282715,8.529999732971191,8.609999656677246,8.619999885559082,8.470000267028809,34300,HSHP,DryBulk,2026-09-22
2024-10-07,7.355157852172852,8.5,8.529999732971191,8.600000381469727,8.460000038146973,32600,HSHP,DryBulk,2026-09-22
2024-10-08,7.234012603759766,8.359999656677246,8.380000114440918,8.380000114440918,8.260000228881836,106300,HSHP,DryBulk,2026-09-22
2024-10-09,7.000377655029297,8.09000015258789,8.079999923706055,8.260000228881836,8.010000228881836,108300,HSHP,DryBulk,2026-09-22
2024-10-10,7.095562934875488,8.199999809265137,8.170000076293945,8.199999809265137,8.100000381469727,65200,HSHP,DryBulk,2026-09-22
2024-10-11,6.87058162689209,7.940000057220459,8.170000076293945,8.170000076293945,7.860000133514404,70500,HSHP,DryBulk,2026-09-22
2024-10-14,6.844621658325195,7.909999847412109,7.920000076293945,8.0,7.860000133514404,77000,HSHP,DryBulk,2026-09-22
2024-10-15,6.3687005043029785,7.360000133514404,7.489999771118164,7.559999942779541,7.295000076293945,210000,HSHP,DryBulk,2026-09-22
2024-10-16,6.351394176483154,7.340000152587891,7.300000190734863,7.349999904632568,7.130000114440918,224100,HSHP,DryBulk,2026-09-22
2024-10-17,6.412801742553711,7.309999942779541,7.230000019073486,7.380000114440918,7.169000148773193,91600,HSHP,DryBulk,2026-09-22
2024-10-18,6.219803810119629,7.090000152587891,7.269999980926514,7.269999980926514,7.090000152587891,79200,HSHP,DryBulk,2026-09-22
2024-10-21,6.149623394012451,7.010000228881836,7.099999904632568,7.119999885559082,6.96999979019165,105600,HSHP,DryBulk,2026-09-22
2024-10-22,6.088213920593262,6.940000057220459,7.0,7.059999942779541,6.920000076293945,129200,HSHP,DryBulk,2026-09-22
2024-10-23,5.8425798416137695,6.659999847412109,6.809999942779541,6.840000152587891,6.644999980926514,197100,HSHP,DryBulk,2026-09-22
2024-10-24,5.825034141540527,6.639999866485596,6.639999866485596,6.699999809265137,6.599999904632568,87200,HSHP,DryBulk,2026-09-22
2024-10-25,5.7987165451049805,6.610000133514404,6.739999771118164,6.800000190734863,6.610000133514404,57100,HSHP,DryBulk,2026-09-22
2024-10-28,5.640809535980225,6.429999828338623,6.550000190734863,6.550000190734863,6.420000076293945,73500,HSHP,DryBulk,2026-09-22
2024-10-29,5.895215034484863,6.71999979019165,6.659999847412109,6.71999979019165,6.550000190734863,145800,HSHP,DryBulk,2026-09-22
2024-10-30,5.7811713218688965,6.590000152587891,6.699999809265137,6.699999809265137,6.590000152587891,61300,HSHP,DryBulk,2026-09-22
2024-10-31,5.754853248596191,6.559999942779541,6.619999885559082,6.639999866485596,6.513999938964844,82000,HSHP,DryBulk,2026-09-22
2024-11-01,5.816263198852539,6.630000114440918,6.639999866485596,6.679999828338623,6.559999942779541,71000,HSHP,DryBulk,2026-09-22
2024-11-04,5.965397357940674,6.800000190734863,6.659999847412109,6.829999923706055,6.65500020980835,105600,HSHP,DryBulk,2026-09-22
2024-11-05,6.22857666015625,7.099999904632568,6.96999979019165,7.210000038146973,6.96999979019165,172200,HSHP,DryBulk,2026-09-22
2024-11-06,6.158395767211914,7.019999980926514,6.840000152587891,7.099999904632568,6.790999889373779,222600,HSHP,DryBulk,2026-09-22
2024-11-07,6.22857666015625,7.099999904632568,7.179999828338623,7.309999942779541,7.050000190734863,133400,HSHP,DryBulk,2026-09-22
2024-11-08,6.246121406555176,7.119999885559082,7.28000020980835,7.295000076293945,7.039999961853027,85900,HSHP,DryBulk,2026-09-22
2024-11-11,6.342621803283691,7.230000019073486,7.239999771118164,7.248000144958496,7.119999885559082,134500,HSHP,DryBulk,2026-09-22
2024-11-12,6.368939399719238,7.260000228881836,7.360000133514404,7.360000133514404,7.199999809265137,170400,HSHP,DryBulk,2026-09-22
2024-11-13,6.211031436920166,7.079999923706055,7.150000095367432,7.210000038146973,7.079999923706055,135000,HSHP,DryBulk,2026-09-22
2024-11-14,6.386483669281006,7.28000020980835,7.199999809265137,7.380000114440918,7.199999809265137,165900,HSHP,DryBulk,2026-09-22
2024-11-15,6.4305901527404785,7.289999961853027,7.429999828338623,7.429999828338623,7.190000057220459,129300,HSHP,DryBulk,2026-09-22
2024-11-18,6.412947654724121,7.269999980926514,7.260000228881836,7.349999904632568,7.159999847412109,108800,HSHP,DryBulk,2026-09-22
2024-11-19,6.324737071990967,7.170000076293945,7.099999904632568,7.224999904632568,7.079999923706055,64800,HSHP,DryBulk,2026-09-22
2024-11-20,6.307094097137451,7.150000095367432,7.210000038146973,7.2270002365112305,7.034999847412109,54100,HSHP,DryBulk,2026-09-22
2024-11-21,6.095386981964111,6.909999847412109,6.96999979019165,6.96999979019165,6.797999858856201,137100,HSHP,DryBulk,2026-09-22
2024-11-22,6.104208946228027,6.920000076293945,6.940000057220459,6.989999771118164,6.889999866485596,40300,HSHP,DryBulk,2026-09-22
2024-11-25,5.936607360839844,6.730000019073486,6.889999866485596,6.920000076293945,6.670000076293945,84300,HSHP,DryBulk,2026-09-22
2024-11-26,5.742543697357178,6.510000228881836,6.650000095367432,6.690000057220459,6.510000228881836,63900,HSHP,DryBulk,2026-09-22
2024-11-27,5.619047164916992,6.369999885559082,6.369999885559082,6.46999979019165,6.329999923706055,67200,HSHP,DryBulk,2026-09-22
2024-11-29,5.477909564971924,6.210000038146973,6.269999980926514,6.329999923706055,6.199999809265137,61600,HSHP,DryBulk,2026-09-22
2024-12-02,4.886894702911377,5.539999961853027,5.650000095367432,5.764999866485596,5.510000228881836,551600,HSHP,DryBulk,2026-09-22
2024-12-03,5.195633888244629,5.889999866485596,5.800000190734863,5.989999771118164,5.75,354600,HSHP,DryBulk,2026-09-22
2024-12-04,4.886894702911377,5.539999961853027,5.760000228881836,5.760000228881836,5.449999809265137,186100,HSHP,DryBulk,2026-09-22
2024-12-05,4.922179698944092,5.579999923706055,5.570000171661377,5.614999771118164,5.5,204600,HSHP,DryBulk,2026-09-22
2024-12-06,4.789862632751465,5.429999828338623,5.579999923706055,5.579999923706055,5.309999942779541,155100,HSHP,DryBulk,2026-09-22
2024-12-09,4.842789173126221,5.489999771118164,5.519999980926514,5.570000171661377,5.449999809265137,121200,HSHP,DryBulk,2026-09-22
2024-12-10,4.781042098999023,5.420000076293945,5.480000019073486,5.489999771118164,5.389999866485596,87500,HSHP,DryBulk,2026-09-22
2024-12-11,4.595798492431641,5.210000038146973,5.309999942779541,5.329999923706055,5.070000171661377,341100,HSHP,DryBulk,2026-09-22
2024-12-12,4.498766899108887,5.099999904632568,5.070000171661377,5.130000114440918,5.025000095367432,169200,HSHP,DryBulk,2026-09-22
2024-12-13,4.4987664222717285,5.090000152587891,5.019999980926514,5.129000186920166,4.980000019073486,121800,HSHP,DryBulk,2026-09-22
2024-12-16,4.348513126373291,4.920000076293945,4.900000095367432,4.96999979019165,4.840000152587891,228000,HSHP,DryBulk,2026-09-22
2024-12-17,4.304320812225342,4.869999885559082,4.789999961853027,4.909999847412109,4.789999961853027,173200,HSHP,DryBulk,2026-09-22
2024-12-18,4.145228862762451,4.690000057220459,4.78000020980835,4.880000114440918,4.670000076293945,137200,HSHP,DryBulk,2026-09-22
2024-12-19,4.136389255523682,4.679999828338623,4.71999979019165,4.730000019073486,4.630000114440918,115200,HSHP,DryBulk,2026-09-22
2024-12-20,4.065682411193848,4.599999904632568,4.559999942779541,4.738999843597412,4.539999961853027,251200,HSHP,DryBulk,2026-09-22
2024-12-23,4.23361349105835,4.789999961853027,4.71999979019165,4.809999942779541,4.71999979019165,117700,HSHP,DryBulk,2026-09-22
2024-12-24,4.304320812225342,4.869999885559082,4.789999961853027,4.869999885559082,4.699999809265137,28700,HSHP,DryBulk,2026-09-22
2024-12-26,4.2866435050964355,4.849999904632568,4.900000095367432,4.929999828338623,4.800000190734863,78800,HSHP,DryBulk,2026-09-22
2024-12-27,4.2866435050964355,4.849999904632568,4.929999828338623,4.96999979019165,4.789999961853027,121300,HSHP,DryBulk,2026-09-22
2024-12-30,4.277806282043457,4.840000152587891,4.840000152587891,4.840000152587891,4.76200008392334,55300,HSHP,DryBulk,2026-09-22
2024-12-31,4.295482158660889,4.860000133514404,4.800000190734863,4.889999866485596,4.751999855041504,72500,HSHP,DryBulk,2026-09-22
2025-01-02,4.481089115142822,5.070000171661377,5.119999885559082,5.25600004196167,5.019999980926514,152300,HSHP,DryBulk,2026-09-22
2025-01-03,4.410382270812988,4.989999771118164,5.099999904632568,5.099999904632568,4.980000019073486,75000,HSHP,DryBulk,2026-09-22
2025-01-06,4.260128974914551,4.820000171661377,4.980000019073486,4.980000019073486,4.789999961853027,134900,HSHP,DryBulk,2026-09-22
2025-01-07,4.32199764251709,4.889999866485596,4.809999942779541,4.940000057220459,4.809999942779541,107600,HSHP,DryBulk,2026-09-22
2025-01-08,4.357351303100586,4.929999828338623,4.889999866485596,4.980000019073486,4.829999923706055,198300,HSHP,DryBulk,2026-09-22
2025-01-10,4.560635566711426,5.159999847412109,5.170000076293945,5.21999979019165,5.11899995803833,155500,HSHP,DryBulk,2026-09-22
2025-01-13,4.428059101104736,5.010000228881836,5.03000020980835,5.070000171661377,4.920000076293945,132200,HSHP,DryBulk,2026-09-22
2025-01-14,4.551796913146973,5.150000095367432,5.099999904632568,5.21999979019165,5.019999980926514,231300,HSHP,DryBulk,2026-09-22
2025-01-15,4.587151050567627,5.190000057220459,5.190000057220459,5.239999771118164,5.039999961853027,174000,HSHP,DryBulk,2026-09-22
2025-01-16,4.419220924377441,5.0,5.039999961853027,5.119999885559082,4.989999771118164,152000,HSHP,DryBulk,2026-09-22
2025-01-17,4.383867263793945,4.960000038146973,4.949999809265137,5.090000152587891,4.900000095367432,129000,HSHP,DryBulk,2026-09-22
2025-01-21,4.344053745269775,4.909999847412109,4.940000057220459,4.980000019073486,4.863999843597412,107500,HSHP,DryBulk,2026-09-22
2025-01-22,4.237885475158691,4.789999961853027,4.880000114440918,4.889999866485596,4.789999961853027,88200,HSHP,DryBulk,2026-09-22
2025-01-23,4.344053745269775,4.909999847412109,4.789999961853027,4.960000038146973,4.789999961853027,84500,HSHP,DryBulk,2026-09-22
2025-01-24,4.211343288421631,4.760000228881836,4.800000190734863,4.800000190734863,4.619999885559082,206900,HSHP,DryBulk,2026-09-22
2025-01-27,3.990159511566162,4.510000228881836,4.480000019073486,4.670000076293945,4.480000019073486,407900,HSHP,DryBulk,2026-09-22
2025-01-28,4.016702175140381,4.539999961853027,4.519999980926514,4.578999996185303,4.5,121400,HSHP,DryBulk,2026-09-22
2025-01-29,4.131717681884766,4.670000076293945,4.519999980926514,4.679999828338623,4.5,69400,HSHP,DryBulk,2026-09-22
2025-01-30,4.193648338317871,4.739999771118164,4.639999866485596,4.760000228881836,4.639999866485596,50400,HSHP,DryBulk,2026-09-22
2025-01-31,4.273274898529053,4.829999923706055,4.75,4.869999885559082,4.695000171661377,181700,HSHP,DryBulk,2026-09-22
2025-02-03,4.096327304840088,4.630000114440918,4.579999923706055,4.699999809265137,4.534999847412109,191300,HSHP,DryBulk,2026-09-22
2025-02-04,4.308663845062256,4.869999885559082,4.710000038146973,4.989999771118164,4.710000038146973,113600,HSHP,DryBulk,2026-09-22
2025-02-05,4.273274898529053,4.829999923706055,4.829999923706055,4.889999866485596,4.769999980926514,76100,HSHP,DryBulk,2026-09-22
2025-02-06,4.220191478729248,4.769999980926514,4.820000171661377,4.869999885559082,4.739999771118164,58100,HSHP,DryBulk,2026-09-22
2025-02-07,4.131717681884766,4.670000076293945,4.75,4.760000228881836,4.659999847412109,76000,HSHP,DryBulk,2026-09-22
2025-02-10,4.246732234954834,4.800000190734863,4.670000076293945,4.809999942779541,4.630000114440918,179700,HSHP,DryBulk,2026-09-22
2025-02-11,4.237885475158691,4.789999961853027,4.789999961853027,4.860000133514404,4.760000228881836,332500,HSHP,DryBulk,2026-09-22
2025-02-12,4.273274898529053,4.829999923706055,4.75,4.849999904632568,4.73799991607666,205200,HSHP,DryBulk,2026-09-22
2025-02-13,4.370595455169678,4.940000057220459,4.869999885559082,4.980000019073486,4.849999904632568,89300,HSHP,DryBulk,2026-09-22
2025-02-14,4.414832592010498,4.989999771118164,4.989999771118164,5.054999828338623,4.949999809265137,87300,HSHP,DryBulk,2026-09-22
2025-02-18,4.627169609069824,5.230000019073486,5.130000114440918,5.300000190734863,5.130000114440918,230500,HSHP,DryBulk,2026-09-22
2025-02-19,4.662558078765869,5.269999980926514,5.300000190734863,5.369999885559082,5.139999866485596,279500,HSHP,DryBulk,2026-09-22
2025-02-20,4.870668411254883,5.5,5.449999809265137,5.679999828338623,5.440000057220459,170400,HSHP,DryBulk,2026-09-22
2025-02-21,4.728977680206299,5.340000152587891,5.599999904632568,5.599999904632568,5.320000171661377,239400,HSHP,DryBulk,2026-09-22
2025-02-24,4.587284564971924,5.179999828338623,5.199999809265137,5.34499979019165,5.110000133514404,278700,HSHP,DryBulk,2026-09-22
2025-02-25,4.799824237823486,5.420000076293945,5.420000076293945,5.590000152587891,5.340000152587891,258100,HSHP,DryBulk,2026-09-22
2025-02-26,5.0300726890563965,5.679999828338623,5.579999923706055,5.75,5.579999923706055,198700,HSHP,DryBulk,2026-09-22
2025-02-27,4.702409267425537,5.309999942779541,5.400000095367432,5.449999809265137,5.28000020980835,198500,HSHP,DryBulk,2026-09-22
2025-02-28,4.826390743255615,5.449999809265137,5.480000019073486,5.539999961853027,5.360000133514404,174200,HSHP,DryBulk,2026-09-22
2025-03-03,4.728977680206299,5.340000152587891,5.550000190734863,5.579999923706055,5.335000038146973,309600,HSHP,DryBulk,2026-09-22
2025-03-04,4.649275302886963,5.25,5.130000114440918,5.309999942779541,5.039999961853027,147800,HSHP,DryBulk,2026-09-22
2025-03-05,4.817534446716309,5.440000057220459,5.670000076293945,5.670000076293945,5.409999847412109,216600,HSHP,DryBulk,2026-09-22
2025-03-06,4.888380527496338,5.519999980926514,5.510000228881836,5.610000133514404,5.460000038146973,189800,HSHP,DryBulk,2026-09-22
2025-03-07,5.003505706787109,5.650000095367432,5.710000038146973,5.75,5.625,202500,HSHP,DryBulk,2026-09-22
2025-03-10,4.7909674644470215,5.409999847412109,5.53000020980835,5.550000190734863,5.340000152587891,225100,HSHP,DryBulk,2026-09-22
2025-03-11,4.879525184631348,5.510000228881836,5.420000076293945,5.525000095367432,5.369999885559082,189400,HSHP,DryBulk,2026-09-22
2025-03-12,5.242611408233643,5.920000076293945,5.880000114440918,5.945000171661377,5.78000020980835,300900,HSHP,DryBulk,2026-09-22
2025-03-13,5.056640148162842,5.710000038146973,5.880000114440918,5.889999866485596,5.699999809265137,137800,HSHP,DryBulk,2026-09-22
2025-03-14,5.092062950134277,5.75,5.71999979019165,5.789999961853027,5.710000038146973,106300,HSHP,DryBulk,2026-09-22
2025-03-17,5.127485752105713,5.789999961853027,5.78000020980835,5.869999885559082,5.769999980926514,97600,HSHP,DryBulk,2026-09-22
2025-03-18,5.052147388458252,5.699999809265137,5.869999885559082,5.869999885559082,5.679999828338623,100200,HSHP,DryBulk,2026-09-22
2025-03-19,5.11419153213501,5.769999980926514,5.71999979019165,5.800000190734863,5.650000095367432,77100,HSHP,DryBulk,2026-09-22
2025-03-20,5.335775852203369,6.019999980926514,5.96999979019165,6.070000171661377,5.909999847412109,232100,HSHP,DryBulk,2026-09-22
2025-03-21,5.264869213104248,5.940000057220459,6.050000190734863,6.050000190734863,5.894000053405762,323600,HSHP,DryBulk,2026-09-22
2025-03-24,5.220552444458008,5.889999866485596,5.860000133514404,5.920000076293945,5.840000152587891,191200,HSHP,DryBulk,2026-09-22
2025-03-25,5.2294158935546875,5.900000095367432,5.820000171661377,5.954999923706055,5.704999923706055,198700,HSHP,DryBulk,2026-09-22
2025-03-26,5.238277912139893,5.909999847412109,5.800000190734863,5.960000038146973,5.763000011444092,145400,HSHP,DryBulk,2026-09-22
2025-03-27,5.2116875648498535,5.880000114440918,5.78000020980835,5.900000095367432,5.699999809265137,119200,HSHP,DryBulk,2026-09-22
2025-03-28,5.176234722137451,5.840000152587891,5.789999961853027,5.880000114440918,5.760000228881836,247000,HSHP,DryBulk,2026-09-22
2025-03-31,4.857151985168457,5.480000019073486,5.730000019073486,5.730000019073486,5.46999979019165,168300,HSHP,DryBulk,2026-09-22
2025-04-01,4.830562114715576,5.449999809265137,5.480000019073486,5.519999980926514,5.400000095367432,104600,HSHP,DryBulk,2026-09-22
2025-04-02,4.919196128845215,5.550000190734863,5.510000228881836,5.570000171661377,5.449999809265137,99300,HSHP,DryBulk,2026-09-22
2025-04-03,4.750791072845459,5.360000133514404,5.360000133514404,5.440000057220459,5.269999980926514,334600,HSHP,DryBulk,2026-09-22
2025-04-04,4.307620048522949,4.860000133514404,4.699999809265137,5.019999980926514,4.554999828338623,575100,HSHP,DryBulk,2026-09-22
2025-04-07,4.298756122589111,4.849999904632568,4.659999847412109,5.046000003814697,4.659999847412109,276900,HSHP,DryBulk,2026-09-22
2025-04-08,3.935357093811035,4.440000057220459,4.909999847412109,4.909999847412109,4.360000133514404,160200,HSHP,DryBulk,2026-09-22
2025-04-09,4.077171325683594,4.599999904632568,4.420000076293945,4.769999980926514,4.289999961853027,598400,HSHP,DryBulk,2026-09-22
2025-04-10,3.953083038330078,4.460000038146973,4.599999904632568,4.644999980926514,4.414999961853027,268100,HSHP,DryBulk,2026-09-22
2025-04-11,4.130352020263672,4.659999847412109,4.5,4.699999809265137,4.5,199400,HSHP,DryBulk,2026-09-22
2025-04-14,4.255513668060303,4.760000228881836,4.760000228881836,4.840000152587891,4.679999828338623,229200,HSHP,DryBulk,2026-09-22
2025-04-15,4.085651397705078,4.570000171661377,4.760000228881836,4.764999866485596,4.570000171661377,102200,HSHP,DryBulk,2026-09-22
2025-04-16,4.040950298309326,4.519999980926514,4.539999961853027,4.570000171661377,4.474999904632568,79300,HSHP,DryBulk,2026-09-22
2025-04-17,4.103531360626221,4.590000152587891,4.519999980926514,4.610000133514404,4.5,43800,HSHP,DryBulk,2026-09-22
2025-04-21,4.023070335388184,4.5,4.519999980926514,4.570000171661377,4.5,78600,HSHP,DryBulk,2026-09-22
2025-04-22,4.058830738067627,4.539999961853027,4.53000020980835,4.579999923706055,4.5,71400,HSHP,DryBulk,2026-09-22
2025-04-23,4.398555755615234,4.920000076293945,4.880000114440918,5.079999923706055,4.829999923706055,210100,HSHP,DryBulk,2026-09-22
2025-04-24,4.56842041015625,5.110000133514404,5.039999961853027,5.119999885559082,4.920000076293945,219400,HSHP,DryBulk,2026-09-22
2025-04-25,4.613119125366211,5.159999847412109,5.179999828338623,5.320000171661377,5.130000114440918,105300,HSHP,DryBulk,2026-09-22
2025-04-28,4.6935811042785645,5.25,5.230000019073486,5.269999980926514,5.099999904632568,79500,HSHP,DryBulk,2026-09-22
2025-04-29,4.738281726837158,5.300000190734863,5.300000190734863,5.369999885559082,5.300000190734863,95200,HSHP,DryBulk,2026-09-22
2025-04-30,4.666760444641113,5.21999979019165,5.199999809265137,5.269999980926514,5.119999885559082,85500,HSHP,DryBulk,2026-09-22
2025-05-01,4.756162166595459,5.320000171661377,5.300000190734863,5.4079999923706055,5.269999980926514,73200,HSHP,DryBulk,2026-09-22
2025-05-02,4.845564842224121,5.420000076293945,5.460000038146973,5.489999771118164,5.380000114440918,41500,HSHP,DryBulk,2026-09-22
2025-05-05,4.872385025024414,5.449999809265137,5.420000076293945,5.489999771118164,5.420000076293945,46500,HSHP,DryBulk,2026-09-22
2025-05-06,4.765102386474609,5.329999923706055,5.360000133514404,5.429999828338623,5.300000190734863,46900,HSHP,DryBulk,2026-09-22
2025-05-07,4.88132381439209,5.460000038146973,5.349999904632568,5.460000038146973,5.349999904632568,145700,HSHP,DryBulk,2026-09-22
2025-05-08,4.827682971954346,5.400000095367432,5.349999904632568,5.460000038146973,5.269999980926514,89300,HSHP,DryBulk,2026-09-22
2025-05-09,4.854504108428955,5.429999828338623,5.369999885559082,5.486000061035156,5.360000133514404,93000,HSHP,DryBulk,2026-09-22
2025-05-12,5.12270975112915,5.730000019073486,5.650000095367432,5.75,5.650000095367432,115800,HSHP,DryBulk,2026-09-22
2025-05-13,5.0511884689331055,5.650000095367432,5.670000076293945,5.710000038146973,5.605999946594238,73500,HSHP,DryBulk,2026-09-22
2025-05-14,5.149529457092285,5.760000228881836,5.71999979019165,5.820000171661377,5.699999809265137,69100,HSHP,DryBulk,2026-09-22
2025-05-15,5.203169822692871,5.820000171661377,5.739999771118164,5.849999904632568,5.639999866485596,48300,HSHP,DryBulk,2026-09-22
2025-05-16,5.158470153808594,5.769999980926514,5.869999885559082,5.889999866485596,5.730000019073486,80200,HSHP,DryBulk,2026-09-22
2025-05-19,5.010315418243408,5.579999923706055,5.590000152587891,5.630000114440918,5.510000228881836,72700,HSHP,DryBulk,2026-09-22
2025-05-20,5.171938419342041,5.760000228881836,5.639999866485596,5.800000190734863,5.639999866485596,50800,HSHP,DryBulk,2026-09-22
2025-05-21,4.992356777191162,5.559999942779541,5.650000095367432,5.71999979019165,5.550000190734863,66800,HSHP,DryBulk,2026-09-22
2025-05-22,5.019294738769531,5.590000152587891,5.639999866485596,5.679999828338623,5.570000171661377,55200,HSHP,DryBulk,2026-09-22
2025-05-23,5.019294738769531,5.590000152587891,5.460000038146973,5.599999904632568,5.460000038146973,51400,HSHP,DryBulk,2026-09-22
2025-05-27,5.1270432472229,5.710000038146973,5.579999923706055,5.739999771118164,5.539999961853027,108600,HSHP,DryBulk,2026-09-22
2025-05-28,5.180917739868164,5.769999980926514,5.699999809265137,5.820000171661377,5.679999828338623,55800,HSHP,DryBulk,2026-09-22
2025-05-29,5.270707607269287,5.869999885559082,5.869999885559082,5.940000057220459,5.829999923706055,77200,HSHP,DryBulk,2026-09-22
2025-05-30,5.36947774887085,5.980000019073486,5.920000076293945,6.119999885559082,5.909999847412109,106800,HSHP,DryBulk,2026-09-22
2025-06-02,5.459268093109131,6.079999923706055,5.960000038146973,6.099999904632568,5.960000038146973,110800,HSHP,DryBulk,2026-09-22
2025-06-03,5.36947774887085,5.980000019073486,5.989999771118164,6.03000020980835,5.900000095367432,81100,HSHP,DryBulk,2026-09-22
2025-06-04,5.486205101013184,6.110000133514404,6.119999885559082,6.300000190734863,6.090000152587891,147800,HSHP,DryBulk,2026-09-22
2025-06-05,5.558037281036377,6.190000057220459,6.21999979019165,6.324999809265137,6.150000095367432,260300,HSHP,DryBulk,2026-09-22
2025-06-06,5.620891094207764,6.260000228881836,6.289999961853027,6.300000190734863,6.179999828338623,320000,HSHP,DryBulk,2026-09-22
2025-06-09,5.683744430541992,6.329999923706055,6.360000133514404,6.380000114440918,6.300000190734863,91800,HSHP,DryBulk,2026-09-22
2025-06-10,5.629870414733887,6.269999980926514,6.269999980926514,6.369999885559082,6.230000019073486,134800,HSHP,DryBulk,2026-09-22
2025-06-11,5.845368385314941,6.510000228881836,6.440000057220459,6.590000152587891,6.400000095367432,102800,HSHP,DryBulk,2026-09-22
2025-06-12,5.899242401123047,6.570000171661377,6.539999961853027,6.619999885559082,6.525000095367432,75100,HSHP,DryBulk,2026-09-22
2025-06-13,5.9441375732421875,6.619999885559082,6.610000133514404,6.650000095367432,6.534999847412109,76100,HSHP,DryBulk,2026-09-22
2025-06-16,5.890263080596924,6.559999942779541,6.610000133514404,6.659999847412109,6.539999961853027,121300,HSHP,DryBulk,2026-09-22
2025-06-17,5.845161437988281,6.480000019073486,6.480000019073486,6.53000020980835,6.434999942779541,76000,HSHP,DryBulk,2026-09-22
2025-06-18,5.989485740661621,6.639999866485596,6.309999942779541,6.690000057220459,6.284999847412109,429500,HSHP,DryBulk,2026-09-22
2025-06-20,5.646714687347412,6.260000228881836,6.309999942779541,6.480000019073486,6.230000019073486,623600,HSHP,DryBulk,2026-09-22
2025-06-23,5.574552059173584,6.179999828338623,6.090000152587891,6.210000038146973,6.039999961853027,183800,HSHP,DryBulk,2026-09-22
2025-06-24,5.547491550445557,6.150000095367432,6.059999942779541,6.260000228881836,6.050000190734863,140800,HSHP,DryBulk,2026-09-22
2025-06-25,5.556510925292969,6.159999847412109,6.179999828338623,6.230000019073486,6.130000114440918,81400,HSHP,DryBulk,2026-09-22
2025-06-26,5.403165817260742,5.989999771118164,6.130000114440918,6.139999866485596,5.954999923706055,119800,HSHP,DryBulk,2026-09-22
2025-06-27,5.403165817260742,5.989999771118164,5.980000019073486,6.119999885559082,5.940000057220459,842100,HSHP,DryBulk,2026-09-22
2025-06-30,5.204719543457031,5.769999980926514,5.900000095367432,5.900000095367432,5.769999980926514,211000,HSHP,DryBulk,2026-09-22
2025-07-01,5.21373987197876,5.78000020980835,5.789999961853027,5.900000095367432,5.755000114440918,105000,HSHP,DryBulk,2026-09-22
2025-07-02,5.385125160217285,5.96999979019165,5.860000133514404,6.019999980926514,5.860000133514404,101400,HSHP,DryBulk,2026-09-22
2025-07-03,5.556510925292969,6.159999847412109,6.099999904632568,6.190000057220459,6.099999904632568,59900,HSHP,DryBulk,2026-09-22
2025-07-07,5.7098565101623535,6.329999923706055,6.269999980926514,6.400000095367432,6.269999980926514,163300,HSHP,DryBulk,2026-09-22
2025-07-08,5.727898120880127,6.349999904632568,6.300000190734863,6.440000057220459,6.28000020980835,92400,HSHP,DryBulk,2026-09-22
2025-07-09,5.700837135314941,6.320000171661377,6.28000020980835,6.360000133514404,6.235000133514404,72600,HSHP,DryBulk,2026-09-22
2025-07-10,5.980466842651367,6.630000114440918,6.329999923706055,6.699999809265137,6.329999923706055,161900,HSHP,DryBulk,2026-09-22
2025-07-11,6.11577033996582,6.78000020980835,6.650000095367432,6.78000020980835,6.650000095367432,143000,HSHP,DryBulk,2026-09-22
2025-07-14,6.070669174194336,6.730000019073486,6.739999771118164,6.769999980926514,6.635000228881836,36500,HSHP,DryBulk,2026-09-22
2025-07-15,5.872222900390625,6.510000228881836,6.710000038146973,6.710000038146973,6.5,71700,HSHP,DryBulk,2026-09-22
2025-07-16,6.025567054748535,6.679999828338623,6.559999942779541,6.710000038146973,6.46999979019165,125600,HSHP,DryBulk,2026-09-22
2025-07-17,6.242055416107178,6.920000076293945,6.820000171661377,7.063000202178955,6.809999942779541,248000,HSHP,DryBulk,2026-09-22
2025-07-18,6.16936731338501,6.789999961853027,6.949999809265137,6.949999809265137,6.784999847412109,129300,HSHP,DryBulk,2026-09-22
2025-07-21,6.223883152008057,6.849999904632568,6.75,6.929999828338623,6.673999786376953,187200,HSHP,DryBulk,2026-09-22
2025-07-22,6.569149971008301,7.230000019073486,6.909999847412109,7.230000019073486,6.909999847412109,144500,HSHP,DryBulk,2026-09-22
2025-07-23,6.56006383895874,7.21999979019165,7.090000152587891,7.224999904632568,7.050000190734863,219900,HSHP,DryBulk,2026-09-22
2025-07-24,6.623666286468506,7.289999961853027,7.150000095367432,7.389999866485596,7.130000114440918,167900,HSHP,DryBulk,2026-09-22
2025-07-25,6.514634132385254,7.170000076293945,7.070000171661377,7.179999828338623,6.989999771118164,164100,HSHP,DryBulk,2026-09-22
2025-07-28,6.378344535827637,7.019999980926514,7.079999923706055,7.144999980926514,7.0,149800,HSHP,DryBulk,2026-09-22
2025-07-29,6.205711364746094,6.829999923706055,6.909999847412109,6.949999809265137,6.760000228881836,121900,HSHP,DryBulk,2026-09-22
2025-07-30,6.160281658172607,6.78000020980835,6.889999866485596,6.914999961853027,6.71999979019165,79200,HSHP,DryBulk,2026-09-22
2025-07-31,6.196625709533691,6.820000171661377,6.789999961853027,6.9019999504089355,6.760000228881836,117600,HSHP,DryBulk,2026-09-22
2025-08-01,6.160281658172607,6.78000020980835,6.920000076293945,6.949999809265137,6.679999828338623,92100,HSHP,DryBulk,2026-09-22
2025-08-04,6.260227203369141,6.889999866485596,6.860000133514404,6.949999809265137,6.860000133514404,67400,HSHP,DryBulk,2026-09-22
2025-08-05,6.451032638549805,7.099999904632568,7.099999904632568,7.099999904632568,6.96999979019165,240200,HSHP,DryBulk,2026-09-22
2025-08-06,6.569149971008301,7.230000019073486,7.190000057220459,7.329999923706055,7.179999828338623,95300,HSHP,DryBulk,2026-09-22
2025-08-07,6.578235626220703,7.239999771118164,7.28000020980835,7.28000020980835,7.130000114440918,85500,HSHP,DryBulk,2026-09-22
2025-08-08,6.514634132385254,7.170000076293945,7.300000190734863,7.409999847412109,7.159999847412109,51100,HSHP,DryBulk,2026-09-22
2025-08-11,6.532805919647217,7.190000057220459,7.260000228881836,7.320000171661377,7.170000076293945,95300,HSHP,DryBulk,2026-09-22
2025-08-12,6.732697486877441,7.409999847412109,7.320000171661377,7.460000038146973,7.309999942779541,170100,HSHP,DryBulk,2026-09-22
2025-08-13,6.868986129760742,7.559999942779541,7.440000057220459,7.614999771118164,7.369999885559082,128000,HSHP,DryBulk,2026-09-22
2025-08-14,6.732697486877441,7.409999847412109,7.510000228881836,7.519999980926514,7.385000228881836,95300,HSHP,DryBulk,2026-09-22
2025-08-15,6.696353435516357,7.369999885559082,7.400000095367432,7.440000057220459,7.320000171661377,53500,HSHP,DryBulk,2026-09-22
2025-08-18,6.796298503875732,7.480000019073486,7.360000133514404,7.505000114440918,7.340000152587891,41400,HSHP,DryBulk,2026-09-22
2025-08-19,6.532805919647217,7.190000057220459,7.400000095367432,7.400000095367432,7.119999885559082,56100,HSHP,DryBulk,2026-09-22
2025-08-20,6.696353435516357,7.369999885559082,7.320000171661377,7.389999866485596,7.320000171661377,49600,HSHP,DryBulk,2026-09-22
2025-08-21,6.823556423187256,7.510000228881836,7.389999866485596,7.519999980926514,7.389999866485596,22900,HSHP,DryBulk,2026-09-22
2025-08-22,7.08704948425293,7.800000190734863,7.579999923706055,7.829999923706055,7.539999961853027,144000,HSHP,DryBulk,2026-09-22
2025-08-25,6.978017807006836,7.679999828338623,7.699999809265137,7.739999771118164,7.650000095367432,167600,HSHP,DryBulk,2026-09-22
2025-08-26,7.005275726318359,7.710000038146973,7.75,7.75,7.679999828338623,142600,HSHP,DryBulk,2026-09-22
2025-08-27,6.923501491546631,7.619999885559082,7.599999904632568,7.639999866485596,7.570000171661377,121200,HSHP,DryBulk,2026-09-22
2025-08-28,6.94167423248291,7.639999866485596,7.699999809265137,7.710000038146973,7.607999801635742,135300,HSHP,DryBulk,2026-09-22
2025-08-29,6.878072738647461,7.570000171661377,7.630000114440918,7.639999866485596,7.550000190734863,90600,HSHP,DryBulk,2026-09-22
2025-09-02,6.8144707679748535,7.5,7.519999980926514,7.579999923706055,7.489999771118164,87100,HSHP,DryBulk,2026-09-22
2025-09-03,7.09613561630249,7.809999942779541,7.690000057220459,7.809999942779541,7.590000152587891,184900,HSHP,DryBulk,2026-09-22
2025-09-04,7.196081161499023,7.920000076293945,7.840000152587891,7.96999979019165,7.840000152587891,73500,HSHP,DryBulk,2026-09-22
2025-09-05,7.305112361907959,8.039999961853027,7.949999809265137,8.039999961853027,7.900000095367432,79100,HSHP,DryBulk,2026-09-22
2025-09-08,7.4959187507629395,8.25,8.180000305175781,8.300000190734863,8.170000076293945,141600,HSHP,DryBulk,2026-09-22
2025-09-09,7.505003929138184,8.260000228881836,8.4399995803833,8.4399995803833,8.199999809265137,149300,HSHP,DryBulk,2026-09-22
2025-09-10,7.523176193237305,8.279999732971191,8.319999694824219,8.42199993133545,8.25,116400,HSHP,DryBulk,2026-09-22
2025-09-11,7.4868316650390625,8.239999771118164,8.25,8.289999961853027,8.079999923706055,153400,HSHP,DryBulk,2026-09-22
2025-09-12,7.723067283630371,8.5,8.5,8.569999694824219,8.449999809265137,204500,HSHP,DryBulk,2026-09-22
2025-09-15,7.823012828826904,8.609999656677246,8.550000190734863,8.65999984741211,8.529999732971191,164600,HSHP,DryBulk,2026-09-22
2025-09-16,7.932044982910156,8.729999542236328,8.869999885559082,8.869999885559082,8.65999984741211,224700,HSHP,DryBulk,2026-09-22
2025-09-17,7.913871765136719,8.710000038146973,8.819999694824219,8.859999656677246,8.6899995803833,330200,HSHP,DryBulk,2026-09-22
2025-09-18,7.95930290222168,8.760000228881836,8.84000015258789,8.854999542236328,8.699999809265137,196900,HSHP,DryBulk,2026-09-22
2025-09-19,7.941129684448242,8.739999771118164,8.84000015258789,8.869999885559082,8.6899995803833,475800,HSHP,DryBulk,2026-09-22
2025-09-22,7.913871765136719,8.710000038146973,8.739999771118164,8.739999771118164,8.579999923706055,174500,HSHP,DryBulk,2026-09-22
2025-09-23,7.968388080596924,8.770000457763672,8.850000381469727,8.949999809265137,8.739999771118164,507800,HSHP,DryBulk,2026-09-22
2025-09-24,7.859355926513672,8.649999618530273,8.770000457763672,8.800000190734863,8.630000114440918,117500,HSHP,DryBulk,2026-09-22
2025-09-25,7.8139262199401855,8.600000381469727,8.569999694824219,8.619999885559082,8.420000076293945,114600,HSHP,DryBulk,2026-09-22
2025-09-26,7.950214862823486,8.75,8.800000190734863,8.869999885559082,8.710000038146973,206900,HSHP,DryBulk,2026-09-22
2025-09-29,7.650379657745361,8.420000076293945,8.65999984741211,8.65999984741211,8.3100004196167,169100,HSHP,DryBulk,2026-09-22
2025-09-30,7.477745056152344,8.229999542236328,8.319999694824219,8.34000015258789,8.180000305175781,138500,HSHP,DryBulk,2026-09-22
2025-10-01,7.532260894775391,8.289999961853027,8.170000076293945,8.34000015258789,8.119999885559082,125200,HSHP,DryBulk,2026-09-22
2025-10-02,7.514090538024902,8.270000457763672,8.350000381469727,8.390000343322754,8.239999771118164,61600,HSHP,DryBulk,2026-09-22
2025-10-03,7.450488090515137,8.199999809265137,8.279999732971191,8.300000190734863,8.13700008392334,163300,HSHP,DryBulk,2026-09-22
2025-10-06,7.450488090515137,8.199999809265137,8.199999809265137,8.260000228881836,8.15999984741211,79600,HSHP,DryBulk,2026-09-22
2025-10-07,7.277855396270752,8.010000228881836,8.100000381469727,8.100000381469727,7.929999828338623,85400,HSHP,DryBulk,2026-09-22
2025-10-08,7.205166816711426,7.929999828338623,7.96999979019165,8.0,7.869999885559082,69600,HSHP,DryBulk,2026-09-22
2025-10-09,7.114306926727295,7.829999923706055,7.909999847412109,7.929999828338623,7.820000171661377,38900,HSHP,DryBulk,2026-09-22
2025-10-10,7.186995506286621,7.909999847412109,7.989999771118164,8.180000305175781,7.840000152587891,186500,HSHP,DryBulk,2026-09-22
2025-10-13,7.604950428009033,8.369999885559082,8.300000190734863,8.430000305175781,8.265000343322754,261000,HSHP,DryBulk,2026-09-22
2025-10-14,7.250596523284912,7.980000019073486,8.039999961853027,8.045000076293945,7.809999942779541,193100,HSHP,DryBulk,2026-09-22
2025-10-15,7.450488090515137,8.199999809265137,8.109999656677246,8.210000038146973,8.079999923706055,97600,HSHP,DryBulk,2026-09-22
2025-10-16,7.350543022155762,8.09000015258789,8.1899995803833,8.229999542236328,8.079999923706055,161900,HSHP,DryBulk,2026-09-22
2025-10-17,7.377799987792969,8.119999885559082,8.119999885559082,8.210000038146973,8.100000381469727,78700,HSHP,DryBulk,2026-09-22
2025-10-20,7.286941051483154,8.020000457763672,8.100000381469727,8.1899995803833,7.980000019073486,152700,HSHP,DryBulk,2026-09-22
2025-10-21,7.186995506286621,7.909999847412109,8.0,8.050000190734863,7.88100004196167,91200,HSHP,DryBulk,2026-09-22
2025-10-22,7.277855396270752,8.010000228881836,7.900000095367432,8.010000228881836,7.818999767303467,69000,HSHP,DryBulk,2026-09-22
2025-10-23,7.32328462600708,8.0600004196167,8.050000190734863,8.109999656677246,8.010000228881836,55900,HSHP,DryBulk,2026-09-22
2025-10-24,7.24151086807251,7.96999979019165,8.050000190734863,8.100000381469727,7.889999866485596,74400,HSHP,DryBulk,2026-09-22
2025-10-27,7.177908897399902,7.900000095367432,8.0,8.039999961853027,7.880000114440918,124400,HSHP,DryBulk,2026-09-22
2025-10-28,7.350543022155762,8.09000015258789,7.949999809265137,8.109999656677246,7.949999809265137,57200,HSHP,DryBulk,2026-09-22
2025-10-29,7.014361381530762,7.71999979019165,7.889999866485596,7.936999797821045,7.695000171661377,284300,HSHP,DryBulk,2026-09-22
2025-10-30,6.996189594268799,7.699999809265137,7.75,7.769999980926514,7.670000076293945,67200,HSHP,DryBulk,2026-09-22
2025-10-31,7.123394012451172,7.840000152587891,7.71999979019165,7.840000152587891,7.679999828338623,94800,HSHP,DryBulk,2026-09-22
2025-11-03,6.85990047454834,7.550000190734863,7.650000095367432,7.65500020980835,7.519999980926514,205500,HSHP,DryBulk,2026-09-22
2025-11-04,6.7417826652526855,7.420000076293945,7.449999809265137,7.639999866485596,7.369999885559082,309000,HSHP,DryBulk,2026-09-22
2025-11-05,6.932588577270508,7.630000114440918,7.510000228881836,7.650000095367432,7.480000019073486,90900,HSHP,DryBulk,2026-09-22
2025-11-06,6.978017807006836,7.679999828338623,7.739999771118164,7.849999904632568,7.639999866485596,109800,HSHP,DryBulk,2026-09-22
2025-11-07,7.014361381530762,7.71999979019165,7.75,7.809999942779541,7.690000057220459,119200,HSHP,DryBulk,2026-09-22
2025-11-10,7.186995506286621,7.909999847412109,7.829999923706055,7.929999828338623,7.823999881744385,85400,HSHP,DryBulk,2026-09-22
2025-11-11,7.214252948760986,7.940000057220459,7.980000019073486,8.029999732971191,7.869999885559082,55900,HSHP,DryBulk,2026-09-22
2025-11-12,7.4868316650390625,8.239999771118164,7.949999809265137,8.255000114440918,7.949999809265137,160500,HSHP,DryBulk,2026-09-22
2025-11-13,7.468660354614258,8.220000267028809,8.260000228881836,8.369999885559082,8.199999809265137,128000,HSHP,DryBulk,2026-09-22
2025-11-14,7.377799987792969,8.119999885559082,8.119999885559082,8.170000076293945,7.954999923706055,206000,HSHP,DryBulk,2026-09-22
2025-11-17,7.432316303253174,8.180000305175781,8.119999885559082,8.3100004196167,8.119999885559082,74500,HSHP,DryBulk,2026-09-22
2025-11-18,7.4868316650390625,8.239999771118164,8.239999771118164,8.3100004196167,8.170000076293945,87100,HSHP,DryBulk,2026-09-22
2025-11-19,7.441402435302734,8.1899995803833,8.229999542236328,8.279999732971191,8.149999618530273,160500,HSHP,DryBulk,2026-09-22
2025-11-20,7.4868316650390625,8.239999771118164,8.319999694824219,8.420000076293945,8.229999542236328,86000,HSHP,DryBulk,2026-09-22
2025-11-21,7.723067283630371,8.5,8.229999542236328,8.5,8.229999542236328,111000,HSHP,DryBulk,2026-09-22
2025-11-24,7.823012828826904,8.609999656677246,8.510000228881836,8.619999885559082,8.460000038146973,113500,HSHP,DryBulk,2026-09-22
2025-11-25,7.932044982910156,8.729999542236328,8.680000305175781,8.770000457763672,8.640000343322754,109000,HSHP,DryBulk,2026-09-22
2025-11-26,8.204623222351074,9.029999732971191,8.770000457763672,9.039999961853027,8.770000457763672,198000,HSHP,DryBulk,2026-09-22
2025-11-28,8.168279647827148,8.989999771118164,9.09000015258789,9.220000267028809,8.979999542236328,191700,HSHP,DryBulk,2026-09-22
2025-12-01,8.40451431274414,9.25,9.199999809265137,9.350000381469727,9.170000076293945,235800,HSHP,DryBulk,2026-09-22
2025-12-02,8.513545989990234,9.369999885559082,9.350000381469727,9.420000076293945,9.149999618530273,169100,HSHP,DryBulk,2026-09-22
2025-12-03,9.12230396270752,10.039999961853027,9.670000076293945,10.140000343322754,9.670000076293945,488300,HSHP,DryBulk,2026-09-22
2025-12-04,8.677092552185059,9.550000190734863,9.899999618530273,10.0,9.510000228881836,395000,HSHP,DryBulk,2026-09-22
2025-12-05,8.558975219726562,9.420000076293945,9.4399995803833,9.510000228881836,9.359999656677246,165400,HSHP,DryBulk,2026-09-22
2025-12-08,8.622578620910645,9.489999771118164,9.600000381469727,9.720000267028809,9.479999542236328,113600,HSHP,DryBulk,2026-09-22
2025-12-09,8.540803909301758,9.399999618530273,9.350000381469727,9.579999923706055,9.350000381469727,207100,HSHP,DryBulk,2026-09-22
2025-12-10,8.32274055480957,9.15999984741211,9.350000381469727,9.350000381469727,9.069999694824219,171400,HSHP,DryBulk,2026-09-22
2025-12-11,8.27730941772461,9.109999656677246,9.220000267028809,9.270000457763672,9.079999923706055,107000,HSHP,DryBulk,2026-09-22
2025-12-12,8.231882095336914,9.0600004196167,9.15999984741211,9.199999809265137,9.055000305175781,173200,HSHP,DryBulk,2026-09-22
2025-12-15,8.131935119628906,8.949999809265137,8.949999809265137,9.0,8.789999961853027,209900,HSHP,DryBulk,2026-09-22
2025-12-16,8.231882095336914,9.0600004196167,9.039999961853027,9.154999732971191,9.029999732971191,117800,HSHP,DryBulk,2026-09-22
2025-12-17,8.01381778717041,8.819999694824219,8.979999542236328,8.979999542236328,8.720000267028809,114300,HSHP,DryBulk,2026-09-22
2025-12-18,8.031989097595215,8.84000015258789,8.880000114440918,8.907999992370605,8.78499984741211,100300,HSHP,DryBulk,2026-09-22
2025-12-19,8.022904396057129,8.829999923706055,8.779999732971191,8.920000076293945,8.779999732971191,342600,HSHP,DryBulk,2026-09-22
2025-12-22,8.022904396057129,8.829999923706055,8.770000457763672,8.869999885559082,8.630000114440918,72000,HSHP,DryBulk,2026-09-22
2025-12-23,8.031989097595215,8.84000015258789,8.84000015258789,8.890000343322754,8.739999771118164,37400,HSHP,DryBulk,2026-09-22
2025-12-24,8.01381778717041,8.819999694824219,8.789999961853027,8.890000343322754,8.789999961853027,29600,HSHP,DryBulk,2026-09-22
2025-12-26,8.141020774841309,8.960000038146973,8.779999732971191,8.989999771118164,8.779999732971191,50900,HSHP,DryBulk,2026-09-22
2025-12-29,8.286396980285645,9.119999885559082,8.970000267028809,9.170000076293945,8.970000267028809,74200,HSHP,DryBulk,2026-09-22
2025-12-30,8.204623222351074,9.029999732971191,9.140000343322754,9.210000038146973,9.020000457763672,70800,HSHP,DryBulk,2026-09-22
2025-12-31,8.268224716186523,9.100000381469727,9.029999732971191,9.220000267028809,9.029999732971191,65900,HSHP,DryBulk,2026-09-22
2026-01-02,8.031989097595215,8.84000015258789,8.979999542236328,8.979999542236328,8.711000442504883,102200,HSHP,DryBulk,2026-09-22
2026-01-05,8.21370792388916,9.039999961853027,8.970000267028809,9.289999961853027,8.970000267028809,231000,HSHP,DryBulk,2026-09-22
2026-01-06,8.349996566772461,9.1899995803833,9.050000190734863,9.260000228881836,9.050000190734863,102000,HSHP,DryBulk,2026-09-22
2026-01-07,8.486288070678711,9.34000015258789,9.199999809265137,9.364999771118164,9.109999656677246,101900,HSHP,DryBulk,2026-09-22
2026-01-08,8.64074993133545,9.510000228881836,9.34000015258789,9.550000190734863,9.319999694824219,92300,HSHP,DryBulk,2026-09-22
2026-01-09,8.395427703857422,9.239999771118164,9.369999885559082,9.369999885559082,9.149999618530273,108300,HSHP,DryBulk,2026-09-22
2026-01-12,7.95930290222168,8.760000228881836,8.829999923706055,8.829999923706055,8.619999885559082,215300,HSHP,DryBulk,2026-09-22
2026-01-13,8.095590591430664,8.90999984741211,8.800000190734863,8.970000267028809,8.800000190734863,168800,HSHP,DryBulk,2026-09-22
2026-01-14,8.177366256713867,9.0,8.930000305175781,9.069999694824219,8.930000305175781,188800,HSHP,DryBulk,2026-09-22
2026-01-15,8.204623222351074,9.029999732971191,8.84000015258789,9.03499984741211,8.760000228881836,414800,HSHP,DryBulk,2026-09-22
2026-01-16,8.168279647827148,8.989999771118164,9.149999618530273,9.229999542236328,8.970000267028809,189800,HSHP,DryBulk,2026-09-22
2026-01-20,8.546269416809082,9.270000457763672,9.109999656677246,9.324999809265137,9.095000267028809,376000,HSHP,DryBulk,2026-09-22
2026-01-21,8.75831413269043,9.5,9.550000190734863,9.550000190734863,9.239999771118164,366400,HSHP,DryBulk,2026-09-22
2026-01-22,8.592366218566895,9.319999694824219,9.4399995803833,9.489999771118164,9.270000457763672,205600,HSHP,DryBulk,2026-09-22
2026-01-23,8.7306547164917,9.470000267028809,9.529999732971191,9.59000015258789,9.380000114440918,366100,HSHP,DryBulk,2026-09-22
2026-01-26,8.7306547164917,9.470000267028809,9.699999809265137,9.744000434875488,9.079999923706055,588100,HSHP,DryBulk,2026-09-22
2026-01-27,9.237714767456055,10.020000457763672,10.0,10.220000267028809,9.989999771118164,1951500,HSHP,DryBulk,2026-09-22
2026-01-28,9.403661727905273,10.199999809265137,10.199999809265137,10.300000190734863,10.100000381469727,1393000,HSHP,DryBulk,2026-09-22
2026-01-29,9.560389518737793,10.369999885559082,10.399999618530273,10.479999542236328,10.180000305175781,364500,HSHP,DryBulk,2026-09-22
2026-01-30,10.012133598327637,10.859999656677246,10.710000038146973,10.949999809265137,10.649999618530273,422800,HSHP,DryBulk,2026-09-22
2026-02-02,9.864624977111816,10.699999809265137,10.529999732971191,10.800000190734863,10.399999618530273,265600,HSHP,DryBulk,2026-09-22
2026-02-03,9.689459800720215,10.510000228881836,10.529999732971191,10.630000114440918,10.300000190734863,272800,HSHP,DryBulk,2026-09-22
2026-02-04,9.422101020812988,10.220000267028809,10.34000015258789,10.380000114440918,10.100000381469727,454500,HSHP,DryBulk,2026-09-22
2026-02-05,9.403661727905273,10.199999809265137,10.109999656677246,10.350000381469727,10.109999656677246,136100,HSHP,DryBulk,2026-09-22
2026-02-06,9.6618013381958,10.479999542236328,10.270000457763672,10.529999732971191,10.270000457763672,152800,HSHP,DryBulk,2026-09-22
2026-02-09,9.883065223693848,10.720000267028809,10.65999984741211,10.8149995803833,10.5,217000,HSHP,DryBulk,2026-09-22
2026-02-10,10.445439338684082,11.329999923706055,10.960000038146973,11.380000114440918,10.960000038146973,507400,HSHP,DryBulk,2026-09-22
2026-02-11,10.869526863098145,11.789999961853027,11.5,11.8100004196167,11.5,393300,HSHP,DryBulk,2026-09-22
2026-02-12,10.574509620666504,11.470000267028809,11.880000114440918,11.880000114440918,11.380000114440918,279700,HSHP,DryBulk,2026-09-22
2026-02-13,11.081571578979492,12.020000457763672,11.539999961853027,12.0600004196167,11.510000228881836,252600,HSHP,DryBulk,2026-09-22
2026-02-17,11.68082332611084,12.670000076293945,12.0600004196167,12.75,12.0,526400,HSHP,DryBulk,2026-09-22
2026-02-18,12.086470603942871,13.109999656677246,12.640000343322754,13.149999618530273,12.640000343322754,612700,HSHP,DryBulk,2026-09-22
2026-02-19,12.558816909790039,13.5600004196167,13.25,13.918000221252441,13.180000305175781,588700,HSHP,DryBulk,2026-09-22
2026-02-20,13.049686431884766,14.09000015258789,13.649999618530273,14.130000114440918,13.649999618530273,425000,HSHP,DryBulk,2026-09-22
2026-02-23,12.818142890930176,13.84000015258789,13.859999656677246,14.050000190734863,13.390000343322754,651100,HSHP,DryBulk,2026-09-22
2026-02-24,13.234918594360352,14.289999961853027,13.899999618530273,14.300000190734863,13.850000381469727,420800,HSHP,DryBulk,2026-09-22
2026-02-25,13.05894660949707,14.100000381469727,14.119999885559082,14.15999984741211,13.819999694824219,202700,HSHP,DryBulk,2026-09-22
2026-02-26,13.410889625549316,14.479999542236328,14.279999732971191,14.520000457763672,14.15999984741211,293800,HSHP,DryBulk,2026-09-22
2026-02-27,13.623907089233398,14.710000038146973,14.619999885559082,14.949999809265137,14.619999885559082,319300,HSHP,DryBulk,2026-09-22
2026-03-02,13.447936058044434,14.520000457763672,14.649999618530273,14.649999618530273,14.100000381469727,354400,HSHP,DryBulk,2026-09-22
2026-03-03,13.392366409301758,14.460000038146973,14.300000190734863,14.529999732971191,13.960000038146973,376400,HSHP,DryBulk,2026-09-22
2026-03-04,13.586859703063965,14.670000076293945,14.300000190734863,14.6899995803833,14.210000038146973,288400,HSHP,DryBulk,2026-09-22
2026-03-05,12.966328620910645,14.0,14.350000381469727,14.395000457763672,13.8100004196167,303500,HSHP,DryBulk,2026-09-22
2026-03-06,12.308751106262207,13.289999961853027,13.470000267028809,13.539999961853027,13.119999885559082,885300,HSHP,DryBulk,2026-09-22
2026-03-09,12.799619674682617,13.819999694824219,13.09000015258789,13.88599967956543,13.069999694824219,379400,HSHP,DryBulk,2026-09-22
2026-03-10,12.799619674682617,13.819999694824219,13.479999542236328,14.050000190734863,13.40999984741211,356200,HSHP,DryBulk,2026-09-22
2026-03-11,12.49398422241211,13.489999771118164,13.680000305175781,13.680000305175781,13.25,226000,HSHP,DryBulk,2026-09-22
2026-03-12,11.891975402832031,12.84000015258789,13.300000190734863,13.300000190734863,12.829999923706055,499500,HSHP,DryBulk,2026-09-22
2026-03-13,11.549296379089355,12.470000267028809,12.920000076293945,12.925000190734863,12.460000038146973,417000,HSHP,DryBulk,2026-09-22
2026-03-16,11.930858612060547,12.819999694824219,12.729999542236328,12.930000305175781,12.619999885559082,487900,HSHP,DryBulk,2026-09-22
2026-03-17,11.996004104614258,12.890000343322754,12.779999732971191,12.920000076293945,12.6899995803833,306200,HSHP,DryBulk,2026-09-22
2026-03-18,12.182133674621582,13.09000015258789,12.890000343322754,13.354999542236328,12.854999542236328,501500,HSHP,DryBulk,2026-09-22
2026-03-19,12.089067459106445,12.989999771118164,12.680000305175781,13.050000190734863,12.569999694824219,507000,HSHP,DryBulk,2026-09-22
2026-03-20,11.502762794494629,12.359999656677246,13.020000457763672,13.079999923706055,12.270000457763672,457000,HSHP,DryBulk,2026-09-22
2026-03-23,11.865715026855469,12.75,12.40999984741211,12.930000305175781,12.40999984741211,280500,HSHP,DryBulk,2026-09-22
2026-03-24,12.09837532043457,13.0,12.6899995803833,13.050000190734863,12.6899995803833,269100,HSHP,DryBulk,2026-09-22
2026-03-25,11.930858612060547,12.819999694824219,13.149999618530273,13.149999618530273,12.779999732971191,122100,HSHP,DryBulk,2026-09-22
2026-03-26,11.893633842468262,12.779999732971191,12.800000190734863,13.079999923706055,12.770000457763672,197600,HSHP,DryBulk,2026-09-22
2026-03-27,11.651665687561035,12.520000457763672,12.699999809265137,12.739999771118164,12.470000267028809,215300,HSHP,DryBulk,2026-09-22
2026-03-30,11.688891410827637,12.5600004196167,12.649999618530273,12.75,12.359999656677246,186000,HSHP,DryBulk,2026-09-22
2026-03-31,12.377568244934082,13.300000190734863,12.739999771118164,13.319999694824219,12.739999771118164,285600,HSHP,DryBulk,2026-09-22
2026-04-01,12.666067123413086,13.609999656677246,13.380000114440918,13.729999542236328,13.3100004196167,351500,HSHP,DryBulk,2026-09-22
2026-04-02,13.084857940673828,14.0600004196167,13.449999809265137,14.0600004196167,13.4399995803833,236800,HSHP,DryBulk,2026-09-22
2026-04-06,13.09416389465332,14.069999694824219,14.0600004196167,14.109999656677246,13.84000015258789,104700,HSHP,DryBulk,2026-09-22
2026-04-07,12.684680938720703,13.630000114440918,13.899999618530273,13.899999618530273,13.34000015258789,431700,HSHP,DryBulk,2026-09-22
2026-04-08,13.112777709960938,14.09000015258789,13.739999771118164,14.09000015258789,13.630000114440918,189800,HSHP,DryBulk,2026-09-22
2026-04-09,12.703293800354004,13.649999618530273,13.989999771118164,14.109999656677246,13.539999961853027,170700,HSHP,DryBulk,2026-09-22
2026-04-10,12.554389953613281,13.489999771118164,13.550000190734863,13.550000190734863,13.300000190734863,144800,HSHP,DryBulk,2026-09-22
2026-04-13,12.787050247192383,13.739999771118164,13.430000305175781,13.975000381469727,13.40999984741211,223700,HSHP,DryBulk,2026-09-22
2026-04-14,12.814971923828125,13.770000457763672,13.84000015258789,14.029999732971191,13.75,194600,HSHP,DryBulk,2026-09-22
2026-04-15,12.935955047607422,13.899999618530273,14.210000038146973,14.348999977111816,13.84000015258789,206100,HSHP,DryBulk,2026-09-22
2026-04-16,12.8242769241333,13.779999732971191,13.789999961853027,13.890000343322754,13.6899995803833,127700,HSHP,DryBulk,2026-09-22
2026-04-17,13.310328483581543,14.239999771118164,14.210000038146973,14.239999771118164,13.930000305175781,169700,HSHP,DryBulk,2026-09-22
2026-04-20,13.31967544555664,14.25,14.229999542236328,14.850000381469727,14.010000228881836,817300,HSHP,DryBulk,2026-09-22
2026-04-21,12.805583000183105,13.699999809265137,14.359999656677246,14.5600004196167,13.642000198364258,490400,HSHP,DryBulk,2026-09-22
2026-04-22,12.571904182434082,13.449999809265137,13.800000190734863,13.869999885559082,13.119999885559082,600300,HSHP,DryBulk,2026-09-22
2026-04-23,12.497126579284668,13.369999885559082,13.489999771118164,13.539999961853027,13.300000190734863,198500,HSHP,DryBulk,2026-09-22
2026-04-24,12.590598106384277,13.470000267028809,13.199999809265137,13.479999542236328,13.182999610900879,149300,HSHP,DryBulk,2026-09-22
2026-04-27,12.721458435058594,13.609999656677246,13.399999618530273,13.609999656677246,13.260000228881836,149100,HSHP,DryBulk,2026-09-22
2026-04-28,12.973831176757812,13.880000114440918,13.699999809265137,13.9399995803833,13.635000228881836,135500,HSHP,DryBulk,2026-09-22
2026-04-29,12.8242769241333,13.720000267028809,13.819999694824219,13.890000343322754,13.640000343322754,141900,HSHP,DryBulk,2026-09-22
2026-04-30,12.74950122833252,13.640000343322754,13.729999542236328,13.864999771118164,13.517999649047852,135300,HSHP,DryBulk,2026-09-22
2026-05-01,12.9551362991333,13.859999656677246,13.760000228881836,13.920000076293945,13.600000381469727,229800,HSHP,DryBulk,2026-09-22
2026-05-04,13.244898796081543,14.170000076293945,14.100000381469727,14.289999961853027,14.020000457763672,226600,HSHP,DryBulk,2026-09-22
2026-05-05,14.413290023803711,15.420000076293945,14.850000381469727,15.59000015258789,14.835000038146973,996000,HSHP,DryBulk,2026-09-22
2026-05-06,13.973976135253906,14.949999809265137,15.029999732971191,15.279999732971191,14.729999542236328,474500,HSHP,DryBulk,2026-09-22
2026-05-07,14.759134292602539,15.789999961853027,15.520000457763672,15.84000015258789,15.329999923706055,484300,HSHP,DryBulk,2026-09-22
2026-05-08,15.179756164550781,16.239999771118164,15.930000305175781,16.354999542236328,15.899999618530273,371700,HSHP,DryBulk,2026-09-22
2026-05-11,14.889995574951172,15.930000305175781,16.270000457763672,16.308000564575195,15.8100004196167,243600,HSHP,DryBulk,2026-09-22
2026-05-12,15.09563159942627,16.149999618530273,16.049999237060547,16.219999313354492,15.850000381469727,428900,HSHP,DryBulk,2026-09-22
2026-05-13,14.918036460876465,15.960000038146973,16.5,16.690000534057617,15.75,296600,HSHP,DryBulk,2026-09-22
2026-05-14,15.133021354675293,16.190000534057617,16.15999984741211,16.3799991607666,15.8100004196167,143800,HSHP,DryBulk,2026-09-22
2026-05-15,14.703051567077637,15.729999542236328,15.489999771118164,15.779999732971191,15.430000305175781,387600,HSHP,DryBulk,2026-09-22
2026-05-18,14.570931434631348,15.4399995803833,15.390000343322754,15.470000267028809,15.229999542236328,210000,HSHP,DryBulk,2026-09-22
2026-05-19,13.778214454650879,14.600000381469727,15.010000228881836,15.050000190734863,14.5,389400,HSHP,DryBulk,2026-09-22
2026-05-20,14.410501480102539,15.270000457763672,14.829999923706055,15.600000381469727,14.829999923706055,326300,HSHP,DryBulk,2026-09-22
2026-05-21,14.268943786621094,15.119999885559082,15.90999984741211,16.020000457763672,15.119999885559082,362200,HSHP,DryBulk,2026-09-22
2026-05-22,13.400727272033691,14.199999809265137,14.229999542236328,14.350000381469727,13.994999885559082,744500,HSHP,DryBulk,2026-09-22
2026-05-26,14.07076358795166,14.90999984741211,14.390000343322754,14.90999984741211,14.35200023651123,557500,HSHP,DryBulk,2026-09-22
2026-05-27,13.96695613861084,14.800000190734863,15.010000228881836,15.010000228881836,14.5,291700,HSHP,DryBulk,2026-09-22
2026-05-28,13.806524276733398,14.630000114440918,15.020000457763672,15.09000015258789,14.579999923706055,279600,HSHP,DryBulk,2026-09-22
2026-05-29,13.919770240783691,14.75,14.699999809265137,14.789999961853027,14.550000190734863,256400,HSHP,DryBulk,2026-09-22
2026-06-01,14.19344711303711,15.039999961853027,14.779999732971191,15.039999961853027,14.6850004196167,200300,HSHP,DryBulk,2026-09-22
2026-06-02,13.825398445129395,14.649999618530273,14.819999694824219,14.880000114440918,14.451000213623047,215700,HSHP,DryBulk,2026-09-22
2026-06-03,13.561159133911133,14.369999885559082,14.170000076293945,14.600000381469727,14.140000343322754,252300,HSHP,DryBulk,2026-09-22
2026-06-04,13.561159133911133,14.369999885559082,14.470000267028809,14.470000267028809,14.229999542236328,223000,HSHP,DryBulk,2026-09-22
2026-06-05,13.806524276733398,14.630000114440918,14.210000038146973,14.670000076293945,14.210000038146973,255000,HSHP,DryBulk,2026-09-22
2026-06-08,13.532848358154297,14.34000015258789,14.59000015258789,14.670000076293945,14.149999618530273,258200,HSHP,DryBulk,2026-09-22
2026-06-09,13.787650108337402,14.609999656677246,14.430000305175781,14.739999771118164,14.369999885559082,276000,HSHP,DryBulk,2026-09-22
2026-06-10,13.900895118713379,14.729999542236328,14.550000190734863,14.800000190734863,14.489999771118164,303500,HSHP,DryBulk,2026-09-22
2026-06-11,13.938645362854004,14.770000457763672,14.609999656677246,14.899999618530273,14.5600004196167,231300,HSHP,DryBulk,2026-09-22
2026-06-12,14.36331558227539,15.220000267028809,14.970000267028809,15.305000305175781,14.920000076293945,234800,HSHP,DryBulk,2026-09-22
2026-06-15,14.108512878417969,14.949999809265137,15.15999984741211,15.15999984741211,14.736000061035156,271100,HSHP,DryBulk,2026-09-22
2026-06-16,13.787650108337402,14.609999656677246,15.020000457763672,15.0600004196167,14.430000305175781,168800,HSHP,DryBulk,2026-09-22
2026-06-17,13.485662460327148,14.289999961853027,14.670000076293945,14.734999656677246,14.270000457763672,204000,HSHP,DryBulk,2026-09-22
2026-06-18,13.079864501953125,13.859999656677246,13.930000305175781,14.130000114440918,13.600000381469727,392000,HSHP,DryBulk,2026-09-22
2026-06-22,13.741530418395996,14.329999923706055,13.90999984741211,14.390000343322754,13.899999618530273,263000,HSHP,DryBulk,2026-09-22
2026-06-23,14.134693145751953,14.739999771118164,14.399999618530273,14.75,14.395000457763672,261800,HSHP,DryBulk,2026-09-22
2026-06-24,13.473029136657715,14.050000190734863,14.539999961853027,14.59000015258789,13.989999771118164,162600,HSHP,DryBulk,2026-09-22
2026-06-25,13.146990776062012,13.710000038146973,13.9399995803833,14.09000015258789,13.640000343322754,156200,HSHP,DryBulk,2026-09-22
2026-06-26,12.753828048706055,13.300000190734863,13.279999732971191,13.369999885559082,12.930000305175781,1501100,HSHP,DryBulk,2026-09-22
2026-06-29,12.715471267700195,13.260000228881836,13.40999984741211,13.5,13.220000267028809,263600,HSHP,DryBulk,2026-09-22
2026-06-30,12.81136417388916,13.359999656677246,13.550000190734863,13.5600004196167,13.164999961853027,298900,HSHP,DryBulk,2026-09-22
2026-07-01,12.84972095489502,13.399999618530273,13.289999961853027,13.640000343322754,13.289999961853027,183600,HSHP,DryBulk,2026-09-22
2026-07-02,13.559332847595215,14.140000343322754,14.130000114440918,14.5,14.039999961853027,333700,HSHP,DryBulk,2026-09-22
2026-07-06,14.211407661437988,14.819999694824219,14.430000305175781,15.0,14.399999618530273,253800,HSHP,DryBulk,2026-09-22
2026-07-07,14.249764442443848,14.859999656677246,14.739999771118164,14.98900032043457,14.6899995803833,388500,HSHP,DryBulk,2026-09-22
2026-07-08,14.652518272399902,15.279999732971191,15.09000015258789,15.34000015258789,14.920000076293945,239600,HSHP,DryBulk,2026-09-22
2026-07-09,14.11551570892334,14.720000267028809,15.100000381469727,15.130000114440918,14.324999809265137,390800,HSHP,DryBulk,2026-09-22
2026-07-10,14.652518272399902,15.279999732971191,14.5600004196167,15.289999961853027,14.5600004196167,249000,HSHP,DryBulk,2026-09-22
2026-07-13,14.4127836227417,15.029999732971191,15.5,15.65999984741211,15.0,366900,HSHP,DryBulk,2026-09-22
2026-07-14,15.045680046081543,15.6899995803833,15.699999809265137,15.899999618530273,15.609999656677246,361600,HSHP,DryBulk,2026-09-22
2026-07-15,14.95937728881836,15.600000381469727,15.65999984741211,15.6899995803833,15.3100004196167,207700,HSHP,DryBulk,2026-09-22
2026-07-16,14.738821983337402,15.369999885559082,15.260000228881836,15.729999542236328,15.260000228881836,320300,HSHP,DryBulk,2026-09-22
2026-07-17,14.19402027130127,14.59000015258789,15.100000381469727,15.135000228881836,14.579999923706055,318700,HSHP,DryBulk,2026-09-22
2026-07-20,14.3204927444458,14.720000267028809,14.470000267028809,14.989999771118164,14.470000267028809,299800,HSHP,DryBulk,2026-09-22
2026-07-21,15.05986499786377,15.479999542236328,14.920000076293945,15.479999542236328,14.739999771118164,220400,HSHP,DryBulk,2026-09-22
2026-07-22,15.127965927124023,15.550000190734863,15.65999984741211,15.770000457763672,15.460000038146973,211600,HSHP,DryBulk,2026-09-22
2026-07-23,15.536566734313965,15.970000267028809,15.569999694824219,15.979999542236328,15.569999694824219,194400,HSHP,DryBulk,2026-09-22
2026-07-24,15.682496070861816,16.1200008392334,15.970000267028809,16.280000686645508,15.720000267028809,339200,HSHP,DryBulk,2026-09-22
2026-07-27,15.05013656616211,15.470000267028809,15.5600004196167,15.654999732971191,15.164999961853027,383700,HSHP,DryBulk,2026-09-22
2026-07-28,14.865293502807617,15.279999732971191,15.270000457763672,15.404999732971191,15.039999961853027,297500,HSHP,DryBulk,2026-09-22
2026-07-29,14.22320556640625,14.619999885559082,15.40999984741211,15.40999984741211,14.600000381469727,338600,HSHP,DryBulk,2026-09-22
2026-07-30,15.118236541748047,15.539999961853027,14.90999984741211,15.600000381469727,14.90999984741211,209000,HSHP,DryBulk,2026-09-22
2026-07-31,15.283622741699219,15.710000038146973,15.5600004196167,15.84000015258789,15.4399995803833,334100,HSHP,DryBulk,2026-09-22
2026-08-03,15.507380485534668,15.9399995803833,15.930000305175781,16.030000686645508,15.489999771118164,234300,HSHP,DryBulk,2026-09-22
2026-08-04,15.196065902709961,15.619999885559082,16.0,16.0,15.449999809265137,324900,HSHP,DryBulk,2026-09-22
2026-08-05,15.05013656616211,15.470000267028809,16.100000381469727,16.110000610351562,15.420000076293945,257400,HSHP,DryBulk,2026-09-22
2026-08-06,15.098779678344727,15.520000457763672,15.600000381469727,15.803999900817871,15.4399995803833,334800,HSHP,DryBulk,2026-09-22
2026-08-07,15.43928050994873,15.869999885559082,15.729999542236328,15.90999984741211,15.5,242200,HSHP,DryBulk,2026-09-22
2026-08-10,14.894479751586914,15.3100004196167,15.819999694824219,15.9350004196167,15.300000190734863,264700,HSHP,DryBulk,2026-09-22
2026-08-11,15.089051246643066,15.510000228881836,15.880000114440918,15.880000114440918,15.270000457763672,346600,HSHP,DryBulk,2026-09-22
2026-08-12,14.515064239501953,14.920000076293945,14.930000305175781,15.109999656677246,14.520000457763672,629800,HSHP,DryBulk,2026-09-22
2026-08-13,15.147421836853027,15.569999694824219,15.550000190734863,15.899999618530273,15.425000190734863,302500,HSHP,DryBulk,2026-09-22
2026-08-14,15.672767639160156,16.110000610351562,15.770000457763672,16.15999984741211,15.710000038146973,218600,HSHP,DryBulk,2026-09-22
2026-08-17,15.896525382995605,16.34000015258789,16.350000381469727,16.489999771118164,16.190000534057617,479400,HSHP,DryBulk,2026-09-22
2026-08-18,15.400365829467773,15.829999923706055,16.040000915527344,16.110000610351562,15.380000114440918,520300,HSHP,DryBulk,2026-09-22
2026-08-19,15.585209846496582,16.020000457763672,16.25,16.389999389648438,15.989999771118164,213400,HSHP,DryBulk,2026-09-22
2026-08-20,15.900859832763672,16.1200008392334,16.56999969482422,16.56999969482422,16.020000457763672,316900,HSHP,DryBulk,2026-09-22
2026-08-21,16.364469528198242,16.59000015258789,16.760000228881836,17.059999465942383,16.540000915527344,399300,HSHP,DryBulk,2026-09-22
2026-08-24,16.31515121459961,16.540000915527344,16.4950008392334,16.649999618530273,16.350000381469727,228500,HSHP,DryBulk,2026-09-22
2026-08-25,16.47297477722168,16.700000762939453,16.520000457763672,16.700000762939453,16.239999771118164,225100,HSHP,DryBulk,2026-09-22
2026-08-26,15.683849334716797,15.899999618530273,16.530000686645508,16.530000686645508,15.8100004196167,227000,HSHP,DryBulk,2026-09-22
2026-08-27,16.078411102294922,16.299999237060547,15.960000038146973,16.3799991607666,15.9399995803833,236700,HSHP,DryBulk,2026-09-22
2026-08-28,16.47297477722168,16.700000762939453,16.639999389648438,16.799999237060547,16.520000457763672,226900,HSHP,DryBulk,2026-09-22
2026-08-31,16.51243019104004,16.739999771118164,16.690000534057617,16.889999389648438,16.489999771118164,296300,HSHP,DryBulk,2026-09-22
2026-09-01,16.77876091003418,17.010000228881836,16.770000457763672,17.09000015258789,16.760000228881836,275400,HSHP,DryBulk,2026-09-22
2026-09-02,17.410058975219727,17.649999618530273,17.260000228881836,17.729999542236328,17.1299991607666,363700,HSHP,DryBulk,2026-09-22
2026-09-03,17.686254501342773,17.93000030517578,17.709999084472656,18.020000457763672,17.600000381469727,510700,HSHP,DryBulk,2026-09-22
2026-09-04,18.100543975830078,18.350000381469727,18.06999969482422,18.719999313354492,18.06999969482422,526300,HSHP,DryBulk,2026-09-22
2026-09-08,17.91312599182129,18.15999984741211,18.790000915527344,18.860000610351562,18.1299991607666,478600,HSHP,DryBulk,2026-09-22
2026-09-09,17.79475975036621,18.040000915527344,18.264999389648438,18.459999084472656,17.84000015258789,555100,HSHP,DryBulk,2026-09-22
2026-09-10,17.705982208251953,17.950000762939453,17.850000381469727,18.19499969482422,17.767000198364258,431800,HSHP,DryBulk,2026-09-22
2026-09-11,17.844078063964844,18.09000015258789,17.979999542236328,18.309999465942383,17.809999465942383,636800,HSHP,DryBulk,2026-09-22
2026-09-14,17.863807678222656,18.110000610351562,17.829999923706055,18.21299934387207,17.540000915527344,524900,HSHP,DryBulk,2026-09-22
2026-09-15,18.110408782958984,18.360000610351562,17.93000030517578,18.3700008392334,17.93000030517578,429300,HSHP,DryBulk,2026-09-22
2026-09-16,18.139999389648438,18.389999389648438,18.200000762939453,18.700000762939453,18.18000030517578,574700,HSHP,DryBulk,2026-09-22
2026-09-17,19.329999923706055,19.329999923706055,18.700000762939453,19.5,18.649999618530273,668200,HSHP,DryBulk,2026-09-22
2026-09-18,19.229999542236328,19.229999542236328,19.030000686645508,19.25,18.670000076293945,831700,HSHP,DryBulk,2026-09-22
2026-09-21,18.860000610351562,18.860000610351562,18.850000381469727,19.549999237060547,18.559999465942383,889200,HSHP,DryBulk,2026-09-22
